,Name,Corn,Sorghum,Soybeans,Sunflower,Sweet Corn,Barley,Winter Wheat,Rye,Oats,Alfalfa,Other Hay/Non Alfalfa,Buckwheat,Dry Beans,Peas,Clover/Wildflowers,Fallow/Idle Cropland,Apples,Grapes,Christmas Trees,Pears,Open Water,Developed/Open Space,Developed/Low Intensity,Developed/Med Intensity,Developed/High Intensity,Barren,Deciduous Forest,Evergreen Forest,Mixed Forest,Shrubland,Grassland/Pasture,Woody Wetlands,Herbaceous Wetlands,Pumpkins,Blueberries,Cabbage,Total,Ag,Ag_Prop,Nat,Nat_Prop,Semi_Nat,Semi_Nat_Prop,Dev,Dev_Prop,Other,Other_Prop,Forest_Prop,Total_Nat_Prop,Buffer
0,Y1,437,0,101,0,0,0,605,0,7,30,4,0,0,0,0,0,31,8,0,0,0,6,0,0,0,0,199,0,23,0,63,29,0,0,1,65,1609,1285,0.7986326911124922,251,0.1559975139838409,63,0.03915475450590429,6,0.0037290242386575512,0,0.0,0.1379738968303294,0.1951522684897452,500
1,Y2,915,0,34,0,0,2,7,0,0,20,22,0,0,0,0,2,0,0,0,0,0,87,37,2,0,4,164,1,9,2,287,30,0,0,0,0,1625,978,0.6018461538461538,210,0.12923076923076923,287,0.17661538461538462,130,0.08,0,0.0,0.10707692307692308,0.3058461538461539,500
2,Y3,193,18,105,2,21,2,38,0,1,79,42,2,1,2,5,5,0,0,0,0,0,57,78,34,8,12,425,40,10,5,374,63,0,6,1,0,1629,476,0.2922038060159607,555,0.3406998158379374,374,0.22958870472682627,189,0.11602209944751381,0,0.0,0.29158993247391035,0.5702885205647636,500
3,Y4,59,0,165,0,1,0,30,0,0,29,148,0,12,4,0,1,76,8,4,4,0,23,8,0,0,9,233,0,17,0,668,127,0,0,0,2,1628,394,0.24201474201474202,386,0.2371007371007371,668,0.4103194103194103,40,0.02457002457002457,0,0.0,0.15356265356265356,0.6474201474201474,500
4,Y5,87,0,7,0,3,0,9,45,0,85,42,0,0,0,2,2,0,0,0,0,1,23,71,33,1,4,179,129,226,3,519,122,6,0,0,0,1599,238,0.14884302689180737,669,0.41838649155722324,519,0.324577861163227,132,0.0825515947467167,1,0.0006253908692933083,0.3339587242026266,0.7429643527204502,500
