,Name,Corn,Soybeans,Sweet Corn,Barley,Winter Wheat,Alfalfa,Other Hay/Non Alfalfa,Apples,Grapes,Developed/Low Intensity,Developed/Med Intensity,Developed/High Intensity,Deciduous Forest,Grassland/Pasture,Woody Wetlands,Total,Ag,Ag_Prop,Nat,Nat_Prop,Semi_Nat,Semi_Nat_Prop,Dev,Dev_Prop,Other,Other_Prop,Forest_Prop,Total_Nat_Prop,Buffer
0,Y1,2,2,0,0,15,5,1,2,2,0,0,0,27,5,4,65,28,0.4307692307692308,31,0.47692307692307695,5,0.07692307692307693,0,0.0,0.0,0.0,0.4153846153846154,0.5538461538461539,100
1,Y2,28,6,0,1,0,2,1,0,0,0,0,0,12,13,1,64,37,0.578125,13,0.203125,13,0.203125,0,0.0,0.0,0.0,0.1875,0.40625,100
2,Y3,20,11,6,0,0,12,0,0,0,0,0,0,3,11,1,64,49,0.765625,4,0.0625,11,0.171875,0,0.0,0.0,0.0,0.046875,0.234375,100
3,Y4,12,6,0,0,1,0,0,0,0,0,0,0,16,9,22,66,19,0.2878787878787879,38,0.5757575757575758,9,0.13636363636363635,0,0.0,0.0,0.0,0.24242424242424243,0.7121212121212122,100
4,Y5,28,0,1,0,0,9,1,0,0,1,3,1,0,18,0,62,38,0.6129032258064516,0,0.0,18,0.2903225806451613,5,0.08064516129032258,0.0,0.0,0.0,0.2903225806451613,100
