,Name,Corn,Sorghum,Soybeans,Sunflower,Sweet Corn,Barley,Spring Wheat,Winter Wheat,Rye,Oats,Alfalfa,Other Hay/Non Alfalfa,Buckwheat,Dry Beans,Potatoes,Onions,Peas,Clover/Wildflowers,Fallow/Idle Cropland,Apples,Grapes,Christmas Trees,Pears,Open Water,Developed/Open Space,Developed/Low Intensity,Developed/Med Intensity,Developed/High Intensity,Barren,Deciduous Forest,Evergreen Forest,Mixed Forest,Shrubland,Grassland/Pasture,Woody Wetlands,Herbaceous Wetlands,Triticale,Pumpkins,Blueberries,Cabbage,Total,Ag,Ag_Prop,Nat,Nat_Prop,Semi_Nat,Semi_Nat_Prop,Dev,Dev_Prop,Other,Other_Prop,Forest_Prop,Total_Nat_Prop,Buffer
0,Y1,2134,0,705,0,0,0,0,1830,2,41,329,18,0,4,0,0,0,1,6,34,23,0,0,0,206,120,27,2,7,407,0,34,3,279,64,5,0,0,1,162,6444,5266,0.8171942892613284,520,0.08069522036002483,279,0.04329608938547486,362,0.05617628801986344,0,0.0,0.06843575418994413,0.12399130974549968,1000
1,Y2,1975,0,57,0,4,3,0,35,2,0,74,82,0,0,0,0,0,1,4,0,0,3,0,318,669,503,68,0,12,536,8,25,9,1509,591,18,2,0,2,0,6510,2158,0.3314900153609831,1199,0.18417818740399386,1509,0.23179723502304148,1252,0.1923195084485407,318,0.04884792626728111,0.08740399385560677,0.41597542242703534,1000
2,Y3,308,67,335,4,80,5,3,179,4,77,221,133,2,1,2,0,2,7,7,0,0,6,0,555,291,322,99,16,19,1682,205,80,21,1210,531,25,6,14,2,0,6521,1325,0.20318969483208096,2563,0.39303787762613096,1210,0.18555436282778714,747,0.11455298267136942,555,0.08510964575985279,0.3016408526299647,0.5785922404539181,1000
3,Y4,204,0,610,0,1,0,0,86,8,3,195,459,0,39,0,1,4,0,1,155,8,13,16,13,369,181,16,8,136,1172,4,90,4,1850,865,6,0,0,3,3,6523,1349,0.2068066840410854,2277,0.3490725126475548,1850,0.2836118350452246,710,0.10884562317951862,13,0.001992948030047524,0.19408247738770504,0.6326843476927794,1000
4,Y5,261,0,9,0,17,0,0,29,80,3,162,92,0,0,0,0,0,2,2,0,0,0,0,5,119,158,130,1,6,1395,806,1694,8,828,562,18,0,0,0,0,6387,563,0.08814780021919524,4489,0.7028338813214342,828,0.12963832785345233,414,0.06481916392672617,5,0.0007828401440425865,0.6098324722091749,0.8324722091748865,1000
