,Name,Corn,Soybeans,Sweet Corn,Barley,Winter Wheat,Rye,Oats,Alfalfa,Other Hay/Non Alfalfa,Buckwheat,Dry Beans,Peas,Clover/Wildflowers,Fallow/Idle Cropland,Apples,Grapes,Christmas Trees,Developed/Open Space,Developed/Low Intensity,Developed/Med Intensity,Developed/High Intensity,Barren,Deciduous Forest,Evergreen Forest,Mixed Forest,Shrubland,Grassland/Pasture,Woody Wetlands,Blueberries,Cabbage,Total,Ag,Ag_Prop,Nat,Nat_Prop,Semi_Nat,Semi_Nat_Prop,Dev,Dev_Prop,Other,Other_Prop,Forest_Prop,Total_Nat_Prop,Buffer
0,Y1,69,15,0,0,146,0,3,15,3,0,0,0,0,0,8,7,0,0,0,0,0,0,84,0,3,0,28,8,1,16,406,280,0.6896551724137931,95,0.23399014778325122,28,0.06896551724137931,0,0.0,0.0,0.0,0.21428571428571427,0.30295566502463056,250
1,Y2,243,13,0,2,5,0,0,10,15,0,0,0,0,2,0,0,0,2,0,0,0,0,19,0,0,0,94,1,0,0,406,273,0.6724137931034483,20,0.04926108374384237,94,0.2315270935960591,2,0.0049261083743842365,0.0,0.0,0.046798029556650245,0.28078817733990147,250
2,Y3,87,45,14,0,2,0,0,32,6,2,0,2,0,1,0,0,0,1,5,0,0,0,122,1,3,1,80,6,0,0,410,184,0.44878048780487806,133,0.32439024390243903,80,0.1951219512195122,6,0.014634146341463415,0.0,0.0,0.3073170731707317,0.5195121951219512,250
3,Y4,24,81,0,0,12,0,0,2,7,0,5,4,0,1,7,0,1,0,0,0,0,0,83,0,4,0,129,48,0,2,410,138,0.33658536585365856,135,0.32926829268292684,129,0.3146341463414634,0,0.0,0.0,0.0,0.2121951219512195,0.6439024390243903,250
4,Y5,39,7,3,0,8,17,0,48,23,0,0,0,1,0,0,0,0,8,35,14,1,2,7,1,5,0,174,10,0,0,403,123,0.3052109181141439,25,0.062034739454094295,174,0.4317617866004963,60,0.1488833746898263,0.0,0.0,0.03225806451612903,0.49379652605459057,250
