,Name,Corn,Sorghum,Soybeans,Sunflower,Sweet Corn,Barley,Spring Wheat,Winter Wheat,Rye,Oats,Alfalfa,Other Hay/Non Alfalfa,Buckwheat,Dry Beans,Potatoes,Onions,Peas,Clover/Wildflowers,Sod/Grass Seed,Fallow/Idle Cropland,Cherries,Apples,Grapes,Christmas Trees,Pears,Open Water,Developed/Open Space,Developed/Low Intensity,Developed/Med Intensity,Developed/High Intensity,Barren,Deciduous Forest,Evergreen Forest,Mixed Forest,Shrubland,Grassland/Pasture,Woody Wetlands,Herbaceous Wetlands,Triticale,Squash,Dbl Crop Triticale/Corn,Pumpkins,Blueberries,Cabbage,Total,Ag,Ag_Prop,Nat,Nat_Prop,Semi_Nat,Semi_Nat_Prop,Dev,Dev_Prop,Other,Other_Prop,Forest_Prop,Total_Nat_Prop,Buffer
0,Y1,4585,0,2239,0,2,0,0,3311,14,256,1200,96,0,7,0,0,1,5,0,18,0,35,38,2,0,0,395,188,40,4,7,1054,0,67,3,585,165,5,9,0,0,0,1,162,14494,11867,0.8187525872774941,1301,0.08976128052987443,585,0.04036152890851387,634,0.04374223816751759,0,0.0,0.07734234855802401,0.1301228094383883,1500
1,Y2,2710,1,224,2,26,3,1,88,8,5,145,200,0,0,0,2,0,6,0,9,0,0,2,6,0,710,1883,1297,288,133,18,1746,52,72,23,2852,2042,96,2,0,0,0,2,0,14654,3233,0.2206223556708066,4049,0.27630681042718713,2852,0.19462262863382013,3619,0.2469632864746827,710,0.04845093489832128,0.12761020881670534,0.47092943906100726,1500
2,Y3,562,115,1596,14,127,11,8,262,40,126,381,224,4,9,2,1,2,13,3,18,0,8,0,10,0,2152,911,761,196,19,23,2992,376,183,39,2131,1257,45,8,3,3,30,4,3,14672,3345,0.22798527808069793,4915,0.3349918211559433,2131,0.14524263904034895,1910,0.13017993456924754,2152,0.14667393675027263,0.242025627044711,0.48023446019629223,1500
3,Y4,1019,0,954,0,6,0,0,287,8,6,328,645,0,68,4,1,8,0,0,13,2,177,9,24,16,29,801,334,78,35,1120,2680,93,293,9,3771,1770,71,0,6,0,0,3,3,14671,2929,0.19964555926658034,6036,0.41142389748483404,3771,0.2570376934087656,2368,0.16140685706495808,29,0.0019766887056097064,0.20898370935859858,0.6684615908935996,1500
4,Y5,550,0,25,0,17,0,0,31,180,11,260,307,0,0,0,0,0,2,1,7,0,0,0,0,0,14,441,346,211,4,8,4981,1139,3096,16,1878,825,21,0,0,0,0,0,0,14371,1077,0.07494259272145293,10086,0.7018300744555006,1878,0.13067984134715746,1010,0.07028042585762995,14,0.000974184120798831,0.641291489805859,0.8325099158026581,1500
