Name,Longitude,Latitude,Elevation (ft),Date,ppt (inches),tmean (degrees F)
CER_DEL_1,-74.968,42.2073,1299,1/1/26,0.14,18.7
CER_DEL_1,-74.968,42.2073,1299,1/2/26,0,9.2
CER_DEL_1,-74.968,42.2073,1299,1/3/26,0,15.4
CER_DEL_1,-74.968,42.2073,1299,1/4/26,0.03,17.7
CER_DEL_1,-74.968,42.2073,1299,1/5/26,0.03,18.8
CER_DEL_1,-74.968,42.2073,1299,1/6/26,0.04,24.5
CER_DEL_1,-74.968,42.2073,1299,1/7/26,0.25,34.2
CER_DEL_1,-74.968,42.2073,1299,1/8/26,0.05,35
CER_DEL_1,-74.968,42.2073,1299,1/9/26,0,34.1
CER_DEL_1,-74.968,42.2073,1299,1/10/26,0.07,38.8
CER_DEL_1,-74.968,42.2073,1299,1/11/26,0.16,36.6
CER_DEL_1,-74.968,42.2073,1299,1/12/26,0.04,29.6
CER_DEL_1,-74.968,42.2073,1299,1/13/26,0,30.1
CER_DEL_1,-74.968,42.2073,1299,1/14/26,0,35.3
CER_DEL_1,-74.968,42.2073,1299,1/15/26,0.35,39.2
CER_DEL_1,-74.968,42.2073,1299,1/16/26,0.05,23
CER_DEL_1,-74.968,42.2073,1299,1/17/26,0.05,19.9
CER_DEL_1,-74.968,42.2073,1299,1/18/26,0.17,25.2
CER_DEL_1,-74.968,42.2073,1299,1/19/26,0.1,21.3
CER_DEL_1,-74.968,42.2073,1299,1/20/26,0.01,14.4
CER_DEL_1,-74.968,42.2073,1299,1/21/26,0,5.4
CER_DEL_1,-74.968,42.2073,1299,1/22/26,0.01,14.8
CER_DEL_1,-74.968,42.2073,1299,1/23/26,0.05,23.9
CER_DEL_1,-74.968,42.2073,1299,1/24/26,0,11.2
CER_DEL_1,-74.968,42.2073,1299,1/25/26,0,2.3
CER_DEL_1,-74.968,42.2073,1299,1/26/26,1.16,10.3
CER_DEL_1,-74.968,42.2073,1299,1/27/26,0,9.2
CER_DEL_1,-74.968,42.2073,1299,1/28/26,0,6.6
CER_DEL_1,-74.968,42.2073,1299,1/29/26,0,5.5
CER_DEL_1,-74.968,42.2073,1299,1/30/26,0,4.1
CER_DEL_1,-74.968,42.2073,1299,1/31/26,0,2.4
CER_DEL_1,-74.968,42.2073,1299,2/1/26,0,4.6
CER_DEL_1,-74.968,42.2073,1299,2/2/26,0,1.2
CER_DEL_1,-74.968,42.2073,1299,2/3/26,0,7.9
CER_DEL_1,-74.968,42.2073,1299,2/4/26,0,9.7
CER_DEL_1,-74.968,42.2073,1299,2/5/26,0,13.2
CER_DEL_1,-74.968,42.2073,1299,2/6/26,0,13.7
CER_DEL_1,-74.968,42.2073,1299,2/7/26,0.13,15.9
CER_DEL_1,-74.968,42.2073,1299,2/8/26,0,-3.4
CER_DEL_1,-74.968,42.2073,1299,2/9/26,0,-2.5
CER_DEL_1,-74.968,42.2073,1299,2/10/26,0,6.4
CER_DEL_1,-74.968,42.2073,1299,2/11/26,0.04,24.7
CER_DEL_1,-74.968,42.2073,1299,2/12/26,0.06,25.7
CER_DEL_1,-74.968,42.2073,1299,2/13/26,0,19.5
CER_DEL_1,-74.968,42.2073,1299,2/14/26,0,20.9
CER_DEL_1,-74.968,42.2073,1299,2/15/26,0,26.5
CER_DEL_1,-74.968,42.2073,1299,2/16/26,0,32.4
CER_DEL_1,-74.968,42.2073,1299,2/17/26,0,33.9
CER_DEL_1,-74.968,42.2073,1299,2/18/26,0,36.2
CER_DEL_1,-74.968,42.2073,1299,2/19/26,0.4,32.8
CER_DEL_1,-74.968,42.2073,1299,2/20/26,0,34.4
CER_DEL_1,-74.968,42.2073,1299,2/21/26,0.33,33.9
CER_DEL_1,-74.968,42.2073,1299,2/22/26,0.02,31.9
CER_DEL_1,-74.968,42.2073,1299,2/23/26,0.15,30.4
CER_DEL_1,-74.968,42.2073,1299,2/24/26,0.07,21.5
CER_DEL_1,-74.968,42.2073,1299,2/25/26,0.13,13.9
CER_DEL_1,-74.968,42.2073,1299,2/26/26,0.05,29.5
CER_DEL_1,-74.968,42.2073,1299,2/27/26,0,20.1
CER_DEL_1,-74.968,42.2073,1299,2/28/26,0,27
CER_DEL_1,-74.968,42.2073,1299,3/1/26,0.02,37.4
CER_DEL_1,-74.968,42.2073,1299,3/2/26,0,16.1
CER_DEL_1,-74.968,42.2073,1299,3/3/26,0,16.7
CER_DEL_1,-74.968,42.2073,1299,3/4/26,0.58,29.7
CER_DEL_1,-74.968,42.2073,1299,3/5/26,0,40.5
CER_DEL_1,-74.968,42.2073,1299,3/6/26,0.84,36.6
CER_DEL_1,-74.968,42.2073,1299,3/7/26,0,37.1
CER_DEL_1,-74.968,42.2073,1299,3/8/26,0.15,46.5
CER_DEL_1,-74.968,42.2073,1299,3/9/26,0,45.6
CER_DEL_1,-74.968,42.2073,1299,3/10/26,0,50.2
CER_DEL_1,-74.968,42.2073,1299,3/11/26,0,55.1
CER_DEL_1,-74.968,42.2073,1299,3/12/26,0.3,54.2
CER_DEL_1,-74.968,42.2073,1299,3/13/26,0.1,25.9
CER_DEL_1,-74.968,42.2073,1299,3/14/26,0.13,27.4
CER_DEL_1,-74.968,42.2073,1299,3/15/26,0.01,27.4
CER_DEL_1,-74.968,42.2073,1299,3/16/26,0.05,37.9
CER_DEL_1,-74.968,42.2073,1299,3/17/26,1.26,43.3
CER_DEL_1,-74.968,42.2073,1299,3/18/26,0,19.9
CER_DEL_1,-74.968,42.2073,1299,3/19/26,0.01,22.1
CER_DEL_1,-74.968,42.2073,1299,3/20/26,0,33.7
CER_DEL_1,-74.968,42.2073,1299,3/21/26,0.56,38.4
CER_DEL_1,-74.968,42.2073,1299,3/22/26,0,36.6
CER_DEL_1,-74.968,42.2073,1299,3/23/26,0.59,40.1
CER_DEL_1,-74.968,42.2073,1299,3/24/26,0,27.8
CER_DEL_1,-74.968,42.2073,1299,3/25/26,0,33
CER_DEL_1,-74.968,42.2073,1299,3/26/26,0.02,38.6
CER_DEL_1,-74.968,42.2073,1299,3/27/26,0.58,51.7
CER_DEL_1,-74.968,42.2073,1299,3/28/26,0,27.6
CER_DEL_1,-74.968,42.2073,1299,3/29/26,0,25.1
CER_DEL_1,-74.968,42.2073,1299,3/30/26,0,37.4
CER_DEL_1,-74.968,42.2073,1299,3/31/26,0.17,56.1
CER_DEL_1,-74.968,42.2073,1299,4/1/26,1.01,61.7
CER_DEL_1,-74.968,42.2073,1299,4/2/26,0.42,48.2
CER_DEL_1,-74.968,42.2073,1299,4/3/26,0.11,41.4
CER_DEL_1,-74.968,42.2073,1299,4/4/26,0.03,54.8
CER_DEL_1,-74.968,42.2073,1299,4/5/26,0.01,54.1
CER_DEL_1,-74.968,42.2073,1299,4/6/26,0.22,40.9
CER_DEL_1,-74.968,42.2073,1299,4/7/26,0.04,35.7
CER_DEL_1,-74.968,42.2073,1299,4/8/26,0.03,25
CER_DEL_1,-74.968,42.2073,1299,4/9/26,0,35.2
CER_DEL_1,-74.968,42.2073,1299,4/10/26,0,47.8
CER_DEL_1,-74.968,42.2073,1299,4/11/26,0.13,55.2
CER_DEL_1,-74.968,42.2073,1299,4/12/26,0,37.7
CER_DEL_1,-74.968,42.2073,1299,4/13/26,0,44.6
CER_DEL_1,-74.968,42.2073,1299,4/14/26,0.08,63.4
CER_DEL_1,-74.968,42.2073,1299,4/15/26,0.09,66.2
CER_DEL_1,-74.968,42.2073,1299,4/16/26,0.8,67.5
CER_DEL_1,-74.968,42.2073,1299,4/17/26,0.08,69.4
CER_DEL_1,-74.968,42.2073,1299,4/18/26,0.04,58.4
CER_DEL_1,-74.968,42.2073,1299,4/19/26,0.21,56.4
CER_DEL_1,-74.968,42.2073,1299,4/20/26,0.21,35.2
CER_DEL_1,-74.968,42.2073,1299,4/21/26,0.02,28.7
CER_DEL_1,-74.968,42.2073,1299,4/22/26,0.04,36.3
CER_DEL_1,-74.968,42.2073,1299,4/23/26,0,46.1
CER_DEL_1,-74.968,42.2073,1299,4/24/26,0,52.6
CER_DEL_1,-74.968,42.2073,1299,4/25/26,0,52.1
CER_DEL_1,-74.968,42.2073,1299,4/26/26,0.85,41.5
CER_DEL_1,-74.968,42.2073,1299,4/27/26,0,48.4
CER_DEL_1,-74.968,42.2073,1299,4/28/26,0,57.1
CER_DEL_1,-74.968,42.2073,1299,4/29/26,0.02,56.6
CER_DEL_1,-74.968,42.2073,1299,4/30/26,0.41,52.9
CER_DEL_1,-74.968,42.2073,1299,5/1/26,0.01,42.4
CER_DEL_1,-74.968,42.2073,1299,5/2/26,0.2,46.5
CER_DEL_1,-74.968,42.2073,1299,5/3/26,0,40.3
CER_DEL_1,-74.968,42.2073,1299,5/4/26,0,43.7
CER_DEL_1,-74.968,42.2073,1299,5/5/26,0.01,58.3
CER_DEL_1,-74.968,42.2073,1299,5/6/26,0.19,65.5
CER_DEL_1,-74.968,42.2073,1299,5/7/26,0.55,47.4
CER_DEL_1,-74.968,42.2073,1299,5/8/26,0,45.6
CER_DEL_1,-74.968,42.2073,1299,5/9/26,0.22,44.6
CER_DEL_1,-74.968,42.2073,1299,5/10/26,0.31,48.7
CER_DEL_1,-74.968,42.2073,1299,5/11/26,0,48.2
CER_DEL_1,-74.968,42.2073,1299,5/12/26,0.02,42.2
CER_DEL_1,-74.968,42.2073,1299,5/13/26,0.1,49
CER_DEL_1,-74.968,42.2073,1299,5/14/26,0.73,52.4
CER_DEL_1,-74.968,42.2073,1299,5/15/26,0.02,48.2
CER_DEL_1,-74.968,42.2073,1299,5/16/26,0,50.6
CER_DEL_1,-74.968,42.2073,1299,5/17/26,0.03,62
CER_DEL_1,-74.968,42.2073,1299,5/18/26,0,70.1
CER_DEL_1,-74.968,42.2073,1299,5/19/26,0,76.4
CER_DEL_1,-74.968,42.2073,1299,5/20/26,0,77.4
CER_DEL_1,-74.968,42.2073,1299,5/21/26,0.02,60.9
CER_DEL_1,-74.968,42.2073,1299,5/22/26,0,48.7
CER_DEL_1,-74.968,42.2073,1299,5/23/26,0,55.1
CER_DEL_1,-74.968,42.2073,1299,5/24/26,0.79,49.3
CER_DEL_1,-74.968,42.2073,1299,5/25/26,0.23,53.1
CER_DEL_1,-74.968,42.2073,1299,5/26/26,0,59.2
CER_DEL_1,-74.968,42.2073,1299,5/27/26,0,66.2
CER_DEL_1,-74.968,42.2073,1299,5/28/26,0,64.5
CER_DEL_1,-74.968,42.2073,1299,5/29/26,0.04,53.9
CER_DEL_1,-74.968,42.2073,1299,5/30/26,0.02,55.8
CER_DEL_1,-74.968,42.2073,1299,5/31/26,0,49.9
CER_DEL_1,-74.968,42.2073,1299,6/1/26,0.02,56.2
CER_DEL_1,-74.968,42.2073,1299,6/2/26,0,51.7
CER_DEL_1,-74.968,42.2073,1299,6/3/26,0,56.8
CER_DEL_1,-74.968,42.2073,1299,6/4/26,0,61.2
CER_DEL_1,-74.968,42.2073,1299,6/5/26,0,63.7
CER_DEL_1,-74.968,42.2073,1299,6/6/26,0,70.6
CER_DEL_1,-74.968,42.2073,1299,6/7/26,0.03,70.8
CER_DEL_1,-74.968,42.2073,1299,6/8/26,0,60.8
CER_DEL_1,-74.968,42.2073,1299,6/9/26,0,64.8
CER_DEL_1,-74.968,42.2073,1299,6/10/26,0,73.2
CER_DEL_1,-74.968,42.2073,1299,6/11/26,0.07,73.7
CER_DEL_1,-74.968,42.2073,1299,6/12/26,0.34,79.2
CER_DEL_1,-74.968,42.2073,1299,6/13/26,0.29,71.3
CER_DEL_1,-74.968,42.2073,1299,6/14/26,0,67.6
CER_DEL_1,-74.968,42.2073,1299,6/15/26,0.72,67.6
CER_DEL_1,-74.968,42.2073,1299,6/16/26,0,52.8
CER_DEL_1,-74.968,42.2073,1299,6/17/26,0,59.1
CER_DEL_1,-74.968,42.2073,1299,6/18/26,0.04,64.5
CER_DEL_1,-74.968,42.2073,1299,6/19/26,0.41,67.9
CER_DEL_1,-74.968,42.2073,1299,6/20/26,0,64.6
CER_DEL_1,-74.968,42.2073,1299,6/21/26,0,58.9
CER_DEL_1,-74.968,42.2073,1299,6/22/26,0.04,62.1
CER_DEL_1,-74.968,42.2073,1299,6/23/26,1.11,57.6
CER_DEL_1,-74.968,42.2073,1299,6/24/26,0,61
CER_DEL_1,-74.968,42.2073,1299,6/25/26,0,62.4
CER_DEL_1,-74.968,42.2073,1299,6/26/26,0.68,64.7
CER_DEL_1,-74.968,42.2073,1299,6/27/26,0,67.7
CER_DEL_1,-74.968,42.2073,1299,6/28/26,0,69.1
CER_DEL_1,-74.968,42.2073,1299,6/29/26,0,69.9
CER_DEL_1,-74.968,42.2073,1299,6/30/26,0,72.3
,,,,,,
CER_DEL_2,-74.9767,42.205,1283,1/1/26,0.14,18.9
CER_DEL_2,-74.9767,42.205,1283,1/2/26,0,9.3
CER_DEL_2,-74.9767,42.205,1283,1/3/26,0,15.4
CER_DEL_2,-74.9767,42.205,1283,1/4/26,0.03,17.8
CER_DEL_2,-74.9767,42.205,1283,1/5/26,0.03,18.9
CER_DEL_2,-74.9767,42.205,1283,1/6/26,0.04,24.6
CER_DEL_2,-74.9767,42.205,1283,1/7/26,0.25,34.2
CER_DEL_2,-74.9767,42.205,1283,1/8/26,0.05,35
CER_DEL_2,-74.9767,42.205,1283,1/9/26,0,34.1
CER_DEL_2,-74.9767,42.205,1283,1/10/26,0.06,38.8
CER_DEL_2,-74.9767,42.205,1283,1/11/26,0.16,36.6
CER_DEL_2,-74.9767,42.205,1283,1/12/26,0.04,29.7
CER_DEL_2,-74.9767,42.205,1283,1/13/26,0,30.1
CER_DEL_2,-74.9767,42.205,1283,1/14/26,0,35.3
CER_DEL_2,-74.9767,42.205,1283,1/15/26,0.34,39.2
CER_DEL_2,-74.9767,42.205,1283,1/16/26,0.05,23.1
CER_DEL_2,-74.9767,42.205,1283,1/17/26,0.05,19.9
CER_DEL_2,-74.9767,42.205,1283,1/18/26,0.17,25.4
CER_DEL_2,-74.9767,42.205,1283,1/19/26,0.1,21.3
CER_DEL_2,-74.9767,42.205,1283,1/20/26,0.01,14.6
CER_DEL_2,-74.9767,42.205,1283,1/21/26,0,5.4
CER_DEL_2,-74.9767,42.205,1283,1/22/26,0.01,14.9
CER_DEL_2,-74.9767,42.205,1283,1/23/26,0.05,23.9
CER_DEL_2,-74.9767,42.205,1283,1/24/26,0,11.2
CER_DEL_2,-74.9767,42.205,1283,1/25/26,0,2.3
CER_DEL_2,-74.9767,42.205,1283,1/26/26,1.16,10.3
CER_DEL_2,-74.9767,42.205,1283,1/27/26,0,9.3
CER_DEL_2,-74.9767,42.205,1283,1/28/26,0,6.7
CER_DEL_2,-74.9767,42.205,1283,1/29/26,0,5.6
CER_DEL_2,-74.9767,42.205,1283,1/30/26,0,4.1
CER_DEL_2,-74.9767,42.205,1283,1/31/26,0,2.3
CER_DEL_2,-74.9767,42.205,1283,2/1/26,0,4.6
CER_DEL_2,-74.9767,42.205,1283,2/2/26,0,1
CER_DEL_2,-74.9767,42.205,1283,2/3/26,0,7.6
CER_DEL_2,-74.9767,42.205,1283,2/4/26,0,9.9
CER_DEL_2,-74.9767,42.205,1283,2/5/26,0,13.1
CER_DEL_2,-74.9767,42.205,1283,2/6/26,0,13.6
CER_DEL_2,-74.9767,42.205,1283,2/7/26,0.13,16
CER_DEL_2,-74.9767,42.205,1283,2/8/26,0,-3.4
CER_DEL_2,-74.9767,42.205,1283,2/9/26,0,-2.5
CER_DEL_2,-74.9767,42.205,1283,2/10/26,0,6.3
CER_DEL_2,-74.9767,42.205,1283,2/11/26,0.04,24.8
CER_DEL_2,-74.9767,42.205,1283,2/12/26,0.06,25.8
CER_DEL_2,-74.9767,42.205,1283,2/13/26,0,19.5
CER_DEL_2,-74.9767,42.205,1283,2/14/26,0,21
CER_DEL_2,-74.9767,42.205,1283,2/15/26,0,26.5
CER_DEL_2,-74.9767,42.205,1283,2/16/26,0,32.6
CER_DEL_2,-74.9767,42.205,1283,2/17/26,0,34.1
CER_DEL_2,-74.9767,42.205,1283,2/18/26,0,36.3
CER_DEL_2,-74.9767,42.205,1283,2/19/26,0.39,32.9
CER_DEL_2,-74.9767,42.205,1283,2/20/26,0,34.4
CER_DEL_2,-74.9767,42.205,1283,2/21/26,0.33,34
CER_DEL_2,-74.9767,42.205,1283,2/22/26,0.02,32.1
CER_DEL_2,-74.9767,42.205,1283,2/23/26,0.15,30.4
CER_DEL_2,-74.9767,42.205,1283,2/24/26,0.07,21.7
CER_DEL_2,-74.9767,42.205,1283,2/25/26,0.13,14
CER_DEL_2,-74.9767,42.205,1283,2/26/26,0.05,29.6
CER_DEL_2,-74.9767,42.205,1283,2/27/26,0,20.1
CER_DEL_2,-74.9767,42.205,1283,2/28/26,0,26.7
CER_DEL_2,-74.9767,42.205,1283,3/1/26,0.02,37.5
CER_DEL_2,-74.9767,42.205,1283,3/2/26,0,16.3
CER_DEL_2,-74.9767,42.205,1283,3/3/26,0,16.7
CER_DEL_2,-74.9767,42.205,1283,3/4/26,0.58,29.9
CER_DEL_2,-74.9767,42.205,1283,3/5/26,0,40.5
CER_DEL_2,-74.9767,42.205,1283,3/6/26,0.84,36.6
CER_DEL_2,-74.9767,42.205,1283,3/7/26,0,37.1
CER_DEL_2,-74.9767,42.205,1283,3/8/26,0.15,46.4
CER_DEL_2,-74.9767,42.205,1283,3/9/26,0,45.7
CER_DEL_2,-74.9767,42.205,1283,3/10/26,0,50.2
CER_DEL_2,-74.9767,42.205,1283,3/11/26,0,55.3
CER_DEL_2,-74.9767,42.205,1283,3/12/26,0.3,54.1
CER_DEL_2,-74.9767,42.205,1283,3/13/26,0.1,26
CER_DEL_2,-74.9767,42.205,1283,3/14/26,0.14,27.4
CER_DEL_2,-74.9767,42.205,1283,3/15/26,0.01,27.4
CER_DEL_2,-74.9767,42.205,1283,3/16/26,0.05,37.8
CER_DEL_2,-74.9767,42.205,1283,3/17/26,1.25,43.3
CER_DEL_2,-74.9767,42.205,1283,3/18/26,0,19.9
CER_DEL_2,-74.9767,42.205,1283,3/19/26,0.01,22.1
CER_DEL_2,-74.9767,42.205,1283,3/20/26,0,33.9
CER_DEL_2,-74.9767,42.205,1283,3/21/26,0.55,38.4
CER_DEL_2,-74.9767,42.205,1283,3/22/26,0,36.6
CER_DEL_2,-74.9767,42.205,1283,3/23/26,0.59,40.3
CER_DEL_2,-74.9767,42.205,1283,3/24/26,0,27.8
CER_DEL_2,-74.9767,42.205,1283,3/25/26,0,33
CER_DEL_2,-74.9767,42.205,1283,3/26/26,0.02,38.6
CER_DEL_2,-74.9767,42.205,1283,3/27/26,0.59,51.8
CER_DEL_2,-74.9767,42.205,1283,3/28/26,0,27.6
CER_DEL_2,-74.9767,42.205,1283,3/29/26,0,25.2
CER_DEL_2,-74.9767,42.205,1283,3/30/26,0,37.4
CER_DEL_2,-74.9767,42.205,1283,3/31/26,0.17,56.2
CER_DEL_2,-74.9767,42.205,1283,4/1/26,1.01,61.8
CER_DEL_2,-74.9767,42.205,1283,4/2/26,0.42,48.3
CER_DEL_2,-74.9767,42.205,1283,4/3/26,0.11,41.5
CER_DEL_2,-74.9767,42.205,1283,4/4/26,0.03,54.8
CER_DEL_2,-74.9767,42.205,1283,4/5/26,0.01,54
CER_DEL_2,-74.9767,42.205,1283,4/6/26,0.22,40.9
CER_DEL_2,-74.9767,42.205,1283,4/7/26,0.05,35.7
CER_DEL_2,-74.9767,42.205,1283,4/8/26,0.03,25.1
CER_DEL_2,-74.9767,42.205,1283,4/9/26,0,35.2
CER_DEL_2,-74.9767,42.205,1283,4/10/26,0,47.8
CER_DEL_2,-74.9767,42.205,1283,4/11/26,0.13,55.3
CER_DEL_2,-74.9767,42.205,1283,4/12/26,0,37.8
CER_DEL_2,-74.9767,42.205,1283,4/13/26,0,44.6
CER_DEL_2,-74.9767,42.205,1283,4/14/26,0.08,63.5
CER_DEL_2,-74.9767,42.205,1283,4/15/26,0.09,66.2
CER_DEL_2,-74.9767,42.205,1283,4/16/26,0.79,67.5
CER_DEL_2,-74.9767,42.205,1283,4/17/26,0.08,69.4
CER_DEL_2,-74.9767,42.205,1283,4/18/26,0.03,58.6
CER_DEL_2,-74.9767,42.205,1283,4/19/26,0.21,56.4
CER_DEL_2,-74.9767,42.205,1283,4/20/26,0.21,35.4
CER_DEL_2,-74.9767,42.205,1283,4/21/26,0.02,28.7
CER_DEL_2,-74.9767,42.205,1283,4/22/26,0.04,36.3
CER_DEL_2,-74.9767,42.205,1283,4/23/26,0,46.2
CER_DEL_2,-74.9767,42.205,1283,4/24/26,0,52.8
CER_DEL_2,-74.9767,42.205,1283,4/25/26,0,52.2
CER_DEL_2,-74.9767,42.205,1283,4/26/26,0.84,41.6
CER_DEL_2,-74.9767,42.205,1283,4/27/26,0,48.6
CER_DEL_2,-74.9767,42.205,1283,4/28/26,0,57.3
CER_DEL_2,-74.9767,42.205,1283,4/29/26,0.03,56.6
CER_DEL_2,-74.9767,42.205,1283,4/30/26,0.41,52.9
CER_DEL_2,-74.9767,42.205,1283,5/1/26,0.01,42.5
CER_DEL_2,-74.9767,42.205,1283,5/2/26,0.2,46.6
CER_DEL_2,-74.9767,42.205,1283,5/3/26,0,40.5
CER_DEL_2,-74.9767,42.205,1283,5/4/26,0,43.8
CER_DEL_2,-74.9767,42.205,1283,5/5/26,0.01,58.4
CER_DEL_2,-74.9767,42.205,1283,5/6/26,0.19,65.5
CER_DEL_2,-74.9767,42.205,1283,5/7/26,0.55,47.5
CER_DEL_2,-74.9767,42.205,1283,5/8/26,0,45.6
CER_DEL_2,-74.9767,42.205,1283,5/9/26,0.22,44.8
CER_DEL_2,-74.9767,42.205,1283,5/10/26,0.32,48.8
CER_DEL_2,-74.9767,42.205,1283,5/11/26,0,48.4
CER_DEL_2,-74.9767,42.205,1283,5/12/26,0.02,42.2
CER_DEL_2,-74.9767,42.205,1283,5/13/26,0.1,49
CER_DEL_2,-74.9767,42.205,1283,5/14/26,0.74,52.6
CER_DEL_2,-74.9767,42.205,1283,5/15/26,0.02,48.2
CER_DEL_2,-74.9767,42.205,1283,5/16/26,0,50.7
CER_DEL_2,-74.9767,42.205,1283,5/17/26,0.03,62.2
CER_DEL_2,-74.9767,42.205,1283,5/18/26,0,70.3
CER_DEL_2,-74.9767,42.205,1283,5/19/26,0,76.5
CER_DEL_2,-74.9767,42.205,1283,5/20/26,0,77.3
CER_DEL_2,-74.9767,42.205,1283,5/21/26,0.02,61
CER_DEL_2,-74.9767,42.205,1283,5/22/26,0,48.8
CER_DEL_2,-74.9767,42.205,1283,5/23/26,0,55.2
CER_DEL_2,-74.9767,42.205,1283,5/24/26,0.79,49.3
CER_DEL_2,-74.9767,42.205,1283,5/25/26,0.23,53.1
CER_DEL_2,-74.9767,42.205,1283,5/26/26,0,59.4
CER_DEL_2,-74.9767,42.205,1283,5/27/26,0,66.3
CER_DEL_2,-74.9767,42.205,1283,5/28/26,0,64.7
CER_DEL_2,-74.9767,42.205,1283,5/29/26,0.04,54
CER_DEL_2,-74.9767,42.205,1283,5/30/26,0.02,55.8
CER_DEL_2,-74.9767,42.205,1283,5/31/26,0,50
CER_DEL_2,-74.9767,42.205,1283,6/1/26,0.02,56.4
CER_DEL_2,-74.9767,42.205,1283,6/2/26,0,51.8
CER_DEL_2,-74.9767,42.205,1283,6/3/26,0,56.8
CER_DEL_2,-74.9767,42.205,1283,6/4/26,0,61.4
CER_DEL_2,-74.9767,42.205,1283,6/5/26,0,63.7
CER_DEL_2,-74.9767,42.205,1283,6/6/26,0,70.6
CER_DEL_2,-74.9767,42.205,1283,6/7/26,0.04,71
CER_DEL_2,-74.9767,42.205,1283,6/8/26,0,60.9
CER_DEL_2,-74.9767,42.205,1283,6/9/26,0,64.9
CER_DEL_2,-74.9767,42.205,1283,6/10/26,0,73.2
CER_DEL_2,-74.9767,42.205,1283,6/11/26,0.07,73.7
CER_DEL_2,-74.9767,42.205,1283,6/12/26,0.38,79.3
CER_DEL_2,-74.9767,42.205,1283,6/13/26,0.29,71.4
CER_DEL_2,-74.9767,42.205,1283,6/14/26,0,67.7
CER_DEL_2,-74.9767,42.205,1283,6/15/26,0.74,67.6
CER_DEL_2,-74.9767,42.205,1283,6/16/26,0,52.9
CER_DEL_2,-74.9767,42.205,1283,6/17/26,0,59.1
CER_DEL_2,-74.9767,42.205,1283,6/18/26,0.04,64.5
CER_DEL_2,-74.9767,42.205,1283,6/19/26,0.42,68.1
CER_DEL_2,-74.9767,42.205,1283,6/20/26,0,64.8
CER_DEL_2,-74.9767,42.205,1283,6/21/26,0,58.9
CER_DEL_2,-74.9767,42.205,1283,6/22/26,0.04,62.2
CER_DEL_2,-74.9767,42.205,1283,6/23/26,1.12,57.6
CER_DEL_2,-74.9767,42.205,1283,6/24/26,0,61
CER_DEL_2,-74.9767,42.205,1283,6/25/26,0,62.4
CER_DEL_2,-74.9767,42.205,1283,6/26/26,0.67,64.7
CER_DEL_2,-74.9767,42.205,1283,6/27/26,0,67.8
CER_DEL_2,-74.9767,42.205,1283,6/28/26,0,69.2
CER_DEL_2,-74.9767,42.205,1283,6/29/26,0,70
CER_DEL_2,-74.9767,42.205,1283,6/30/26,0,72.5
,,,,,,
CHO_GEN,-77.0281,42.8754,666,1/1/26,0.11,18.9
CHO_GEN,-77.0281,42.8754,666,1/2/26,0,14.7
CHO_GEN,-77.0281,42.8754,666,1/3/26,0,20.5
CHO_GEN,-77.0281,42.8754,666,1/4/26,0.02,22.2
CHO_GEN,-77.0281,42.8754,666,1/5/26,0.01,24.2
CHO_GEN,-77.0281,42.8754,666,1/6/26,0.07,27.7
CHO_GEN,-77.0281,42.8754,666,1/7/26,0.48,33.6
CHO_GEN,-77.0281,42.8754,666,1/8/26,0,34.8
CHO_GEN,-77.0281,42.8754,666,1/9/26,0,40
CHO_GEN,-77.0281,42.8754,666,1/10/26,0.06,43.6
CHO_GEN,-77.0281,42.8754,666,1/11/26,0.13,37.5
CHO_GEN,-77.0281,42.8754,666,1/12/26,0,30.2
CHO_GEN,-77.0281,42.8754,666,1/13/26,0,32.6
CHO_GEN,-77.0281,42.8754,666,1/14/26,0,39.2
CHO_GEN,-77.0281,42.8754,666,1/15/26,0.42,32.9
CHO_GEN,-77.0281,42.8754,666,1/16/26,0,16
CHO_GEN,-77.0281,42.8754,666,1/17/26,0,22.7
CHO_GEN,-77.0281,42.8754,666,1/18/26,0,30.6
CHO_GEN,-77.0281,42.8754,666,1/19/26,0,19.7
CHO_GEN,-77.0281,42.8754,666,1/20/26,0,18.4
CHO_GEN,-77.0281,42.8754,666,1/21/26,0,12.5
CHO_GEN,-77.0281,42.8754,666,1/22/26,0.12,21.5
CHO_GEN,-77.0281,42.8754,666,1/23/26,0,24.3
CHO_GEN,-77.0281,42.8754,666,1/24/26,0,9.1
CHO_GEN,-77.0281,42.8754,666,1/25/26,0,5.1
CHO_GEN,-77.0281,42.8754,666,1/26/26,0.49,7
CHO_GEN,-77.0281,42.8754,666,1/27/26,0,11.1
CHO_GEN,-77.0281,42.8754,666,1/28/26,0,10.9
CHO_GEN,-77.0281,42.8754,666,1/29/26,0,11.3
CHO_GEN,-77.0281,42.8754,666,1/30/26,0.03,9
CHO_GEN,-77.0281,42.8754,666,1/31/26,0,4.2
CHO_GEN,-77.0281,42.8754,666,2/1/26,0,9.7
CHO_GEN,-77.0281,42.8754,666,2/2/26,0,11.6
CHO_GEN,-77.0281,42.8754,666,2/3/26,0,13.5
CHO_GEN,-77.0281,42.8754,666,2/4/26,0.01,21.3
CHO_GEN,-77.0281,42.8754,666,2/5/26,0,16.7
CHO_GEN,-77.0281,42.8754,666,2/6/26,0,15.4
CHO_GEN,-77.0281,42.8754,666,2/7/26,0,14.9
CHO_GEN,-77.0281,42.8754,666,2/8/26,0,3.5
CHO_GEN,-77.0281,42.8754,666,2/9/26,0,5.2
CHO_GEN,-77.0281,42.8754,666,2/10/26,0,13.9
CHO_GEN,-77.0281,42.8754,666,2/11/26,0.08,29.1
CHO_GEN,-77.0281,42.8754,666,2/12/26,0,26.9
CHO_GEN,-77.0281,42.8754,666,2/13/26,0,19.4
CHO_GEN,-77.0281,42.8754,666,2/14/26,0,23.5
CHO_GEN,-77.0281,42.8754,666,2/15/26,0,29.5
CHO_GEN,-77.0281,42.8754,666,2/16/26,0,31
CHO_GEN,-77.0281,42.8754,666,2/17/26,0,36
CHO_GEN,-77.0281,42.8754,666,2/18/26,0.02,38.2
CHO_GEN,-77.0281,42.8754,666,2/19/26,0.49,32.8
CHO_GEN,-77.0281,42.8754,666,2/20/26,0.04,34.3
CHO_GEN,-77.0281,42.8754,666,2/21/26,0.18,37.2
CHO_GEN,-77.0281,42.8754,666,2/22/26,0,30.7
CHO_GEN,-77.0281,42.8754,666,2/23/26,0.09,31.5
CHO_GEN,-77.0281,42.8754,666,2/24/26,0,21.5
CHO_GEN,-77.0281,42.8754,666,2/25/26,0.13,20.2
CHO_GEN,-77.0281,42.8754,666,2/26/26,0.01,33.4
CHO_GEN,-77.0281,42.8754,666,2/27/26,0,22
CHO_GEN,-77.0281,42.8754,666,2/28/26,0,33.3
CHO_GEN,-77.0281,42.8754,666,3/1/26,0,36.6
CHO_GEN,-77.0281,42.8754,666,3/2/26,0,17.6
CHO_GEN,-77.0281,42.8754,666,3/3/26,0,20.6
CHO_GEN,-77.0281,42.8754,666,3/4/26,0.05,31.6
CHO_GEN,-77.0281,42.8754,666,3/5/26,0,38.6
CHO_GEN,-77.0281,42.8754,666,3/6/26,0.47,35.9
CHO_GEN,-77.0281,42.8754,666,3/7/26,0.02,41.2
CHO_GEN,-77.0281,42.8754,666,3/8/26,0.25,56.6
CHO_GEN,-77.0281,42.8754,666,3/9/26,0,48.5
CHO_GEN,-77.0281,42.8754,666,3/10/26,0,58.4
CHO_GEN,-77.0281,42.8754,666,3/11/26,0.15,54.4
CHO_GEN,-77.0281,42.8754,666,3/12/26,0.37,52.1
CHO_GEN,-77.0281,42.8754,666,3/13/26,0,31
CHO_GEN,-77.0281,42.8754,666,3/14/26,0.04,33.1
CHO_GEN,-77.0281,42.8754,666,3/15/26,0,30.3
CHO_GEN,-77.0281,42.8754,666,3/16/26,0,42.4
CHO_GEN,-77.0281,42.8754,666,3/17/26,0.49,42.8
CHO_GEN,-77.0281,42.8754,666,3/18/26,0,21.4
CHO_GEN,-77.0281,42.8754,666,3/19/26,0,26.3
CHO_GEN,-77.0281,42.8754,666,3/20/26,0,37.7
CHO_GEN,-77.0281,42.8754,666,3/21/26,0.39,39.8
CHO_GEN,-77.0281,42.8754,666,3/22/26,0,39.3
CHO_GEN,-77.0281,42.8754,666,3/23/26,0.37,39.5
CHO_GEN,-77.0281,42.8754,666,3/24/26,0,31.6
CHO_GEN,-77.0281,42.8754,666,3/25/26,0,35.5
CHO_GEN,-77.0281,42.8754,666,3/26/26,0,42.9
CHO_GEN,-77.0281,42.8754,666,3/27/26,0.79,48
CHO_GEN,-77.0281,42.8754,666,3/28/26,0,25.3
CHO_GEN,-77.0281,42.8754,666,3/29/26,0,29.8
CHO_GEN,-77.0281,42.8754,666,3/30/26,0,43.5
CHO_GEN,-77.0281,42.8754,666,3/31/26,0.2,56.4
CHO_GEN,-77.0281,42.8754,666,4/1/26,1.37,54.5
CHO_GEN,-77.0281,42.8754,666,4/2/26,0.09,38.3
CHO_GEN,-77.0281,42.8754,666,4/3/26,0,43.8
CHO_GEN,-77.0281,42.8754,666,4/4/26,0.1,56.2
CHO_GEN,-77.0281,42.8754,666,4/5/26,0.48,54
CHO_GEN,-77.0281,42.8754,666,4/6/26,0,41.3
CHO_GEN,-77.0281,42.8754,666,4/7/26,0,35.6
CHO_GEN,-77.0281,42.8754,666,4/8/26,0,27
CHO_GEN,-77.0281,42.8754,666,4/9/26,0,39.4
CHO_GEN,-77.0281,42.8754,666,4/10/26,0.02,55.1
CHO_GEN,-77.0281,42.8754,666,4/11/26,0.07,54.2
CHO_GEN,-77.0281,42.8754,666,4/12/26,0,40.5
CHO_GEN,-77.0281,42.8754,666,4/13/26,0,51.6
CHO_GEN,-77.0281,42.8754,666,4/14/26,0,62.2
CHO_GEN,-77.0281,42.8754,666,4/15/26,0.11,62.6
CHO_GEN,-77.0281,42.8754,666,4/16/26,0.34,65.3
CHO_GEN,-77.0281,42.8754,666,4/17/26,0.91,66.4
CHO_GEN,-77.0281,42.8754,666,4/18/26,0,54.7
CHO_GEN,-77.0281,42.8754,666,4/19/26,0.49,54
CHO_GEN,-77.0281,42.8754,666,4/20/26,0.07,36.9
CHO_GEN,-77.0281,42.8754,666,4/21/26,0,33.4
CHO_GEN,-77.0281,42.8754,666,4/22/26,0,42.7
CHO_GEN,-77.0281,42.8754,666,4/23/26,0,55.7
CHO_GEN,-77.0281,42.8754,666,4/24/26,0,53.4
CHO_GEN,-77.0281,42.8754,666,4/25/26,0.06,48.4
CHO_GEN,-77.0281,42.8754,666,4/26/26,0.47,41.5
CHO_GEN,-77.0281,42.8754,666,4/27/26,0,48.9
CHO_GEN,-77.0281,42.8754,666,4/28/26,0,57.9
CHO_GEN,-77.0281,42.8754,666,4/29/26,0,55.6
CHO_GEN,-77.0281,42.8754,666,4/30/26,1.05,51.3
CHO_GEN,-77.0281,42.8754,666,5/1/26,0,45.1
CHO_GEN,-77.0281,42.8754,666,5/2/26,0.07,43.5
CHO_GEN,-77.0281,42.8754,666,5/3/26,0,42.4
CHO_GEN,-77.0281,42.8754,666,5/4/26,0,49.5
CHO_GEN,-77.0281,42.8754,666,5/5/26,0.06,64
CHO_GEN,-77.0281,42.8754,666,5/6/26,1.1,57.7
CHO_GEN,-77.0281,42.8754,666,5/7/26,0.13,41.9
CHO_GEN,-77.0281,42.8754,666,5/8/26,0,45.9
CHO_GEN,-77.0281,42.8754,666,5/9/26,0.06,48.6
CHO_GEN,-77.0281,42.8754,666,5/10/26,0.23,55.8
CHO_GEN,-77.0281,42.8754,666,5/11/26,0,47.4
CHO_GEN,-77.0281,42.8754,666,5/12/26,0,45.1
CHO_GEN,-77.0281,42.8754,666,5/13/26,0.26,52.2
CHO_GEN,-77.0281,42.8754,666,5/14/26,0.22,57.3
CHO_GEN,-77.0281,42.8754,666,5/15/26,0.02,45.8
CHO_GEN,-77.0281,42.8754,666,5/16/26,0,56.7
CHO_GEN,-77.0281,42.8754,666,5/17/26,0.16,68.1
CHO_GEN,-77.0281,42.8754,666,5/18/26,0,71.9
CHO_GEN,-77.0281,42.8754,666,5/19/26,0,78.2
CHO_GEN,-77.0281,42.8754,666,5/20/26,0,74.2
CHO_GEN,-77.0281,42.8754,666,5/21/26,0,56.1
CHO_GEN,-77.0281,42.8754,666,5/22/26,0,47.8
CHO_GEN,-77.0281,42.8754,666,5/23/26,0,56.5
CHO_GEN,-77.0281,42.8754,666,5/24/26,1.61,50.5
CHO_GEN,-77.0281,42.8754,666,5/25/26,0.52,56.5
CHO_GEN,-77.0281,42.8754,666,5/26/26,0,62.5
CHO_GEN,-77.0281,42.8754,666,5/27/26,0,70.7
CHO_GEN,-77.0281,42.8754,666,5/28/26,0,65.5
CHO_GEN,-77.0281,42.8754,666,5/29/26,0.01,59.2
CHO_GEN,-77.0281,42.8754,666,5/30/26,0,60.8
CHO_GEN,-77.0281,42.8754,666,5/31/26,0,55.9
CHO_GEN,-77.0281,42.8754,666,6/1/26,0,60.3
CHO_GEN,-77.0281,42.8754,666,6/2/26,0,56.3
CHO_GEN,-77.0281,42.8754,666,6/3/26,0,62.7
CHO_GEN,-77.0281,42.8754,666,6/4/26,0,65.6
CHO_GEN,-77.0281,42.8754,666,6/5/26,0,70
CHO_GEN,-77.0281,42.8754,666,6/6/26,0.03,75.5
CHO_GEN,-77.0281,42.8754,666,6/7/26,0.11,72
CHO_GEN,-77.0281,42.8754,666,6/8/26,0,63.6
CHO_GEN,-77.0281,42.8754,666,6/9/26,0,69.8
CHO_GEN,-77.0281,42.8754,666,6/10/26,1.03,76
CHO_GEN,-77.0281,42.8754,666,6/11/26,0.13,75.9
CHO_GEN,-77.0281,42.8754,666,6/12/26,0.08,79
CHO_GEN,-77.0281,42.8754,666,6/13/26,0,71.5
CHO_GEN,-77.0281,42.8754,666,6/14/26,0,73.5
CHO_GEN,-77.0281,42.8754,666,6/15/26,0.4,64.1
CHO_GEN,-77.0281,42.8754,666,6/16/26,0,58.5
CHO_GEN,-77.0281,42.8754,666,6/17/26,0,66.8
CHO_GEN,-77.0281,42.8754,666,6/18/26,0.16,68.9
CHO_GEN,-77.0281,42.8754,666,6/19/26,0.25,69.4
CHO_GEN,-77.0281,42.8754,666,6/20/26,0.03,66.5
CHO_GEN,-77.0281,42.8754,666,6/21/26,0,64.8
CHO_GEN,-77.0281,42.8754,666,6/22/26,0.03,66.5
CHO_GEN,-77.0281,42.8754,666,6/23/26,0.68,59.1
CHO_GEN,-77.0281,42.8754,666,6/24/26,0,64.3
CHO_GEN,-77.0281,42.8754,666,6/25/26,0,66.4
CHO_GEN,-77.0281,42.8754,666,6/26/26,0.34,62.5
CHO_GEN,-77.0281,42.8754,666,6/27/26,0,66.5
CHO_GEN,-77.0281,42.8754,666,6/28/26,0,68.6
CHO_GEN,-77.0281,42.8754,666,6/29/26,0,71.2
CHO_GEN,-77.0281,42.8754,666,6/30/26,0,75.3
,,,,,,
DEG FRI_2,-76.5148,42.2559,1142,1/1/26,0.11,18.1
DEG FRI_2,-76.5148,42.2559,1142,1/2/26,0,13.5
DEG FRI_2,-76.5148,42.2559,1142,1/3/26,0.02,17.1
DEG FRI_2,-76.5148,42.2559,1142,1/4/26,0.05,18.7
DEG FRI_2,-76.5148,42.2559,1142,1/5/26,0,21.7
DEG FRI_2,-76.5148,42.2559,1142,1/6/26,0,26.5
DEG FRI_2,-76.5148,42.2559,1142,1/7/26,0.21,34.5
DEG FRI_2,-76.5148,42.2559,1142,1/8/26,0.04,34.6
DEG FRI_2,-76.5148,42.2559,1142,1/9/26,0,40.7
DEG FRI_2,-76.5148,42.2559,1142,1/10/26,0.03,40.4
DEG FRI_2,-76.5148,42.2559,1142,1/11/26,0.36,34.2
DEG FRI_2,-76.5148,42.2559,1142,1/12/26,0.04,29.1
DEG FRI_2,-76.5148,42.2559,1142,1/13/26,0,30.5
DEG FRI_2,-76.5148,42.2559,1142,1/14/26,0,34.4
DEG FRI_2,-76.5148,42.2559,1142,1/15/26,0.59,36.3
DEG FRI_2,-76.5148,42.2559,1142,1/16/26,0.06,18.1
DEG FRI_2,-76.5148,42.2559,1142,1/17/26,0,21.6
DEG FRI_2,-76.5148,42.2559,1142,1/18/26,0.01,29.9
DEG FRI_2,-76.5148,42.2559,1142,1/19/26,0,20.3
DEG FRI_2,-76.5148,42.2559,1142,1/20/26,0,14.7
DEG FRI_2,-76.5148,42.2559,1142,1/21/26,0,8.9
DEG FRI_2,-76.5148,42.2559,1142,1/22/26,0.02,17.5
DEG FRI_2,-76.5148,42.2559,1142,1/23/26,0,25.2
DEG FRI_2,-76.5148,42.2559,1142,1/24/26,0,9.5
DEG FRI_2,-76.5148,42.2559,1142,1/25/26,0.02,3.5
DEG FRI_2,-76.5148,42.2559,1142,1/26/26,0.97,7.5
DEG FRI_2,-76.5148,42.2559,1142,1/27/26,0.05,8.4
DEG FRI_2,-76.5148,42.2559,1142,1/28/26,0,7.4
DEG FRI_2,-76.5148,42.2559,1142,1/29/26,0,8.7
DEG FRI_2,-76.5148,42.2559,1142,1/30/26,0,7.4
DEG FRI_2,-76.5148,42.2559,1142,1/31/26,0,4.3
DEG FRI_2,-76.5148,42.2559,1142,2/1/26,0,8.6
DEG FRI_2,-76.5148,42.2559,1142,2/2/26,0.01,9.2
DEG FRI_2,-76.5148,42.2559,1142,2/3/26,0,14
DEG FRI_2,-76.5148,42.2559,1142,2/4/26,0.01,19.6
DEG FRI_2,-76.5148,42.2559,1142,2/5/26,0,13.9
DEG FRI_2,-76.5148,42.2559,1142,2/6/26,0,13.8
DEG FRI_2,-76.5148,42.2559,1142,2/7/26,0.16,11.9
DEG FRI_2,-76.5148,42.2559,1142,2/8/26,0,-0.8
DEG FRI_2,-76.5148,42.2559,1142,2/9/26,0,1.3
DEG FRI_2,-76.5148,42.2559,1142,2/10/26,0,9.6
DEG FRI_2,-76.5148,42.2559,1142,2/11/26,0.01,27.4
DEG FRI_2,-76.5148,42.2559,1142,2/12/26,0.06,26
DEG FRI_2,-76.5148,42.2559,1142,2/13/26,0.03,15.3
DEG FRI_2,-76.5148,42.2559,1142,2/14/26,0,17.8
DEG FRI_2,-76.5148,42.2559,1142,2/15/26,0,26.3
DEG FRI_2,-76.5148,42.2559,1142,2/16/26,0,29.7
DEG FRI_2,-76.5148,42.2559,1142,2/17/26,0,40.7
DEG FRI_2,-76.5148,42.2559,1142,2/18/26,0,38.5
DEG FRI_2,-76.5148,42.2559,1142,2/19/26,0.45,33.8
DEG FRI_2,-76.5148,42.2559,1142,2/20/26,0.13,35.5
DEG FRI_2,-76.5148,42.2559,1142,2/21/26,0.36,35.4
DEG FRI_2,-76.5148,42.2559,1142,2/22/26,0.07,32
DEG FRI_2,-76.5148,42.2559,1142,2/23/26,0.35,30.3
DEG FRI_2,-76.5148,42.2559,1142,2/24/26,0.07,20.9
DEG FRI_2,-76.5148,42.2559,1142,2/25/26,0.13,18.3
DEG FRI_2,-76.5148,42.2559,1142,2/26/26,0.04,32.2
DEG FRI_2,-76.5148,42.2559,1142,2/27/26,0,22
DEG FRI_2,-76.5148,42.2559,1142,2/28/26,0,32.2
DEG FRI_2,-76.5148,42.2559,1142,3/1/26,0.08,38.2
DEG FRI_2,-76.5148,42.2559,1142,3/2/26,0,15.3
DEG FRI_2,-76.5148,42.2559,1142,3/3/26,0,18.8
DEG FRI_2,-76.5148,42.2559,1142,3/4/26,0.45,30.9
DEG FRI_2,-76.5148,42.2559,1142,3/5/26,0.01,40.2
DEG FRI_2,-76.5148,42.2559,1142,3/6/26,0.75,38.4
DEG FRI_2,-76.5148,42.2559,1142,3/7/26,0,38.9
DEG FRI_2,-76.5148,42.2559,1142,3/8/26,0.16,50.4
DEG FRI_2,-76.5148,42.2559,1142,3/9/26,0,47.4
DEG FRI_2,-76.5148,42.2559,1142,3/10/26,0,53.7
DEG FRI_2,-76.5148,42.2559,1142,3/11/26,0,57.8
DEG FRI_2,-76.5148,42.2559,1142,3/12/26,0.25,50.7
DEG FRI_2,-76.5148,42.2559,1142,3/13/26,0.02,26
DEG FRI_2,-76.5148,42.2559,1142,3/14/26,0.16,30.3
DEG FRI_2,-76.5148,42.2559,1142,3/15/26,0,29.7
DEG FRI_2,-76.5148,42.2559,1142,3/16/26,0.02,40.3
DEG FRI_2,-76.5148,42.2559,1142,3/17/26,0.87,42.4
DEG FRI_2,-76.5148,42.2559,1142,3/18/26,0.04,17.8
DEG FRI_2,-76.5148,42.2559,1142,3/19/26,0.01,21.2
DEG FRI_2,-76.5148,42.2559,1142,3/20/26,0.04,36.3
DEG FRI_2,-76.5148,42.2559,1142,3/21/26,0.39,38.2
DEG FRI_2,-76.5148,42.2559,1142,3/22/26,0.03,36.6
DEG FRI_2,-76.5148,42.2559,1142,3/23/26,0.37,39.7
DEG FRI_2,-76.5148,42.2559,1142,3/24/26,0.04,28.7
DEG FRI_2,-76.5148,42.2559,1142,3/25/26,0,33.8
DEG FRI_2,-76.5148,42.2559,1142,3/26/26,0.01,39.8
DEG FRI_2,-76.5148,42.2559,1142,3/27/26,0.79,48.9
DEG FRI_2,-76.5148,42.2559,1142,3/28/26,0,23.9
DEG FRI_2,-76.5148,42.2559,1142,3/29/26,0,26.6
DEG FRI_2,-76.5148,42.2559,1142,3/30/26,0,40.4
DEG FRI_2,-76.5148,42.2559,1142,3/31/26,0.21,55
DEG FRI_2,-76.5148,42.2559,1142,4/1/26,0.98,57.9
DEG FRI_2,-76.5148,42.2559,1142,4/2/26,0.45,41.1
DEG FRI_2,-76.5148,42.2559,1142,4/3/26,0.05,42.3
DEG FRI_2,-76.5148,42.2559,1142,4/4/26,0.06,55.6
DEG FRI_2,-76.5148,42.2559,1142,4/5/26,0.46,54.7
DEG FRI_2,-76.5148,42.2559,1142,4/6/26,0.25,42.2
DEG FRI_2,-76.5148,42.2559,1142,4/7/26,0.08,37
DEG FRI_2,-76.5148,42.2559,1142,4/8/26,0,23.7
DEG FRI_2,-76.5148,42.2559,1142,4/9/26,0,36.8
DEG FRI_2,-76.5148,42.2559,1142,4/10/26,0,50.5
DEG FRI_2,-76.5148,42.2559,1142,4/11/26,0.28,55.5
DEG FRI_2,-76.5148,42.2559,1142,4/12/26,0,38.9
DEG FRI_2,-76.5148,42.2559,1142,4/13/26,0,48.2
DEG FRI_2,-76.5148,42.2559,1142,4/14/26,0.05,64.5
DEG FRI_2,-76.5148,42.2559,1142,4/15/26,0.12,65
DEG FRI_2,-76.5148,42.2559,1142,4/16/26,0.46,69
DEG FRI_2,-76.5148,42.2559,1142,4/17/26,0.1,68.8
DEG FRI_2,-76.5148,42.2559,1142,4/18/26,0,54.1
DEG FRI_2,-76.5148,42.2559,1142,4/19/26,0.98,54.3
DEG FRI_2,-76.5148,42.2559,1142,4/20/26,0.21,35.2
DEG FRI_2,-76.5148,42.2559,1142,4/21/26,0.02,28.1
DEG FRI_2,-76.5148,42.2559,1142,4/22/26,0.01,40.9
DEG FRI_2,-76.5148,42.2559,1142,4/23/26,0,53.8
DEG FRI_2,-76.5148,42.2559,1142,4/24/26,0,51.5
DEG FRI_2,-76.5148,42.2559,1142,4/25/26,0.11,51.6
DEG FRI_2,-76.5148,42.2559,1142,4/26/26,0.67,40.6
DEG FRI_2,-76.5148,42.2559,1142,4/27/26,0,47.2
DEG FRI_2,-76.5148,42.2559,1142,4/28/26,0,57.6
DEG FRI_2,-76.5148,42.2559,1142,4/29/26,0.03,53.9
DEG FRI_2,-76.5148,42.2559,1142,4/30/26,0.69,48.2
DEG FRI_2,-76.5148,42.2559,1142,5/1/26,0,40.7
DEG FRI_2,-76.5148,42.2559,1142,5/2/26,0.17,42.4
DEG FRI_2,-76.5148,42.2559,1142,5/3/26,0,40
DEG FRI_2,-76.5148,42.2559,1142,5/4/26,0,45.7
DEG FRI_2,-76.5148,42.2559,1142,5/5/26,0.01,59.7
DEG FRI_2,-76.5148,42.2559,1142,5/6/26,0.36,59.1
DEG FRI_2,-76.5148,42.2559,1142,5/7/26,0.27,39.9
DEG FRI_2,-76.5148,42.2559,1142,5/8/26,0,43.4
DEG FRI_2,-76.5148,42.2559,1142,5/9/26,0.23,45.8
DEG FRI_2,-76.5148,42.2559,1142,5/10/26,0.25,50.8
DEG FRI_2,-76.5148,42.2559,1142,5/11/26,0,46
DEG FRI_2,-76.5148,42.2559,1142,5/12/26,0,42.3
DEG FRI_2,-76.5148,42.2559,1142,5/13/26,0.12,50.6
DEG FRI_2,-76.5148,42.2559,1142,5/14/26,0.36,53.3
DEG FRI_2,-76.5148,42.2559,1142,5/15/26,0.07,43.5
DEG FRI_2,-76.5148,42.2559,1142,5/16/26,0,51.2
DEG FRI_2,-76.5148,42.2559,1142,5/17/26,0.03,64
DEG FRI_2,-76.5148,42.2559,1142,5/18/26,0.01,70.7
DEG FRI_2,-76.5148,42.2559,1142,5/19/26,0,75.5
DEG FRI_2,-76.5148,42.2559,1142,5/20/26,0,74.8
DEG FRI_2,-76.5148,42.2559,1142,5/21/26,0,57.4
DEG FRI_2,-76.5148,42.2559,1142,5/22/26,0,47
DEG FRI_2,-76.5148,42.2559,1142,5/23/26,0.06,54.2
DEG FRI_2,-76.5148,42.2559,1142,5/24/26,0.95,45.7
DEG FRI_2,-76.5148,42.2559,1142,5/25/26,0.65,52.4
DEG FRI_2,-76.5148,42.2559,1142,5/26/26,0,58.8
DEG FRI_2,-76.5148,42.2559,1142,5/27/26,0,68.3
DEG FRI_2,-76.5148,42.2559,1142,5/28/26,0,64.9
DEG FRI_2,-76.5148,42.2559,1142,5/29/26,0,52.2
DEG FRI_2,-76.5148,42.2559,1142,5/30/26,0,59.3
DEG FRI_2,-76.5148,42.2559,1142,5/31/26,0,49.7
DEG FRI_2,-76.5148,42.2559,1142,6/1/26,0,56.6
DEG FRI_2,-76.5148,42.2559,1142,6/2/26,0,54.5
DEG FRI_2,-76.5148,42.2559,1142,6/3/26,0,57.3
DEG FRI_2,-76.5148,42.2559,1142,6/4/26,0,62.4
DEG FRI_2,-76.5148,42.2559,1142,6/5/26,0,66.5
DEG FRI_2,-76.5148,42.2559,1142,6/6/26,0,72.4
DEG FRI_2,-76.5148,42.2559,1142,6/7/26,0.05,68.3
DEG FRI_2,-76.5148,42.2559,1142,6/8/26,0,61.7
DEG FRI_2,-76.5148,42.2559,1142,6/9/26,0,65.8
DEG FRI_2,-76.5148,42.2559,1142,6/10/26,0,75
DEG FRI_2,-76.5148,42.2559,1142,6/11/26,0.07,73.2
DEG FRI_2,-76.5148,42.2559,1142,6/12/26,1.44,78.8
DEG FRI_2,-76.5148,42.2559,1142,6/13/26,0.2,69.4
DEG FRI_2,-76.5148,42.2559,1142,6/14/26,0,69.8
DEG FRI_2,-76.5148,42.2559,1142,6/15/26,0.9,62.9
DEG FRI_2,-76.5148,42.2559,1142,6/16/26,0,52.4
DEG FRI_2,-76.5148,42.2559,1142,6/17/26,0,62.2
DEG FRI_2,-76.5148,42.2559,1142,6/18/26,0.09,67
DEG FRI_2,-76.5148,42.2559,1142,6/19/26,0.28,67.3
DEG FRI_2,-76.5148,42.2559,1142,6/20/26,0.09,62.8
DEG FRI_2,-76.5148,42.2559,1142,6/21/26,0,61.4
DEG FRI_2,-76.5148,42.2559,1142,6/22/26,0.03,64.3
DEG FRI_2,-76.5148,42.2559,1142,6/23/26,1.01,58.2
DEG FRI_2,-76.5148,42.2559,1142,6/24/26,0,60.2
DEG FRI_2,-76.5148,42.2559,1142,6/25/26,0,64.3
DEG FRI_2,-76.5148,42.2559,1142,6/26/26,0.14,62.1
DEG FRI_2,-76.5148,42.2559,1142,6/27/26,0,68.2
DEG FRI_2,-76.5148,42.2559,1142,6/28/26,0,68.3
DEG FRI_2,-76.5148,42.2559,1142,6/29/26,0,71
DEG FRI_2,-76.5148,42.2559,1142,6/30/26,0,74.5
,,,,,,
DEG_DIE,-76.15,42.6062,1339,1/1/26,0.12,17.8
DEG_DIE,-76.15,42.6062,1339,1/2/26,0,10
DEG_DIE,-76.15,42.6062,1339,1/3/26,0,16.7
DEG_DIE,-76.15,42.6062,1339,1/4/26,0.05,17.8
DEG_DIE,-76.15,42.6062,1339,1/5/26,0.02,21.4
DEG_DIE,-76.15,42.6062,1339,1/6/26,0.04,26.1
DEG_DIE,-76.15,42.6062,1339,1/7/26,0.49,31.7
DEG_DIE,-76.15,42.6062,1339,1/8/26,0.12,33.3
DEG_DIE,-76.15,42.6062,1339,1/9/26,0,37.3
DEG_DIE,-76.15,42.6062,1339,1/10/26,0.02,40.2
DEG_DIE,-76.15,42.6062,1339,1/11/26,0.31,34.5
DEG_DIE,-76.15,42.6062,1339,1/12/26,0.08,27.9
DEG_DIE,-76.15,42.6062,1339,1/13/26,0,29.7
DEG_DIE,-76.15,42.6062,1339,1/14/26,0,35.5
DEG_DIE,-76.15,42.6062,1339,1/15/26,0.42,35.6
DEG_DIE,-76.15,42.6062,1339,1/16/26,0.11,18
DEG_DIE,-76.15,42.6062,1339,1/17/26,0.09,21.1
DEG_DIE,-76.15,42.6062,1339,1/18/26,0.03,29
DEG_DIE,-76.15,42.6062,1339,1/19/26,0,20.6
DEG_DIE,-76.15,42.6062,1339,1/20/26,0,15.9
DEG_DIE,-76.15,42.6062,1339,1/21/26,0,7.9
DEG_DIE,-76.15,42.6062,1339,1/22/26,0.05,17.5
DEG_DIE,-76.15,42.6062,1339,1/23/26,0.01,23.8
DEG_DIE,-76.15,42.6062,1339,1/24/26,0.02,6.1
DEG_DIE,-76.15,42.6062,1339,1/25/26,0,0.6
DEG_DIE,-76.15,42.6062,1339,1/26/26,0.84,8.3
DEG_DIE,-76.15,42.6062,1339,1/27/26,0.07,8.2
DEG_DIE,-76.15,42.6062,1339,1/28/26,0.03,8.3
DEG_DIE,-76.15,42.6062,1339,1/29/26,0,5.9
DEG_DIE,-76.15,42.6062,1339,1/30/26,0.06,6.5
DEG_DIE,-76.15,42.6062,1339,1/31/26,0,4.7
DEG_DIE,-76.15,42.6062,1339,2/1/26,0.01,7.9
DEG_DIE,-76.15,42.6062,1339,2/2/26,0,6.7
DEG_DIE,-76.15,42.6062,1339,2/3/26,0,9.2
DEG_DIE,-76.15,42.6062,1339,2/4/26,0.05,16.9
DEG_DIE,-76.15,42.6062,1339,2/5/26,0.01,10.9
DEG_DIE,-76.15,42.6062,1339,2/6/26,0,12.4
DEG_DIE,-76.15,42.6062,1339,2/7/26,0.16,11.7
DEG_DIE,-76.15,42.6062,1339,2/8/26,0,-3.4
DEG_DIE,-76.15,42.6062,1339,2/9/26,0,-2.9
DEG_DIE,-76.15,42.6062,1339,2/10/26,0,6.6
DEG_DIE,-76.15,42.6062,1339,2/11/26,0.09,24.8
DEG_DIE,-76.15,42.6062,1339,2/12/26,0.16,25.5
DEG_DIE,-76.15,42.6062,1339,2/13/26,0.04,18.6
DEG_DIE,-76.15,42.6062,1339,2/14/26,0.01,18.4
DEG_DIE,-76.15,42.6062,1339,2/15/26,0,27.3
DEG_DIE,-76.15,42.6062,1339,2/16/26,0,30.4
DEG_DIE,-76.15,42.6062,1339,2/17/26,0,37.9
DEG_DIE,-76.15,42.6062,1339,2/18/26,0,36.6
DEG_DIE,-76.15,42.6062,1339,2/19/26,0.43,34.1
DEG_DIE,-76.15,42.6062,1339,2/20/26,0.07,34.5
DEG_DIE,-76.15,42.6062,1339,2/21/26,0.38,34.2
DEG_DIE,-76.15,42.6062,1339,2/22/26,0.04,31.1
DEG_DIE,-76.15,42.6062,1339,2/23/26,0.27,30
DEG_DIE,-76.15,42.6062,1339,2/24/26,0.09,20.3
DEG_DIE,-76.15,42.6062,1339,2/25/26,0.24,16.3
DEG_DIE,-76.15,42.6062,1339,2/26/26,0.05,30.9
DEG_DIE,-76.15,42.6062,1339,2/27/26,0,17.8
DEG_DIE,-76.15,42.6062,1339,2/28/26,0,27.2
DEG_DIE,-76.15,42.6062,1339,3/1/26,0.03,35.4
DEG_DIE,-76.15,42.6062,1339,3/2/26,0,13.3
DEG_DIE,-76.15,42.6062,1339,3/3/26,0,16.1
DEG_DIE,-76.15,42.6062,1339,3/4/26,0.4,30.4
DEG_DIE,-76.15,42.6062,1339,3/5/26,0,37.9
DEG_DIE,-76.15,42.6062,1339,3/6/26,0.75,37.5
DEG_DIE,-76.15,42.6062,1339,3/7/26,0,37.3
DEG_DIE,-76.15,42.6062,1339,3/8/26,0.25,49.3
DEG_DIE,-76.15,42.6062,1339,3/9/26,0,44.1
DEG_DIE,-76.15,42.6062,1339,3/10/26,0,51.7
DEG_DIE,-76.15,42.6062,1339,3/11/26,0,53.9
DEG_DIE,-76.15,42.6062,1339,3/12/26,0.17,50
DEG_DIE,-76.15,42.6062,1339,3/13/26,0.06,24.2
DEG_DIE,-76.15,42.6062,1339,3/14/26,0.2,27.6
DEG_DIE,-76.15,42.6062,1339,3/15/26,0.04,25.3
DEG_DIE,-76.15,42.6062,1339,3/16/26,0,37.6
DEG_DIE,-76.15,42.6062,1339,3/17/26,0.65,41.8
DEG_DIE,-76.15,42.6062,1339,3/18/26,0,15.9
DEG_DIE,-76.15,42.6062,1339,3/19/26,0.01,19.6
DEG_DIE,-76.15,42.6062,1339,3/20/26,0.03,34.8
DEG_DIE,-76.15,42.6062,1339,3/21/26,0.43,37.3
DEG_DIE,-76.15,42.6062,1339,3/22/26,0.03,35.8
DEG_DIE,-76.15,42.6062,1339,3/23/26,0.27,38.5
DEG_DIE,-76.15,42.6062,1339,3/24/26,0.05,28.1
DEG_DIE,-76.15,42.6062,1339,3/25/26,0,32.6
DEG_DIE,-76.15,42.6062,1339,3/26/26,0.02,39.2
DEG_DIE,-76.15,42.6062,1339,3/27/26,0.88,47
DEG_DIE,-76.15,42.6062,1339,3/28/26,0,23.3
DEG_DIE,-76.15,42.6062,1339,3/29/26,0,26.2
DEG_DIE,-76.15,42.6062,1339,3/30/26,0,39.3
DEG_DIE,-76.15,42.6062,1339,3/31/26,0.45,55
DEG_DIE,-76.15,42.6062,1339,4/1/26,1.48,56.4
DEG_DIE,-76.15,42.6062,1339,4/2/26,0.5,39.9
DEG_DIE,-76.15,42.6062,1339,4/3/26,0.08,41.4
DEG_DIE,-76.15,42.6062,1339,4/4/26,0.03,53.9
DEG_DIE,-76.15,42.6062,1339,4/5/26,0.49,52.9
DEG_DIE,-76.15,42.6062,1339,4/6/26,0.27,40.1
DEG_DIE,-76.15,42.6062,1339,4/7/26,0.09,34.7
DEG_DIE,-76.15,42.6062,1339,4/8/26,0.1,21.8
DEG_DIE,-76.15,42.6062,1339,4/9/26,0,35.4
DEG_DIE,-76.15,42.6062,1339,4/10/26,0,49.9
DEG_DIE,-76.15,42.6062,1339,4/11/26,0.3,53.8
DEG_DIE,-76.15,42.6062,1339,4/12/26,0,36.7
DEG_DIE,-76.15,42.6062,1339,4/13/26,0.02,45.8
DEG_DIE,-76.15,42.6062,1339,4/14/26,0.03,62.7
DEG_DIE,-76.15,42.6062,1339,4/15/26,0.02,62.9
DEG_DIE,-76.15,42.6062,1339,4/16/26,0.43,66.6
DEG_DIE,-76.15,42.6062,1339,4/17/26,0.37,68.5
DEG_DIE,-76.15,42.6062,1339,4/18/26,0.05,53
DEG_DIE,-76.15,42.6062,1339,4/19/26,1.09,53.8
DEG_DIE,-76.15,42.6062,1339,4/20/26,0.23,33.7
DEG_DIE,-76.15,42.6062,1339,4/21/26,0.06,28.2
DEG_DIE,-76.15,42.6062,1339,4/22/26,0.03,39.3
DEG_DIE,-76.15,42.6062,1339,4/23/26,0,52.2
DEG_DIE,-76.15,42.6062,1339,4/24/26,0,50.6
DEG_DIE,-76.15,42.6062,1339,4/25/26,0.03,51
DEG_DIE,-76.15,42.6062,1339,4/26/26,0.6,40.3
DEG_DIE,-76.15,42.6062,1339,4/27/26,0,47.3
DEG_DIE,-76.15,42.6062,1339,4/28/26,0,57.6
DEG_DIE,-76.15,42.6062,1339,4/29/26,0.03,55.2
DEG_DIE,-76.15,42.6062,1339,4/30/26,0.73,49
DEG_DIE,-76.15,42.6062,1339,5/1/26,0,39.9
DEG_DIE,-76.15,42.6062,1339,5/2/26,0.15,43.3
DEG_DIE,-76.15,42.6062,1339,5/3/26,0,40.3
DEG_DIE,-76.15,42.6062,1339,5/4/26,0,45.7
DEG_DIE,-76.15,42.6062,1339,5/5/26,0.02,60
DEG_DIE,-76.15,42.6062,1339,5/6/26,0.47,58.8
DEG_DIE,-76.15,42.6062,1339,5/7/26,0.27,39.8
DEG_DIE,-76.15,42.6062,1339,5/8/26,0.01,43.2
DEG_DIE,-76.15,42.6062,1339,5/9/26,0.18,44.1
DEG_DIE,-76.15,42.6062,1339,5/10/26,0.27,49.9
DEG_DIE,-76.15,42.6062,1339,5/11/26,0,44.8
DEG_DIE,-76.15,42.6062,1339,5/12/26,0,41.4
DEG_DIE,-76.15,42.6062,1339,5/13/26,0.24,49.8
DEG_DIE,-76.15,42.6062,1339,5/14/26,0.23,53.2
DEG_DIE,-76.15,42.6062,1339,5/15/26,0,44.8
DEG_DIE,-76.15,42.6062,1339,5/16/26,0,50.2
DEG_DIE,-76.15,42.6062,1339,5/17/26,0.06,63.8
DEG_DIE,-76.15,42.6062,1339,5/18/26,0,69.1
DEG_DIE,-76.15,42.6062,1339,5/19/26,0,74.7
DEG_DIE,-76.15,42.6062,1339,5/20/26,0,74.7
DEG_DIE,-76.15,42.6062,1339,5/21/26,0.02,56.1
DEG_DIE,-76.15,42.6062,1339,5/22/26,0,47.4
DEG_DIE,-76.15,42.6062,1339,5/23/26,0.04,55.4
DEG_DIE,-76.15,42.6062,1339,5/24/26,0.98,47.9
DEG_DIE,-76.15,42.6062,1339,5/25/26,0.84,52.2
DEG_DIE,-76.15,42.6062,1339,5/26/26,0,58.2
DEG_DIE,-76.15,42.6062,1339,5/27/26,0,66.7
DEG_DIE,-76.15,42.6062,1339,5/28/26,0,62.2
DEG_DIE,-76.15,42.6062,1339,5/29/26,0,52.5
DEG_DIE,-76.15,42.6062,1339,5/30/26,0.01,56.2
DEG_DIE,-76.15,42.6062,1339,5/31/26,0,50.3
DEG_DIE,-76.15,42.6062,1339,6/1/26,0.01,54.9
DEG_DIE,-76.15,42.6062,1339,6/2/26,0,53.6
DEG_DIE,-76.15,42.6062,1339,6/3/26,0,56.3
DEG_DIE,-76.15,42.6062,1339,6/4/26,0,60.7
DEG_DIE,-76.15,42.6062,1339,6/5/26,0,64
DEG_DIE,-76.15,42.6062,1339,6/6/26,0,71.3
DEG_DIE,-76.15,42.6062,1339,6/7/26,0.1,69.3
DEG_DIE,-76.15,42.6062,1339,6/8/26,0,59.5
DEG_DIE,-76.15,42.6062,1339,6/9/26,0,65.4
DEG_DIE,-76.15,42.6062,1339,6/10/26,0,75.2
DEG_DIE,-76.15,42.6062,1339,6/11/26,0.17,72.5
DEG_DIE,-76.15,42.6062,1339,6/12/26,0.44,78.2
DEG_DIE,-76.15,42.6062,1339,6/13/26,0,69.3
DEG_DIE,-76.15,42.6062,1339,6/14/26,0,68.3
DEG_DIE,-76.15,42.6062,1339,6/15/26,0.75,63.4
DEG_DIE,-76.15,42.6062,1339,6/16/26,0,51.6
DEG_DIE,-76.15,42.6062,1339,6/17/26,0,62.5
DEG_DIE,-76.15,42.6062,1339,6/18/26,0.09,68
DEG_DIE,-76.15,42.6062,1339,6/19/26,0.4,66.8
DEG_DIE,-76.15,42.6062,1339,6/20/26,0.13,62
DEG_DIE,-76.15,42.6062,1339,6/21/26,0,58.8
DEG_DIE,-76.15,42.6062,1339,6/22/26,0.03,62.8
DEG_DIE,-76.15,42.6062,1339,6/23/26,0.97,57.5
DEG_DIE,-76.15,42.6062,1339,6/24/26,0,59.2
DEG_DIE,-76.15,42.6062,1339,6/25/26,0,61.9
DEG_DIE,-76.15,42.6062,1339,6/26/26,0.21,62.6
DEG_DIE,-76.15,42.6062,1339,6/27/26,0,65.3
DEG_DIE,-76.15,42.6062,1339,6/28/26,0,66.4
DEG_DIE,-76.15,42.6062,1339,6/29/26,0.05,68.2
DEG_DIE,-76.15,42.6062,1339,6/30/26,0,72.6
,,,,,,
DEG_FOU,-76.2765,42.5872,1480,1/1/26,0.07,17.4
DEG_FOU,-76.2765,42.5872,1480,1/2/26,0,10.2
DEG_FOU,-76.2765,42.5872,1480,1/3/26,0,16.4
DEG_FOU,-76.2765,42.5872,1480,1/4/26,0.06,17.5
DEG_FOU,-76.2765,42.5872,1480,1/5/26,0,21.4
DEG_FOU,-76.2765,42.5872,1480,1/6/26,0.04,25.9
DEG_FOU,-76.2765,42.5872,1480,1/7/26,0.37,32.1
DEG_FOU,-76.2765,42.5872,1480,1/8/26,0.08,33
DEG_FOU,-76.2765,42.5872,1480,1/9/26,0,37.4
DEG_FOU,-76.2765,42.5872,1480,1/10/26,0.01,39.8
DEG_FOU,-76.2765,42.5872,1480,1/11/26,0.34,34.2
DEG_FOU,-76.2765,42.5872,1480,1/12/26,0.05,27.6
DEG_FOU,-76.2765,42.5872,1480,1/13/26,0,29.6
DEG_FOU,-76.2765,42.5872,1480,1/14/26,0,35.5
DEG_FOU,-76.2765,42.5872,1480,1/15/26,0.47,34.7
DEG_FOU,-76.2765,42.5872,1480,1/16/26,0.09,17.5
DEG_FOU,-76.2765,42.5872,1480,1/17/26,0.03,20.8
DEG_FOU,-76.2765,42.5872,1480,1/18/26,0,28.6
DEG_FOU,-76.2765,42.5872,1480,1/19/26,0,20.2
DEG_FOU,-76.2765,42.5872,1480,1/20/26,0,15.3
DEG_FOU,-76.2765,42.5872,1480,1/21/26,0,7.6
DEG_FOU,-76.2765,42.5872,1480,1/22/26,0.04,17
DEG_FOU,-76.2765,42.5872,1480,1/23/26,0.01,23.9
DEG_FOU,-76.2765,42.5872,1480,1/24/26,0.02,5.8
DEG_FOU,-76.2765,42.5872,1480,1/25/26,0,0.6
DEG_FOU,-76.2765,42.5872,1480,1/26/26,0.75,8
DEG_FOU,-76.2765,42.5872,1480,1/27/26,0.04,8
DEG_FOU,-76.2765,42.5872,1480,1/28/26,0,8.1
DEG_FOU,-76.2765,42.5872,1480,1/29/26,0,5.6
DEG_FOU,-76.2765,42.5872,1480,1/30/26,0.06,6.9
DEG_FOU,-76.2765,42.5872,1480,1/31/26,0,4.4
DEG_FOU,-76.2765,42.5872,1480,2/1/26,0,7.6
DEG_FOU,-76.2765,42.5872,1480,2/2/26,0,6.4
DEG_FOU,-76.2765,42.5872,1480,2/3/26,0,8.6
DEG_FOU,-76.2765,42.5872,1480,2/4/26,0.04,16.9
DEG_FOU,-76.2765,42.5872,1480,2/5/26,0,10.5
DEG_FOU,-76.2765,42.5872,1480,2/6/26,0,11.8
DEG_FOU,-76.2765,42.5872,1480,2/7/26,0.14,11.4
DEG_FOU,-76.2765,42.5872,1480,2/8/26,0,-3.3
DEG_FOU,-76.2765,42.5872,1480,2/9/26,0,-3
DEG_FOU,-76.2765,42.5872,1480,2/10/26,0,6.6
DEG_FOU,-76.2765,42.5872,1480,2/11/26,0.08,25.2
DEG_FOU,-76.2765,42.5872,1480,2/12/26,0.19,25.3
DEG_FOU,-76.2765,42.5872,1480,2/13/26,0.03,18
DEG_FOU,-76.2765,42.5872,1480,2/14/26,0,18.1
DEG_FOU,-76.2765,42.5872,1480,2/15/26,0,27.5
DEG_FOU,-76.2765,42.5872,1480,2/16/26,0,30.6
DEG_FOU,-76.2765,42.5872,1480,2/17/26,0,37.8
DEG_FOU,-76.2765,42.5872,1480,2/18/26,0,36.9
DEG_FOU,-76.2765,42.5872,1480,2/19/26,0.41,34.5
DEG_FOU,-76.2765,42.5872,1480,2/20/26,0.06,34.3
DEG_FOU,-76.2765,42.5872,1480,2/21/26,0.37,34.2
DEG_FOU,-76.2765,42.5872,1480,2/22/26,0.04,30.9
DEG_FOU,-76.2765,42.5872,1480,2/23/26,0.33,30
DEG_FOU,-76.2765,42.5872,1480,2/24/26,0.04,19.9
DEG_FOU,-76.2765,42.5872,1480,2/25/26,0.18,16.6
DEG_FOU,-76.2765,42.5872,1480,2/26/26,0.03,30.6
DEG_FOU,-76.2765,42.5872,1480,2/27/26,0,18.4
DEG_FOU,-76.2765,42.5872,1480,2/28/26,0,28.6
DEG_FOU,-76.2765,42.5872,1480,3/1/26,0.03,35
DEG_FOU,-76.2765,42.5872,1480,3/2/26,0,13.4
DEG_FOU,-76.2765,42.5872,1480,3/3/26,0,16
DEG_FOU,-76.2765,42.5872,1480,3/4/26,0.34,30.2
DEG_FOU,-76.2765,42.5872,1480,3/5/26,0,37.8
DEG_FOU,-76.2765,42.5872,1480,3/6/26,0.66,37.3
DEG_FOU,-76.2765,42.5872,1480,3/7/26,0,36.7
DEG_FOU,-76.2765,42.5872,1480,3/8/26,0.25,49.1
DEG_FOU,-76.2765,42.5872,1480,3/9/26,0,44.7
DEG_FOU,-76.2765,42.5872,1480,3/10/26,0,51.8
DEG_FOU,-76.2765,42.5872,1480,3/11/26,0,54.2
DEG_FOU,-76.2765,42.5872,1480,3/12/26,0.19,49.4
DEG_FOU,-76.2765,42.5872,1480,3/13/26,0.04,24.1
DEG_FOU,-76.2765,42.5872,1480,3/14/26,0.2,27.9
DEG_FOU,-76.2765,42.5872,1480,3/15/26,0,25.3
DEG_FOU,-76.2765,42.5872,1480,3/16/26,0,37.5
DEG_FOU,-76.2765,42.5872,1480,3/17/26,0.65,41.3
DEG_FOU,-76.2765,42.5872,1480,3/18/26,0,16
DEG_FOU,-76.2765,42.5872,1480,3/19/26,0,19.5
DEG_FOU,-76.2765,42.5872,1480,3/20/26,0.02,34.4
DEG_FOU,-76.2765,42.5872,1480,3/21/26,0.45,36.8
DEG_FOU,-76.2765,42.5872,1480,3/22/26,0.02,35.6
DEG_FOU,-76.2765,42.5872,1480,3/23/26,0.22,38
DEG_FOU,-76.2765,42.5872,1480,3/24/26,0.02,27.6
DEG_FOU,-76.2765,42.5872,1480,3/25/26,0,32.1
DEG_FOU,-76.2765,42.5872,1480,3/26/26,0.02,38.8
DEG_FOU,-76.2765,42.5872,1480,3/27/26,0.9,46.6
DEG_FOU,-76.2765,42.5872,1480,3/28/26,0,22.8
DEG_FOU,-76.2765,42.5872,1480,3/29/26,0,25.9
DEG_FOU,-76.2765,42.5872,1480,3/30/26,0,39
DEG_FOU,-76.2765,42.5872,1480,3/31/26,0.5,55.4
DEG_FOU,-76.2765,42.5872,1480,4/1/26,1.62,55.9
DEG_FOU,-76.2765,42.5872,1480,4/2/26,0.43,39.5
DEG_FOU,-76.2765,42.5872,1480,4/3/26,0.06,41.4
DEG_FOU,-76.2765,42.5872,1480,4/4/26,0.02,53.6
DEG_FOU,-76.2765,42.5872,1480,4/5/26,0.51,52.7
DEG_FOU,-76.2765,42.5872,1480,4/6/26,0.2,39.8
DEG_FOU,-76.2765,42.5872,1480,4/7/26,0.07,34.5
DEG_FOU,-76.2765,42.5872,1480,4/8/26,0,21.6
DEG_FOU,-76.2765,42.5872,1480,4/9/26,0,35.3
DEG_FOU,-76.2765,42.5872,1480,4/10/26,0,49.7
DEG_FOU,-76.2765,42.5872,1480,4/11/26,0.25,53.6
DEG_FOU,-76.2765,42.5872,1480,4/12/26,0,36.8
DEG_FOU,-76.2765,42.5872,1480,4/13/26,0,45.7
DEG_FOU,-76.2765,42.5872,1480,4/14/26,0.01,62.6
DEG_FOU,-76.2765,42.5872,1480,4/15/26,0,62.7
DEG_FOU,-76.2765,42.5872,1480,4/16/26,0.43,66.8
DEG_FOU,-76.2765,42.5872,1480,4/17/26,0.2,68.3
DEG_FOU,-76.2765,42.5872,1480,4/18/26,0,52.6
DEG_FOU,-76.2765,42.5872,1480,4/19/26,1.14,53.3
DEG_FOU,-76.2765,42.5872,1480,4/20/26,0.19,33.3
DEG_FOU,-76.2765,42.5872,1480,4/21/26,0.05,27.8
DEG_FOU,-76.2765,42.5872,1480,4/22/26,0.01,39.2
DEG_FOU,-76.2765,42.5872,1480,4/23/26,0,52.5
DEG_FOU,-76.2765,42.5872,1480,4/24/26,0,50.2
DEG_FOU,-76.2765,42.5872,1480,4/25/26,0.05,50.3
DEG_FOU,-76.2765,42.5872,1480,4/26/26,0.56,39.9
DEG_FOU,-76.2765,42.5872,1480,4/27/26,0,46.9
DEG_FOU,-76.2765,42.5872,1480,4/28/26,0,57
DEG_FOU,-76.2765,42.5872,1480,4/29/26,0.02,54.8
DEG_FOU,-76.2765,42.5872,1480,4/30/26,0.81,48.6
DEG_FOU,-76.2765,42.5872,1480,5/1/26,0,39.3
DEG_FOU,-76.2765,42.5872,1480,5/2/26,0.15,42.7
DEG_FOU,-76.2765,42.5872,1480,5/3/26,0,39.7
DEG_FOU,-76.2765,42.5872,1480,5/4/26,0,45.2
DEG_FOU,-76.2765,42.5872,1480,5/5/26,0,59.5
DEG_FOU,-76.2765,42.5872,1480,5/6/26,0.47,58.5
DEG_FOU,-76.2765,42.5872,1480,5/7/26,0.23,39.3
DEG_FOU,-76.2765,42.5872,1480,5/8/26,0,43
DEG_FOU,-76.2765,42.5872,1480,5/9/26,0.19,43.9
DEG_FOU,-76.2765,42.5872,1480,5/10/26,0.3,49.8
DEG_FOU,-76.2765,42.5872,1480,5/11/26,0,44.7
DEG_FOU,-76.2765,42.5872,1480,5/12/26,0,41.3
DEG_FOU,-76.2765,42.5872,1480,5/13/26,0.23,49.5
DEG_FOU,-76.2765,42.5872,1480,5/14/26,0.19,52.9
DEG_FOU,-76.2765,42.5872,1480,5/15/26,0,44.3
DEG_FOU,-76.2765,42.5872,1480,5/16/26,0,50.4
DEG_FOU,-76.2765,42.5872,1480,5/17/26,0.07,63.5
DEG_FOU,-76.2765,42.5872,1480,5/18/26,0,69.4
DEG_FOU,-76.2765,42.5872,1480,5/19/26,0,74.5
DEG_FOU,-76.2765,42.5872,1480,5/20/26,0,74.4
DEG_FOU,-76.2765,42.5872,1480,5/21/26,0.02,55.9
DEG_FOU,-76.2765,42.5872,1480,5/22/26,0,47
DEG_FOU,-76.2765,42.5872,1480,5/23/26,0.06,54.8
DEG_FOU,-76.2765,42.5872,1480,5/24/26,1.04,47.4
DEG_FOU,-76.2765,42.5872,1480,5/25/26,0.84,52.1
DEG_FOU,-76.2765,42.5872,1480,5/26/26,0,58.2
DEG_FOU,-76.2765,42.5872,1480,5/27/26,0,67
DEG_FOU,-76.2765,42.5872,1480,5/28/26,0,61.9
DEG_FOU,-76.2765,42.5872,1480,5/29/26,0,52.3
DEG_FOU,-76.2765,42.5872,1480,5/30/26,0,55.9
DEG_FOU,-76.2765,42.5872,1480,5/31/26,0,50
DEG_FOU,-76.2765,42.5872,1480,6/1/26,0.03,55
DEG_FOU,-76.2765,42.5872,1480,6/2/26,0,53.4
DEG_FOU,-76.2765,42.5872,1480,6/3/26,0,56.6
DEG_FOU,-76.2765,42.5872,1480,6/4/26,0,61
DEG_FOU,-76.2765,42.5872,1480,6/5/26,0,64.4
DEG_FOU,-76.2765,42.5872,1480,6/6/26,0,71.1
DEG_FOU,-76.2765,42.5872,1480,6/7/26,0.16,68.8
DEG_FOU,-76.2765,42.5872,1480,6/8/26,0,59.9
DEG_FOU,-76.2765,42.5872,1480,6/9/26,0,65.3
DEG_FOU,-76.2765,42.5872,1480,6/10/26,0,75.1
DEG_FOU,-76.2765,42.5872,1480,6/11/26,0.02,72.6
DEG_FOU,-76.2765,42.5872,1480,6/12/26,0.42,77.8
DEG_FOU,-76.2765,42.5872,1480,6/13/26,0,68.2
DEG_FOU,-76.2765,42.5872,1480,6/14/26,0,68.1
DEG_FOU,-76.2765,42.5872,1480,6/15/26,0.75,62.5
DEG_FOU,-76.2765,42.5872,1480,6/16/26,0,51.3
DEG_FOU,-76.2765,42.5872,1480,6/17/26,0,61.9
DEG_FOU,-76.2765,42.5872,1480,6/18/26,0.06,67.2
DEG_FOU,-76.2765,42.5872,1480,6/19/26,0.43,66.6
DEG_FOU,-76.2765,42.5872,1480,6/20/26,0.07,62.1
DEG_FOU,-76.2765,42.5872,1480,6/21/26,0,59
DEG_FOU,-76.2765,42.5872,1480,6/22/26,0.02,62.8
DEG_FOU,-76.2765,42.5872,1480,6/23/26,0.93,57.4
DEG_FOU,-76.2765,42.5872,1480,6/24/26,0,58.9
DEG_FOU,-76.2765,42.5872,1480,6/25/26,0,61.9
DEG_FOU,-76.2765,42.5872,1480,6/26/26,0.24,62.2
DEG_FOU,-76.2765,42.5872,1480,6/27/26,0,65.3
DEG_FOU,-76.2765,42.5872,1480,6/28/26,0,66.7
DEG_FOU,-76.2765,42.5872,1480,6/29/26,0.02,68.4
DEG_FOU,-76.2765,42.5872,1480,6/30/26,0,73
,,,,,,
DEG_FRI_1,-76.5067,42.2511,1047,1/1/26,0.11,18.6
DEG_FRI_1,-76.5067,42.2511,1047,1/2/26,0,14.1
DEG_FRI_1,-76.5067,42.2511,1047,1/3/26,0.02,17.5
DEG_FRI_1,-76.5067,42.2511,1047,1/4/26,0.05,19
DEG_FRI_1,-76.5067,42.2511,1047,1/5/26,0,22
DEG_FRI_1,-76.5067,42.2511,1047,1/6/26,0,26.8
DEG_FRI_1,-76.5067,42.2511,1047,1/7/26,0.19,34.8
DEG_FRI_1,-76.5067,42.2511,1047,1/8/26,0.04,34.8
DEG_FRI_1,-76.5067,42.2511,1047,1/9/26,0,40.8
DEG_FRI_1,-76.5067,42.2511,1047,1/10/26,0.03,40.6
DEG_FRI_1,-76.5067,42.2511,1047,1/11/26,0.35,34.4
DEG_FRI_1,-76.5067,42.2511,1047,1/12/26,0.04,29.4
DEG_FRI_1,-76.5067,42.2511,1047,1/13/26,0,30.8
DEG_FRI_1,-76.5067,42.2511,1047,1/14/26,0,34.6
DEG_FRI_1,-76.5067,42.2511,1047,1/15/26,0.58,36.6
DEG_FRI_1,-76.5067,42.2511,1047,1/16/26,0.06,18.5
DEG_FRI_1,-76.5067,42.2511,1047,1/17/26,0,21.9
DEG_FRI_1,-76.5067,42.2511,1047,1/18/26,0.01,30.1
DEG_FRI_1,-76.5067,42.2511,1047,1/19/26,0,20.8
DEG_FRI_1,-76.5067,42.2511,1047,1/20/26,0,15.2
DEG_FRI_1,-76.5067,42.2511,1047,1/21/26,0,9.4
DEG_FRI_1,-76.5067,42.2511,1047,1/22/26,0.02,17.9
DEG_FRI_1,-76.5067,42.2511,1047,1/23/26,0,25.6
DEG_FRI_1,-76.5067,42.2511,1047,1/24/26,0,10
DEG_FRI_1,-76.5067,42.2511,1047,1/25/26,0.02,4.1
DEG_FRI_1,-76.5067,42.2511,1047,1/26/26,0.98,7.8
DEG_FRI_1,-76.5067,42.2511,1047,1/27/26,0.04,8.7
DEG_FRI_1,-76.5067,42.2511,1047,1/28/26,0,7.8
DEG_FRI_1,-76.5067,42.2511,1047,1/29/26,0,9
DEG_FRI_1,-76.5067,42.2511,1047,1/30/26,0,7.7
DEG_FRI_1,-76.5067,42.2511,1047,1/31/26,0,4.7
DEG_FRI_1,-76.5067,42.2511,1047,2/1/26,0,8.9
DEG_FRI_1,-76.5067,42.2511,1047,2/2/26,0.01,9.4
DEG_FRI_1,-76.5067,42.2511,1047,2/3/26,0,14.1
DEG_FRI_1,-76.5067,42.2511,1047,2/4/26,0.01,19.9
DEG_FRI_1,-76.5067,42.2511,1047,2/5/26,0,14.2
DEG_FRI_1,-76.5067,42.2511,1047,2/6/26,0,14.1
DEG_FRI_1,-76.5067,42.2511,1047,2/7/26,0.15,12.3
DEG_FRI_1,-76.5067,42.2511,1047,2/8/26,0,-0.5
DEG_FRI_1,-76.5067,42.2511,1047,2/9/26,0,1.5
DEG_FRI_1,-76.5067,42.2511,1047,2/10/26,0,9.8
DEG_FRI_1,-76.5067,42.2511,1047,2/11/26,0.01,27.6
DEG_FRI_1,-76.5067,42.2511,1047,2/12/26,0.06,26.3
DEG_FRI_1,-76.5067,42.2511,1047,2/13/26,0.03,15.8
DEG_FRI_1,-76.5067,42.2511,1047,2/14/26,0,18.3
DEG_FRI_1,-76.5067,42.2511,1047,2/15/26,0,26.7
DEG_FRI_1,-76.5067,42.2511,1047,2/16/26,0,29.9
DEG_FRI_1,-76.5067,42.2511,1047,2/17/26,0,40.9
DEG_FRI_1,-76.5067,42.2511,1047,2/18/26,0,38.7
DEG_FRI_1,-76.5067,42.2511,1047,2/19/26,0.45,33.9
DEG_FRI_1,-76.5067,42.2511,1047,2/20/26,0.13,35.8
DEG_FRI_1,-76.5067,42.2511,1047,2/21/26,0.36,35.7
DEG_FRI_1,-76.5067,42.2511,1047,2/22/26,0.07,32.3
DEG_FRI_1,-76.5067,42.2511,1047,2/23/26,0.36,30.6
DEG_FRI_1,-76.5067,42.2511,1047,2/24/26,0.07,21.1
DEG_FRI_1,-76.5067,42.2511,1047,2/25/26,0.13,18.5
DEG_FRI_1,-76.5067,42.2511,1047,2/26/26,0.04,32.6
DEG_FRI_1,-76.5067,42.2511,1047,2/27/26,0,22.4
DEG_FRI_1,-76.5067,42.2511,1047,2/28/26,0,32.6
DEG_FRI_1,-76.5067,42.2511,1047,3/1/26,0.08,38.5
DEG_FRI_1,-76.5067,42.2511,1047,3/2/26,0,15.8
DEG_FRI_1,-76.5067,42.2511,1047,3/3/26,0,19.1
DEG_FRI_1,-76.5067,42.2511,1047,3/4/26,0.46,31.3
DEG_FRI_1,-76.5067,42.2511,1047,3/5/26,0.02,40.5
DEG_FRI_1,-76.5067,42.2511,1047,3/6/26,0.74,38.8
DEG_FRI_1,-76.5067,42.2511,1047,3/7/26,0,39.3
DEG_FRI_1,-76.5067,42.2511,1047,3/8/26,0.16,50.8
DEG_FRI_1,-76.5067,42.2511,1047,3/9/26,0,47.8
DEG_FRI_1,-76.5067,42.2511,1047,3/10/26,0,54
DEG_FRI_1,-76.5067,42.2511,1047,3/11/26,0,58.2
DEG_FRI_1,-76.5067,42.2511,1047,3/12/26,0.24,51.1
DEG_FRI_1,-76.5067,42.2511,1047,3/13/26,0.02,26.3
DEG_FRI_1,-76.5067,42.2511,1047,3/14/26,0.16,30.6
DEG_FRI_1,-76.5067,42.2511,1047,3/15/26,0,30.1
DEG_FRI_1,-76.5067,42.2511,1047,3/16/26,0.03,40.7
DEG_FRI_1,-76.5067,42.2511,1047,3/17/26,0.88,42.8
DEG_FRI_1,-76.5067,42.2511,1047,3/18/26,0.03,18.4
DEG_FRI_1,-76.5067,42.2511,1047,3/19/26,0,21.7
DEG_FRI_1,-76.5067,42.2511,1047,3/20/26,0.04,36.7
DEG_FRI_1,-76.5067,42.2511,1047,3/21/26,0.38,38.6
DEG_FRI_1,-76.5067,42.2511,1047,3/22/26,0.03,36.9
DEG_FRI_1,-76.5067,42.2511,1047,3/23/26,0.37,40.1
DEG_FRI_1,-76.5067,42.2511,1047,3/24/26,0.04,29.1
DEG_FRI_1,-76.5067,42.2511,1047,3/25/26,0,34.1
DEG_FRI_1,-76.5067,42.2511,1047,3/26/26,0.01,40.2
DEG_FRI_1,-76.5067,42.2511,1047,3/27/26,0.79,49.4
DEG_FRI_1,-76.5067,42.2511,1047,3/28/26,0,24.3
DEG_FRI_1,-76.5067,42.2511,1047,3/29/26,0,27.1
DEG_FRI_1,-76.5067,42.2511,1047,3/30/26,0,40.8
DEG_FRI_1,-76.5067,42.2511,1047,3/31/26,0.2,55.5
DEG_FRI_1,-76.5067,42.2511,1047,4/1/26,0.89,58.5
DEG_FRI_1,-76.5067,42.2511,1047,4/2/26,0.46,41.3
DEG_FRI_1,-76.5067,42.2511,1047,4/3/26,0.06,42.6
DEG_FRI_1,-76.5067,42.2511,1047,4/4/26,0.07,56
DEG_FRI_1,-76.5067,42.2511,1047,4/5/26,0.45,55.2
DEG_FRI_1,-76.5067,42.2511,1047,4/6/26,0.25,42.3
DEG_FRI_1,-76.5067,42.2511,1047,4/7/26,0.07,37.1
DEG_FRI_1,-76.5067,42.2511,1047,4/8/26,0,23.9
DEG_FRI_1,-76.5067,42.2511,1047,4/9/26,0,37.2
DEG_FRI_1,-76.5067,42.2511,1047,4/10/26,0,50.9
DEG_FRI_1,-76.5067,42.2511,1047,4/11/26,0.29,55.8
DEG_FRI_1,-76.5067,42.2511,1047,4/12/26,0,39.1
DEG_FRI_1,-76.5067,42.2511,1047,4/13/26,0,48.4
DEG_FRI_1,-76.5067,42.2511,1047,4/14/26,0.06,65.1
DEG_FRI_1,-76.5067,42.2511,1047,4/15/26,0.11,65.2
DEG_FRI_1,-76.5067,42.2511,1047,4/16/26,0.48,69.2
DEG_FRI_1,-76.5067,42.2511,1047,4/17/26,0.09,69
DEG_FRI_1,-76.5067,42.2511,1047,4/18/26,0,54.5
DEG_FRI_1,-76.5067,42.2511,1047,4/19/26,1,54.7
DEG_FRI_1,-76.5067,42.2511,1047,4/20/26,0.2,35.4
DEG_FRI_1,-76.5067,42.2511,1047,4/21/26,0.02,28.7
DEG_FRI_1,-76.5067,42.2511,1047,4/22/26,0.01,41.1
DEG_FRI_1,-76.5067,42.2511,1047,4/23/26,0,54.2
DEG_FRI_1,-76.5067,42.2511,1047,4/24/26,0,51.9
DEG_FRI_1,-76.5067,42.2511,1047,4/25/26,0.11,51.8
DEG_FRI_1,-76.5067,42.2511,1047,4/26/26,0.67,41.1
DEG_FRI_1,-76.5067,42.2511,1047,4/27/26,0,47.6
DEG_FRI_1,-76.5067,42.2511,1047,4/28/26,0,57.8
DEG_FRI_1,-76.5067,42.2511,1047,4/29/26,0.03,54.4
DEG_FRI_1,-76.5067,42.2511,1047,4/30/26,0.69,48.7
DEG_FRI_1,-76.5067,42.2511,1047,5/1/26,0,41.2
DEG_FRI_1,-76.5067,42.2511,1047,5/2/26,0.17,42.9
DEG_FRI_1,-76.5067,42.2511,1047,5/3/26,0,40.5
DEG_FRI_1,-76.5067,42.2511,1047,5/4/26,0,46.1
DEG_FRI_1,-76.5067,42.2511,1047,5/5/26,0.01,60.2
DEG_FRI_1,-76.5067,42.2511,1047,5/6/26,0.35,59.5
DEG_FRI_1,-76.5067,42.2511,1047,5/7/26,0.27,40.4
DEG_FRI_1,-76.5067,42.2511,1047,5/8/26,0,43.9
DEG_FRI_1,-76.5067,42.2511,1047,5/9/26,0.23,46.2
DEG_FRI_1,-76.5067,42.2511,1047,5/10/26,0.26,51.3
DEG_FRI_1,-76.5067,42.2511,1047,5/11/26,0,46.6
DEG_FRI_1,-76.5067,42.2511,1047,5/12/26,0,42.7
DEG_FRI_1,-76.5067,42.2511,1047,5/13/26,0.12,51
DEG_FRI_1,-76.5067,42.2511,1047,5/14/26,0.36,53.8
DEG_FRI_1,-76.5067,42.2511,1047,5/15/26,0.08,44
DEG_FRI_1,-76.5067,42.2511,1047,5/16/26,0,51.8
DEG_FRI_1,-76.5067,42.2511,1047,5/17/26,0.02,64.4
DEG_FRI_1,-76.5067,42.2511,1047,5/18/26,0.01,71.3
DEG_FRI_1,-76.5067,42.2511,1047,5/19/26,0,76.2
DEG_FRI_1,-76.5067,42.2511,1047,5/20/26,0,75.3
DEG_FRI_1,-76.5067,42.2511,1047,5/21/26,0,57.8
DEG_FRI_1,-76.5067,42.2511,1047,5/22/26,0,47.4
DEG_FRI_1,-76.5067,42.2511,1047,5/23/26,0.06,54.7
DEG_FRI_1,-76.5067,42.2511,1047,5/24/26,0.97,46.2
DEG_FRI_1,-76.5067,42.2511,1047,5/25/26,0.63,52.9
DEG_FRI_1,-76.5067,42.2511,1047,5/26/26,0,59.3
DEG_FRI_1,-76.5067,42.2511,1047,5/27/26,0,68.9
DEG_FRI_1,-76.5067,42.2511,1047,5/28/26,0,65.3
DEG_FRI_1,-76.5067,42.2511,1047,5/29/26,0,52.7
DEG_FRI_1,-76.5067,42.2511,1047,5/30/26,0,59.9
DEG_FRI_1,-76.5067,42.2511,1047,5/31/26,0,50.2
DEG_FRI_1,-76.5067,42.2511,1047,6/1/26,0,57
DEG_FRI_1,-76.5067,42.2511,1047,6/2/26,0,54.8
DEG_FRI_1,-76.5067,42.2511,1047,6/3/26,0,57.8
DEG_FRI_1,-76.5067,42.2511,1047,6/4/26,0,62.8
DEG_FRI_1,-76.5067,42.2511,1047,6/5/26,0,67.2
DEG_FRI_1,-76.5067,42.2511,1047,6/6/26,0,72.8
DEG_FRI_1,-76.5067,42.2511,1047,6/7/26,0.05,68.8
DEG_FRI_1,-76.5067,42.2511,1047,6/8/26,0,62.1
DEG_FRI_1,-76.5067,42.2511,1047,6/9/26,0,66.2
DEG_FRI_1,-76.5067,42.2511,1047,6/10/26,0,75.4
DEG_FRI_1,-76.5067,42.2511,1047,6/11/26,0.05,73.6
DEG_FRI_1,-76.5067,42.2511,1047,6/12/26,1.43,79.1
DEG_FRI_1,-76.5067,42.2511,1047,6/13/26,0.21,69.8
DEG_FRI_1,-76.5067,42.2511,1047,6/14/26,0,70.2
DEG_FRI_1,-76.5067,42.2511,1047,6/15/26,0.9,63.1
DEG_FRI_1,-76.5067,42.2511,1047,6/16/26,0,52.7
DEG_FRI_1,-76.5067,42.2511,1047,6/17/26,0,62.7
DEG_FRI_1,-76.5067,42.2511,1047,6/18/26,0.1,67.3
DEG_FRI_1,-76.5067,42.2511,1047,6/19/26,0.26,67.6
DEG_FRI_1,-76.5067,42.2511,1047,6/20/26,0.09,63.2
DEG_FRI_1,-76.5067,42.2511,1047,6/21/26,0,61.8
DEG_FRI_1,-76.5067,42.2511,1047,6/22/26,0.03,64.7
DEG_FRI_1,-76.5067,42.2511,1047,6/23/26,0.99,58.5
DEG_FRI_1,-76.5067,42.2511,1047,6/24/26,0,60.6
DEG_FRI_1,-76.5067,42.2511,1047,6/25/26,0,64.6
DEG_FRI_1,-76.5067,42.2511,1047,6/26/26,0.13,62.5
DEG_FRI_1,-76.5067,42.2511,1047,6/27/26,0,68.6
DEG_FRI_1,-76.5067,42.2511,1047,6/28/26,0,68.7
DEG_FRI_1,-76.5067,42.2511,1047,6/29/26,0,71.5
DEG_FRI_1,-76.5067,42.2511,1047,6/30/26,0,75.2
,,,,,,
DEG_LAF_1,-76.4738,42.6514,1230,1/1/26,0.05,17.8
DEG_LAF_1,-76.4738,42.6514,1230,1/2/26,0,12.3
DEG_LAF_1,-76.4738,42.6514,1230,1/3/26,0,17.7
DEG_LAF_1,-76.4738,42.6514,1230,1/4/26,0.07,19
DEG_LAF_1,-76.4738,42.6514,1230,1/5/26,0,22.3
DEG_LAF_1,-76.4738,42.6514,1230,1/6/26,0.05,26.6
DEG_LAF_1,-76.4738,42.6514,1230,1/7/26,0.36,32.9
DEG_LAF_1,-76.4738,42.6514,1230,1/8/26,0.05,33.3
DEG_LAF_1,-76.4738,42.6514,1230,1/9/26,0,39.4
DEG_LAF_1,-76.4738,42.6514,1230,1/10/26,0,40.8
DEG_LAF_1,-76.4738,42.6514,1230,1/11/26,0.34,35.2
DEG_LAF_1,-76.4738,42.6514,1230,1/12/26,0.01,28.1
DEG_LAF_1,-76.4738,42.6514,1230,1/13/26,0,30
DEG_LAF_1,-76.4738,42.6514,1230,1/14/26,0,36.2
DEG_LAF_1,-76.4738,42.6514,1230,1/15/26,0.46,34.3
DEG_LAF_1,-76.4738,42.6514,1230,1/16/26,0.04,16.7
DEG_LAF_1,-76.4738,42.6514,1230,1/17/26,0.01,21.2
DEG_LAF_1,-76.4738,42.6514,1230,1/18/26,0,28.9
DEG_LAF_1,-76.4738,42.6514,1230,1/19/26,0,20.1
DEG_LAF_1,-76.4738,42.6514,1230,1/20/26,0,16.2
DEG_LAF_1,-76.4738,42.6514,1230,1/21/26,0,9.7
DEG_LAF_1,-76.4738,42.6514,1230,1/22/26,0.04,19.3
DEG_LAF_1,-76.4738,42.6514,1230,1/23/26,0.02,23.7
DEG_LAF_1,-76.4738,42.6514,1230,1/24/26,0,6.1
DEG_LAF_1,-76.4738,42.6514,1230,1/25/26,0,1.5
DEG_LAF_1,-76.4738,42.6514,1230,1/26/26,0.75,7.5
DEG_LAF_1,-76.4738,42.6514,1230,1/27/26,0,8.7
DEG_LAF_1,-76.4738,42.6514,1230,1/28/26,0,8.9
DEG_LAF_1,-76.4738,42.6514,1230,1/29/26,0,7.8
DEG_LAF_1,-76.4738,42.6514,1230,1/30/26,0.03,7
DEG_LAF_1,-76.4738,42.6514,1230,1/31/26,0.01,4.4
DEG_LAF_1,-76.4738,42.6514,1230,2/1/26,0.01,7.8
DEG_LAF_1,-76.4738,42.6514,1230,2/2/26,0,7.4
DEG_LAF_1,-76.4738,42.6514,1230,2/3/26,0,10.6
DEG_LAF_1,-76.4738,42.6514,1230,2/4/26,0.02,18.6
DEG_LAF_1,-76.4738,42.6514,1230,2/5/26,0,12.6
DEG_LAF_1,-76.4738,42.6514,1230,2/6/26,0,12.3
DEG_LAF_1,-76.4738,42.6514,1230,2/7/26,0.13,11.6
DEG_LAF_1,-76.4738,42.6514,1230,2/8/26,0,-2.2
DEG_LAF_1,-76.4738,42.6514,1230,2/9/26,0,-1.4
DEG_LAF_1,-76.4738,42.6514,1230,2/10/26,0,10.1
DEG_LAF_1,-76.4738,42.6514,1230,2/11/26,0.08,27.7
DEG_LAF_1,-76.4738,42.6514,1230,2/12/26,0.12,25.4
DEG_LAF_1,-76.4738,42.6514,1230,2/13/26,0.02,16.9
DEG_LAF_1,-76.4738,42.6514,1230,2/14/26,0,19.3
DEG_LAF_1,-76.4738,42.6514,1230,2/15/26,0,27.3
DEG_LAF_1,-76.4738,42.6514,1230,2/16/26,0,30.1
DEG_LAF_1,-76.4738,42.6514,1230,2/17/26,0,38.5
DEG_LAF_1,-76.4738,42.6514,1230,2/18/26,0,36.3
DEG_LAF_1,-76.4738,42.6514,1230,2/19/26,0.45,34
DEG_LAF_1,-76.4738,42.6514,1230,2/20/26,0.05,35.1
DEG_LAF_1,-76.4738,42.6514,1230,2/21/26,0.32,35.2
DEG_LAF_1,-76.4738,42.6514,1230,2/22/26,0.03,30.9
DEG_LAF_1,-76.4738,42.6514,1230,2/23/26,0.29,30.5
DEG_LAF_1,-76.4738,42.6514,1230,2/24/26,0,20.1
DEG_LAF_1,-76.4738,42.6514,1230,2/25/26,0.14,17.3
DEG_LAF_1,-76.4738,42.6514,1230,2/26/26,0.02,31.2
DEG_LAF_1,-76.4738,42.6514,1230,2/27/26,0,19.1
DEG_LAF_1,-76.4738,42.6514,1230,2/28/26,0,30.7
DEG_LAF_1,-76.4738,42.6514,1230,3/1/26,0.05,35.7
DEG_LAF_1,-76.4738,42.6514,1230,3/2/26,0,13.8
DEG_LAF_1,-76.4738,42.6514,1230,3/3/26,0,16.9
DEG_LAF_1,-76.4738,42.6514,1230,3/4/26,0.15,31
DEG_LAF_1,-76.4738,42.6514,1230,3/5/26,0,38.8
DEG_LAF_1,-76.4738,42.6514,1230,3/6/26,0.6,38.5
DEG_LAF_1,-76.4738,42.6514,1230,3/7/26,0,38.4
DEG_LAF_1,-76.4738,42.6514,1230,3/8/26,0.17,50.6
DEG_LAF_1,-76.4738,42.6514,1230,3/9/26,0,46.9
DEG_LAF_1,-76.4738,42.6514,1230,3/10/26,0,54.1
DEG_LAF_1,-76.4738,42.6514,1230,3/11/26,0,56.4
DEG_LAF_1,-76.4738,42.6514,1230,3/12/26,0.14,49.9
DEG_LAF_1,-76.4738,42.6514,1230,3/13/26,0.01,25.9
DEG_LAF_1,-76.4738,42.6514,1230,3/14/26,0.14,29.9
DEG_LAF_1,-76.4738,42.6514,1230,3/15/26,0,26.5
DEG_LAF_1,-76.4738,42.6514,1230,3/16/26,0,39.1
DEG_LAF_1,-76.4738,42.6514,1230,3/17/26,0.84,41.4
DEG_LAF_1,-76.4738,42.6514,1230,3/18/26,0,17
DEG_LAF_1,-76.4738,42.6514,1230,3/19/26,0,21.3
DEG_LAF_1,-76.4738,42.6514,1230,3/20/26,0.01,35.4
DEG_LAF_1,-76.4738,42.6514,1230,3/21/26,0.42,37.6
DEG_LAF_1,-76.4738,42.6514,1230,3/22/26,0.01,35.9
DEG_LAF_1,-76.4738,42.6514,1230,3/23/26,0.22,38.2
DEG_LAF_1,-76.4738,42.6514,1230,3/24/26,0,27.7
DEG_LAF_1,-76.4738,42.6514,1230,3/25/26,0,33
DEG_LAF_1,-76.4738,42.6514,1230,3/26/26,0.02,40
DEG_LAF_1,-76.4738,42.6514,1230,3/27/26,0.92,46.8
DEG_LAF_1,-76.4738,42.6514,1230,3/28/26,0,23.2
DEG_LAF_1,-76.4738,42.6514,1230,3/29/26,0,26.6
DEG_LAF_1,-76.4738,42.6514,1230,3/30/26,0,40.4
DEG_LAF_1,-76.4738,42.6514,1230,3/31/26,0.57,56.7
DEG_LAF_1,-76.4738,42.6514,1230,4/1/26,1.8,55.6
DEG_LAF_1,-76.4738,42.6514,1230,4/2/26,0.34,38.8
DEG_LAF_1,-76.4738,42.6514,1230,4/3/26,0.03,42.2
DEG_LAF_1,-76.4738,42.6514,1230,4/4/26,0.01,54.4
DEG_LAF_1,-76.4738,42.6514,1230,4/5/26,0.61,53.4
DEG_LAF_1,-76.4738,42.6514,1230,4/6/26,0.11,40.8
DEG_LAF_1,-76.4738,42.6514,1230,4/7/26,0.04,34.5
DEG_LAF_1,-76.4738,42.6514,1230,4/8/26,0,22.9
DEG_LAF_1,-76.4738,42.6514,1230,4/9/26,0,36.6
DEG_LAF_1,-76.4738,42.6514,1230,4/10/26,0,51
DEG_LAF_1,-76.4738,42.6514,1230,4/11/26,0.23,54.2
DEG_LAF_1,-76.4738,42.6514,1230,4/12/26,0,37.9
DEG_LAF_1,-76.4738,42.6514,1230,4/13/26,0,47.1
DEG_LAF_1,-76.4738,42.6514,1230,4/14/26,0.04,63.7
DEG_LAF_1,-76.4738,42.6514,1230,4/15/26,0.1,63.5
DEG_LAF_1,-76.4738,42.6514,1230,4/16/26,0.39,67.7
DEG_LAF_1,-76.4738,42.6514,1230,4/17/26,0.24,68.6
DEG_LAF_1,-76.4738,42.6514,1230,4/18/26,0,52.6
DEG_LAF_1,-76.4738,42.6514,1230,4/19/26,1.02,53.8
DEG_LAF_1,-76.4738,42.6514,1230,4/20/26,0.15,34.1
DEG_LAF_1,-76.4738,42.6514,1230,4/21/26,0.03,28.9
DEG_LAF_1,-76.4738,42.6514,1230,4/22/26,0.01,40.4
DEG_LAF_1,-76.4738,42.6514,1230,4/23/26,0,53.9
DEG_LAF_1,-76.4738,42.6514,1230,4/24/26,0,51.5
DEG_LAF_1,-76.4738,42.6514,1230,4/25/26,0.06,50.2
DEG_LAF_1,-76.4738,42.6514,1230,4/26/26,0.63,40.5
DEG_LAF_1,-76.4738,42.6514,1230,4/27/26,0,47.3
DEG_LAF_1,-76.4738,42.6514,1230,4/28/26,0,58.2
DEG_LAF_1,-76.4738,42.6514,1230,4/29/26,0.02,55.6
DEG_LAF_1,-76.4738,42.6514,1230,4/30/26,0.92,49.2
DEG_LAF_1,-76.4738,42.6514,1230,5/1/26,0,40.6
DEG_LAF_1,-76.4738,42.6514,1230,5/2/26,0.17,43.1
DEG_LAF_1,-76.4738,42.6514,1230,5/3/26,0,40
DEG_LAF_1,-76.4738,42.6514,1230,5/4/26,0,46.2
DEG_LAF_1,-76.4738,42.6514,1230,5/5/26,0,60.4
DEG_LAF_1,-76.4738,42.6514,1230,5/6/26,0.42,58.2
DEG_LAF_1,-76.4738,42.6514,1230,5/7/26,0.17,39.5
DEG_LAF_1,-76.4738,42.6514,1230,5/8/26,0,43.1
DEG_LAF_1,-76.4738,42.6514,1230,5/9/26,0.16,44.8
DEG_LAF_1,-76.4738,42.6514,1230,5/10/26,0.23,51.6
DEG_LAF_1,-76.4738,42.6514,1230,5/11/26,0,45.1
DEG_LAF_1,-76.4738,42.6514,1230,5/12/26,0.01,42
DEG_LAF_1,-76.4738,42.6514,1230,5/13/26,0.2,49.6
DEG_LAF_1,-76.4738,42.6514,1230,5/14/26,0.22,54.2
DEG_LAF_1,-76.4738,42.6514,1230,5/15/26,0,44.3
DEG_LAF_1,-76.4738,42.6514,1230,5/16/26,0,52
DEG_LAF_1,-76.4738,42.6514,1230,5/17/26,0.19,65.1
DEG_LAF_1,-76.4738,42.6514,1230,5/18/26,0,70.9
DEG_LAF_1,-76.4738,42.6514,1230,5/19/26,0,75.9
DEG_LAF_1,-76.4738,42.6514,1230,5/20/26,0,75.9
DEG_LAF_1,-76.4738,42.6514,1230,5/21/26,0.01,56
DEG_LAF_1,-76.4738,42.6514,1230,5/22/26,0,47.6
DEG_LAF_1,-76.4738,42.6514,1230,5/23/26,0.04,55.5
DEG_LAF_1,-76.4738,42.6514,1230,5/24/26,1.11,48.4
DEG_LAF_1,-76.4738,42.6514,1230,5/25/26,1.02,53.5
DEG_LAF_1,-76.4738,42.6514,1230,5/26/26,0,59.4
DEG_LAF_1,-76.4738,42.6514,1230,5/27/26,0,68.9
DEG_LAF_1,-76.4738,42.6514,1230,5/28/26,0,63.2
DEG_LAF_1,-76.4738,42.6514,1230,5/29/26,0,53.7
DEG_LAF_1,-76.4738,42.6514,1230,5/30/26,0,57
DEG_LAF_1,-76.4738,42.6514,1230,5/31/26,0,51.4
DEG_LAF_1,-76.4738,42.6514,1230,6/1/26,0,56
DEG_LAF_1,-76.4738,42.6514,1230,6/2/26,0,54.6
DEG_LAF_1,-76.4738,42.6514,1230,6/3/26,0,58.1
DEG_LAF_1,-76.4738,42.6514,1230,6/4/26,0,62.8
DEG_LAF_1,-76.4738,42.6514,1230,6/5/26,0,66.9
DEG_LAF_1,-76.4738,42.6514,1230,6/6/26,0,72.7
DEG_LAF_1,-76.4738,42.6514,1230,6/7/26,0.16,70.1
DEG_LAF_1,-76.4738,42.6514,1230,6/8/26,0,61.2
DEG_LAF_1,-76.4738,42.6514,1230,6/9/26,0,67.2
DEG_LAF_1,-76.4738,42.6514,1230,6/10/26,0.02,76.4
DEG_LAF_1,-76.4738,42.6514,1230,6/11/26,0.07,74.2
DEG_LAF_1,-76.4738,42.6514,1230,6/12/26,0.71,79
DEG_LAF_1,-76.4738,42.6514,1230,6/13/26,0,70
DEG_LAF_1,-76.4738,42.6514,1230,6/14/26,0,70.4
DEG_LAF_1,-76.4738,42.6514,1230,6/15/26,0.71,63
DEG_LAF_1,-76.4738,42.6514,1230,6/16/26,0,53.3
DEG_LAF_1,-76.4738,42.6514,1230,6/17/26,0,63.6
DEG_LAF_1,-76.4738,42.6514,1230,6/18/26,0.08,68.1
DEG_LAF_1,-76.4738,42.6514,1230,6/19/26,0.17,67.5
DEG_LAF_1,-76.4738,42.6514,1230,6/20/26,0.09,63.8
DEG_LAF_1,-76.4738,42.6514,1230,6/21/26,0,60.9
DEG_LAF_1,-76.4738,42.6514,1230,6/22/26,0.01,64.3
DEG_LAF_1,-76.4738,42.6514,1230,6/23/26,0.78,58.7
DEG_LAF_1,-76.4738,42.6514,1230,6/24/26,0,60.8
DEG_LAF_1,-76.4738,42.6514,1230,6/25/26,0,63.6
DEG_LAF_1,-76.4738,42.6514,1230,6/26/26,0.24,63.3
DEG_LAF_1,-76.4738,42.6514,1230,6/27/26,0,66.7
DEG_LAF_1,-76.4738,42.6514,1230,6/28/26,0,67.9
DEG_LAF_1,-76.4738,42.6514,1230,6/29/26,0,69.9
DEG_LAF_1,-76.4738,42.6514,1230,6/30/26,0,74.7
,,,,,,
DEG_LAF_2,-76.4626,42.6789,1368,1/1/26,0.05,17.4
DEG_LAF_2,-76.4626,42.6789,1368,1/2/26,0,11.6
DEG_LAF_2,-76.4626,42.6789,1368,1/3/26,0,17.4
DEG_LAF_2,-76.4626,42.6789,1368,1/4/26,0.07,18.8
DEG_LAF_2,-76.4626,42.6789,1368,1/5/26,0,21.9
DEG_LAF_2,-76.4626,42.6789,1368,1/6/26,0.05,26.1
DEG_LAF_2,-76.4626,42.6789,1368,1/7/26,0.41,32.5
DEG_LAF_2,-76.4626,42.6789,1368,1/8/26,0.04,32.9
DEG_LAF_2,-76.4626,42.6789,1368,1/9/26,0,38.6
DEG_LAF_2,-76.4626,42.6789,1368,1/10/26,0,40.6
DEG_LAF_2,-76.4626,42.6789,1368,1/11/26,0.35,35.2
DEG_LAF_2,-76.4626,42.6789,1368,1/12/26,0.01,27.5
DEG_LAF_2,-76.4626,42.6789,1368,1/13/26,0,29.7
DEG_LAF_2,-76.4626,42.6789,1368,1/14/26,0,36.2
DEG_LAF_2,-76.4626,42.6789,1368,1/15/26,0.46,33.6
DEG_LAF_2,-76.4626,42.6789,1368,1/16/26,0.04,16.2
DEG_LAF_2,-76.4626,42.6789,1368,1/17/26,0.02,21
DEG_LAF_2,-76.4626,42.6789,1368,1/18/26,0,28.3
DEG_LAF_2,-76.4626,42.6789,1368,1/19/26,0,19.7
DEG_LAF_2,-76.4626,42.6789,1368,1/20/26,0,16
DEG_LAF_2,-76.4626,42.6789,1368,1/21/26,0,9.6
DEG_LAF_2,-76.4626,42.6789,1368,1/22/26,0.04,19
DEG_LAF_2,-76.4626,42.6789,1368,1/23/26,0.02,23.3
DEG_LAF_2,-76.4626,42.6789,1368,1/24/26,0,4.9
DEG_LAF_2,-76.4626,42.6789,1368,1/25/26,0,0.5
DEG_LAF_2,-76.4626,42.6789,1368,1/26/26,0.74,7.1
DEG_LAF_2,-76.4626,42.6789,1368,1/27/26,0,8.4
DEG_LAF_2,-76.4626,42.6789,1368,1/28/26,0,8.7
DEG_LAF_2,-76.4626,42.6789,1368,1/29/26,0,6.9
DEG_LAF_2,-76.4626,42.6789,1368,1/30/26,0.02,6.8
DEG_LAF_2,-76.4626,42.6789,1368,1/31/26,0.01,4
DEG_LAF_2,-76.4626,42.6789,1368,2/1/26,0.02,7.7
DEG_LAF_2,-76.4626,42.6789,1368,2/2/26,0,7.1
DEG_LAF_2,-76.4626,42.6789,1368,2/3/26,0,10.2
DEG_LAF_2,-76.4626,42.6789,1368,2/4/26,0.02,18.4
DEG_LAF_2,-76.4626,42.6789,1368,2/5/26,0,12.7
DEG_LAF_2,-76.4626,42.6789,1368,2/6/26,0,12
DEG_LAF_2,-76.4626,42.6789,1368,2/7/26,0.13,11.2
DEG_LAF_2,-76.4626,42.6789,1368,2/8/26,0,-2.5
DEG_LAF_2,-76.4626,42.6789,1368,2/9/26,0,-1.8
DEG_LAF_2,-76.4626,42.6789,1368,2/10/26,0,9.9
DEG_LAF_2,-76.4626,42.6789,1368,2/11/26,0.07,27.7
DEG_LAF_2,-76.4626,42.6789,1368,2/12/26,0.12,25.1
DEG_LAF_2,-76.4626,42.6789,1368,2/13/26,0.02,16.6
DEG_LAF_2,-76.4626,42.6789,1368,2/14/26,0,19
DEG_LAF_2,-76.4626,42.6789,1368,2/15/26,0,27.6
DEG_LAF_2,-76.4626,42.6789,1368,2/16/26,0,30
DEG_LAF_2,-76.4626,42.6789,1368,2/17/26,0,38.1
DEG_LAF_2,-76.4626,42.6789,1368,2/18/26,0,36
DEG_LAF_2,-76.4626,42.6789,1368,2/19/26,0.46,33.9
DEG_LAF_2,-76.4626,42.6789,1368,2/20/26,0.05,34.9
DEG_LAF_2,-76.4626,42.6789,1368,2/21/26,0.33,34.9
DEG_LAF_2,-76.4626,42.6789,1368,2/22/26,0.03,30.5
DEG_LAF_2,-76.4626,42.6789,1368,2/23/26,0.28,30.4
DEG_LAF_2,-76.4626,42.6789,1368,2/24/26,0,19.9
DEG_LAF_2,-76.4626,42.6789,1368,2/25/26,0.15,17.2
DEG_LAF_2,-76.4626,42.6789,1368,2/26/26,0.02,31
DEG_LAF_2,-76.4626,42.6789,1368,2/27/26,0,18.8
DEG_LAF_2,-76.4626,42.6789,1368,2/28/26,0,30.7
DEG_LAF_2,-76.4626,42.6789,1368,3/1/26,0.05,35
DEG_LAF_2,-76.4626,42.6789,1368,3/2/26,0,13.5
DEG_LAF_2,-76.4626,42.6789,1368,3/3/26,0,16.8
DEG_LAF_2,-76.4626,42.6789,1368,3/4/26,0.11,30.5
DEG_LAF_2,-76.4626,42.6789,1368,3/5/26,0,38.2
DEG_LAF_2,-76.4626,42.6789,1368,3/6/26,0.56,38
DEG_LAF_2,-76.4626,42.6789,1368,3/7/26,0,38.1
DEG_LAF_2,-76.4626,42.6789,1368,3/8/26,0.24,50.1
DEG_LAF_2,-76.4626,42.6789,1368,3/9/26,0,46.5
DEG_LAF_2,-76.4626,42.6789,1368,3/10/26,0,54
DEG_LAF_2,-76.4626,42.6789,1368,3/11/26,0,55.8
DEG_LAF_2,-76.4626,42.6789,1368,3/12/26,0.15,49.3
DEG_LAF_2,-76.4626,42.6789,1368,3/13/26,0.01,25.9
DEG_LAF_2,-76.4626,42.6789,1368,3/14/26,0.14,29.4
DEG_LAF_2,-76.4626,42.6789,1368,3/15/26,0,26
DEG_LAF_2,-76.4626,42.6789,1368,3/16/26,0,38.7
DEG_LAF_2,-76.4626,42.6789,1368,3/17/26,0.94,41
DEG_LAF_2,-76.4626,42.6789,1368,3/18/26,0,16.6
DEG_LAF_2,-76.4626,42.6789,1368,3/19/26,0,20.9
DEG_LAF_2,-76.4626,42.6789,1368,3/20/26,0.01,34.8
DEG_LAF_2,-76.4626,42.6789,1368,3/21/26,0.43,37
DEG_LAF_2,-76.4626,42.6789,1368,3/22/26,0,35.4
DEG_LAF_2,-76.4626,42.6789,1368,3/23/26,0.28,37.6
DEG_LAF_2,-76.4626,42.6789,1368,3/24/26,0,27.3
DEG_LAF_2,-76.4626,42.6789,1368,3/25/26,0,32.5
DEG_LAF_2,-76.4626,42.6789,1368,3/26/26,0.02,39.5
DEG_LAF_2,-76.4626,42.6789,1368,3/27/26,0.92,46.2
DEG_LAF_2,-76.4626,42.6789,1368,3/28/26,0,22.7
DEG_LAF_2,-76.4626,42.6789,1368,3/29/26,0,26.2
DEG_LAF_2,-76.4626,42.6789,1368,3/30/26,0,40
DEG_LAF_2,-76.4626,42.6789,1368,3/31/26,0.54,56.1
DEG_LAF_2,-76.4626,42.6789,1368,4/1/26,1.8,55.1
DEG_LAF_2,-76.4626,42.6789,1368,4/2/26,0.3,38.3
DEG_LAF_2,-76.4626,42.6789,1368,4/3/26,0.03,41.8
DEG_LAF_2,-76.4626,42.6789,1368,4/4/26,0,54.1
DEG_LAF_2,-76.4626,42.6789,1368,4/5/26,0.63,52.8
DEG_LAF_2,-76.4626,42.6789,1368,4/6/26,0.1,40.4
DEG_LAF_2,-76.4626,42.6789,1368,4/7/26,0.05,34.1
DEG_LAF_2,-76.4626,42.6789,1368,4/8/26,0,22.9
DEG_LAF_2,-76.4626,42.6789,1368,4/9/26,0,36.3
DEG_LAF_2,-76.4626,42.6789,1368,4/10/26,0,50.7
DEG_LAF_2,-76.4626,42.6789,1368,4/11/26,0.25,53.7
DEG_LAF_2,-76.4626,42.6789,1368,4/12/26,0,37.6
DEG_LAF_2,-76.4626,42.6789,1368,4/13/26,0,46.7
DEG_LAF_2,-76.4626,42.6789,1368,4/14/26,0.04,63.1
DEG_LAF_2,-76.4626,42.6789,1368,4/15/26,0.15,63.1
DEG_LAF_2,-76.4626,42.6789,1368,4/16/26,0.41,67.1
DEG_LAF_2,-76.4626,42.6789,1368,4/17/26,0.39,68.1
DEG_LAF_2,-76.4626,42.6789,1368,4/18/26,0,52.2
DEG_LAF_2,-76.4626,42.6789,1368,4/19/26,1.03,53.4
DEG_LAF_2,-76.4626,42.6789,1368,4/20/26,0.15,33.8
DEG_LAF_2,-76.4626,42.6789,1368,4/21/26,0.04,28.9
DEG_LAF_2,-76.4626,42.6789,1368,4/22/26,0.02,39.9
DEG_LAF_2,-76.4626,42.6789,1368,4/23/26,0,53.6
DEG_LAF_2,-76.4626,42.6789,1368,4/24/26,0,51.3
DEG_LAF_2,-76.4626,42.6789,1368,4/25/26,0.06,49.7
DEG_LAF_2,-76.4626,42.6789,1368,4/26/26,0.68,40.1
DEG_LAF_2,-76.4626,42.6789,1368,4/27/26,0,47.1
DEG_LAF_2,-76.4626,42.6789,1368,4/28/26,0,57.8
DEG_LAF_2,-76.4626,42.6789,1368,4/29/26,0.02,55.4
DEG_LAF_2,-76.4626,42.6789,1368,4/30/26,0.9,49.1
DEG_LAF_2,-76.4626,42.6789,1368,5/1/26,0,40.4
DEG_LAF_2,-76.4626,42.6789,1368,5/2/26,0.18,42.7
DEG_LAF_2,-76.4626,42.6789,1368,5/3/26,0,39.6
DEG_LAF_2,-76.4626,42.6789,1368,5/4/26,0,45.9
DEG_LAF_2,-76.4626,42.6789,1368,5/5/26,0.03,60.1
DEG_LAF_2,-76.4626,42.6789,1368,5/6/26,0.41,57.7
DEG_LAF_2,-76.4626,42.6789,1368,5/7/26,0.19,38.9
DEG_LAF_2,-76.4626,42.6789,1368,5/8/26,0,43
DEG_LAF_2,-76.4626,42.6789,1368,5/9/26,0.14,44.6
DEG_LAF_2,-76.4626,42.6789,1368,5/10/26,0.19,51.5
DEG_LAF_2,-76.4626,42.6789,1368,5/11/26,0,44.9
DEG_LAF_2,-76.4626,42.6789,1368,5/12/26,0,41.8
DEG_LAF_2,-76.4626,42.6789,1368,5/13/26,0.2,49.2
DEG_LAF_2,-76.4626,42.6789,1368,5/14/26,0.27,54
DEG_LAF_2,-76.4626,42.6789,1368,5/15/26,0,44.1
DEG_LAF_2,-76.4626,42.6789,1368,5/16/26,0,51.9
DEG_LAF_2,-76.4626,42.6789,1368,5/17/26,0.18,65
DEG_LAF_2,-76.4626,42.6789,1368,5/18/26,0,70.7
DEG_LAF_2,-76.4626,42.6789,1368,5/19/26,0,75.8
DEG_LAF_2,-76.4626,42.6789,1368,5/20/26,0,75.5
DEG_LAF_2,-76.4626,42.6789,1368,5/21/26,0.01,55.5
DEG_LAF_2,-76.4626,42.6789,1368,5/22/26,0,47.4
DEG_LAF_2,-76.4626,42.6789,1368,5/23/26,0.04,55.3
DEG_LAF_2,-76.4626,42.6789,1368,5/24/26,1.11,48.4
DEG_LAF_2,-76.4626,42.6789,1368,5/25/26,0.99,53.3
DEG_LAF_2,-76.4626,42.6789,1368,5/26/26,0,59.3
DEG_LAF_2,-76.4626,42.6789,1368,5/27/26,0,68.8
DEG_LAF_2,-76.4626,42.6789,1368,5/28/26,0,62.8
DEG_LAF_2,-76.4626,42.6789,1368,5/29/26,0,53.7
DEG_LAF_2,-76.4626,42.6789,1368,5/30/26,0,56.7
DEG_LAF_2,-76.4626,42.6789,1368,5/31/26,0,51.4
DEG_LAF_2,-76.4626,42.6789,1368,6/1/26,0,55.7
DEG_LAF_2,-76.4626,42.6789,1368,6/2/26,0,54.4
DEG_LAF_2,-76.4626,42.6789,1368,6/3/26,0,57.9
DEG_LAF_2,-76.4626,42.6789,1368,6/4/26,0,62.8
DEG_LAF_2,-76.4626,42.6789,1368,6/5/26,0,66.8
DEG_LAF_2,-76.4626,42.6789,1368,6/6/26,0,72.6
DEG_LAF_2,-76.4626,42.6789,1368,6/7/26,0.13,69.8
DEG_LAF_2,-76.4626,42.6789,1368,6/8/26,0,60.6
DEG_LAF_2,-76.4626,42.6789,1368,6/9/26,0,66.8
DEG_LAF_2,-76.4626,42.6789,1368,6/10/26,0.03,76
DEG_LAF_2,-76.4626,42.6789,1368,6/11/26,0.14,74.1
DEG_LAF_2,-76.4626,42.6789,1368,6/12/26,0.73,78.7
DEG_LAF_2,-76.4626,42.6789,1368,6/13/26,0,69.6
DEG_LAF_2,-76.4626,42.6789,1368,6/14/26,0,70.1
DEG_LAF_2,-76.4626,42.6789,1368,6/15/26,0.66,62.6
DEG_LAF_2,-76.4626,42.6789,1368,6/16/26,0,53
DEG_LAF_2,-76.4626,42.6789,1368,6/17/26,0,63.2
DEG_LAF_2,-76.4626,42.6789,1368,6/18/26,0.09,67.8
DEG_LAF_2,-76.4626,42.6789,1368,6/19/26,0.19,67.3
DEG_LAF_2,-76.4626,42.6789,1368,6/20/26,0.14,63.6
DEG_LAF_2,-76.4626,42.6789,1368,6/21/26,0,60.6
DEG_LAF_2,-76.4626,42.6789,1368,6/22/26,0.01,64
DEG_LAF_2,-76.4626,42.6789,1368,6/23/26,0.79,58.5
DEG_LAF_2,-76.4626,42.6789,1368,6/24/26,0,60.7
DEG_LAF_2,-76.4626,42.6789,1368,6/25/26,0,63.3
DEG_LAF_2,-76.4626,42.6789,1368,6/26/26,0.24,63.2
DEG_LAF_2,-76.4626,42.6789,1368,6/27/26,0,66.2
DEG_LAF_2,-76.4626,42.6789,1368,6/28/26,0,67.7
DEG_LAF_2,-76.4626,42.6789,1368,6/29/26,0,69.5
DEG_LAF_2,-76.4626,42.6789,1368,6/30/26,0,74.4
,,,,,,
DEG_PER_1,-76.252,42.7274,1342,1/1/26,0.08,17.7
DEG_PER_1,-76.252,42.7274,1342,1/2/26,0.01,10.4
DEG_PER_1,-76.252,42.7274,1342,1/3/26,0,17.1
DEG_PER_1,-76.252,42.7274,1342,1/4/26,0.06,18.2
DEG_PER_1,-76.252,42.7274,1342,1/5/26,0.02,21.3
DEG_PER_1,-76.252,42.7274,1342,1/6/26,0.05,26.1
DEG_PER_1,-76.252,42.7274,1342,1/7/26,0.59,31.5
DEG_PER_1,-76.252,42.7274,1342,1/8/26,0.07,32.8
DEG_PER_1,-76.252,42.7274,1342,1/9/26,0,37.8
DEG_PER_1,-76.252,42.7274,1342,1/10/26,0.02,40.3
DEG_PER_1,-76.252,42.7274,1342,1/11/26,0.35,34.8
DEG_PER_1,-76.252,42.7274,1342,1/12/26,0.08,27.5
DEG_PER_1,-76.252,42.7274,1342,1/13/26,0,29.4
DEG_PER_1,-76.252,42.7274,1342,1/14/26,0,36
DEG_PER_1,-76.252,42.7274,1342,1/15/26,0.45,34.4
DEG_PER_1,-76.252,42.7274,1342,1/16/26,0.05,17.1
DEG_PER_1,-76.252,42.7274,1342,1/17/26,0.09,20.9
DEG_PER_1,-76.252,42.7274,1342,1/18/26,0.03,28.3
DEG_PER_1,-76.252,42.7274,1342,1/19/26,0,19.6
DEG_PER_1,-76.252,42.7274,1342,1/20/26,0,15.8
DEG_PER_1,-76.252,42.7274,1342,1/21/26,0,8.7
DEG_PER_1,-76.252,42.7274,1342,1/22/26,0.06,18.3
DEG_PER_1,-76.252,42.7274,1342,1/23/26,0.04,23.5
DEG_PER_1,-76.252,42.7274,1342,1/24/26,0.01,4.9
DEG_PER_1,-76.252,42.7274,1342,1/25/26,0,0
DEG_PER_1,-76.252,42.7274,1342,1/26/26,0.81,7.9
DEG_PER_1,-76.252,42.7274,1342,1/27/26,0.04,8.5
DEG_PER_1,-76.252,42.7274,1342,1/28/26,0.04,8.6
DEG_PER_1,-76.252,42.7274,1342,1/29/26,0,5.7
DEG_PER_1,-76.252,42.7274,1342,1/30/26,0.05,5.9
DEG_PER_1,-76.252,42.7274,1342,1/31/26,0,4
DEG_PER_1,-76.252,42.7274,1342,2/1/26,0.03,7.5
DEG_PER_1,-76.252,42.7274,1342,2/2/26,0.01,5.8
DEG_PER_1,-76.252,42.7274,1342,2/3/26,0,8.8
DEG_PER_1,-76.252,42.7274,1342,2/4/26,0.03,17.2
DEG_PER_1,-76.252,42.7274,1342,2/5/26,0,12.2
DEG_PER_1,-76.252,42.7274,1342,2/6/26,0,12.3
DEG_PER_1,-76.252,42.7274,1342,2/7/26,0.17,11.2
DEG_PER_1,-76.252,42.7274,1342,2/8/26,0,-3.7
DEG_PER_1,-76.252,42.7274,1342,2/9/26,0,-3.5
DEG_PER_1,-76.252,42.7274,1342,2/10/26,0,7.2
DEG_PER_1,-76.252,42.7274,1342,2/11/26,0.07,25.4
DEG_PER_1,-76.252,42.7274,1342,2/12/26,0.2,25
DEG_PER_1,-76.252,42.7274,1342,2/13/26,0.03,18.4
DEG_PER_1,-76.252,42.7274,1342,2/14/26,0,19.1
DEG_PER_1,-76.252,42.7274,1342,2/15/26,0,27.8
DEG_PER_1,-76.252,42.7274,1342,2/16/26,0,31.3
DEG_PER_1,-76.252,42.7274,1342,2/17/26,0,37.4
DEG_PER_1,-76.252,42.7274,1342,2/18/26,0.02,35.8
DEG_PER_1,-76.252,42.7274,1342,2/19/26,0.52,33.6
DEG_PER_1,-76.252,42.7274,1342,2/20/26,0.07,34.5
DEG_PER_1,-76.252,42.7274,1342,2/21/26,0.36,34.1
DEG_PER_1,-76.252,42.7274,1342,2/22/26,0.03,30.4
DEG_PER_1,-76.252,42.7274,1342,2/23/26,0.24,30.2
DEG_PER_1,-76.252,42.7274,1342,2/24/26,0.04,19.8
DEG_PER_1,-76.252,42.7274,1342,2/25/26,0.18,16
DEG_PER_1,-76.252,42.7274,1342,2/26/26,0.06,30.6
DEG_PER_1,-76.252,42.7274,1342,2/27/26,0,17.6
DEG_PER_1,-76.252,42.7274,1342,2/28/26,0,27.6
DEG_PER_1,-76.252,42.7274,1342,3/1/26,0.06,34.6
DEG_PER_1,-76.252,42.7274,1342,3/2/26,0,12.6
DEG_PER_1,-76.252,42.7274,1342,3/3/26,0,16.2
DEG_PER_1,-76.252,42.7274,1342,3/4/26,0.14,30.3
DEG_PER_1,-76.252,42.7274,1342,3/5/26,0,37.9
DEG_PER_1,-76.252,42.7274,1342,3/6/26,0.61,37.4
DEG_PER_1,-76.252,42.7274,1342,3/7/26,0,37.9
DEG_PER_1,-76.252,42.7274,1342,3/8/26,0.31,49.7
DEG_PER_1,-76.252,42.7274,1342,3/9/26,0,44.8
DEG_PER_1,-76.252,42.7274,1342,3/10/26,0,53.2
DEG_PER_1,-76.252,42.7274,1342,3/11/26,0,55
DEG_PER_1,-76.252,42.7274,1342,3/12/26,0.21,49.4
DEG_PER_1,-76.252,42.7274,1342,3/13/26,0.12,24.9
DEG_PER_1,-76.252,42.7274,1342,3/14/26,0.18,27.8
DEG_PER_1,-76.252,42.7274,1342,3/15/26,0.03,25.1
DEG_PER_1,-76.252,42.7274,1342,3/16/26,0,37.8
DEG_PER_1,-76.252,42.7274,1342,3/17/26,0.66,41
DEG_PER_1,-76.252,42.7274,1342,3/18/26,0,16.2
DEG_PER_1,-76.252,42.7274,1342,3/19/26,0,20.1
DEG_PER_1,-76.252,42.7274,1342,3/20/26,0.02,34.5
DEG_PER_1,-76.252,42.7274,1342,3/21/26,0.44,37.2
DEG_PER_1,-76.252,42.7274,1342,3/22/26,0.03,35.5
DEG_PER_1,-76.252,42.7274,1342,3/23/26,0.46,37.8
DEG_PER_1,-76.252,42.7274,1342,3/24/26,0.02,27.7
DEG_PER_1,-76.252,42.7274,1342,3/25/26,0,32.5
DEG_PER_1,-76.252,42.7274,1342,3/26/26,0.02,39.2
DEG_PER_1,-76.252,42.7274,1342,3/27/26,0.94,46.1
DEG_PER_1,-76.252,42.7274,1342,3/28/26,0,23.1
DEG_PER_1,-76.252,42.7274,1342,3/29/26,0,26.2
DEG_PER_1,-76.252,42.7274,1342,3/30/26,0,39.9
DEG_PER_1,-76.252,42.7274,1342,3/31/26,0.48,54.9
DEG_PER_1,-76.252,42.7274,1342,4/1/26,2.23,54.8
DEG_PER_1,-76.252,42.7274,1342,4/2/26,0.32,38.4
DEG_PER_1,-76.252,42.7274,1342,4/3/26,0.1,41.9
DEG_PER_1,-76.252,42.7274,1342,4/4/26,0,53.6
DEG_PER_1,-76.252,42.7274,1342,4/5/26,0.48,52.3
DEG_PER_1,-76.252,42.7274,1342,4/6/26,0.2,40.3
DEG_PER_1,-76.252,42.7274,1342,4/7/26,0.05,33.7
DEG_PER_1,-76.252,42.7274,1342,4/8/26,0.08,22.5
DEG_PER_1,-76.252,42.7274,1342,4/9/26,0,36.1
DEG_PER_1,-76.252,42.7274,1342,4/10/26,0,50.5
DEG_PER_1,-76.252,42.7274,1342,4/11/26,0.34,53.5
DEG_PER_1,-76.252,42.7274,1342,4/12/26,0,36.9
DEG_PER_1,-76.252,42.7274,1342,4/13/26,0.02,46.5
DEG_PER_1,-76.252,42.7274,1342,4/14/26,0.06,61.8
DEG_PER_1,-76.252,42.7274,1342,4/15/26,0.14,62.9
DEG_PER_1,-76.252,42.7274,1342,4/16/26,0.43,66.7
DEG_PER_1,-76.252,42.7274,1342,4/17/26,0.45,68.1
DEG_PER_1,-76.252,42.7274,1342,4/18/26,0.03,52.3
DEG_PER_1,-76.252,42.7274,1342,4/19/26,1.06,53.6
DEG_PER_1,-76.252,42.7274,1342,4/20/26,0.19,33.6
DEG_PER_1,-76.252,42.7274,1342,4/21/26,0.06,28.8
DEG_PER_1,-76.252,42.7274,1342,4/22/26,0.03,39.4
DEG_PER_1,-76.252,42.7274,1342,4/23/26,0,52.5
DEG_PER_1,-76.252,42.7274,1342,4/24/26,0,51.1
DEG_PER_1,-76.252,42.7274,1342,4/25/26,0.02,50.1
DEG_PER_1,-76.252,42.7274,1342,4/26/26,0.76,40
DEG_PER_1,-76.252,42.7274,1342,4/27/26,0,47.4
DEG_PER_1,-76.252,42.7274,1342,4/28/26,0,58.2
DEG_PER_1,-76.252,42.7274,1342,4/29/26,0.03,55.6
DEG_PER_1,-76.252,42.7274,1342,4/30/26,0.89,49.2
DEG_PER_1,-76.252,42.7274,1342,5/1/26,0,40.6
DEG_PER_1,-76.252,42.7274,1342,5/2/26,0.2,43
DEG_PER_1,-76.252,42.7274,1342,5/3/26,0,39.7
DEG_PER_1,-76.252,42.7274,1342,5/4/26,0,45.8
DEG_PER_1,-76.252,42.7274,1342,5/5/26,0.07,60.3
DEG_PER_1,-76.252,42.7274,1342,5/6/26,0.37,57.6
DEG_PER_1,-76.252,42.7274,1342,5/7/26,0.31,39.1
DEG_PER_1,-76.252,42.7274,1342,5/8/26,0.02,43.1
DEG_PER_1,-76.252,42.7274,1342,5/9/26,0.14,44.7
DEG_PER_1,-76.252,42.7274,1342,5/10/26,0.28,51.4
DEG_PER_1,-76.252,42.7274,1342,5/11/26,0,44.5
DEG_PER_1,-76.252,42.7274,1342,5/12/26,0,41.6
DEG_PER_1,-76.252,42.7274,1342,5/13/26,0.27,49.1
DEG_PER_1,-76.252,42.7274,1342,5/14/26,0.28,54
DEG_PER_1,-76.252,42.7274,1342,5/15/26,0.01,44.5
DEG_PER_1,-76.252,42.7274,1342,5/16/26,0,51
DEG_PER_1,-76.252,42.7274,1342,5/17/26,0.11,65
DEG_PER_1,-76.252,42.7274,1342,5/18/26,0,70.1
DEG_PER_1,-76.252,42.7274,1342,5/19/26,0,75.7
DEG_PER_1,-76.252,42.7274,1342,5/20/26,0,75.2
DEG_PER_1,-76.252,42.7274,1342,5/21/26,0.03,55.4
DEG_PER_1,-76.252,42.7274,1342,5/22/26,0,47.6
DEG_PER_1,-76.252,42.7274,1342,5/23/26,0.02,55.8
DEG_PER_1,-76.252,42.7274,1342,5/24/26,0.9,48.7
DEG_PER_1,-76.252,42.7274,1342,5/25/26,0.94,52.8
DEG_PER_1,-76.252,42.7274,1342,5/26/26,0,58.8
DEG_PER_1,-76.252,42.7274,1342,5/27/26,0,68
DEG_PER_1,-76.252,42.7274,1342,5/28/26,0,62.1
DEG_PER_1,-76.252,42.7274,1342,5/29/26,0,53.7
DEG_PER_1,-76.252,42.7274,1342,5/30/26,0.02,56.2
DEG_PER_1,-76.252,42.7274,1342,5/31/26,0,51.2
DEG_PER_1,-76.252,42.7274,1342,6/1/26,0.01,55.1
DEG_PER_1,-76.252,42.7274,1342,6/2/26,0,54.1
DEG_PER_1,-76.252,42.7274,1342,6/3/26,0,56.9
DEG_PER_1,-76.252,42.7274,1342,6/4/26,0,61.4
DEG_PER_1,-76.252,42.7274,1342,6/5/26,0,65.2
DEG_PER_1,-76.252,42.7274,1342,6/6/26,0,71.8
DEG_PER_1,-76.252,42.7274,1342,6/7/26,0.11,69.6
DEG_PER_1,-76.252,42.7274,1342,6/8/26,0,58.9
DEG_PER_1,-76.252,42.7274,1342,6/9/26,0,66.7
DEG_PER_1,-76.252,42.7274,1342,6/10/26,0.04,75.6
DEG_PER_1,-76.252,42.7274,1342,6/11/26,0.09,73.2
DEG_PER_1,-76.252,42.7274,1342,6/12/26,0.44,78.3
DEG_PER_1,-76.252,42.7274,1342,6/13/26,0,68.8
DEG_PER_1,-76.252,42.7274,1342,6/14/26,0,69
DEG_PER_1,-76.252,42.7274,1342,6/15/26,0.6,63.1
DEG_PER_1,-76.252,42.7274,1342,6/16/26,0,52
DEG_PER_1,-76.252,42.7274,1342,6/17/26,0,62.7
DEG_PER_1,-76.252,42.7274,1342,6/18/26,0.09,67.6
DEG_PER_1,-76.252,42.7274,1342,6/19/26,0.25,67.3
DEG_PER_1,-76.252,42.7274,1342,6/20/26,0.13,62.5
DEG_PER_1,-76.252,42.7274,1342,6/21/26,0,59.1
DEG_PER_1,-76.252,42.7274,1342,6/22/26,0,62.9
DEG_PER_1,-76.252,42.7274,1342,6/23/26,0.88,58.2
DEG_PER_1,-76.252,42.7274,1342,6/24/26,0,59.6
DEG_PER_1,-76.252,42.7274,1342,6/25/26,0,62.1
DEG_PER_1,-76.252,42.7274,1342,6/26/26,0.23,62.9
DEG_PER_1,-76.252,42.7274,1342,6/27/26,0,64.9
DEG_PER_1,-76.252,42.7274,1342,6/28/26,0,66.8
DEG_PER_1,-76.252,42.7274,1342,6/29/26,0,68.5
DEG_PER_1,-76.252,42.7274,1342,6/30/26,0,73.4
,,,,,,
DEG_PER_2,-76.2223,42.6728,1358,1/1/26,0.09,18
DEG_PER_2,-76.2223,42.6728,1358,1/2/26,0.04,8.5
DEG_PER_2,-76.2223,42.6728,1358,1/3/26,0,17.1
DEG_PER_2,-76.2223,42.6728,1358,1/4/26,0.06,18
DEG_PER_2,-76.2223,42.6728,1358,1/5/26,0.02,21
DEG_PER_2,-76.2223,42.6728,1358,1/6/26,0.04,25.9
DEG_PER_2,-76.2223,42.6728,1358,1/7/26,0.62,31
DEG_PER_2,-76.2223,42.6728,1358,1/8/26,0.12,33.1
DEG_PER_2,-76.2223,42.6728,1358,1/9/26,0,36.5
DEG_PER_2,-76.2223,42.6728,1358,1/10/26,0.02,40.3
DEG_PER_2,-76.2223,42.6728,1358,1/11/26,0.37,34.6
DEG_PER_2,-76.2223,42.6728,1358,1/12/26,0.08,27.8
DEG_PER_2,-76.2223,42.6728,1358,1/13/26,0,29.8
DEG_PER_2,-76.2223,42.6728,1358,1/14/26,0,35.7
DEG_PER_2,-76.2223,42.6728,1358,1/15/26,0.45,35.4
DEG_PER_2,-76.2223,42.6728,1358,1/16/26,0.08,17.6
DEG_PER_2,-76.2223,42.6728,1358,1/17/26,0.11,20.9
DEG_PER_2,-76.2223,42.6728,1358,1/18/26,0.03,28.7
DEG_PER_2,-76.2223,42.6728,1358,1/19/26,0,20.4
DEG_PER_2,-76.2223,42.6728,1358,1/20/26,0,16
DEG_PER_2,-76.2223,42.6728,1358,1/21/26,0,7.8
DEG_PER_2,-76.2223,42.6728,1358,1/22/26,0.05,17.1
DEG_PER_2,-76.2223,42.6728,1358,1/23/26,0.04,23.6
DEG_PER_2,-76.2223,42.6728,1358,1/24/26,0.03,5.4
DEG_PER_2,-76.2223,42.6728,1358,1/25/26,0,-0.2
DEG_PER_2,-76.2223,42.6728,1358,1/26/26,0.89,8.1
DEG_PER_2,-76.2223,42.6728,1358,1/27/26,0.06,7.9
DEG_PER_2,-76.2223,42.6728,1358,1/28/26,0.04,8.1
DEG_PER_2,-76.2223,42.6728,1358,1/29/26,0,4.7
DEG_PER_2,-76.2223,42.6728,1358,1/30/26,0.06,5.4
DEG_PER_2,-76.2223,42.6728,1358,1/31/26,0,4.4
DEG_PER_2,-76.2223,42.6728,1358,2/1/26,0.03,7.9
DEG_PER_2,-76.2223,42.6728,1358,2/2/26,0.01,5.5
DEG_PER_2,-76.2223,42.6728,1358,2/3/26,0,7.7
DEG_PER_2,-76.2223,42.6728,1358,2/4/26,0.05,16
DEG_PER_2,-76.2223,42.6728,1358,2/5/26,0,10.2
DEG_PER_2,-76.2223,42.6728,1358,2/6/26,0,11.9
DEG_PER_2,-76.2223,42.6728,1358,2/7/26,0.18,11.3
DEG_PER_2,-76.2223,42.6728,1358,2/8/26,0,-3.5
DEG_PER_2,-76.2223,42.6728,1358,2/9/26,0,-3.8
DEG_PER_2,-76.2223,42.6728,1358,2/10/26,0,5.4
DEG_PER_2,-76.2223,42.6728,1358,2/11/26,0.16,23.7
DEG_PER_2,-76.2223,42.6728,1358,2/12/26,0.15,25.4
DEG_PER_2,-76.2223,42.6728,1358,2/13/26,0.04,19.1
DEG_PER_2,-76.2223,42.6728,1358,2/14/26,0.01,18.5
DEG_PER_2,-76.2223,42.6728,1358,2/15/26,0,26.9
DEG_PER_2,-76.2223,42.6728,1358,2/16/26,0,29.6
DEG_PER_2,-76.2223,42.6728,1358,2/17/26,0,36.9
DEG_PER_2,-76.2223,42.6728,1358,2/18/26,0.01,36
DEG_PER_2,-76.2223,42.6728,1358,2/19/26,0.49,33.8
DEG_PER_2,-76.2223,42.6728,1358,2/20/26,0.09,34.4
DEG_PER_2,-76.2223,42.6728,1358,2/21/26,0.37,33.9
DEG_PER_2,-76.2223,42.6728,1358,2/22/26,0.04,31
DEG_PER_2,-76.2223,42.6728,1358,2/23/26,0.32,30.1
DEG_PER_2,-76.2223,42.6728,1358,2/24/26,0.07,20
DEG_PER_2,-76.2223,42.6728,1358,2/25/26,0.22,14.8
DEG_PER_2,-76.2223,42.6728,1358,2/26/26,0.06,30.9
DEG_PER_2,-76.2223,42.6728,1358,2/27/26,0,16.5
DEG_PER_2,-76.2223,42.6728,1358,2/28/26,0,25.6
DEG_PER_2,-76.2223,42.6728,1358,3/1/26,0.04,35.3
DEG_PER_2,-76.2223,42.6728,1358,3/2/26,0,12.2
DEG_PER_2,-76.2223,42.6728,1358,3/3/26,0,16.1
DEG_PER_2,-76.2223,42.6728,1358,3/4/26,0.24,29.9
DEG_PER_2,-76.2223,42.6728,1358,3/5/26,0,37.1
DEG_PER_2,-76.2223,42.6728,1358,3/6/26,0.7,37.1
DEG_PER_2,-76.2223,42.6728,1358,3/7/26,0,37.4
DEG_PER_2,-76.2223,42.6728,1358,3/8/26,0.26,49.1
DEG_PER_2,-76.2223,42.6728,1358,3/9/26,0,44.6
DEG_PER_2,-76.2223,42.6728,1358,3/10/26,0,52.6
DEG_PER_2,-76.2223,42.6728,1358,3/11/26,0,54.5
DEG_PER_2,-76.2223,42.6728,1358,3/12/26,0.21,49.8
DEG_PER_2,-76.2223,42.6728,1358,3/13/26,0.1,23.9
DEG_PER_2,-76.2223,42.6728,1358,3/14/26,0.26,26.9
DEG_PER_2,-76.2223,42.6728,1358,3/15/26,0.02,24.3
DEG_PER_2,-76.2223,42.6728,1358,3/16/26,0,37.1
DEG_PER_2,-76.2223,42.6728,1358,3/17/26,0.74,41.2
DEG_PER_2,-76.2223,42.6728,1358,3/18/26,0.01,15.4
DEG_PER_2,-76.2223,42.6728,1358,3/19/26,0,19.3
DEG_PER_2,-76.2223,42.6728,1358,3/20/26,0.02,34.6
DEG_PER_2,-76.2223,42.6728,1358,3/21/26,0.45,37.5
DEG_PER_2,-76.2223,42.6728,1358,3/22/26,0.03,35
DEG_PER_2,-76.2223,42.6728,1358,3/23/26,0.41,38.2
DEG_PER_2,-76.2223,42.6728,1358,3/24/26,0.03,28.1
DEG_PER_2,-76.2223,42.6728,1358,3/25/26,0,32.7
DEG_PER_2,-76.2223,42.6728,1358,3/26/26,0.04,38.7
DEG_PER_2,-76.2223,42.6728,1358,3/27/26,0.91,46.5
DEG_PER_2,-76.2223,42.6728,1358,3/28/26,0,23
DEG_PER_2,-76.2223,42.6728,1358,3/29/26,0,26.1
DEG_PER_2,-76.2223,42.6728,1358,3/30/26,0,39.2
DEG_PER_2,-76.2223,42.6728,1358,3/31/26,0.41,54.7
DEG_PER_2,-76.2223,42.6728,1358,4/1/26,2.03,55.7
DEG_PER_2,-76.2223,42.6728,1358,4/2/26,0.45,39.3
DEG_PER_2,-76.2223,42.6728,1358,4/3/26,0.1,41.5
DEG_PER_2,-76.2223,42.6728,1358,4/4/26,0.02,53.8
DEG_PER_2,-76.2223,42.6728,1358,4/5/26,0.48,52.7
DEG_PER_2,-76.2223,42.6728,1358,4/6/26,0.25,40.2
DEG_PER_2,-76.2223,42.6728,1358,4/7/26,0.09,34.2
DEG_PER_2,-76.2223,42.6728,1358,4/8/26,0.11,21.9
DEG_PER_2,-76.2223,42.6728,1358,4/9/26,0,35.6
DEG_PER_2,-76.2223,42.6728,1358,4/10/26,0,50
DEG_PER_2,-76.2223,42.6728,1358,4/11/26,0.33,53.6
DEG_PER_2,-76.2223,42.6728,1358,4/12/26,0,36.7
DEG_PER_2,-76.2223,42.6728,1358,4/13/26,0.04,46
DEG_PER_2,-76.2223,42.6728,1358,4/14/26,0.07,62.4
DEG_PER_2,-76.2223,42.6728,1358,4/15/26,0.08,62.8
DEG_PER_2,-76.2223,42.6728,1358,4/16/26,0.46,66.7
DEG_PER_2,-76.2223,42.6728,1358,4/17/26,0.4,68.5
DEG_PER_2,-76.2223,42.6728,1358,4/18/26,0.03,52.7
DEG_PER_2,-76.2223,42.6728,1358,4/19/26,1.2,53.7
DEG_PER_2,-76.2223,42.6728,1358,4/20/26,0.24,33.5
DEG_PER_2,-76.2223,42.6728,1358,4/21/26,0.06,28.1
DEG_PER_2,-76.2223,42.6728,1358,4/22/26,0.04,39.3
DEG_PER_2,-76.2223,42.6728,1358,4/23/26,0,52.1
DEG_PER_2,-76.2223,42.6728,1358,4/24/26,0,50.8
DEG_PER_2,-76.2223,42.6728,1358,4/25/26,0.03,50.6
DEG_PER_2,-76.2223,42.6728,1358,4/26/26,0.75,40.3
DEG_PER_2,-76.2223,42.6728,1358,4/27/26,0,47.1
DEG_PER_2,-76.2223,42.6728,1358,4/28/26,0,57.7
DEG_PER_2,-76.2223,42.6728,1358,4/29/26,0.03,55.2
DEG_PER_2,-76.2223,42.6728,1358,4/30/26,1.05,49.1
DEG_PER_2,-76.2223,42.6728,1358,5/1/26,0,39.9
DEG_PER_2,-76.2223,42.6728,1358,5/2/26,0.18,43.2
DEG_PER_2,-76.2223,42.6728,1358,5/3/26,0,40
DEG_PER_2,-76.2223,42.6728,1358,5/4/26,0,45.6
DEG_PER_2,-76.2223,42.6728,1358,5/5/26,0.04,60.1
DEG_PER_2,-76.2223,42.6728,1358,5/6/26,0.48,58.4
DEG_PER_2,-76.2223,42.6728,1358,5/7/26,0.31,39.4
DEG_PER_2,-76.2223,42.6728,1358,5/8/26,0.01,43
DEG_PER_2,-76.2223,42.6728,1358,5/9/26,0.16,44.3
DEG_PER_2,-76.2223,42.6728,1358,5/10/26,0.38,50.5
DEG_PER_2,-76.2223,42.6728,1358,5/11/26,0,44.6
DEG_PER_2,-76.2223,42.6728,1358,5/12/26,0,41.3
DEG_PER_2,-76.2223,42.6728,1358,5/13/26,0.27,49.6
DEG_PER_2,-76.2223,42.6728,1358,5/14/26,0.27,53.4
DEG_PER_2,-76.2223,42.6728,1358,5/15/26,0.01,44.7
DEG_PER_2,-76.2223,42.6728,1358,5/16/26,0,50.5
DEG_PER_2,-76.2223,42.6728,1358,5/17/26,0.11,64.5
DEG_PER_2,-76.2223,42.6728,1358,5/18/26,0,69.5
DEG_PER_2,-76.2223,42.6728,1358,5/19/26,0,74.9
DEG_PER_2,-76.2223,42.6728,1358,5/20/26,0,75
DEG_PER_2,-76.2223,42.6728,1358,5/21/26,0.02,55.9
DEG_PER_2,-76.2223,42.6728,1358,5/22/26,0,47.2
DEG_PER_2,-76.2223,42.6728,1358,5/23/26,0.03,55.7
DEG_PER_2,-76.2223,42.6728,1358,5/24/26,0.99,48.1
DEG_PER_2,-76.2223,42.6728,1358,5/25/26,0.87,52.4
DEG_PER_2,-76.2223,42.6728,1358,5/26/26,0,58.2
DEG_PER_2,-76.2223,42.6728,1358,5/27/26,0,67.4
DEG_PER_2,-76.2223,42.6728,1358,5/28/26,0,62.2
DEG_PER_2,-76.2223,42.6728,1358,5/29/26,0,53
DEG_PER_2,-76.2223,42.6728,1358,5/30/26,0.01,56.2
DEG_PER_2,-76.2223,42.6728,1358,5/31/26,0,50.6
DEG_PER_2,-76.2223,42.6728,1358,6/1/26,0,54.3
DEG_PER_2,-76.2223,42.6728,1358,6/2/26,0,53.5
DEG_PER_2,-76.2223,42.6728,1358,6/3/26,0,56.4
DEG_PER_2,-76.2223,42.6728,1358,6/4/26,0,60.9
DEG_PER_2,-76.2223,42.6728,1358,6/5/26,0,64.7
DEG_PER_2,-76.2223,42.6728,1358,6/6/26,0,71.4
DEG_PER_2,-76.2223,42.6728,1358,6/7/26,0.12,69.2
DEG_PER_2,-76.2223,42.6728,1358,6/8/26,0,58.5
DEG_PER_2,-76.2223,42.6728,1358,6/9/26,0,66.1
DEG_PER_2,-76.2223,42.6728,1358,6/10/26,0.02,75
DEG_PER_2,-76.2223,42.6728,1358,6/11/26,0.09,72.7
DEG_PER_2,-76.2223,42.6728,1358,6/12/26,0.55,78.1
DEG_PER_2,-76.2223,42.6728,1358,6/13/26,0,68.3
DEG_PER_2,-76.2223,42.6728,1358,6/14/26,0,68.5
DEG_PER_2,-76.2223,42.6728,1358,6/15/26,0.74,63.6
DEG_PER_2,-76.2223,42.6728,1358,6/16/26,0,51.6
DEG_PER_2,-76.2223,42.6728,1358,6/17/26,0,62.2
DEG_PER_2,-76.2223,42.6728,1358,6/18/26,0.08,67.4
DEG_PER_2,-76.2223,42.6728,1358,6/19/26,0.22,67.3
DEG_PER_2,-76.2223,42.6728,1358,6/20/26,0.1,62.2
DEG_PER_2,-76.2223,42.6728,1358,6/21/26,0,58.5
DEG_PER_2,-76.2223,42.6728,1358,6/22/26,0.02,62.3
DEG_PER_2,-76.2223,42.6728,1358,6/23/26,0.88,57.6
DEG_PER_2,-76.2223,42.6728,1358,6/24/26,0,58.9
DEG_PER_2,-76.2223,42.6728,1358,6/25/26,0,61.4
DEG_PER_2,-76.2223,42.6728,1358,6/26/26,0.22,62.1
DEG_PER_2,-76.2223,42.6728,1358,6/27/26,0,64.8
DEG_PER_2,-76.2223,42.6728,1358,6/28/26,0,66.3
DEG_PER_2,-76.2223,42.6728,1358,6/29/26,0.04,67.9
DEG_PER_2,-76.2223,42.6728,1358,6/30/26,0,72.8
,,,,,,
DEG_VIL,-76.1727,42.6929,1234,1/1/26,0.1,18.4
DEG_VIL,-76.1727,42.6929,1234,1/2/26,0.04,9.9
DEG_VIL,-76.1727,42.6929,1234,1/3/26,0,17.4
DEG_VIL,-76.1727,42.6929,1234,1/4/26,0.06,18.5
DEG_VIL,-76.1727,42.6929,1234,1/5/26,0.03,21.7
DEG_VIL,-76.1727,42.6929,1234,1/6/26,0.04,26.4
DEG_VIL,-76.1727,42.6929,1234,1/7/26,0.7,31.6
DEG_VIL,-76.1727,42.6929,1234,1/8/26,0.11,33.5
DEG_VIL,-76.1727,42.6929,1234,1/9/26,0,37.2
DEG_VIL,-76.1727,42.6929,1234,1/10/26,0.02,40.8
DEG_VIL,-76.1727,42.6929,1234,1/11/26,0.38,35
DEG_VIL,-76.1727,42.6929,1234,1/12/26,0.08,28.2
DEG_VIL,-76.1727,42.6929,1234,1/13/26,0,30
DEG_VIL,-76.1727,42.6929,1234,1/14/26,0,36.3
DEG_VIL,-76.1727,42.6929,1234,1/15/26,0.45,35.5
DEG_VIL,-76.1727,42.6929,1234,1/16/26,0.09,18
DEG_VIL,-76.1727,42.6929,1234,1/17/26,0.12,21.4
DEG_VIL,-76.1727,42.6929,1234,1/18/26,0.04,29.1
DEG_VIL,-76.1727,42.6929,1234,1/19/26,0,20.6
DEG_VIL,-76.1727,42.6929,1234,1/20/26,0,16.5
DEG_VIL,-76.1727,42.6929,1234,1/21/26,0,8.5
DEG_VIL,-76.1727,42.6929,1234,1/22/26,0.06,18.2
DEG_VIL,-76.1727,42.6929,1234,1/23/26,0.04,24.3
DEG_VIL,-76.1727,42.6929,1234,1/24/26,0.02,5.9
DEG_VIL,-76.1727,42.6929,1234,1/25/26,0,0.3
DEG_VIL,-76.1727,42.6929,1234,1/26/26,0.86,8.5
DEG_VIL,-76.1727,42.6929,1234,1/27/26,0.05,9
DEG_VIL,-76.1727,42.6929,1234,1/28/26,0.04,9.2
DEG_VIL,-76.1727,42.6929,1234,1/29/26,0,6
DEG_VIL,-76.1727,42.6929,1234,1/30/26,0.06,6.2
DEG_VIL,-76.1727,42.6929,1234,1/31/26,0,4.4
DEG_VIL,-76.1727,42.6929,1234,2/1/26,0.03,8.1
DEG_VIL,-76.1727,42.6929,1234,2/2/26,0.01,6.4
DEG_VIL,-76.1727,42.6929,1234,2/3/26,0,9.2
DEG_VIL,-76.1727,42.6929,1234,2/4/26,0.04,17
DEG_VIL,-76.1727,42.6929,1234,2/5/26,0,11.3
DEG_VIL,-76.1727,42.6929,1234,2/6/26,0,12.6
DEG_VIL,-76.1727,42.6929,1234,2/7/26,0.16,11.6
DEG_VIL,-76.1727,42.6929,1234,2/8/26,0,-3.1
DEG_VIL,-76.1727,42.6929,1234,2/9/26,0,-2.9
DEG_VIL,-76.1727,42.6929,1234,2/10/26,0,6.9
DEG_VIL,-76.1727,42.6929,1234,2/11/26,0.11,25.1
DEG_VIL,-76.1727,42.6929,1234,2/12/26,0.19,25.5
DEG_VIL,-76.1727,42.6929,1234,2/13/26,0.04,18.8
DEG_VIL,-76.1727,42.6929,1234,2/14/26,0,18.9
DEG_VIL,-76.1727,42.6929,1234,2/15/26,0,27.2
DEG_VIL,-76.1727,42.6929,1234,2/16/26,0,30.3
DEG_VIL,-76.1727,42.6929,1234,2/17/26,0.01,37.8
DEG_VIL,-76.1727,42.6929,1234,2/18/26,0.02,36.3
DEG_VIL,-76.1727,42.6929,1234,2/19/26,0.54,34.1
DEG_VIL,-76.1727,42.6929,1234,2/20/26,0.11,34.7
DEG_VIL,-76.1727,42.6929,1234,2/21/26,0.38,34.4
DEG_VIL,-76.1727,42.6929,1234,2/22/26,0.03,31.2
DEG_VIL,-76.1727,42.6929,1234,2/23/26,0.29,30.4
DEG_VIL,-76.1727,42.6929,1234,2/24/26,0.08,20.3
DEG_VIL,-76.1727,42.6929,1234,2/25/26,0.22,15.9
DEG_VIL,-76.1727,42.6929,1234,2/26/26,0.06,31.2
DEG_VIL,-76.1727,42.6929,1234,2/27/26,0,17.4
DEG_VIL,-76.1727,42.6929,1234,2/28/26,0,27
DEG_VIL,-76.1727,42.6929,1234,3/1/26,0.04,35.5
DEG_VIL,-76.1727,42.6929,1234,3/2/26,0,12.8
DEG_VIL,-76.1727,42.6929,1234,3/3/26,0,16.4
DEG_VIL,-76.1727,42.6929,1234,3/4/26,0.24,30.7
DEG_VIL,-76.1727,42.6929,1234,3/5/26,0,37.9
DEG_VIL,-76.1727,42.6929,1234,3/6/26,0.7,37.8
DEG_VIL,-76.1727,42.6929,1234,3/7/26,0,38
DEG_VIL,-76.1727,42.6929,1234,3/8/26,0.31,49.6
DEG_VIL,-76.1727,42.6929,1234,3/9/26,0,44.6
DEG_VIL,-76.1727,42.6929,1234,3/10/26,0,53.2
DEG_VIL,-76.1727,42.6929,1234,3/11/26,0,55.4
DEG_VIL,-76.1727,42.6929,1234,3/12/26,0.21,50.1
DEG_VIL,-76.1727,42.6929,1234,3/13/26,0.14,24.6
DEG_VIL,-76.1727,42.6929,1234,3/14/26,0.26,27.6
DEG_VIL,-76.1727,42.6929,1234,3/15/26,0.03,25.2
DEG_VIL,-76.1727,42.6929,1234,3/16/26,0,37.9
DEG_VIL,-76.1727,42.6929,1234,3/17/26,0.78,41.8
DEG_VIL,-76.1727,42.6929,1234,3/18/26,0.01,16.2
DEG_VIL,-76.1727,42.6929,1234,3/19/26,0.01,20.1
DEG_VIL,-76.1727,42.6929,1234,3/20/26,0.02,35
DEG_VIL,-76.1727,42.6929,1234,3/21/26,0.44,37.9
DEG_VIL,-76.1727,42.6929,1234,3/22/26,0.03,35.7
DEG_VIL,-76.1727,42.6929,1234,3/23/26,0.42,38.6
DEG_VIL,-76.1727,42.6929,1234,3/24/26,0.03,28.4
DEG_VIL,-76.1727,42.6929,1234,3/25/26,0,33
DEG_VIL,-76.1727,42.6929,1234,3/26/26,0.03,39.4
DEG_VIL,-76.1727,42.6929,1234,3/27/26,0.93,46.9
DEG_VIL,-76.1727,42.6929,1234,3/28/26,0,23.5
DEG_VIL,-76.1727,42.6929,1234,3/29/26,0,26.6
DEG_VIL,-76.1727,42.6929,1234,3/30/26,0,39.9
DEG_VIL,-76.1727,42.6929,1234,3/31/26,0.38,55.2
DEG_VIL,-76.1727,42.6929,1234,4/1/26,2.1,55.9
DEG_VIL,-76.1727,42.6929,1234,4/2/26,0.46,39.5
DEG_VIL,-76.1727,42.6929,1234,4/3/26,0.12,41.9
DEG_VIL,-76.1727,42.6929,1234,4/4/26,0.02,54.1
DEG_VIL,-76.1727,42.6929,1234,4/5/26,0.49,53
DEG_VIL,-76.1727,42.6929,1234,4/6/26,0.26,40.5
DEG_VIL,-76.1727,42.6929,1234,4/7/26,0.09,34.3
DEG_VIL,-76.1727,42.6929,1234,4/8/26,0.13,22.3
DEG_VIL,-76.1727,42.6929,1234,4/9/26,0,35.9
DEG_VIL,-76.1727,42.6929,1234,4/10/26,0,50.4
DEG_VIL,-76.1727,42.6929,1234,4/11/26,0.34,54
DEG_VIL,-76.1727,42.6929,1234,4/12/26,0,37
DEG_VIL,-76.1727,42.6929,1234,4/13/26,0.04,46.4
DEG_VIL,-76.1727,42.6929,1234,4/14/26,0.07,62.5
DEG_VIL,-76.1727,42.6929,1234,4/15/26,0.07,63.1
DEG_VIL,-76.1727,42.6929,1234,4/16/26,0.42,67
DEG_VIL,-76.1727,42.6929,1234,4/17/26,0.41,68.5
DEG_VIL,-76.1727,42.6929,1234,4/18/26,0.04,52.7
DEG_VIL,-76.1727,42.6929,1234,4/19/26,1.21,53.9
DEG_VIL,-76.1727,42.6929,1234,4/20/26,0.23,33.9
DEG_VIL,-76.1727,42.6929,1234,4/21/26,0.06,28.6
DEG_VIL,-76.1727,42.6929,1234,4/22/26,0.04,39.7
DEG_VIL,-76.1727,42.6929,1234,4/23/26,0,52.5
DEG_VIL,-76.1727,42.6929,1234,4/24/26,0,51.1
DEG_VIL,-76.1727,42.6929,1234,4/25/26,0.02,50.9
DEG_VIL,-76.1727,42.6929,1234,4/26/26,0.72,40.5
DEG_VIL,-76.1727,42.6929,1234,4/27/26,0,47.4
DEG_VIL,-76.1727,42.6929,1234,4/28/26,0,58.3
DEG_VIL,-76.1727,42.6929,1234,4/29/26,0.02,55.6
DEG_VIL,-76.1727,42.6929,1234,4/30/26,1.04,49.4
DEG_VIL,-76.1727,42.6929,1234,5/1/26,0,40.4
DEG_VIL,-76.1727,42.6929,1234,5/2/26,0.2,43.6
DEG_VIL,-76.1727,42.6929,1234,5/3/26,0,40.3
DEG_VIL,-76.1727,42.6929,1234,5/4/26,0,45.9
DEG_VIL,-76.1727,42.6929,1234,5/5/26,0.04,60.4
DEG_VIL,-76.1727,42.6929,1234,5/6/26,0.5,58.5
DEG_VIL,-76.1727,42.6929,1234,5/7/26,0.32,39.8
DEG_VIL,-76.1727,42.6929,1234,5/8/26,0.02,43.1
DEG_VIL,-76.1727,42.6929,1234,5/9/26,0.16,44.6
DEG_VIL,-76.1727,42.6929,1234,5/10/26,0.35,50.8
DEG_VIL,-76.1727,42.6929,1234,5/11/26,0,44.9
DEG_VIL,-76.1727,42.6929,1234,5/12/26,0,41.6
DEG_VIL,-76.1727,42.6929,1234,5/13/26,0.26,49.7
DEG_VIL,-76.1727,42.6929,1234,5/14/26,0.27,53.7
DEG_VIL,-76.1727,42.6929,1234,5/15/26,0.03,44.9
DEG_VIL,-76.1727,42.6929,1234,5/16/26,0,50.7
DEG_VIL,-76.1727,42.6929,1234,5/17/26,0.09,64.9
DEG_VIL,-76.1727,42.6929,1234,5/18/26,0,69.9
DEG_VIL,-76.1727,42.6929,1234,5/19/26,0,75.3
DEG_VIL,-76.1727,42.6929,1234,5/20/26,0,75.4
DEG_VIL,-76.1727,42.6929,1234,5/21/26,0.02,56.1
DEG_VIL,-76.1727,42.6929,1234,5/22/26,0,47.5
DEG_VIL,-76.1727,42.6929,1234,5/23/26,0.02,56
DEG_VIL,-76.1727,42.6929,1234,5/24/26,0.95,48.5
DEG_VIL,-76.1727,42.6929,1234,5/25/26,0.89,52.7
DEG_VIL,-76.1727,42.6929,1234,5/26/26,0,58.3
DEG_VIL,-76.1727,42.6929,1234,5/27/26,0,67.6
DEG_VIL,-76.1727,42.6929,1234,5/28/26,0,62.5
DEG_VIL,-76.1727,42.6929,1234,5/29/26,0,53.4
DEG_VIL,-76.1727,42.6929,1234,5/30/26,0.02,56.4
DEG_VIL,-76.1727,42.6929,1234,5/31/26,0,50.8
DEG_VIL,-76.1727,42.6929,1234,6/1/26,0,54.9
DEG_VIL,-76.1727,42.6929,1234,6/2/26,0,54.2
DEG_VIL,-76.1727,42.6929,1234,6/3/26,0,56.8
DEG_VIL,-76.1727,42.6929,1234,6/4/26,0,61.1
DEG_VIL,-76.1727,42.6929,1234,6/5/26,0,64.7
DEG_VIL,-76.1727,42.6929,1234,6/6/26,0,71.6
DEG_VIL,-76.1727,42.6929,1234,6/7/26,0.12,69.6
DEG_VIL,-76.1727,42.6929,1234,6/8/26,0,59.1
DEG_VIL,-76.1727,42.6929,1234,6/9/26,0,66.4
DEG_VIL,-76.1727,42.6929,1234,6/10/26,0.02,75.4
DEG_VIL,-76.1727,42.6929,1234,6/11/26,0.06,73
DEG_VIL,-76.1727,42.6929,1234,6/12/26,0.55,78.4
DEG_VIL,-76.1727,42.6929,1234,6/13/26,0,69
DEG_VIL,-76.1727,42.6929,1234,6/14/26,0,68.6
DEG_VIL,-76.1727,42.6929,1234,6/15/26,0.78,63.7
DEG_VIL,-76.1727,42.6929,1234,6/16/26,0,52.1
DEG_VIL,-76.1727,42.6929,1234,6/17/26,0,62.3
DEG_VIL,-76.1727,42.6929,1234,6/18/26,0.09,67.7
DEG_VIL,-76.1727,42.6929,1234,6/19/26,0.2,67.6
DEG_VIL,-76.1727,42.6929,1234,6/20/26,0.1,62.7
DEG_VIL,-76.1727,42.6929,1234,6/21/26,0,58.8
DEG_VIL,-76.1727,42.6929,1234,6/22/26,0.01,62.8
DEG_VIL,-76.1727,42.6929,1234,6/23/26,0.95,58.1
DEG_VIL,-76.1727,42.6929,1234,6/24/26,0,59.4
DEG_VIL,-76.1727,42.6929,1234,6/25/26,0,62
DEG_VIL,-76.1727,42.6929,1234,6/26/26,0.22,62.6
DEG_VIL,-76.1727,42.6929,1234,6/27/26,0,65.3
DEG_VIL,-76.1727,42.6929,1234,6/28/26,0,66.7
DEG_VIL,-76.1727,42.6929,1234,6/29/26,0.02,68.4
DEG_VIL,-76.1727,42.6929,1234,6/30/26,0,73
,,,,,,
DEG_WHI,-76.1176,42.2254,1493,1/1/26,0.13,17.4
DEG_WHI,-76.1176,42.2254,1493,1/2/26,0.01,11.8
DEG_WHI,-76.1176,42.2254,1493,1/3/26,0,14.7
DEG_WHI,-76.1176,42.2254,1493,1/4/26,0.04,16.5
DEG_WHI,-76.1176,42.2254,1493,1/5/26,0,19.8
DEG_WHI,-76.1176,42.2254,1493,1/6/26,0.01,25.9
DEG_WHI,-76.1176,42.2254,1493,1/7/26,0.2,33.3
DEG_WHI,-76.1176,42.2254,1493,1/8/26,0.06,34.2
DEG_WHI,-76.1176,42.2254,1493,1/9/26,0,37
DEG_WHI,-76.1176,42.2254,1493,1/10/26,0.06,39.4
DEG_WHI,-76.1176,42.2254,1493,1/11/26,0.27,33.9
DEG_WHI,-76.1176,42.2254,1493,1/12/26,0.05,28.6
DEG_WHI,-76.1176,42.2254,1493,1/13/26,0,29.1
DEG_WHI,-76.1176,42.2254,1493,1/14/26,0,34.2
DEG_WHI,-76.1176,42.2254,1493,1/15/26,0.42,37.1
DEG_WHI,-76.1176,42.2254,1493,1/16/26,0.08,20.4
DEG_WHI,-76.1176,42.2254,1493,1/17/26,0,20.7
DEG_WHI,-76.1176,42.2254,1493,1/18/26,0.05,29.4
DEG_WHI,-76.1176,42.2254,1493,1/19/26,0,21
DEG_WHI,-76.1176,42.2254,1493,1/20/26,0,14.5
DEG_WHI,-76.1176,42.2254,1493,1/21/26,0,7.7
DEG_WHI,-76.1176,42.2254,1493,1/22/26,0,16.9
DEG_WHI,-76.1176,42.2254,1493,1/23/26,0,24.7
DEG_WHI,-76.1176,42.2254,1493,1/24/26,0.03,9.3
DEG_WHI,-76.1176,42.2254,1493,1/25/26,0,3.4
DEG_WHI,-76.1176,42.2254,1493,1/26/26,1.06,8.1
DEG_WHI,-76.1176,42.2254,1493,1/27/26,0.08,7.7
DEG_WHI,-76.1176,42.2254,1493,1/28/26,0,7
DEG_WHI,-76.1176,42.2254,1493,1/29/26,0,6.2
DEG_WHI,-76.1176,42.2254,1493,1/30/26,0.06,6.2
DEG_WHI,-76.1176,42.2254,1493,1/31/26,0,3.2
DEG_WHI,-76.1176,42.2254,1493,2/1/26,0,8.3
DEG_WHI,-76.1176,42.2254,1493,2/2/26,0,8
DEG_WHI,-76.1176,42.2254,1493,2/3/26,0,12
DEG_WHI,-76.1176,42.2254,1493,2/4/26,0.03,15.6
DEG_WHI,-76.1176,42.2254,1493,2/5/26,0,11.6
DEG_WHI,-76.1176,42.2254,1493,2/6/26,0,10.9
DEG_WHI,-76.1176,42.2254,1493,2/7/26,0.11,11.9
DEG_WHI,-76.1176,42.2254,1493,2/8/26,0.06,-1.5
DEG_WHI,-76.1176,42.2254,1493,2/9/26,0,-0.6
DEG_WHI,-76.1176,42.2254,1493,2/10/26,0,8.5
DEG_WHI,-76.1176,42.2254,1493,2/11/26,0,24.8
DEG_WHI,-76.1176,42.2254,1493,2/12/26,0.09,25.7
DEG_WHI,-76.1176,42.2254,1493,2/13/26,0.04,18
DEG_WHI,-76.1176,42.2254,1493,2/14/26,0,21.6
DEG_WHI,-76.1176,42.2254,1493,2/15/26,0,25.4
DEG_WHI,-76.1176,42.2254,1493,2/16/26,0,28.2
DEG_WHI,-76.1176,42.2254,1493,2/17/26,0,37.2
DEG_WHI,-76.1176,42.2254,1493,2/18/26,0,38.5
DEG_WHI,-76.1176,42.2254,1493,2/19/26,0.33,33.8
DEG_WHI,-76.1176,42.2254,1493,2/20/26,0.17,33.8
DEG_WHI,-76.1176,42.2254,1493,2/21/26,0.36,33.8
DEG_WHI,-76.1176,42.2254,1493,2/22/26,0.04,31.8
DEG_WHI,-76.1176,42.2254,1493,2/23/26,0.23,29.2
DEG_WHI,-76.1176,42.2254,1493,2/24/26,0.09,21.6
DEG_WHI,-76.1176,42.2254,1493,2/25/26,0.12,17.4
DEG_WHI,-76.1176,42.2254,1493,2/26/26,0.07,31.1
DEG_WHI,-76.1176,42.2254,1493,2/27/26,0,22.3
DEG_WHI,-76.1176,42.2254,1493,2/28/26,0,30.5
DEG_WHI,-76.1176,42.2254,1493,3/1/26,0.06,37.4
DEG_WHI,-76.1176,42.2254,1493,3/2/26,0,16.7
DEG_WHI,-76.1176,42.2254,1493,3/3/26,0,18.7
DEG_WHI,-76.1176,42.2254,1493,3/4/26,0.61,30.1
DEG_WHI,-76.1176,42.2254,1493,3/5/26,0,38.7
DEG_WHI,-76.1176,42.2254,1493,3/6/26,0.87,36.7
DEG_WHI,-76.1176,42.2254,1493,3/7/26,0,36.8
DEG_WHI,-76.1176,42.2254,1493,3/8/26,0.24,48.3
DEG_WHI,-76.1176,42.2254,1493,3/9/26,0,45.6
DEG_WHI,-76.1176,42.2254,1493,3/10/26,0,50.6
DEG_WHI,-76.1176,42.2254,1493,3/11/26,0,55.5
DEG_WHI,-76.1176,42.2254,1493,3/12/26,0.27,52.5
DEG_WHI,-76.1176,42.2254,1493,3/13/26,0.02,25.7
DEG_WHI,-76.1176,42.2254,1493,3/14/26,0.16,29.9
DEG_WHI,-76.1176,42.2254,1493,3/15/26,0,29.5
DEG_WHI,-76.1176,42.2254,1493,3/16/26,0.01,38.2
DEG_WHI,-76.1176,42.2254,1493,3/17/26,0.76,43.6
DEG_WHI,-76.1176,42.2254,1493,3/18/26,0.03,18.1
DEG_WHI,-76.1176,42.2254,1493,3/19/26,0,21.3
DEG_WHI,-76.1176,42.2254,1493,3/20/26,0.04,35.8
DEG_WHI,-76.1176,42.2254,1493,3/21/26,0.41,37.5
DEG_WHI,-76.1176,42.2254,1493,3/22/26,0.08,36
DEG_WHI,-76.1176,42.2254,1493,3/23/26,0.49,39.8
DEG_WHI,-76.1176,42.2254,1493,3/24/26,0.03,27.9
DEG_WHI,-76.1176,42.2254,1493,3/25/26,0,32.7
DEG_WHI,-76.1176,42.2254,1493,3/26/26,0.01,39.4
DEG_WHI,-76.1176,42.2254,1493,3/27/26,0.71,50
DEG_WHI,-76.1176,42.2254,1493,3/28/26,0,25.5
DEG_WHI,-76.1176,42.2254,1493,3/29/26,0,25.9
DEG_WHI,-76.1176,42.2254,1493,3/30/26,0,39.4
DEG_WHI,-76.1176,42.2254,1493,3/31/26,0.29,56.2
DEG_WHI,-76.1176,42.2254,1493,4/1/26,1.03,59.7
DEG_WHI,-76.1176,42.2254,1493,4/2/26,0.48,44
DEG_WHI,-76.1176,42.2254,1493,4/3/26,0.07,42.1
DEG_WHI,-76.1176,42.2254,1493,4/4/26,0.03,55.3
DEG_WHI,-76.1176,42.2254,1493,4/5/26,0.26,56
DEG_WHI,-76.1176,42.2254,1493,4/6/26,0.24,41.2
DEG_WHI,-76.1176,42.2254,1493,4/7/26,0.11,37.1
DEG_WHI,-76.1176,42.2254,1493,4/8/26,0,23.8
DEG_WHI,-76.1176,42.2254,1493,4/9/26,0,36.5
DEG_WHI,-76.1176,42.2254,1493,4/10/26,0,49.7
DEG_WHI,-76.1176,42.2254,1493,4/11/26,0.23,55.5
DEG_WHI,-76.1176,42.2254,1493,4/12/26,0,38.4
DEG_WHI,-76.1176,42.2254,1493,4/13/26,0,46.5
DEG_WHI,-76.1176,42.2254,1493,4/14/26,0.11,64.6
DEG_WHI,-76.1176,42.2254,1493,4/15/26,0.06,66.2
DEG_WHI,-76.1176,42.2254,1493,4/16/26,0.43,68.4
DEG_WHI,-76.1176,42.2254,1493,4/17/26,0.03,69.6
DEG_WHI,-76.1176,42.2254,1493,4/18/26,0.04,55.8
DEG_WHI,-76.1176,42.2254,1493,4/19/26,0.87,54.9
DEG_WHI,-76.1176,42.2254,1493,4/20/26,0.15,35.9
DEG_WHI,-76.1176,42.2254,1493,4/21/26,0.03,29.2
DEG_WHI,-76.1176,42.2254,1493,4/22/26,0.06,39.1
DEG_WHI,-76.1176,42.2254,1493,4/23/26,0,53.5
DEG_WHI,-76.1176,42.2254,1493,4/24/26,0,54.2
DEG_WHI,-76.1176,42.2254,1493,4/25/26,0.02,54.8
DEG_WHI,-76.1176,42.2254,1493,4/26/26,0.72,42.3
DEG_WHI,-76.1176,42.2254,1493,4/27/26,0,49.6
DEG_WHI,-76.1176,42.2254,1493,4/28/26,0,57.8
DEG_WHI,-76.1176,42.2254,1493,4/29/26,0.08,56
DEG_WHI,-76.1176,42.2254,1493,4/30/26,0.56,49.7
DEG_WHI,-76.1176,42.2254,1493,5/1/26,0,43
DEG_WHI,-76.1176,42.2254,1493,5/2/26,0.11,44.6
DEG_WHI,-76.1176,42.2254,1493,5/3/26,0,41.6
DEG_WHI,-76.1176,42.2254,1493,5/4/26,0,46.1
DEG_WHI,-76.1176,42.2254,1493,5/5/26,0,59.7
DEG_WHI,-76.1176,42.2254,1493,5/6/26,0.13,62.4
DEG_WHI,-76.1176,42.2254,1493,5/7/26,0.32,45.4
DEG_WHI,-76.1176,42.2254,1493,5/8/26,0,45
DEG_WHI,-76.1176,42.2254,1493,5/9/26,0.18,47
DEG_WHI,-76.1176,42.2254,1493,5/10/26,0.27,49.7
DEG_WHI,-76.1176,42.2254,1493,5/11/26,0,47.6
DEG_WHI,-76.1176,42.2254,1493,5/12/26,0,43.1
DEG_WHI,-76.1176,42.2254,1493,5/13/26,0.11,50.4
DEG_WHI,-76.1176,42.2254,1493,5/14/26,0.34,53.4
DEG_WHI,-76.1176,42.2254,1493,5/15/26,0.03,45.9
DEG_WHI,-76.1176,42.2254,1493,5/16/26,0,51.3
DEG_WHI,-76.1176,42.2254,1493,5/17/26,0,62.7
DEG_WHI,-76.1176,42.2254,1493,5/18/26,0.02,71.5
DEG_WHI,-76.1176,42.2254,1493,5/19/26,0,76.4
DEG_WHI,-76.1176,42.2254,1493,5/20/26,0,76.2
DEG_WHI,-76.1176,42.2254,1493,5/21/26,0,59.6
DEG_WHI,-76.1176,42.2254,1493,5/22/26,0,49.1
DEG_WHI,-76.1176,42.2254,1493,5/23/26,0.04,55.4
DEG_WHI,-76.1176,42.2254,1493,5/24/26,1.13,47
DEG_WHI,-76.1176,42.2254,1493,5/25/26,0.4,52.4
DEG_WHI,-76.1176,42.2254,1493,5/26/26,0,59.1
DEG_WHI,-76.1176,42.2254,1493,5/27/26,0,66.1
DEG_WHI,-76.1176,42.2254,1493,5/28/26,0,66.1
DEG_WHI,-76.1176,42.2254,1493,5/29/26,0,53.7
DEG_WHI,-76.1176,42.2254,1493,5/30/26,0,58.2
DEG_WHI,-76.1176,42.2254,1493,5/31/26,0,51.2
DEG_WHI,-76.1176,42.2254,1493,6/1/26,0,57.9
DEG_WHI,-76.1176,42.2254,1493,6/2/26,0,55.3
DEG_WHI,-76.1176,42.2254,1493,6/3/26,0,58.2
DEG_WHI,-76.1176,42.2254,1493,6/4/26,0,62.8
DEG_WHI,-76.1176,42.2254,1493,6/5/26,0,66.1
DEG_WHI,-76.1176,42.2254,1493,6/6/26,0,71.7
DEG_WHI,-76.1176,42.2254,1493,6/7/26,0.03,69.6
DEG_WHI,-76.1176,42.2254,1493,6/8/26,0,62.8
DEG_WHI,-76.1176,42.2254,1493,6/9/26,0,64.9
DEG_WHI,-76.1176,42.2254,1493,6/10/26,0,74
DEG_WHI,-76.1176,42.2254,1493,6/11/26,0.06,73.8
DEG_WHI,-76.1176,42.2254,1493,6/12/26,1.1,78.5
DEG_WHI,-76.1176,42.2254,1493,6/13/26,0.17,69.4
DEG_WHI,-76.1176,42.2254,1493,6/14/26,0,69
DEG_WHI,-76.1176,42.2254,1493,6/15/26,0.52,64.8
DEG_WHI,-76.1176,42.2254,1493,6/16/26,0,52.9
DEG_WHI,-76.1176,42.2254,1493,6/17/26,0,60.9
DEG_WHI,-76.1176,42.2254,1493,6/18/26,0.09,66.2
DEG_WHI,-76.1176,42.2254,1493,6/19/26,0.33,67.7
DEG_WHI,-76.1176,42.2254,1493,6/20/26,0.05,64
DEG_WHI,-76.1176,42.2254,1493,6/21/26,0,61
DEG_WHI,-76.1176,42.2254,1493,6/22/26,0.03,64.2
DEG_WHI,-76.1176,42.2254,1493,6/23/26,1.11,58.2
DEG_WHI,-76.1176,42.2254,1493,6/24/26,0,61.4
DEG_WHI,-76.1176,42.2254,1493,6/25/26,0,64.4
DEG_WHI,-76.1176,42.2254,1493,6/26/26,0.11,64
DEG_WHI,-76.1176,42.2254,1493,6/27/26,0,68.5
DEG_WHI,-76.1176,42.2254,1493,6/28/26,0,68.4
DEG_WHI,-76.1176,42.2254,1493,6/29/26,0,71.4
DEG_WHI,-76.1176,42.2254,1493,6/30/26,0,74.6
,,,,,,
DOE_BOO,-74.0458,42.5347,1306,1/1/26,0.05,17.1
DOE_BOO,-74.0458,42.5347,1306,1/2/26,0,5.7
DOE_BOO,-74.0458,42.5347,1306,1/3/26,0.03,12.7
DOE_BOO,-74.0458,42.5347,1306,1/4/26,0.05,18
DOE_BOO,-74.0458,42.5347,1306,1/5/26,0.03,16.3
DOE_BOO,-74.0458,42.5347,1306,1/6/26,0.06,19.9
DOE_BOO,-74.0458,42.5347,1306,1/7/26,0.11,28.4
DOE_BOO,-74.0458,42.5347,1306,1/8/26,0.03,32.3
DOE_BOO,-74.0458,42.5347,1306,1/9/26,0,30.5
DOE_BOO,-74.0458,42.5347,1306,1/10/26,0.05,37.5
DOE_BOO,-74.0458,42.5347,1306,1/11/26,0.14,33.4
DOE_BOO,-74.0458,42.5347,1306,1/12/26,0.05,26.5
DOE_BOO,-74.0458,42.5347,1306,1/13/26,0,28.8
DOE_BOO,-74.0458,42.5347,1306,1/14/26,0,31
DOE_BOO,-74.0458,42.5347,1306,1/15/26,0.12,32.5
DOE_BOO,-74.0458,42.5347,1306,1/16/26,0.02,21.6
DOE_BOO,-74.0458,42.5347,1306,1/17/26,0.07,18.8
DOE_BOO,-74.0458,42.5347,1306,1/18/26,0.07,21.1
DOE_BOO,-74.0458,42.5347,1306,1/19/26,0.1,20.2
DOE_BOO,-74.0458,42.5347,1306,1/20/26,0,13.8
DOE_BOO,-74.0458,42.5347,1306,1/21/26,0,2.8
DOE_BOO,-74.0458,42.5347,1306,1/22/26,0,14
DOE_BOO,-74.0458,42.5347,1306,1/23/26,0,22
DOE_BOO,-74.0458,42.5347,1306,1/24/26,0,4.9
DOE_BOO,-74.0458,42.5347,1306,1/25/26,0,-0.1
DOE_BOO,-74.0458,42.5347,1306,1/26/26,1.36,7.9
DOE_BOO,-74.0458,42.5347,1306,1/27/26,0.06,7.2
DOE_BOO,-74.0458,42.5347,1306,1/28/26,0,3.4
DOE_BOO,-74.0458,42.5347,1306,1/29/26,0,3.9
DOE_BOO,-74.0458,42.5347,1306,1/30/26,0,3.6
DOE_BOO,-74.0458,42.5347,1306,1/31/26,0,2.1
DOE_BOO,-74.0458,42.5347,1306,2/1/26,0,3.6
DOE_BOO,-74.0458,42.5347,1306,2/2/26,0,5
DOE_BOO,-74.0458,42.5347,1306,2/3/26,0,12.5
DOE_BOO,-74.0458,42.5347,1306,2/4/26,0,13.2
DOE_BOO,-74.0458,42.5347,1306,2/5/26,0,16
DOE_BOO,-74.0458,42.5347,1306,2/6/26,0,12.4
DOE_BOO,-74.0458,42.5347,1306,2/7/26,0.1,14
DOE_BOO,-74.0458,42.5347,1306,2/8/26,0,-5.4
DOE_BOO,-74.0458,42.5347,1306,2/9/26,0,-2.5
DOE_BOO,-74.0458,42.5347,1306,2/10/26,0,11.1
DOE_BOO,-74.0458,42.5347,1306,2/11/26,0.07,20.4
DOE_BOO,-74.0458,42.5347,1306,2/12/26,0.05,23.8
DOE_BOO,-74.0458,42.5347,1306,2/13/26,0,17.5
DOE_BOO,-74.0458,42.5347,1306,2/14/26,0,17.7
DOE_BOO,-74.0458,42.5347,1306,2/15/26,0,24.4
DOE_BOO,-74.0458,42.5347,1306,2/16/26,0,25.6
DOE_BOO,-74.0458,42.5347,1306,2/17/26,0,27.4
DOE_BOO,-74.0458,42.5347,1306,2/18/26,0,31.8
DOE_BOO,-74.0458,42.5347,1306,2/19/26,0.14,29
DOE_BOO,-74.0458,42.5347,1306,2/20/26,0,28.1
DOE_BOO,-74.0458,42.5347,1306,2/21/26,0.56,28.3
DOE_BOO,-74.0458,42.5347,1306,2/22/26,0,27.4
DOE_BOO,-74.0458,42.5347,1306,2/23/26,0.2,24.4
DOE_BOO,-74.0458,42.5347,1306,2/24/26,0.1,19.7
DOE_BOO,-74.0458,42.5347,1306,2/25/26,0.04,9.8
DOE_BOO,-74.0458,42.5347,1306,2/26/26,0.06,24.2
DOE_BOO,-74.0458,42.5347,1306,2/27/26,0,16.9
DOE_BOO,-74.0458,42.5347,1306,2/28/26,0,21.8
DOE_BOO,-74.0458,42.5347,1306,3/1/26,0,35.3
DOE_BOO,-74.0458,42.5347,1306,3/2/26,0,14.6
DOE_BOO,-74.0458,42.5347,1306,3/3/26,0,13.8
DOE_BOO,-74.0458,42.5347,1306,3/4/26,0.33,21.9
DOE_BOO,-74.0458,42.5347,1306,3/5/26,0,34
DOE_BOO,-74.0458,42.5347,1306,3/6/26,0.82,30.6
DOE_BOO,-74.0458,42.5347,1306,3/7/26,0,31.4
DOE_BOO,-74.0458,42.5347,1306,3/8/26,0.06,37.9
DOE_BOO,-74.0458,42.5347,1306,3/9/26,0,38
DOE_BOO,-74.0458,42.5347,1306,3/10/26,0,47.5
DOE_BOO,-74.0458,42.5347,1306,3/11/26,0,52
DOE_BOO,-74.0458,42.5347,1306,3/12/26,0.08,52.7
DOE_BOO,-74.0458,42.5347,1306,3/13/26,0,27.5
DOE_BOO,-74.0458,42.5347,1306,3/14/26,0.01,29.4
DOE_BOO,-74.0458,42.5347,1306,3/15/26,0,28.1
DOE_BOO,-74.0458,42.5347,1306,3/16/26,0.1,32.8
DOE_BOO,-74.0458,42.5347,1306,3/17/26,0.35,41.3
DOE_BOO,-74.0458,42.5347,1306,3/18/26,0,21.4
DOE_BOO,-74.0458,42.5347,1306,3/19/26,0,23.1
DOE_BOO,-74.0458,42.5347,1306,3/20/26,0,29.6
DOE_BOO,-74.0458,42.5347,1306,3/21/26,0.25,37.1
DOE_BOO,-74.0458,42.5347,1306,3/22/26,0,34.5
DOE_BOO,-74.0458,42.5347,1306,3/23/26,0.32,35.4
DOE_BOO,-74.0458,42.5347,1306,3/24/26,0,27.1
DOE_BOO,-74.0458,42.5347,1306,3/25/26,0,32.7
DOE_BOO,-74.0458,42.5347,1306,3/26/26,0,38
DOE_BOO,-74.0458,42.5347,1306,3/27/26,0.66,50.1
DOE_BOO,-74.0458,42.5347,1306,3/28/26,0,27.4
DOE_BOO,-74.0458,42.5347,1306,3/29/26,0,24.7
DOE_BOO,-74.0458,42.5347,1306,3/30/26,0,37.9
DOE_BOO,-74.0458,42.5347,1306,3/31/26,0.09,52.8
DOE_BOO,-74.0458,42.5347,1306,4/1/26,0.98,58.6
DOE_BOO,-74.0458,42.5347,1306,4/2/26,0.49,43.4
DOE_BOO,-74.0458,42.5347,1306,4/3/26,0.18,34
DOE_BOO,-74.0458,42.5347,1306,4/4/26,0.03,47.9
DOE_BOO,-74.0458,42.5347,1306,4/5/26,0,46.4
DOE_BOO,-74.0458,42.5347,1306,4/6/26,0.17,37.9
DOE_BOO,-74.0458,42.5347,1306,4/7/26,0.1,33.1
DOE_BOO,-74.0458,42.5347,1306,4/8/26,0.05,27.8
DOE_BOO,-74.0458,42.5347,1306,4/9/26,0,35
DOE_BOO,-74.0458,42.5347,1306,4/10/26,0,44.5
DOE_BOO,-74.0458,42.5347,1306,4/11/26,0.05,52
DOE_BOO,-74.0458,42.5347,1306,4/12/26,0,36.3
DOE_BOO,-74.0458,42.5347,1306,4/13/26,0,43.8
DOE_BOO,-74.0458,42.5347,1306,4/14/26,0.03,58.6
DOE_BOO,-74.0458,42.5347,1306,4/15/26,0.07,64.3
DOE_BOO,-74.0458,42.5347,1306,4/16/26,0.23,65.1
DOE_BOO,-74.0458,42.5347,1306,4/17/26,0,69.3
DOE_BOO,-74.0458,42.5347,1306,4/18/26,0.03,54.7
DOE_BOO,-74.0458,42.5347,1306,4/19/26,0.1,55.8
DOE_BOO,-74.0458,42.5347,1306,4/20/26,0.23,33.5
DOE_BOO,-74.0458,42.5347,1306,4/21/26,0,30.6
DOE_BOO,-74.0458,42.5347,1306,4/22/26,0.04,38.4
DOE_BOO,-74.0458,42.5347,1306,4/23/26,0,40.4
DOE_BOO,-74.0458,42.5347,1306,4/24/26,0,50.5
DOE_BOO,-74.0458,42.5347,1306,4/25/26,0,42.2
DOE_BOO,-74.0458,42.5347,1306,4/26/26,0.26,44.7
DOE_BOO,-74.0458,42.5347,1306,4/27/26,0,48.1
DOE_BOO,-74.0458,42.5347,1306,4/28/26,0,54.6
DOE_BOO,-74.0458,42.5347,1306,4/29/26,0,55.6
DOE_BOO,-74.0458,42.5347,1306,4/30/26,0.47,52.6
DOE_BOO,-74.0458,42.5347,1306,5/1/26,0.01,46.1
DOE_BOO,-74.0458,42.5347,1306,5/2/26,0.1,47.7
DOE_BOO,-74.0458,42.5347,1306,5/3/26,0,42.5
DOE_BOO,-74.0458,42.5347,1306,5/4/26,0,43.9
DOE_BOO,-74.0458,42.5347,1306,5/5/26,0.02,58.3
DOE_BOO,-74.0458,42.5347,1306,5/6/26,0.04,63.6
DOE_BOO,-74.0458,42.5347,1306,5/7/26,0.45,48.1
DOE_BOO,-74.0458,42.5347,1306,5/8/26,0,43.6
DOE_BOO,-74.0458,42.5347,1306,5/9/26,0.12,43
DOE_BOO,-74.0458,42.5347,1306,5/10/26,0.29,45.7
DOE_BOO,-74.0458,42.5347,1306,5/11/26,0,49.8
DOE_BOO,-74.0458,42.5347,1306,5/12/26,0,45.3
DOE_BOO,-74.0458,42.5347,1306,5/13/26,0.01,49.1
DOE_BOO,-74.0458,42.5347,1306,5/14/26,0.15,49.2
DOE_BOO,-74.0458,42.5347,1306,5/15/26,0.04,49
DOE_BOO,-74.0458,42.5347,1306,5/16/26,0,50.7
DOE_BOO,-74.0458,42.5347,1306,5/17/26,0,63.8
DOE_BOO,-74.0458,42.5347,1306,5/18/26,0,67.5
DOE_BOO,-74.0458,42.5347,1306,5/19/26,0,74.9
DOE_BOO,-74.0458,42.5347,1306,5/20/26,0,76.1
DOE_BOO,-74.0458,42.5347,1306,5/21/26,0,63.4
DOE_BOO,-74.0458,42.5347,1306,5/22/26,0,48.6
DOE_BOO,-74.0458,42.5347,1306,5/23/26,0,52.2
DOE_BOO,-74.0458,42.5347,1306,5/24/26,0.62,49.1
DOE_BOO,-74.0458,42.5347,1306,5/25/26,0.38,48.8
DOE_BOO,-74.0458,42.5347,1306,5/26/26,0,57.7
DOE_BOO,-74.0458,42.5347,1306,5/27/26,0,65.6
DOE_BOO,-74.0458,42.5347,1306,5/28/26,0,64.9
DOE_BOO,-74.0458,42.5347,1306,5/29/26,0.15,55.9
DOE_BOO,-74.0458,42.5347,1306,5/30/26,0.14,55.7
DOE_BOO,-74.0458,42.5347,1306,5/31/26,0.04,46.9
DOE_BOO,-74.0458,42.5347,1306,6/1/26,0.05,54.1
DOE_BOO,-74.0458,42.5347,1306,6/2/26,0,50.6
DOE_BOO,-74.0458,42.5347,1306,6/3/26,0,58.3
DOE_BOO,-74.0458,42.5347,1306,6/4/26,0,63.2
DOE_BOO,-74.0458,42.5347,1306,6/5/26,0,64.4
DOE_BOO,-74.0458,42.5347,1306,6/6/26,0,69.6
DOE_BOO,-74.0458,42.5347,1306,6/7/26,0,71.7
DOE_BOO,-74.0458,42.5347,1306,6/8/26,0.08,58.4
DOE_BOO,-74.0458,42.5347,1306,6/9/26,0,62.6
DOE_BOO,-74.0458,42.5347,1306,6/10/26,0,70.3
DOE_BOO,-74.0458,42.5347,1306,6/11/26,0.1,72.9
DOE_BOO,-74.0458,42.5347,1306,6/12/26,0.07,76.7
DOE_BOO,-74.0458,42.5347,1306,6/13/26,0,73
DOE_BOO,-74.0458,42.5347,1306,6/14/26,0,67.4
DOE_BOO,-74.0458,42.5347,1306,6/15/26,1.06,68.7
DOE_BOO,-74.0458,42.5347,1306,6/16/26,0,54.3
DOE_BOO,-74.0458,42.5347,1306,6/17/26,0,60.1
DOE_BOO,-74.0458,42.5347,1306,6/18/26,0.04,65.3
DOE_BOO,-74.0458,42.5347,1306,6/19/26,0.2,68
DOE_BOO,-74.0458,42.5347,1306,6/20/26,0.03,64.6
DOE_BOO,-74.0458,42.5347,1306,6/21/26,0,59.2
DOE_BOO,-74.0458,42.5347,1306,6/22/26,0,62.4
DOE_BOO,-74.0458,42.5347,1306,6/23/26,1.12,57.1
DOE_BOO,-74.0458,42.5347,1306,6/24/26,0,62.9
DOE_BOO,-74.0458,42.5347,1306,6/25/26,0,62.5
DOE_BOO,-74.0458,42.5347,1306,6/26/26,0.36,64.5
DOE_BOO,-74.0458,42.5347,1306,6/27/26,0.01,67.2
DOE_BOO,-74.0458,42.5347,1306,6/28/26,0,67.5
DOE_BOO,-74.0458,42.5347,1306,6/29/26,0,67.1
DOE_BOO,-74.0458,42.5347,1306,6/30/26,0,69.7
,,,,,,
DOE_FUL,-73.4744,43.2727,344,1/1/26,0.03,23.1
DOE_FUL,-73.4744,43.2727,344,1/2/26,0,11.9
DOE_FUL,-73.4744,43.2727,344,1/3/26,0,14.1
DOE_FUL,-73.4744,43.2727,344,1/4/26,0.02,20
DOE_FUL,-73.4744,43.2727,344,1/5/26,0,12.4
DOE_FUL,-73.4744,43.2727,344,1/6/26,0.08,12.8
DOE_FUL,-73.4744,43.2727,344,1/7/26,0.4,28.7
DOE_FUL,-73.4744,43.2727,344,1/8/26,0.05,33.6
DOE_FUL,-73.4744,43.2727,344,1/9/26,0,33.6
DOE_FUL,-73.4744,43.2727,344,1/10/26,0.02,35.7
DOE_FUL,-73.4744,43.2727,344,1/11/26,0.52,32.8
DOE_FUL,-73.4744,43.2727,344,1/12/26,0,30.6
DOE_FUL,-73.4744,43.2727,344,1/13/26,0,28.5
DOE_FUL,-73.4744,43.2727,344,1/14/26,0,36.1
DOE_FUL,-73.4744,43.2727,344,1/15/26,0.2,39
DOE_FUL,-73.4744,43.2727,344,1/16/26,0.01,25.1
DOE_FUL,-73.4744,43.2727,344,1/17/26,0,19.8
DOE_FUL,-73.4744,43.2727,344,1/18/26,0.21,26.7
DOE_FUL,-73.4744,43.2727,344,1/19/26,0.01,26.8
DOE_FUL,-73.4744,43.2727,344,1/20/26,0,19.7
DOE_FUL,-73.4744,43.2727,344,1/21/26,0,12.2
DOE_FUL,-73.4744,43.2727,344,1/22/26,0.08,18.6
DOE_FUL,-73.4744,43.2727,344,1/23/26,0,26.9
DOE_FUL,-73.4744,43.2727,344,1/24/26,0,9.1
DOE_FUL,-73.4744,43.2727,344,1/25/26,0,1.4
DOE_FUL,-73.4744,43.2727,344,1/26/26,0.72,6.9
DOE_FUL,-73.4744,43.2727,344,1/27/26,0.03,4.7
DOE_FUL,-73.4744,43.2727,344,1/28/26,0,3.9
DOE_FUL,-73.4744,43.2727,344,1/29/26,0,7
DOE_FUL,-73.4744,43.2727,344,1/30/26,0,3.4
DOE_FUL,-73.4744,43.2727,344,1/31/26,0,1.2
DOE_FUL,-73.4744,43.2727,344,2/1/26,0,7.4
DOE_FUL,-73.4744,43.2727,344,2/2/26,0,1.5
DOE_FUL,-73.4744,43.2727,344,2/3/26,0,7.2
DOE_FUL,-73.4744,43.2727,344,2/4/26,0,9.8
DOE_FUL,-73.4744,43.2727,344,2/5/26,0,15.5
DOE_FUL,-73.4744,43.2727,344,2/6/26,0,14.2
DOE_FUL,-73.4744,43.2727,344,2/7/26,0.08,17.7
DOE_FUL,-73.4744,43.2727,344,2/8/26,0,-1.4
DOE_FUL,-73.4744,43.2727,344,2/9/26,0,-5.3
DOE_FUL,-73.4744,43.2727,344,2/10/26,0,1.7
DOE_FUL,-73.4744,43.2727,344,2/11/26,0.1,15.3
DOE_FUL,-73.4744,43.2727,344,2/12/26,0,28
DOE_FUL,-73.4744,43.2727,344,2/13/26,0,15.5
DOE_FUL,-73.4744,43.2727,344,2/14/26,0,15.9
DOE_FUL,-73.4744,43.2727,344,2/15/26,0,23.1
DOE_FUL,-73.4744,43.2727,344,2/16/26,0,24.6
DOE_FUL,-73.4744,43.2727,344,2/17/26,0.01,31.6
DOE_FUL,-73.4744,43.2727,344,2/18/26,0,31.1
DOE_FUL,-73.4744,43.2727,344,2/19/26,0,29.8
DOE_FUL,-73.4744,43.2727,344,2/20/26,0,31.3
DOE_FUL,-73.4744,43.2727,344,2/21/26,0.79,32.4
DOE_FUL,-73.4744,43.2727,344,2/22/26,0,27.7
DOE_FUL,-73.4744,43.2727,344,2/23/26,0,27.7
DOE_FUL,-73.4744,43.2727,344,2/24/26,0.01,18.7
DOE_FUL,-73.4744,43.2727,344,2/25/26,0.09,17.5
DOE_FUL,-73.4744,43.2727,344,2/26/26,0,26.8
DOE_FUL,-73.4744,43.2727,344,2/27/26,0,18.9
DOE_FUL,-73.4744,43.2727,344,2/28/26,0,22.9
DOE_FUL,-73.4744,43.2727,344,3/1/26,0.03,34
DOE_FUL,-73.4744,43.2727,344,3/2/26,0,13.9
DOE_FUL,-73.4744,43.2727,344,3/3/26,0,13.6
DOE_FUL,-73.4744,43.2727,344,3/4/26,0.26,17.7
DOE_FUL,-73.4744,43.2727,344,3/5/26,0,34
DOE_FUL,-73.4744,43.2727,344,3/6/26,0.42,29.6
DOE_FUL,-73.4744,43.2727,344,3/7/26,0.02,33.5
DOE_FUL,-73.4744,43.2727,344,3/8/26,0.19,41
DOE_FUL,-73.4744,43.2727,344,3/9/26,0,39.5
DOE_FUL,-73.4744,43.2727,344,3/10/26,0,47.6
DOE_FUL,-73.4744,43.2727,344,3/11/26,0.03,52.8
DOE_FUL,-73.4744,43.2727,344,3/12/26,0.21,50.4
DOE_FUL,-73.4744,43.2727,344,3/13/26,0,33.5
DOE_FUL,-73.4744,43.2727,344,3/14/26,0.03,32.5
DOE_FUL,-73.4744,43.2727,344,3/15/26,0,31
DOE_FUL,-73.4744,43.2727,344,3/16/26,0.3,35
DOE_FUL,-73.4744,43.2727,344,3/17/26,0.39,47.2
DOE_FUL,-73.4744,43.2727,344,3/18/26,0,23.1
DOE_FUL,-73.4744,43.2727,344,3/19/26,0,26.1
DOE_FUL,-73.4744,43.2727,344,3/20/26,0,32.6
DOE_FUL,-73.4744,43.2727,344,3/21/26,0.24,39.1
DOE_FUL,-73.4744,43.2727,344,3/22/26,0.02,36.9
DOE_FUL,-73.4744,43.2727,344,3/23/26,0.07,37.9
DOE_FUL,-73.4744,43.2727,344,3/24/26,0,28.2
DOE_FUL,-73.4744,43.2727,344,3/25/26,0,35.9
DOE_FUL,-73.4744,43.2727,344,3/26/26,0,42.2
DOE_FUL,-73.4744,43.2727,344,3/27/26,0.53,47.8
DOE_FUL,-73.4744,43.2727,344,3/28/26,0,26
DOE_FUL,-73.4744,43.2727,344,3/29/26,0,28.1
DOE_FUL,-73.4744,43.2727,344,3/30/26,0,39.7
DOE_FUL,-73.4744,43.2727,344,3/31/26,0.52,51.9
DOE_FUL,-73.4744,43.2727,344,4/1/26,1.04,55.6
DOE_FUL,-73.4744,43.2727,344,4/2/26,0.02,43.2
DOE_FUL,-73.4744,43.2727,344,4/3/26,0.11,38.9
DOE_FUL,-73.4744,43.2727,344,4/4/26,0.04,50.6
DOE_FUL,-73.4744,43.2727,344,4/5/26,0,49.9
DOE_FUL,-73.4744,43.2727,344,4/6/26,0.13,41.7
DOE_FUL,-73.4744,43.2727,344,4/7/26,0,35.3
DOE_FUL,-73.4744,43.2727,344,4/8/26,0.02,28.6
DOE_FUL,-73.4744,43.2727,344,4/9/26,0,36.5
DOE_FUL,-73.4744,43.2727,344,4/10/26,0,47.5
DOE_FUL,-73.4744,43.2727,344,4/11/26,0.09,56.2
DOE_FUL,-73.4744,43.2727,344,4/12/26,0,39.8
DOE_FUL,-73.4744,43.2727,344,4/13/26,0,42.5
DOE_FUL,-73.4744,43.2727,344,4/14/26,0,58.5
DOE_FUL,-73.4744,43.2727,344,4/15/26,0.46,63.3
DOE_FUL,-73.4744,43.2727,344,4/16/26,0.1,63.1
DOE_FUL,-73.4744,43.2727,344,4/17/26,0.3,68.4
DOE_FUL,-73.4744,43.2727,344,4/18/26,0,54.9
DOE_FUL,-73.4744,43.2727,344,4/19/26,0.12,61.5
DOE_FUL,-73.4744,43.2727,344,4/20/26,0.44,38
DOE_FUL,-73.4744,43.2727,344,4/21/26,0,32.3
DOE_FUL,-73.4744,43.2727,344,4/22/26,0,41
DOE_FUL,-73.4744,43.2727,344,4/23/26,0,42.1
DOE_FUL,-73.4744,43.2727,344,4/24/26,0,50
DOE_FUL,-73.4744,43.2727,344,4/25/26,0,43.4
DOE_FUL,-73.4744,43.2727,344,4/26/26,0,46.8
DOE_FUL,-73.4744,43.2727,344,4/27/26,0,51.5
DOE_FUL,-73.4744,43.2727,344,4/28/26,0,58
DOE_FUL,-73.4744,43.2727,344,4/29/26,0,59.5
DOE_FUL,-73.4744,43.2727,344,4/30/26,0.49,59.4
DOE_FUL,-73.4744,43.2727,344,5/1/26,0.2,47.8
DOE_FUL,-73.4744,43.2727,344,5/2/26,0.04,53.4
DOE_FUL,-73.4744,43.2727,344,5/3/26,0.01,46.8
DOE_FUL,-73.4744,43.2727,344,5/4/26,0,49.4
DOE_FUL,-73.4744,43.2727,344,5/5/26,0,60.4
DOE_FUL,-73.4744,43.2727,344,5/6/26,0.08,67.6
DOE_FUL,-73.4744,43.2727,344,5/7/26,1.17,48
DOE_FUL,-73.4744,43.2727,344,5/8/26,0,45.2
DOE_FUL,-73.4744,43.2727,344,5/9/26,0,44.3
DOE_FUL,-73.4744,43.2727,344,5/10/26,0.21,47.5
DOE_FUL,-73.4744,43.2727,344,5/11/26,0.03,50.8
DOE_FUL,-73.4744,43.2727,344,5/12/26,0,46.4
DOE_FUL,-73.4744,43.2727,344,5/13/26,0,53.7
DOE_FUL,-73.4744,43.2727,344,5/14/26,0.4,50.9
DOE_FUL,-73.4744,43.2727,344,5/15/26,0.26,51.3
DOE_FUL,-73.4744,43.2727,344,5/16/26,0,56.3
DOE_FUL,-73.4744,43.2727,344,5/17/26,0,66.1
DOE_FUL,-73.4744,43.2727,344,5/18/26,0,69.6
DOE_FUL,-73.4744,43.2727,344,5/19/26,0,75.9
DOE_FUL,-73.4744,43.2727,344,5/20/26,0,76.6
DOE_FUL,-73.4744,43.2727,344,5/21/26,0,64.8
DOE_FUL,-73.4744,43.2727,344,5/22/26,0,49.3
DOE_FUL,-73.4744,43.2727,344,5/23/26,0,55.5
DOE_FUL,-73.4744,43.2727,344,5/24/26,0.16,56.6
DOE_FUL,-73.4744,43.2727,344,5/25/26,0.78,51.2
DOE_FUL,-73.4744,43.2727,344,5/26/26,0,62.1
DOE_FUL,-73.4744,43.2727,344,5/27/26,0,70.5
DOE_FUL,-73.4744,43.2727,344,5/28/26,0,69
DOE_FUL,-73.4744,43.2727,344,5/29/26,0.03,58
DOE_FUL,-73.4744,43.2727,344,5/30/26,0.41,57
DOE_FUL,-73.4744,43.2727,344,5/31/26,0.11,47.8
DOE_FUL,-73.4744,43.2727,344,6/1/26,0.07,52.7
DOE_FUL,-73.4744,43.2727,344,6/2/26,0,54
DOE_FUL,-73.4744,43.2727,344,6/3/26,0,60
DOE_FUL,-73.4744,43.2727,344,6/4/26,0,66.9
DOE_FUL,-73.4744,43.2727,344,6/5/26,0,67.4
DOE_FUL,-73.4744,43.2727,344,6/6/26,0,73.1
DOE_FUL,-73.4744,43.2727,344,6/7/26,0.11,72.7
DOE_FUL,-73.4744,43.2727,344,6/8/26,0.35,60.1
DOE_FUL,-73.4744,43.2727,344,6/9/26,0,64.3
DOE_FUL,-73.4744,43.2727,344,6/10/26,0,72.5
DOE_FUL,-73.4744,43.2727,344,6/11/26,0.06,76.7
DOE_FUL,-73.4744,43.2727,344,6/12/26,0.03,80.3
DOE_FUL,-73.4744,43.2727,344,6/13/26,0.09,73.4
DOE_FUL,-73.4744,43.2727,344,6/14/26,0,70.8
DOE_FUL,-73.4744,43.2727,344,6/15/26,1.71,72.5
DOE_FUL,-73.4744,43.2727,344,6/16/26,0,58.8
DOE_FUL,-73.4744,43.2727,344,6/17/26,0,62.9
DOE_FUL,-73.4744,43.2727,344,6/18/26,0.13,69.9
DOE_FUL,-73.4744,43.2727,344,6/19/26,1,69.8
DOE_FUL,-73.4744,43.2727,344,6/20/26,0,68.1
DOE_FUL,-73.4744,43.2727,344,6/21/26,0.07,63.4
DOE_FUL,-73.4744,43.2727,344,6/22/26,0.19,65.7
DOE_FUL,-73.4744,43.2727,344,6/23/26,0.9,62.7
DOE_FUL,-73.4744,43.2727,344,6/24/26,0,65.5
DOE_FUL,-73.4744,43.2727,344,6/25/26,0,67.1
DOE_FUL,-73.4744,43.2727,344,6/26/26,0.43,68.9
DOE_FUL,-73.4744,43.2727,344,6/27/26,0,69.6
DOE_FUL,-73.4744,43.2727,344,6/28/26,0,70.2
DOE_FUL,-73.4744,43.2727,344,6/29/26,0,70.3
DOE_FUL,-73.4744,43.2727,344,6/30/26,0,71.6
,,,,,,
DOE_ZIE,-73.3298,42.828,525,1/1/26,0.04,23.3
DOE_ZIE,-73.3298,42.828,525,1/2/26,0,12.7
DOE_ZIE,-73.3298,42.828,525,1/3/26,0,16.7
DOE_ZIE,-73.3298,42.828,525,1/4/26,0.04,22.4
DOE_ZIE,-73.3298,42.828,525,1/5/26,0.01,18
DOE_ZIE,-73.3298,42.828,525,1/6/26,0.05,19.7
DOE_ZIE,-73.3298,42.828,525,1/7/26,0.29,31
DOE_ZIE,-73.3298,42.828,525,1/8/26,0.05,33.7
DOE_ZIE,-73.3298,42.828,525,1/9/26,0,32.8
DOE_ZIE,-73.3298,42.828,525,1/10/26,0.04,38.6
DOE_ZIE,-73.3298,42.828,525,1/11/26,0.19,35.1
DOE_ZIE,-73.3298,42.828,525,1/12/26,0.02,30.5
DOE_ZIE,-73.3298,42.828,525,1/13/26,0.02,29.5
DOE_ZIE,-73.3298,42.828,525,1/14/26,0,36
DOE_ZIE,-73.3298,42.828,525,1/15/26,0.2,38.9
DOE_ZIE,-73.3298,42.828,525,1/16/26,0.04,24.7
DOE_ZIE,-73.3298,42.828,525,1/17/26,0.11,20.3
DOE_ZIE,-73.3298,42.828,525,1/18/26,0.19,26.3
DOE_ZIE,-73.3298,42.828,525,1/19/26,0.13,25.6
DOE_ZIE,-73.3298,42.828,525,1/20/26,0,19.2
DOE_ZIE,-73.3298,42.828,525,1/21/26,0,9.6
DOE_ZIE,-73.3298,42.828,525,1/22/26,0.01,17.5
DOE_ZIE,-73.3298,42.828,525,1/23/26,0,27.6
DOE_ZIE,-73.3298,42.828,525,1/24/26,0,9
DOE_ZIE,-73.3298,42.828,525,1/25/26,0,0.8
DOE_ZIE,-73.3298,42.828,525,1/26/26,0.84,7.9
DOE_ZIE,-73.3298,42.828,525,1/27/26,0.04,8.6
DOE_ZIE,-73.3298,42.828,525,1/28/26,0,6.8
DOE_ZIE,-73.3298,42.828,525,1/29/26,0,7.3
DOE_ZIE,-73.3298,42.828,525,1/30/26,0,6.3
DOE_ZIE,-73.3298,42.828,525,1/31/26,0,3.1
DOE_ZIE,-73.3298,42.828,525,2/1/26,0,6
DOE_ZIE,-73.3298,42.828,525,2/2/26,0,4.6
DOE_ZIE,-73.3298,42.828,525,2/3/26,0,10
DOE_ZIE,-73.3298,42.828,525,2/4/26,0,13.5
DOE_ZIE,-73.3298,42.828,525,2/5/26,0,17
DOE_ZIE,-73.3298,42.828,525,2/6/26,0,15.4
DOE_ZIE,-73.3298,42.828,525,2/7/26,0.15,18.8
DOE_ZIE,-73.3298,42.828,525,2/8/26,0.03,-1.2
DOE_ZIE,-73.3298,42.828,525,2/9/26,0,-2.6
DOE_ZIE,-73.3298,42.828,525,2/10/26,0,5.9
DOE_ZIE,-73.3298,42.828,525,2/11/26,0.1,20.1
DOE_ZIE,-73.3298,42.828,525,2/12/26,0.06,27
DOE_ZIE,-73.3298,42.828,525,2/13/26,0,17.1
DOE_ZIE,-73.3298,42.828,525,2/14/26,0,17.9
DOE_ZIE,-73.3298,42.828,525,2/15/26,0,27.5
DOE_ZIE,-73.3298,42.828,525,2/16/26,0,29
DOE_ZIE,-73.3298,42.828,525,2/17/26,0,33.2
DOE_ZIE,-73.3298,42.828,525,2/18/26,0,34.9
DOE_ZIE,-73.3298,42.828,525,2/19/26,0,33.1
DOE_ZIE,-73.3298,42.828,525,2/20/26,0,32.8
DOE_ZIE,-73.3298,42.828,525,2/21/26,0.45,33.1
DOE_ZIE,-73.3298,42.828,525,2/22/26,0.01,29.4
DOE_ZIE,-73.3298,42.828,525,2/23/26,0.12,28.6
DOE_ZIE,-73.3298,42.828,525,2/24/26,0.05,20.3
DOE_ZIE,-73.3298,42.828,525,2/25/26,0.05,15.7
DOE_ZIE,-73.3298,42.828,525,2/26/26,0.03,30
DOE_ZIE,-73.3298,42.828,525,2/27/26,0,21.7
DOE_ZIE,-73.3298,42.828,525,2/28/26,0,26.5
DOE_ZIE,-73.3298,42.828,525,3/1/26,0.02,38.1
DOE_ZIE,-73.3298,42.828,525,3/2/26,0.02,15.8
DOE_ZIE,-73.3298,42.828,525,3/3/26,0,15.1
DOE_ZIE,-73.3298,42.828,525,3/4/26,0.49,24.1
DOE_ZIE,-73.3298,42.828,525,3/5/26,0,36.6
DOE_ZIE,-73.3298,42.828,525,3/6/26,0.52,36.3
DOE_ZIE,-73.3298,42.828,525,3/7/26,0,35.8
DOE_ZIE,-73.3298,42.828,525,3/8/26,0.12,45.6
DOE_ZIE,-73.3298,42.828,525,3/9/26,0,41.3
DOE_ZIE,-73.3298,42.828,525,3/10/26,0,51.8
DOE_ZIE,-73.3298,42.828,525,3/11/26,0,55.7
DOE_ZIE,-73.3298,42.828,525,3/12/26,0.09,53.2
DOE_ZIE,-73.3298,42.828,525,3/13/26,0.01,31.2
DOE_ZIE,-73.3298,42.828,525,3/14/26,0,31.9
DOE_ZIE,-73.3298,42.828,525,3/15/26,0,29.1
DOE_ZIE,-73.3298,42.828,525,3/16/26,0.08,36.3
DOE_ZIE,-73.3298,42.828,525,3/17/26,0.5,46.4
DOE_ZIE,-73.3298,42.828,525,3/18/26,0,24
DOE_ZIE,-73.3298,42.828,525,3/19/26,0,25.3
DOE_ZIE,-73.3298,42.828,525,3/20/26,0,31.5
DOE_ZIE,-73.3298,42.828,525,3/21/26,0.26,40.8
DOE_ZIE,-73.3298,42.828,525,3/22/26,0,38
DOE_ZIE,-73.3298,42.828,525,3/23/26,0.31,39
DOE_ZIE,-73.3298,42.828,525,3/24/26,0,27.8
DOE_ZIE,-73.3298,42.828,525,3/25/26,0,35
DOE_ZIE,-73.3298,42.828,525,3/26/26,0.02,43.1
DOE_ZIE,-73.3298,42.828,525,3/27/26,0.63,50.8
DOE_ZIE,-73.3298,42.828,525,3/28/26,0,28.2
DOE_ZIE,-73.3298,42.828,525,3/29/26,0,27.9
DOE_ZIE,-73.3298,42.828,525,3/30/26,0,40.6
DOE_ZIE,-73.3298,42.828,525,3/31/26,0.19,57.2
DOE_ZIE,-73.3298,42.828,525,4/1/26,1.11,61.2
DOE_ZIE,-73.3298,42.828,525,4/2/26,0.38,48
DOE_ZIE,-73.3298,42.828,525,4/3/26,0.06,38.9
DOE_ZIE,-73.3298,42.828,525,4/4/26,0.04,53.2
DOE_ZIE,-73.3298,42.828,525,4/5/26,0,51.4
DOE_ZIE,-73.3298,42.828,525,4/6/26,0.19,42.5
DOE_ZIE,-73.3298,42.828,525,4/7/26,0.07,35
DOE_ZIE,-73.3298,42.828,525,4/8/26,0,28.4
DOE_ZIE,-73.3298,42.828,525,4/9/26,0,37.7
DOE_ZIE,-73.3298,42.828,525,4/10/26,0,49.8
DOE_ZIE,-73.3298,42.828,525,4/11/26,0.19,57.9
DOE_ZIE,-73.3298,42.828,525,4/12/26,0,40.3
DOE_ZIE,-73.3298,42.828,525,4/13/26,0,46.7
DOE_ZIE,-73.3298,42.828,525,4/14/26,0,61.3
DOE_ZIE,-73.3298,42.828,525,4/15/26,0.25,67.7
DOE_ZIE,-73.3298,42.828,525,4/16/26,0.12,68.8
DOE_ZIE,-73.3298,42.828,525,4/17/26,0.18,71.7
DOE_ZIE,-73.3298,42.828,525,4/18/26,0,59.1
DOE_ZIE,-73.3298,42.828,525,4/19/26,0.13,59
DOE_ZIE,-73.3298,42.828,525,4/20/26,0.53,39.2
DOE_ZIE,-73.3298,42.828,525,4/21/26,0.04,32.9
DOE_ZIE,-73.3298,42.828,525,4/22/26,0,40.8
DOE_ZIE,-73.3298,42.828,525,4/23/26,0,42.1
DOE_ZIE,-73.3298,42.828,525,4/24/26,0,50.7
DOE_ZIE,-73.3298,42.828,525,4/25/26,0,46
DOE_ZIE,-73.3298,42.828,525,4/26/26,0,47.2
DOE_ZIE,-73.3298,42.828,525,4/27/26,0,51.8
DOE_ZIE,-73.3298,42.828,525,4/28/26,0,58.9
DOE_ZIE,-73.3298,42.828,525,4/29/26,0,59.6
DOE_ZIE,-73.3298,42.828,525,4/30/26,0.36,58.4
DOE_ZIE,-73.3298,42.828,525,5/1/26,0.07,48.6
DOE_ZIE,-73.3298,42.828,525,5/2/26,0.23,51.6
DOE_ZIE,-73.3298,42.828,525,5/3/26,0,44.7
DOE_ZIE,-73.3298,42.828,525,5/4/26,0,46.7
DOE_ZIE,-73.3298,42.828,525,5/5/26,0.02,62.2
DOE_ZIE,-73.3298,42.828,525,5/6/26,0.06,66.6
DOE_ZIE,-73.3298,42.828,525,5/7/26,0.59,52.6
DOE_ZIE,-73.3298,42.828,525,5/8/26,0,45.5
DOE_ZIE,-73.3298,42.828,525,5/9/26,0,44.8
DOE_ZIE,-73.3298,42.828,525,5/10/26,0.54,49.9
DOE_ZIE,-73.3298,42.828,525,5/11/26,0,51.1
DOE_ZIE,-73.3298,42.828,525,5/12/26,0,46
DOE_ZIE,-73.3298,42.828,525,5/13/26,0.02,51.4
DOE_ZIE,-73.3298,42.828,525,5/14/26,0.38,51.9
DOE_ZIE,-73.3298,42.828,525,5/15/26,0.05,50.5
DOE_ZIE,-73.3298,42.828,525,5/16/26,0,53.3
DOE_ZIE,-73.3298,42.828,525,5/17/26,0,66.4
DOE_ZIE,-73.3298,42.828,525,5/18/26,0,69.7
DOE_ZIE,-73.3298,42.828,525,5/19/26,0,78.1
DOE_ZIE,-73.3298,42.828,525,5/20/26,0.02,76.7
DOE_ZIE,-73.3298,42.828,525,5/21/26,0,63.3
DOE_ZIE,-73.3298,42.828,525,5/22/26,0,49.9
DOE_ZIE,-73.3298,42.828,525,5/23/26,0,56
DOE_ZIE,-73.3298,42.828,525,5/24/26,0.17,55.2
DOE_ZIE,-73.3298,42.828,525,5/25/26,0.54,51.9
DOE_ZIE,-73.3298,42.828,525,5/26/26,0.01,59.5
DOE_ZIE,-73.3298,42.828,525,5/27/26,0,68.6
DOE_ZIE,-73.3298,42.828,525,5/28/26,0,67.8
DOE_ZIE,-73.3298,42.828,525,5/29/26,0,58.2
DOE_ZIE,-73.3298,42.828,525,5/30/26,0.28,56.4
DOE_ZIE,-73.3298,42.828,525,5/31/26,0.06,47
DOE_ZIE,-73.3298,42.828,525,6/1/26,0.21,52.9
DOE_ZIE,-73.3298,42.828,525,6/2/26,0,53.4
DOE_ZIE,-73.3298,42.828,525,6/3/26,0,60.3
DOE_ZIE,-73.3298,42.828,525,6/4/26,0,65.8
DOE_ZIE,-73.3298,42.828,525,6/5/26,0,66.9
DOE_ZIE,-73.3298,42.828,525,6/6/26,0,72.2
DOE_ZIE,-73.3298,42.828,525,6/7/26,0.37,73.4
DOE_ZIE,-73.3298,42.828,525,6/8/26,0.19,59.1
DOE_ZIE,-73.3298,42.828,525,6/9/26,0,65
DOE_ZIE,-73.3298,42.828,525,6/10/26,0,73
DOE_ZIE,-73.3298,42.828,525,6/11/26,0.03,77.1
DOE_ZIE,-73.3298,42.828,525,6/12/26,0,79.3
DOE_ZIE,-73.3298,42.828,525,6/13/26,0,74.5
DOE_ZIE,-73.3298,42.828,525,6/14/26,0,70.1
DOE_ZIE,-73.3298,42.828,525,6/15/26,0.78,71.6
DOE_ZIE,-73.3298,42.828,525,6/16/26,0,56.9
DOE_ZIE,-73.3298,42.828,525,6/17/26,0,62.9
DOE_ZIE,-73.3298,42.828,525,6/18/26,0.11,70.2
DOE_ZIE,-73.3298,42.828,525,6/19/26,0.37,70.2
DOE_ZIE,-73.3298,42.828,525,6/20/26,0,67.1
DOE_ZIE,-73.3298,42.828,525,6/21/26,0.01,62.4
DOE_ZIE,-73.3298,42.828,525,6/22/26,0.13,64.4
DOE_ZIE,-73.3298,42.828,525,6/23/26,0.89,62.9
DOE_ZIE,-73.3298,42.828,525,6/24/26,0.02,64.8
DOE_ZIE,-73.3298,42.828,525,6/25/26,0,64.8
DOE_ZIE,-73.3298,42.828,525,6/26/26,0.47,69.4
DOE_ZIE,-73.3298,42.828,525,6/27/26,0.07,69.2
DOE_ZIE,-73.3298,42.828,525,6/28/26,0,70.6
DOE_ZIE,-73.3298,42.828,525,6/29/26,0.01,70.3
DOE_ZIE,-73.3298,42.828,525,6/30/26,0,71.6
,,,,,,
HUN_MAG,-76.1793,43.8426,358,1/1/26,0.51,18.3
HUN_MAG,-76.1793,43.8426,358,1/2/26,0.19,13.2
HUN_MAG,-76.1793,43.8426,358,1/3/26,0.21,18.6
HUN_MAG,-76.1793,43.8426,358,1/4/26,0.04,19.3
HUN_MAG,-76.1793,43.8426,358,1/5/26,0.03,14.2
HUN_MAG,-76.1793,43.8426,358,1/6/26,0.12,20.6
HUN_MAG,-76.1793,43.8426,358,1/7/26,0.53,25.8
HUN_MAG,-76.1793,43.8426,358,1/8/26,0.02,31.1
HUN_MAG,-76.1793,43.8426,358,1/9/26,0,38.7
HUN_MAG,-76.1793,43.8426,358,1/10/26,0.58,41.9
HUN_MAG,-76.1793,43.8426,358,1/11/26,0.55,37.2
HUN_MAG,-76.1793,43.8426,358,1/12/26,0.03,28.9
HUN_MAG,-76.1793,43.8426,358,1/13/26,0.12,29.2
HUN_MAG,-76.1793,43.8426,358,1/14/26,0.07,38.4
HUN_MAG,-76.1793,43.8426,358,1/15/26,0.41,30.3
HUN_MAG,-76.1793,43.8426,358,1/16/26,0.1,11.3
HUN_MAG,-76.1793,43.8426,358,1/17/26,0.03,16.7
HUN_MAG,-76.1793,43.8426,358,1/18/26,0.02,30.7
HUN_MAG,-76.1793,43.8426,358,1/19/26,0.1,21.9
HUN_MAG,-76.1793,43.8426,358,1/20/26,0.18,18.8
HUN_MAG,-76.1793,43.8426,358,1/21/26,0.36,14
HUN_MAG,-76.1793,43.8426,358,1/22/26,0.21,22.4
HUN_MAG,-76.1793,43.8426,358,1/23/26,0.33,24
HUN_MAG,-76.1793,43.8426,358,1/24/26,0.05,0.7
HUN_MAG,-76.1793,43.8426,358,1/25/26,0,-7.3
HUN_MAG,-76.1793,43.8426,358,1/26/26,0.42,6
HUN_MAG,-76.1793,43.8426,358,1/27/26,0.12,7.9
HUN_MAG,-76.1793,43.8426,358,1/28/26,0.26,5.2
HUN_MAG,-76.1793,43.8426,358,1/29/26,0.24,6.3
HUN_MAG,-76.1793,43.8426,358,1/30/26,0,-0.2
HUN_MAG,-76.1793,43.8426,358,1/31/26,0,-3.5
HUN_MAG,-76.1793,43.8426,358,2/1/26,0.01,2.7
HUN_MAG,-76.1793,43.8426,358,2/2/26,0,-0.8
HUN_MAG,-76.1793,43.8426,358,2/3/26,0,5.1
HUN_MAG,-76.1793,43.8426,358,2/4/26,0.17,17.4
HUN_MAG,-76.1793,43.8426,358,2/5/26,0,11.3
HUN_MAG,-76.1793,43.8426,358,2/6/26,0,9.7
HUN_MAG,-76.1793,43.8426,358,2/7/26,0.22,12
HUN_MAG,-76.1793,43.8426,358,2/8/26,0.01,-9.1
HUN_MAG,-76.1793,43.8426,358,2/9/26,0,-10.6
HUN_MAG,-76.1793,43.8426,358,2/10/26,0,-1.5
HUN_MAG,-76.1793,43.8426,358,2/11/26,0.06,24
HUN_MAG,-76.1793,43.8426,358,2/12/26,0.21,25.4
HUN_MAG,-76.1793,43.8426,358,2/13/26,0,10.6
HUN_MAG,-76.1793,43.8426,358,2/14/26,0,11.6
HUN_MAG,-76.1793,43.8426,358,2/15/26,0,25.2
HUN_MAG,-76.1793,43.8426,358,2/16/26,0,26.4
HUN_MAG,-76.1793,43.8426,358,2/17/26,0.01,31.3
HUN_MAG,-76.1793,43.8426,358,2/18/26,0,34.2
HUN_MAG,-76.1793,43.8426,358,2/19/26,0.07,31.4
HUN_MAG,-76.1793,43.8426,358,2/20/26,0,34.4
HUN_MAG,-76.1793,43.8426,358,2/21/26,0.77,32.1
HUN_MAG,-76.1793,43.8426,358,2/22/26,0.01,24.8
HUN_MAG,-76.1793,43.8426,358,2/23/26,0.09,28.8
HUN_MAG,-76.1793,43.8426,358,2/24/26,0,20.2
HUN_MAG,-76.1793,43.8426,358,2/25/26,0.07,16.2
HUN_MAG,-76.1793,43.8426,358,2/26/26,0.09,26.7
HUN_MAG,-76.1793,43.8426,358,2/27/26,0,17.5
HUN_MAG,-76.1793,43.8426,358,2/28/26,0,30.4
HUN_MAG,-76.1793,43.8426,358,3/1/26,0.07,31.3
HUN_MAG,-76.1793,43.8426,358,3/2/26,0,10.7
HUN_MAG,-76.1793,43.8426,358,3/3/26,0,13.6
HUN_MAG,-76.1793,43.8426,358,3/4/26,0.06,31.6
HUN_MAG,-76.1793,43.8426,358,3/5/26,0,33.6
HUN_MAG,-76.1793,43.8426,358,3/6/26,0.02,32.2
HUN_MAG,-76.1793,43.8426,358,3/7/26,0.02,37
HUN_MAG,-76.1793,43.8426,358,3/8/26,0.41,49.2
HUN_MAG,-76.1793,43.8426,358,3/9/26,0,43.1
HUN_MAG,-76.1793,43.8426,358,3/10/26,0,54.7
HUN_MAG,-76.1793,43.8426,358,3/11/26,0.11,49.6
HUN_MAG,-76.1793,43.8426,358,3/12/26,1.01,44.1
HUN_MAG,-76.1793,43.8426,358,3/13/26,0,27.7
HUN_MAG,-76.1793,43.8426,358,3/14/26,0.27,29.9
HUN_MAG,-76.1793,43.8426,358,3/15/26,0.09,26.2
HUN_MAG,-76.1793,43.8426,358,3/16/26,0.02,40
HUN_MAG,-76.1793,43.8426,358,3/17/26,0.78,42.4
HUN_MAG,-76.1793,43.8426,358,3/18/26,0.01,14.7
HUN_MAG,-76.1793,43.8426,358,3/19/26,0,21.4
HUN_MAG,-76.1793,43.8426,358,3/20/26,0.02,35
HUN_MAG,-76.1793,43.8426,358,3/21/26,0.5,33.9
HUN_MAG,-76.1793,43.8426,358,3/22/26,0.09,36
HUN_MAG,-76.1793,43.8426,358,3/23/26,0.18,34.9
HUN_MAG,-76.1793,43.8426,358,3/24/26,0,28
HUN_MAG,-76.1793,43.8426,358,3/25/26,0,30.5
HUN_MAG,-76.1793,43.8426,358,3/26/26,0,41.2
HUN_MAG,-76.1793,43.8426,358,3/27/26,0.42,37.1
HUN_MAG,-76.1793,43.8426,358,3/28/26,0,23.2
HUN_MAG,-76.1793,43.8426,358,3/29/26,0.02,27.1
HUN_MAG,-76.1793,43.8426,358,3/30/26,0,39.8
HUN_MAG,-76.1793,43.8426,358,3/31/26,0.71,52.2
HUN_MAG,-76.1793,43.8426,358,4/1/26,0.7,44.5
HUN_MAG,-76.1793,43.8426,358,4/2/26,0.02,36.7
HUN_MAG,-76.1793,43.8426,358,4/3/26,0.08,43.7
HUN_MAG,-76.1793,43.8426,358,4/4/26,0.01,54.5
HUN_MAG,-76.1793,43.8426,358,4/5/26,1.06,50.4
HUN_MAG,-76.1793,43.8426,358,4/6/26,0,38.5
HUN_MAG,-76.1793,43.8426,358,4/7/26,0.12,34.4
HUN_MAG,-76.1793,43.8426,358,4/8/26,0.02,24.3
HUN_MAG,-76.1793,43.8426,358,4/9/26,0,35.6
HUN_MAG,-76.1793,43.8426,358,4/10/26,0.03,54
HUN_MAG,-76.1793,43.8426,358,4/11/26,0.13,48.8
HUN_MAG,-76.1793,43.8426,358,4/12/26,0,36.7
HUN_MAG,-76.1793,43.8426,358,4/13/26,0.08,48.6
HUN_MAG,-76.1793,43.8426,358,4/14/26,0.19,53.5
HUN_MAG,-76.1793,43.8426,358,4/15/26,0.99,56.5
HUN_MAG,-76.1793,43.8426,358,4/16/26,0.48,55
HUN_MAG,-76.1793,43.8426,358,4/17/26,0.43,60
HUN_MAG,-76.1793,43.8426,358,4/18/26,0,54.6
HUN_MAG,-76.1793,43.8426,358,4/19/26,0.69,55.3
HUN_MAG,-76.1793,43.8426,358,4/20/26,0.06,37.5
HUN_MAG,-76.1793,43.8426,358,4/21/26,0,32.6
HUN_MAG,-76.1793,43.8426,358,4/22/26,0,41.4
HUN_MAG,-76.1793,43.8426,358,4/23/26,0,50.3
HUN_MAG,-76.1793,43.8426,358,4/24/26,0,47.9
HUN_MAG,-76.1793,43.8426,358,4/25/26,0,46.1
HUN_MAG,-76.1793,43.8426,358,4/26/26,0.03,44.8
HUN_MAG,-76.1793,43.8426,358,4/27/26,0,46.1
HUN_MAG,-76.1793,43.8426,358,4/28/26,0,58.6
HUN_MAG,-76.1793,43.8426,358,4/29/26,0,59.7
HUN_MAG,-76.1793,43.8426,358,4/30/26,0.96,50.4
HUN_MAG,-76.1793,43.8426,358,5/1/26,0.07,39.4
HUN_MAG,-76.1793,43.8426,358,5/2/26,0.02,43.3
HUN_MAG,-76.1793,43.8426,358,5/3/26,0,39.8
HUN_MAG,-76.1793,43.8426,358,5/4/26,0.09,45.4
HUN_MAG,-76.1793,43.8426,358,5/5/26,0.03,57.9
HUN_MAG,-76.1793,43.8426,358,5/6/26,0.78,54.8
HUN_MAG,-76.1793,43.8426,358,5/7/26,0.06,41.4
HUN_MAG,-76.1793,43.8426,358,5/8/26,0,43
HUN_MAG,-76.1793,43.8426,358,5/9/26,0,44.5
HUN_MAG,-76.1793,43.8426,358,5/10/26,0.25,53.3
HUN_MAG,-76.1793,43.8426,358,5/11/26,0,41.8
HUN_MAG,-76.1793,43.8426,358,5/12/26,0,41.4
HUN_MAG,-76.1793,43.8426,358,5/13/26,0.4,48.1
HUN_MAG,-76.1793,43.8426,358,5/14/26,0.62,53.5
HUN_MAG,-76.1793,43.8426,358,5/15/26,0,46.5
HUN_MAG,-76.1793,43.8426,358,5/16/26,0,51.2
HUN_MAG,-76.1793,43.8426,358,5/17/26,0.08,63.5
HUN_MAG,-76.1793,43.8426,358,5/18/26,0,64.7
HUN_MAG,-76.1793,43.8426,358,5/19/26,0,74.1
HUN_MAG,-76.1793,43.8426,358,5/20/26,0.07,68.6
HUN_MAG,-76.1793,43.8426,358,5/21/26,0,50.7
HUN_MAG,-76.1793,43.8426,358,5/22/26,0,47.4
HUN_MAG,-76.1793,43.8426,358,5/23/26,0,56.5
HUN_MAG,-76.1793,43.8426,358,5/24/26,0.78,54.9
HUN_MAG,-76.1793,43.8426,358,5/25/26,0.23,53.2
HUN_MAG,-76.1793,43.8426,358,5/26/26,0,57.1
HUN_MAG,-76.1793,43.8426,358,5/27/26,0,66.4
HUN_MAG,-76.1793,43.8426,358,5/28/26,0,61.4
HUN_MAG,-76.1793,43.8426,358,5/29/26,0,55.6
HUN_MAG,-76.1793,43.8426,358,5/30/26,0.05,54.3
HUN_MAG,-76.1793,43.8426,358,5/31/26,0,55.3
HUN_MAG,-76.1793,43.8426,358,6/1/26,0.02,52.2
HUN_MAG,-76.1793,43.8426,358,6/2/26,0,56.1
HUN_MAG,-76.1793,43.8426,358,6/3/26,0,57.2
HUN_MAG,-76.1793,43.8426,358,6/4/26,0,61.8
HUN_MAG,-76.1793,43.8426,358,6/5/26,0,65
HUN_MAG,-76.1793,43.8426,358,6/6/26,0.21,71.2
HUN_MAG,-76.1793,43.8426,358,6/7/26,0.16,66.3
HUN_MAG,-76.1793,43.8426,358,6/8/26,0,57.2
HUN_MAG,-76.1793,43.8426,358,6/9/26,0,67.4
HUN_MAG,-76.1793,43.8426,358,6/10/26,0.03,75.3
HUN_MAG,-76.1793,43.8426,358,6/11/26,0.13,73.9
HUN_MAG,-76.1793,43.8426,358,6/12/26,0,75.4
HUN_MAG,-76.1793,43.8426,358,6/13/26,0,67.8
HUN_MAG,-76.1793,43.8426,358,6/14/26,0,69
HUN_MAG,-76.1793,43.8426,358,6/15/26,1.46,62.4
HUN_MAG,-76.1793,43.8426,358,6/16/26,0,54.8
HUN_MAG,-76.1793,43.8426,358,6/17/26,0.02,64
HUN_MAG,-76.1793,43.8426,358,6/18/26,0.63,67
HUN_MAG,-76.1793,43.8426,358,6/19/26,0.3,63.9
HUN_MAG,-76.1793,43.8426,358,6/20/26,0,62.6
HUN_MAG,-76.1793,43.8426,358,6/21/26,0,58.3
HUN_MAG,-76.1793,43.8426,358,6/22/26,0,61.7
HUN_MAG,-76.1793,43.8426,358,6/23/26,0.22,60.1
HUN_MAG,-76.1793,43.8426,358,6/24/26,0,59.3
HUN_MAG,-76.1793,43.8426,358,6/25/26,0,63.2
HUN_MAG,-76.1793,43.8426,358,6/26/26,0.33,67.3
HUN_MAG,-76.1793,43.8426,358,6/27/26,0,63.2
HUN_MAG,-76.1793,43.8426,358,6/28/26,0,68
HUN_MAG,-76.1793,43.8426,358,6/29/26,0,70.6
HUN_MAG,-76.1793,43.8426,358,6/30/26,0,74.8
,,,,,,
HUN_REE,-76.0152,43.8987,433,1/1/26,0.49,17.4
HUN_REE,-76.0152,43.8987,433,1/2/26,0.03,10.4
HUN_REE,-76.0152,43.8987,433,1/3/26,0.02,15.9
HUN_REE,-76.0152,43.8987,433,1/4/26,0,16.8
HUN_REE,-76.0152,43.8987,433,1/5/26,0.02,11.1
HUN_REE,-76.0152,43.8987,433,1/6/26,0.14,20.6
HUN_REE,-76.0152,43.8987,433,1/7/26,0.63,26.6
HUN_REE,-76.0152,43.8987,433,1/8/26,0.04,30.1
HUN_REE,-76.0152,43.8987,433,1/9/26,0,38.8
HUN_REE,-76.0152,43.8987,433,1/10/26,0.51,41.3
HUN_REE,-76.0152,43.8987,433,1/11/26,0.61,37.1
HUN_REE,-76.0152,43.8987,433,1/12/26,0.03,27
HUN_REE,-76.0152,43.8987,433,1/13/26,0.12,28.8
HUN_REE,-76.0152,43.8987,433,1/14/26,0.12,37.3
HUN_REE,-76.0152,43.8987,433,1/15/26,0.26,29.2
HUN_REE,-76.0152,43.8987,433,1/16/26,0.07,9.3
HUN_REE,-76.0152,43.8987,433,1/17/26,0.03,15.6
HUN_REE,-76.0152,43.8987,433,1/18/26,0.02,29.7
HUN_REE,-76.0152,43.8987,433,1/19/26,0.06,21.9
HUN_REE,-76.0152,43.8987,433,1/20/26,0.11,16.9
HUN_REE,-76.0152,43.8987,433,1/21/26,0.33,13
HUN_REE,-76.0152,43.8987,433,1/22/26,0.18,21.5
HUN_REE,-76.0152,43.8987,433,1/23/26,0.31,21.9
HUN_REE,-76.0152,43.8987,433,1/24/26,0.02,-2.3
HUN_REE,-76.0152,43.8987,433,1/25/26,0,-8.8
HUN_REE,-76.0152,43.8987,433,1/26/26,0.49,4.6
HUN_REE,-76.0152,43.8987,433,1/27/26,0.06,6
HUN_REE,-76.0152,43.8987,433,1/28/26,0.32,5
HUN_REE,-76.0152,43.8987,433,1/29/26,0.38,6.6
HUN_REE,-76.0152,43.8987,433,1/30/26,0.01,-0.9
HUN_REE,-76.0152,43.8987,433,1/31/26,0,-4
HUN_REE,-76.0152,43.8987,433,2/1/26,0,2.1
HUN_REE,-76.0152,43.8987,433,2/2/26,0,-0.6
HUN_REE,-76.0152,43.8987,433,2/3/26,0,5.9
HUN_REE,-76.0152,43.8987,433,2/4/26,0.22,17.5
HUN_REE,-76.0152,43.8987,433,2/5/26,0,9
HUN_REE,-76.0152,43.8987,433,2/6/26,0,8.8
HUN_REE,-76.0152,43.8987,433,2/7/26,0.18,10.2
HUN_REE,-76.0152,43.8987,433,2/8/26,0,-10.1
HUN_REE,-76.0152,43.8987,433,2/9/26,0,-8.9
HUN_REE,-76.0152,43.8987,433,2/10/26,0,-1.1
HUN_REE,-76.0152,43.8987,433,2/11/26,0.06,23.8
HUN_REE,-76.0152,43.8987,433,2/12/26,0.21,23.7
HUN_REE,-76.0152,43.8987,433,2/13/26,0,9.6
HUN_REE,-76.0152,43.8987,433,2/14/26,0,10.8
HUN_REE,-76.0152,43.8987,433,2/15/26,0,23.6
HUN_REE,-76.0152,43.8987,433,2/16/26,0,24.4
HUN_REE,-76.0152,43.8987,433,2/17/26,0.01,32.9
HUN_REE,-76.0152,43.8987,433,2/18/26,0,33
HUN_REE,-76.0152,43.8987,433,2/19/26,0,30.6
HUN_REE,-76.0152,43.8987,433,2/20/26,0,33.8
HUN_REE,-76.0152,43.8987,433,2/21/26,0.86,30.4
HUN_REE,-76.0152,43.8987,433,2/22/26,0.05,23.6
HUN_REE,-76.0152,43.8987,433,2/23/26,0.1,28.5
HUN_REE,-76.0152,43.8987,433,2/24/26,0,18.8
HUN_REE,-76.0152,43.8987,433,2/25/26,0.05,15.3
HUN_REE,-76.0152,43.8987,433,2/26/26,0.08,26.5
HUN_REE,-76.0152,43.8987,433,2/27/26,0,16.5
HUN_REE,-76.0152,43.8987,433,2/28/26,0,30.3
HUN_REE,-76.0152,43.8987,433,3/1/26,0.05,30.4
HUN_REE,-76.0152,43.8987,433,3/2/26,0,9.1
HUN_REE,-76.0152,43.8987,433,3/3/26,0,13
HUN_REE,-76.0152,43.8987,433,3/4/26,0.07,31.5
HUN_REE,-76.0152,43.8987,433,3/5/26,0,32.6
HUN_REE,-76.0152,43.8987,433,3/6/26,0.01,31.3
HUN_REE,-76.0152,43.8987,433,3/7/26,0.02,36.8
HUN_REE,-76.0152,43.8987,433,3/8/26,0.41,48.6
HUN_REE,-76.0152,43.8987,433,3/9/26,0,42.7
HUN_REE,-76.0152,43.8987,433,3/10/26,0,53
HUN_REE,-76.0152,43.8987,433,3/11/26,0.1,48.7
HUN_REE,-76.0152,43.8987,433,3/12/26,1.12,43.2
HUN_REE,-76.0152,43.8987,433,3/13/26,0.04,26.1
HUN_REE,-76.0152,43.8987,433,3/14/26,0.28,29.1
HUN_REE,-76.0152,43.8987,433,3/15/26,0.12,25.4
HUN_REE,-76.0152,43.8987,433,3/16/26,0.01,39.3
HUN_REE,-76.0152,43.8987,433,3/17/26,0.78,41.7
HUN_REE,-76.0152,43.8987,433,3/18/26,0.03,13
HUN_REE,-76.0152,43.8987,433,3/19/26,0,21.1
HUN_REE,-76.0152,43.8987,433,3/20/26,0.01,34.1
HUN_REE,-76.0152,43.8987,433,3/21/26,0.46,32.7
HUN_REE,-76.0152,43.8987,433,3/22/26,0.1,34.7
HUN_REE,-76.0152,43.8987,433,3/23/26,0.18,33.8
HUN_REE,-76.0152,43.8987,433,3/24/26,0,26.7
HUN_REE,-76.0152,43.8987,433,3/25/26,0,30
HUN_REE,-76.0152,43.8987,433,3/26/26,0,41.1
HUN_REE,-76.0152,43.8987,433,3/27/26,0.38,36.2
HUN_REE,-76.0152,43.8987,433,3/28/26,0,22.4
HUN_REE,-76.0152,43.8987,433,3/29/26,0.04,26.9
HUN_REE,-76.0152,43.8987,433,3/30/26,0,39.7
HUN_REE,-76.0152,43.8987,433,3/31/26,0.74,52.2
HUN_REE,-76.0152,43.8987,433,4/1/26,1.03,42.9
HUN_REE,-76.0152,43.8987,433,4/2/26,0,36.5
HUN_REE,-76.0152,43.8987,433,4/3/26,0.04,44.3
HUN_REE,-76.0152,43.8987,433,4/4/26,0.01,54.8
HUN_REE,-76.0152,43.8987,433,4/5/26,0.8,50.7
HUN_REE,-76.0152,43.8987,433,4/6/26,0,38.3
HUN_REE,-76.0152,43.8987,433,4/7/26,0.11,33.9
HUN_REE,-76.0152,43.8987,433,4/8/26,0.06,23.7
HUN_REE,-76.0152,43.8987,433,4/9/26,0,36.1
HUN_REE,-76.0152,43.8987,433,4/10/26,0.02,54
HUN_REE,-76.0152,43.8987,433,4/11/26,0.11,48.3
HUN_REE,-76.0152,43.8987,433,4/12/26,0,36.5
HUN_REE,-76.0152,43.8987,433,4/13/26,0.07,49.9
HUN_REE,-76.0152,43.8987,433,4/14/26,0.26,54.2
HUN_REE,-76.0152,43.8987,433,4/15/26,1.14,56.6
HUN_REE,-76.0152,43.8987,433,4/16/26,0.35,55.1
HUN_REE,-76.0152,43.8987,433,4/17/26,0.4,60.2
HUN_REE,-76.0152,43.8987,433,4/18/26,0,55
HUN_REE,-76.0152,43.8987,433,4/19/26,0.65,56
HUN_REE,-76.0152,43.8987,433,4/20/26,0.05,37.7
HUN_REE,-76.0152,43.8987,433,4/21/26,0,33
HUN_REE,-76.0152,43.8987,433,4/22/26,0,41.8
HUN_REE,-76.0152,43.8987,433,4/23/26,0,50.2
HUN_REE,-76.0152,43.8987,433,4/24/26,0,48
HUN_REE,-76.0152,43.8987,433,4/25/26,0,46.4
HUN_REE,-76.0152,43.8987,433,4/26/26,0,45.8
HUN_REE,-76.0152,43.8987,433,4/27/26,0,47.2
HUN_REE,-76.0152,43.8987,433,4/28/26,0,59.6
HUN_REE,-76.0152,43.8987,433,4/29/26,0,60.9
HUN_REE,-76.0152,43.8987,433,4/30/26,0.98,51.2
HUN_REE,-76.0152,43.8987,433,5/1/26,0.07,40.2
HUN_REE,-76.0152,43.8987,433,5/2/26,0.01,44.1
HUN_REE,-76.0152,43.8987,433,5/3/26,0,41.4
HUN_REE,-76.0152,43.8987,433,5/4/26,0.1,47
HUN_REE,-76.0152,43.8987,433,5/5/26,0.05,59.3
HUN_REE,-76.0152,43.8987,433,5/6/26,0.8,56
HUN_REE,-76.0152,43.8987,433,5/7/26,0.06,42.9
HUN_REE,-76.0152,43.8987,433,5/8/26,0,44.4
HUN_REE,-76.0152,43.8987,433,5/9/26,0,45.4
HUN_REE,-76.0152,43.8987,433,5/10/26,0.24,54.8
HUN_REE,-76.0152,43.8987,433,5/11/26,0,43.3
HUN_REE,-76.0152,43.8987,433,5/12/26,0,43.2
HUN_REE,-76.0152,43.8987,433,5/13/26,0.38,49.6
HUN_REE,-76.0152,43.8987,433,5/14/26,0.58,54.6
HUN_REE,-76.0152,43.8987,433,5/15/26,0.01,47.8
HUN_REE,-76.0152,43.8987,433,5/16/26,0,52.2
HUN_REE,-76.0152,43.8987,433,5/17/26,0.02,65.3
HUN_REE,-76.0152,43.8987,433,5/18/26,0,65.9
HUN_REE,-76.0152,43.8987,433,5/19/26,0,76.2
HUN_REE,-76.0152,43.8987,433,5/20/26,0.08,70.2
HUN_REE,-76.0152,43.8987,433,5/21/26,0,52.3
HUN_REE,-76.0152,43.8987,433,5/22/26,0,48.2
HUN_REE,-76.0152,43.8987,433,5/23/26,0,58
HUN_REE,-76.0152,43.8987,433,5/24/26,0.93,56.2
HUN_REE,-76.0152,43.8987,433,5/25/26,0.21,54.5
HUN_REE,-76.0152,43.8987,433,5/26/26,0,58.8
HUN_REE,-76.0152,43.8987,433,5/27/26,0,67.9
HUN_REE,-76.0152,43.8987,433,5/28/26,0.04,62.7
HUN_REE,-76.0152,43.8987,433,5/29/26,0,56.5
HUN_REE,-76.0152,43.8987,433,5/30/26,0.11,55.6
HUN_REE,-76.0152,43.8987,433,5/31/26,0,56.1
HUN_REE,-76.0152,43.8987,433,6/1/26,0.02,52.9
HUN_REE,-76.0152,43.8987,433,6/2/26,0,56.1
HUN_REE,-76.0152,43.8987,433,6/3/26,0,58
HUN_REE,-76.0152,43.8987,433,6/4/26,0,63.3
HUN_REE,-76.0152,43.8987,433,6/5/26,0,66.1
HUN_REE,-76.0152,43.8987,433,6/6/26,0.16,72.1
HUN_REE,-76.0152,43.8987,433,6/7/26,0.17,67.5
HUN_REE,-76.0152,43.8987,433,6/8/26,0.03,57.7
HUN_REE,-76.0152,43.8987,433,6/9/26,0,67.1
HUN_REE,-76.0152,43.8987,433,6/10/26,0.05,76.1
HUN_REE,-76.0152,43.8987,433,6/11/26,0.19,74.6
HUN_REE,-76.0152,43.8987,433,6/12/26,0,76.2
HUN_REE,-76.0152,43.8987,433,6/13/26,0,68.9
HUN_REE,-76.0152,43.8987,433,6/14/26,0,69.5
HUN_REE,-76.0152,43.8987,433,6/15/26,1.31,63
HUN_REE,-76.0152,43.8987,433,6/16/26,0,56
HUN_REE,-76.0152,43.8987,433,6/17/26,0,64.5
HUN_REE,-76.0152,43.8987,433,6/18/26,0.52,67.9
HUN_REE,-76.0152,43.8987,433,6/19/26,0.37,64.5
HUN_REE,-76.0152,43.8987,433,6/20/26,0.04,63.4
HUN_REE,-76.0152,43.8987,433,6/21/26,0,58.9
HUN_REE,-76.0152,43.8987,433,6/22/26,0,62.6
HUN_REE,-76.0152,43.8987,433,6/23/26,0.17,60.6
HUN_REE,-76.0152,43.8987,433,6/24/26,0,60.4
HUN_REE,-76.0152,43.8987,433,6/25/26,0,64.5
HUN_REE,-76.0152,43.8987,433,6/26/26,0.47,68.1
HUN_REE,-76.0152,43.8987,433,6/27/26,0,63.9
HUN_REE,-76.0152,43.8987,433,6/28/26,0,67.7
HUN_REE,-76.0152,43.8987,433,6/29/26,0,70.3
HUN_REE,-76.0152,43.8987,433,6/30/26,0,74.9
,,,,,,
KIK_COR,-77.9961,42.9348,932,1/1/26,0.35,15.9
KIK_COR,-77.9961,42.9348,932,1/2/26,0.01,13.5
KIK_COR,-77.9961,42.9348,932,1/3/26,0,18.1
KIK_COR,-77.9961,42.9348,932,1/4/26,0.02,20.5
KIK_COR,-77.9961,42.9348,932,1/5/26,0,23.6
KIK_COR,-77.9961,42.9348,932,1/6/26,0.03,28.7
KIK_COR,-77.9961,42.9348,932,1/7/26,0.48,34.7
KIK_COR,-77.9961,42.9348,932,1/8/26,0,34.6
KIK_COR,-77.9961,42.9348,932,1/9/26,0,42.2
KIK_COR,-77.9961,42.9348,932,1/10/26,0.33,45.1
KIK_COR,-77.9961,42.9348,932,1/11/26,0.19,36.9
KIK_COR,-77.9961,42.9348,932,1/12/26,0.03,27.9
KIK_COR,-77.9961,42.9348,932,1/13/26,0,31.8
KIK_COR,-77.9961,42.9348,932,1/14/26,0,37.9
KIK_COR,-77.9961,42.9348,932,1/15/26,0.4,29.2
KIK_COR,-77.9961,42.9348,932,1/16/26,0.02,13.5
KIK_COR,-77.9961,42.9348,932,1/17/26,0,22.5
KIK_COR,-77.9961,42.9348,932,1/18/26,0,28.3
KIK_COR,-77.9961,42.9348,932,1/19/26,0,16.9
KIK_COR,-77.9961,42.9348,932,1/20/26,0.11,14.9
KIK_COR,-77.9961,42.9348,932,1/21/26,0,9.2
KIK_COR,-77.9961,42.9348,932,1/22/26,0.22,20.5
KIK_COR,-77.9961,42.9348,932,1/23/26,0.3,19.9
KIK_COR,-77.9961,42.9348,932,1/24/26,0,3.9
KIK_COR,-77.9961,42.9348,932,1/25/26,0,2.5
KIK_COR,-77.9961,42.9348,932,1/26/26,0.63,7
KIK_COR,-77.9961,42.9348,932,1/27/26,0,9.8
KIK_COR,-77.9961,42.9348,932,1/28/26,0.01,9.1
KIK_COR,-77.9961,42.9348,932,1/29/26,0,9.6
KIK_COR,-77.9961,42.9348,932,1/30/26,0.02,6.1
KIK_COR,-77.9961,42.9348,932,1/31/26,0,3.5
KIK_COR,-77.9961,42.9348,932,2/1/26,0.01,7.8
KIK_COR,-77.9961,42.9348,932,2/2/26,0,10.1
KIK_COR,-77.9961,42.9348,932,2/3/26,0,16.6
KIK_COR,-77.9961,42.9348,932,2/4/26,0.02,17
KIK_COR,-77.9961,42.9348,932,2/5/26,0,15
KIK_COR,-77.9961,42.9348,932,2/6/26,0,15
KIK_COR,-77.9961,42.9348,932,2/7/26,0.07,11
KIK_COR,-77.9961,42.9348,932,2/8/26,0,-0.6
KIK_COR,-77.9961,42.9348,932,2/9/26,0,-0.4
KIK_COR,-77.9961,42.9348,932,2/10/26,0,8.3
KIK_COR,-77.9961,42.9348,932,2/11/26,0.05,32.8
KIK_COR,-77.9961,42.9348,932,2/12/26,0.1,24.8
KIK_COR,-77.9961,42.9348,932,2/13/26,0,18.4
KIK_COR,-77.9961,42.9348,932,2/14/26,0,23.6
KIK_COR,-77.9961,42.9348,932,2/15/26,0,27
KIK_COR,-77.9961,42.9348,932,2/16/26,0,30.1
KIK_COR,-77.9961,42.9348,932,2/17/26,0,38.5
KIK_COR,-77.9961,42.9348,932,2/18/26,0,37.9
KIK_COR,-77.9961,42.9348,932,2/19/26,0.59,31.1
KIK_COR,-77.9961,42.9348,932,2/20/26,0.08,34.1
KIK_COR,-77.9961,42.9348,932,2/21/26,0.13,38.1
KIK_COR,-77.9961,42.9348,932,2/22/26,0.03,30.6
KIK_COR,-77.9961,42.9348,932,2/23/26,0.13,29.3
KIK_COR,-77.9961,42.9348,932,2/24/26,0.04,20.4
KIK_COR,-77.9961,42.9348,932,2/25/26,0.08,21
KIK_COR,-77.9961,42.9348,932,2/26/26,0.04,29.2
KIK_COR,-77.9961,42.9348,932,2/27/26,0,22.6
KIK_COR,-77.9961,42.9348,932,2/28/26,0.03,34.5
KIK_COR,-77.9961,42.9348,932,3/1/26,0,31.5
KIK_COR,-77.9961,42.9348,932,3/2/26,0,17
KIK_COR,-77.9961,42.9348,932,3/3/26,0,19.1
KIK_COR,-77.9961,42.9348,932,3/4/26,0.02,31.5
KIK_COR,-77.9961,42.9348,932,3/5/26,0,40.9
KIK_COR,-77.9961,42.9348,932,3/6/26,0.54,33.9
KIK_COR,-77.9961,42.9348,932,3/7/26,0.02,42.1
KIK_COR,-77.9961,42.9348,932,3/8/26,0.22,56
KIK_COR,-77.9961,42.9348,932,3/9/26,0,46.6
KIK_COR,-77.9961,42.9348,932,3/10/26,0,57.4
KIK_COR,-77.9961,42.9348,932,3/11/26,0.1,52
KIK_COR,-77.9961,42.9348,932,3/12/26,0.66,49.2
KIK_COR,-77.9961,42.9348,932,3/13/26,0,28.7
KIK_COR,-77.9961,42.9348,932,3/14/26,0.2,31.4
KIK_COR,-77.9961,42.9348,932,3/15/26,0.03,28.4
KIK_COR,-77.9961,42.9348,932,3/16/26,0,41.3
KIK_COR,-77.9961,42.9348,932,3/17/26,0.26,39.9
KIK_COR,-77.9961,42.9348,932,3/18/26,0,18.2
KIK_COR,-77.9961,42.9348,932,3/19/26,0,25.1
KIK_COR,-77.9961,42.9348,932,3/20/26,0,36.6
KIK_COR,-77.9961,42.9348,932,3/21/26,0.73,38.9
KIK_COR,-77.9961,42.9348,932,3/22/26,0,41.8
KIK_COR,-77.9961,42.9348,932,3/23/26,0.4,40.7
KIK_COR,-77.9961,42.9348,932,3/24/26,0.03,28.6
KIK_COR,-77.9961,42.9348,932,3/25/26,0,32.4
KIK_COR,-77.9961,42.9348,932,3/26/26,0,42.4
KIK_COR,-77.9961,42.9348,932,3/27/26,0.83,45.3
KIK_COR,-77.9961,42.9348,932,3/28/26,0,25.4
KIK_COR,-77.9961,42.9348,932,3/29/26,0,27.1
KIK_COR,-77.9961,42.9348,932,3/30/26,0,42
KIK_COR,-77.9961,42.9348,932,3/31/26,0.81,56.7
KIK_COR,-77.9961,42.9348,932,4/1/26,1.56,53.6
KIK_COR,-77.9961,42.9348,932,4/2/26,0,35.8
KIK_COR,-77.9961,42.9348,932,4/3/26,0.03,45.7
KIK_COR,-77.9961,42.9348,932,4/4/26,0.02,55.2
KIK_COR,-77.9961,42.9348,932,4/5/26,0.19,54.6
KIK_COR,-77.9961,42.9348,932,4/6/26,0.03,37.5
KIK_COR,-77.9961,42.9348,932,4/7/26,0.06,33.1
KIK_COR,-77.9961,42.9348,932,4/8/26,0,26.2
KIK_COR,-77.9961,42.9348,932,4/9/26,0,40.1
KIK_COR,-77.9961,42.9348,932,4/10/26,0.01,58.7
KIK_COR,-77.9961,42.9348,932,4/11/26,0.04,49.8
KIK_COR,-77.9961,42.9348,932,4/12/26,0,39.9
KIK_COR,-77.9961,42.9348,932,4/13/26,0.01,52.5
KIK_COR,-77.9961,42.9348,932,4/14/26,0.08,61.9
KIK_COR,-77.9961,42.9348,932,4/15/26,0.14,62.3
KIK_COR,-77.9961,42.9348,932,4/16/26,0.61,66.3
KIK_COR,-77.9961,42.9348,932,4/17/26,0.67,63.8
KIK_COR,-77.9961,42.9348,932,4/18/26,0,57.8
KIK_COR,-77.9961,42.9348,932,4/19/26,0.33,56
KIK_COR,-77.9961,42.9348,932,4/20/26,0.19,34.9
KIK_COR,-77.9961,42.9348,932,4/21/26,0.02,32.1
KIK_COR,-77.9961,42.9348,932,4/22/26,0.06,43.7
KIK_COR,-77.9961,42.9348,932,4/23/26,0,55
KIK_COR,-77.9961,42.9348,932,4/24/26,0,54.6
KIK_COR,-77.9961,42.9348,932,4/25/26,0.41,46.2
KIK_COR,-77.9961,42.9348,932,4/26/26,0.83,41.7
KIK_COR,-77.9961,42.9348,932,4/27/26,0,48.6
KIK_COR,-77.9961,42.9348,932,4/28/26,0,59
KIK_COR,-77.9961,42.9348,932,4/29/26,0.03,56.8
KIK_COR,-77.9961,42.9348,932,4/30/26,0.71,47.6
KIK_COR,-77.9961,42.9348,932,5/1/26,0.03,42.1
KIK_COR,-77.9961,42.9348,932,5/2/26,0.09,40.3
KIK_COR,-77.9961,42.9348,932,5/3/26,0,39.7
KIK_COR,-77.9961,42.9348,932,5/4/26,0,48.4
KIK_COR,-77.9961,42.9348,932,5/5/26,0.02,63.4
KIK_COR,-77.9961,42.9348,932,5/6/26,0.97,55.5
KIK_COR,-77.9961,42.9348,932,5/7/26,0.04,42.5
KIK_COR,-77.9961,42.9348,932,5/8/26,0.05,45.5
KIK_COR,-77.9961,42.9348,932,5/9/26,0.03,47.4
KIK_COR,-77.9961,42.9348,932,5/10/26,0.22,55.7
KIK_COR,-77.9961,42.9348,932,5/11/26,0,46.3
KIK_COR,-77.9961,42.9348,932,5/12/26,0,43.3
KIK_COR,-77.9961,42.9348,932,5/13/26,0.24,51.6
KIK_COR,-77.9961,42.9348,932,5/14/26,0.07,53.9
KIK_COR,-77.9961,42.9348,932,5/15/26,0,45.8
KIK_COR,-77.9961,42.9348,932,5/16/26,0,55.8
KIK_COR,-77.9961,42.9348,932,5/17/26,0.34,68.1
KIK_COR,-77.9961,42.9348,932,5/18/26,0,73
KIK_COR,-77.9961,42.9348,932,5/19/26,0.03,78.4
KIK_COR,-77.9961,42.9348,932,5/20/26,0.06,71.4
KIK_COR,-77.9961,42.9348,932,5/21/26,0,52.4
KIK_COR,-77.9961,42.9348,932,5/22/26,0,48.7
KIK_COR,-77.9961,42.9348,932,5/23/26,0,54.7
KIK_COR,-77.9961,42.9348,932,5/24/26,1.1,49.5
KIK_COR,-77.9961,42.9348,932,5/25/26,0.2,60.6
KIK_COR,-77.9961,42.9348,932,5/26/26,0,63.8
KIK_COR,-77.9961,42.9348,932,5/27/26,0,71.7
KIK_COR,-77.9961,42.9348,932,5/28/26,0,64
KIK_COR,-77.9961,42.9348,932,5/29/26,0,58.2
KIK_COR,-77.9961,42.9348,932,5/30/26,0,59.4
KIK_COR,-77.9961,42.9348,932,5/31/26,0,56.3
KIK_COR,-77.9961,42.9348,932,6/1/26,0,59
KIK_COR,-77.9961,42.9348,932,6/2/26,0,55.5
KIK_COR,-77.9961,42.9348,932,6/3/26,0,63.1
KIK_COR,-77.9961,42.9348,932,6/4/26,0,67.5
KIK_COR,-77.9961,42.9348,932,6/5/26,0,69.6
KIK_COR,-77.9961,42.9348,932,6/6/26,0.15,73.2
KIK_COR,-77.9961,42.9348,932,6/7/26,0,69.6
KIK_COR,-77.9961,42.9348,932,6/8/26,0,63.4
KIK_COR,-77.9961,42.9348,932,6/9/26,0,71.5
KIK_COR,-77.9961,42.9348,932,6/10/26,0.09,77.8
KIK_COR,-77.9961,42.9348,932,6/11/26,0.01,75
KIK_COR,-77.9961,42.9348,932,6/12/26,0.05,78.7
KIK_COR,-77.9961,42.9348,932,6/13/26,0,70.2
KIK_COR,-77.9961,42.9348,932,6/14/26,0,73
KIK_COR,-77.9961,42.9348,932,6/15/26,0.97,63.5
KIK_COR,-77.9961,42.9348,932,6/16/26,0,56.6
KIK_COR,-77.9961,42.9348,932,6/17/26,0.1,65.1
KIK_COR,-77.9961,42.9348,932,6/18/26,0.64,66.2
KIK_COR,-77.9961,42.9348,932,6/19/26,0.17,65.9
KIK_COR,-77.9961,42.9348,932,6/20/26,0.08,63.8
KIK_COR,-77.9961,42.9348,932,6/21/26,0,64.2
KIK_COR,-77.9961,42.9348,932,6/22/26,0.05,66.6
KIK_COR,-77.9961,42.9348,932,6/23/26,0.58,57.9
KIK_COR,-77.9961,42.9348,932,6/24/26,0,64.7
KIK_COR,-77.9961,42.9348,932,6/25/26,0,66.4
KIK_COR,-77.9961,42.9348,932,6/26/26,0.59,60.6
KIK_COR,-77.9961,42.9348,932,6/27/26,0,64.5
KIK_COR,-77.9961,42.9348,932,6/28/26,0,69.4
KIK_COR,-77.9961,42.9348,932,6/29/26,0,72
KIK_COR,-77.9961,42.9348,932,6/30/26,0,77.2
,,,,,,
KIK_MBF,-77.9336,42.9548,846,1/1/26,0.26,16.3
KIK_MBF,-77.9336,42.9548,846,1/2/26,0,13.8
KIK_MBF,-77.9336,42.9548,846,1/3/26,0,18.7
KIK_MBF,-77.9336,42.9548,846,1/4/26,0,21.1
KIK_MBF,-77.9336,42.9548,846,1/5/26,0,23.8
KIK_MBF,-77.9336,42.9548,846,1/6/26,0.04,28.9
KIK_MBF,-77.9336,42.9548,846,1/7/26,0.46,34.6
KIK_MBF,-77.9336,42.9548,846,1/8/26,0,34.8
KIK_MBF,-77.9336,42.9548,846,1/9/26,0,42.3
KIK_MBF,-77.9336,42.9548,846,1/10/26,0.35,45.3
KIK_MBF,-77.9336,42.9548,846,1/11/26,0.17,37
KIK_MBF,-77.9336,42.9548,846,1/12/26,0,28.4
KIK_MBF,-77.9336,42.9548,846,1/13/26,0,32.2
KIK_MBF,-77.9336,42.9548,846,1/14/26,0,38.4
KIK_MBF,-77.9336,42.9548,846,1/15/26,0.36,29.9
KIK_MBF,-77.9336,42.9548,846,1/16/26,0.01,14.2
KIK_MBF,-77.9336,42.9548,846,1/17/26,0,22.8
KIK_MBF,-77.9336,42.9548,846,1/18/26,0,28.8
KIK_MBF,-77.9336,42.9548,846,1/19/26,0,17.4
KIK_MBF,-77.9336,42.9548,846,1/20/26,0.09,15.6
KIK_MBF,-77.9336,42.9548,846,1/21/26,0,9.7
KIK_MBF,-77.9336,42.9548,846,1/22/26,0.2,20.9
KIK_MBF,-77.9336,42.9548,846,1/23/26,0.26,20.3
KIK_MBF,-77.9336,42.9548,846,1/24/26,0,4.3
KIK_MBF,-77.9336,42.9548,846,1/25/26,0,2.9
KIK_MBF,-77.9336,42.9548,846,1/26/26,0.58,7.3
KIK_MBF,-77.9336,42.9548,846,1/27/26,0,10.1
KIK_MBF,-77.9336,42.9548,846,1/28/26,0,9.6
KIK_MBF,-77.9336,42.9548,846,1/29/26,0,9.9
KIK_MBF,-77.9336,42.9548,846,1/30/26,0,6.3
KIK_MBF,-77.9336,42.9548,846,1/31/26,0,3.6
KIK_MBF,-77.9336,42.9548,846,2/1/26,0,7.5
KIK_MBF,-77.9336,42.9548,846,2/2/26,0,9.8
KIK_MBF,-77.9336,42.9548,846,2/3/26,0,16.3
KIK_MBF,-77.9336,42.9548,846,2/4/26,0.01,16.7
KIK_MBF,-77.9336,42.9548,846,2/5/26,0,14.5
KIK_MBF,-77.9336,42.9548,846,2/6/26,0,14.5
KIK_MBF,-77.9336,42.9548,846,2/7/26,0.04,11.4
KIK_MBF,-77.9336,42.9548,846,2/8/26,0,-0.3
KIK_MBF,-77.9336,42.9548,846,2/9/26,0,-0.8
KIK_MBF,-77.9336,42.9548,846,2/10/26,0,7.5
KIK_MBF,-77.9336,42.9548,846,2/11/26,0.02,32.6
KIK_MBF,-77.9336,42.9548,846,2/12/26,0.06,25.2
KIK_MBF,-77.9336,42.9548,846,2/13/26,0,18.3
KIK_MBF,-77.9336,42.9548,846,2/14/26,0,23.7
KIK_MBF,-77.9336,42.9548,846,2/15/26,0,27
KIK_MBF,-77.9336,42.9548,846,2/16/26,0,29.9
KIK_MBF,-77.9336,42.9548,846,2/17/26,0,37.9
KIK_MBF,-77.9336,42.9548,846,2/18/26,0,37.7
KIK_MBF,-77.9336,42.9548,846,2/19/26,0.61,31.1
KIK_MBF,-77.9336,42.9548,846,2/20/26,0.08,34.1
KIK_MBF,-77.9336,42.9548,846,2/21/26,0.11,38.3
KIK_MBF,-77.9336,42.9548,846,2/22/26,0.02,30.9
KIK_MBF,-77.9336,42.9548,846,2/23/26,0.14,29.5
KIK_MBF,-77.9336,42.9548,846,2/24/26,0.03,20.8
KIK_MBF,-77.9336,42.9548,846,2/25/26,0.07,21.4
KIK_MBF,-77.9336,42.9548,846,2/26/26,0.04,29.7
KIK_MBF,-77.9336,42.9548,846,2/27/26,0,22.9
KIK_MBF,-77.9336,42.9548,846,2/28/26,0.02,34.6
KIK_MBF,-77.9336,42.9548,846,3/1/26,0,31.9
KIK_MBF,-77.9336,42.9548,846,3/2/26,0,17.2
KIK_MBF,-77.9336,42.9548,846,3/3/26,0,19.5
KIK_MBF,-77.9336,42.9548,846,3/4/26,0.01,31.5
KIK_MBF,-77.9336,42.9548,846,3/5/26,0,40.9
KIK_MBF,-77.9336,42.9548,846,3/6/26,0.5,34.2
KIK_MBF,-77.9336,42.9548,846,3/7/26,0.01,42.3
KIK_MBF,-77.9336,42.9548,846,3/8/26,0.23,56.6
KIK_MBF,-77.9336,42.9548,846,3/9/26,0,46.9
KIK_MBF,-77.9336,42.9548,846,3/10/26,0,57.6
KIK_MBF,-77.9336,42.9548,846,3/11/26,0.11,52.5
KIK_MBF,-77.9336,42.9548,846,3/12/26,0.76,49.5
KIK_MBF,-77.9336,42.9548,846,3/13/26,0,29
KIK_MBF,-77.9336,42.9548,846,3/14/26,0.2,31.7
KIK_MBF,-77.9336,42.9548,846,3/15/26,0,28.8
KIK_MBF,-77.9336,42.9548,846,3/16/26,0,41.6
KIK_MBF,-77.9336,42.9548,846,3/17/26,0.27,40.4
KIK_MBF,-77.9336,42.9548,846,3/18/26,0,18.4
KIK_MBF,-77.9336,42.9548,846,3/19/26,0,25.4
KIK_MBF,-77.9336,42.9548,846,3/20/26,0,36.7
KIK_MBF,-77.9336,42.9548,846,3/21/26,0.78,39
KIK_MBF,-77.9336,42.9548,846,3/22/26,0,41.4
KIK_MBF,-77.9336,42.9548,846,3/23/26,0.48,40.5
KIK_MBF,-77.9336,42.9548,846,3/24/26,0.02,29
KIK_MBF,-77.9336,42.9548,846,3/25/26,0,32.7
KIK_MBF,-77.9336,42.9548,846,3/26/26,0,42.6
KIK_MBF,-77.9336,42.9548,846,3/27/26,0.79,45.4
KIK_MBF,-77.9336,42.9548,846,3/28/26,0,25.5
KIK_MBF,-77.9336,42.9548,846,3/29/26,0,27.4
KIK_MBF,-77.9336,42.9548,846,3/30/26,0,42.3
KIK_MBF,-77.9336,42.9548,846,3/31/26,0.84,56.7
KIK_MBF,-77.9336,42.9548,846,4/1/26,1.49,54
KIK_MBF,-77.9336,42.9548,846,4/2/26,0,36.2
KIK_MBF,-77.9336,42.9548,846,4/3/26,0.01,46
KIK_MBF,-77.9336,42.9548,846,4/4/26,0,55.5
KIK_MBF,-77.9336,42.9548,846,4/5/26,0.18,55
KIK_MBF,-77.9336,42.9548,846,4/6/26,0.01,38.1
KIK_MBF,-77.9336,42.9548,846,4/7/26,0.05,33.5
KIK_MBF,-77.9336,42.9548,846,4/8/26,0,26.4
KIK_MBF,-77.9336,42.9548,846,4/9/26,0,40.3
KIK_MBF,-77.9336,42.9548,846,4/10/26,0,59
KIK_MBF,-77.9336,42.9548,846,4/11/26,0.02,50.1
KIK_MBF,-77.9336,42.9548,846,4/12/26,0,39.9
KIK_MBF,-77.9336,42.9548,846,4/13/26,0.01,52.5
KIK_MBF,-77.9336,42.9548,846,4/14/26,0.07,62
KIK_MBF,-77.9336,42.9548,846,4/15/26,0.18,62.5
KIK_MBF,-77.9336,42.9548,846,4/16/26,0.67,66.1
KIK_MBF,-77.9336,42.9548,846,4/17/26,0.68,64.1
KIK_MBF,-77.9336,42.9548,846,4/18/26,0,57.7
KIK_MBF,-77.9336,42.9548,846,4/19/26,0.33,56.3
KIK_MBF,-77.9336,42.9548,846,4/20/26,0.18,35.2
KIK_MBF,-77.9336,42.9548,846,4/21/26,0.02,32.2
KIK_MBF,-77.9336,42.9548,846,4/22/26,0.05,43.9
KIK_MBF,-77.9336,42.9548,846,4/23/26,0,55
KIK_MBF,-77.9336,42.9548,846,4/24/26,0,54.7
KIK_MBF,-77.9336,42.9548,846,4/25/26,0.38,46.4
KIK_MBF,-77.9336,42.9548,846,4/26/26,0.98,41.8
KIK_MBF,-77.9336,42.9548,846,4/27/26,0,48.6
KIK_MBF,-77.9336,42.9548,846,4/28/26,0,59.2
KIK_MBF,-77.9336,42.9548,846,4/29/26,0.03,57.1
KIK_MBF,-77.9336,42.9548,846,4/30/26,0.71,48
KIK_MBF,-77.9336,42.9548,846,5/1/26,0.01,42.3
KIK_MBF,-77.9336,42.9548,846,5/2/26,0.08,40.8
KIK_MBF,-77.9336,42.9548,846,5/3/26,0,40.1
KIK_MBF,-77.9336,42.9548,846,5/4/26,0,48.7
KIK_MBF,-77.9336,42.9548,846,5/5/26,0.01,63.9
KIK_MBF,-77.9336,42.9548,846,5/6/26,0.94,56.1
KIK_MBF,-77.9336,42.9548,846,5/7/26,0.05,42.7
KIK_MBF,-77.9336,42.9548,846,5/8/26,0.02,45.9
KIK_MBF,-77.9336,42.9548,846,5/9/26,0.03,47.6
KIK_MBF,-77.9336,42.9548,846,5/10/26,0.21,56.1
KIK_MBF,-77.9336,42.9548,846,5/11/26,0,46.5
KIK_MBF,-77.9336,42.9548,846,5/12/26,0,43.3
KIK_MBF,-77.9336,42.9548,846,5/13/26,0.23,51.6
KIK_MBF,-77.9336,42.9548,846,5/14/26,0.05,54.4
KIK_MBF,-77.9336,42.9548,846,5/15/26,0,46.1
KIK_MBF,-77.9336,42.9548,846,5/16/26,0,56
KIK_MBF,-77.9336,42.9548,846,5/17/26,0.38,68.4
KIK_MBF,-77.9336,42.9548,846,5/18/26,0,73.1
KIK_MBF,-77.9336,42.9548,846,5/19/26,0.03,78.8
KIK_MBF,-77.9336,42.9548,846,5/20/26,0.08,71.9
KIK_MBF,-77.9336,42.9548,846,5/21/26,0,52.7
KIK_MBF,-77.9336,42.9548,846,5/22/26,0,48.7
KIK_MBF,-77.9336,42.9548,846,5/23/26,0,55.1
KIK_MBF,-77.9336,42.9548,846,5/24/26,1.16,49.9
KIK_MBF,-77.9336,42.9548,846,5/25/26,0.18,60.9
KIK_MBF,-77.9336,42.9548,846,5/26/26,0,63.6
KIK_MBF,-77.9336,42.9548,846,5/27/26,0,71.8
KIK_MBF,-77.9336,42.9548,846,5/28/26,0,64.3
KIK_MBF,-77.9336,42.9548,846,5/29/26,0,58.4
KIK_MBF,-77.9336,42.9548,846,5/30/26,0,59.9
KIK_MBF,-77.9336,42.9548,846,5/31/26,0,56.2
KIK_MBF,-77.9336,42.9548,846,6/1/26,0,59.1
KIK_MBF,-77.9336,42.9548,846,6/2/26,0,55.5
KIK_MBF,-77.9336,42.9548,846,6/3/26,0,63.2
KIK_MBF,-77.9336,42.9548,846,6/4/26,0,67.2
KIK_MBF,-77.9336,42.9548,846,6/5/26,0,69.3
KIK_MBF,-77.9336,42.9548,846,6/6/26,0.16,73.6
KIK_MBF,-77.9336,42.9548,846,6/7/26,0,70
KIK_MBF,-77.9336,42.9548,846,6/8/26,0,63.4
KIK_MBF,-77.9336,42.9548,846,6/9/26,0,71.4
KIK_MBF,-77.9336,42.9548,846,6/10/26,0.2,78.2
KIK_MBF,-77.9336,42.9548,846,6/11/26,0.04,75.1
KIK_MBF,-77.9336,42.9548,846,6/12/26,0.02,79.1
KIK_MBF,-77.9336,42.9548,846,6/13/26,0,70.4
KIK_MBF,-77.9336,42.9548,846,6/14/26,0,73.3
KIK_MBF,-77.9336,42.9548,846,6/15/26,1.11,63.9
KIK_MBF,-77.9336,42.9548,846,6/16/26,0,56.9
KIK_MBF,-77.9336,42.9548,846,6/17/26,0.07,65.6
KIK_MBF,-77.9336,42.9548,846,6/18/26,0.75,66.6
KIK_MBF,-77.9336,42.9548,846,6/19/26,0.19,66.4
KIK_MBF,-77.9336,42.9548,846,6/20/26,0.12,64.3
KIK_MBF,-77.9336,42.9548,846,6/21/26,0,64.4
KIK_MBF,-77.9336,42.9548,846,6/22/26,0.04,67
KIK_MBF,-77.9336,42.9548,846,6/23/26,0.57,58.1
KIK_MBF,-77.9336,42.9548,846,6/24/26,0,64.8
KIK_MBF,-77.9336,42.9548,846,6/25/26,0,66.7
KIK_MBF,-77.9336,42.9548,846,6/26/26,0.63,60.9
KIK_MBF,-77.9336,42.9548,846,6/27/26,0,64.8
KIK_MBF,-77.9336,42.9548,846,6/28/26,0,69.5
KIK_MBF,-77.9336,42.9548,846,6/29/26,0,72.2
KIK_MBF,-77.9336,42.9548,846,6/30/26,0,77.4
,,,,,,
KIK_SWE,-77.9914,42.7903,1250,1/1/26,0.32,15.4
KIK_SWE,-77.9914,42.7903,1250,1/2/26,0.03,12.6
KIK_SWE,-77.9914,42.7903,1250,1/3/26,0,16.8
KIK_SWE,-77.9914,42.7903,1250,1/4/26,0.03,19
KIK_SWE,-77.9914,42.7903,1250,1/5/26,0.02,22.7
KIK_SWE,-77.9914,42.7903,1250,1/6/26,0.03,28.1
KIK_SWE,-77.9914,42.7903,1250,1/7/26,0.36,34.8
KIK_SWE,-77.9914,42.7903,1250,1/8/26,0,34.2
KIK_SWE,-77.9914,42.7903,1250,1/9/26,0,41.5
KIK_SWE,-77.9914,42.7903,1250,1/10/26,0.24,43.4
KIK_SWE,-77.9914,42.7903,1250,1/11/26,0.12,35.6
KIK_SWE,-77.9914,42.7903,1250,1/12/26,0.03,26.7
KIK_SWE,-77.9914,42.7903,1250,1/13/26,0,30.3
KIK_SWE,-77.9914,42.7903,1250,1/14/26,0,36.9
KIK_SWE,-77.9914,42.7903,1250,1/15/26,0.44,28.3
KIK_SWE,-77.9914,42.7903,1250,1/16/26,0.04,12.4
KIK_SWE,-77.9914,42.7903,1250,1/17/26,0.02,21.5
KIK_SWE,-77.9914,42.7903,1250,1/18/26,0.01,26.5
KIK_SWE,-77.9914,42.7903,1250,1/19/26,0,14.7
KIK_SWE,-77.9914,42.7903,1250,1/20/26,0.06,12.9
KIK_SWE,-77.9914,42.7903,1250,1/21/26,0.02,7.9
KIK_SWE,-77.9914,42.7903,1250,1/22/26,0.24,19.3
KIK_SWE,-77.9914,42.7903,1250,1/23/26,0.17,19.1
KIK_SWE,-77.9914,42.7903,1250,1/24/26,0,2.8
KIK_SWE,-77.9914,42.7903,1250,1/25/26,0,1.3
KIK_SWE,-77.9914,42.7903,1250,1/26/26,0.69,5.8
KIK_SWE,-77.9914,42.7903,1250,1/27/26,0,8.2
KIK_SWE,-77.9914,42.7903,1250,1/28/26,0.03,7.3
KIK_SWE,-77.9914,42.7903,1250,1/29/26,0,8
KIK_SWE,-77.9914,42.7903,1250,1/30/26,0,5.6
KIK_SWE,-77.9914,42.7903,1250,1/31/26,0,2.8
KIK_SWE,-77.9914,42.7903,1250,2/1/26,0.02,7.3
KIK_SWE,-77.9914,42.7903,1250,2/2/26,0,10
KIK_SWE,-77.9914,42.7903,1250,2/3/26,0,16.8
KIK_SWE,-77.9914,42.7903,1250,2/4/26,0.03,17.1
KIK_SWE,-77.9914,42.7903,1250,2/5/26,0,15.2
KIK_SWE,-77.9914,42.7903,1250,2/6/26,0,14.7
KIK_SWE,-77.9914,42.7903,1250,2/7/26,0.12,9.8
KIK_SWE,-77.9914,42.7903,1250,2/8/26,0,-1.7
KIK_SWE,-77.9914,42.7903,1250,2/9/26,0,-0.1
KIK_SWE,-77.9914,42.7903,1250,2/10/26,0,9.7
KIK_SWE,-77.9914,42.7903,1250,2/11/26,0.05,33.7
KIK_SWE,-77.9914,42.7903,1250,2/12/26,0.1,23.7
KIK_SWE,-77.9914,42.7903,1250,2/13/26,0.02,18.5
KIK_SWE,-77.9914,42.7903,1250,2/14/26,0,22.9
KIK_SWE,-77.9914,42.7903,1250,2/15/26,0,26.6
KIK_SWE,-77.9914,42.7903,1250,2/16/26,0,30.5
KIK_SWE,-77.9914,42.7903,1250,2/17/26,0,39.9
KIK_SWE,-77.9914,42.7903,1250,2/18/26,0,39.2
KIK_SWE,-77.9914,42.7903,1250,2/19/26,0.55,31.5
KIK_SWE,-77.9914,42.7903,1250,2/20/26,0.08,34.5
KIK_SWE,-77.9914,42.7903,1250,2/21/26,0.16,37.4
KIK_SWE,-77.9914,42.7903,1250,2/22/26,0.04,29.6
KIK_SWE,-77.9914,42.7903,1250,2/23/26,0.12,28.6
KIK_SWE,-77.9914,42.7903,1250,2/24/26,0.04,19
KIK_SWE,-77.9914,42.7903,1250,2/25/26,0.08,19.7
KIK_SWE,-77.9914,42.7903,1250,2/26/26,0.03,28.4
KIK_SWE,-77.9914,42.7903,1250,2/27/26,0,22
KIK_SWE,-77.9914,42.7903,1250,2/28/26,0.03,33.9
KIK_SWE,-77.9914,42.7903,1250,3/1/26,0.03,30.7
KIK_SWE,-77.9914,42.7903,1250,3/2/26,0,16.3
KIK_SWE,-77.9914,42.7903,1250,3/3/26,0,18
KIK_SWE,-77.9914,42.7903,1250,3/4/26,0.02,31
KIK_SWE,-77.9914,42.7903,1250,3/5/26,0,40.3
KIK_SWE,-77.9914,42.7903,1250,3/6/26,0.59,33.3
KIK_SWE,-77.9914,42.7903,1250,3/7/26,0.06,41
KIK_SWE,-77.9914,42.7903,1250,3/8/26,0.26,54.9
KIK_SWE,-77.9914,42.7903,1250,3/9/26,0,46.1
KIK_SWE,-77.9914,42.7903,1250,3/10/26,0,55.6
KIK_SWE,-77.9914,42.7903,1250,3/11/26,0.09,51.4
KIK_SWE,-77.9914,42.7903,1250,3/12/26,0.5,48.3
KIK_SWE,-77.9914,42.7903,1250,3/13/26,0.02,27.1
KIK_SWE,-77.9914,42.7903,1250,3/14/26,0.2,30.5
KIK_SWE,-77.9914,42.7903,1250,3/15/26,0.03,28.6
KIK_SWE,-77.9914,42.7903,1250,3/16/26,0,40.4
KIK_SWE,-77.9914,42.7903,1250,3/17/26,0.33,38.8
KIK_SWE,-77.9914,42.7903,1250,3/18/26,0,17
KIK_SWE,-77.9914,42.7903,1250,3/19/26,0,23.9
KIK_SWE,-77.9914,42.7903,1250,3/20/26,0,35.7
KIK_SWE,-77.9914,42.7903,1250,3/21/26,0.52,38.1
KIK_SWE,-77.9914,42.7903,1250,3/22/26,0,41.4
KIK_SWE,-77.9914,42.7903,1250,3/23/26,0.29,40.7
KIK_SWE,-77.9914,42.7903,1250,3/24/26,0.03,27.4
KIK_SWE,-77.9914,42.7903,1250,3/25/26,0,31.2
KIK_SWE,-77.9914,42.7903,1250,3/26/26,0,41.6
KIK_SWE,-77.9914,42.7903,1250,3/27/26,0.9,44.8
KIK_SWE,-77.9914,42.7903,1250,3/28/26,0,24.7
KIK_SWE,-77.9914,42.7903,1250,3/29/26,0,26.1
KIK_SWE,-77.9914,42.7903,1250,3/30/26,0,41.7
KIK_SWE,-77.9914,42.7903,1250,3/31/26,0.69,56.2
KIK_SWE,-77.9914,42.7903,1250,4/1/26,1.79,52.9
KIK_SWE,-77.9914,42.7903,1250,4/2/26,0.08,34.8
KIK_SWE,-77.9914,42.7903,1250,4/3/26,0.01,44.4
KIK_SWE,-77.9914,42.7903,1250,4/4/26,0.03,54.1
KIK_SWE,-77.9914,42.7903,1250,4/5/26,0.3,53.5
KIK_SWE,-77.9914,42.7903,1250,4/6/26,0.02,36.4
KIK_SWE,-77.9914,42.7903,1250,4/7/26,0.05,32.4
KIK_SWE,-77.9914,42.7903,1250,4/8/26,0,25.1
KIK_SWE,-77.9914,42.7903,1250,4/9/26,0,38.2
KIK_SWE,-77.9914,42.7903,1250,4/10/26,0.03,57.3
KIK_SWE,-77.9914,42.7903,1250,4/11/26,0.02,51.1
KIK_SWE,-77.9914,42.7903,1250,4/12/26,0,39
KIK_SWE,-77.9914,42.7903,1250,4/13/26,0.02,51.9
KIK_SWE,-77.9914,42.7903,1250,4/14/26,0.09,61.4
KIK_SWE,-77.9914,42.7903,1250,4/15/26,0.12,61.7
KIK_SWE,-77.9914,42.7903,1250,4/16/26,0.53,67.1
KIK_SWE,-77.9914,42.7903,1250,4/17/26,0.49,63.8
KIK_SWE,-77.9914,42.7903,1250,4/18/26,0,57.5
KIK_SWE,-77.9914,42.7903,1250,4/19/26,0.41,54.9
KIK_SWE,-77.9914,42.7903,1250,4/20/26,0.12,33.5
KIK_SWE,-77.9914,42.7903,1250,4/21/26,0.03,31
KIK_SWE,-77.9914,42.7903,1250,4/22/26,0.02,42.8
KIK_SWE,-77.9914,42.7903,1250,4/23/26,0,54.4
KIK_SWE,-77.9914,42.7903,1250,4/24/26,0,53.1
KIK_SWE,-77.9914,42.7903,1250,4/25/26,0.44,45.4
KIK_SWE,-77.9914,42.7903,1250,4/26/26,0.66,42.1
KIK_SWE,-77.9914,42.7903,1250,4/27/26,0,47.3
KIK_SWE,-77.9914,42.7903,1250,4/28/26,0,57.7
KIK_SWE,-77.9914,42.7903,1250,4/29/26,0.02,55.4
KIK_SWE,-77.9914,42.7903,1250,4/30/26,0.71,47.2
KIK_SWE,-77.9914,42.7903,1250,5/1/26,0.03,40.6
KIK_SWE,-77.9914,42.7903,1250,5/2/26,0.1,39.1
KIK_SWE,-77.9914,42.7903,1250,5/3/26,0,38.6
KIK_SWE,-77.9914,42.7903,1250,5/4/26,0,47.4
KIK_SWE,-77.9914,42.7903,1250,5/5/26,0.06,61.8
KIK_SWE,-77.9914,42.7903,1250,5/6/26,1.3,54.4
KIK_SWE,-77.9914,42.7903,1250,5/7/26,0.07,41
KIK_SWE,-77.9914,42.7903,1250,5/8/26,0.05,44.4
KIK_SWE,-77.9914,42.7903,1250,5/9/26,0.03,46.2
KIK_SWE,-77.9914,42.7903,1250,5/10/26,0.33,54.3
KIK_SWE,-77.9914,42.7903,1250,5/11/26,0,45.1
KIK_SWE,-77.9914,42.7903,1250,5/12/26,0,42.2
KIK_SWE,-77.9914,42.7903,1250,5/13/26,0.18,50.3
KIK_SWE,-77.9914,42.7903,1250,5/14/26,0.15,52.7
KIK_SWE,-77.9914,42.7903,1250,5/15/26,0.01,44.7
KIK_SWE,-77.9914,42.7903,1250,5/16/26,0,54.6
KIK_SWE,-77.9914,42.7903,1250,5/17/26,0.18,66.7
KIK_SWE,-77.9914,42.7903,1250,5/18/26,0,72.3
KIK_SWE,-77.9914,42.7903,1250,5/19/26,0.02,77.7
KIK_SWE,-77.9914,42.7903,1250,5/20/26,0.11,70.9
KIK_SWE,-77.9914,42.7903,1250,5/21/26,0,51
KIK_SWE,-77.9914,42.7903,1250,5/22/26,0,48.2
KIK_SWE,-77.9914,42.7903,1250,5/23/26,0.03,53.4
KIK_SWE,-77.9914,42.7903,1250,5/24/26,1.09,48.4
KIK_SWE,-77.9914,42.7903,1250,5/25/26,0.26,59
KIK_SWE,-77.9914,42.7903,1250,5/26/26,0,62.8
KIK_SWE,-77.9914,42.7903,1250,5/27/26,0,70
KIK_SWE,-77.9914,42.7903,1250,5/28/26,0,62.9
KIK_SWE,-77.9914,42.7903,1250,5/29/26,0,56.3
KIK_SWE,-77.9914,42.7903,1250,5/30/26,0,58
KIK_SWE,-77.9914,42.7903,1250,5/31/26,0,54
KIK_SWE,-77.9914,42.7903,1250,6/1/26,0,57.5
KIK_SWE,-77.9914,42.7903,1250,6/2/26,0,54.2
KIK_SWE,-77.9914,42.7903,1250,6/3/26,0,61
KIK_SWE,-77.9914,42.7903,1250,6/4/26,0,66.2
KIK_SWE,-77.9914,42.7903,1250,6/5/26,0,69
KIK_SWE,-77.9914,42.7903,1250,6/6/26,0.14,71.9
KIK_SWE,-77.9914,42.7903,1250,6/7/26,0.14,68.4
KIK_SWE,-77.9914,42.7903,1250,6/8/26,0,62.2
KIK_SWE,-77.9914,42.7903,1250,6/9/26,0,70.3
KIK_SWE,-77.9914,42.7903,1250,6/10/26,0.33,76.4
KIK_SWE,-77.9914,42.7903,1250,6/11/26,0.12,74.6
KIK_SWE,-77.9914,42.7903,1250,6/12/26,0.08,77.7
KIK_SWE,-77.9914,42.7903,1250,6/13/26,0,68.9
KIK_SWE,-77.9914,42.7903,1250,6/14/26,0,71.9
KIK_SWE,-77.9914,42.7903,1250,6/15/26,0.73,62.1
KIK_SWE,-77.9914,42.7903,1250,6/16/26,0,55.5
KIK_SWE,-77.9914,42.7903,1250,6/17/26,0.02,64.1
KIK_SWE,-77.9914,42.7903,1250,6/18/26,0.54,64.6
KIK_SWE,-77.9914,42.7903,1250,6/19/26,0.29,64.6
KIK_SWE,-77.9914,42.7903,1250,6/20/26,0.33,63
KIK_SWE,-77.9914,42.7903,1250,6/21/26,0,63.1
KIK_SWE,-77.9914,42.7903,1250,6/22/26,0.08,64.7
KIK_SWE,-77.9914,42.7903,1250,6/23/26,0.73,56.7
KIK_SWE,-77.9914,42.7903,1250,6/24/26,0,63.1
KIK_SWE,-77.9914,42.7903,1250,6/25/26,0,64.9
KIK_SWE,-77.9914,42.7903,1250,6/26/26,0.49,60.7
KIK_SWE,-77.9914,42.7903,1250,6/27/26,0,63.6
KIK_SWE,-77.9914,42.7903,1250,6/28/26,0,67.7
KIK_SWE,-77.9914,42.7903,1250,6/29/26,0,71
KIK_SWE,-77.9914,42.7903,1250,6/30/26,0,75.5
,,,,,,
KUH_COL,-75.5186,43.2865,528,1/1/26,0.12,20.5
KUH_COL,-75.5186,43.2865,528,1/2/26,0.02,12.4
KUH_COL,-75.5186,43.2865,528,1/3/26,0.12,17.1
KUH_COL,-75.5186,43.2865,528,1/4/26,0.03,19
KUH_COL,-75.5186,43.2865,528,1/5/26,0.04,18.1
KUH_COL,-75.5186,43.2865,528,1/6/26,0.12,20.4
KUH_COL,-75.5186,43.2865,528,1/7/26,0.68,27.6
KUH_COL,-75.5186,43.2865,528,1/8/26,0,32.8
KUH_COL,-75.5186,43.2865,528,1/9/26,0,35.3
KUH_COL,-75.5186,43.2865,528,1/10/26,0.2,41.6
KUH_COL,-75.5186,43.2865,528,1/11/26,0.78,35
KUH_COL,-75.5186,43.2865,528,1/12/26,0.06,29.5
KUH_COL,-75.5186,43.2865,528,1/13/26,0.05,30.4
KUH_COL,-75.5186,43.2865,528,1/14/26,0,36.6
KUH_COL,-75.5186,43.2865,528,1/15/26,0.63,38.2
KUH_COL,-75.5186,43.2865,528,1/16/26,0.03,20.2
KUH_COL,-75.5186,43.2865,528,1/17/26,0.03,18.4
KUH_COL,-75.5186,43.2865,528,1/18/26,0.04,29.9
KUH_COL,-75.5186,43.2865,528,1/19/26,0,20.4
KUH_COL,-75.5186,43.2865,528,1/20/26,0.02,19.5
KUH_COL,-75.5186,43.2865,528,1/21/26,0,12.3
KUH_COL,-75.5186,43.2865,528,1/22/26,0.18,20.4
KUH_COL,-75.5186,43.2865,528,1/23/26,0.02,24.9
KUH_COL,-75.5186,43.2865,528,1/24/26,0.06,3.4
KUH_COL,-75.5186,43.2865,528,1/25/26,0,-3.4
KUH_COL,-75.5186,43.2865,528,1/26/26,0.82,8.1
KUH_COL,-75.5186,43.2865,528,1/27/26,0.02,8.4
KUH_COL,-75.5186,43.2865,528,1/28/26,0.14,7.3
KUH_COL,-75.5186,43.2865,528,1/29/26,0,6.1
KUH_COL,-75.5186,43.2865,528,1/30/26,0.03,3
KUH_COL,-75.5186,43.2865,528,1/31/26,0.01,-0.1
KUH_COL,-75.5186,43.2865,528,2/1/26,0,3.8
KUH_COL,-75.5186,43.2865,528,2/2/26,0,0.3
KUH_COL,-75.5186,43.2865,528,2/3/26,0,5.3
KUH_COL,-75.5186,43.2865,528,2/4/26,0.04,13.8
KUH_COL,-75.5186,43.2865,528,2/5/26,0,14.8
KUH_COL,-75.5186,43.2865,528,2/6/26,0,12.2
KUH_COL,-75.5186,43.2865,528,2/7/26,0.14,15.6
KUH_COL,-75.5186,43.2865,528,2/8/26,0,-7.8
KUH_COL,-75.5186,43.2865,528,2/9/26,0,-7.5
KUH_COL,-75.5186,43.2865,528,2/10/26,0,0.7
KUH_COL,-75.5186,43.2865,528,2/11/26,0.07,22.5
KUH_COL,-75.5186,43.2865,528,2/12/26,0.24,26.2
KUH_COL,-75.5186,43.2865,528,2/13/26,0,11.9
KUH_COL,-75.5186,43.2865,528,2/14/26,0,11.2
KUH_COL,-75.5186,43.2865,528,2/15/26,0,26.7
KUH_COL,-75.5186,43.2865,528,2/16/26,0,32.3
KUH_COL,-75.5186,43.2865,528,2/17/26,0.02,35.9
KUH_COL,-75.5186,43.2865,528,2/18/26,0,34.8
KUH_COL,-75.5186,43.2865,528,2/19/26,0.08,34.2
KUH_COL,-75.5186,43.2865,528,2/20/26,0,33.1
KUH_COL,-75.5186,43.2865,528,2/21/26,0.87,33.7
KUH_COL,-75.5186,43.2865,528,2/22/26,0,30.2
KUH_COL,-75.5186,43.2865,528,2/23/26,0.07,28.8
KUH_COL,-75.5186,43.2865,528,2/24/26,0,22.2
KUH_COL,-75.5186,43.2865,528,2/25/26,0.13,15.1
KUH_COL,-75.5186,43.2865,528,2/26/26,0.14,29.3
KUH_COL,-75.5186,43.2865,528,2/27/26,0,17
KUH_COL,-75.5186,43.2865,528,2/28/26,0,24.8
KUH_COL,-75.5186,43.2865,528,3/1/26,0.03,35.3
KUH_COL,-75.5186,43.2865,528,3/2/26,0,13.1
KUH_COL,-75.5186,43.2865,528,3/3/26,0,13.6
KUH_COL,-75.5186,43.2865,528,3/4/26,0.12,25.6
KUH_COL,-75.5186,43.2865,528,3/5/26,0,35.9
KUH_COL,-75.5186,43.2865,528,3/6/26,0.4,37.4
KUH_COL,-75.5186,43.2865,528,3/7/26,0.01,38.2
KUH_COL,-75.5186,43.2865,528,3/8/26,0.41,47.1
KUH_COL,-75.5186,43.2865,528,3/9/26,0,40.5
KUH_COL,-75.5186,43.2865,528,3/10/26,0,50.2
KUH_COL,-75.5186,43.2865,528,3/11/26,0.04,51.9
KUH_COL,-75.5186,43.2865,528,3/12/26,0.85,49.1
KUH_COL,-75.5186,43.2865,528,3/13/26,0,27
KUH_COL,-75.5186,43.2865,528,3/14/26,0.27,29.7
KUH_COL,-75.5186,43.2865,528,3/15/26,0.15,25
KUH_COL,-75.5186,43.2865,528,3/16/26,0.04,35.6
KUH_COL,-75.5186,43.2865,528,3/17/26,0.81,43.8
KUH_COL,-75.5186,43.2865,528,3/18/26,0.05,17.3
KUH_COL,-75.5186,43.2865,528,3/19/26,0,21.1
KUH_COL,-75.5186,43.2865,528,3/20/26,0.02,34.2
KUH_COL,-75.5186,43.2865,528,3/21/26,0.51,36.4
KUH_COL,-75.5186,43.2865,528,3/22/26,0.03,35.9
KUH_COL,-75.5186,43.2865,528,3/23/26,0.49,38.8
KUH_COL,-75.5186,43.2865,528,3/24/26,0,28.6
KUH_COL,-75.5186,43.2865,528,3/25/26,0,32.6
KUH_COL,-75.5186,43.2865,528,3/26/26,0,40.4
KUH_COL,-75.5186,43.2865,528,3/27/26,0.7,45.8
KUH_COL,-75.5186,43.2865,528,3/28/26,0,26.5
KUH_COL,-75.5186,43.2865,528,3/29/26,0,26.9
KUH_COL,-75.5186,43.2865,528,3/30/26,0,39.7
KUH_COL,-75.5186,43.2865,528,3/31/26,1.16,54.4
KUH_COL,-75.5186,43.2865,528,4/1/26,1.3,56.5
KUH_COL,-75.5186,43.2865,528,4/2/26,0.03,41.2
KUH_COL,-75.5186,43.2865,528,4/3/26,0.25,40.5
KUH_COL,-75.5186,43.2865,528,4/4/26,0,57.6
KUH_COL,-75.5186,43.2865,528,4/5/26,0.71,50.8
KUH_COL,-75.5186,43.2865,528,4/6/26,0.17,41.2
KUH_COL,-75.5186,43.2865,528,4/7/26,0.14,36.1
KUH_COL,-75.5186,43.2865,528,4/8/26,0.04,24.7
KUH_COL,-75.5186,43.2865,528,4/9/26,0,36.8
KUH_COL,-75.5186,43.2865,528,4/10/26,0,53.6
KUH_COL,-75.5186,43.2865,528,4/11/26,0.19,55
KUH_COL,-75.5186,43.2865,528,4/12/26,0,37.8
KUH_COL,-75.5186,43.2865,528,4/13/26,0.02,45.2
KUH_COL,-75.5186,43.2865,528,4/14/26,0.12,58.9
KUH_COL,-75.5186,43.2865,528,4/15/26,0.09,63.8
KUH_COL,-75.5186,43.2865,528,4/16/26,0.22,63.1
KUH_COL,-75.5186,43.2865,528,4/17/26,0.35,69
KUH_COL,-75.5186,43.2865,528,4/18/26,0,57.7
KUH_COL,-75.5186,43.2865,528,4/19/26,0.7,57.8
KUH_COL,-75.5186,43.2865,528,4/20/26,0.11,37.7
KUH_COL,-75.5186,43.2865,528,4/21/26,0,31.6
KUH_COL,-75.5186,43.2865,528,4/22/26,0.04,39.5
KUH_COL,-75.5186,43.2865,528,4/23/26,0,52.2
KUH_COL,-75.5186,43.2865,528,4/24/26,0,53.8
KUH_COL,-75.5186,43.2865,528,4/25/26,0,50.5
KUH_COL,-75.5186,43.2865,528,4/26/26,0.06,43.5
KUH_COL,-75.5186,43.2865,528,4/27/26,0,49.5
KUH_COL,-75.5186,43.2865,528,4/28/26,0,59.4
KUH_COL,-75.5186,43.2865,528,4/29/26,0,61.1
KUH_COL,-75.5186,43.2865,528,4/30/26,1.1,54.8
KUH_COL,-75.5186,43.2865,528,5/1/26,0,42
KUH_COL,-75.5186,43.2865,528,5/2/26,0.11,46.4
KUH_COL,-75.5186,43.2865,528,5/3/26,0,41.4
KUH_COL,-75.5186,43.2865,528,5/4/26,0.07,47.2
KUH_COL,-75.5186,43.2865,528,5/5/26,0.03,60.4
KUH_COL,-75.5186,43.2865,528,5/6/26,0.37,59.9
KUH_COL,-75.5186,43.2865,528,5/7/26,0.32,41.6
KUH_COL,-75.5186,43.2865,528,5/8/26,0.02,45.1
KUH_COL,-75.5186,43.2865,528,5/9/26,0,44.6
KUH_COL,-75.5186,43.2865,528,5/10/26,0.11,50.8
KUH_COL,-75.5186,43.2865,528,5/11/26,0,44.8
KUH_COL,-75.5186,43.2865,528,5/12/26,0,42.6
KUH_COL,-75.5186,43.2865,528,5/13/26,0.26,49.8
KUH_COL,-75.5186,43.2865,528,5/14/26,0.38,52.9
KUH_COL,-75.5186,43.2865,528,5/15/26,0.2,48.6
KUH_COL,-75.5186,43.2865,528,5/16/26,0,50.1
KUH_COL,-75.5186,43.2865,528,5/17/26,0.11,63.9
KUH_COL,-75.5186,43.2865,528,5/18/26,0,69.7
KUH_COL,-75.5186,43.2865,528,5/19/26,0,76.4
KUH_COL,-75.5186,43.2865,528,5/20/26,0,75.5
KUH_COL,-75.5186,43.2865,528,5/21/26,0.03,56.1
KUH_COL,-75.5186,43.2865,528,5/22/26,0,50.3
KUH_COL,-75.5186,43.2865,528,5/23/26,0,56
KUH_COL,-75.5186,43.2865,528,5/24/26,0.77,53.6
KUH_COL,-75.5186,43.2865,528,5/25/26,1.36,51.8
KUH_COL,-75.5186,43.2865,528,5/26/26,0,57.8
KUH_COL,-75.5186,43.2865,528,5/27/26,0,67.9
KUH_COL,-75.5186,43.2865,528,5/28/26,0,64.5
KUH_COL,-75.5186,43.2865,528,5/29/26,0,55.3
KUH_COL,-75.5186,43.2865,528,5/30/26,0.01,58.6
KUH_COL,-75.5186,43.2865,528,5/31/26,0,53.2
KUH_COL,-75.5186,43.2865,528,6/1/26,0.06,56
KUH_COL,-75.5186,43.2865,528,6/2/26,0,56.3
KUH_COL,-75.5186,43.2865,528,6/3/26,0,59
KUH_COL,-75.5186,43.2865,528,6/4/26,0,63
KUH_COL,-75.5186,43.2865,528,6/5/26,0,65.6
KUH_COL,-75.5186,43.2865,528,6/6/26,0,72.6
KUH_COL,-75.5186,43.2865,528,6/7/26,0.08,71.2
KUH_COL,-75.5186,43.2865,528,6/8/26,0.03,58
KUH_COL,-75.5186,43.2865,528,6/9/26,0,67.8
KUH_COL,-75.5186,43.2865,528,6/10/26,0.08,76.3
KUH_COL,-75.5186,43.2865,528,6/11/26,0.35,75.7
KUH_COL,-75.5186,43.2865,528,6/12/26,0.04,78.9
KUH_COL,-75.5186,43.2865,528,6/13/26,0,70.2
KUH_COL,-75.5186,43.2865,528,6/14/26,0,69.7
KUH_COL,-75.5186,43.2865,528,6/15/26,0.95,67
KUH_COL,-75.5186,43.2865,528,6/16/26,0,53.4
KUH_COL,-75.5186,43.2865,528,6/17/26,0.02,64.2
KUH_COL,-75.5186,43.2865,528,6/18/26,0.3,68.1
KUH_COL,-75.5186,43.2865,528,6/19/26,0.37,69.5
KUH_COL,-75.5186,43.2865,528,6/20/26,0,65.2
KUH_COL,-75.5186,43.2865,528,6/21/26,0,59.8
KUH_COL,-75.5186,43.2865,528,6/22/26,0,64
KUH_COL,-75.5186,43.2865,528,6/23/26,0.51,60.1
KUH_COL,-75.5186,43.2865,528,6/24/26,0,62.2
KUH_COL,-75.5186,43.2865,528,6/25/26,0,64.6
KUH_COL,-75.5186,43.2865,528,6/26/26,0.05,67.6
KUH_COL,-75.5186,43.2865,528,6/27/26,0,66.1
KUH_COL,-75.5186,43.2865,528,6/28/26,0,70.1
KUH_COL,-75.5186,43.2865,528,6/29/26,0,71.6
KUH_COL,-75.5186,43.2865,528,6/30/26,0,74.9
,,,,,,
LET_MAC,-78.2529,42.8608,1063,1/1/26,0.54,15.4
LET_MAC,-78.2529,42.8608,1063,1/2/26,0.12,13
LET_MAC,-78.2529,42.8608,1063,1/3/26,0,17.9
LET_MAC,-78.2529,42.8608,1063,1/4/26,0.05,19.7
LET_MAC,-78.2529,42.8608,1063,1/5/26,0.03,23.2
LET_MAC,-78.2529,42.8608,1063,1/6/26,0.03,28.6
LET_MAC,-78.2529,42.8608,1063,1/7/26,0.53,35
LET_MAC,-78.2529,42.8608,1063,1/8/26,0,34.2
LET_MAC,-78.2529,42.8608,1063,1/9/26,0,42.1
LET_MAC,-78.2529,42.8608,1063,1/10/26,0.33,45
LET_MAC,-78.2529,42.8608,1063,1/11/26,0.23,36.2
LET_MAC,-78.2529,42.8608,1063,1/12/26,0.1,26.9
LET_MAC,-78.2529,42.8608,1063,1/13/26,0,31
LET_MAC,-78.2529,42.8608,1063,1/14/26,0.02,37.2
LET_MAC,-78.2529,42.8608,1063,1/15/26,0.44,28.1
LET_MAC,-78.2529,42.8608,1063,1/16/26,0.12,12.7
LET_MAC,-78.2529,42.8608,1063,1/17/26,0.03,21.5
LET_MAC,-78.2529,42.8608,1063,1/18/26,0.02,27.1
LET_MAC,-78.2529,42.8608,1063,1/19/26,0,15.5
LET_MAC,-78.2529,42.8608,1063,1/20/26,0.5,13.7
LET_MAC,-78.2529,42.8608,1063,1/21/26,0.08,8.2
LET_MAC,-78.2529,42.8608,1063,1/22/26,0.34,19.9
LET_MAC,-78.2529,42.8608,1063,1/23/26,0.56,19.1
LET_MAC,-78.2529,42.8608,1063,1/24/26,0.01,2.6
LET_MAC,-78.2529,42.8608,1063,1/25/26,0.01,1.5
LET_MAC,-78.2529,42.8608,1063,1/26/26,0.8,6.3
LET_MAC,-78.2529,42.8608,1063,1/27/26,0.03,8.4
LET_MAC,-78.2529,42.8608,1063,1/28/26,0.03,7.8
LET_MAC,-78.2529,42.8608,1063,1/29/26,0.01,8.8
LET_MAC,-78.2529,42.8608,1063,1/30/26,0.04,4.6
LET_MAC,-78.2529,42.8608,1063,1/31/26,0,2.8
LET_MAC,-78.2529,42.8608,1063,2/1/26,0.03,7.8
LET_MAC,-78.2529,42.8608,1063,2/2/26,0,9.1
LET_MAC,-78.2529,42.8608,1063,2/3/26,0,16.6
LET_MAC,-78.2529,42.8608,1063,2/4/26,0.07,16.8
LET_MAC,-78.2529,42.8608,1063,2/5/26,0.04,14.5
LET_MAC,-78.2529,42.8608,1063,2/6/26,0,13.7
LET_MAC,-78.2529,42.8608,1063,2/7/26,0.2,9.7
LET_MAC,-78.2529,42.8608,1063,2/8/26,0,-1.7
LET_MAC,-78.2529,42.8608,1063,2/9/26,0,-1.4
LET_MAC,-78.2529,42.8608,1063,2/10/26,0.02,8.4
LET_MAC,-78.2529,42.8608,1063,2/11/26,0.04,33.3
LET_MAC,-78.2529,42.8608,1063,2/12/26,0.22,23.9
LET_MAC,-78.2529,42.8608,1063,2/13/26,0.08,18.7
LET_MAC,-78.2529,42.8608,1063,2/14/26,0.02,23.7
LET_MAC,-78.2529,42.8608,1063,2/15/26,0,26.1
LET_MAC,-78.2529,42.8608,1063,2/16/26,0,31.3
LET_MAC,-78.2529,42.8608,1063,2/17/26,0,38.9
LET_MAC,-78.2529,42.8608,1063,2/18/26,0,37.6
LET_MAC,-78.2529,42.8608,1063,2/19/26,0.57,32.4
LET_MAC,-78.2529,42.8608,1063,2/20/26,0.1,36
LET_MAC,-78.2529,42.8608,1063,2/21/26,0.23,37.5
LET_MAC,-78.2529,42.8608,1063,2/22/26,0.05,29.5
LET_MAC,-78.2529,42.8608,1063,2/23/26,0.17,28.8
LET_MAC,-78.2529,42.8608,1063,2/24/26,0.13,19
LET_MAC,-78.2529,42.8608,1063,2/25/26,0.09,19.9
LET_MAC,-78.2529,42.8608,1063,2/26/26,0.1,27.2
LET_MAC,-78.2529,42.8608,1063,2/27/26,0,20.7
LET_MAC,-78.2529,42.8608,1063,2/28/26,0.01,33.4
LET_MAC,-78.2529,42.8608,1063,3/1/26,0.05,30.8
LET_MAC,-78.2529,42.8608,1063,3/2/26,0,15.7
LET_MAC,-78.2529,42.8608,1063,3/3/26,0,17.9
LET_MAC,-78.2529,42.8608,1063,3/4/26,0.02,31.1
LET_MAC,-78.2529,42.8608,1063,3/5/26,0,41.3
LET_MAC,-78.2529,42.8608,1063,3/6/26,0.58,34.5
LET_MAC,-78.2529,42.8608,1063,3/7/26,0.06,43.3
LET_MAC,-78.2529,42.8608,1063,3/8/26,0.25,54.7
LET_MAC,-78.2529,42.8608,1063,3/9/26,0,45
LET_MAC,-78.2529,42.8608,1063,3/10/26,0,56.7
LET_MAC,-78.2529,42.8608,1063,3/11/26,0.2,51.8
LET_MAC,-78.2529,42.8608,1063,3/12/26,0.62,48
LET_MAC,-78.2529,42.8608,1063,3/13/26,0.02,27.8
LET_MAC,-78.2529,42.8608,1063,3/14/26,0.29,30.9
LET_MAC,-78.2529,42.8608,1063,3/15/26,0.06,27.5
LET_MAC,-78.2529,42.8608,1063,3/16/26,0,41.3
LET_MAC,-78.2529,42.8608,1063,3/17/26,0.32,39
LET_MAC,-78.2529,42.8608,1063,3/18/26,0,17.2
LET_MAC,-78.2529,42.8608,1063,3/19/26,0,24.2
LET_MAC,-78.2529,42.8608,1063,3/20/26,0,36
LET_MAC,-78.2529,42.8608,1063,3/21/26,0.71,38.2
LET_MAC,-78.2529,42.8608,1063,3/22/26,0,42
LET_MAC,-78.2529,42.8608,1063,3/23/26,0.31,40.1
LET_MAC,-78.2529,42.8608,1063,3/24/26,0.03,27.5
LET_MAC,-78.2529,42.8608,1063,3/25/26,0,30.2
LET_MAC,-78.2529,42.8608,1063,3/26/26,0,41.8
LET_MAC,-78.2529,42.8608,1063,3/27/26,0.88,44.4
LET_MAC,-78.2529,42.8608,1063,3/28/26,0,25.1
LET_MAC,-78.2529,42.8608,1063,3/29/26,0,26.2
LET_MAC,-78.2529,42.8608,1063,3/30/26,0,41.7
LET_MAC,-78.2529,42.8608,1063,3/31/26,0.74,56.7
LET_MAC,-78.2529,42.8608,1063,4/1/26,1.83,52.9
LET_MAC,-78.2529,42.8608,1063,4/2/26,0.03,35.5
LET_MAC,-78.2529,42.8608,1063,4/3/26,0.06,46.6
LET_MAC,-78.2529,42.8608,1063,4/4/26,0.08,54.6
LET_MAC,-78.2529,42.8608,1063,4/5/26,0.55,54.7
LET_MAC,-78.2529,42.8608,1063,4/6/26,0.03,36.8
LET_MAC,-78.2529,42.8608,1063,4/7/26,0.1,32.7
LET_MAC,-78.2529,42.8608,1063,4/8/26,0,25.2
LET_MAC,-78.2529,42.8608,1063,4/9/26,0,38.3
LET_MAC,-78.2529,42.8608,1063,4/10/26,0,58
LET_MAC,-78.2529,42.8608,1063,4/11/26,0.17,49
LET_MAC,-78.2529,42.8608,1063,4/12/26,0,39.1
LET_MAC,-78.2529,42.8608,1063,4/13/26,0.02,52.5
LET_MAC,-78.2529,42.8608,1063,4/14/26,0.14,61.6
LET_MAC,-78.2529,42.8608,1063,4/15/26,0.12,62.4
LET_MAC,-78.2529,42.8608,1063,4/16/26,0.54,66.9
LET_MAC,-78.2529,42.8608,1063,4/17/26,0.53,63.2
LET_MAC,-78.2529,42.8608,1063,4/18/26,0,58.3
LET_MAC,-78.2529,42.8608,1063,4/19/26,0.5,56.5
LET_MAC,-78.2529,42.8608,1063,4/20/26,0.24,34.1
LET_MAC,-78.2529,42.8608,1063,4/21/26,0.02,31.4
LET_MAC,-78.2529,42.8608,1063,4/22/26,0,43
LET_MAC,-78.2529,42.8608,1063,4/23/26,0,54.4
LET_MAC,-78.2529,42.8608,1063,4/24/26,0,54.5
LET_MAC,-78.2529,42.8608,1063,4/25/26,0.53,46.4
LET_MAC,-78.2529,42.8608,1063,4/26/26,0.6,42.8
LET_MAC,-78.2529,42.8608,1063,4/27/26,0,48.3
LET_MAC,-78.2529,42.8608,1063,4/28/26,0,58.4
LET_MAC,-78.2529,42.8608,1063,4/29/26,0.03,56.6
LET_MAC,-78.2529,42.8608,1063,4/30/26,0.75,46.5
LET_MAC,-78.2529,42.8608,1063,5/1/26,0.03,40.6
LET_MAC,-78.2529,42.8608,1063,5/2/26,0.11,38.2
LET_MAC,-78.2529,42.8608,1063,5/3/26,0,38.5
LET_MAC,-78.2529,42.8608,1063,5/4/26,0,46.3
LET_MAC,-78.2529,42.8608,1063,5/5/26,0.05,62.2
LET_MAC,-78.2529,42.8608,1063,5/6/26,1.14,54.4
LET_MAC,-78.2529,42.8608,1063,5/7/26,0.04,41.9
LET_MAC,-78.2529,42.8608,1063,5/8/26,0.07,44.6
LET_MAC,-78.2529,42.8608,1063,5/9/26,0.04,46.4
LET_MAC,-78.2529,42.8608,1063,5/10/26,0.32,54.6
LET_MAC,-78.2529,42.8608,1063,5/11/26,0,45.9
LET_MAC,-78.2529,42.8608,1063,5/12/26,0,42.6
LET_MAC,-78.2529,42.8608,1063,5/13/26,0.18,50
LET_MAC,-78.2529,42.8608,1063,5/14/26,0.11,53
LET_MAC,-78.2529,42.8608,1063,5/15/26,0.05,44.6
LET_MAC,-78.2529,42.8608,1063,5/16/26,0,54.7
LET_MAC,-78.2529,42.8608,1063,5/17/26,0.33,67.2
LET_MAC,-78.2529,42.8608,1063,5/18/26,0,72.2
LET_MAC,-78.2529,42.8608,1063,5/19/26,0.04,77.2
LET_MAC,-78.2529,42.8608,1063,5/20/26,0.16,70.3
LET_MAC,-78.2529,42.8608,1063,5/21/26,0,51.1
LET_MAC,-78.2529,42.8608,1063,5/22/26,0,49
LET_MAC,-78.2529,42.8608,1063,5/23/26,0.03,53.9
LET_MAC,-78.2529,42.8608,1063,5/24/26,0.96,49.2
LET_MAC,-78.2529,42.8608,1063,5/25/26,0.27,60.3
LET_MAC,-78.2529,42.8608,1063,5/26/26,0,62.8
LET_MAC,-78.2529,42.8608,1063,5/27/26,0,69.7
LET_MAC,-78.2529,42.8608,1063,5/28/26,0,62.4
LET_MAC,-78.2529,42.8608,1063,5/29/26,0,56.8
LET_MAC,-78.2529,42.8608,1063,5/30/26,0,57.7
LET_MAC,-78.2529,42.8608,1063,5/31/26,0,54.9
LET_MAC,-78.2529,42.8608,1063,6/1/26,0,57.5
LET_MAC,-78.2529,42.8608,1063,6/2/26,0,54.5
LET_MAC,-78.2529,42.8608,1063,6/3/26,0,61
LET_MAC,-78.2529,42.8608,1063,6/4/26,0,65.7
LET_MAC,-78.2529,42.8608,1063,6/5/26,0,68.7
LET_MAC,-78.2529,42.8608,1063,6/6/26,0.25,71.8
LET_MAC,-78.2529,42.8608,1063,6/7/26,0.17,68.4
LET_MAC,-78.2529,42.8608,1063,6/8/26,0,62.8
LET_MAC,-78.2529,42.8608,1063,6/9/26,0,70.7
LET_MAC,-78.2529,42.8608,1063,6/10/26,0.32,76.3
LET_MAC,-78.2529,42.8608,1063,6/11/26,0.03,74.1
LET_MAC,-78.2529,42.8608,1063,6/12/26,0.15,77.2
LET_MAC,-78.2529,42.8608,1063,6/13/26,0,68.4
LET_MAC,-78.2529,42.8608,1063,6/14/26,0,71.7
LET_MAC,-78.2529,42.8608,1063,6/15/26,1.04,62.5
LET_MAC,-78.2529,42.8608,1063,6/16/26,0,55.4
LET_MAC,-78.2529,42.8608,1063,6/17/26,0.02,63.9
LET_MAC,-78.2529,42.8608,1063,6/18/26,0.65,64.9
LET_MAC,-78.2529,42.8608,1063,6/19/26,0.19,64.4
LET_MAC,-78.2529,42.8608,1063,6/20/26,0.62,62.3
LET_MAC,-78.2529,42.8608,1063,6/21/26,0,63.1
LET_MAC,-78.2529,42.8608,1063,6/22/26,0.12,64.8
LET_MAC,-78.2529,42.8608,1063,6/23/26,0.5,57.7
LET_MAC,-78.2529,42.8608,1063,6/24/26,0,62.7
LET_MAC,-78.2529,42.8608,1063,6/25/26,0,64.8
LET_MAC,-78.2529,42.8608,1063,6/26/26,0.64,60.7
LET_MAC,-78.2529,42.8608,1063,6/27/26,0,63.4
LET_MAC,-78.2529,42.8608,1063,6/28/26,0,68.1
LET_MAC,-78.2529,42.8608,1063,6/29/26,0,71.3
LET_MAC,-78.2529,42.8608,1063,6/30/26,0,75.8
,,,,,,
LET_STE,-77.8821,43.0255,666,1/1/26,0.28,16.6
LET_STE,-77.8821,43.0255,666,1/2/26,0,13.8
LET_STE,-77.8821,43.0255,666,1/3/26,0,19.4
LET_STE,-77.8821,43.0255,666,1/4/26,0.03,22
LET_STE,-77.8821,43.0255,666,1/5/26,0,24
LET_STE,-77.8821,43.0255,666,1/6/26,0.03,28.6
LET_STE,-77.8821,43.0255,666,1/7/26,0.52,34.3
LET_STE,-77.8821,43.0255,666,1/8/26,0,34.5
LET_STE,-77.8821,43.0255,666,1/9/26,0,42.3
LET_STE,-77.8821,43.0255,666,1/10/26,0.32,46.3
LET_STE,-77.8821,43.0255,666,1/11/26,0.17,37.4
LET_STE,-77.8821,43.0255,666,1/12/26,0.01,29.1
LET_STE,-77.8821,43.0255,666,1/13/26,0,32.6
LET_STE,-77.8821,43.0255,666,1/14/26,0,39.3
LET_STE,-77.8821,43.0255,666,1/15/26,0.4,30.9
LET_STE,-77.8821,43.0255,666,1/16/26,0.03,15.1
LET_STE,-77.8821,43.0255,666,1/17/26,0,23.4
LET_STE,-77.8821,43.0255,666,1/18/26,0,29.7
LET_STE,-77.8821,43.0255,666,1/19/26,0,18.7
LET_STE,-77.8821,43.0255,666,1/20/26,0.12,16.6
LET_STE,-77.8821,43.0255,666,1/21/26,0,10.4
LET_STE,-77.8821,43.0255,666,1/22/26,0.18,22
LET_STE,-77.8821,43.0255,666,1/23/26,0.19,20.9
LET_STE,-77.8821,43.0255,666,1/24/26,0,5.2
LET_STE,-77.8821,43.0255,666,1/25/26,0,3.9
LET_STE,-77.8821,43.0255,666,1/26/26,0.68,7.7
LET_STE,-77.8821,43.0255,666,1/27/26,0,11.1
LET_STE,-77.8821,43.0255,666,1/28/26,0.01,10.7
LET_STE,-77.8821,43.0255,666,1/29/26,0.01,11.2
LET_STE,-77.8821,43.0255,666,1/30/26,0.02,6.4
LET_STE,-77.8821,43.0255,666,1/31/26,0,4
LET_STE,-77.8821,43.0255,666,2/1/26,0.02,8.5
LET_STE,-77.8821,43.0255,666,2/2/26,0,9.7
LET_STE,-77.8821,43.0255,666,2/3/26,0.01,15.6
LET_STE,-77.8821,43.0255,666,2/4/26,0.02,17.2
LET_STE,-77.8821,43.0255,666,2/5/26,0,15.2
LET_STE,-77.8821,43.0255,666,2/6/26,0,14
LET_STE,-77.8821,43.0255,666,2/7/26,0.08,12.2
LET_STE,-77.8821,43.0255,666,2/8/26,0.02,0.7
LET_STE,-77.8821,43.0255,666,2/9/26,0,0.2
LET_STE,-77.8821,43.0255,666,2/10/26,0,7.7
LET_STE,-77.8821,43.0255,666,2/11/26,0.03,31.2
LET_STE,-77.8821,43.0255,666,2/12/26,0.09,25.9
LET_STE,-77.8821,43.0255,666,2/13/26,0,17.8
LET_STE,-77.8821,43.0255,666,2/14/26,0,23.1
LET_STE,-77.8821,43.0255,666,2/15/26,0,27.2
LET_STE,-77.8821,43.0255,666,2/16/26,0,29.5
LET_STE,-77.8821,43.0255,666,2/17/26,0,35.6
LET_STE,-77.8821,43.0255,666,2/18/26,0.01,37
LET_STE,-77.8821,43.0255,666,2/19/26,0.63,30.9
LET_STE,-77.8821,43.0255,666,2/20/26,0.07,33.7
LET_STE,-77.8821,43.0255,666,2/21/26,0.12,38.7
LET_STE,-77.8821,43.0255,666,2/22/26,0.02,31.4
LET_STE,-77.8821,43.0255,666,2/23/26,0.12,30.2
LET_STE,-77.8821,43.0255,666,2/24/26,0.04,21.5
LET_STE,-77.8821,43.0255,666,2/25/26,0.07,22.3
LET_STE,-77.8821,43.0255,666,2/26/26,0.04,29.9
LET_STE,-77.8821,43.0255,666,2/27/26,0,22.6
LET_STE,-77.8821,43.0255,666,2/28/26,0,34.1
LET_STE,-77.8821,43.0255,666,3/1/26,0.01,32.9
LET_STE,-77.8821,43.0255,666,3/2/26,0,17.5
LET_STE,-77.8821,43.0255,666,3/3/26,0,19.6
LET_STE,-77.8821,43.0255,666,3/4/26,0,31.9
LET_STE,-77.8821,43.0255,666,3/5/26,0,40.3
LET_STE,-77.8821,43.0255,666,3/6/26,0.43,34.2
LET_STE,-77.8821,43.0255,666,3/7/26,0.01,42.4
LET_STE,-77.8821,43.0255,666,3/8/26,0.22,57
LET_STE,-77.8821,43.0255,666,3/9/26,0,46.8
LET_STE,-77.8821,43.0255,666,3/10/26,0,58.9
LET_STE,-77.8821,43.0255,666,3/11/26,0.09,52.9
LET_STE,-77.8821,43.0255,666,3/12/26,0.83,49.3
LET_STE,-77.8821,43.0255,666,3/13/26,0,29.7
LET_STE,-77.8821,43.0255,666,3/14/26,0.18,32.5
LET_STE,-77.8821,43.0255,666,3/15/26,0,29
LET_STE,-77.8821,43.0255,666,3/16/26,0,42.2
LET_STE,-77.8821,43.0255,666,3/17/26,0.3,41
LET_STE,-77.8821,43.0255,666,3/18/26,0,19.1
LET_STE,-77.8821,43.0255,666,3/19/26,0,25.6
LET_STE,-77.8821,43.0255,666,3/20/26,0,37.3
LET_STE,-77.8821,43.0255,666,3/21/26,0.71,39.3
LET_STE,-77.8821,43.0255,666,3/22/26,0,40.8
LET_STE,-77.8821,43.0255,666,3/23/26,0.41,40.3
LET_STE,-77.8821,43.0255,666,3/24/26,0,29.4
LET_STE,-77.8821,43.0255,666,3/25/26,0,33.3
LET_STE,-77.8821,43.0255,666,3/26/26,0,42.6
LET_STE,-77.8821,43.0255,666,3/27/26,0.8,45.4
LET_STE,-77.8821,43.0255,666,3/28/26,0,25.2
LET_STE,-77.8821,43.0255,666,3/29/26,0,28.4
LET_STE,-77.8821,43.0255,666,3/30/26,0,43.2
LET_STE,-77.8821,43.0255,666,3/31/26,0.64,56.9
LET_STE,-77.8821,43.0255,666,4/1/26,1.26,54.1
LET_STE,-77.8821,43.0255,666,4/2/26,0,36.7
LET_STE,-77.8821,43.0255,666,4/3/26,0.04,46.7
LET_STE,-77.8821,43.0255,666,4/4/26,0.02,55.7
LET_STE,-77.8821,43.0255,666,4/5/26,0.26,55.4
LET_STE,-77.8821,43.0255,666,4/6/26,0.01,38.9
LET_STE,-77.8821,43.0255,666,4/7/26,0.08,34.1
LET_STE,-77.8821,43.0255,666,4/8/26,0,26.8
LET_STE,-77.8821,43.0255,666,4/9/26,0,40.7
LET_STE,-77.8821,43.0255,666,4/10/26,0,59.6
LET_STE,-77.8821,43.0255,666,4/11/26,0.03,48.2
LET_STE,-77.8821,43.0255,666,4/12/26,0,40.2
LET_STE,-77.8821,43.0255,666,4/13/26,0.02,52.5
LET_STE,-77.8821,43.0255,666,4/14/26,0.07,62
LET_STE,-77.8821,43.0255,666,4/15/26,0.25,62.5
LET_STE,-77.8821,43.0255,666,4/16/26,0.84,65.8
LET_STE,-77.8821,43.0255,666,4/17/26,0.59,64.4
LET_STE,-77.8821,43.0255,666,4/18/26,0,57.3
LET_STE,-77.8821,43.0255,666,4/19/26,0.36,56.8
LET_STE,-77.8821,43.0255,666,4/20/26,0.18,36
LET_STE,-77.8821,43.0255,666,4/21/26,0.02,32.9
LET_STE,-77.8821,43.0255,666,4/22/26,0,44.3
LET_STE,-77.8821,43.0255,666,4/23/26,0,54.8
LET_STE,-77.8821,43.0255,666,4/24/26,0,54.5
LET_STE,-77.8821,43.0255,666,4/25/26,0.28,46.3
LET_STE,-77.8821,43.0255,666,4/26/26,1.02,41.5
LET_STE,-77.8821,43.0255,666,4/27/26,0,48.8
LET_STE,-77.8821,43.0255,666,4/28/26,0,58.8
LET_STE,-77.8821,43.0255,666,4/29/26,0.03,57.8
LET_STE,-77.8821,43.0255,666,4/30/26,0.73,48
LET_STE,-77.8821,43.0255,666,5/1/26,0.01,42.7
LET_STE,-77.8821,43.0255,666,5/2/26,0.09,41.1
LET_STE,-77.8821,43.0255,666,5/3/26,0,40.2
LET_STE,-77.8821,43.0255,666,5/4/26,0,49.2
LET_STE,-77.8821,43.0255,666,5/5/26,0.02,64.2
LET_STE,-77.8821,43.0255,666,5/6/26,0.88,56.4
LET_STE,-77.8821,43.0255,666,5/7/26,0.05,43.1
LET_STE,-77.8821,43.0255,666,5/8/26,0.02,46.1
LET_STE,-77.8821,43.0255,666,5/9/26,0.03,48
LET_STE,-77.8821,43.0255,666,5/10/26,0.18,56.6
LET_STE,-77.8821,43.0255,666,5/11/26,0,47.1
LET_STE,-77.8821,43.0255,666,5/12/26,0,43.5
LET_STE,-77.8821,43.0255,666,5/13/26,0.24,51.1
LET_STE,-77.8821,43.0255,666,5/14/26,0.06,55.1
LET_STE,-77.8821,43.0255,666,5/15/26,0.02,46.6
LET_STE,-77.8821,43.0255,666,5/16/26,0,56.6
LET_STE,-77.8821,43.0255,666,5/17/26,0.45,68.4
LET_STE,-77.8821,43.0255,666,5/18/26,0,73.6
LET_STE,-77.8821,43.0255,666,5/19/26,0.02,78.6
LET_STE,-77.8821,43.0255,666,5/20/26,0.08,71.8
LET_STE,-77.8821,43.0255,666,5/21/26,0,53.5
LET_STE,-77.8821,43.0255,666,5/22/26,0,48.6
LET_STE,-77.8821,43.0255,666,5/23/26,0,55.2
LET_STE,-77.8821,43.0255,666,5/24/26,1.19,50.5
LET_STE,-77.8821,43.0255,666,5/25/26,0.15,61.1
LET_STE,-77.8821,43.0255,666,5/26/26,0,63.4
LET_STE,-77.8821,43.0255,666,5/27/26,0,72.1
LET_STE,-77.8821,43.0255,666,5/28/26,0,64.1
LET_STE,-77.8821,43.0255,666,5/29/26,0,58.5
LET_STE,-77.8821,43.0255,666,5/30/26,0,60.4
LET_STE,-77.8821,43.0255,666,5/31/26,0,56.3
LET_STE,-77.8821,43.0255,666,6/1/26,0,59.5
LET_STE,-77.8821,43.0255,666,6/2/26,0,55.4
LET_STE,-77.8821,43.0255,666,6/3/26,0,63.3
LET_STE,-77.8821,43.0255,666,6/4/26,0,67.3
LET_STE,-77.8821,43.0255,666,6/5/26,0,69.5
LET_STE,-77.8821,43.0255,666,6/6/26,0.2,74.2
LET_STE,-77.8821,43.0255,666,6/7/26,0,70.2
LET_STE,-77.8821,43.0255,666,6/8/26,0,63.7
LET_STE,-77.8821,43.0255,666,6/9/26,0,70.9
LET_STE,-77.8821,43.0255,666,6/10/26,0.31,78.6
LET_STE,-77.8821,43.0255,666,6/11/26,0.01,75.5
LET_STE,-77.8821,43.0255,666,6/12/26,0.06,79.5
LET_STE,-77.8821,43.0255,666,6/13/26,0,70.7
LET_STE,-77.8821,43.0255,666,6/14/26,0,73.9
LET_STE,-77.8821,43.0255,666,6/15/26,1.2,63.9
LET_STE,-77.8821,43.0255,666,6/16/26,0,57.4
LET_STE,-77.8821,43.0255,666,6/17/26,0.18,66.1
LET_STE,-77.8821,43.0255,666,6/18/26,0.64,67.2
LET_STE,-77.8821,43.0255,666,6/19/26,0.16,67.1
LET_STE,-77.8821,43.0255,666,6/20/26,0.1,64.6
LET_STE,-77.8821,43.0255,666,6/21/26,0,65
LET_STE,-77.8821,43.0255,666,6/22/26,0.03,67.4
LET_STE,-77.8821,43.0255,666,6/23/26,0.41,58.7
LET_STE,-77.8821,43.0255,666,6/24/26,0,64.7
LET_STE,-77.8821,43.0255,666,6/25/26,0,67
LET_STE,-77.8821,43.0255,666,6/26/26,0.56,61
LET_STE,-77.8821,43.0255,666,6/27/26,0,64.7
LET_STE,-77.8821,43.0255,666,6/28/26,0,69.2
LET_STE,-77.8821,43.0255,666,6/29/26,0,71.4
LET_STE,-77.8821,43.0255,666,6/30/26,0,77.4
,,,,,,
LET_VER,-78.5547,43.2147,427,1/1/26,0.18,19.2
LET_VER,-78.5547,43.2147,427,1/2/26,0,16.6
LET_VER,-78.5547,43.2147,427,1/3/26,0.03,21.1
LET_VER,-78.5547,43.2147,427,1/4/26,0.06,22.6
LET_VER,-78.5547,43.2147,427,1/5/26,0,25.8
LET_VER,-78.5547,43.2147,427,1/6/26,0.06,28.7
LET_VER,-78.5547,43.2147,427,1/7/26,0.76,35
LET_VER,-78.5547,43.2147,427,1/8/26,0,35.2
LET_VER,-78.5547,43.2147,427,1/9/26,0.02,44
LET_VER,-78.5547,43.2147,427,1/10/26,0.13,47.7
LET_VER,-78.5547,43.2147,427,1/11/26,0.13,36.7
LET_VER,-78.5547,43.2147,427,1/12/26,0.02,29.6
LET_VER,-78.5547,43.2147,427,1/13/26,0,32.8
LET_VER,-78.5547,43.2147,427,1/14/26,0.11,39.5
LET_VER,-78.5547,43.2147,427,1/15/26,0.46,29.2
LET_VER,-78.5547,43.2147,427,1/16/26,0.34,15.1
LET_VER,-78.5547,43.2147,427,1/17/26,0,22.1
LET_VER,-78.5547,43.2147,427,1/18/26,0.02,28.6
LET_VER,-78.5547,43.2147,427,1/19/26,0.03,19.5
LET_VER,-78.5547,43.2147,427,1/20/26,0.15,14.7
LET_VER,-78.5547,43.2147,427,1/21/26,0,11
LET_VER,-78.5547,43.2147,427,1/22/26,0.18,22.6
LET_VER,-78.5547,43.2147,427,1/23/26,0.13,20.7
LET_VER,-78.5547,43.2147,427,1/24/26,0.08,7.3
LET_VER,-78.5547,43.2147,427,1/25/26,0,5.4
LET_VER,-78.5547,43.2147,427,1/26/26,0.63,10.7
LET_VER,-78.5547,43.2147,427,1/27/26,0.05,11.5
LET_VER,-78.5547,43.2147,427,1/28/26,0.02,11.5
LET_VER,-78.5547,43.2147,427,1/29/26,0.02,12.7
LET_VER,-78.5547,43.2147,427,1/30/26,0.09,8.9
LET_VER,-78.5547,43.2147,427,1/31/26,0.02,7.1
LET_VER,-78.5547,43.2147,427,2/1/26,0.09,12.3
LET_VER,-78.5547,43.2147,427,2/2/26,0,10.7
LET_VER,-78.5547,43.2147,427,2/3/26,0.01,15.6
LET_VER,-78.5547,43.2147,427,2/4/26,0.03,18.2
LET_VER,-78.5547,43.2147,427,2/5/26,0,15.3
LET_VER,-78.5547,43.2147,427,2/6/26,0,15.2
LET_VER,-78.5547,43.2147,427,2/7/26,0.1,12.7
LET_VER,-78.5547,43.2147,427,2/8/26,0,3
LET_VER,-78.5547,43.2147,427,2/9/26,0,1.9
LET_VER,-78.5547,43.2147,427,2/10/26,0.02,7.9
LET_VER,-78.5547,43.2147,427,2/11/26,0.02,31.1
LET_VER,-78.5547,43.2147,427,2/12/26,0.11,26.9
LET_VER,-78.5547,43.2147,427,2/13/26,0,18.7
LET_VER,-78.5547,43.2147,427,2/14/26,0.06,25.9
LET_VER,-78.5547,43.2147,427,2/15/26,0,26.7
LET_VER,-78.5547,43.2147,427,2/16/26,0,27
LET_VER,-78.5547,43.2147,427,2/17/26,0,28.3
LET_VER,-78.5547,43.2147,427,2/18/26,0.01,36.4
LET_VER,-78.5547,43.2147,427,2/19/26,0.63,31.7
LET_VER,-78.5547,43.2147,427,2/20/26,0.04,33.6
LET_VER,-78.5547,43.2147,427,2/21/26,0.17,38.4
LET_VER,-78.5547,43.2147,427,2/22/26,0,32.4
LET_VER,-78.5547,43.2147,427,2/23/26,0.13,31.4
LET_VER,-78.5547,43.2147,427,2/24/26,0.12,21.7
LET_VER,-78.5547,43.2147,427,2/25/26,0.1,22.4
LET_VER,-78.5547,43.2147,427,2/26/26,0.03,29
LET_VER,-78.5547,43.2147,427,2/27/26,0,21.1
LET_VER,-78.5547,43.2147,427,2/28/26,0,33.1
LET_VER,-78.5547,43.2147,427,3/1/26,0.02,32.4
LET_VER,-78.5547,43.2147,427,3/2/26,0,16.9
LET_VER,-78.5547,43.2147,427,3/3/26,0,20.6
LET_VER,-78.5547,43.2147,427,3/4/26,0,29.8
LET_VER,-78.5547,43.2147,427,3/5/26,0,39.9
LET_VER,-78.5547,43.2147,427,3/6/26,0.49,34.4
LET_VER,-78.5547,43.2147,427,3/7/26,0.1,45.7
LET_VER,-78.5547,43.2147,427,3/8/26,0.1,56
LET_VER,-78.5547,43.2147,427,3/9/26,0,45.1
LET_VER,-78.5547,43.2147,427,3/10/26,0,59.2
LET_VER,-78.5547,43.2147,427,3/11/26,0.31,53.2
LET_VER,-78.5547,43.2147,427,3/12/26,0.69,46.6
LET_VER,-78.5547,43.2147,427,3/13/26,0,30
LET_VER,-78.5547,43.2147,427,3/14/26,0.27,34.9
LET_VER,-78.5547,43.2147,427,3/15/26,0,29.4
LET_VER,-78.5547,43.2147,427,3/16/26,0,44
LET_VER,-78.5547,43.2147,427,3/17/26,0.19,39.2
LET_VER,-78.5547,43.2147,427,3/18/26,0,20
LET_VER,-78.5547,43.2147,427,3/19/26,0,26.2
LET_VER,-78.5547,43.2147,427,3/20/26,0,37
LET_VER,-78.5547,43.2147,427,3/21/26,0.81,39
LET_VER,-78.5547,43.2147,427,3/22/26,0,38.5
LET_VER,-78.5547,43.2147,427,3/23/26,0.45,38.2
LET_VER,-78.5547,43.2147,427,3/24/26,0,29.1
LET_VER,-78.5547,43.2147,427,3/25/26,0,31.3
LET_VER,-78.5547,43.2147,427,3/26/26,0,41.8
LET_VER,-78.5547,43.2147,427,3/27/26,0.75,43.1
LET_VER,-78.5547,43.2147,427,3/28/26,0,26.2
LET_VER,-78.5547,43.2147,427,3/29/26,0,30
LET_VER,-78.5547,43.2147,427,3/30/26,0,42.4
LET_VER,-78.5547,43.2147,427,3/31/26,0.61,58
LET_VER,-78.5547,43.2147,427,4/1/26,0.93,52.5
LET_VER,-78.5547,43.2147,427,4/2/26,0,36.3
LET_VER,-78.5547,43.2147,427,4/3/26,0.12,49.7
LET_VER,-78.5547,43.2147,427,4/4/26,0,55.1
LET_VER,-78.5547,43.2147,427,4/5/26,0.54,52.4
LET_VER,-78.5547,43.2147,427,4/6/26,0,38.9
LET_VER,-78.5547,43.2147,427,4/7/26,0.08,35.3
LET_VER,-78.5547,43.2147,427,4/8/26,0,26.9
LET_VER,-78.5547,43.2147,427,4/9/26,0,41.1
LET_VER,-78.5547,43.2147,427,4/10/26,0.03,56.6
LET_VER,-78.5547,43.2147,427,4/11/26,0.13,42.7
LET_VER,-78.5547,43.2147,427,4/12/26,0,40.3
LET_VER,-78.5547,43.2147,427,4/13/26,0.06,54.7
LET_VER,-78.5547,43.2147,427,4/14/26,0.11,62.3
LET_VER,-78.5547,43.2147,427,4/15/26,0.38,63.1
LET_VER,-78.5547,43.2147,427,4/16/26,0.5,65.9
LET_VER,-78.5547,43.2147,427,4/17/26,0.49,63.2
LET_VER,-78.5547,43.2147,427,4/18/26,0,57.1
LET_VER,-78.5547,43.2147,427,4/19/26,0.55,59.5
LET_VER,-78.5547,43.2147,427,4/20/26,0.16,37.7
LET_VER,-78.5547,43.2147,427,4/21/26,0,34.5
LET_VER,-78.5547,43.2147,427,4/22/26,0.01,44.6
LET_VER,-78.5547,43.2147,427,4/23/26,0,53.2
LET_VER,-78.5547,43.2147,427,4/24/26,0,55.8
LET_VER,-78.5547,43.2147,427,4/25/26,0.46,47
LET_VER,-78.5547,43.2147,427,4/26/26,0.63,42.3
LET_VER,-78.5547,43.2147,427,4/27/26,0,48.9
LET_VER,-78.5547,43.2147,427,4/28/26,0,60.2
LET_VER,-78.5547,43.2147,427,4/29/26,0.04,58.8
LET_VER,-78.5547,43.2147,427,4/30/26,0.57,45.8
LET_VER,-78.5547,43.2147,427,5/1/26,0,42.5
LET_VER,-78.5547,43.2147,427,5/2/26,0.1,40.1
LET_VER,-78.5547,43.2147,427,5/3/26,0,38.6
LET_VER,-78.5547,43.2147,427,5/4/26,0.04,47.2
LET_VER,-78.5547,43.2147,427,5/5/26,0.06,63.2
LET_VER,-78.5547,43.2147,427,5/6/26,1.01,55.6
LET_VER,-78.5547,43.2147,427,5/7/26,0.13,43.8
LET_VER,-78.5547,43.2147,427,5/8/26,0.16,45.6
LET_VER,-78.5547,43.2147,427,5/9/26,0.01,48.4
LET_VER,-78.5547,43.2147,427,5/10/26,0.29,54.8
LET_VER,-78.5547,43.2147,427,5/11/26,0,48.2
LET_VER,-78.5547,43.2147,427,5/12/26,0,42.9
LET_VER,-78.5547,43.2147,427,5/13/26,0.27,50.5
LET_VER,-78.5547,43.2147,427,5/14/26,0,54.1
LET_VER,-78.5547,43.2147,427,5/15/26,0.04,46.4
LET_VER,-78.5547,43.2147,427,5/16/26,0,57.1
LET_VER,-78.5547,43.2147,427,5/17/26,0.31,67.3
LET_VER,-78.5547,43.2147,427,5/18/26,0,71.7
LET_VER,-78.5547,43.2147,427,5/19/26,0,76.8
LET_VER,-78.5547,43.2147,427,5/20/26,0.1,70.5
LET_VER,-78.5547,43.2147,427,5/21/26,0,53.3
LET_VER,-78.5547,43.2147,427,5/22/26,0,50.2
LET_VER,-78.5547,43.2147,427,5/23/26,0,56
LET_VER,-78.5547,43.2147,427,5/24/26,1.69,51
LET_VER,-78.5547,43.2147,427,5/25/26,0.1,60.3
LET_VER,-78.5547,43.2147,427,5/26/26,0,63.1
LET_VER,-78.5547,43.2147,427,5/27/26,0,70.1
LET_VER,-78.5547,43.2147,427,5/28/26,0,63.1
LET_VER,-78.5547,43.2147,427,5/29/26,0.02,57.2
LET_VER,-78.5547,43.2147,427,5/30/26,0,58.8
LET_VER,-78.5547,43.2147,427,5/31/26,0,56.3
LET_VER,-78.5547,43.2147,427,6/1/26,0,59.1
LET_VER,-78.5547,43.2147,427,6/2/26,0,55.6
LET_VER,-78.5547,43.2147,427,6/3/26,0,63
LET_VER,-78.5547,43.2147,427,6/4/26,0,66.8
LET_VER,-78.5547,43.2147,427,6/5/26,0,67.6
LET_VER,-78.5547,43.2147,427,6/6/26,0.34,73.8
LET_VER,-78.5547,43.2147,427,6/7/26,0.01,68.8
LET_VER,-78.5547,43.2147,427,6/8/26,0,64.3
LET_VER,-78.5547,43.2147,427,6/9/26,0,68.5
LET_VER,-78.5547,43.2147,427,6/10/26,0.07,78.1
LET_VER,-78.5547,43.2147,427,6/11/26,0.05,74.8
LET_VER,-78.5547,43.2147,427,6/12/26,0.07,76.7
LET_VER,-78.5547,43.2147,427,6/13/26,0,70.2
LET_VER,-78.5547,43.2147,427,6/14/26,0,74.3
LET_VER,-78.5547,43.2147,427,6/15/26,1.5,62.4
LET_VER,-78.5547,43.2147,427,6/16/26,0,59.2
LET_VER,-78.5547,43.2147,427,6/17/26,0,65.9
LET_VER,-78.5547,43.2147,427,6/18/26,0.53,67.7
LET_VER,-78.5547,43.2147,427,6/19/26,0.06,66.8
LET_VER,-78.5547,43.2147,427,6/20/26,0.13,64.3
LET_VER,-78.5547,43.2147,427,6/21/26,0,65.8
LET_VER,-78.5547,43.2147,427,6/22/26,0.05,68.2
LET_VER,-78.5547,43.2147,427,6/23/26,0.33,60
LET_VER,-78.5547,43.2147,427,6/24/26,0,65
LET_VER,-78.5547,43.2147,427,6/25/26,0,66
LET_VER,-78.5547,43.2147,427,6/26/26,0.64,62.6
LET_VER,-78.5547,43.2147,427,6/27/26,0,64.3
LET_VER,-78.5547,43.2147,427,6/28/26,0,67.8
LET_VER,-78.5547,43.2147,427,6/29/26,0,70.7
LET_VER,-78.5547,43.2147,427,6/30/26,0,77.6
,,,,,,
LET_WAT,-77.706,42.943,659,1/1/26,0.23,15.6
LET_WAT,-77.706,42.943,659,1/2/26,0,13.6
LET_WAT,-77.706,42.943,659,1/3/26,0,19.1
LET_WAT,-77.706,42.943,659,1/4/26,0.05,22.1
LET_WAT,-77.706,42.943,659,1/5/26,0,22.3
LET_WAT,-77.706,42.943,659,1/6/26,0.04,27
LET_WAT,-77.706,42.943,659,1/7/26,0.48,32.9
LET_WAT,-77.706,42.943,659,1/8/26,0,34.3
LET_WAT,-77.706,42.943,659,1/9/26,0,41.3
LET_WAT,-77.706,42.943,659,1/10/26,0.21,44.9
LET_WAT,-77.706,42.943,659,1/11/26,0.08,37.2
LET_WAT,-77.706,42.943,659,1/12/26,0,29
LET_WAT,-77.706,42.943,659,1/13/26,0,32.3
LET_WAT,-77.706,42.943,659,1/14/26,0,38.8
LET_WAT,-77.706,42.943,659,1/15/26,0.38,31
LET_WAT,-77.706,42.943,659,1/16/26,0.01,14.6
LET_WAT,-77.706,42.943,659,1/17/26,0,23.5
LET_WAT,-77.706,42.943,659,1/18/26,0.01,29.3
LET_WAT,-77.706,42.943,659,1/19/26,0,18.2
LET_WAT,-77.706,42.943,659,1/20/26,0.05,16.6
LET_WAT,-77.706,42.943,659,1/21/26,0,10.3
LET_WAT,-77.706,42.943,659,1/22/26,0.11,23
LET_WAT,-77.706,42.943,659,1/23/26,0.1,21
LET_WAT,-77.706,42.943,659,1/24/26,0,3.9
LET_WAT,-77.706,42.943,659,1/25/26,0,4.2
LET_WAT,-77.706,42.943,659,1/26/26,0.69,7.5
LET_WAT,-77.706,42.943,659,1/27/26,0,10.8
LET_WAT,-77.706,42.943,659,1/28/26,0,10.3
LET_WAT,-77.706,42.943,659,1/29/26,0,10.2
LET_WAT,-77.706,42.943,659,1/30/26,0.02,4.5
LET_WAT,-77.706,42.943,659,1/31/26,0,1.9
LET_WAT,-77.706,42.943,659,2/1/26,0.02,6.8
LET_WAT,-77.706,42.943,659,2/2/26,0,6.6
LET_WAT,-77.706,42.943,659,2/3/26,0.01,13.8
LET_WAT,-77.706,42.943,659,2/4/26,0.02,15.6
LET_WAT,-77.706,42.943,659,2/5/26,0,13.7
LET_WAT,-77.706,42.943,659,2/6/26,0,12.4
LET_WAT,-77.706,42.943,659,2/7/26,0.08,11.7
LET_WAT,-77.706,42.943,659,2/8/26,0,-0.3
LET_WAT,-77.706,42.943,659,2/9/26,0,-1.7
LET_WAT,-77.706,42.943,659,2/10/26,0,6
LET_WAT,-77.706,42.943,659,2/11/26,0.06,31.9
LET_WAT,-77.706,42.943,659,2/12/26,0.07,25.5
LET_WAT,-77.706,42.943,659,2/13/26,0,17.4
LET_WAT,-77.706,42.943,659,2/14/26,0,23.7
LET_WAT,-77.706,42.943,659,2/15/26,0,27.2
LET_WAT,-77.706,42.943,659,2/16/26,0,30.9
LET_WAT,-77.706,42.943,659,2/17/26,0,37.5
LET_WAT,-77.706,42.943,659,2/18/26,0,37.1
LET_WAT,-77.706,42.943,659,2/19/26,0.64,31.6
LET_WAT,-77.706,42.943,659,2/20/26,0.08,34.8
LET_WAT,-77.706,42.943,659,2/21/26,0.15,39.8
LET_WAT,-77.706,42.943,659,2/22/26,0.01,31.7
LET_WAT,-77.706,42.943,659,2/23/26,0.1,30.5
LET_WAT,-77.706,42.943,659,2/24/26,0.03,21.8
LET_WAT,-77.706,42.943,659,2/25/26,0.07,23.4
LET_WAT,-77.706,42.943,659,2/26/26,0.02,31
LET_WAT,-77.706,42.943,659,2/27/26,0,23.4
LET_WAT,-77.706,42.943,659,2/28/26,0,34.1
LET_WAT,-77.706,42.943,659,3/1/26,0.03,33.3
LET_WAT,-77.706,42.943,659,3/2/26,0,18.1
LET_WAT,-77.706,42.943,659,3/3/26,0,20.9
LET_WAT,-77.706,42.943,659,3/4/26,0.02,31.3
LET_WAT,-77.706,42.943,659,3/5/26,0,41.1
LET_WAT,-77.706,42.943,659,3/6/26,0.53,35.3
LET_WAT,-77.706,42.943,659,3/7/26,0.03,43.3
LET_WAT,-77.706,42.943,659,3/8/26,0.37,58.4
LET_WAT,-77.706,42.943,659,3/9/26,0,47.5
LET_WAT,-77.706,42.943,659,3/10/26,0,58.8
LET_WAT,-77.706,42.943,659,3/11/26,0.04,53.8
LET_WAT,-77.706,42.943,659,3/12/26,0.47,50.2
LET_WAT,-77.706,42.943,659,3/13/26,0,29.2
LET_WAT,-77.706,42.943,659,3/14/26,0.14,32.1
LET_WAT,-77.706,42.943,659,3/15/26,0,28.7
LET_WAT,-77.706,42.943,659,3/16/26,0,42.7
LET_WAT,-77.706,42.943,659,3/17/26,0.36,41.7
LET_WAT,-77.706,42.943,659,3/18/26,0,18.5
LET_WAT,-77.706,42.943,659,3/19/26,0,25.9
LET_WAT,-77.706,42.943,659,3/20/26,0,36.9
LET_WAT,-77.706,42.943,659,3/21/26,0.55,39.1
LET_WAT,-77.706,42.943,659,3/22/26,0,41.5
LET_WAT,-77.706,42.943,659,3/23/26,0.35,40.4
LET_WAT,-77.706,42.943,659,3/24/26,0,29.1
LET_WAT,-77.706,42.943,659,3/25/26,0,34.4
LET_WAT,-77.706,42.943,659,3/26/26,0,42
LET_WAT,-77.706,42.943,659,3/27/26,0.83,46.7
LET_WAT,-77.706,42.943,659,3/28/26,0,25.2
LET_WAT,-77.706,42.943,659,3/29/26,0,28.5
LET_WAT,-77.706,42.943,659,3/30/26,0,43.4
LET_WAT,-77.706,42.943,659,3/31/26,0.82,57.1
LET_WAT,-77.706,42.943,659,4/1/26,1.17,54.6
LET_WAT,-77.706,42.943,659,4/2/26,0,37.2
LET_WAT,-77.706,42.943,659,4/3/26,0.03,46.9
LET_WAT,-77.706,42.943,659,4/4/26,0.02,56.1
LET_WAT,-77.706,42.943,659,4/5/26,0.7,56.1
LET_WAT,-77.706,42.943,659,4/6/26,0.01,39.6
LET_WAT,-77.706,42.943,659,4/7/26,0.09,34.2
LET_WAT,-77.706,42.943,659,4/8/26,0,26.1
LET_WAT,-77.706,42.943,659,4/9/26,0,40.7
LET_WAT,-77.706,42.943,659,4/10/26,0,59.3
LET_WAT,-77.706,42.943,659,4/11/26,0.04,50.6
LET_WAT,-77.706,42.943,659,4/12/26,0,39.6
LET_WAT,-77.706,42.943,659,4/13/26,0,51.6
LET_WAT,-77.706,42.943,659,4/14/26,0.05,61.5
LET_WAT,-77.706,42.943,659,4/15/26,0.08,63
LET_WAT,-77.706,42.943,659,4/16/26,0.72,66.5
LET_WAT,-77.706,42.943,659,4/17/26,1.04,65.8
LET_WAT,-77.706,42.943,659,4/18/26,0,56.1
LET_WAT,-77.706,42.943,659,4/19/26,0.43,55.9
LET_WAT,-77.706,42.943,659,4/20/26,0.12,36
LET_WAT,-77.706,42.943,659,4/21/26,0.02,32.7
LET_WAT,-77.706,42.943,659,4/22/26,0,44.1
LET_WAT,-77.706,42.943,659,4/23/26,0,54.6
LET_WAT,-77.706,42.943,659,4/24/26,0,54.2
LET_WAT,-77.706,42.943,659,4/25/26,0.26,47.7
LET_WAT,-77.706,42.943,659,4/26/26,1.01,41.1
LET_WAT,-77.706,42.943,659,4/27/26,0,48.3
LET_WAT,-77.706,42.943,659,4/28/26,0,58.2
LET_WAT,-77.706,42.943,659,4/29/26,0.02,57.3
LET_WAT,-77.706,42.943,659,4/30/26,0.74,50.1
LET_WAT,-77.706,42.943,659,5/1/26,0,43
LET_WAT,-77.706,42.943,659,5/2/26,0.05,41.7
LET_WAT,-77.706,42.943,659,5/3/26,0,40.2
LET_WAT,-77.706,42.943,659,5/4/26,0,50.4
LET_WAT,-77.706,42.943,659,5/5/26,0,64
LET_WAT,-77.706,42.943,659,5/6/26,1.02,57.2
LET_WAT,-77.706,42.943,659,5/7/26,0.06,42.5
LET_WAT,-77.706,42.943,659,5/8/26,0,46.7
LET_WAT,-77.706,42.943,659,5/9/26,0.03,47.7
LET_WAT,-77.706,42.943,659,5/10/26,0.2,56.6
LET_WAT,-77.706,42.943,659,5/11/26,0,46.5
LET_WAT,-77.706,42.943,659,5/12/26,0,43.2
LET_WAT,-77.706,42.943,659,5/13/26,0.24,50.4
LET_WAT,-77.706,42.943,659,5/14/26,0.14,55.8
LET_WAT,-77.706,42.943,659,5/15/26,0.03,46.4
LET_WAT,-77.706,42.943,659,5/16/26,0,55.7
LET_WAT,-77.706,42.943,659,5/17/26,0.42,68.4
LET_WAT,-77.706,42.943,659,5/18/26,0,73
LET_WAT,-77.706,42.943,659,5/19/26,0,79.1
LET_WAT,-77.706,42.943,659,5/20/26,0.05,72.6
LET_WAT,-77.706,42.943,659,5/21/26,0,53.6
LET_WAT,-77.706,42.943,659,5/22/26,0,48.3
LET_WAT,-77.706,42.943,659,5/23/26,0,55.4
LET_WAT,-77.706,42.943,659,5/24/26,1.32,50.4
LET_WAT,-77.706,42.943,659,5/25/26,0.21,61.1
LET_WAT,-77.706,42.943,659,5/26/26,0,62.1
LET_WAT,-77.706,42.943,659,5/27/26,0.02,71.1
LET_WAT,-77.706,42.943,659,5/28/26,0,63.8
LET_WAT,-77.706,42.943,659,5/29/26,0,57.4
LET_WAT,-77.706,42.943,659,5/30/26,0,61.1
LET_WAT,-77.706,42.943,659,5/31/26,0,54.6
LET_WAT,-77.706,42.943,659,6/1/26,0,58.5
LET_WAT,-77.706,42.943,659,6/2/26,0,54.8
LET_WAT,-77.706,42.943,659,6/3/26,0,61.3
LET_WAT,-77.706,42.943,659,6/4/26,0,65.6
LET_WAT,-77.706,42.943,659,6/5/26,0,68.7
LET_WAT,-77.706,42.943,659,6/6/26,0.14,73.6
LET_WAT,-77.706,42.943,659,6/7/26,0.03,70.3
LET_WAT,-77.706,42.943,659,6/8/26,0,63.4
LET_WAT,-77.706,42.943,659,6/9/26,0,71.3
LET_WAT,-77.706,42.943,659,6/10/26,0.38,78.6
LET_WAT,-77.706,42.943,659,6/11/26,0.12,75.9
LET_WAT,-77.706,42.943,659,6/12/26,0.73,78.9
LET_WAT,-77.706,42.943,659,6/13/26,0,70
LET_WAT,-77.706,42.943,659,6/14/26,0,73.6
LET_WAT,-77.706,42.943,659,6/15/26,0.8,64.5
LET_WAT,-77.706,42.943,659,6/16/26,0,57.1
LET_WAT,-77.706,42.943,659,6/17/26,0,66.5
LET_WAT,-77.706,42.943,659,6/18/26,0.5,67
LET_WAT,-77.706,42.943,659,6/19/26,0.23,67.8
LET_WAT,-77.706,42.943,659,6/20/26,0.05,65.3
LET_WAT,-77.706,42.943,659,6/21/26,0,64.5
LET_WAT,-77.706,42.943,659,6/22/26,0.02,67.2
LET_WAT,-77.706,42.943,659,6/23/26,0.51,58.4
LET_WAT,-77.706,42.943,659,6/24/26,0,63.6
LET_WAT,-77.706,42.943,659,6/25/26,0,66.6
LET_WAT,-77.706,42.943,659,6/26/26,0.44,61.2
LET_WAT,-77.706,42.943,659,6/27/26,0,64.9
LET_WAT,-77.706,42.943,659,6/28/26,0,68.8
LET_WAT,-77.706,42.943,659,6/29/26,0,71.2
LET_WAT,-77.706,42.943,659,6/30/26,0,76.4
,,,,,,
MIL_BAR_1,-77.1375,42.05,981,1/1/26,0.06,18.7
MIL_BAR_1,-77.1375,42.05,981,1/2/26,0,14.3
MIL_BAR_1,-77.1375,42.05,981,1/3/26,0,19.9
MIL_BAR_1,-77.1375,42.05,981,1/4/26,0.06,20.2
MIL_BAR_1,-77.1375,42.05,981,1/5/26,0,21.7
MIL_BAR_1,-77.1375,42.05,981,1/6/26,0,27.8
MIL_BAR_1,-77.1375,42.05,981,1/7/26,0.04,35.4
MIL_BAR_1,-77.1375,42.05,981,1/8/26,0,36.8
MIL_BAR_1,-77.1375,42.05,981,1/9/26,0,39.8
MIL_BAR_1,-77.1375,42.05,981,1/10/26,0.01,40.5
MIL_BAR_1,-77.1375,42.05,981,1/11/26,0.24,34.3
MIL_BAR_1,-77.1375,42.05,981,1/12/26,0.02,29.7
MIL_BAR_1,-77.1375,42.05,981,1/13/26,0,31.2
MIL_BAR_1,-77.1375,42.05,981,1/14/26,0,34.5
MIL_BAR_1,-77.1375,42.05,981,1/15/26,0.36,36.3
MIL_BAR_1,-77.1375,42.05,981,1/16/26,0,19.2
MIL_BAR_1,-77.1375,42.05,981,1/17/26,0,23
MIL_BAR_1,-77.1375,42.05,981,1/18/26,0,30.8
MIL_BAR_1,-77.1375,42.05,981,1/19/26,0,20.5
MIL_BAR_1,-77.1375,42.05,981,1/20/26,0,15.5
MIL_BAR_1,-77.1375,42.05,981,1/21/26,0,10.2
MIL_BAR_1,-77.1375,42.05,981,1/22/26,0.02,19
MIL_BAR_1,-77.1375,42.05,981,1/23/26,0,27.3
MIL_BAR_1,-77.1375,42.05,981,1/24/26,0,10.3
MIL_BAR_1,-77.1375,42.05,981,1/25/26,0.05,5
MIL_BAR_1,-77.1375,42.05,981,1/26/26,0.68,8.4
MIL_BAR_1,-77.1375,42.05,981,1/27/26,0,9
MIL_BAR_1,-77.1375,42.05,981,1/28/26,0,6.6
MIL_BAR_1,-77.1375,42.05,981,1/29/26,0,8.2
MIL_BAR_1,-77.1375,42.05,981,1/30/26,0.01,7.5
MIL_BAR_1,-77.1375,42.05,981,1/31/26,0,5
MIL_BAR_1,-77.1375,42.05,981,2/1/26,0,7.4
MIL_BAR_1,-77.1375,42.05,981,2/2/26,0.01,8.2
MIL_BAR_1,-77.1375,42.05,981,2/3/26,0,13.7
MIL_BAR_1,-77.1375,42.05,981,2/4/26,0,19
MIL_BAR_1,-77.1375,42.05,981,2/5/26,0,14.7
MIL_BAR_1,-77.1375,42.05,981,2/6/26,0,15.9
MIL_BAR_1,-77.1375,42.05,981,2/7/26,0.05,12.7
MIL_BAR_1,-77.1375,42.05,981,2/8/26,0,-1.2
MIL_BAR_1,-77.1375,42.05,981,2/9/26,0,0.3
MIL_BAR_1,-77.1375,42.05,981,2/10/26,0,8.5
MIL_BAR_1,-77.1375,42.05,981,2/11/26,0.02,29.8
MIL_BAR_1,-77.1375,42.05,981,2/12/26,0,27.5
MIL_BAR_1,-77.1375,42.05,981,2/13/26,0,16.6
MIL_BAR_1,-77.1375,42.05,981,2/14/26,0,18.9
MIL_BAR_1,-77.1375,42.05,981,2/15/26,0,31
MIL_BAR_1,-77.1375,42.05,981,2/16/26,0,32.1
MIL_BAR_1,-77.1375,42.05,981,2/17/26,0,40.5
MIL_BAR_1,-77.1375,42.05,981,2/18/26,0,42
MIL_BAR_1,-77.1375,42.05,981,2/19/26,0.24,33.7
MIL_BAR_1,-77.1375,42.05,981,2/20/26,0.17,37.3
MIL_BAR_1,-77.1375,42.05,981,2/21/26,0.18,37.8
MIL_BAR_1,-77.1375,42.05,981,2/22/26,0.06,33.1
MIL_BAR_1,-77.1375,42.05,981,2/23/26,0.26,31.2
MIL_BAR_1,-77.1375,42.05,981,2/24/26,0.04,21.4
MIL_BAR_1,-77.1375,42.05,981,2/25/26,0.04,20.5
MIL_BAR_1,-77.1375,42.05,981,2/26/26,0.04,33.2
MIL_BAR_1,-77.1375,42.05,981,2/27/26,0,27.4
MIL_BAR_1,-77.1375,42.05,981,2/28/26,0,35.4
MIL_BAR_1,-77.1375,42.05,981,3/1/26,0.05,40.1
MIL_BAR_1,-77.1375,42.05,981,3/2/26,0,20.3
MIL_BAR_1,-77.1375,42.05,981,3/3/26,0,22.1
MIL_BAR_1,-77.1375,42.05,981,3/4/26,0.32,31.8
MIL_BAR_1,-77.1375,42.05,981,3/5/26,0.04,40.9
MIL_BAR_1,-77.1375,42.05,981,3/6/26,0.89,40.3
MIL_BAR_1,-77.1375,42.05,981,3/7/26,0,43.8
MIL_BAR_1,-77.1375,42.05,981,3/8/26,0.18,50.3
MIL_BAR_1,-77.1375,42.05,981,3/9/26,0,46.6
MIL_BAR_1,-77.1375,42.05,981,3/10/26,0,52.1
MIL_BAR_1,-77.1375,42.05,981,3/11/26,0,57.1
MIL_BAR_1,-77.1375,42.05,981,3/12/26,0.27,51.7
MIL_BAR_1,-77.1375,42.05,981,3/13/26,0,27.6
MIL_BAR_1,-77.1375,42.05,981,3/14/26,0.2,32.2
MIL_BAR_1,-77.1375,42.05,981,3/15/26,0,34.1
MIL_BAR_1,-77.1375,42.05,981,3/16/26,0,42.4
MIL_BAR_1,-77.1375,42.05,981,3/17/26,0.72,43
MIL_BAR_1,-77.1375,42.05,981,3/18/26,0,22.1
MIL_BAR_1,-77.1375,42.05,981,3/19/26,0,25
MIL_BAR_1,-77.1375,42.05,981,3/20/26,0,38.4
MIL_BAR_1,-77.1375,42.05,981,3/21/26,0.29,40.7
MIL_BAR_1,-77.1375,42.05,981,3/22/26,0,38.5
MIL_BAR_1,-77.1375,42.05,981,3/23/26,0.45,41.6
MIL_BAR_1,-77.1375,42.05,981,3/24/26,0.02,27.8
MIL_BAR_1,-77.1375,42.05,981,3/25/26,0,34.9
MIL_BAR_1,-77.1375,42.05,981,3/26/26,0,41.1
MIL_BAR_1,-77.1375,42.05,981,3/27/26,0.77,52.8
MIL_BAR_1,-77.1375,42.05,981,3/28/26,0,27.4
MIL_BAR_1,-77.1375,42.05,981,3/29/26,0,29.3
MIL_BAR_1,-77.1375,42.05,981,3/30/26,0,41.9
MIL_BAR_1,-77.1375,42.05,981,3/31/26,0.27,54.9
MIL_BAR_1,-77.1375,42.05,981,4/1/26,0.31,61.6
MIL_BAR_1,-77.1375,42.05,981,4/2/26,0.49,45.4
MIL_BAR_1,-77.1375,42.05,981,4/3/26,0.01,43.6
MIL_BAR_1,-77.1375,42.05,981,4/4/26,0.23,56.9
MIL_BAR_1,-77.1375,42.05,981,4/5/26,0.54,57.3
MIL_BAR_1,-77.1375,42.05,981,4/6/26,0.09,43.4
MIL_BAR_1,-77.1375,42.05,981,4/7/26,0.11,37.8
MIL_BAR_1,-77.1375,42.05,981,4/8/26,0,26.1
MIL_BAR_1,-77.1375,42.05,981,4/9/26,0,37.9
MIL_BAR_1,-77.1375,42.05,981,4/10/26,0,51.4
MIL_BAR_1,-77.1375,42.05,981,4/11/26,0.12,57.5
MIL_BAR_1,-77.1375,42.05,981,4/12/26,0,41.8
MIL_BAR_1,-77.1375,42.05,981,4/13/26,0,50.9
MIL_BAR_1,-77.1375,42.05,981,4/14/26,0.06,65.3
MIL_BAR_1,-77.1375,42.05,981,4/15/26,0.25,67.7
MIL_BAR_1,-77.1375,42.05,981,4/16/26,0.4,69.7
MIL_BAR_1,-77.1375,42.05,981,4/17/26,0.16,68.2
MIL_BAR_1,-77.1375,42.05,981,4/18/26,0,57.9
MIL_BAR_1,-77.1375,42.05,981,4/19/26,0.89,55.1
MIL_BAR_1,-77.1375,42.05,981,4/20/26,0.09,38.5
MIL_BAR_1,-77.1375,42.05,981,4/21/26,0,29.9
MIL_BAR_1,-77.1375,42.05,981,4/22/26,0.05,41.4
MIL_BAR_1,-77.1375,42.05,981,4/23/26,0,56.2
MIL_BAR_1,-77.1375,42.05,981,4/24/26,0,54.1
MIL_BAR_1,-77.1375,42.05,981,4/25/26,0.29,52.9
MIL_BAR_1,-77.1375,42.05,981,4/26/26,0.67,43.5
MIL_BAR_1,-77.1375,42.05,981,4/27/26,0,47.9
MIL_BAR_1,-77.1375,42.05,981,4/28/26,0,55.5
MIL_BAR_1,-77.1375,42.05,981,4/29/26,0.06,54.2
MIL_BAR_1,-77.1375,42.05,981,4/30/26,0.52,49.9
MIL_BAR_1,-77.1375,42.05,981,5/1/26,0.03,42.6
MIL_BAR_1,-77.1375,42.05,981,5/2/26,0.14,42.5
MIL_BAR_1,-77.1375,42.05,981,5/3/26,0,40.7
MIL_BAR_1,-77.1375,42.05,981,5/4/26,0,46.9
MIL_BAR_1,-77.1375,42.05,981,5/5/26,0.01,60.8
MIL_BAR_1,-77.1375,42.05,981,5/6/26,0.28,61.5
MIL_BAR_1,-77.1375,42.05,981,5/7/26,0.3,44.4
MIL_BAR_1,-77.1375,42.05,981,5/8/26,0.04,45.8
MIL_BAR_1,-77.1375,42.05,981,5/9/26,0.24,48.4
MIL_BAR_1,-77.1375,42.05,981,5/10/26,0.18,53.4
MIL_BAR_1,-77.1375,42.05,981,5/11/26,0,49.1
MIL_BAR_1,-77.1375,42.05,981,5/12/26,0,44.2
MIL_BAR_1,-77.1375,42.05,981,5/13/26,0.07,51.7
MIL_BAR_1,-77.1375,42.05,981,5/14/26,0.23,54.5
MIL_BAR_1,-77.1375,42.05,981,5/15/26,0.05,44.2
MIL_BAR_1,-77.1375,42.05,981,5/16/26,0,53.5
MIL_BAR_1,-77.1375,42.05,981,5/17/26,0,64
MIL_BAR_1,-77.1375,42.05,981,5/18/26,0,72.4
MIL_BAR_1,-77.1375,42.05,981,5/19/26,0,77.5
MIL_BAR_1,-77.1375,42.05,981,5/20/26,0,76.2
MIL_BAR_1,-77.1375,42.05,981,5/21/26,0,61.2
MIL_BAR_1,-77.1375,42.05,981,5/22/26,0,48.9
MIL_BAR_1,-77.1375,42.05,981,5/23/26,0.07,53.4
MIL_BAR_1,-77.1375,42.05,981,5/24/26,0.69,47.8
MIL_BAR_1,-77.1375,42.05,981,5/25/26,0.67,54.8
MIL_BAR_1,-77.1375,42.05,981,5/26/26,0,60.9
MIL_BAR_1,-77.1375,42.05,981,5/27/26,0,67.2
MIL_BAR_1,-77.1375,42.05,981,5/28/26,0,68
MIL_BAR_1,-77.1375,42.05,981,5/29/26,0,54.3
MIL_BAR_1,-77.1375,42.05,981,5/30/26,0,61.1
MIL_BAR_1,-77.1375,42.05,981,5/31/26,0,50.9
MIL_BAR_1,-77.1375,42.05,981,6/1/26,0,58.5
MIL_BAR_1,-77.1375,42.05,981,6/2/26,0,56.2
MIL_BAR_1,-77.1375,42.05,981,6/3/26,0,59.4
MIL_BAR_1,-77.1375,42.05,981,6/4/26,0,63.3
MIL_BAR_1,-77.1375,42.05,981,6/5/26,0,67.2
MIL_BAR_1,-77.1375,42.05,981,6/6/26,0,72.3
MIL_BAR_1,-77.1375,42.05,981,6/7/26,0.12,68.6
MIL_BAR_1,-77.1375,42.05,981,6/8/26,0,64.1
MIL_BAR_1,-77.1375,42.05,981,6/9/26,0,65
MIL_BAR_1,-77.1375,42.05,981,6/10/26,0,76.4
MIL_BAR_1,-77.1375,42.05,981,6/11/26,0.2,74.2
MIL_BAR_1,-77.1375,42.05,981,6/12/26,0.45,79.5
MIL_BAR_1,-77.1375,42.05,981,6/13/26,0.07,70.2
MIL_BAR_1,-77.1375,42.05,981,6/14/26,0,70.3
MIL_BAR_1,-77.1375,42.05,981,6/15/26,0.81,63.8
MIL_BAR_1,-77.1375,42.05,981,6/16/26,0,54.8
MIL_BAR_1,-77.1375,42.05,981,6/17/26,0,61.9
MIL_BAR_1,-77.1375,42.05,981,6/18/26,0.1,68.5
MIL_BAR_1,-77.1375,42.05,981,6/19/26,0.33,68.7
MIL_BAR_1,-77.1375,42.05,981,6/20/26,0.01,63.5
MIL_BAR_1,-77.1375,42.05,981,6/21/26,0,63.6
MIL_BAR_1,-77.1375,42.05,981,6/22/26,0.09,66.4
MIL_BAR_1,-77.1375,42.05,981,6/23/26,0.7,60.3
MIL_BAR_1,-77.1375,42.05,981,6/24/26,0,63.7
MIL_BAR_1,-77.1375,42.05,981,6/25/26,0,65.8
MIL_BAR_1,-77.1375,42.05,981,6/26/26,0.13,63.8
MIL_BAR_1,-77.1375,42.05,981,6/27/26,0,70
MIL_BAR_1,-77.1375,42.05,981,6/28/26,0,68.8
MIL_BAR_1,-77.1375,42.05,981,6/29/26,0,71.3
MIL_BAR_1,-77.1375,42.05,981,6/30/26,0,74.4
,,,,,,
MIL_BAR_2,-77.1796,42.0125,1499,1/1/26,0.08,17.2
MIL_BAR_2,-77.1796,42.0125,1499,1/2/26,0,12.6
MIL_BAR_2,-77.1796,42.0125,1499,1/3/26,0,17.8
MIL_BAR_2,-77.1796,42.0125,1499,1/4/26,0.07,19
MIL_BAR_2,-77.1796,42.0125,1499,1/5/26,0,20.8
MIL_BAR_2,-77.1796,42.0125,1499,1/6/26,0,26.8
MIL_BAR_2,-77.1796,42.0125,1499,1/7/26,0.06,35.1
MIL_BAR_2,-77.1796,42.0125,1499,1/8/26,0,36.2
MIL_BAR_2,-77.1796,42.0125,1499,1/9/26,0,39.2
MIL_BAR_2,-77.1796,42.0125,1499,1/10/26,0.02,39.6
MIL_BAR_2,-77.1796,42.0125,1499,1/11/26,0.23,34.2
MIL_BAR_2,-77.1796,42.0125,1499,1/12/26,0.02,28.2
MIL_BAR_2,-77.1796,42.0125,1499,1/13/26,0,29.6
MIL_BAR_2,-77.1796,42.0125,1499,1/14/26,0,33.8
MIL_BAR_2,-77.1796,42.0125,1499,1/15/26,0.34,34.3
MIL_BAR_2,-77.1796,42.0125,1499,1/16/26,0,17.6
MIL_BAR_2,-77.1796,42.0125,1499,1/17/26,0.01,21.1
MIL_BAR_2,-77.1796,42.0125,1499,1/18/26,0,29.1
MIL_BAR_2,-77.1796,42.0125,1499,1/19/26,0,18.4
MIL_BAR_2,-77.1796,42.0125,1499,1/20/26,0,13.5
MIL_BAR_2,-77.1796,42.0125,1499,1/21/26,0,8.9
MIL_BAR_2,-77.1796,42.0125,1499,1/22/26,0.02,19.1
MIL_BAR_2,-77.1796,42.0125,1499,1/23/26,0,26.9
MIL_BAR_2,-77.1796,42.0125,1499,1/24/26,0,8.5
MIL_BAR_2,-77.1796,42.0125,1499,1/25/26,0.06,3.5
MIL_BAR_2,-77.1796,42.0125,1499,1/26/26,0.63,7.8
MIL_BAR_2,-77.1796,42.0125,1499,1/27/26,0,7.4
MIL_BAR_2,-77.1796,42.0125,1499,1/28/26,0,5.1
MIL_BAR_2,-77.1796,42.0125,1499,1/29/26,0,5.9
MIL_BAR_2,-77.1796,42.0125,1499,1/30/26,0.02,5.8
MIL_BAR_2,-77.1796,42.0125,1499,1/31/26,0,3.6
MIL_BAR_2,-77.1796,42.0125,1499,2/1/26,0,6.3
MIL_BAR_2,-77.1796,42.0125,1499,2/2/26,0.02,8.1
MIL_BAR_2,-77.1796,42.0125,1499,2/3/26,0,12.8
MIL_BAR_2,-77.1796,42.0125,1499,2/4/26,0,17.6
MIL_BAR_2,-77.1796,42.0125,1499,2/5/26,0,14.6
MIL_BAR_2,-77.1796,42.0125,1499,2/6/26,0,15.7
MIL_BAR_2,-77.1796,42.0125,1499,2/7/26,0.05,11.7
MIL_BAR_2,-77.1796,42.0125,1499,2/8/26,0,-1.7
MIL_BAR_2,-77.1796,42.0125,1499,2/9/26,0,-0.1
MIL_BAR_2,-77.1796,42.0125,1499,2/10/26,0,8.1
MIL_BAR_2,-77.1796,42.0125,1499,2/11/26,0.03,28.8
MIL_BAR_2,-77.1796,42.0125,1499,2/12/26,0,27
MIL_BAR_2,-77.1796,42.0125,1499,2/13/26,0,15.9
MIL_BAR_2,-77.1796,42.0125,1499,2/14/26,0,19
MIL_BAR_2,-77.1796,42.0125,1499,2/15/26,0,31
MIL_BAR_2,-77.1796,42.0125,1499,2/16/26,0,32.3
MIL_BAR_2,-77.1796,42.0125,1499,2/17/26,0,39.5
MIL_BAR_2,-77.1796,42.0125,1499,2/18/26,0,41.4
MIL_BAR_2,-77.1796,42.0125,1499,2/19/26,0.27,33.7
MIL_BAR_2,-77.1796,42.0125,1499,2/20/26,0.14,36.8
MIL_BAR_2,-77.1796,42.0125,1499,2/21/26,0.17,36.8
MIL_BAR_2,-77.1796,42.0125,1499,2/22/26,0.06,32.1
MIL_BAR_2,-77.1796,42.0125,1499,2/23/26,0.25,30.2
MIL_BAR_2,-77.1796,42.0125,1499,2/24/26,0.02,20.2
MIL_BAR_2,-77.1796,42.0125,1499,2/25/26,0.04,19.9
MIL_BAR_2,-77.1796,42.0125,1499,2/26/26,0.03,31.8
MIL_BAR_2,-77.1796,42.0125,1499,2/27/26,0,27.1
MIL_BAR_2,-77.1796,42.0125,1499,2/28/26,0,35
MIL_BAR_2,-77.1796,42.0125,1499,3/1/26,0.06,38.7
MIL_BAR_2,-77.1796,42.0125,1499,3/2/26,0,19.2
MIL_BAR_2,-77.1796,42.0125,1499,3/3/26,0,21.2
MIL_BAR_2,-77.1796,42.0125,1499,3/4/26,0.3,31.1
MIL_BAR_2,-77.1796,42.0125,1499,3/5/26,0.05,40.9
MIL_BAR_2,-77.1796,42.0125,1499,3/6/26,0.98,40
MIL_BAR_2,-77.1796,42.0125,1499,3/7/26,0,43.7
MIL_BAR_2,-77.1796,42.0125,1499,3/8/26,0.24,48.5
MIL_BAR_2,-77.1796,42.0125,1499,3/9/26,0,46.4
MIL_BAR_2,-77.1796,42.0125,1499,3/10/26,0,52
MIL_BAR_2,-77.1796,42.0125,1499,3/11/26,0,56.8
MIL_BAR_2,-77.1796,42.0125,1499,3/12/26,0.31,50.3
MIL_BAR_2,-77.1796,42.0125,1499,3/13/26,0,26.8
MIL_BAR_2,-77.1796,42.0125,1499,3/14/26,0.2,31.2
MIL_BAR_2,-77.1796,42.0125,1499,3/15/26,0,33
MIL_BAR_2,-77.1796,42.0125,1499,3/16/26,0,41.1
MIL_BAR_2,-77.1796,42.0125,1499,3/17/26,0.73,41.3
MIL_BAR_2,-77.1796,42.0125,1499,3/18/26,0,20.8
MIL_BAR_2,-77.1796,42.0125,1499,3/19/26,0,24
MIL_BAR_2,-77.1796,42.0125,1499,3/20/26,0.01,37.8
MIL_BAR_2,-77.1796,42.0125,1499,3/21/26,0.29,40.1
MIL_BAR_2,-77.1796,42.0125,1499,3/22/26,0,38.3
MIL_BAR_2,-77.1796,42.0125,1499,3/23/26,0.47,41.2
MIL_BAR_2,-77.1796,42.0125,1499,3/24/26,0.03,26.4
MIL_BAR_2,-77.1796,42.0125,1499,3/25/26,0,33.6
MIL_BAR_2,-77.1796,42.0125,1499,3/26/26,0,40.2
MIL_BAR_2,-77.1796,42.0125,1499,3/27/26,0.77,51.7
MIL_BAR_2,-77.1796,42.0125,1499,3/28/26,0,26.7
MIL_BAR_2,-77.1796,42.0125,1499,3/29/26,0,28.2
MIL_BAR_2,-77.1796,42.0125,1499,3/30/26,0,40.7
MIL_BAR_2,-77.1796,42.0125,1499,3/31/26,0.25,54.8
MIL_BAR_2,-77.1796,42.0125,1499,4/1/26,0.3,61.8
MIL_BAR_2,-77.1796,42.0125,1499,4/2/26,0.57,45.4
MIL_BAR_2,-77.1796,42.0125,1499,4/3/26,0.01,42.6
MIL_BAR_2,-77.1796,42.0125,1499,4/4/26,0.33,55.6
MIL_BAR_2,-77.1796,42.0125,1499,4/5/26,0.58,56.8
MIL_BAR_2,-77.1796,42.0125,1499,4/6/26,0.08,42.5
MIL_BAR_2,-77.1796,42.0125,1499,4/7/26,0.11,36.5
MIL_BAR_2,-77.1796,42.0125,1499,4/8/26,0,25.5
MIL_BAR_2,-77.1796,42.0125,1499,4/9/26,0,36.5
MIL_BAR_2,-77.1796,42.0125,1499,4/10/26,0,50.3
MIL_BAR_2,-77.1796,42.0125,1499,4/11/26,0.11,56.6
MIL_BAR_2,-77.1796,42.0125,1499,4/12/26,0,41.4
MIL_BAR_2,-77.1796,42.0125,1499,4/13/26,0,50
MIL_BAR_2,-77.1796,42.0125,1499,4/14/26,0.07,64.6
MIL_BAR_2,-77.1796,42.0125,1499,4/15/26,0.2,66.7
MIL_BAR_2,-77.1796,42.0125,1499,4/16/26,0.29,68.9
MIL_BAR_2,-77.1796,42.0125,1499,4/17/26,0.16,67.3
MIL_BAR_2,-77.1796,42.0125,1499,4/18/26,0,58.4
MIL_BAR_2,-77.1796,42.0125,1499,4/19/26,0.85,54.6
MIL_BAR_2,-77.1796,42.0125,1499,4/20/26,0.11,37.1
MIL_BAR_2,-77.1796,42.0125,1499,4/21/26,0,29.4
MIL_BAR_2,-77.1796,42.0125,1499,4/22/26,0.08,40.5
MIL_BAR_2,-77.1796,42.0125,1499,4/23/26,0,55.6
MIL_BAR_2,-77.1796,42.0125,1499,4/24/26,0,54.5
MIL_BAR_2,-77.1796,42.0125,1499,4/25/26,0.24,51.6
MIL_BAR_2,-77.1796,42.0125,1499,4/26/26,0.49,42.4
MIL_BAR_2,-77.1796,42.0125,1499,4/27/26,0,47.7
MIL_BAR_2,-77.1796,42.0125,1499,4/28/26,0,54.7
MIL_BAR_2,-77.1796,42.0125,1499,4/29/26,0.03,53.5
MIL_BAR_2,-77.1796,42.0125,1499,4/30/26,0.44,49
MIL_BAR_2,-77.1796,42.0125,1499,5/1/26,0.03,41.9
MIL_BAR_2,-77.1796,42.0125,1499,5/2/26,0.13,41.8
MIL_BAR_2,-77.1796,42.0125,1499,5/3/26,0,40
MIL_BAR_2,-77.1796,42.0125,1499,5/4/26,0,46.4
MIL_BAR_2,-77.1796,42.0125,1499,5/5/26,0.01,60
MIL_BAR_2,-77.1796,42.0125,1499,5/6/26,0.26,60.7
MIL_BAR_2,-77.1796,42.0125,1499,5/7/26,0.29,44.4
MIL_BAR_2,-77.1796,42.0125,1499,5/8/26,0.06,45
MIL_BAR_2,-77.1796,42.0125,1499,5/9/26,0.26,47.9
MIL_BAR_2,-77.1796,42.0125,1499,5/10/26,0.19,53.1
MIL_BAR_2,-77.1796,42.0125,1499,5/11/26,0,48.7
MIL_BAR_2,-77.1796,42.0125,1499,5/12/26,0,43.7
MIL_BAR_2,-77.1796,42.0125,1499,5/13/26,0.06,50.7
MIL_BAR_2,-77.1796,42.0125,1499,5/14/26,0.34,53.7
MIL_BAR_2,-77.1796,42.0125,1499,5/15/26,0.03,43.6
MIL_BAR_2,-77.1796,42.0125,1499,5/16/26,0,53.1
MIL_BAR_2,-77.1796,42.0125,1499,5/17/26,0.01,63.1
MIL_BAR_2,-77.1796,42.0125,1499,5/18/26,0,72.5
MIL_BAR_2,-77.1796,42.0125,1499,5/19/26,0,77.3
MIL_BAR_2,-77.1796,42.0125,1499,5/20/26,0,75.5
MIL_BAR_2,-77.1796,42.0125,1499,5/21/26,0,60.4
MIL_BAR_2,-77.1796,42.0125,1499,5/22/26,0,48.7
MIL_BAR_2,-77.1796,42.0125,1499,5/23/26,0.17,52.3
MIL_BAR_2,-77.1796,42.0125,1499,5/24/26,0.78,47
MIL_BAR_2,-77.1796,42.0125,1499,5/25/26,0.63,54.1
MIL_BAR_2,-77.1796,42.0125,1499,5/26/26,0,60
MIL_BAR_2,-77.1796,42.0125,1499,5/27/26,0,66.6
MIL_BAR_2,-77.1796,42.0125,1499,5/28/26,0,67.6
MIL_BAR_2,-77.1796,42.0125,1499,5/29/26,0,53.9
MIL_BAR_2,-77.1796,42.0125,1499,5/30/26,0,60.2
MIL_BAR_2,-77.1796,42.0125,1499,5/31/26,0,50.4
MIL_BAR_2,-77.1796,42.0125,1499,6/1/26,0,57.6
MIL_BAR_2,-77.1796,42.0125,1499,6/2/26,0,55.5
MIL_BAR_2,-77.1796,42.0125,1499,6/3/26,0,57.9
MIL_BAR_2,-77.1796,42.0125,1499,6/4/26,0,62.7
MIL_BAR_2,-77.1796,42.0125,1499,6/5/26,0,66.5
MIL_BAR_2,-77.1796,42.0125,1499,6/6/26,0,71.7
MIL_BAR_2,-77.1796,42.0125,1499,6/7/26,0.18,67.3
MIL_BAR_2,-77.1796,42.0125,1499,6/8/26,0,63.1
MIL_BAR_2,-77.1796,42.0125,1499,6/9/26,0,64.5
MIL_BAR_2,-77.1796,42.0125,1499,6/10/26,0,74.4
MIL_BAR_2,-77.1796,42.0125,1499,6/11/26,0.06,73.2
MIL_BAR_2,-77.1796,42.0125,1499,6/12/26,0.22,78
MIL_BAR_2,-77.1796,42.0125,1499,6/13/26,0.1,68.7
MIL_BAR_2,-77.1796,42.0125,1499,6/14/26,0,70
MIL_BAR_2,-77.1796,42.0125,1499,6/15/26,0.76,62.7
MIL_BAR_2,-77.1796,42.0125,1499,6/16/26,0,53.8
MIL_BAR_2,-77.1796,42.0125,1499,6/17/26,0,60.9
MIL_BAR_2,-77.1796,42.0125,1499,6/18/26,0.05,67.3
MIL_BAR_2,-77.1796,42.0125,1499,6/19/26,0.18,67.5
MIL_BAR_2,-77.1796,42.0125,1499,6/20/26,0.01,62.3
MIL_BAR_2,-77.1796,42.0125,1499,6/21/26,0,63
MIL_BAR_2,-77.1796,42.0125,1499,6/22/26,0.08,65.5
MIL_BAR_2,-77.1796,42.0125,1499,6/23/26,0.66,59.2
MIL_BAR_2,-77.1796,42.0125,1499,6/24/26,0,62.3
MIL_BAR_2,-77.1796,42.0125,1499,6/25/26,0,64.8
MIL_BAR_2,-77.1796,42.0125,1499,6/26/26,0.13,62.6
MIL_BAR_2,-77.1796,42.0125,1499,6/27/26,0,69.1
MIL_BAR_2,-77.1796,42.0125,1499,6/28/26,0,67.8
MIL_BAR_2,-77.1796,42.0125,1499,6/29/26,0,70.2
MIL_BAR_2,-77.1796,42.0125,1499,6/30/26,0,73.5
,,,,,,
MIL_COB,-78.7122,42.4614,1355,1/1/26,0.42,16.6
MIL_COB,-78.7122,42.4614,1355,1/2/26,0.25,13.4
MIL_COB,-78.7122,42.4614,1355,1/3/26,0.03,16.5
MIL_COB,-78.7122,42.4614,1355,1/4/26,0.05,18.8
MIL_COB,-78.7122,42.4614,1355,1/5/26,0.02,21.6
MIL_COB,-78.7122,42.4614,1355,1/6/26,0.02,28.5
MIL_COB,-78.7122,42.4614,1355,1/7/26,0.31,35.6
MIL_COB,-78.7122,42.4614,1355,1/8/26,0.02,34.3
MIL_COB,-78.7122,42.4614,1355,1/9/26,0.01,41.6
MIL_COB,-78.7122,42.4614,1355,1/10/26,0.27,43.7
MIL_COB,-78.7122,42.4614,1355,1/11/26,0.2,35.2
MIL_COB,-78.7122,42.4614,1355,1/12/26,0.1,25.8
MIL_COB,-78.7122,42.4614,1355,1/13/26,0,28.5
MIL_COB,-78.7122,42.4614,1355,1/14/26,0,34.4
MIL_COB,-78.7122,42.4614,1355,1/15/26,0.37,27.3
MIL_COB,-78.7122,42.4614,1355,1/16/26,0.13,12.8
MIL_COB,-78.7122,42.4614,1355,1/17/26,0.02,21.2
MIL_COB,-78.7122,42.4614,1355,1/18/26,0.04,24.2
MIL_COB,-78.7122,42.4614,1355,1/19/26,0,12.9
MIL_COB,-78.7122,42.4614,1355,1/20/26,0.04,11.8
MIL_COB,-78.7122,42.4614,1355,1/21/26,0.05,6.1
MIL_COB,-78.7122,42.4614,1355,1/22/26,0.3,19.4
MIL_COB,-78.7122,42.4614,1355,1/23/26,0.17,18.8
MIL_COB,-78.7122,42.4614,1355,1/24/26,0.07,3.2
MIL_COB,-78.7122,42.4614,1355,1/25/26,0.02,1.2
MIL_COB,-78.7122,42.4614,1355,1/26/26,0.53,7.8
MIL_COB,-78.7122,42.4614,1355,1/27/26,0.01,6.7
MIL_COB,-78.7122,42.4614,1355,1/28/26,0.01,5.2
MIL_COB,-78.7122,42.4614,1355,1/29/26,0,6
MIL_COB,-78.7122,42.4614,1355,1/30/26,0,1.4
MIL_COB,-78.7122,42.4614,1355,1/31/26,0.02,2.8
MIL_COB,-78.7122,42.4614,1355,2/1/26,0.02,6.1
MIL_COB,-78.7122,42.4614,1355,2/2/26,0,5.2
MIL_COB,-78.7122,42.4614,1355,2/3/26,0.01,13.4
MIL_COB,-78.7122,42.4614,1355,2/4/26,0.08,16
MIL_COB,-78.7122,42.4614,1355,2/5/26,0,12.2
MIL_COB,-78.7122,42.4614,1355,2/6/26,0,13.3
MIL_COB,-78.7122,42.4614,1355,2/7/26,0.14,8.6
MIL_COB,-78.7122,42.4614,1355,2/8/26,0,-1.3
MIL_COB,-78.7122,42.4614,1355,2/9/26,0,-3.1
MIL_COB,-78.7122,42.4614,1355,2/10/26,0,8.3
MIL_COB,-78.7122,42.4614,1355,2/11/26,0.02,35.2
MIL_COB,-78.7122,42.4614,1355,2/12/26,0.24,22.6
MIL_COB,-78.7122,42.4614,1355,2/13/26,0.11,18.7
MIL_COB,-78.7122,42.4614,1355,2/14/26,0.04,24
MIL_COB,-78.7122,42.4614,1355,2/15/26,0,29.3
MIL_COB,-78.7122,42.4614,1355,2/16/26,0,34.4
MIL_COB,-78.7122,42.4614,1355,2/17/26,0,40
MIL_COB,-78.7122,42.4614,1355,2/18/26,0.02,38.9
MIL_COB,-78.7122,42.4614,1355,2/19/26,0.32,35.1
MIL_COB,-78.7122,42.4614,1355,2/20/26,0.12,40.1
MIL_COB,-78.7122,42.4614,1355,2/21/26,0.19,38.2
MIL_COB,-78.7122,42.4614,1355,2/22/26,0.09,28.7
MIL_COB,-78.7122,42.4614,1355,2/23/26,0.14,27.9
MIL_COB,-78.7122,42.4614,1355,2/24/26,0.16,18.1
MIL_COB,-78.7122,42.4614,1355,2/25/26,0.1,19.5
MIL_COB,-78.7122,42.4614,1355,2/26/26,0.03,27.3
MIL_COB,-78.7122,42.4614,1355,2/27/26,0,20.6
MIL_COB,-78.7122,42.4614,1355,2/28/26,0,34.3
MIL_COB,-78.7122,42.4614,1355,3/1/26,0.04,31.1
MIL_COB,-78.7122,42.4614,1355,3/2/26,0,15.1
MIL_COB,-78.7122,42.4614,1355,3/3/26,0,20.4
MIL_COB,-78.7122,42.4614,1355,3/4/26,0.08,31.4
MIL_COB,-78.7122,42.4614,1355,3/5/26,0.01,42.1
MIL_COB,-78.7122,42.4614,1355,3/6/26,0.65,39
MIL_COB,-78.7122,42.4614,1355,3/7/26,0.25,47.8
MIL_COB,-78.7122,42.4614,1355,3/8/26,0.27,54.9
MIL_COB,-78.7122,42.4614,1355,3/9/26,0,44.5
MIL_COB,-78.7122,42.4614,1355,3/10/26,0,54.6
MIL_COB,-78.7122,42.4614,1355,3/11/26,0.47,56.9
MIL_COB,-78.7122,42.4614,1355,3/12/26,1.02,47.2
MIL_COB,-78.7122,42.4614,1355,3/13/26,0,26.5
MIL_COB,-78.7122,42.4614,1355,3/14/26,0.19,32.9
MIL_COB,-78.7122,42.4614,1355,3/15/26,0,28.3
MIL_COB,-78.7122,42.4614,1355,3/16/26,0,44.1
MIL_COB,-78.7122,42.4614,1355,3/17/26,0.46,37.7
MIL_COB,-78.7122,42.4614,1355,3/18/26,0.03,16.6
MIL_COB,-78.7122,42.4614,1355,3/19/26,0.02,23.8
MIL_COB,-78.7122,42.4614,1355,3/20/26,0.01,34.8
MIL_COB,-78.7122,42.4614,1355,3/21/26,0.65,38.7
MIL_COB,-78.7122,42.4614,1355,3/22/26,0,42.7
MIL_COB,-78.7122,42.4614,1355,3/23/26,0.31,40.8
MIL_COB,-78.7122,42.4614,1355,3/24/26,0.05,24.7
MIL_COB,-78.7122,42.4614,1355,3/25/26,0,28
MIL_COB,-78.7122,42.4614,1355,3/26/26,0.02,42
MIL_COB,-78.7122,42.4614,1355,3/27/26,1.15,44.9
MIL_COB,-78.7122,42.4614,1355,3/28/26,0,25.9
MIL_COB,-78.7122,42.4614,1355,3/29/26,0,27.6
MIL_COB,-78.7122,42.4614,1355,3/30/26,0,41.5
MIL_COB,-78.7122,42.4614,1355,3/31/26,0.37,55
MIL_COB,-78.7122,42.4614,1355,4/1/26,1.5,52.8
MIL_COB,-78.7122,42.4614,1355,4/2/26,0.2,38
MIL_COB,-78.7122,42.4614,1355,4/3/26,0.04,50.2
MIL_COB,-78.7122,42.4614,1355,4/4/26,0.12,56.7
MIL_COB,-78.7122,42.4614,1355,4/5/26,0.77,58.8
MIL_COB,-78.7122,42.4614,1355,4/6/26,0,35.5
MIL_COB,-78.7122,42.4614,1355,4/7/26,0.09,32.2
MIL_COB,-78.7122,42.4614,1355,4/8/26,0,23.4
MIL_COB,-78.7122,42.4614,1355,4/9/26,0,37.5
MIL_COB,-78.7122,42.4614,1355,4/10/26,0.04,57
MIL_COB,-78.7122,42.4614,1355,4/11/26,0.25,50.4
MIL_COB,-78.7122,42.4614,1355,4/12/26,0,38.3
MIL_COB,-78.7122,42.4614,1355,4/13/26,0.03,53.9
MIL_COB,-78.7122,42.4614,1355,4/14/26,0.2,61.2
MIL_COB,-78.7122,42.4614,1355,4/15/26,0.17,63.8
MIL_COB,-78.7122,42.4614,1355,4/16/26,0.53,66
MIL_COB,-78.7122,42.4614,1355,4/17/26,0.55,62.6
MIL_COB,-78.7122,42.4614,1355,4/18/26,0,57.8
MIL_COB,-78.7122,42.4614,1355,4/19/26,0.7,57.7
MIL_COB,-78.7122,42.4614,1355,4/20/26,0.06,34.6
MIL_COB,-78.7122,42.4614,1355,4/21/26,0.05,29.6
MIL_COB,-78.7122,42.4614,1355,4/22/26,0.24,42.7
MIL_COB,-78.7122,42.4614,1355,4/23/26,0,53
MIL_COB,-78.7122,42.4614,1355,4/24/26,0,55.7
MIL_COB,-78.7122,42.4614,1355,4/25/26,0.41,53.9
MIL_COB,-78.7122,42.4614,1355,4/26/26,0.51,45.8
MIL_COB,-78.7122,42.4614,1355,4/27/26,0,48.9
MIL_COB,-78.7122,42.4614,1355,4/28/26,0,57.7
MIL_COB,-78.7122,42.4614,1355,4/29/26,0.02,54.4
MIL_COB,-78.7122,42.4614,1355,4/30/26,0.87,46.2
MIL_COB,-78.7122,42.4614,1355,5/1/26,0.12,38.2
MIL_COB,-78.7122,42.4614,1355,5/2/26,0.21,36.3
MIL_COB,-78.7122,42.4614,1355,5/3/26,0,36.7
MIL_COB,-78.7122,42.4614,1355,5/4/26,0,45.4
MIL_COB,-78.7122,42.4614,1355,5/5/26,0.09,60.3
MIL_COB,-78.7122,42.4614,1355,5/6/26,1.64,55.4
MIL_COB,-78.7122,42.4614,1355,5/7/26,0.05,41.8
MIL_COB,-78.7122,42.4614,1355,5/8/26,0.05,43.9
MIL_COB,-78.7122,42.4614,1355,5/9/26,0,46.3
MIL_COB,-78.7122,42.4614,1355,5/10/26,0.47,53.1
MIL_COB,-78.7122,42.4614,1355,5/11/26,0,43
MIL_COB,-78.7122,42.4614,1355,5/12/26,0,41.6
MIL_COB,-78.7122,42.4614,1355,5/13/26,0.19,47.4
MIL_COB,-78.7122,42.4614,1355,5/14/26,0.14,51.1
MIL_COB,-78.7122,42.4614,1355,5/15/26,0.02,42.5
MIL_COB,-78.7122,42.4614,1355,5/16/26,0,52.3
MIL_COB,-78.7122,42.4614,1355,5/17/26,0.13,62.9
MIL_COB,-78.7122,42.4614,1355,5/18/26,0,70.7
MIL_COB,-78.7122,42.4614,1355,5/19/26,0.1,74.4
MIL_COB,-78.7122,42.4614,1355,5/20/26,0.39,70.3
MIL_COB,-78.7122,42.4614,1355,5/21/26,0,50.5
MIL_COB,-78.7122,42.4614,1355,5/22/26,0,50.4
MIL_COB,-78.7122,42.4614,1355,5/23/26,0.07,54.1
MIL_COB,-78.7122,42.4614,1355,5/24/26,0.54,50.2
MIL_COB,-78.7122,42.4614,1355,5/25/26,0.3,59.2
MIL_COB,-78.7122,42.4614,1355,5/26/26,0,59.1
MIL_COB,-78.7122,42.4614,1355,5/27/26,0,65.3
MIL_COB,-78.7122,42.4614,1355,5/28/26,0,61.2
MIL_COB,-78.7122,42.4614,1355,5/29/26,0,54.7
MIL_COB,-78.7122,42.4614,1355,5/30/26,0,55.6
MIL_COB,-78.7122,42.4614,1355,5/31/26,0,52.1
MIL_COB,-78.7122,42.4614,1355,6/1/26,0,55.3
MIL_COB,-78.7122,42.4614,1355,6/2/26,0,54.8
MIL_COB,-78.7122,42.4614,1355,6/3/26,0,57.5
MIL_COB,-78.7122,42.4614,1355,6/4/26,0,61.7
MIL_COB,-78.7122,42.4614,1355,6/5/26,0,65.5
MIL_COB,-78.7122,42.4614,1355,6/6/26,0.35,69.7
MIL_COB,-78.7122,42.4614,1355,6/7/26,0,66.5
MIL_COB,-78.7122,42.4614,1355,6/8/26,0,61.6
MIL_COB,-78.7122,42.4614,1355,6/9/26,0,69.7
MIL_COB,-78.7122,42.4614,1355,6/10/26,0.12,74
MIL_COB,-78.7122,42.4614,1355,6/11/26,0.04,73.1
MIL_COB,-78.7122,42.4614,1355,6/12/26,1.09,75.4
MIL_COB,-78.7122,42.4614,1355,6/13/26,0,65.3
MIL_COB,-78.7122,42.4614,1355,6/14/26,0,69.2
MIL_COB,-78.7122,42.4614,1355,6/15/26,1.27,62.4
MIL_COB,-78.7122,42.4614,1355,6/16/26,0,53.2
MIL_COB,-78.7122,42.4614,1355,6/17/26,0.08,61.4
MIL_COB,-78.7122,42.4614,1355,6/18/26,0.38,63
MIL_COB,-78.7122,42.4614,1355,6/19/26,0.19,63.5
MIL_COB,-78.7122,42.4614,1355,6/20/26,0,60.4
MIL_COB,-78.7122,42.4614,1355,6/21/26,0,61.7
MIL_COB,-78.7122,42.4614,1355,6/22/26,0.29,62.9
MIL_COB,-78.7122,42.4614,1355,6/23/26,0.51,57.7
MIL_COB,-78.7122,42.4614,1355,6/24/26,0,59.5
MIL_COB,-78.7122,42.4614,1355,6/25/26,0.1,62.1
MIL_COB,-78.7122,42.4614,1355,6/26/26,0.43,62.5
MIL_COB,-78.7122,42.4614,1355,6/27/26,0,64.1
MIL_COB,-78.7122,42.4614,1355,6/28/26,0,67.8
MIL_COB,-78.7122,42.4614,1355,6/29/26,0,71.1
MIL_COB,-78.7122,42.4614,1355,6/30/26,0,75.2
,,,,,,
MIL_CRO_1,-79.1719,42.3617,1430,1/1/26,0.71,18.1
MIL_CRO_1,-79.1719,42.3617,1430,1/2/26,0.46,13.9
MIL_CRO_1,-79.1719,42.3617,1430,1/3/26,0.07,16.7
MIL_CRO_1,-79.1719,42.3617,1430,1/4/26,0.12,18.6
MIL_CRO_1,-79.1719,42.3617,1430,1/5/26,0.02,21.8
MIL_CRO_1,-79.1719,42.3617,1430,1/6/26,0,29.2
MIL_CRO_1,-79.1719,42.3617,1430,1/7/26,0.57,35.4
MIL_CRO_1,-79.1719,42.3617,1430,1/8/26,0.09,34.3
MIL_CRO_1,-79.1719,42.3617,1430,1/9/26,0.13,41.1
MIL_CRO_1,-79.1719,42.3617,1430,1/10/26,0.37,43.8
MIL_CRO_1,-79.1719,42.3617,1430,1/11/26,0.33,35.3
MIL_CRO_1,-79.1719,42.3617,1430,1/12/26,0.18,26.3
MIL_CRO_1,-79.1719,42.3617,1430,1/13/26,0,28.5
MIL_CRO_1,-79.1719,42.3617,1430,1/14/26,0,34.2
MIL_CRO_1,-79.1719,42.3617,1430,1/15/26,0.65,27
MIL_CRO_1,-79.1719,42.3617,1430,1/16/26,0.21,12.5
MIL_CRO_1,-79.1719,42.3617,1430,1/17/26,0.01,20.7
MIL_CRO_1,-79.1719,42.3617,1430,1/18/26,0.04,23.5
MIL_CRO_1,-79.1719,42.3617,1430,1/19/26,0.01,12.8
MIL_CRO_1,-79.1719,42.3617,1430,1/20/26,0.12,11.9
MIL_CRO_1,-79.1719,42.3617,1430,1/21/26,0.08,6.5
MIL_CRO_1,-79.1719,42.3617,1430,1/22/26,0.32,20.4
MIL_CRO_1,-79.1719,42.3617,1430,1/23/26,0.24,18.1
MIL_CRO_1,-79.1719,42.3617,1430,1/24/26,0.07,4.3
MIL_CRO_1,-79.1719,42.3617,1430,1/25/26,0.03,1.8
MIL_CRO_1,-79.1719,42.3617,1430,1/26/26,0.71,8.8
MIL_CRO_1,-79.1719,42.3617,1430,1/27/26,0.05,6.4
MIL_CRO_1,-79.1719,42.3617,1430,1/28/26,0.08,3.7
MIL_CRO_1,-79.1719,42.3617,1430,1/29/26,0.06,4.3
MIL_CRO_1,-79.1719,42.3617,1430,1/30/26,0.02,0.2
MIL_CRO_1,-79.1719,42.3617,1430,1/31/26,0,1
MIL_CRO_1,-79.1719,42.3617,1430,2/1/26,0.01,4.9
MIL_CRO_1,-79.1719,42.3617,1430,2/2/26,0,5.5
MIL_CRO_1,-79.1719,42.3617,1430,2/3/26,0.04,13.2
MIL_CRO_1,-79.1719,42.3617,1430,2/4/26,0.09,16.1
MIL_CRO_1,-79.1719,42.3617,1430,2/5/26,0,13.8
MIL_CRO_1,-79.1719,42.3617,1430,2/6/26,0.02,14.3
MIL_CRO_1,-79.1719,42.3617,1430,2/7/26,0.14,9.1
MIL_CRO_1,-79.1719,42.3617,1430,2/8/26,0,-0.6
MIL_CRO_1,-79.1719,42.3617,1430,2/9/26,0,-2
MIL_CRO_1,-79.1719,42.3617,1430,2/10/26,0.02,9
MIL_CRO_1,-79.1719,42.3617,1430,2/11/26,0,35.4
MIL_CRO_1,-79.1719,42.3617,1430,2/12/26,0.11,21.8
MIL_CRO_1,-79.1719,42.3617,1430,2/13/26,0.04,18.8
MIL_CRO_1,-79.1719,42.3617,1430,2/14/26,0.01,24.5
MIL_CRO_1,-79.1719,42.3617,1430,2/15/26,0,31.3
MIL_CRO_1,-79.1719,42.3617,1430,2/16/26,0,34.3
MIL_CRO_1,-79.1719,42.3617,1430,2/17/26,0,39.6
MIL_CRO_1,-79.1719,42.3617,1430,2/18/26,0.09,38.6
MIL_CRO_1,-79.1719,42.3617,1430,2/19/26,0.42,36.9
MIL_CRO_1,-79.1719,42.3617,1430,2/20/26,0.16,40.4
MIL_CRO_1,-79.1719,42.3617,1430,2/21/26,0.16,38.7
MIL_CRO_1,-79.1719,42.3617,1430,2/22/26,0.11,29
MIL_CRO_1,-79.1719,42.3617,1430,2/23/26,0.16,28.2
MIL_CRO_1,-79.1719,42.3617,1430,2/24/26,0.28,19
MIL_CRO_1,-79.1719,42.3617,1430,2/25/26,0.17,20.7
MIL_CRO_1,-79.1719,42.3617,1430,2/26/26,0,27.8
MIL_CRO_1,-79.1719,42.3617,1430,2/27/26,0,22.2
MIL_CRO_1,-79.1719,42.3617,1430,2/28/26,0.01,34.3
MIL_CRO_1,-79.1719,42.3617,1430,3/1/26,0.04,31
MIL_CRO_1,-79.1719,42.3617,1430,3/2/26,0,15.7
MIL_CRO_1,-79.1719,42.3617,1430,3/3/26,0,21.1
MIL_CRO_1,-79.1719,42.3617,1430,3/4/26,0.1,31.5
MIL_CRO_1,-79.1719,42.3617,1430,3/5/26,0.12,39.6
MIL_CRO_1,-79.1719,42.3617,1430,3/6/26,0.77,38.9
MIL_CRO_1,-79.1719,42.3617,1430,3/7/26,0.43,48.2
MIL_CRO_1,-79.1719,42.3617,1430,3/8/26,0.32,55.4
MIL_CRO_1,-79.1719,42.3617,1430,3/9/26,0,45.1
MIL_CRO_1,-79.1719,42.3617,1430,3/10/26,0,55.8
MIL_CRO_1,-79.1719,42.3617,1430,3/11/26,0.39,56.4
MIL_CRO_1,-79.1719,42.3617,1430,3/12/26,0.94,48.2
MIL_CRO_1,-79.1719,42.3617,1430,3/13/26,0,27.1
MIL_CRO_1,-79.1719,42.3617,1430,3/14/26,0.16,35.2
MIL_CRO_1,-79.1719,42.3617,1430,3/15/26,0,30.1
MIL_CRO_1,-79.1719,42.3617,1430,3/16/26,0,45.8
MIL_CRO_1,-79.1719,42.3617,1430,3/17/26,0.55,38
MIL_CRO_1,-79.1719,42.3617,1430,3/18/26,0.06,18.6
MIL_CRO_1,-79.1719,42.3617,1430,3/19/26,0.02,24.7
MIL_CRO_1,-79.1719,42.3617,1430,3/20/26,0,35.1
MIL_CRO_1,-79.1719,42.3617,1430,3/21/26,0.57,39.6
MIL_CRO_1,-79.1719,42.3617,1430,3/22/26,0,43.7
MIL_CRO_1,-79.1719,42.3617,1430,3/23/26,0.21,41.8
MIL_CRO_1,-79.1719,42.3617,1430,3/24/26,0.06,26.4
MIL_CRO_1,-79.1719,42.3617,1430,3/25/26,0,28.5
MIL_CRO_1,-79.1719,42.3617,1430,3/26/26,0.06,42.7
MIL_CRO_1,-79.1719,42.3617,1430,3/27/26,1.35,44.6
MIL_CRO_1,-79.1719,42.3617,1430,3/28/26,0,26
MIL_CRO_1,-79.1719,42.3617,1430,3/29/26,0,28.9
MIL_CRO_1,-79.1719,42.3617,1430,3/30/26,0,43
MIL_CRO_1,-79.1719,42.3617,1430,3/31/26,0.18,56.8
MIL_CRO_1,-79.1719,42.3617,1430,4/1/26,0.92,54.1
MIL_CRO_1,-79.1719,42.3617,1430,4/2/26,0.36,38
MIL_CRO_1,-79.1719,42.3617,1430,4/3/26,0.14,51.9
MIL_CRO_1,-79.1719,42.3617,1430,4/4/26,0.08,57
MIL_CRO_1,-79.1719,42.3617,1430,4/5/26,0.78,57.6
MIL_CRO_1,-79.1719,42.3617,1430,4/6/26,0.06,35.7
MIL_CRO_1,-79.1719,42.3617,1430,4/7/26,0.18,32.9
MIL_CRO_1,-79.1719,42.3617,1430,4/8/26,0,24
MIL_CRO_1,-79.1719,42.3617,1430,4/9/26,0,38.4
MIL_CRO_1,-79.1719,42.3617,1430,4/10/26,0.12,58.6
MIL_CRO_1,-79.1719,42.3617,1430,4/11/26,0.32,50.1
MIL_CRO_1,-79.1719,42.3617,1430,4/12/26,0,38.7
MIL_CRO_1,-79.1719,42.3617,1430,4/13/26,0.07,56.2
MIL_CRO_1,-79.1719,42.3617,1430,4/14/26,0.15,61.7
MIL_CRO_1,-79.1719,42.3617,1430,4/15/26,0.4,64.5
MIL_CRO_1,-79.1719,42.3617,1430,4/16/26,0.74,65.4
MIL_CRO_1,-79.1719,42.3617,1430,4/17/26,0.41,61.9
MIL_CRO_1,-79.1719,42.3617,1430,4/18/26,0,57.5
MIL_CRO_1,-79.1719,42.3617,1430,4/19/26,0.75,58.4
MIL_CRO_1,-79.1719,42.3617,1430,4/20/26,0.1,35.9
MIL_CRO_1,-79.1719,42.3617,1430,4/21/26,0,30.7
MIL_CRO_1,-79.1719,42.3617,1430,4/22/26,0.46,45.5
MIL_CRO_1,-79.1719,42.3617,1430,4/23/26,0,52.6
MIL_CRO_1,-79.1719,42.3617,1430,4/24/26,0,55.9
MIL_CRO_1,-79.1719,42.3617,1430,4/25/26,0.4,55
MIL_CRO_1,-79.1719,42.3617,1430,4/26/26,0.36,45.9
MIL_CRO_1,-79.1719,42.3617,1430,4/27/26,0,49.3
MIL_CRO_1,-79.1719,42.3617,1430,4/28/26,0,59.1
MIL_CRO_1,-79.1719,42.3617,1430,4/29/26,0.06,55.1
MIL_CRO_1,-79.1719,42.3617,1430,4/30/26,0.75,46.6
MIL_CRO_1,-79.1719,42.3617,1430,5/1/26,0.07,38.8
MIL_CRO_1,-79.1719,42.3617,1430,5/2/26,0.24,37.1
MIL_CRO_1,-79.1719,42.3617,1430,5/3/26,0.01,37.3
MIL_CRO_1,-79.1719,42.3617,1430,5/4/26,0,46.9
MIL_CRO_1,-79.1719,42.3617,1430,5/5/26,0.14,61
MIL_CRO_1,-79.1719,42.3617,1430,5/6/26,1.86,55.8
MIL_CRO_1,-79.1719,42.3617,1430,5/7/26,0.04,43.1
MIL_CRO_1,-79.1719,42.3617,1430,5/8/26,0.1,44.7
MIL_CRO_1,-79.1719,42.3617,1430,5/9/26,0.05,47.8
MIL_CRO_1,-79.1719,42.3617,1430,5/10/26,0.48,53.9
MIL_CRO_1,-79.1719,42.3617,1430,5/11/26,0,43.5
MIL_CRO_1,-79.1719,42.3617,1430,5/12/26,0,42.5
MIL_CRO_1,-79.1719,42.3617,1430,5/13/26,0.21,48.8
MIL_CRO_1,-79.1719,42.3617,1430,5/14/26,0.23,51.5
MIL_CRO_1,-79.1719,42.3617,1430,5/15/26,0.06,43.4
MIL_CRO_1,-79.1719,42.3617,1430,5/16/26,0,52.7
MIL_CRO_1,-79.1719,42.3617,1430,5/17/26,0.41,63.2
MIL_CRO_1,-79.1719,42.3617,1430,5/18/26,0,70.6
MIL_CRO_1,-79.1719,42.3617,1430,5/19/26,0.23,75.5
MIL_CRO_1,-79.1719,42.3617,1430,5/20/26,0.49,70.2
MIL_CRO_1,-79.1719,42.3617,1430,5/21/26,0.01,50.3
MIL_CRO_1,-79.1719,42.3617,1430,5/22/26,0,50.9
MIL_CRO_1,-79.1719,42.3617,1430,5/23/26,0.21,55.3
MIL_CRO_1,-79.1719,42.3617,1430,5/24/26,0.48,51.5
MIL_CRO_1,-79.1719,42.3617,1430,5/25/26,0.26,59.9
MIL_CRO_1,-79.1719,42.3617,1430,5/26/26,0,58.6
MIL_CRO_1,-79.1719,42.3617,1430,5/27/26,0,65.1
MIL_CRO_1,-79.1719,42.3617,1430,5/28/26,0,60.7
MIL_CRO_1,-79.1719,42.3617,1430,5/29/26,0,54.6
MIL_CRO_1,-79.1719,42.3617,1430,5/30/26,0,55.7
MIL_CRO_1,-79.1719,42.3617,1430,5/31/26,0,51.8
MIL_CRO_1,-79.1719,42.3617,1430,6/1/26,0,54.9
MIL_CRO_1,-79.1719,42.3617,1430,6/2/26,0,55.2
MIL_CRO_1,-79.1719,42.3617,1430,6/3/26,0,57.6
MIL_CRO_1,-79.1719,42.3617,1430,6/4/26,0,61.2
MIL_CRO_1,-79.1719,42.3617,1430,6/5/26,0,66.4
MIL_CRO_1,-79.1719,42.3617,1430,6/6/26,0.3,70.3
MIL_CRO_1,-79.1719,42.3617,1430,6/7/26,0,66.6
MIL_CRO_1,-79.1719,42.3617,1430,6/8/26,0,61.8
MIL_CRO_1,-79.1719,42.3617,1430,6/9/26,0,70.6
MIL_CRO_1,-79.1719,42.3617,1430,6/10/26,0.06,75.1
MIL_CRO_1,-79.1719,42.3617,1430,6/11/26,0.13,73.7
MIL_CRO_1,-79.1719,42.3617,1430,6/12/26,0.32,75.8
MIL_CRO_1,-79.1719,42.3617,1430,6/13/26,0,65.3
MIL_CRO_1,-79.1719,42.3617,1430,6/14/26,0.02,69.6
MIL_CRO_1,-79.1719,42.3617,1430,6/15/26,1.22,63.4
MIL_CRO_1,-79.1719,42.3617,1430,6/16/26,0,55
MIL_CRO_1,-79.1719,42.3617,1430,6/17/26,0.14,62.1
MIL_CRO_1,-79.1719,42.3617,1430,6/18/26,0.56,64
MIL_CRO_1,-79.1719,42.3617,1430,6/19/26,0.18,63.3
MIL_CRO_1,-79.1719,42.3617,1430,6/20/26,0,60.7
MIL_CRO_1,-79.1719,42.3617,1430,6/21/26,0,61.1
MIL_CRO_1,-79.1719,42.3617,1430,6/22/26,0.4,62.8
MIL_CRO_1,-79.1719,42.3617,1430,6/23/26,0.36,57.4
MIL_CRO_1,-79.1719,42.3617,1430,6/24/26,0,59.2
MIL_CRO_1,-79.1719,42.3617,1430,6/25/26,0.16,62.3
MIL_CRO_1,-79.1719,42.3617,1430,6/26/26,0.55,63.9
MIL_CRO_1,-79.1719,42.3617,1430,6/27/26,0,63.7
MIL_CRO_1,-79.1719,42.3617,1430,6/28/26,0,67.7
MIL_CRO_1,-79.1719,42.3617,1430,6/29/26,0,71.3
MIL_CRO_1,-79.1719,42.3617,1430,6/30/26,0,76
,,,,,,
MIL_CRO_2,-79.1458,42.3747,1483,1/1/26,0.65,17.6
MIL_CRO_2,-79.1458,42.3747,1483,1/2/26,0.46,13.6
MIL_CRO_2,-79.1458,42.3747,1483,1/3/26,0.05,16.4
MIL_CRO_2,-79.1458,42.3747,1483,1/4/26,0.12,18.5
MIL_CRO_2,-79.1458,42.3747,1483,1/5/26,0.02,21.4
MIL_CRO_2,-79.1458,42.3747,1483,1/6/26,0,28.9
MIL_CRO_2,-79.1458,42.3747,1483,1/7/26,0.52,35.1
MIL_CRO_2,-79.1458,42.3747,1483,1/8/26,0.09,34.3
MIL_CRO_2,-79.1458,42.3747,1483,1/9/26,0.12,40.8
MIL_CRO_2,-79.1458,42.3747,1483,1/10/26,0.37,43.5
MIL_CRO_2,-79.1458,42.3747,1483,1/11/26,0.34,35.2
MIL_CRO_2,-79.1458,42.3747,1483,1/12/26,0.17,26.2
MIL_CRO_2,-79.1458,42.3747,1483,1/13/26,0,28.3
MIL_CRO_2,-79.1458,42.3747,1483,1/14/26,0,34
MIL_CRO_2,-79.1458,42.3747,1483,1/15/26,0.63,26.8
MIL_CRO_2,-79.1458,42.3747,1483,1/16/26,0.22,12.2
MIL_CRO_2,-79.1458,42.3747,1483,1/17/26,0.01,20.4
MIL_CRO_2,-79.1458,42.3747,1483,1/18/26,0.05,23.3
MIL_CRO_2,-79.1458,42.3747,1483,1/19/26,0,12.6
MIL_CRO_2,-79.1458,42.3747,1483,1/20/26,0.14,11.6
MIL_CRO_2,-79.1458,42.3747,1483,1/21/26,0.1,6.3
MIL_CRO_2,-79.1458,42.3747,1483,1/22/26,0.32,20.1
MIL_CRO_2,-79.1458,42.3747,1483,1/23/26,0.25,17.9
MIL_CRO_2,-79.1458,42.3747,1483,1/24/26,0.06,3.9
MIL_CRO_2,-79.1458,42.3747,1483,1/25/26,0.03,1.6
MIL_CRO_2,-79.1458,42.3747,1483,1/26/26,0.68,8.5
MIL_CRO_2,-79.1458,42.3747,1483,1/27/26,0.05,6.2
MIL_CRO_2,-79.1458,42.3747,1483,1/28/26,0.08,3.6
MIL_CRO_2,-79.1458,42.3747,1483,1/29/26,0.05,4.2
MIL_CRO_2,-79.1458,42.3747,1483,1/30/26,0.02,-0.1
MIL_CRO_2,-79.1458,42.3747,1483,1/31/26,0.01,0.9
MIL_CRO_2,-79.1458,42.3747,1483,2/1/26,0.01,4.9
MIL_CRO_2,-79.1458,42.3747,1483,2/2/26,0,5.4
MIL_CRO_2,-79.1458,42.3747,1483,2/3/26,0.04,13
MIL_CRO_2,-79.1458,42.3747,1483,2/4/26,0.1,16
MIL_CRO_2,-79.1458,42.3747,1483,2/5/26,0,13.8
MIL_CRO_2,-79.1458,42.3747,1483,2/6/26,0.01,14.3
MIL_CRO_2,-79.1458,42.3747,1483,2/7/26,0.14,8.8
MIL_CRO_2,-79.1458,42.3747,1483,2/8/26,0,-0.9
MIL_CRO_2,-79.1458,42.3747,1483,2/9/26,0,-2.2
MIL_CRO_2,-79.1458,42.3747,1483,2/10/26,0.02,8.8
MIL_CRO_2,-79.1458,42.3747,1483,2/11/26,0,34.9
MIL_CRO_2,-79.1458,42.3747,1483,2/12/26,0.11,21.7
MIL_CRO_2,-79.1458,42.3747,1483,2/13/26,0.03,18.5
MIL_CRO_2,-79.1458,42.3747,1483,2/14/26,0.02,24.2
MIL_CRO_2,-79.1458,42.3747,1483,2/15/26,0,31
MIL_CRO_2,-79.1458,42.3747,1483,2/16/26,0,34.2
MIL_CRO_2,-79.1458,42.3747,1483,2/17/26,0,39.5
MIL_CRO_2,-79.1458,42.3747,1483,2/18/26,0.08,38.5
MIL_CRO_2,-79.1458,42.3747,1483,2/19/26,0.42,36.7
MIL_CRO_2,-79.1458,42.3747,1483,2/20/26,0.16,40.4
MIL_CRO_2,-79.1458,42.3747,1483,2/21/26,0.17,38.4
MIL_CRO_2,-79.1458,42.3747,1483,2/22/26,0.12,28.8
MIL_CRO_2,-79.1458,42.3747,1483,2/23/26,0.16,27.9
MIL_CRO_2,-79.1458,42.3747,1483,2/24/26,0.29,18.7
MIL_CRO_2,-79.1458,42.3747,1483,2/25/26,0.17,20.4
MIL_CRO_2,-79.1458,42.3747,1483,2/26/26,0,27.4
MIL_CRO_2,-79.1458,42.3747,1483,2/27/26,0,21.9
MIL_CRO_2,-79.1458,42.3747,1483,2/28/26,0.01,33.8
MIL_CRO_2,-79.1458,42.3747,1483,3/1/26,0.04,31
MIL_CRO_2,-79.1458,42.3747,1483,3/2/26,0,15.5
MIL_CRO_2,-79.1458,42.3747,1483,3/3/26,0,21.1
MIL_CRO_2,-79.1458,42.3747,1483,3/4/26,0.1,31.2
MIL_CRO_2,-79.1458,42.3747,1483,3/5/26,0.09,39.9
MIL_CRO_2,-79.1458,42.3747,1483,3/6/26,0.78,39.1
MIL_CRO_2,-79.1458,42.3747,1483,3/7/26,0.43,48.2
MIL_CRO_2,-79.1458,42.3747,1483,3/8/26,0.31,55.3
MIL_CRO_2,-79.1458,42.3747,1483,3/9/26,0,45
MIL_CRO_2,-79.1458,42.3747,1483,3/10/26,0,55.4
MIL_CRO_2,-79.1458,42.3747,1483,3/11/26,0.36,56.7
MIL_CRO_2,-79.1458,42.3747,1483,3/12/26,0.87,47.9
MIL_CRO_2,-79.1458,42.3747,1483,3/13/26,0,26.9
MIL_CRO_2,-79.1458,42.3747,1483,3/14/26,0.16,34.7
MIL_CRO_2,-79.1458,42.3747,1483,3/15/26,0,29.9
MIL_CRO_2,-79.1458,42.3747,1483,3/16/26,0,45.3
MIL_CRO_2,-79.1458,42.3747,1483,3/17/26,0.53,37.7
MIL_CRO_2,-79.1458,42.3747,1483,3/18/26,0.04,18.3
MIL_CRO_2,-79.1458,42.3747,1483,3/19/26,0.01,24.4
MIL_CRO_2,-79.1458,42.3747,1483,3/20/26,0,34.8
MIL_CRO_2,-79.1458,42.3747,1483,3/21/26,0.61,39.1
MIL_CRO_2,-79.1458,42.3747,1483,3/22/26,0,43.5
MIL_CRO_2,-79.1458,42.3747,1483,3/23/26,0.24,41.6
MIL_CRO_2,-79.1458,42.3747,1483,3/24/26,0.05,26
MIL_CRO_2,-79.1458,42.3747,1483,3/25/26,0,28.4
MIL_CRO_2,-79.1458,42.3747,1483,3/26/26,0.07,42.5
MIL_CRO_2,-79.1458,42.3747,1483,3/27/26,1.33,44.7
MIL_CRO_2,-79.1458,42.3747,1483,3/28/26,0,25.8
MIL_CRO_2,-79.1458,42.3747,1483,3/29/26,0,28.6
MIL_CRO_2,-79.1458,42.3747,1483,3/30/26,0,42.5
MIL_CRO_2,-79.1458,42.3747,1483,3/31/26,0.22,56.3
MIL_CRO_2,-79.1458,42.3747,1483,4/1/26,0.99,54.1
MIL_CRO_2,-79.1458,42.3747,1483,4/2/26,0.35,38
MIL_CRO_2,-79.1458,42.3747,1483,4/3/26,0.13,51.7
MIL_CRO_2,-79.1458,42.3747,1483,4/4/26,0.05,56.9
MIL_CRO_2,-79.1458,42.3747,1483,4/5/26,0.77,57.7
MIL_CRO_2,-79.1458,42.3747,1483,4/6/26,0.04,35.4
MIL_CRO_2,-79.1458,42.3747,1483,4/7/26,0.14,32.7
MIL_CRO_2,-79.1458,42.3747,1483,4/8/26,0,23.8
MIL_CRO_2,-79.1458,42.3747,1483,4/9/26,0,38.2
MIL_CRO_2,-79.1458,42.3747,1483,4/10/26,0.11,58.2
MIL_CRO_2,-79.1458,42.3747,1483,4/11/26,0.29,49.9
MIL_CRO_2,-79.1458,42.3747,1483,4/12/26,0,38.6
MIL_CRO_2,-79.1458,42.3747,1483,4/13/26,0.07,55.8
MIL_CRO_2,-79.1458,42.3747,1483,4/14/26,0.16,61.3
MIL_CRO_2,-79.1458,42.3747,1483,4/15/26,0.4,64.3
MIL_CRO_2,-79.1458,42.3747,1483,4/16/26,0.78,65.4
MIL_CRO_2,-79.1458,42.3747,1483,4/17/26,0.38,61.8
MIL_CRO_2,-79.1458,42.3747,1483,4/18/26,0,57.4
MIL_CRO_2,-79.1458,42.3747,1483,4/19/26,0.72,58.2
MIL_CRO_2,-79.1458,42.3747,1483,4/20/26,0.1,35.7
MIL_CRO_2,-79.1458,42.3747,1483,4/21/26,0,30.6
MIL_CRO_2,-79.1458,42.3747,1483,4/22/26,0.5,45.1
MIL_CRO_2,-79.1458,42.3747,1483,4/23/26,0,52.6
MIL_CRO_2,-79.1458,42.3747,1483,4/24/26,0,56.1
MIL_CRO_2,-79.1458,42.3747,1483,4/25/26,0.4,55.2
MIL_CRO_2,-79.1458,42.3747,1483,4/26/26,0.36,45.8
MIL_CRO_2,-79.1458,42.3747,1483,4/27/26,0,49.2
MIL_CRO_2,-79.1458,42.3747,1483,4/28/26,0,58.7
MIL_CRO_2,-79.1458,42.3747,1483,4/29/26,0.05,54.9
MIL_CRO_2,-79.1458,42.3747,1483,4/30/26,0.78,46.3
MIL_CRO_2,-79.1458,42.3747,1483,5/1/26,0.08,38.5
MIL_CRO_2,-79.1458,42.3747,1483,5/2/26,0.23,36.8
MIL_CRO_2,-79.1458,42.3747,1483,5/3/26,0.01,37
MIL_CRO_2,-79.1458,42.3747,1483,5/4/26,0,46.5
MIL_CRO_2,-79.1458,42.3747,1483,5/5/26,0.13,60.8
MIL_CRO_2,-79.1458,42.3747,1483,5/6/26,1.88,55.7
MIL_CRO_2,-79.1458,42.3747,1483,5/7/26,0.05,42.9
MIL_CRO_2,-79.1458,42.3747,1483,5/8/26,0.1,44.5
MIL_CRO_2,-79.1458,42.3747,1483,5/9/26,0.05,47.5
MIL_CRO_2,-79.1458,42.3747,1483,5/10/26,0.5,53.8
MIL_CRO_2,-79.1458,42.3747,1483,5/11/26,0,43.3
MIL_CRO_2,-79.1458,42.3747,1483,5/12/26,0,42.3
MIL_CRO_2,-79.1458,42.3747,1483,5/13/26,0.23,48.5
MIL_CRO_2,-79.1458,42.3747,1483,5/14/26,0.18,51.2
MIL_CRO_2,-79.1458,42.3747,1483,5/15/26,0.06,43.1
MIL_CRO_2,-79.1458,42.3747,1483,5/16/26,0,52.4
MIL_CRO_2,-79.1458,42.3747,1483,5/17/26,0.41,62.9
MIL_CRO_2,-79.1458,42.3747,1483,5/18/26,0,70.4
MIL_CRO_2,-79.1458,42.3747,1483,5/19/26,0.22,75.1
MIL_CRO_2,-79.1458,42.3747,1483,5/20/26,0.53,70.1
MIL_CRO_2,-79.1458,42.3747,1483,5/21/26,0.01,50.4
MIL_CRO_2,-79.1458,42.3747,1483,5/22/26,0,50.8
MIL_CRO_2,-79.1458,42.3747,1483,5/23/26,0.19,55.2
MIL_CRO_2,-79.1458,42.3747,1483,5/24/26,0.48,51.6
MIL_CRO_2,-79.1458,42.3747,1483,5/25/26,0.27,59.8
MIL_CRO_2,-79.1458,42.3747,1483,5/26/26,0,58.6
MIL_CRO_2,-79.1458,42.3747,1483,5/27/26,0,64.8
MIL_CRO_2,-79.1458,42.3747,1483,5/28/26,0,60.8
MIL_CRO_2,-79.1458,42.3747,1483,5/29/26,0,54.3
MIL_CRO_2,-79.1458,42.3747,1483,5/30/26,0,55.6
MIL_CRO_2,-79.1458,42.3747,1483,5/31/26,0,51.7
MIL_CRO_2,-79.1458,42.3747,1483,6/1/26,0,54.7
MIL_CRO_2,-79.1458,42.3747,1483,6/2/26,0,55
MIL_CRO_2,-79.1458,42.3747,1483,6/3/26,0,57.5
MIL_CRO_2,-79.1458,42.3747,1483,6/4/26,0,61.2
MIL_CRO_2,-79.1458,42.3747,1483,6/5/26,0,66.1
MIL_CRO_2,-79.1458,42.3747,1483,6/6/26,0.31,70.1
MIL_CRO_2,-79.1458,42.3747,1483,6/7/26,0,66.5
MIL_CRO_2,-79.1458,42.3747,1483,6/8/26,0,61.8
MIL_CRO_2,-79.1458,42.3747,1483,6/9/26,0,70.4
MIL_CRO_2,-79.1458,42.3747,1483,6/10/26,0.05,74.8
MIL_CRO_2,-79.1458,42.3747,1483,6/11/26,0.11,73.6
MIL_CRO_2,-79.1458,42.3747,1483,6/12/26,0.44,75.6
MIL_CRO_2,-79.1458,42.3747,1483,6/13/26,0,65
MIL_CRO_2,-79.1458,42.3747,1483,6/14/26,0,69.3
MIL_CRO_2,-79.1458,42.3747,1483,6/15/26,1.13,63.2
MIL_CRO_2,-79.1458,42.3747,1483,6/16/26,0,54.7
MIL_CRO_2,-79.1458,42.3747,1483,6/17/26,0.1,61.9
MIL_CRO_2,-79.1458,42.3747,1483,6/18/26,0.57,63.7
MIL_CRO_2,-79.1458,42.3747,1483,6/19/26,0.14,63.2
MIL_CRO_2,-79.1458,42.3747,1483,6/20/26,0,60.5
MIL_CRO_2,-79.1458,42.3747,1483,6/21/26,0,61.1
MIL_CRO_2,-79.1458,42.3747,1483,6/22/26,0.4,62.8
MIL_CRO_2,-79.1458,42.3747,1483,6/23/26,0.4,57.4
MIL_CRO_2,-79.1458,42.3747,1483,6/24/26,0,59
MIL_CRO_2,-79.1458,42.3747,1483,6/25/26,0.17,62.2
MIL_CRO_2,-79.1458,42.3747,1483,6/26/26,0.53,63.7
MIL_CRO_2,-79.1458,42.3747,1483,6/27/26,0,63.8
MIL_CRO_2,-79.1458,42.3747,1483,6/28/26,0,67.7
MIL_CRO_2,-79.1458,42.3747,1483,6/29/26,0,71.3
MIL_CRO_2,-79.1458,42.3747,1483,6/30/26,0,75.9
,,,,,,
MIL_TEL,-78.7161,42.3294,1588,1/1/26,0.3,16.3
MIL_TEL,-78.7161,42.3294,1588,1/2/26,0.12,12.9
MIL_TEL,-78.7161,42.3294,1588,1/3/26,0.02,15.3
MIL_TEL,-78.7161,42.3294,1588,1/4/26,0.05,18
MIL_TEL,-78.7161,42.3294,1588,1/5/26,0.02,20.5
MIL_TEL,-78.7161,42.3294,1588,1/6/26,0.01,27.4
MIL_TEL,-78.7161,42.3294,1588,1/7/26,0.32,35.4
MIL_TEL,-78.7161,42.3294,1588,1/8/26,0.03,34
MIL_TEL,-78.7161,42.3294,1588,1/9/26,0,40.4
MIL_TEL,-78.7161,42.3294,1588,1/10/26,0.28,42.1
MIL_TEL,-78.7161,42.3294,1588,1/11/26,0.16,34.6
MIL_TEL,-78.7161,42.3294,1588,1/12/26,0.1,24.9
MIL_TEL,-78.7161,42.3294,1588,1/13/26,0,27
MIL_TEL,-78.7161,42.3294,1588,1/14/26,0,33.1
MIL_TEL,-78.7161,42.3294,1588,1/15/26,0.24,27.1
MIL_TEL,-78.7161,42.3294,1588,1/16/26,0.07,11.9
MIL_TEL,-78.7161,42.3294,1588,1/17/26,0.01,20.8
MIL_TEL,-78.7161,42.3294,1588,1/18/26,0.02,23.7
MIL_TEL,-78.7161,42.3294,1588,1/19/26,0,12.6
MIL_TEL,-78.7161,42.3294,1588,1/20/26,0.01,10.8
MIL_TEL,-78.7161,42.3294,1588,1/21/26,0,5.4
MIL_TEL,-78.7161,42.3294,1588,1/22/26,0.27,18.9
MIL_TEL,-78.7161,42.3294,1588,1/23/26,0.08,18.7
MIL_TEL,-78.7161,42.3294,1588,1/24/26,0.03,2.1
MIL_TEL,-78.7161,42.3294,1588,1/25/26,0.02,0
MIL_TEL,-78.7161,42.3294,1588,1/26/26,0.53,8
MIL_TEL,-78.7161,42.3294,1588,1/27/26,0,6.1
MIL_TEL,-78.7161,42.3294,1588,1/28/26,0.02,3.6
MIL_TEL,-78.7161,42.3294,1588,1/29/26,0.01,4
MIL_TEL,-78.7161,42.3294,1588,1/30/26,0.02,-0.1
MIL_TEL,-78.7161,42.3294,1588,1/31/26,0.01,2
MIL_TEL,-78.7161,42.3294,1588,2/1/26,0.01,5.6
MIL_TEL,-78.7161,42.3294,1588,2/2/26,0,3.4
MIL_TEL,-78.7161,42.3294,1588,2/3/26,0,11.2
MIL_TEL,-78.7161,42.3294,1588,2/4/26,0.05,15.3
MIL_TEL,-78.7161,42.3294,1588,2/5/26,0,12.1
MIL_TEL,-78.7161,42.3294,1588,2/6/26,0,14.3
MIL_TEL,-78.7161,42.3294,1588,2/7/26,0.11,7.7
MIL_TEL,-78.7161,42.3294,1588,2/8/26,0,-2
MIL_TEL,-78.7161,42.3294,1588,2/9/26,0,-4.6
MIL_TEL,-78.7161,42.3294,1588,2/10/26,0,6.3
MIL_TEL,-78.7161,42.3294,1588,2/11/26,0.02,34
MIL_TEL,-78.7161,42.3294,1588,2/12/26,0.19,22.4
MIL_TEL,-78.7161,42.3294,1588,2/13/26,0.15,17.9
MIL_TEL,-78.7161,42.3294,1588,2/14/26,0.03,23.1
MIL_TEL,-78.7161,42.3294,1588,2/15/26,0,29
MIL_TEL,-78.7161,42.3294,1588,2/16/26,0,34.3
MIL_TEL,-78.7161,42.3294,1588,2/17/26,0,40.1
MIL_TEL,-78.7161,42.3294,1588,2/18/26,0.03,38.3
MIL_TEL,-78.7161,42.3294,1588,2/19/26,0.29,35.7
MIL_TEL,-78.7161,42.3294,1588,2/20/26,0.13,39.6
MIL_TEL,-78.7161,42.3294,1588,2/21/26,0.15,37.4
MIL_TEL,-78.7161,42.3294,1588,2/22/26,0.07,28.2
MIL_TEL,-78.7161,42.3294,1588,2/23/26,0.16,27.3
MIL_TEL,-78.7161,42.3294,1588,2/24/26,0.13,17.7
MIL_TEL,-78.7161,42.3294,1588,2/25/26,0.11,19.4
MIL_TEL,-78.7161,42.3294,1588,2/26/26,0.05,26.9
MIL_TEL,-78.7161,42.3294,1588,2/27/26,0,19.3
MIL_TEL,-78.7161,42.3294,1588,2/28/26,0.01,32
MIL_TEL,-78.7161,42.3294,1588,3/1/26,0.04,30.6
MIL_TEL,-78.7161,42.3294,1588,3/2/26,0,14.8
MIL_TEL,-78.7161,42.3294,1588,3/3/26,0,21
MIL_TEL,-78.7161,42.3294,1588,3/4/26,0.08,30.7
MIL_TEL,-78.7161,42.3294,1588,3/5/26,0.04,42.9
MIL_TEL,-78.7161,42.3294,1588,3/6/26,0.55,39.7
MIL_TEL,-78.7161,42.3294,1588,3/7/26,0.18,48.3
MIL_TEL,-78.7161,42.3294,1588,3/8/26,0.38,54.3
MIL_TEL,-78.7161,42.3294,1588,3/9/26,0,44.8
MIL_TEL,-78.7161,42.3294,1588,3/10/26,0,53
MIL_TEL,-78.7161,42.3294,1588,3/11/26,0.38,57
MIL_TEL,-78.7161,42.3294,1588,3/12/26,1.11,46.4
MIL_TEL,-78.7161,42.3294,1588,3/13/26,0,24.8
MIL_TEL,-78.7161,42.3294,1588,3/14/26,0.25,31.9
MIL_TEL,-78.7161,42.3294,1588,3/15/26,0,28.2
MIL_TEL,-78.7161,42.3294,1588,3/16/26,0,43.3
MIL_TEL,-78.7161,42.3294,1588,3/17/26,0.35,36.6
MIL_TEL,-78.7161,42.3294,1588,3/18/26,0.03,15.6
MIL_TEL,-78.7161,42.3294,1588,3/19/26,0,22.5
MIL_TEL,-78.7161,42.3294,1588,3/20/26,0,34
MIL_TEL,-78.7161,42.3294,1588,3/21/26,0.58,38
MIL_TEL,-78.7161,42.3294,1588,3/22/26,0,41.8
MIL_TEL,-78.7161,42.3294,1588,3/23/26,0.21,40.8
MIL_TEL,-78.7161,42.3294,1588,3/24/26,0.03,23.8
MIL_TEL,-78.7161,42.3294,1588,3/25/26,0,27.7
MIL_TEL,-78.7161,42.3294,1588,3/26/26,0.03,42
MIL_TEL,-78.7161,42.3294,1588,3/27/26,1.13,45.5
MIL_TEL,-78.7161,42.3294,1588,3/28/26,0,25.4
MIL_TEL,-78.7161,42.3294,1588,3/29/26,0,27.5
MIL_TEL,-78.7161,42.3294,1588,3/30/26,0,41.2
MIL_TEL,-78.7161,42.3294,1588,3/31/26,0.28,53.1
MIL_TEL,-78.7161,42.3294,1588,4/1/26,1.03,53.5
MIL_TEL,-78.7161,42.3294,1588,4/2/26,0.26,38.8
MIL_TEL,-78.7161,42.3294,1588,4/3/26,0.04,49.9
MIL_TEL,-78.7161,42.3294,1588,4/4/26,0.15,57
MIL_TEL,-78.7161,42.3294,1588,4/5/26,0.61,58.6
MIL_TEL,-78.7161,42.3294,1588,4/6/26,0.02,34.4
MIL_TEL,-78.7161,42.3294,1588,4/7/26,0.2,31.1
MIL_TEL,-78.7161,42.3294,1588,4/8/26,0,21.9
MIL_TEL,-78.7161,42.3294,1588,4/9/26,0,36.1
MIL_TEL,-78.7161,42.3294,1588,4/10/26,0.07,55.9
MIL_TEL,-78.7161,42.3294,1588,4/11/26,0.34,50.2
MIL_TEL,-78.7161,42.3294,1588,4/12/26,0,37.8
MIL_TEL,-78.7161,42.3294,1588,4/13/26,0.04,53.2
MIL_TEL,-78.7161,42.3294,1588,4/14/26,0.22,61.3
MIL_TEL,-78.7161,42.3294,1588,4/15/26,0.33,63.2
MIL_TEL,-78.7161,42.3294,1588,4/16/26,0.54,66.3
MIL_TEL,-78.7161,42.3294,1588,4/17/26,0.83,63.2
MIL_TEL,-78.7161,42.3294,1588,4/18/26,0,57.6
MIL_TEL,-78.7161,42.3294,1588,4/19/26,0.6,56.7
MIL_TEL,-78.7161,42.3294,1588,4/20/26,0.07,33.8
MIL_TEL,-78.7161,42.3294,1588,4/21/26,0.02,28.1
MIL_TEL,-78.7161,42.3294,1588,4/22/26,0.29,41.3
MIL_TEL,-78.7161,42.3294,1588,4/23/26,0,52.5
MIL_TEL,-78.7161,42.3294,1588,4/24/26,0,55
MIL_TEL,-78.7161,42.3294,1588,4/25/26,0.36,54.9
MIL_TEL,-78.7161,42.3294,1588,4/26/26,0.46,45.5
MIL_TEL,-78.7161,42.3294,1588,4/27/26,0,47.7
MIL_TEL,-78.7161,42.3294,1588,4/28/26,0,55.4
MIL_TEL,-78.7161,42.3294,1588,4/29/26,0.03,52.7
MIL_TEL,-78.7161,42.3294,1588,4/30/26,0.95,45.4
MIL_TEL,-78.7161,42.3294,1588,5/1/26,0.1,37.2
MIL_TEL,-78.7161,42.3294,1588,5/2/26,0.21,35.9
MIL_TEL,-78.7161,42.3294,1588,5/3/26,0,35.2
MIL_TEL,-78.7161,42.3294,1588,5/4/26,0,44.5
MIL_TEL,-78.7161,42.3294,1588,5/5/26,0.23,59.2
MIL_TEL,-78.7161,42.3294,1588,5/6/26,1.4,55.5
MIL_TEL,-78.7161,42.3294,1588,5/7/26,0.07,40.8
MIL_TEL,-78.7161,42.3294,1588,5/8/26,0.08,42.6
MIL_TEL,-78.7161,42.3294,1588,5/9/26,0.04,45.5
MIL_TEL,-78.7161,42.3294,1588,5/10/26,0.44,52.6
MIL_TEL,-78.7161,42.3294,1588,5/11/26,0,42
MIL_TEL,-78.7161,42.3294,1588,5/12/26,0,40.9
MIL_TEL,-78.7161,42.3294,1588,5/13/26,0.2,46.3
MIL_TEL,-78.7161,42.3294,1588,5/14/26,0.3,50.4
MIL_TEL,-78.7161,42.3294,1588,5/15/26,0.02,40.9
MIL_TEL,-78.7161,42.3294,1588,5/16/26,0,51.3
MIL_TEL,-78.7161,42.3294,1588,5/17/26,0.08,60.2
MIL_TEL,-78.7161,42.3294,1588,5/18/26,0,69.4
MIL_TEL,-78.7161,42.3294,1588,5/19/26,0.03,73
MIL_TEL,-78.7161,42.3294,1588,5/20/26,0.19,70.9
MIL_TEL,-78.7161,42.3294,1588,5/21/26,0.01,51.2
MIL_TEL,-78.7161,42.3294,1588,5/22/26,0,50.2
MIL_TEL,-78.7161,42.3294,1588,5/23/26,0.13,53
MIL_TEL,-78.7161,42.3294,1588,5/24/26,0.46,50.2
MIL_TEL,-78.7161,42.3294,1588,5/25/26,0.24,57.5
MIL_TEL,-78.7161,42.3294,1588,5/26/26,0,59.1
MIL_TEL,-78.7161,42.3294,1588,5/27/26,0,64.4
MIL_TEL,-78.7161,42.3294,1588,5/28/26,0,60.8
MIL_TEL,-78.7161,42.3294,1588,5/29/26,0,53.5
MIL_TEL,-78.7161,42.3294,1588,5/30/26,0,54.6
MIL_TEL,-78.7161,42.3294,1588,5/31/26,0,50.4
MIL_TEL,-78.7161,42.3294,1588,6/1/26,0,54.1
MIL_TEL,-78.7161,42.3294,1588,6/2/26,0,53.8
MIL_TEL,-78.7161,42.3294,1588,6/3/26,0,56
MIL_TEL,-78.7161,42.3294,1588,6/4/26,0,60.5
MIL_TEL,-78.7161,42.3294,1588,6/5/26,0,64.2
MIL_TEL,-78.7161,42.3294,1588,6/6/26,0.27,68.1
MIL_TEL,-78.7161,42.3294,1588,6/7/26,0,65.8
MIL_TEL,-78.7161,42.3294,1588,6/8/26,0,60.8
MIL_TEL,-78.7161,42.3294,1588,6/9/26,0,68.6
MIL_TEL,-78.7161,42.3294,1588,6/10/26,0.02,72.8
MIL_TEL,-78.7161,42.3294,1588,6/11/26,0.12,72.6
MIL_TEL,-78.7161,42.3294,1588,6/12/26,0.44,74.4
MIL_TEL,-78.7161,42.3294,1588,6/13/26,0,63.9
MIL_TEL,-78.7161,42.3294,1588,6/14/26,0.01,68.2
MIL_TEL,-78.7161,42.3294,1588,6/15/26,1.37,61.7
MIL_TEL,-78.7161,42.3294,1588,6/16/26,0,51.8
MIL_TEL,-78.7161,42.3294,1588,6/17/26,0.22,60.4
MIL_TEL,-78.7161,42.3294,1588,6/18/26,0.31,62.3
MIL_TEL,-78.7161,42.3294,1588,6/19/26,0.1,63.1
MIL_TEL,-78.7161,42.3294,1588,6/20/26,0,59.3
MIL_TEL,-78.7161,42.3294,1588,6/21/26,0,60.7
MIL_TEL,-78.7161,42.3294,1588,6/22/26,0.3,62.2
MIL_TEL,-78.7161,42.3294,1588,6/23/26,0.51,57.4
MIL_TEL,-78.7161,42.3294,1588,6/24/26,0,58.3
MIL_TEL,-78.7161,42.3294,1588,6/25/26,0.13,60.8
MIL_TEL,-78.7161,42.3294,1588,6/26/26,0.34,62
MIL_TEL,-78.7161,42.3294,1588,6/27/26,0,64.7
MIL_TEL,-78.7161,42.3294,1588,6/28/26,0,66.7
MIL_TEL,-78.7161,42.3294,1588,6/29/26,0,69.8
MIL_TEL,-78.7161,42.3294,1588,6/30/26,0,73.7
,,,,,,
MIL_WEA,-77.315,42.3548,1329,1/1/26,0.06,16.2
MIL_WEA,-77.315,42.3548,1329,1/2/26,0,12.2
MIL_WEA,-77.315,42.3548,1329,1/3/26,0,16.8
MIL_WEA,-77.315,42.3548,1329,1/4/26,0.02,17.9
MIL_WEA,-77.315,42.3548,1329,1/5/26,0,20.9
MIL_WEA,-77.315,42.3548,1329,1/6/26,0.02,26.5
MIL_WEA,-77.315,42.3548,1329,1/7/26,0.19,34
MIL_WEA,-77.315,42.3548,1329,1/8/26,0,34.5
MIL_WEA,-77.315,42.3548,1329,1/9/26,0,40.1
MIL_WEA,-77.315,42.3548,1329,1/10/26,0.02,39.9
MIL_WEA,-77.315,42.3548,1329,1/11/26,0.15,33.9
MIL_WEA,-77.315,42.3548,1329,1/12/26,0,27.7
MIL_WEA,-77.315,42.3548,1329,1/13/26,0,30.1
MIL_WEA,-77.315,42.3548,1329,1/14/26,0,34.4
MIL_WEA,-77.315,42.3548,1329,1/15/26,0.39,32.7
MIL_WEA,-77.315,42.3548,1329,1/16/26,0,15.7
MIL_WEA,-77.315,42.3548,1329,1/17/26,0,21
MIL_WEA,-77.315,42.3548,1329,1/18/26,0,27.5
MIL_WEA,-77.315,42.3548,1329,1/19/26,0,17.2
MIL_WEA,-77.315,42.3548,1329,1/20/26,0,14
MIL_WEA,-77.315,42.3548,1329,1/21/26,0,8.3
MIL_WEA,-77.315,42.3548,1329,1/22/26,0.06,18.7
MIL_WEA,-77.315,42.3548,1329,1/23/26,0,24.1
MIL_WEA,-77.315,42.3548,1329,1/24/26,0,6.4
MIL_WEA,-77.315,42.3548,1329,1/25/26,0.02,2.2
MIL_WEA,-77.315,42.3548,1329,1/26/26,0.79,7.7
MIL_WEA,-77.315,42.3548,1329,1/27/26,0,8
MIL_WEA,-77.315,42.3548,1329,1/28/26,0,6.1
MIL_WEA,-77.315,42.3548,1329,1/29/26,0,7.4
MIL_WEA,-77.315,42.3548,1329,1/30/26,0,6.2
MIL_WEA,-77.315,42.3548,1329,1/31/26,0,2.9
MIL_WEA,-77.315,42.3548,1329,2/1/26,0.01,6.1
MIL_WEA,-77.315,42.3548,1329,2/2/26,0,7.9
MIL_WEA,-77.315,42.3548,1329,2/3/26,0,13.8
MIL_WEA,-77.315,42.3548,1329,2/4/26,0,17.9
MIL_WEA,-77.315,42.3548,1329,2/5/26,0,14.3
MIL_WEA,-77.315,42.3548,1329,2/6/26,0,16.6
MIL_WEA,-77.315,42.3548,1329,2/7/26,0.04,10.5
MIL_WEA,-77.315,42.3548,1329,2/8/26,0,-3.1
MIL_WEA,-77.315,42.3548,1329,2/9/26,0,-1.7
MIL_WEA,-77.315,42.3548,1329,2/10/26,0,8.3
MIL_WEA,-77.315,42.3548,1329,2/11/26,0.03,31
MIL_WEA,-77.315,42.3548,1329,2/12/26,0,25.4
MIL_WEA,-77.315,42.3548,1329,2/13/26,0,17.6
MIL_WEA,-77.315,42.3548,1329,2/14/26,0,21.5
MIL_WEA,-77.315,42.3548,1329,2/15/26,0,28.7
MIL_WEA,-77.315,42.3548,1329,2/16/26,0,31.3
MIL_WEA,-77.315,42.3548,1329,2/17/26,0,41
MIL_WEA,-77.315,42.3548,1329,2/18/26,0.02,41
MIL_WEA,-77.315,42.3548,1329,2/19/26,0.34,32.6
MIL_WEA,-77.315,42.3548,1329,2/20/26,0.15,36.6
MIL_WEA,-77.315,42.3548,1329,2/21/26,0.15,36.7
MIL_WEA,-77.315,42.3548,1329,2/22/26,0.05,31.5
MIL_WEA,-77.315,42.3548,1329,2/23/26,0.17,29.9
MIL_WEA,-77.315,42.3548,1329,2/24/26,0.01,19.5
MIL_WEA,-77.315,42.3548,1329,2/25/26,0.07,18.6
MIL_WEA,-77.315,42.3548,1329,2/26/26,0,31.2
MIL_WEA,-77.315,42.3548,1329,2/27/26,0,24.8
MIL_WEA,-77.315,42.3548,1329,2/28/26,0,35.4
MIL_WEA,-77.315,42.3548,1329,3/1/26,0.03,36.1
MIL_WEA,-77.315,42.3548,1329,3/2/26,0,16.9
MIL_WEA,-77.315,42.3548,1329,3/3/26,0,19.8
MIL_WEA,-77.315,42.3548,1329,3/4/26,0.1,30.8
MIL_WEA,-77.315,42.3548,1329,3/5/26,0.03,40.8
MIL_WEA,-77.315,42.3548,1329,3/6/26,0.65,37.5
MIL_WEA,-77.315,42.3548,1329,3/7/26,0.02,42
MIL_WEA,-77.315,42.3548,1329,3/8/26,0.26,52.8
MIL_WEA,-77.315,42.3548,1329,3/9/26,0,47
MIL_WEA,-77.315,42.3548,1329,3/10/26,0,54
MIL_WEA,-77.315,42.3548,1329,3/11/26,0.02,57.7
MIL_WEA,-77.315,42.3548,1329,3/12/26,0.19,49.8
MIL_WEA,-77.315,42.3548,1329,3/13/26,0,26
MIL_WEA,-77.315,42.3548,1329,3/14/26,0.13,30.6
MIL_WEA,-77.315,42.3548,1329,3/15/26,0,30.2
MIL_WEA,-77.315,42.3548,1329,3/16/26,0.03,40.5
MIL_WEA,-77.315,42.3548,1329,3/17/26,0.57,41.9
MIL_WEA,-77.315,42.3548,1329,3/18/26,0,18.2
MIL_WEA,-77.315,42.3548,1329,3/19/26,0,23.1
MIL_WEA,-77.315,42.3548,1329,3/20/26,0,36.8
MIL_WEA,-77.315,42.3548,1329,3/21/26,0.32,39
MIL_WEA,-77.315,42.3548,1329,3/22/26,0,38.2
MIL_WEA,-77.315,42.3548,1329,3/23/26,0.31,40
MIL_WEA,-77.315,42.3548,1329,3/24/26,0,26.7
MIL_WEA,-77.315,42.3548,1329,3/25/26,0,33.4
MIL_WEA,-77.315,42.3548,1329,3/26/26,0.03,41.1
MIL_WEA,-77.315,42.3548,1329,3/27/26,0.93,48.4
MIL_WEA,-77.315,42.3548,1329,3/28/26,0,24.8
MIL_WEA,-77.315,42.3548,1329,3/29/26,0,26.9
MIL_WEA,-77.315,42.3548,1329,3/30/26,0,41.1
MIL_WEA,-77.315,42.3548,1329,3/31/26,0.13,53.6
MIL_WEA,-77.315,42.3548,1329,4/1/26,1.1,57.3
MIL_WEA,-77.315,42.3548,1329,4/2/26,0.53,39.4
MIL_WEA,-77.315,42.3548,1329,4/3/26,0.03,42.2
MIL_WEA,-77.315,42.3548,1329,4/4/26,0.23,55.4
MIL_WEA,-77.315,42.3548,1329,4/5/26,0.5,54.9
MIL_WEA,-77.315,42.3548,1329,4/6/26,0.01,40
MIL_WEA,-77.315,42.3548,1329,4/7/26,0.07,33.7
MIL_WEA,-77.315,42.3548,1329,4/8/26,0,23.5
MIL_WEA,-77.315,42.3548,1329,4/9/26,0,37.1
MIL_WEA,-77.315,42.3548,1329,4/10/26,0.04,52.3
MIL_WEA,-77.315,42.3548,1329,4/11/26,0.16,54.4
MIL_WEA,-77.315,42.3548,1329,4/12/26,0,39.6
MIL_WEA,-77.315,42.3548,1329,4/13/26,0.01,50.2
MIL_WEA,-77.315,42.3548,1329,4/14/26,0.04,64.2
MIL_WEA,-77.315,42.3548,1329,4/15/26,0.09,65.6
MIL_WEA,-77.315,42.3548,1329,4/16/26,0.4,68.6
MIL_WEA,-77.315,42.3548,1329,4/17/26,0.25,66.8
MIL_WEA,-77.315,42.3548,1329,4/18/26,0,56.5
MIL_WEA,-77.315,42.3548,1329,4/19/26,0.93,53
MIL_WEA,-77.315,42.3548,1329,4/20/26,0.17,34.3
MIL_WEA,-77.315,42.3548,1329,4/21/26,0,28.3
MIL_WEA,-77.315,42.3548,1329,4/22/26,0,40
MIL_WEA,-77.315,42.3548,1329,4/23/26,0,54.5
MIL_WEA,-77.315,42.3548,1329,4/24/26,0,52.5
MIL_WEA,-77.315,42.3548,1329,4/25/26,0.24,49.4
MIL_WEA,-77.315,42.3548,1329,4/26/26,0.85,41.2
MIL_WEA,-77.315,42.3548,1329,4/27/26,0,46.4
MIL_WEA,-77.315,42.3548,1329,4/28/26,0,56.2
MIL_WEA,-77.315,42.3548,1329,4/29/26,0.02,53.5
MIL_WEA,-77.315,42.3548,1329,4/30/26,0.81,47.7
MIL_WEA,-77.315,42.3548,1329,5/1/26,0.01,40.7
MIL_WEA,-77.315,42.3548,1329,5/2/26,0.2,39.6
MIL_WEA,-77.315,42.3548,1329,5/3/26,0,38
MIL_WEA,-77.315,42.3548,1329,5/4/26,0,45.8
MIL_WEA,-77.315,42.3548,1329,5/5/26,0.03,60.2
MIL_WEA,-77.315,42.3548,1329,5/6/26,0.46,56.7
MIL_WEA,-77.315,42.3548,1329,5/7/26,0.22,39.8
MIL_WEA,-77.315,42.3548,1329,5/8/26,0.02,43
MIL_WEA,-77.315,42.3548,1329,5/9/26,0.19,45.2
MIL_WEA,-77.315,42.3548,1329,5/10/26,0.2,52.5
MIL_WEA,-77.315,42.3548,1329,5/11/26,0,46.2
MIL_WEA,-77.315,42.3548,1329,5/12/26,0.01,42.3
MIL_WEA,-77.315,42.3548,1329,5/13/26,0.09,50.3
MIL_WEA,-77.315,42.3548,1329,5/14/26,0.2,53.9
MIL_WEA,-77.315,42.3548,1329,5/15/26,0.04,42.9
MIL_WEA,-77.315,42.3548,1329,5/16/26,0,52.8
MIL_WEA,-77.315,42.3548,1329,5/17/26,0,65
MIL_WEA,-77.315,42.3548,1329,5/18/26,0,71.1
MIL_WEA,-77.315,42.3548,1329,5/19/26,0,76.1
MIL_WEA,-77.315,42.3548,1329,5/20/26,0,74.6
MIL_WEA,-77.315,42.3548,1329,5/21/26,0,55.6
MIL_WEA,-77.315,42.3548,1329,5/22/26,0,48
MIL_WEA,-77.315,42.3548,1329,5/23/26,0.07,53.1
MIL_WEA,-77.315,42.3548,1329,5/24/26,0.81,45.9
MIL_WEA,-77.315,42.3548,1329,5/25/26,0.67,53.9
MIL_WEA,-77.315,42.3548,1329,5/26/26,0,60.4
MIL_WEA,-77.315,42.3548,1329,5/27/26,0,68.8
MIL_WEA,-77.315,42.3548,1329,5/28/26,0,65
MIL_WEA,-77.315,42.3548,1329,5/29/26,0,53.9
MIL_WEA,-77.315,42.3548,1329,5/30/26,0,58.8
MIL_WEA,-77.315,42.3548,1329,5/31/26,0,51.2
MIL_WEA,-77.315,42.3548,1329,6/1/26,0,57.3
MIL_WEA,-77.315,42.3548,1329,6/2/26,0,54.9
MIL_WEA,-77.315,42.3548,1329,6/3/26,0,58.8
MIL_WEA,-77.315,42.3548,1329,6/4/26,0,64.1
MIL_WEA,-77.315,42.3548,1329,6/5/26,0,68
MIL_WEA,-77.315,42.3548,1329,6/6/26,0,72.9
MIL_WEA,-77.315,42.3548,1329,6/7/26,0.22,68.9
MIL_WEA,-77.315,42.3548,1329,6/8/26,0,62.7
MIL_WEA,-77.315,42.3548,1329,6/9/26,0,66.1
MIL_WEA,-77.315,42.3548,1329,6/10/26,0.03,75.7
MIL_WEA,-77.315,42.3548,1329,6/11/26,0.02,73.7
MIL_WEA,-77.315,42.3548,1329,6/12/26,0.12,77.7
MIL_WEA,-77.315,42.3548,1329,6/13/26,0.03,69.3
MIL_WEA,-77.315,42.3548,1329,6/14/26,0,70.6
MIL_WEA,-77.315,42.3548,1329,6/15/26,0.89,61.6
MIL_WEA,-77.315,42.3548,1329,6/16/26,0,53.4
MIL_WEA,-77.315,42.3548,1329,6/17/26,0,62.6
MIL_WEA,-77.315,42.3548,1329,6/18/26,0.11,66.9
MIL_WEA,-77.315,42.3548,1329,6/19/26,0.46,66.9
MIL_WEA,-77.315,42.3548,1329,6/20/26,0.02,62.2
MIL_WEA,-77.315,42.3548,1329,6/21/26,0,61.5
MIL_WEA,-77.315,42.3548,1329,6/22/26,0.08,64.8
MIL_WEA,-77.315,42.3548,1329,6/23/26,0.86,57.8
MIL_WEA,-77.315,42.3548,1329,6/24/26,0,61.7
MIL_WEA,-77.315,42.3548,1329,6/25/26,0,64.8
MIL_WEA,-77.315,42.3548,1329,6/26/26,0.25,61.4
MIL_WEA,-77.315,42.3548,1329,6/27/26,0,68.1
MIL_WEA,-77.315,42.3548,1329,6/28/26,0,68.2
MIL_WEA,-77.315,42.3548,1329,6/29/26,0,70.9
MIL_WEA,-77.315,42.3548,1329,6/30/26,0,75
,,,,,,
MIL_ZIT_1,-78.8081,42.6886,915,1/1/26,0.56,18
MIL_ZIT_1,-78.8081,42.6886,915,1/2/26,0.27,15.6
MIL_ZIT_1,-78.8081,42.6886,915,1/3/26,0.02,19.8
MIL_ZIT_1,-78.8081,42.6886,915,1/4/26,0.09,20.8
MIL_ZIT_1,-78.8081,42.6886,915,1/5/26,0.02,24.4
MIL_ZIT_1,-78.8081,42.6886,915,1/6/26,0.01,30.4
MIL_ZIT_1,-78.8081,42.6886,915,1/7/26,0.57,36.5
MIL_ZIT_1,-78.8081,42.6886,915,1/8/26,0,34.8
MIL_ZIT_1,-78.8081,42.6886,915,1/9/26,0.01,43.6
MIL_ZIT_1,-78.8081,42.6886,915,1/10/26,0.24,45.3
MIL_ZIT_1,-78.8081,42.6886,915,1/11/26,0.24,36.6
MIL_ZIT_1,-78.8081,42.6886,915,1/12/26,0.06,27.8
MIL_ZIT_1,-78.8081,42.6886,915,1/13/26,0,31.7
MIL_ZIT_1,-78.8081,42.6886,915,1/14/26,0,36.9
MIL_ZIT_1,-78.8081,42.6886,915,1/15/26,0.41,28.1
MIL_ZIT_1,-78.8081,42.6886,915,1/16/26,0.21,14.8
MIL_ZIT_1,-78.8081,42.6886,915,1/17/26,0.02,23.8
MIL_ZIT_1,-78.8081,42.6886,915,1/18/26,0.05,26.9
MIL_ZIT_1,-78.8081,42.6886,915,1/19/26,0,16.4
MIL_ZIT_1,-78.8081,42.6886,915,1/20/26,0.65,14.8
MIL_ZIT_1,-78.8081,42.6886,915,1/21/26,0.09,9.6
MIL_ZIT_1,-78.8081,42.6886,915,1/22/26,0.33,21.7
MIL_ZIT_1,-78.8081,42.6886,915,1/23/26,0.26,21
MIL_ZIT_1,-78.8081,42.6886,915,1/24/26,0.01,4
MIL_ZIT_1,-78.8081,42.6886,915,1/25/26,0,2.1
MIL_ZIT_1,-78.8081,42.6886,915,1/26/26,0.65,8.2
MIL_ZIT_1,-78.8081,42.6886,915,1/27/26,0.07,9.4
MIL_ZIT_1,-78.8081,42.6886,915,1/28/26,0.1,9
MIL_ZIT_1,-78.8081,42.6886,915,1/29/26,0.07,9.6
MIL_ZIT_1,-78.8081,42.6886,915,1/30/26,0.08,4.5
MIL_ZIT_1,-78.8081,42.6886,915,1/31/26,0,4.8
MIL_ZIT_1,-78.8081,42.6886,915,2/1/26,0.04,7.9
MIL_ZIT_1,-78.8081,42.6886,915,2/2/26,0,7.6
MIL_ZIT_1,-78.8081,42.6886,915,2/3/26,0.02,15.5
MIL_ZIT_1,-78.8081,42.6886,915,2/4/26,0.08,16.4
MIL_ZIT_1,-78.8081,42.6886,915,2/5/26,0,11.8
MIL_ZIT_1,-78.8081,42.6886,915,2/6/26,0,12.6
MIL_ZIT_1,-78.8081,42.6886,915,2/7/26,0.12,10.9
MIL_ZIT_1,-78.8081,42.6886,915,2/8/26,0,1.1
MIL_ZIT_1,-78.8081,42.6886,915,2/9/26,0,-1.4
MIL_ZIT_1,-78.8081,42.6886,915,2/10/26,0,9.9
MIL_ZIT_1,-78.8081,42.6886,915,2/11/26,0.01,36.1
MIL_ZIT_1,-78.8081,42.6886,915,2/12/26,0.04,24.9
MIL_ZIT_1,-78.8081,42.6886,915,2/13/26,0.01,20.7
MIL_ZIT_1,-78.8081,42.6886,915,2/14/26,0,25.9
MIL_ZIT_1,-78.8081,42.6886,915,2/15/26,0,28.6
MIL_ZIT_1,-78.8081,42.6886,915,2/16/26,0,33.9
MIL_ZIT_1,-78.8081,42.6886,915,2/17/26,0,37.7
MIL_ZIT_1,-78.8081,42.6886,915,2/18/26,0.03,37.8
MIL_ZIT_1,-78.8081,42.6886,915,2/19/26,0.4,34.7
MIL_ZIT_1,-78.8081,42.6886,915,2/20/26,0.11,40.1
MIL_ZIT_1,-78.8081,42.6886,915,2/21/26,0.22,39.7
MIL_ZIT_1,-78.8081,42.6886,915,2/22/26,0.08,29.7
MIL_ZIT_1,-78.8081,42.6886,915,2/23/26,0.1,29.2
MIL_ZIT_1,-78.8081,42.6886,915,2/24/26,0.13,19.5
MIL_ZIT_1,-78.8081,42.6886,915,2/25/26,0.08,20.7
MIL_ZIT_1,-78.8081,42.6886,915,2/26/26,0.02,28
MIL_ZIT_1,-78.8081,42.6886,915,2/27/26,0,21.3
MIL_ZIT_1,-78.8081,42.6886,915,2/28/26,0.01,35.4
MIL_ZIT_1,-78.8081,42.6886,915,3/1/26,0.03,32.2
MIL_ZIT_1,-78.8081,42.6886,915,3/2/26,0,17.3
MIL_ZIT_1,-78.8081,42.6886,915,3/3/26,0,20.5
MIL_ZIT_1,-78.8081,42.6886,915,3/4/26,0.05,32.7
MIL_ZIT_1,-78.8081,42.6886,915,3/5/26,0,41.5
MIL_ZIT_1,-78.8081,42.6886,915,3/6/26,0.83,37.7
MIL_ZIT_1,-78.8081,42.6886,915,3/7/26,0.25,46.6
MIL_ZIT_1,-78.8081,42.6886,915,3/8/26,0.17,54.2
MIL_ZIT_1,-78.8081,42.6886,915,3/9/26,0,43
MIL_ZIT_1,-78.8081,42.6886,915,3/10/26,0,56.4
MIL_ZIT_1,-78.8081,42.6886,915,3/11/26,0.42,54.2
MIL_ZIT_1,-78.8081,42.6886,915,3/12/26,0.64,47.9
MIL_ZIT_1,-78.8081,42.6886,915,3/13/26,0,29.3
MIL_ZIT_1,-78.8081,42.6886,915,3/14/26,0.2,35
MIL_ZIT_1,-78.8081,42.6886,915,3/15/26,0,29.4
MIL_ZIT_1,-78.8081,42.6886,915,3/16/26,0,44.7
MIL_ZIT_1,-78.8081,42.6886,915,3/17/26,0.33,39.1
MIL_ZIT_1,-78.8081,42.6886,915,3/18/26,0,19.2
MIL_ZIT_1,-78.8081,42.6886,915,3/19/26,0,26.9
MIL_ZIT_1,-78.8081,42.6886,915,3/20/26,0,36
MIL_ZIT_1,-78.8081,42.6886,915,3/21/26,0.74,39.6
MIL_ZIT_1,-78.8081,42.6886,915,3/22/26,0,42.8
MIL_ZIT_1,-78.8081,42.6886,915,3/23/26,0.32,40.3
MIL_ZIT_1,-78.8081,42.6886,915,3/24/26,0.03,27.5
MIL_ZIT_1,-78.8081,42.6886,915,3/25/26,0,29.2
MIL_ZIT_1,-78.8081,42.6886,915,3/26/26,0.02,42.8
MIL_ZIT_1,-78.8081,42.6886,915,3/27/26,1.07,42.9
MIL_ZIT_1,-78.8081,42.6886,915,3/28/26,0,27
MIL_ZIT_1,-78.8081,42.6886,915,3/29/26,0,28.9
MIL_ZIT_1,-78.8081,42.6886,915,3/30/26,0,42.4
MIL_ZIT_1,-78.8081,42.6886,915,3/31/26,0.26,57.2
MIL_ZIT_1,-78.8081,42.6886,915,4/1/26,2.09,52.9
MIL_ZIT_1,-78.8081,42.6886,915,4/2/26,0.07,36.9
MIL_ZIT_1,-78.8081,42.6886,915,4/3/26,0.15,50.5
MIL_ZIT_1,-78.8081,42.6886,915,4/4/26,0,55.8
MIL_ZIT_1,-78.8081,42.6886,915,4/5/26,0.67,57.9
MIL_ZIT_1,-78.8081,42.6886,915,4/6/26,0,37.2
MIL_ZIT_1,-78.8081,42.6886,915,4/7/26,0.04,34.5
MIL_ZIT_1,-78.8081,42.6886,915,4/8/26,0,26.7
MIL_ZIT_1,-78.8081,42.6886,915,4/9/26,0,40.8
MIL_ZIT_1,-78.8081,42.6886,915,4/10/26,0.02,58.4
MIL_ZIT_1,-78.8081,42.6886,915,4/11/26,0.06,48.8
MIL_ZIT_1,-78.8081,42.6886,915,4/12/26,0,39.3
MIL_ZIT_1,-78.8081,42.6886,915,4/13/26,0.05,55.9
MIL_ZIT_1,-78.8081,42.6886,915,4/14/26,0.13,59.8
MIL_ZIT_1,-78.8081,42.6886,915,4/15/26,0.2,63.6
MIL_ZIT_1,-78.8081,42.6886,915,4/16/26,0.53,63.7
MIL_ZIT_1,-78.8081,42.6886,915,4/17/26,0.35,61.5
MIL_ZIT_1,-78.8081,42.6886,915,4/18/26,0,57.8
MIL_ZIT_1,-78.8081,42.6886,915,4/19/26,0.9,59.6
MIL_ZIT_1,-78.8081,42.6886,915,4/20/26,0.05,36.4
MIL_ZIT_1,-78.8081,42.6886,915,4/21/26,0,32.9
MIL_ZIT_1,-78.8081,42.6886,915,4/22/26,0,46.3
MIL_ZIT_1,-78.8081,42.6886,915,4/23/26,0,53
MIL_ZIT_1,-78.8081,42.6886,915,4/24/26,0.07,57.3
MIL_ZIT_1,-78.8081,42.6886,915,4/25/26,0.48,51.9
MIL_ZIT_1,-78.8081,42.6886,915,4/26/26,0.48,45.4
MIL_ZIT_1,-78.8081,42.6886,915,4/27/26,0,50.4
MIL_ZIT_1,-78.8081,42.6886,915,4/28/26,0,61.8
MIL_ZIT_1,-78.8081,42.6886,915,4/29/26,0.03,56.6
MIL_ZIT_1,-78.8081,42.6886,915,4/30/26,0.75,46.9
MIL_ZIT_1,-78.8081,42.6886,915,5/1/26,0.06,40.7
MIL_ZIT_1,-78.8081,42.6886,915,5/2/26,0.04,38.7
MIL_ZIT_1,-78.8081,42.6886,915,5/3/26,0,39.2
MIL_ZIT_1,-78.8081,42.6886,915,5/4/26,0,47.6
MIL_ZIT_1,-78.8081,42.6886,915,5/5/26,0.11,61.8
MIL_ZIT_1,-78.8081,42.6886,915,5/6/26,1.03,55.5
MIL_ZIT_1,-78.8081,42.6886,915,5/7/26,0.04,44.7
MIL_ZIT_1,-78.8081,42.6886,915,5/8/26,0.07,46.4
MIL_ZIT_1,-78.8081,42.6886,915,5/9/26,0.01,47.9
MIL_ZIT_1,-78.8081,42.6886,915,5/10/26,0.38,53.6
MIL_ZIT_1,-78.8081,42.6886,915,5/11/26,0,45.5
MIL_ZIT_1,-78.8081,42.6886,915,5/12/26,0,43.6
MIL_ZIT_1,-78.8081,42.6886,915,5/13/26,0.21,50.1
MIL_ZIT_1,-78.8081,42.6886,915,5/14/26,0.06,52.7
MIL_ZIT_1,-78.8081,42.6886,915,5/15/26,0.09,46.1
MIL_ZIT_1,-78.8081,42.6886,915,5/16/26,0,54.3
MIL_ZIT_1,-78.8081,42.6886,915,5/17/26,0.28,65.9
MIL_ZIT_1,-78.8081,42.6886,915,5/18/26,0,70.5
MIL_ZIT_1,-78.8081,42.6886,915,5/19/26,0.07,75.4
MIL_ZIT_1,-78.8081,42.6886,915,5/20/26,0.33,70
MIL_ZIT_1,-78.8081,42.6886,915,5/21/26,0,51.3
MIL_ZIT_1,-78.8081,42.6886,915,5/22/26,0,51.9
MIL_ZIT_1,-78.8081,42.6886,915,5/23/26,0.05,56.8
MIL_ZIT_1,-78.8081,42.6886,915,5/24/26,0.93,51.3
MIL_ZIT_1,-78.8081,42.6886,915,5/25/26,0.68,61.9
MIL_ZIT_1,-78.8081,42.6886,915,5/26/26,0,59.4
MIL_ZIT_1,-78.8081,42.6886,915,5/27/26,0,67.4
MIL_ZIT_1,-78.8081,42.6886,915,5/28/26,0,62.1
MIL_ZIT_1,-78.8081,42.6886,915,5/29/26,0,57.5
MIL_ZIT_1,-78.8081,42.6886,915,5/30/26,0,56.9
MIL_ZIT_1,-78.8081,42.6886,915,5/31/26,0,55.3
MIL_ZIT_1,-78.8081,42.6886,915,6/1/26,0,57.5
MIL_ZIT_1,-78.8081,42.6886,915,6/2/26,0,57.1
MIL_ZIT_1,-78.8081,42.6886,915,6/3/26,0,60.5
MIL_ZIT_1,-78.8081,42.6886,915,6/4/26,0,63.4
MIL_ZIT_1,-78.8081,42.6886,915,6/5/26,0,67
MIL_ZIT_1,-78.8081,42.6886,915,6/6/26,0.34,71.3
MIL_ZIT_1,-78.8081,42.6886,915,6/7/26,0.02,67.2
MIL_ZIT_1,-78.8081,42.6886,915,6/8/26,0,63.6
MIL_ZIT_1,-78.8081,42.6886,915,6/9/26,0,72.3
MIL_ZIT_1,-78.8081,42.6886,915,6/10/26,0.12,76.9
MIL_ZIT_1,-78.8081,42.6886,915,6/11/26,0,72.4
MIL_ZIT_1,-78.8081,42.6886,915,6/12/26,0.42,76.2
MIL_ZIT_1,-78.8081,42.6886,915,6/13/26,0,67.7
MIL_ZIT_1,-78.8081,42.6886,915,6/14/26,0.08,71.6
MIL_ZIT_1,-78.8081,42.6886,915,6/15/26,2.05,63.6
MIL_ZIT_1,-78.8081,42.6886,915,6/16/26,0,56.6
MIL_ZIT_1,-78.8081,42.6886,915,6/17/26,0.08,63.9
MIL_ZIT_1,-78.8081,42.6886,915,6/18/26,0.62,65.8
MIL_ZIT_1,-78.8081,42.6886,915,6/19/26,0.2,64.9
MIL_ZIT_1,-78.8081,42.6886,915,6/20/26,0,62.6
MIL_ZIT_1,-78.8081,42.6886,915,6/21/26,0,63.8
MIL_ZIT_1,-78.8081,42.6886,915,6/22/26,0.28,64.9
MIL_ZIT_1,-78.8081,42.6886,915,6/23/26,0.31,59
MIL_ZIT_1,-78.8081,42.6886,915,6/24/26,0,62.4
MIL_ZIT_1,-78.8081,42.6886,915,6/25/26,0.03,65.3
MIL_ZIT_1,-78.8081,42.6886,915,6/26/26,0.55,63.6
MIL_ZIT_1,-78.8081,42.6886,915,6/27/26,0,63.3
MIL_ZIT_1,-78.8081,42.6886,915,6/28/26,0,70.3
MIL_ZIT_1,-78.8081,42.6886,915,6/29/26,0,74
MIL_ZIT_1,-78.8081,42.6886,915,6/30/26,0,78
,,,,,,
MIL_ZIT_2,-78.8072,42.6797,974,1/1/26,0.57,17.6
MIL_ZIT_2,-78.8072,42.6797,974,1/2/26,0.32,15.3
MIL_ZIT_2,-78.8072,42.6797,974,1/3/26,0.03,19.6
MIL_ZIT_2,-78.8072,42.6797,974,1/4/26,0.09,20.7
MIL_ZIT_2,-78.8072,42.6797,974,1/5/26,0.02,24.2
MIL_ZIT_2,-78.8072,42.6797,974,1/6/26,0.01,30.3
MIL_ZIT_2,-78.8072,42.6797,974,1/7/26,0.57,36.4
MIL_ZIT_2,-78.8072,42.6797,974,1/8/26,0,34.7
MIL_ZIT_2,-78.8072,42.6797,974,1/9/26,0.01,43.6
MIL_ZIT_2,-78.8072,42.6797,974,1/10/26,0.26,45.1
MIL_ZIT_2,-78.8072,42.6797,974,1/11/26,0.25,36.5
MIL_ZIT_2,-78.8072,42.6797,974,1/12/26,0.06,27.6
MIL_ZIT_2,-78.8072,42.6797,974,1/13/26,0,31.5
MIL_ZIT_2,-78.8072,42.6797,974,1/14/26,0,36.7
MIL_ZIT_2,-78.8072,42.6797,974,1/15/26,0.42,28
MIL_ZIT_2,-78.8072,42.6797,974,1/16/26,0.23,14.7
MIL_ZIT_2,-78.8072,42.6797,974,1/17/26,0.03,23.7
MIL_ZIT_2,-78.8072,42.6797,974,1/18/26,0.05,26.6
MIL_ZIT_2,-78.8072,42.6797,974,1/19/26,0,16.1
MIL_ZIT_2,-78.8072,42.6797,974,1/20/26,0.68,14.4
MIL_ZIT_2,-78.8072,42.6797,974,1/21/26,0.09,9.1
MIL_ZIT_2,-78.8072,42.6797,974,1/22/26,0.34,21.2
MIL_ZIT_2,-78.8072,42.6797,974,1/23/26,0.28,20.8
MIL_ZIT_2,-78.8072,42.6797,974,1/24/26,0.02,3.8
MIL_ZIT_2,-78.8072,42.6797,974,1/25/26,0,1.9
MIL_ZIT_2,-78.8072,42.6797,974,1/26/26,0.67,8.1
MIL_ZIT_2,-78.8072,42.6797,974,1/27/26,0.07,9.1
MIL_ZIT_2,-78.8072,42.6797,974,1/28/26,0.1,8.7
MIL_ZIT_2,-78.8072,42.6797,974,1/29/26,0.07,9.4
MIL_ZIT_2,-78.8072,42.6797,974,1/30/26,0.07,4.4
MIL_ZIT_2,-78.8072,42.6797,974,1/31/26,0,4.8
MIL_ZIT_2,-78.8072,42.6797,974,2/1/26,0.04,7.8
MIL_ZIT_2,-78.8072,42.6797,974,2/2/26,0,7.6
MIL_ZIT_2,-78.8072,42.6797,974,2/3/26,0.02,15.3
MIL_ZIT_2,-78.8072,42.6797,974,2/4/26,0.08,16.1
MIL_ZIT_2,-78.8072,42.6797,974,2/5/26,0,11.8
MIL_ZIT_2,-78.8072,42.6797,974,2/6/26,0,12.5
MIL_ZIT_2,-78.8072,42.6797,974,2/7/26,0.12,10.6
MIL_ZIT_2,-78.8072,42.6797,974,2/8/26,0,1
MIL_ZIT_2,-78.8072,42.6797,974,2/9/26,0,-1.5
MIL_ZIT_2,-78.8072,42.6797,974,2/10/26,0,10
MIL_ZIT_2,-78.8072,42.6797,974,2/11/26,0.01,36
MIL_ZIT_2,-78.8072,42.6797,974,2/12/26,0.05,24.8
MIL_ZIT_2,-78.8072,42.6797,974,2/13/26,0.01,20.6
MIL_ZIT_2,-78.8072,42.6797,974,2/14/26,0,25.7
MIL_ZIT_2,-78.8072,42.6797,974,2/15/26,0,28.8
MIL_ZIT_2,-78.8072,42.6797,974,2/16/26,0,34.1
MIL_ZIT_2,-78.8072,42.6797,974,2/17/26,0,38.1
MIL_ZIT_2,-78.8072,42.6797,974,2/18/26,0.03,37.9
MIL_ZIT_2,-78.8072,42.6797,974,2/19/26,0.42,34.8
MIL_ZIT_2,-78.8072,42.6797,974,2/20/26,0.11,40.2
MIL_ZIT_2,-78.8072,42.6797,974,2/21/26,0.23,39.6
MIL_ZIT_2,-78.8072,42.6797,974,2/22/26,0.09,29.6
MIL_ZIT_2,-78.8072,42.6797,974,2/23/26,0.11,29.1
MIL_ZIT_2,-78.8072,42.6797,974,2/24/26,0.14,19.3
MIL_ZIT_2,-78.8072,42.6797,974,2/25/26,0.08,20.6
MIL_ZIT_2,-78.8072,42.6797,974,2/26/26,0.02,27.9
MIL_ZIT_2,-78.8072,42.6797,974,2/27/26,0,21.2
MIL_ZIT_2,-78.8072,42.6797,974,2/28/26,0.01,35.4
MIL_ZIT_2,-78.8072,42.6797,974,3/1/26,0.03,32.1
MIL_ZIT_2,-78.8072,42.6797,974,3/2/26,0,17.1
MIL_ZIT_2,-78.8072,42.6797,974,3/3/26,0,20.3
MIL_ZIT_2,-78.8072,42.6797,974,3/4/26,0.06,32.6
MIL_ZIT_2,-78.8072,42.6797,974,3/5/26,0,41.3
MIL_ZIT_2,-78.8072,42.6797,974,3/6/26,0.83,37.5
MIL_ZIT_2,-78.8072,42.6797,974,3/7/26,0.25,46.4
MIL_ZIT_2,-78.8072,42.6797,974,3/8/26,0.15,54.1
MIL_ZIT_2,-78.8072,42.6797,974,3/9/26,0,42.9
MIL_ZIT_2,-78.8072,42.6797,974,3/10/26,0,56.4
MIL_ZIT_2,-78.8072,42.6797,974,3/11/26,0.43,54.3
MIL_ZIT_2,-78.8072,42.6797,974,3/12/26,0.68,47.9
MIL_ZIT_2,-78.8072,42.6797,974,3/13/26,0,29.1
MIL_ZIT_2,-78.8072,42.6797,974,3/14/26,0.22,35
MIL_ZIT_2,-78.8072,42.6797,974,3/15/26,0,29.3
MIL_ZIT_2,-78.8072,42.6797,974,3/16/26,0,44.6
MIL_ZIT_2,-78.8072,42.6797,974,3/17/26,0.34,38.9
MIL_ZIT_2,-78.8072,42.6797,974,3/18/26,0,19
MIL_ZIT_2,-78.8072,42.6797,974,3/19/26,0,26.6
MIL_ZIT_2,-78.8072,42.6797,974,3/20/26,0,35.8
MIL_ZIT_2,-78.8072,42.6797,974,3/21/26,0.75,39.4
MIL_ZIT_2,-78.8072,42.6797,974,3/22/26,0,42.6
MIL_ZIT_2,-78.8072,42.6797,974,3/23/26,0.33,40.2
MIL_ZIT_2,-78.8072,42.6797,974,3/24/26,0.03,27.3
MIL_ZIT_2,-78.8072,42.6797,974,3/25/26,0,29
MIL_ZIT_2,-78.8072,42.6797,974,3/26/26,0.02,42.7
MIL_ZIT_2,-78.8072,42.6797,974,3/27/26,1.09,42.9
MIL_ZIT_2,-78.8072,42.6797,974,3/28/26,0,27
MIL_ZIT_2,-78.8072,42.6797,974,3/29/26,0,28.7
MIL_ZIT_2,-78.8072,42.6797,974,3/30/26,0,42.4
MIL_ZIT_2,-78.8072,42.6797,974,3/31/26,0.26,57.2
MIL_ZIT_2,-78.8072,42.6797,974,4/1/26,2.08,52.7
MIL_ZIT_2,-78.8072,42.6797,974,4/2/26,0.08,36.8
MIL_ZIT_2,-78.8072,42.6797,974,4/3/26,0.15,50.4
MIL_ZIT_2,-78.8072,42.6797,974,4/4/26,0,55.7
MIL_ZIT_2,-78.8072,42.6797,974,4/5/26,0.68,57.8
MIL_ZIT_2,-78.8072,42.6797,974,4/6/26,0,37.1
MIL_ZIT_2,-78.8072,42.6797,974,4/7/26,0.04,34.2
MIL_ZIT_2,-78.8072,42.6797,974,4/8/26,0,26.5
MIL_ZIT_2,-78.8072,42.6797,974,4/9/26,0,40.5
MIL_ZIT_2,-78.8072,42.6797,974,4/10/26,0.03,58.2
MIL_ZIT_2,-78.8072,42.6797,974,4/11/26,0.07,48.7
MIL_ZIT_2,-78.8072,42.6797,974,4/12/26,0,39
MIL_ZIT_2,-78.8072,42.6797,974,4/13/26,0.05,55.8
MIL_ZIT_2,-78.8072,42.6797,974,4/14/26,0.13,59.7
MIL_ZIT_2,-78.8072,42.6797,974,4/15/26,0.21,63.6
MIL_ZIT_2,-78.8072,42.6797,974,4/16/26,0.55,63.7
MIL_ZIT_2,-78.8072,42.6797,974,4/17/26,0.37,61.3
MIL_ZIT_2,-78.8072,42.6797,974,4/18/26,0,57.6
MIL_ZIT_2,-78.8072,42.6797,974,4/19/26,0.89,59.5
MIL_ZIT_2,-78.8072,42.6797,974,4/20/26,0.05,36.2
MIL_ZIT_2,-78.8072,42.6797,974,4/21/26,0,32.6
MIL_ZIT_2,-78.8072,42.6797,974,4/22/26,0,46.1
MIL_ZIT_2,-78.8072,42.6797,974,4/23/26,0,52.8
MIL_ZIT_2,-78.8072,42.6797,974,4/24/26,0.07,57
MIL_ZIT_2,-78.8072,42.6797,974,4/25/26,0.47,51.9
MIL_ZIT_2,-78.8072,42.6797,974,4/26/26,0.49,45.4
MIL_ZIT_2,-78.8072,42.6797,974,4/27/26,0,50.3
MIL_ZIT_2,-78.8072,42.6797,974,4/28/26,0,61.5
MIL_ZIT_2,-78.8072,42.6797,974,4/29/26,0.03,56.5
MIL_ZIT_2,-78.8072,42.6797,974,4/30/26,0.76,46.7
MIL_ZIT_2,-78.8072,42.6797,974,5/1/26,0.06,40.5
MIL_ZIT_2,-78.8072,42.6797,974,5/2/26,0.05,38.4
MIL_ZIT_2,-78.8072,42.6797,974,5/3/26,0,39
MIL_ZIT_2,-78.8072,42.6797,974,5/4/26,0,47.4
MIL_ZIT_2,-78.8072,42.6797,974,5/5/26,0.11,61.6
MIL_ZIT_2,-78.8072,42.6797,974,5/6/26,1.05,55.4
MIL_ZIT_2,-78.8072,42.6797,974,5/7/26,0.04,44.4
MIL_ZIT_2,-78.8072,42.6797,974,5/8/26,0.07,46.2
MIL_ZIT_2,-78.8072,42.6797,974,5/9/26,0.01,47.7
MIL_ZIT_2,-78.8072,42.6797,974,5/10/26,0.38,53.4
MIL_ZIT_2,-78.8072,42.6797,974,5/11/26,0,45.2
MIL_ZIT_2,-78.8072,42.6797,974,5/12/26,0,43.4
MIL_ZIT_2,-78.8072,42.6797,974,5/13/26,0.22,49.9
MIL_ZIT_2,-78.8072,42.6797,974,5/14/26,0.08,52.4
MIL_ZIT_2,-78.8072,42.6797,974,5/15/26,0.1,45.8
MIL_ZIT_2,-78.8072,42.6797,974,5/16/26,0,54.1
MIL_ZIT_2,-78.8072,42.6797,974,5/17/26,0.28,65.6
MIL_ZIT_2,-78.8072,42.6797,974,5/18/26,0,70.4
MIL_ZIT_2,-78.8072,42.6797,974,5/19/26,0.07,75.3
MIL_ZIT_2,-78.8072,42.6797,974,5/20/26,0.36,69.8
MIL_ZIT_2,-78.8072,42.6797,974,5/21/26,0,51
MIL_ZIT_2,-78.8072,42.6797,974,5/22/26,0,51.6
MIL_ZIT_2,-78.8072,42.6797,974,5/23/26,0.05,56.6
MIL_ZIT_2,-78.8072,42.6797,974,5/24/26,0.92,51.1
MIL_ZIT_2,-78.8072,42.6797,974,5/25/26,0.68,61.7
MIL_ZIT_2,-78.8072,42.6797,974,5/26/26,0,59.2
MIL_ZIT_2,-78.8072,42.6797,974,5/27/26,0,67.2
MIL_ZIT_2,-78.8072,42.6797,974,5/28/26,0,61.8
MIL_ZIT_2,-78.8072,42.6797,974,5/29/26,0,57.2
MIL_ZIT_2,-78.8072,42.6797,974,5/30/26,0,56.7
MIL_ZIT_2,-78.8072,42.6797,974,5/31/26,0,55
MIL_ZIT_2,-78.8072,42.6797,974,6/1/26,0,57.3
MIL_ZIT_2,-78.8072,42.6797,974,6/2/26,0,56.8
MIL_ZIT_2,-78.8072,42.6797,974,6/3/26,0,60.3
MIL_ZIT_2,-78.8072,42.6797,974,6/4/26,0,63.3
MIL_ZIT_2,-78.8072,42.6797,974,6/5/26,0,66.9
MIL_ZIT_2,-78.8072,42.6797,974,6/6/26,0.36,71.2
MIL_ZIT_2,-78.8072,42.6797,974,6/7/26,0.02,67
MIL_ZIT_2,-78.8072,42.6797,974,6/8/26,0,63.4
MIL_ZIT_2,-78.8072,42.6797,974,6/9/26,0,72.2
MIL_ZIT_2,-78.8072,42.6797,974,6/10/26,0.11,76.7
MIL_ZIT_2,-78.8072,42.6797,974,6/11/26,0,72.4
MIL_ZIT_2,-78.8072,42.6797,974,6/12/26,0.45,76
MIL_ZIT_2,-78.8072,42.6797,974,6/13/26,0,67.5
MIL_ZIT_2,-78.8072,42.6797,974,6/14/26,0.08,71.4
MIL_ZIT_2,-78.8072,42.6797,974,6/15/26,2,63.4
MIL_ZIT_2,-78.8072,42.6797,974,6/16/26,0,56.3
MIL_ZIT_2,-78.8072,42.6797,974,6/17/26,0.08,63.7
MIL_ZIT_2,-78.8072,42.6797,974,6/18/26,0.61,65.4
MIL_ZIT_2,-78.8072,42.6797,974,6/19/26,0.2,64.8
MIL_ZIT_2,-78.8072,42.6797,974,6/20/26,0,62.4
MIL_ZIT_2,-78.8072,42.6797,974,6/21/26,0,63.6
MIL_ZIT_2,-78.8072,42.6797,974,6/22/26,0.3,64.7
MIL_ZIT_2,-78.8072,42.6797,974,6/23/26,0.32,58.8
MIL_ZIT_2,-78.8072,42.6797,974,6/24/26,0,62.1
MIL_ZIT_2,-78.8072,42.6797,974,6/25/26,0.04,65.1
MIL_ZIT_2,-78.8072,42.6797,974,6/26/26,0.55,63.5
MIL_ZIT_2,-78.8072,42.6797,974,6/27/26,0,63.2
MIL_ZIT_2,-78.8072,42.6797,974,6/28/26,0,70
MIL_ZIT_2,-78.8072,42.6797,974,6/29/26,0,73.8
MIL_ZIT_2,-78.8072,42.6797,974,6/30/26,0,77.8
,,,,,,
MIL_ZIT_3,-78.8103,42.6891,915,1/1/26,0.56,18
MIL_ZIT_3,-78.8103,42.6891,915,1/2/26,0.27,15.6
MIL_ZIT_3,-78.8103,42.6891,915,1/3/26,0.02,19.8
MIL_ZIT_3,-78.8103,42.6891,915,1/4/26,0.09,20.8
MIL_ZIT_3,-78.8103,42.6891,915,1/5/26,0.02,24.4
MIL_ZIT_3,-78.8103,42.6891,915,1/6/26,0.01,30.4
MIL_ZIT_3,-78.8103,42.6891,915,1/7/26,0.57,36.5
MIL_ZIT_3,-78.8103,42.6891,915,1/8/26,0,34.8
MIL_ZIT_3,-78.8103,42.6891,915,1/9/26,0.01,43.6
MIL_ZIT_3,-78.8103,42.6891,915,1/10/26,0.24,45.3
MIL_ZIT_3,-78.8103,42.6891,915,1/11/26,0.24,36.6
MIL_ZIT_3,-78.8103,42.6891,915,1/12/26,0.06,27.8
MIL_ZIT_3,-78.8103,42.6891,915,1/13/26,0,31.7
MIL_ZIT_3,-78.8103,42.6891,915,1/14/26,0,36.9
MIL_ZIT_3,-78.8103,42.6891,915,1/15/26,0.41,28.1
MIL_ZIT_3,-78.8103,42.6891,915,1/16/26,0.21,14.8
MIL_ZIT_3,-78.8103,42.6891,915,1/17/26,0.02,23.8
MIL_ZIT_3,-78.8103,42.6891,915,1/18/26,0.05,26.9
MIL_ZIT_3,-78.8103,42.6891,915,1/19/26,0,16.4
MIL_ZIT_3,-78.8103,42.6891,915,1/20/26,0.65,14.8
MIL_ZIT_3,-78.8103,42.6891,915,1/21/26,0.09,9.6
MIL_ZIT_3,-78.8103,42.6891,915,1/22/26,0.33,21.7
MIL_ZIT_3,-78.8103,42.6891,915,1/23/26,0.26,21
MIL_ZIT_3,-78.8103,42.6891,915,1/24/26,0.01,4
MIL_ZIT_3,-78.8103,42.6891,915,1/25/26,0,2.1
MIL_ZIT_3,-78.8103,42.6891,915,1/26/26,0.65,8.2
MIL_ZIT_3,-78.8103,42.6891,915,1/27/26,0.07,9.4
MIL_ZIT_3,-78.8103,42.6891,915,1/28/26,0.1,9
MIL_ZIT_3,-78.8103,42.6891,915,1/29/26,0.07,9.6
MIL_ZIT_3,-78.8103,42.6891,915,1/30/26,0.08,4.5
MIL_ZIT_3,-78.8103,42.6891,915,1/31/26,0,4.8
MIL_ZIT_3,-78.8103,42.6891,915,2/1/26,0.04,7.9
MIL_ZIT_3,-78.8103,42.6891,915,2/2/26,0,7.6
MIL_ZIT_3,-78.8103,42.6891,915,2/3/26,0.02,15.5
MIL_ZIT_3,-78.8103,42.6891,915,2/4/26,0.08,16.4
MIL_ZIT_3,-78.8103,42.6891,915,2/5/26,0,11.8
MIL_ZIT_3,-78.8103,42.6891,915,2/6/26,0,12.6
MIL_ZIT_3,-78.8103,42.6891,915,2/7/26,0.12,10.9
MIL_ZIT_3,-78.8103,42.6891,915,2/8/26,0,1.1
MIL_ZIT_3,-78.8103,42.6891,915,2/9/26,0,-1.4
MIL_ZIT_3,-78.8103,42.6891,915,2/10/26,0,9.9
MIL_ZIT_3,-78.8103,42.6891,915,2/11/26,0.01,36.1
MIL_ZIT_3,-78.8103,42.6891,915,2/12/26,0.04,24.9
MIL_ZIT_3,-78.8103,42.6891,915,2/13/26,0.01,20.7
MIL_ZIT_3,-78.8103,42.6891,915,2/14/26,0,25.9
MIL_ZIT_3,-78.8103,42.6891,915,2/15/26,0,28.6
MIL_ZIT_3,-78.8103,42.6891,915,2/16/26,0,33.9
MIL_ZIT_3,-78.8103,42.6891,915,2/17/26,0,37.7
MIL_ZIT_3,-78.8103,42.6891,915,2/18/26,0.03,37.8
MIL_ZIT_3,-78.8103,42.6891,915,2/19/26,0.4,34.7
MIL_ZIT_3,-78.8103,42.6891,915,2/20/26,0.11,40.1
MIL_ZIT_3,-78.8103,42.6891,915,2/21/26,0.22,39.7
MIL_ZIT_3,-78.8103,42.6891,915,2/22/26,0.08,29.7
MIL_ZIT_3,-78.8103,42.6891,915,2/23/26,0.1,29.2
MIL_ZIT_3,-78.8103,42.6891,915,2/24/26,0.13,19.5
MIL_ZIT_3,-78.8103,42.6891,915,2/25/26,0.08,20.7
MIL_ZIT_3,-78.8103,42.6891,915,2/26/26,0.02,28
MIL_ZIT_3,-78.8103,42.6891,915,2/27/26,0,21.3
MIL_ZIT_3,-78.8103,42.6891,915,2/28/26,0.01,35.4
MIL_ZIT_3,-78.8103,42.6891,915,3/1/26,0.03,32.2
MIL_ZIT_3,-78.8103,42.6891,915,3/2/26,0,17.3
MIL_ZIT_3,-78.8103,42.6891,915,3/3/26,0,20.5
MIL_ZIT_3,-78.8103,42.6891,915,3/4/26,0.05,32.7
MIL_ZIT_3,-78.8103,42.6891,915,3/5/26,0,41.5
MIL_ZIT_3,-78.8103,42.6891,915,3/6/26,0.83,37.7
MIL_ZIT_3,-78.8103,42.6891,915,3/7/26,0.25,46.6
MIL_ZIT_3,-78.8103,42.6891,915,3/8/26,0.17,54.2
MIL_ZIT_3,-78.8103,42.6891,915,3/9/26,0,43
MIL_ZIT_3,-78.8103,42.6891,915,3/10/26,0,56.4
MIL_ZIT_3,-78.8103,42.6891,915,3/11/26,0.42,54.2
MIL_ZIT_3,-78.8103,42.6891,915,3/12/26,0.64,47.9
MIL_ZIT_3,-78.8103,42.6891,915,3/13/26,0,29.3
MIL_ZIT_3,-78.8103,42.6891,915,3/14/26,0.2,35
MIL_ZIT_3,-78.8103,42.6891,915,3/15/26,0,29.4
MIL_ZIT_3,-78.8103,42.6891,915,3/16/26,0,44.7
MIL_ZIT_3,-78.8103,42.6891,915,3/17/26,0.33,39.1
MIL_ZIT_3,-78.8103,42.6891,915,3/18/26,0,19.2
MIL_ZIT_3,-78.8103,42.6891,915,3/19/26,0,26.9
MIL_ZIT_3,-78.8103,42.6891,915,3/20/26,0,36
MIL_ZIT_3,-78.8103,42.6891,915,3/21/26,0.74,39.6
MIL_ZIT_3,-78.8103,42.6891,915,3/22/26,0,42.8
MIL_ZIT_3,-78.8103,42.6891,915,3/23/26,0.32,40.3
MIL_ZIT_3,-78.8103,42.6891,915,3/24/26,0.03,27.5
MIL_ZIT_3,-78.8103,42.6891,915,3/25/26,0,29.2
MIL_ZIT_3,-78.8103,42.6891,915,3/26/26,0.02,42.8
MIL_ZIT_3,-78.8103,42.6891,915,3/27/26,1.07,42.9
MIL_ZIT_3,-78.8103,42.6891,915,3/28/26,0,27
MIL_ZIT_3,-78.8103,42.6891,915,3/29/26,0,28.9
MIL_ZIT_3,-78.8103,42.6891,915,3/30/26,0,42.4
MIL_ZIT_3,-78.8103,42.6891,915,3/31/26,0.26,57.2
MIL_ZIT_3,-78.8103,42.6891,915,4/1/26,2.09,52.9
MIL_ZIT_3,-78.8103,42.6891,915,4/2/26,0.07,36.9
MIL_ZIT_3,-78.8103,42.6891,915,4/3/26,0.15,50.5
MIL_ZIT_3,-78.8103,42.6891,915,4/4/26,0,55.8
MIL_ZIT_3,-78.8103,42.6891,915,4/5/26,0.67,57.9
MIL_ZIT_3,-78.8103,42.6891,915,4/6/26,0,37.2
MIL_ZIT_3,-78.8103,42.6891,915,4/7/26,0.04,34.5
MIL_ZIT_3,-78.8103,42.6891,915,4/8/26,0,26.7
MIL_ZIT_3,-78.8103,42.6891,915,4/9/26,0,40.8
MIL_ZIT_3,-78.8103,42.6891,915,4/10/26,0.02,58.4
MIL_ZIT_3,-78.8103,42.6891,915,4/11/26,0.06,48.8
MIL_ZIT_3,-78.8103,42.6891,915,4/12/26,0,39.3
MIL_ZIT_3,-78.8103,42.6891,915,4/13/26,0.05,55.9
MIL_ZIT_3,-78.8103,42.6891,915,4/14/26,0.13,59.8
MIL_ZIT_3,-78.8103,42.6891,915,4/15/26,0.2,63.6
MIL_ZIT_3,-78.8103,42.6891,915,4/16/26,0.53,63.7
MIL_ZIT_3,-78.8103,42.6891,915,4/17/26,0.35,61.5
MIL_ZIT_3,-78.8103,42.6891,915,4/18/26,0,57.8
MIL_ZIT_3,-78.8103,42.6891,915,4/19/26,0.9,59.6
MIL_ZIT_3,-78.8103,42.6891,915,4/20/26,0.05,36.4
MIL_ZIT_3,-78.8103,42.6891,915,4/21/26,0,32.9
MIL_ZIT_3,-78.8103,42.6891,915,4/22/26,0,46.3
MIL_ZIT_3,-78.8103,42.6891,915,4/23/26,0,53
MIL_ZIT_3,-78.8103,42.6891,915,4/24/26,0.07,57.3
MIL_ZIT_3,-78.8103,42.6891,915,4/25/26,0.48,51.9
MIL_ZIT_3,-78.8103,42.6891,915,4/26/26,0.48,45.4
MIL_ZIT_3,-78.8103,42.6891,915,4/27/26,0,50.4
MIL_ZIT_3,-78.8103,42.6891,915,4/28/26,0,61.8
MIL_ZIT_3,-78.8103,42.6891,915,4/29/26,0.03,56.6
MIL_ZIT_3,-78.8103,42.6891,915,4/30/26,0.75,46.9
MIL_ZIT_3,-78.8103,42.6891,915,5/1/26,0.06,40.7
MIL_ZIT_3,-78.8103,42.6891,915,5/2/26,0.04,38.7
MIL_ZIT_3,-78.8103,42.6891,915,5/3/26,0,39.2
MIL_ZIT_3,-78.8103,42.6891,915,5/4/26,0,47.6
MIL_ZIT_3,-78.8103,42.6891,915,5/5/26,0.11,61.8
MIL_ZIT_3,-78.8103,42.6891,915,5/6/26,1.03,55.5
MIL_ZIT_3,-78.8103,42.6891,915,5/7/26,0.04,44.7
MIL_ZIT_3,-78.8103,42.6891,915,5/8/26,0.07,46.4
MIL_ZIT_3,-78.8103,42.6891,915,5/9/26,0.01,47.9
MIL_ZIT_3,-78.8103,42.6891,915,5/10/26,0.38,53.6
MIL_ZIT_3,-78.8103,42.6891,915,5/11/26,0,45.5
MIL_ZIT_3,-78.8103,42.6891,915,5/12/26,0,43.6
MIL_ZIT_3,-78.8103,42.6891,915,5/13/26,0.21,50.1
MIL_ZIT_3,-78.8103,42.6891,915,5/14/26,0.06,52.7
MIL_ZIT_3,-78.8103,42.6891,915,5/15/26,0.09,46.1
MIL_ZIT_3,-78.8103,42.6891,915,5/16/26,0,54.3
MIL_ZIT_3,-78.8103,42.6891,915,5/17/26,0.28,65.9
MIL_ZIT_3,-78.8103,42.6891,915,5/18/26,0,70.5
MIL_ZIT_3,-78.8103,42.6891,915,5/19/26,0.07,75.4
MIL_ZIT_3,-78.8103,42.6891,915,5/20/26,0.33,70
MIL_ZIT_3,-78.8103,42.6891,915,5/21/26,0,51.3
MIL_ZIT_3,-78.8103,42.6891,915,5/22/26,0,51.9
MIL_ZIT_3,-78.8103,42.6891,915,5/23/26,0.05,56.8
MIL_ZIT_3,-78.8103,42.6891,915,5/24/26,0.93,51.3
MIL_ZIT_3,-78.8103,42.6891,915,5/25/26,0.68,61.9
MIL_ZIT_3,-78.8103,42.6891,915,5/26/26,0,59.4
MIL_ZIT_3,-78.8103,42.6891,915,5/27/26,0,67.4
MIL_ZIT_3,-78.8103,42.6891,915,5/28/26,0,62.1
MIL_ZIT_3,-78.8103,42.6891,915,5/29/26,0,57.5
MIL_ZIT_3,-78.8103,42.6891,915,5/30/26,0,56.9
MIL_ZIT_3,-78.8103,42.6891,915,5/31/26,0,55.3
MIL_ZIT_3,-78.8103,42.6891,915,6/1/26,0,57.5
MIL_ZIT_3,-78.8103,42.6891,915,6/2/26,0,57.1
MIL_ZIT_3,-78.8103,42.6891,915,6/3/26,0,60.5
MIL_ZIT_3,-78.8103,42.6891,915,6/4/26,0,63.4
MIL_ZIT_3,-78.8103,42.6891,915,6/5/26,0,67
MIL_ZIT_3,-78.8103,42.6891,915,6/6/26,0.34,71.3
MIL_ZIT_3,-78.8103,42.6891,915,6/7/26,0.02,67.2
MIL_ZIT_3,-78.8103,42.6891,915,6/8/26,0,63.6
MIL_ZIT_3,-78.8103,42.6891,915,6/9/26,0,72.3
MIL_ZIT_3,-78.8103,42.6891,915,6/10/26,0.12,76.9
MIL_ZIT_3,-78.8103,42.6891,915,6/11/26,0,72.4
MIL_ZIT_3,-78.8103,42.6891,915,6/12/26,0.42,76.2
MIL_ZIT_3,-78.8103,42.6891,915,6/13/26,0,67.7
MIL_ZIT_3,-78.8103,42.6891,915,6/14/26,0.08,71.6
MIL_ZIT_3,-78.8103,42.6891,915,6/15/26,2.05,63.6
MIL_ZIT_3,-78.8103,42.6891,915,6/16/26,0,56.6
MIL_ZIT_3,-78.8103,42.6891,915,6/17/26,0.08,63.9
MIL_ZIT_3,-78.8103,42.6891,915,6/18/26,0.62,65.8
MIL_ZIT_3,-78.8103,42.6891,915,6/19/26,0.2,64.9
MIL_ZIT_3,-78.8103,42.6891,915,6/20/26,0,62.6
MIL_ZIT_3,-78.8103,42.6891,915,6/21/26,0,63.8
MIL_ZIT_3,-78.8103,42.6891,915,6/22/26,0.28,64.9
MIL_ZIT_3,-78.8103,42.6891,915,6/23/26,0.31,59
MIL_ZIT_3,-78.8103,42.6891,915,6/24/26,0,62.4
MIL_ZIT_3,-78.8103,42.6891,915,6/25/26,0.03,65.3
MIL_ZIT_3,-78.8103,42.6891,915,6/26/26,0.55,63.6
MIL_ZIT_3,-78.8103,42.6891,915,6/27/26,0,63.3
MIL_ZIT_3,-78.8103,42.6891,915,6/28/26,0,70.3
MIL_ZIT_3,-78.8103,42.6891,915,6/29/26,0,74
MIL_ZIT_3,-78.8103,42.6891,915,6/30/26,0,78
,,,,,,
MIL_ZIT_4,-78.7909,42.664,1243,1/1/26,0.62,16.3
MIL_ZIT_4,-78.7909,42.664,1243,1/2/26,0.46,13.7
MIL_ZIT_4,-78.7909,42.664,1243,1/3/26,0.07,18.1
MIL_ZIT_4,-78.7909,42.664,1243,1/4/26,0.09,19
MIL_ZIT_4,-78.7909,42.664,1243,1/5/26,0.03,23
MIL_ZIT_4,-78.7909,42.664,1243,1/6/26,0.01,29.5
MIL_ZIT_4,-78.7909,42.664,1243,1/7/26,0.57,35.8
MIL_ZIT_4,-78.7909,42.664,1243,1/8/26,0,34.2
MIL_ZIT_4,-78.7909,42.664,1243,1/9/26,0.01,42.4
MIL_ZIT_4,-78.7909,42.664,1243,1/10/26,0.33,44.1
MIL_ZIT_4,-78.7909,42.664,1243,1/11/26,0.28,35.6
MIL_ZIT_4,-78.7909,42.664,1243,1/12/26,0.08,26.2
MIL_ZIT_4,-78.7909,42.664,1243,1/13/26,0,30.2
MIL_ZIT_4,-78.7909,42.664,1243,1/14/26,0,35.3
MIL_ZIT_4,-78.7909,42.664,1243,1/15/26,0.45,27.6
MIL_ZIT_4,-78.7909,42.664,1243,1/16/26,0.27,13.4
MIL_ZIT_4,-78.7909,42.664,1243,1/17/26,0.03,22.3
MIL_ZIT_4,-78.7909,42.664,1243,1/18/26,0.04,25.1
MIL_ZIT_4,-78.7909,42.664,1243,1/19/26,0,14.2
MIL_ZIT_4,-78.7909,42.664,1243,1/20/26,0.71,13.1
MIL_ZIT_4,-78.7909,42.664,1243,1/21/26,0.11,7
MIL_ZIT_4,-78.7909,42.664,1243,1/22/26,0.39,19.4
MIL_ZIT_4,-78.7909,42.664,1243,1/23/26,0.32,19.4
MIL_ZIT_4,-78.7909,42.664,1243,1/24/26,0.05,2.5
MIL_ZIT_4,-78.7909,42.664,1243,1/25/26,0.01,1.3
MIL_ZIT_4,-78.7909,42.664,1243,1/26/26,0.73,7.5
MIL_ZIT_4,-78.7909,42.664,1243,1/27/26,0.07,7.8
MIL_ZIT_4,-78.7909,42.664,1243,1/28/26,0.1,7.4
MIL_ZIT_4,-78.7909,42.664,1243,1/29/26,0.07,7.8
MIL_ZIT_4,-78.7909,42.664,1243,1/30/26,0.05,3.1
MIL_ZIT_4,-78.7909,42.664,1243,1/31/26,0,3.4
MIL_ZIT_4,-78.7909,42.664,1243,2/1/26,0.03,7.1
MIL_ZIT_4,-78.7909,42.664,1243,2/2/26,0,7.6
MIL_ZIT_4,-78.7909,42.664,1243,2/3/26,0.02,14.9
MIL_ZIT_4,-78.7909,42.664,1243,2/4/26,0.1,15.3
MIL_ZIT_4,-78.7909,42.664,1243,2/5/26,0,11.8
MIL_ZIT_4,-78.7909,42.664,1243,2/6/26,0,12.4
MIL_ZIT_4,-78.7909,42.664,1243,2/7/26,0.15,9.4
MIL_ZIT_4,-78.7909,42.664,1243,2/8/26,0,-0.5
MIL_ZIT_4,-78.7909,42.664,1243,2/9/26,0,-1.7
MIL_ZIT_4,-78.7909,42.664,1243,2/10/26,0,10.4
MIL_ZIT_4,-78.7909,42.664,1243,2/11/26,0.02,35.7
MIL_ZIT_4,-78.7909,42.664,1243,2/12/26,0.07,23.6
MIL_ZIT_4,-78.7909,42.664,1243,2/13/26,0.03,19.5
MIL_ZIT_4,-78.7909,42.664,1243,2/14/26,0,24.9
MIL_ZIT_4,-78.7909,42.664,1243,2/15/26,0,29.3
MIL_ZIT_4,-78.7909,42.664,1243,2/16/26,0,35.5
MIL_ZIT_4,-78.7909,42.664,1243,2/17/26,0,39.8
MIL_ZIT_4,-78.7909,42.664,1243,2/18/26,0.04,38.6
MIL_ZIT_4,-78.7909,42.664,1243,2/19/26,0.45,34.6
MIL_ZIT_4,-78.7909,42.664,1243,2/20/26,0.13,40.9
MIL_ZIT_4,-78.7909,42.664,1243,2/21/26,0.26,38.7
MIL_ZIT_4,-78.7909,42.664,1243,2/22/26,0.09,28.9
MIL_ZIT_4,-78.7909,42.664,1243,2/23/26,0.12,28.4
MIL_ZIT_4,-78.7909,42.664,1243,2/24/26,0.17,18.5
MIL_ZIT_4,-78.7909,42.664,1243,2/25/26,0.09,19.8
MIL_ZIT_4,-78.7909,42.664,1243,2/26/26,0.03,27
MIL_ZIT_4,-78.7909,42.664,1243,2/27/26,0,20.5
MIL_ZIT_4,-78.7909,42.664,1243,2/28/26,0,35.1
MIL_ZIT_4,-78.7909,42.664,1243,3/1/26,0.03,31.2
MIL_ZIT_4,-78.7909,42.664,1243,3/2/26,0,16.1
MIL_ZIT_4,-78.7909,42.664,1243,3/3/26,0,19.4
MIL_ZIT_4,-78.7909,42.664,1243,3/4/26,0.06,31.6
MIL_ZIT_4,-78.7909,42.664,1243,3/5/26,0,41.4
MIL_ZIT_4,-78.7909,42.664,1243,3/6/26,0.84,37.4
MIL_ZIT_4,-78.7909,42.664,1243,3/7/26,0.27,45.9
MIL_ZIT_4,-78.7909,42.664,1243,3/8/26,0.14,53.8
MIL_ZIT_4,-78.7909,42.664,1243,3/9/26,0,42.6
MIL_ZIT_4,-78.7909,42.664,1243,3/10/26,0,55.5
MIL_ZIT_4,-78.7909,42.664,1243,3/11/26,0.47,54.5
MIL_ZIT_4,-78.7909,42.664,1243,3/12/26,0.78,47.1
MIL_ZIT_4,-78.7909,42.664,1243,3/13/26,0,28
MIL_ZIT_4,-78.7909,42.664,1243,3/14/26,0.25,33.8
MIL_ZIT_4,-78.7909,42.664,1243,3/15/26,0,28.2
MIL_ZIT_4,-78.7909,42.664,1243,3/16/26,0,43.5
MIL_ZIT_4,-78.7909,42.664,1243,3/17/26,0.4,38
MIL_ZIT_4,-78.7909,42.664,1243,3/18/26,0,17.7
MIL_ZIT_4,-78.7909,42.664,1243,3/19/26,0,25.3
MIL_ZIT_4,-78.7909,42.664,1243,3/20/26,0,35.3
MIL_ZIT_4,-78.7909,42.664,1243,3/21/26,0.78,38.5
MIL_ZIT_4,-78.7909,42.664,1243,3/22/26,0,42.3
MIL_ZIT_4,-78.7909,42.664,1243,3/23/26,0.35,39.8
MIL_ZIT_4,-78.7909,42.664,1243,3/24/26,0.04,26.1
MIL_ZIT_4,-78.7909,42.664,1243,3/25/26,0,27.9
MIL_ZIT_4,-78.7909,42.664,1243,3/26/26,0.02,41.6
MIL_ZIT_4,-78.7909,42.664,1243,3/27/26,1.13,42.3
MIL_ZIT_4,-78.7909,42.664,1243,3/28/26,0,26
MIL_ZIT_4,-78.7909,42.664,1243,3/29/26,0,27.5
MIL_ZIT_4,-78.7909,42.664,1243,3/30/26,0,41.5
MIL_ZIT_4,-78.7909,42.664,1243,3/31/26,0.26,56.8
MIL_ZIT_4,-78.7909,42.664,1243,4/1/26,1.92,52.1
MIL_ZIT_4,-78.7909,42.664,1243,4/2/26,0.08,36.2
MIL_ZIT_4,-78.7909,42.664,1243,4/3/26,0.15,49.8
MIL_ZIT_4,-78.7909,42.664,1243,4/4/26,0,55.3
MIL_ZIT_4,-78.7909,42.664,1243,4/5/26,0.71,57.5
MIL_ZIT_4,-78.7909,42.664,1243,4/6/26,0.01,36
MIL_ZIT_4,-78.7909,42.664,1243,4/7/26,0.04,33.4
MIL_ZIT_4,-78.7909,42.664,1243,4/8/26,0,25.6
MIL_ZIT_4,-78.7909,42.664,1243,4/9/26,0,39.6
MIL_ZIT_4,-78.7909,42.664,1243,4/10/26,0.05,57.6
MIL_ZIT_4,-78.7909,42.664,1243,4/11/26,0.07,48.5
MIL_ZIT_4,-78.7909,42.664,1243,4/12/26,0,38.3
MIL_ZIT_4,-78.7909,42.664,1243,4/13/26,0.06,54.8
MIL_ZIT_4,-78.7909,42.664,1243,4/14/26,0.13,59.8
MIL_ZIT_4,-78.7909,42.664,1243,4/15/26,0.19,63.5
MIL_ZIT_4,-78.7909,42.664,1243,4/16/26,0.58,64
MIL_ZIT_4,-78.7909,42.664,1243,4/17/26,0.39,61
MIL_ZIT_4,-78.7909,42.664,1243,4/18/26,0,57.4
MIL_ZIT_4,-78.7909,42.664,1243,4/19/26,0.86,58.4
MIL_ZIT_4,-78.7909,42.664,1243,4/20/26,0.05,35.4
MIL_ZIT_4,-78.7909,42.664,1243,4/21/26,0,31.7
MIL_ZIT_4,-78.7909,42.664,1243,4/22/26,0,45
MIL_ZIT_4,-78.7909,42.664,1243,4/23/26,0,52.8
MIL_ZIT_4,-78.7909,42.664,1243,4/24/26,0.07,56.4
MIL_ZIT_4,-78.7909,42.664,1243,4/25/26,0.47,51.6
MIL_ZIT_4,-78.7909,42.664,1243,4/26/26,0.52,45
MIL_ZIT_4,-78.7909,42.664,1243,4/27/26,0,49.9
MIL_ZIT_4,-78.7909,42.664,1243,4/28/26,0,60.4
MIL_ZIT_4,-78.7909,42.664,1243,4/29/26,0.03,56
MIL_ZIT_4,-78.7909,42.664,1243,4/30/26,0.82,46.3
MIL_ZIT_4,-78.7909,42.664,1243,5/1/26,0.06,39.6
MIL_ZIT_4,-78.7909,42.664,1243,5/2/26,0.06,37.5
MIL_ZIT_4,-78.7909,42.664,1243,5/3/26,0,38.3
MIL_ZIT_4,-78.7909,42.664,1243,5/4/26,0,46.6
MIL_ZIT_4,-78.7909,42.664,1243,5/5/26,0.08,61
MIL_ZIT_4,-78.7909,42.664,1243,5/6/26,1.12,54.9
MIL_ZIT_4,-78.7909,42.664,1243,5/7/26,0.04,43.6
MIL_ZIT_4,-78.7909,42.664,1243,5/8/26,0.07,45.6
MIL_ZIT_4,-78.7909,42.664,1243,5/9/26,0.01,47
MIL_ZIT_4,-78.7909,42.664,1243,5/10/26,0.42,53
MIL_ZIT_4,-78.7909,42.664,1243,5/11/26,0,44.7
MIL_ZIT_4,-78.7909,42.664,1243,5/12/26,0,42.8
MIL_ZIT_4,-78.7909,42.664,1243,5/13/26,0.25,49
MIL_ZIT_4,-78.7909,42.664,1243,5/14/26,0.12,51.7
MIL_ZIT_4,-78.7909,42.664,1243,5/15/26,0.12,44.9
MIL_ZIT_4,-78.7909,42.664,1243,5/16/26,0,53.5
MIL_ZIT_4,-78.7909,42.664,1243,5/17/26,0.28,65
MIL_ZIT_4,-78.7909,42.664,1243,5/18/26,0,70.1
MIL_ZIT_4,-78.7909,42.664,1243,5/19/26,0.07,75
MIL_ZIT_4,-78.7909,42.664,1243,5/20/26,0.41,69.1
MIL_ZIT_4,-78.7909,42.664,1243,5/21/26,0,50.3
MIL_ZIT_4,-78.7909,42.664,1243,5/22/26,0,50.7
MIL_ZIT_4,-78.7909,42.664,1243,5/23/26,0.05,55.8
MIL_ZIT_4,-78.7909,42.664,1243,5/24/26,0.81,50.3
MIL_ZIT_4,-78.7909,42.664,1243,5/25/26,0.68,61
MIL_ZIT_4,-78.7909,42.664,1243,5/26/26,0,59.1
MIL_ZIT_4,-78.7909,42.664,1243,5/27/26,0,66.7
MIL_ZIT_4,-78.7909,42.664,1243,5/28/26,0,61.4
MIL_ZIT_4,-78.7909,42.664,1243,5/29/26,0,56.3
MIL_ZIT_4,-78.7909,42.664,1243,5/30/26,0,56
MIL_ZIT_4,-78.7909,42.664,1243,5/31/26,0,54.1
MIL_ZIT_4,-78.7909,42.664,1243,6/1/26,0,56.9
MIL_ZIT_4,-78.7909,42.664,1243,6/2/26,0,56.1
MIL_ZIT_4,-78.7909,42.664,1243,6/3/26,0,59.6
MIL_ZIT_4,-78.7909,42.664,1243,6/4/26,0,63.1
MIL_ZIT_4,-78.7909,42.664,1243,6/5/26,0,66.4
MIL_ZIT_4,-78.7909,42.664,1243,6/6/26,0.39,70.5
MIL_ZIT_4,-78.7909,42.664,1243,6/7/26,0.02,66.5
MIL_ZIT_4,-78.7909,42.664,1243,6/8/26,0,62.6
MIL_ZIT_4,-78.7909,42.664,1243,6/9/26,0,71.4
MIL_ZIT_4,-78.7909,42.664,1243,6/10/26,0.1,75.6
MIL_ZIT_4,-78.7909,42.664,1243,6/11/26,0,72
MIL_ZIT_4,-78.7909,42.664,1243,6/12/26,0.46,75.3
MIL_ZIT_4,-78.7909,42.664,1243,6/13/26,0,66.7
MIL_ZIT_4,-78.7909,42.664,1243,6/14/26,0.06,70.4
MIL_ZIT_4,-78.7909,42.664,1243,6/15/26,1.7,62.6
MIL_ZIT_4,-78.7909,42.664,1243,6/16/26,0,55.2
MIL_ZIT_4,-78.7909,42.664,1243,6/17/26,0.09,62.6
MIL_ZIT_4,-78.7909,42.664,1243,6/18/26,0.59,64.3
MIL_ZIT_4,-78.7909,42.664,1243,6/19/26,0.25,63.8
MIL_ZIT_4,-78.7909,42.664,1243,6/20/26,0,61.3
MIL_ZIT_4,-78.7909,42.664,1243,6/21/26,0,62.6
MIL_ZIT_4,-78.7909,42.664,1243,6/22/26,0.33,63.6
MIL_ZIT_4,-78.7909,42.664,1243,6/23/26,0.37,57.8
MIL_ZIT_4,-78.7909,42.664,1243,6/24/26,0,61
MIL_ZIT_4,-78.7909,42.664,1243,6/25/26,0.04,64
MIL_ZIT_4,-78.7909,42.664,1243,6/26/26,0.55,62.5
MIL_ZIT_4,-78.7909,42.664,1243,6/27/26,0,62.6
MIL_ZIT_4,-78.7909,42.664,1243,6/28/26,0,69.1
MIL_ZIT_4,-78.7909,42.664,1243,6/29/26,0,72.7
MIL_ZIT_4,-78.7909,42.664,1243,6/30/26,0,76.7
,,,,,,
SMI_ARN_1,-74.0357,42.983,837,1/1/26,0.14,20.3
SMI_ARN_1,-74.0357,42.983,837,1/2/26,0,7.3
SMI_ARN_1,-74.0357,42.983,837,1/3/26,0,11.3
SMI_ARN_1,-74.0357,42.983,837,1/4/26,0.02,19
SMI_ARN_1,-74.0357,42.983,837,1/5/26,0,17.7
SMI_ARN_1,-74.0357,42.983,837,1/6/26,0.04,17
SMI_ARN_1,-74.0357,42.983,837,1/7/26,0.63,27.5
SMI_ARN_1,-74.0357,42.983,837,1/8/26,0.05,32.5
SMI_ARN_1,-74.0357,42.983,837,1/9/26,0,31.5
SMI_ARN_1,-74.0357,42.983,837,1/10/26,0.16,36.9
SMI_ARN_1,-74.0357,42.983,837,1/11/26,0.57,34.3
SMI_ARN_1,-74.0357,42.983,837,1/12/26,0.01,29.2
SMI_ARN_1,-74.0357,42.983,837,1/13/26,0.01,29.1
SMI_ARN_1,-74.0357,42.983,837,1/14/26,0,33.8
SMI_ARN_1,-74.0357,42.983,837,1/15/26,0.29,37.5
SMI_ARN_1,-74.0357,42.983,837,1/16/26,0.02,22.5
SMI_ARN_1,-74.0357,42.983,837,1/17/26,0,17.4
SMI_ARN_1,-74.0357,42.983,837,1/18/26,0.22,24
SMI_ARN_1,-74.0357,42.983,837,1/19/26,0,22.6
SMI_ARN_1,-74.0357,42.983,837,1/20/26,0,17.5
SMI_ARN_1,-74.0357,42.983,837,1/21/26,0,6.9
SMI_ARN_1,-74.0357,42.983,837,1/22/26,0.11,10.4
SMI_ARN_1,-74.0357,42.983,837,1/23/26,0.01,25.2
SMI_ARN_1,-74.0357,42.983,837,1/24/26,0,5.2
SMI_ARN_1,-74.0357,42.983,837,1/25/26,0,-2.1
SMI_ARN_1,-74.0357,42.983,837,1/26/26,0.93,6
SMI_ARN_1,-74.0357,42.983,837,1/27/26,0.06,7.6
SMI_ARN_1,-74.0357,42.983,837,1/28/26,0,5.8
SMI_ARN_1,-74.0357,42.983,837,1/29/26,0,5.5
SMI_ARN_1,-74.0357,42.983,837,1/30/26,0,5.4
SMI_ARN_1,-74.0357,42.983,837,1/31/26,0,1
SMI_ARN_1,-74.0357,42.983,837,2/1/26,0,0.7
SMI_ARN_1,-74.0357,42.983,837,2/2/26,0,2.9
SMI_ARN_1,-74.0357,42.983,837,2/3/26,0,9.5
SMI_ARN_1,-74.0357,42.983,837,2/4/26,0,10.4
SMI_ARN_1,-74.0357,42.983,837,2/5/26,0,15.8
SMI_ARN_1,-74.0357,42.983,837,2/6/26,0,13
SMI_ARN_1,-74.0357,42.983,837,2/7/26,0.09,15.2
SMI_ARN_1,-74.0357,42.983,837,2/8/26,0,-3.3
SMI_ARN_1,-74.0357,42.983,837,2/9/26,0,-2
SMI_ARN_1,-74.0357,42.983,837,2/10/26,0,6.7
SMI_ARN_1,-74.0357,42.983,837,2/11/26,0.14,19
SMI_ARN_1,-74.0357,42.983,837,2/12/26,0.01,25.7
SMI_ARN_1,-74.0357,42.983,837,2/13/26,0,16.9
SMI_ARN_1,-74.0357,42.983,837,2/14/26,0,15.7
SMI_ARN_1,-74.0357,42.983,837,2/15/26,0,25.2
SMI_ARN_1,-74.0357,42.983,837,2/16/26,0,26.9
SMI_ARN_1,-74.0357,42.983,837,2/17/26,0,31
SMI_ARN_1,-74.0357,42.983,837,2/18/26,0,33
SMI_ARN_1,-74.0357,42.983,837,2/19/26,0,31.6
SMI_ARN_1,-74.0357,42.983,837,2/20/26,0,30
SMI_ARN_1,-74.0357,42.983,837,2/21/26,1,30.5
SMI_ARN_1,-74.0357,42.983,837,2/22/26,0,27.5
SMI_ARN_1,-74.0357,42.983,837,2/23/26,0.03,27.2
SMI_ARN_1,-74.0357,42.983,837,2/24/26,0,22.3
SMI_ARN_1,-74.0357,42.983,837,2/25/26,0.07,11.8
SMI_ARN_1,-74.0357,42.983,837,2/26/26,0.04,24.9
SMI_ARN_1,-74.0357,42.983,837,2/27/26,0,17.2
SMI_ARN_1,-74.0357,42.983,837,2/28/26,0,22.3
SMI_ARN_1,-74.0357,42.983,837,3/1/26,0,34.4
SMI_ARN_1,-74.0357,42.983,837,3/2/26,0,14.9
SMI_ARN_1,-74.0357,42.983,837,3/3/26,0,13
SMI_ARN_1,-74.0357,42.983,837,3/4/26,0.32,19.9
SMI_ARN_1,-74.0357,42.983,837,3/5/26,0,33.6
SMI_ARN_1,-74.0357,42.983,837,3/6/26,0.51,30.8
SMI_ARN_1,-74.0357,42.983,837,3/7/26,0,31.7
SMI_ARN_1,-74.0357,42.983,837,3/8/26,0.3,37.3
SMI_ARN_1,-74.0357,42.983,837,3/9/26,0,36
SMI_ARN_1,-74.0357,42.983,837,3/10/26,0,46.7
SMI_ARN_1,-74.0357,42.983,837,3/11/26,0,49.8
SMI_ARN_1,-74.0357,42.983,837,3/12/26,0.13,49.5
SMI_ARN_1,-74.0357,42.983,837,3/13/26,0,28.2
SMI_ARN_1,-74.0357,42.983,837,3/14/26,0.09,29.7
SMI_ARN_1,-74.0357,42.983,837,3/15/26,0,28.2
SMI_ARN_1,-74.0357,42.983,837,3/16/26,0.05,32.7
SMI_ARN_1,-74.0357,42.983,837,3/17/26,0.21,42
SMI_ARN_1,-74.0357,42.983,837,3/18/26,0,19.9
SMI_ARN_1,-74.0357,42.983,837,3/19/26,0,23.2
SMI_ARN_1,-74.0357,42.983,837,3/20/26,0,29.4
SMI_ARN_1,-74.0357,42.983,837,3/21/26,0.35,35.6
SMI_ARN_1,-74.0357,42.983,837,3/22/26,0,35.2
SMI_ARN_1,-74.0357,42.983,837,3/23/26,0.42,35.7
SMI_ARN_1,-74.0357,42.983,837,3/24/26,0,27.6
SMI_ARN_1,-74.0357,42.983,837,3/25/26,0,33.1
SMI_ARN_1,-74.0357,42.983,837,3/26/26,0.01,39.4
SMI_ARN_1,-74.0357,42.983,837,3/27/26,0.63,48.6
SMI_ARN_1,-74.0357,42.983,837,3/28/26,0,27.5
SMI_ARN_1,-74.0357,42.983,837,3/29/26,0,26.2
SMI_ARN_1,-74.0357,42.983,837,3/30/26,0,37.7
SMI_ARN_1,-74.0357,42.983,837,3/31/26,0.7,51
SMI_ARN_1,-74.0357,42.983,837,4/1/26,1.1,58.1
SMI_ARN_1,-74.0357,42.983,837,4/2/26,0.11,43.7
SMI_ARN_1,-74.0357,42.983,837,4/3/26,0.19,35.8
SMI_ARN_1,-74.0357,42.983,837,4/4/26,0.02,47.9
SMI_ARN_1,-74.0357,42.983,837,4/5/26,0.02,47
SMI_ARN_1,-74.0357,42.983,837,4/6/26,0.18,38.7
SMI_ARN_1,-74.0357,42.983,837,4/7/26,0,33.8
SMI_ARN_1,-74.0357,42.983,837,4/8/26,0.01,26.8
SMI_ARN_1,-74.0357,42.983,837,4/9/26,0,34.8
SMI_ARN_1,-74.0357,42.983,837,4/10/26,0,45.9
SMI_ARN_1,-74.0357,42.983,837,4/11/26,0.02,52.7
SMI_ARN_1,-74.0357,42.983,837,4/12/26,0,37
SMI_ARN_1,-74.0357,42.983,837,4/13/26,0,42.7
SMI_ARN_1,-74.0357,42.983,837,4/14/26,0.03,56.9
SMI_ARN_1,-74.0357,42.983,837,4/15/26,0.18,63.5
SMI_ARN_1,-74.0357,42.983,837,4/16/26,0.08,64.2
SMI_ARN_1,-74.0357,42.983,837,4/17/26,0.12,69.9
SMI_ARN_1,-74.0357,42.983,837,4/18/26,0,55.8
SMI_ARN_1,-74.0357,42.983,837,4/19/26,0.1,57.1
SMI_ARN_1,-74.0357,42.983,837,4/20/26,0.16,35.1
SMI_ARN_1,-74.0357,42.983,837,4/21/26,0,31.2
SMI_ARN_1,-74.0357,42.983,837,4/22/26,0,39.5
SMI_ARN_1,-74.0357,42.983,837,4/23/26,0,40.8
SMI_ARN_1,-74.0357,42.983,837,4/24/26,0,50.4
SMI_ARN_1,-74.0357,42.983,837,4/25/26,0,43.9
SMI_ARN_1,-74.0357,42.983,837,4/26/26,0,44.7
SMI_ARN_1,-74.0357,42.983,837,4/27/26,0,49.8
SMI_ARN_1,-74.0357,42.983,837,4/28/26,0,55.2
SMI_ARN_1,-74.0357,42.983,837,4/29/26,0,57.1
SMI_ARN_1,-74.0357,42.983,837,4/30/26,0.66,55
SMI_ARN_1,-74.0357,42.983,837,5/1/26,0,46.6
SMI_ARN_1,-74.0357,42.983,837,5/2/26,0.06,49
SMI_ARN_1,-74.0357,42.983,837,5/3/26,0,42.8
SMI_ARN_1,-74.0357,42.983,837,5/4/26,0,45
SMI_ARN_1,-74.0357,42.983,837,5/5/26,0.03,58.3
SMI_ARN_1,-74.0357,42.983,837,5/6/26,0.11,65.2
SMI_ARN_1,-74.0357,42.983,837,5/7/26,0.63,47
SMI_ARN_1,-74.0357,42.983,837,5/8/26,0,44.4
SMI_ARN_1,-74.0357,42.983,837,5/9/26,0.01,43.1
SMI_ARN_1,-74.0357,42.983,837,5/10/26,0.34,46
SMI_ARN_1,-74.0357,42.983,837,5/11/26,0,48.5
SMI_ARN_1,-74.0357,42.983,837,5/12/26,0,45.1
SMI_ARN_1,-74.0357,42.983,837,5/13/26,0.03,51
SMI_ARN_1,-74.0357,42.983,837,5/14/26,0.31,49.1
SMI_ARN_1,-74.0357,42.983,837,5/15/26,0.21,49.5
SMI_ARN_1,-74.0357,42.983,837,5/16/26,0.02,51.8
SMI_ARN_1,-74.0357,42.983,837,5/17/26,0,64.8
SMI_ARN_1,-74.0357,42.983,837,5/18/26,0,67.7
SMI_ARN_1,-74.0357,42.983,837,5/19/26,0,75.9
SMI_ARN_1,-74.0357,42.983,837,5/20/26,0,74.7
SMI_ARN_1,-74.0357,42.983,837,5/21/26,0,60.9
SMI_ARN_1,-74.0357,42.983,837,5/22/26,0,49.3
SMI_ARN_1,-74.0357,42.983,837,5/23/26,0,53.6
SMI_ARN_1,-74.0357,42.983,837,5/24/26,0.54,52.2
SMI_ARN_1,-74.0357,42.983,837,5/25/26,0.94,48.8
SMI_ARN_1,-74.0357,42.983,837,5/26/26,0,59.6
SMI_ARN_1,-74.0357,42.983,837,5/27/26,0,68
SMI_ARN_1,-74.0357,42.983,837,5/28/26,0,67.4
SMI_ARN_1,-74.0357,42.983,837,5/29/26,0.01,57.9
SMI_ARN_1,-74.0357,42.983,837,5/30/26,0.08,56.4
SMI_ARN_1,-74.0357,42.983,837,5/31/26,0.02,49.3
SMI_ARN_1,-74.0357,42.983,837,6/1/26,0,53.6
SMI_ARN_1,-74.0357,42.983,837,6/2/26,0,52.7
SMI_ARN_1,-74.0357,42.983,837,6/3/26,0,60.2
SMI_ARN_1,-74.0357,42.983,837,6/4/26,0,65.3
SMI_ARN_1,-74.0357,42.983,837,6/5/26,0,65.5
SMI_ARN_1,-74.0357,42.983,837,6/6/26,0,71.1
SMI_ARN_1,-74.0357,42.983,837,6/7/26,0.16,71.8
SMI_ARN_1,-74.0357,42.983,837,6/8/26,0.05,58
SMI_ARN_1,-74.0357,42.983,837,6/9/26,0,63.3
SMI_ARN_1,-74.0357,42.983,837,6/10/26,0,73.1
SMI_ARN_1,-74.0357,42.983,837,6/11/26,0.33,73.8
SMI_ARN_1,-74.0357,42.983,837,6/12/26,0,78.1
SMI_ARN_1,-74.0357,42.983,837,6/13/26,0,72
SMI_ARN_1,-74.0357,42.983,837,6/14/26,0,68.3
SMI_ARN_1,-74.0357,42.983,837,6/15/26,1.64,69.3
SMI_ARN_1,-74.0357,42.983,837,6/16/26,0,55
SMI_ARN_1,-74.0357,42.983,837,6/17/26,0,61.7
SMI_ARN_1,-74.0357,42.983,837,6/18/26,0.21,68.4
SMI_ARN_1,-74.0357,42.983,837,6/19/26,1.11,68.4
SMI_ARN_1,-74.0357,42.983,837,6/20/26,0,66.1
SMI_ARN_1,-74.0357,42.983,837,6/21/26,0,61.3
SMI_ARN_1,-74.0357,42.983,837,6/22/26,0.09,63.6
SMI_ARN_1,-74.0357,42.983,837,6/23/26,0.97,59.6
SMI_ARN_1,-74.0357,42.983,837,6/24/26,0,64.6
SMI_ARN_1,-74.0357,42.983,837,6/25/26,0,65
SMI_ARN_1,-74.0357,42.983,837,6/26/26,0.49,67.6
SMI_ARN_1,-74.0357,42.983,837,6/27/26,0,67.8
SMI_ARN_1,-74.0357,42.983,837,6/28/26,0,68.4
SMI_ARN_1,-74.0357,42.983,837,6/29/26,0,68.6
SMI_ARN_1,-74.0357,42.983,837,6/30/26,0,71
,,,,,,
SMI_ARN_2,-74.0259,42.9702,699,1/1/26,0.13,20.6
SMI_ARN_2,-74.0259,42.9702,699,1/2/26,0,8.5
SMI_ARN_2,-74.0259,42.9702,699,1/3/26,0,12.1
SMI_ARN_2,-74.0259,42.9702,699,1/4/26,0.02,19.6
SMI_ARN_2,-74.0259,42.9702,699,1/5/26,0,17.8
SMI_ARN_2,-74.0259,42.9702,699,1/6/26,0.04,17.8
SMI_ARN_2,-74.0259,42.9702,699,1/7/26,0.62,28.4
SMI_ARN_2,-74.0259,42.9702,699,1/8/26,0.05,32.7
SMI_ARN_2,-74.0259,42.9702,699,1/9/26,0,31.9
SMI_ARN_2,-74.0259,42.9702,699,1/10/26,0.14,37.3
SMI_ARN_2,-74.0259,42.9702,699,1/11/26,0.54,34.8
SMI_ARN_2,-74.0259,42.9702,699,1/12/26,0.01,29.7
SMI_ARN_2,-74.0259,42.9702,699,1/13/26,0.01,29.4
SMI_ARN_2,-74.0259,42.9702,699,1/14/26,0,34.6
SMI_ARN_2,-74.0259,42.9702,699,1/15/26,0.29,37.8
SMI_ARN_2,-74.0259,42.9702,699,1/16/26,0.02,23.1
SMI_ARN_2,-74.0259,42.9702,699,1/17/26,0,17.8
SMI_ARN_2,-74.0259,42.9702,699,1/18/26,0.21,25.3
SMI_ARN_2,-74.0259,42.9702,699,1/19/26,0,23
SMI_ARN_2,-74.0259,42.9702,699,1/20/26,0,18
SMI_ARN_2,-74.0259,42.9702,699,1/21/26,0,8
SMI_ARN_2,-74.0259,42.9702,699,1/22/26,0.1,12.9
SMI_ARN_2,-74.0259,42.9702,699,1/23/26,0.01,25.9
SMI_ARN_2,-74.0259,42.9702,699,1/24/26,0,6.3
SMI_ARN_2,-74.0259,42.9702,699,1/25/26,0,-1.2
SMI_ARN_2,-74.0259,42.9702,699,1/26/26,0.94,6.3
SMI_ARN_2,-74.0259,42.9702,699,1/27/26,0.06,7.8
SMI_ARN_2,-74.0259,42.9702,699,1/28/26,0,6.4
SMI_ARN_2,-74.0259,42.9702,699,1/29/26,0,6.4
SMI_ARN_2,-74.0259,42.9702,699,1/30/26,0,5.8
SMI_ARN_2,-74.0259,42.9702,699,1/31/26,0,1.3
SMI_ARN_2,-74.0259,42.9702,699,2/1/26,0,2.1
SMI_ARN_2,-74.0259,42.9702,699,2/2/26,0,3.9
SMI_ARN_2,-74.0259,42.9702,699,2/3/26,0,10.9
SMI_ARN_2,-74.0259,42.9702,699,2/4/26,0,12.1
SMI_ARN_2,-74.0259,42.9702,699,2/5/26,0,16.9
SMI_ARN_2,-74.0259,42.9702,699,2/6/26,0,14.2
SMI_ARN_2,-74.0259,42.9702,699,2/7/26,0.09,15.7
SMI_ARN_2,-74.0259,42.9702,699,2/8/26,0,-2.6
SMI_ARN_2,-74.0259,42.9702,699,2/9/26,0,-1.8
SMI_ARN_2,-74.0259,42.9702,699,2/10/26,0,7.7
SMI_ARN_2,-74.0259,42.9702,699,2/11/26,0.14,19.5
SMI_ARN_2,-74.0259,42.9702,699,2/12/26,0,26.3
SMI_ARN_2,-74.0259,42.9702,699,2/13/26,0,18.2
SMI_ARN_2,-74.0259,42.9702,699,2/14/26,0,16.8
SMI_ARN_2,-74.0259,42.9702,699,2/15/26,0,25.9
SMI_ARN_2,-74.0259,42.9702,699,2/16/26,0,27.3
SMI_ARN_2,-74.0259,42.9702,699,2/17/26,0,31
SMI_ARN_2,-74.0259,42.9702,699,2/18/26,0,33.7
SMI_ARN_2,-74.0259,42.9702,699,2/19/26,0,31.5
SMI_ARN_2,-74.0259,42.9702,699,2/20/26,0,29.8
SMI_ARN_2,-74.0259,42.9702,699,2/21/26,0.97,30.7
SMI_ARN_2,-74.0259,42.9702,699,2/22/26,0,27.4
SMI_ARN_2,-74.0259,42.9702,699,2/23/26,0.03,26.9
SMI_ARN_2,-74.0259,42.9702,699,2/24/26,0,22.6
SMI_ARN_2,-74.0259,42.9702,699,2/25/26,0.07,13
SMI_ARN_2,-74.0259,42.9702,699,2/26/26,0.03,26
SMI_ARN_2,-74.0259,42.9702,699,2/27/26,0,18.4
SMI_ARN_2,-74.0259,42.9702,699,2/28/26,0,23.4
SMI_ARN_2,-74.0259,42.9702,699,3/1/26,0,35.1
SMI_ARN_2,-74.0259,42.9702,699,3/2/26,0,15.7
SMI_ARN_2,-74.0259,42.9702,699,3/3/26,0,13.9
SMI_ARN_2,-74.0259,42.9702,699,3/4/26,0.32,20.8
SMI_ARN_2,-74.0259,42.9702,699,3/5/26,0,34.4
SMI_ARN_2,-74.0259,42.9702,699,3/6/26,0.52,31.5
SMI_ARN_2,-74.0259,42.9702,699,3/7/26,0,32.4
SMI_ARN_2,-74.0259,42.9702,699,3/8/26,0.3,38
SMI_ARN_2,-74.0259,42.9702,699,3/9/26,0,36.9
SMI_ARN_2,-74.0259,42.9702,699,3/10/26,0,47.2
SMI_ARN_2,-74.0259,42.9702,699,3/11/26,0,50.7
SMI_ARN_2,-74.0259,42.9702,699,3/12/26,0.12,50.3
SMI_ARN_2,-74.0259,42.9702,699,3/13/26,0,28.9
SMI_ARN_2,-74.0259,42.9702,699,3/14/26,0.08,30.3
SMI_ARN_2,-74.0259,42.9702,699,3/15/26,0,28.8
SMI_ARN_2,-74.0259,42.9702,699,3/16/26,0.05,33.5
SMI_ARN_2,-74.0259,42.9702,699,3/17/26,0.2,42.6
SMI_ARN_2,-74.0259,42.9702,699,3/18/26,0,20.7
SMI_ARN_2,-74.0259,42.9702,699,3/19/26,0,23.9
SMI_ARN_2,-74.0259,42.9702,699,3/20/26,0,30.1
SMI_ARN_2,-74.0259,42.9702,699,3/21/26,0.35,36.4
SMI_ARN_2,-74.0259,42.9702,699,3/22/26,0,35.9
SMI_ARN_2,-74.0259,42.9702,699,3/23/26,0.42,36.4
SMI_ARN_2,-74.0259,42.9702,699,3/24/26,0,28.4
SMI_ARN_2,-74.0259,42.9702,699,3/25/26,0,33.8
SMI_ARN_2,-74.0259,42.9702,699,3/26/26,0,40
SMI_ARN_2,-74.0259,42.9702,699,3/27/26,0.63,49.4
SMI_ARN_2,-74.0259,42.9702,699,3/28/26,0,28
SMI_ARN_2,-74.0259,42.9702,699,3/29/26,0,27
SMI_ARN_2,-74.0259,42.9702,699,3/30/26,0,38.4
SMI_ARN_2,-74.0259,42.9702,699,3/31/26,0.7,51.9
SMI_ARN_2,-74.0259,42.9702,699,4/1/26,1.09,58.9
SMI_ARN_2,-74.0259,42.9702,699,4/2/26,0.13,44.4
SMI_ARN_2,-74.0259,42.9702,699,4/3/26,0.19,36.4
SMI_ARN_2,-74.0259,42.9702,699,4/4/26,0.02,48.7
SMI_ARN_2,-74.0259,42.9702,699,4/5/26,0.01,47.7
SMI_ARN_2,-74.0259,42.9702,699,4/6/26,0.18,39.4
SMI_ARN_2,-74.0259,42.9702,699,4/7/26,0,34.6
SMI_ARN_2,-74.0259,42.9702,699,4/8/26,0.01,27.7
SMI_ARN_2,-74.0259,42.9702,699,4/9/26,0,35.7
SMI_ARN_2,-74.0259,42.9702,699,4/10/26,0,46.6
SMI_ARN_2,-74.0259,42.9702,699,4/11/26,0.02,53.6
SMI_ARN_2,-74.0259,42.9702,699,4/12/26,0,38
SMI_ARN_2,-74.0259,42.9702,699,4/13/26,0,43.4
SMI_ARN_2,-74.0259,42.9702,699,4/14/26,0.03,57.8
SMI_ARN_2,-74.0259,42.9702,699,4/15/26,0.18,64.4
SMI_ARN_2,-74.0259,42.9702,699,4/16/26,0.08,64.7
SMI_ARN_2,-74.0259,42.9702,699,4/17/26,0.11,70.7
SMI_ARN_2,-74.0259,42.9702,699,4/18/26,0,56.5
SMI_ARN_2,-74.0259,42.9702,699,4/19/26,0.09,58
SMI_ARN_2,-74.0259,42.9702,699,4/20/26,0.17,36
SMI_ARN_2,-74.0259,42.9702,699,4/21/26,0,32
SMI_ARN_2,-74.0259,42.9702,699,4/22/26,0,40.4
SMI_ARN_2,-74.0259,42.9702,699,4/23/26,0,41.4
SMI_ARN_2,-74.0259,42.9702,699,4/24/26,0,51.2
SMI_ARN_2,-74.0259,42.9702,699,4/25/26,0,44.6
SMI_ARN_2,-74.0259,42.9702,699,4/26/26,0,45.5
SMI_ARN_2,-74.0259,42.9702,699,4/27/26,0,50.5
SMI_ARN_2,-74.0259,42.9702,699,4/28/26,0,56.1
SMI_ARN_2,-74.0259,42.9702,699,4/29/26,0,57.6
SMI_ARN_2,-74.0259,42.9702,699,4/30/26,0.64,55.7
SMI_ARN_2,-74.0259,42.9702,699,5/1/26,0,47.2
SMI_ARN_2,-74.0259,42.9702,699,5/2/26,0.06,49.6
SMI_ARN_2,-74.0259,42.9702,699,5/3/26,0,43.6
SMI_ARN_2,-74.0259,42.9702,699,5/4/26,0,45.7
SMI_ARN_2,-74.0259,42.9702,699,5/5/26,0.03,58.7
SMI_ARN_2,-74.0259,42.9702,699,5/6/26,0.1,66
SMI_ARN_2,-74.0259,42.9702,699,5/7/26,0.64,47.8
SMI_ARN_2,-74.0259,42.9702,699,5/8/26,0,45.2
SMI_ARN_2,-74.0259,42.9702,699,5/9/26,0.01,44.1
SMI_ARN_2,-74.0259,42.9702,699,5/10/26,0.34,46.9
SMI_ARN_2,-74.0259,42.9702,699,5/11/26,0,49.4
SMI_ARN_2,-74.0259,42.9702,699,5/12/26,0,45.9
SMI_ARN_2,-74.0259,42.9702,699,5/13/26,0.03,51.7
SMI_ARN_2,-74.0259,42.9702,699,5/14/26,0.33,49.7
SMI_ARN_2,-74.0259,42.9702,699,5/15/26,0.22,50.3
SMI_ARN_2,-74.0259,42.9702,699,5/16/26,0.02,52.6
SMI_ARN_2,-74.0259,42.9702,699,5/17/26,0,65.6
SMI_ARN_2,-74.0259,42.9702,699,5/18/26,0,68.6
SMI_ARN_2,-74.0259,42.9702,699,5/19/26,0,76.7
SMI_ARN_2,-74.0259,42.9702,699,5/20/26,0,75.7
SMI_ARN_2,-74.0259,42.9702,699,5/21/26,0,61.7
SMI_ARN_2,-74.0259,42.9702,699,5/22/26,0,50
SMI_ARN_2,-74.0259,42.9702,699,5/23/26,0,54.3
SMI_ARN_2,-74.0259,42.9702,699,5/24/26,0.54,52.9
SMI_ARN_2,-74.0259,42.9702,699,5/25/26,0.91,49.4
SMI_ARN_2,-74.0259,42.9702,699,5/26/26,0,60.3
SMI_ARN_2,-74.0259,42.9702,699,5/27/26,0,68.8
SMI_ARN_2,-74.0259,42.9702,699,5/28/26,0,68.1
SMI_ARN_2,-74.0259,42.9702,699,5/29/26,0.01,58.7
SMI_ARN_2,-74.0259,42.9702,699,5/30/26,0.08,57.2
SMI_ARN_2,-74.0259,42.9702,699,5/31/26,0.03,49.6
SMI_ARN_2,-74.0259,42.9702,699,6/1/26,0,54.3
SMI_ARN_2,-74.0259,42.9702,699,6/2/26,0,53.4
SMI_ARN_2,-74.0259,42.9702,699,6/3/26,0,61.1
SMI_ARN_2,-74.0259,42.9702,699,6/4/26,0,66.2
SMI_ARN_2,-74.0259,42.9702,699,6/5/26,0,66.4
SMI_ARN_2,-74.0259,42.9702,699,6/6/26,0,72
SMI_ARN_2,-74.0259,42.9702,699,6/7/26,0.18,72.5
SMI_ARN_2,-74.0259,42.9702,699,6/8/26,0.05,58.8
SMI_ARN_2,-74.0259,42.9702,699,6/9/26,0,64.2
SMI_ARN_2,-74.0259,42.9702,699,6/10/26,0,73.7
SMI_ARN_2,-74.0259,42.9702,699,6/11/26,0.3,74.5
SMI_ARN_2,-74.0259,42.9702,699,6/12/26,0,78.9
SMI_ARN_2,-74.0259,42.9702,699,6/13/26,0,73
SMI_ARN_2,-74.0259,42.9702,699,6/14/26,0,69.1
SMI_ARN_2,-74.0259,42.9702,699,6/15/26,1.68,69.9
SMI_ARN_2,-74.0259,42.9702,699,6/16/26,0,55.7
SMI_ARN_2,-74.0259,42.9702,699,6/17/26,0,62.5
SMI_ARN_2,-74.0259,42.9702,699,6/18/26,0.21,69
SMI_ARN_2,-74.0259,42.9702,699,6/19/26,1,69.2
SMI_ARN_2,-74.0259,42.9702,699,6/20/26,0,66.9
SMI_ARN_2,-74.0259,42.9702,699,6/21/26,0,61.9
SMI_ARN_2,-74.0259,42.9702,699,6/22/26,0.08,64.6
SMI_ARN_2,-74.0259,42.9702,699,6/23/26,0.95,60.3
SMI_ARN_2,-74.0259,42.9702,699,6/24/26,0,65.3
SMI_ARN_2,-74.0259,42.9702,699,6/25/26,0,65.8
SMI_ARN_2,-74.0259,42.9702,699,6/26/26,0.47,68.3
SMI_ARN_2,-74.0259,42.9702,699,6/27/26,0,68.7
SMI_ARN_2,-74.0259,42.9702,699,6/28/26,0,69.2
SMI_ARN_2,-74.0259,42.9702,699,6/29/26,0,69.5
SMI_ARN_2,-74.0259,42.9702,699,6/30/26,0,71.8
,,,,,,
SMI_ARN_3,-74.0323,42.9525,719,1/1/26,0.12,20.5
SMI_ARN_3,-74.0323,42.9525,719,1/2/26,0,8.6
SMI_ARN_3,-74.0323,42.9525,719,1/3/26,0,12.3
SMI_ARN_3,-74.0323,42.9525,719,1/4/26,0.02,19.6
SMI_ARN_3,-74.0323,42.9525,719,1/5/26,0.01,17.8
SMI_ARN_3,-74.0323,42.9525,719,1/6/26,0.04,17.7
SMI_ARN_3,-74.0323,42.9525,719,1/7/26,0.59,28.5
SMI_ARN_3,-74.0323,42.9525,719,1/8/26,0.05,32.7
SMI_ARN_3,-74.0323,42.9525,719,1/9/26,0,31.8
SMI_ARN_3,-74.0323,42.9525,719,1/10/26,0.13,37.4
SMI_ARN_3,-74.0323,42.9525,719,1/11/26,0.51,34.9
SMI_ARN_3,-74.0323,42.9525,719,1/12/26,0.01,29.5
SMI_ARN_3,-74.0323,42.9525,719,1/13/26,0.02,29.4
SMI_ARN_3,-74.0323,42.9525,719,1/14/26,0,34.5
SMI_ARN_3,-74.0323,42.9525,719,1/15/26,0.3,37.9
SMI_ARN_3,-74.0323,42.9525,719,1/16/26,0.02,23
SMI_ARN_3,-74.0323,42.9525,719,1/17/26,0.01,17.7
SMI_ARN_3,-74.0323,42.9525,719,1/18/26,0.2,25
SMI_ARN_3,-74.0323,42.9525,719,1/19/26,0,22.9
SMI_ARN_3,-74.0323,42.9525,719,1/20/26,0,18
SMI_ARN_3,-74.0323,42.9525,719,1/21/26,0,8.2
SMI_ARN_3,-74.0323,42.9525,719,1/22/26,0.07,13.7
SMI_ARN_3,-74.0323,42.9525,719,1/23/26,0,25.7
SMI_ARN_3,-74.0323,42.9525,719,1/24/26,0,6.3
SMI_ARN_3,-74.0323,42.9525,719,1/25/26,0,-1.3
SMI_ARN_3,-74.0323,42.9525,719,1/26/26,0.97,6.1
SMI_ARN_3,-74.0323,42.9525,719,1/27/26,0.07,7.9
SMI_ARN_3,-74.0323,42.9525,719,1/28/26,0,6.5
SMI_ARN_3,-74.0323,42.9525,719,1/29/26,0,6.9
SMI_ARN_3,-74.0323,42.9525,719,1/30/26,0,5.8
SMI_ARN_3,-74.0323,42.9525,719,1/31/26,0,1.3
SMI_ARN_3,-74.0323,42.9525,719,2/1/26,0,2
SMI_ARN_3,-74.0323,42.9525,719,2/2/26,0,4.1
SMI_ARN_3,-74.0323,42.9525,719,2/3/26,0,11.5
SMI_ARN_3,-74.0323,42.9525,719,2/4/26,0,12.7
SMI_ARN_3,-74.0323,42.9525,719,2/5/26,0,17.2
SMI_ARN_3,-74.0323,42.9525,719,2/6/26,0,14.3
SMI_ARN_3,-74.0323,42.9525,719,2/7/26,0.09,15.6
SMI_ARN_3,-74.0323,42.9525,719,2/8/26,0,-2.7
SMI_ARN_3,-74.0323,42.9525,719,2/9/26,0,-1.8
SMI_ARN_3,-74.0323,42.9525,719,2/10/26,0,8.2
SMI_ARN_3,-74.0323,42.9525,719,2/11/26,0.13,19.6
SMI_ARN_3,-74.0323,42.9525,719,2/12/26,0.01,26
SMI_ARN_3,-74.0323,42.9525,719,2/13/26,0,18.3
SMI_ARN_3,-74.0323,42.9525,719,2/14/26,0,17.2
SMI_ARN_3,-74.0323,42.9525,719,2/15/26,0,26
SMI_ARN_3,-74.0323,42.9525,719,2/16/26,0,27.6
SMI_ARN_3,-74.0323,42.9525,719,2/17/26,0,30.9
SMI_ARN_3,-74.0323,42.9525,719,2/18/26,0,33.8
SMI_ARN_3,-74.0323,42.9525,719,2/19/26,0.01,31.5
SMI_ARN_3,-74.0323,42.9525,719,2/20/26,0,29.6
SMI_ARN_3,-74.0323,42.9525,719,2/21/26,0.94,30.7
SMI_ARN_3,-74.0323,42.9525,719,2/22/26,0,27.3
SMI_ARN_3,-74.0323,42.9525,719,2/23/26,0.03,26.7
SMI_ARN_3,-74.0323,42.9525,719,2/24/26,0,22.5
SMI_ARN_3,-74.0323,42.9525,719,2/25/26,0.06,12.7
SMI_ARN_3,-74.0323,42.9525,719,2/26/26,0.03,26.3
SMI_ARN_3,-74.0323,42.9525,719,2/27/26,0,18.5
SMI_ARN_3,-74.0323,42.9525,719,2/28/26,0,23.5
SMI_ARN_3,-74.0323,42.9525,719,3/1/26,0,35.5
SMI_ARN_3,-74.0323,42.9525,719,3/2/26,0,15.7
SMI_ARN_3,-74.0323,42.9525,719,3/3/26,0,14.2
SMI_ARN_3,-74.0323,42.9525,719,3/4/26,0.33,21
SMI_ARN_3,-74.0323,42.9525,719,3/5/26,0,34.6
SMI_ARN_3,-74.0323,42.9525,719,3/6/26,0.55,31.6
SMI_ARN_3,-74.0323,42.9525,719,3/7/26,0,32.4
SMI_ARN_3,-74.0323,42.9525,719,3/8/26,0.3,38.1
SMI_ARN_3,-74.0323,42.9525,719,3/9/26,0,36.9
SMI_ARN_3,-74.0323,42.9525,719,3/10/26,0,47.7
SMI_ARN_3,-74.0323,42.9525,719,3/11/26,0,51
SMI_ARN_3,-74.0323,42.9525,719,3/12/26,0.12,50.4
SMI_ARN_3,-74.0323,42.9525,719,3/13/26,0,28.7
SMI_ARN_3,-74.0323,42.9525,719,3/14/26,0.07,30.3
SMI_ARN_3,-74.0323,42.9525,719,3/15/26,0,28.9
SMI_ARN_3,-74.0323,42.9525,719,3/16/26,0.05,33.5
SMI_ARN_3,-74.0323,42.9525,719,3/17/26,0.21,42.4
SMI_ARN_3,-74.0323,42.9525,719,3/18/26,0,21
SMI_ARN_3,-74.0323,42.9525,719,3/19/26,0,24.1
SMI_ARN_3,-74.0323,42.9525,719,3/20/26,0,30.1
SMI_ARN_3,-74.0323,42.9525,719,3/21/26,0.36,36.4
SMI_ARN_3,-74.0323,42.9525,719,3/22/26,0,36.1
SMI_ARN_3,-74.0323,42.9525,719,3/23/26,0.43,36.5
SMI_ARN_3,-74.0323,42.9525,719,3/24/26,0,28.5
SMI_ARN_3,-74.0323,42.9525,719,3/25/26,0,34.1
SMI_ARN_3,-74.0323,42.9525,719,3/26/26,0,40.1
SMI_ARN_3,-74.0323,42.9525,719,3/27/26,0.65,49.6
SMI_ARN_3,-74.0323,42.9525,719,3/28/26,0,28.3
SMI_ARN_3,-74.0323,42.9525,719,3/29/26,0,27
SMI_ARN_3,-74.0323,42.9525,719,3/30/26,0,38.6
SMI_ARN_3,-74.0323,42.9525,719,3/31/26,0.67,52.1
SMI_ARN_3,-74.0323,42.9525,719,4/1/26,1.1,59.2
SMI_ARN_3,-74.0323,42.9525,719,4/2/26,0.15,44.3
SMI_ARN_3,-74.0323,42.9525,719,4/3/26,0.21,36.3
SMI_ARN_3,-74.0323,42.9525,719,4/4/26,0.02,48.9
SMI_ARN_3,-74.0323,42.9525,719,4/5/26,0,47.7
SMI_ARN_3,-74.0323,42.9525,719,4/6/26,0.19,39.3
SMI_ARN_3,-74.0323,42.9525,719,4/7/26,0,34.6
SMI_ARN_3,-74.0323,42.9525,719,4/8/26,0.01,27.7
SMI_ARN_3,-74.0323,42.9525,719,4/9/26,0,36.1
SMI_ARN_3,-74.0323,42.9525,719,4/10/26,0,46.8
SMI_ARN_3,-74.0323,42.9525,719,4/11/26,0.01,53.6
SMI_ARN_3,-74.0323,42.9525,719,4/12/26,0,38
SMI_ARN_3,-74.0323,42.9525,719,4/13/26,0,43.6
SMI_ARN_3,-74.0323,42.9525,719,4/14/26,0.02,58.1
SMI_ARN_3,-74.0323,42.9525,719,4/15/26,0.16,64.8
SMI_ARN_3,-74.0323,42.9525,719,4/16/26,0.07,64.9
SMI_ARN_3,-74.0323,42.9525,719,4/17/26,0.09,70.9
SMI_ARN_3,-74.0323,42.9525,719,4/18/26,0,56.6
SMI_ARN_3,-74.0323,42.9525,719,4/19/26,0.1,58
SMI_ARN_3,-74.0323,42.9525,719,4/20/26,0.17,36
SMI_ARN_3,-74.0323,42.9525,719,4/21/26,0,32.1
SMI_ARN_3,-74.0323,42.9525,719,4/22/26,0,40.4
SMI_ARN_3,-74.0323,42.9525,719,4/23/26,0,41.8
SMI_ARN_3,-74.0323,42.9525,719,4/24/26,0,51.5
SMI_ARN_3,-74.0323,42.9525,719,4/25/26,0,45
SMI_ARN_3,-74.0323,42.9525,719,4/26/26,0,45.7
SMI_ARN_3,-74.0323,42.9525,719,4/27/26,0,50.7
SMI_ARN_3,-74.0323,42.9525,719,4/28/26,0,56.3
SMI_ARN_3,-74.0323,42.9525,719,4/29/26,0,57.8
SMI_ARN_3,-74.0323,42.9525,719,4/30/26,0.63,55.7
SMI_ARN_3,-74.0323,42.9525,719,5/1/26,0,47.3
SMI_ARN_3,-74.0323,42.9525,719,5/2/26,0.06,49.6
SMI_ARN_3,-74.0323,42.9525,719,5/3/26,0,43.6
SMI_ARN_3,-74.0323,42.9525,719,5/4/26,0,45.7
SMI_ARN_3,-74.0323,42.9525,719,5/5/26,0.03,59.1
SMI_ARN_3,-74.0323,42.9525,719,5/6/26,0.09,66
SMI_ARN_3,-74.0323,42.9525,719,5/7/26,0.62,48
SMI_ARN_3,-74.0323,42.9525,719,5/8/26,0,45.2
SMI_ARN_3,-74.0323,42.9525,719,5/9/26,0.01,44.1
SMI_ARN_3,-74.0323,42.9525,719,5/10/26,0.33,47
SMI_ARN_3,-74.0323,42.9525,719,5/11/26,0,49.4
SMI_ARN_3,-74.0323,42.9525,719,5/12/26,0,46
SMI_ARN_3,-74.0323,42.9525,719,5/13/26,0.03,51.5
SMI_ARN_3,-74.0323,42.9525,719,5/14/26,0.33,49.8
SMI_ARN_3,-74.0323,42.9525,719,5/15/26,0.24,50.3
SMI_ARN_3,-74.0323,42.9525,719,5/16/26,0.02,52.8
SMI_ARN_3,-74.0323,42.9525,719,5/17/26,0,65.4
SMI_ARN_3,-74.0323,42.9525,719,5/18/26,0,68.5
SMI_ARN_3,-74.0323,42.9525,719,5/19/26,0,76.9
SMI_ARN_3,-74.0323,42.9525,719,5/20/26,0,75.8
SMI_ARN_3,-74.0323,42.9525,719,5/21/26,0,61.7
SMI_ARN_3,-74.0323,42.9525,719,5/22/26,0,50
SMI_ARN_3,-74.0323,42.9525,719,5/23/26,0,54.3
SMI_ARN_3,-74.0323,42.9525,719,5/24/26,0.53,52.7
SMI_ARN_3,-74.0323,42.9525,719,5/25/26,0.86,49.5
SMI_ARN_3,-74.0323,42.9525,719,5/26/26,0,60.3
SMI_ARN_3,-74.0323,42.9525,719,5/27/26,0,68.9
SMI_ARN_3,-74.0323,42.9525,719,5/28/26,0,68
SMI_ARN_3,-74.0323,42.9525,719,5/29/26,0.01,58.7
SMI_ARN_3,-74.0323,42.9525,719,5/30/26,0.07,57.3
SMI_ARN_3,-74.0323,42.9525,719,5/31/26,0.02,49.8
SMI_ARN_3,-74.0323,42.9525,719,6/1/26,0,54.5
SMI_ARN_3,-74.0323,42.9525,719,6/2/26,0,53.7
SMI_ARN_3,-74.0323,42.9525,719,6/3/26,0,61.2
SMI_ARN_3,-74.0323,42.9525,719,6/4/26,0,66.3
SMI_ARN_3,-74.0323,42.9525,719,6/5/26,0,66.5
SMI_ARN_3,-74.0323,42.9525,719,6/6/26,0,71.9
SMI_ARN_3,-74.0323,42.9525,719,6/7/26,0.17,72.7
SMI_ARN_3,-74.0323,42.9525,719,6/8/26,0.05,58.9
SMI_ARN_3,-74.0323,42.9525,719,6/9/26,0,64.2
SMI_ARN_3,-74.0323,42.9525,719,6/10/26,0,74
SMI_ARN_3,-74.0323,42.9525,719,6/11/26,0.33,74.7
SMI_ARN_3,-74.0323,42.9525,719,6/12/26,0,78.8
SMI_ARN_3,-74.0323,42.9525,719,6/13/26,0,73.1
SMI_ARN_3,-74.0323,42.9525,719,6/14/26,0,69.2
SMI_ARN_3,-74.0323,42.9525,719,6/15/26,1.66,69.8
SMI_ARN_3,-74.0323,42.9525,719,6/16/26,0,55.7
SMI_ARN_3,-74.0323,42.9525,719,6/17/26,0,62.7
SMI_ARN_3,-74.0323,42.9525,719,6/18/26,0.18,69.1
SMI_ARN_3,-74.0323,42.9525,719,6/19/26,0.72,69.3
SMI_ARN_3,-74.0323,42.9525,719,6/20/26,0,66.8
SMI_ARN_3,-74.0323,42.9525,719,6/21/26,0,62
SMI_ARN_3,-74.0323,42.9525,719,6/22/26,0.03,64.6
SMI_ARN_3,-74.0323,42.9525,719,6/23/26,0.95,60.3
SMI_ARN_3,-74.0323,42.9525,719,6/24/26,0,65.3
SMI_ARN_3,-74.0323,42.9525,719,6/25/26,0,65.8
SMI_ARN_3,-74.0323,42.9525,719,6/26/26,0.46,68.3
SMI_ARN_3,-74.0323,42.9525,719,6/27/26,0,68.8
SMI_ARN_3,-74.0323,42.9525,719,6/28/26,0,69.3
SMI_ARN_3,-74.0323,42.9525,719,6/29/26,0,69.7
SMI_ARN_3,-74.0323,42.9525,719,6/30/26,0,72
,,,,,,
SMI_BUR,-75.0354,43.2314,1024,1/1/26,0.12,17.6
SMI_BUR,-75.0354,43.2314,1024,1/2/26,0.01,8.4
SMI_BUR,-75.0354,43.2314,1024,1/3/26,0.04,13.8
SMI_BUR,-75.0354,43.2314,1024,1/4/26,0.02,16.5
SMI_BUR,-75.0354,43.2314,1024,1/5/26,0,15
SMI_BUR,-75.0354,43.2314,1024,1/6/26,0.11,17.7
SMI_BUR,-75.0354,43.2314,1024,1/7/26,0.64,26.6
SMI_BUR,-75.0354,43.2314,1024,1/8/26,0,30.9
SMI_BUR,-75.0354,43.2314,1024,1/9/26,0,32.1
SMI_BUR,-75.0354,43.2314,1024,1/10/26,0.3,38.4
SMI_BUR,-75.0354,43.2314,1024,1/11/26,0.76,33.5
SMI_BUR,-75.0354,43.2314,1024,1/12/26,0.01,26.3
SMI_BUR,-75.0354,43.2314,1024,1/13/26,0.05,27.5
SMI_BUR,-75.0354,43.2314,1024,1/14/26,0,33.2
SMI_BUR,-75.0354,43.2314,1024,1/15/26,0.48,36
SMI_BUR,-75.0354,43.2314,1024,1/16/26,0,18.9
SMI_BUR,-75.0354,43.2314,1024,1/17/26,0.03,15.8
SMI_BUR,-75.0354,43.2314,1024,1/18/26,0.13,26.1
SMI_BUR,-75.0354,43.2314,1024,1/19/26,0,17.3
SMI_BUR,-75.0354,43.2314,1024,1/20/26,0.02,16.6
SMI_BUR,-75.0354,43.2314,1024,1/21/26,0,8.6
SMI_BUR,-75.0354,43.2314,1024,1/22/26,0.36,17.6
SMI_BUR,-75.0354,43.2314,1024,1/23/26,0.02,21.8
SMI_BUR,-75.0354,43.2314,1024,1/24/26,0,1.1
SMI_BUR,-75.0354,43.2314,1024,1/25/26,0,-4.3
SMI_BUR,-75.0354,43.2314,1024,1/26/26,0.75,7.2
SMI_BUR,-75.0354,43.2314,1024,1/27/26,0.01,6.6
SMI_BUR,-75.0354,43.2314,1024,1/28/26,0.03,5.3
SMI_BUR,-75.0354,43.2314,1024,1/29/26,0,4.2
SMI_BUR,-75.0354,43.2314,1024,1/30/26,0.01,2.7
SMI_BUR,-75.0354,43.2314,1024,1/31/26,0,-0.4
SMI_BUR,-75.0354,43.2314,1024,2/1/26,0,-0.7
SMI_BUR,-75.0354,43.2314,1024,2/2/26,0,1.1
SMI_BUR,-75.0354,43.2314,1024,2/3/26,0,6.5
SMI_BUR,-75.0354,43.2314,1024,2/4/26,0.03,10.2
SMI_BUR,-75.0354,43.2314,1024,2/5/26,0,14.7
SMI_BUR,-75.0354,43.2314,1024,2/6/26,0,11.5
SMI_BUR,-75.0354,43.2314,1024,2/7/26,0.17,12.7
SMI_BUR,-75.0354,43.2314,1024,2/8/26,0,-7.7
SMI_BUR,-75.0354,43.2314,1024,2/9/26,0,-5.8
SMI_BUR,-75.0354,43.2314,1024,2/10/26,0,3.4
SMI_BUR,-75.0354,43.2314,1024,2/11/26,0.09,19.7
SMI_BUR,-75.0354,43.2314,1024,2/12/26,0.04,24.2
SMI_BUR,-75.0354,43.2314,1024,2/13/26,0,13
SMI_BUR,-75.0354,43.2314,1024,2/14/26,0,11.4
SMI_BUR,-75.0354,43.2314,1024,2/15/26,0,24.6
SMI_BUR,-75.0354,43.2314,1024,2/16/26,0,28.7
SMI_BUR,-75.0354,43.2314,1024,2/17/26,0.05,32.4
SMI_BUR,-75.0354,43.2314,1024,2/18/26,0,33.2
SMI_BUR,-75.0354,43.2314,1024,2/19/26,0.03,32.1
SMI_BUR,-75.0354,43.2314,1024,2/20/26,0,30.2
SMI_BUR,-75.0354,43.2314,1024,2/21/26,0.85,31.2
SMI_BUR,-75.0354,43.2314,1024,2/22/26,0,28.6
SMI_BUR,-75.0354,43.2314,1024,2/23/26,0.03,27
SMI_BUR,-75.0354,43.2314,1024,2/24/26,0,18.9
SMI_BUR,-75.0354,43.2314,1024,2/25/26,0.11,11.7
SMI_BUR,-75.0354,43.2314,1024,2/26/26,0.14,26.5
SMI_BUR,-75.0354,43.2314,1024,2/27/26,0,12.4
SMI_BUR,-75.0354,43.2314,1024,2/28/26,0,19.7
SMI_BUR,-75.0354,43.2314,1024,3/1/26,0.02,33
SMI_BUR,-75.0354,43.2314,1024,3/2/26,0,8.9
SMI_BUR,-75.0354,43.2314,1024,3/3/26,0,9.1
SMI_BUR,-75.0354,43.2314,1024,3/4/26,0.19,25.3
SMI_BUR,-75.0354,43.2314,1024,3/5/26,0,33.3
SMI_BUR,-75.0354,43.2314,1024,3/6/26,0.37,36.1
SMI_BUR,-75.0354,43.2314,1024,3/7/26,0,35.1
SMI_BUR,-75.0354,43.2314,1024,3/8/26,0.25,44.2
SMI_BUR,-75.0354,43.2314,1024,3/9/26,0,36.9
SMI_BUR,-75.0354,43.2314,1024,3/10/26,0,48.2
SMI_BUR,-75.0354,43.2314,1024,3/11/26,0.01,50.4
SMI_BUR,-75.0354,43.2314,1024,3/12/26,0.34,45.8
SMI_BUR,-75.0354,43.2314,1024,3/13/26,0,23.6
SMI_BUR,-75.0354,43.2314,1024,3/14/26,0.29,27.6
SMI_BUR,-75.0354,43.2314,1024,3/15/26,0.05,22.7
SMI_BUR,-75.0354,43.2314,1024,3/16/26,0,33.2
SMI_BUR,-75.0354,43.2314,1024,3/17/26,0.8,39.6
SMI_BUR,-75.0354,43.2314,1024,3/18/26,0,14.6
SMI_BUR,-75.0354,43.2314,1024,3/19/26,0,19.8
SMI_BUR,-75.0354,43.2314,1024,3/20/26,0,30.4
SMI_BUR,-75.0354,43.2314,1024,3/21/26,0.49,35.2
SMI_BUR,-75.0354,43.2314,1024,3/22/26,0.03,33.8
SMI_BUR,-75.0354,43.2314,1024,3/23/26,0.47,36.8
SMI_BUR,-75.0354,43.2314,1024,3/24/26,0,26.8
SMI_BUR,-75.0354,43.2314,1024,3/25/26,0,31.1
SMI_BUR,-75.0354,43.2314,1024,3/26/26,0,38.5
SMI_BUR,-75.0354,43.2314,1024,3/27/26,0.74,43.5
SMI_BUR,-75.0354,43.2314,1024,3/28/26,0,24.3
SMI_BUR,-75.0354,43.2314,1024,3/29/26,0,24.3
SMI_BUR,-75.0354,43.2314,1024,3/30/26,0,37.3
SMI_BUR,-75.0354,43.2314,1024,3/31/26,1.1,53.6
SMI_BUR,-75.0354,43.2314,1024,4/1/26,1.41,56.5
SMI_BUR,-75.0354,43.2314,1024,4/2/26,0.04,41.3
SMI_BUR,-75.0354,43.2314,1024,4/3/26,0.29,37.8
SMI_BUR,-75.0354,43.2314,1024,4/4/26,0.01,53.6
SMI_BUR,-75.0354,43.2314,1024,4/5/26,0.49,48.1
SMI_BUR,-75.0354,43.2314,1024,4/6/26,0.17,38
SMI_BUR,-75.0354,43.2314,1024,4/7/26,0.05,33.8
SMI_BUR,-75.0354,43.2314,1024,4/8/26,0,22.3
SMI_BUR,-75.0354,43.2314,1024,4/9/26,0,34.8
SMI_BUR,-75.0354,43.2314,1024,4/10/26,0,51.6
SMI_BUR,-75.0354,43.2314,1024,4/11/26,0.2,53.1
SMI_BUR,-75.0354,43.2314,1024,4/12/26,0,34.6
SMI_BUR,-75.0354,43.2314,1024,4/13/26,0.02,45.4
SMI_BUR,-75.0354,43.2314,1024,4/14/26,0.11,58.2
SMI_BUR,-75.0354,43.2314,1024,4/15/26,0.02,63.7
SMI_BUR,-75.0354,43.2314,1024,4/16/26,0.13,62.8
SMI_BUR,-75.0354,43.2314,1024,4/17/26,0.11,68
SMI_BUR,-75.0354,43.2314,1024,4/18/26,0,57.4
SMI_BUR,-75.0354,43.2314,1024,4/19/26,0.34,55.8
SMI_BUR,-75.0354,43.2314,1024,4/20/26,0.1,35
SMI_BUR,-75.0354,43.2314,1024,4/21/26,0,29.7
SMI_BUR,-75.0354,43.2314,1024,4/22/26,0,38.3
SMI_BUR,-75.0354,43.2314,1024,4/23/26,0,47.9
SMI_BUR,-75.0354,43.2314,1024,4/24/26,0,51.9
SMI_BUR,-75.0354,43.2314,1024,4/25/26,0,48.1
SMI_BUR,-75.0354,43.2314,1024,4/26/26,0,42.9
SMI_BUR,-75.0354,43.2314,1024,4/27/26,0,48.3
SMI_BUR,-75.0354,43.2314,1024,4/28/26,0,58.6
SMI_BUR,-75.0354,43.2314,1024,4/29/26,0,59.4
SMI_BUR,-75.0354,43.2314,1024,4/30/26,1.32,53.9
SMI_BUR,-75.0354,43.2314,1024,5/1/26,0,41
SMI_BUR,-75.0354,43.2314,1024,5/2/26,0.07,45.7
SMI_BUR,-75.0354,43.2314,1024,5/3/26,0,39.6
SMI_BUR,-75.0354,43.2314,1024,5/4/26,0.04,44.9
SMI_BUR,-75.0354,43.2314,1024,5/5/26,0.01,58.7
SMI_BUR,-75.0354,43.2314,1024,5/6/26,0.2,59.6
SMI_BUR,-75.0354,43.2314,1024,5/7/26,0.23,40.8
SMI_BUR,-75.0354,43.2314,1024,5/8/26,0,43.8
SMI_BUR,-75.0354,43.2314,1024,5/9/26,0,41.7
SMI_BUR,-75.0354,43.2314,1024,5/10/26,0.13,47.6
SMI_BUR,-75.0354,43.2314,1024,5/11/26,0,43.8
SMI_BUR,-75.0354,43.2314,1024,5/12/26,0,41.2
SMI_BUR,-75.0354,43.2314,1024,5/13/26,0.14,48.3
SMI_BUR,-75.0354,43.2314,1024,5/14/26,0.62,49.9
SMI_BUR,-75.0354,43.2314,1024,5/15/26,0.16,47.2
SMI_BUR,-75.0354,43.2314,1024,5/16/26,0,48.6
SMI_BUR,-75.0354,43.2314,1024,5/17/26,0.07,62.7
SMI_BUR,-75.0354,43.2314,1024,5/18/26,0,67.4
SMI_BUR,-75.0354,43.2314,1024,5/19/26,0,75.3
SMI_BUR,-75.0354,43.2314,1024,5/20/26,0.01,74.6
SMI_BUR,-75.0354,43.2314,1024,5/21/26,0.04,55.6
SMI_BUR,-75.0354,43.2314,1024,5/22/26,0,48.2
SMI_BUR,-75.0354,43.2314,1024,5/23/26,0,54
SMI_BUR,-75.0354,43.2314,1024,5/24/26,0.58,52.1
SMI_BUR,-75.0354,43.2314,1024,5/25/26,1.56,50
SMI_BUR,-75.0354,43.2314,1024,5/26/26,0,56
SMI_BUR,-75.0354,43.2314,1024,5/27/26,0,67.1
SMI_BUR,-75.0354,43.2314,1024,5/28/26,0,64
SMI_BUR,-75.0354,43.2314,1024,5/29/26,0.01,54
SMI_BUR,-75.0354,43.2314,1024,5/30/26,0.04,55.3
SMI_BUR,-75.0354,43.2314,1024,5/31/26,0,50
SMI_BUR,-75.0354,43.2314,1024,6/1/26,0.07,52.3
SMI_BUR,-75.0354,43.2314,1024,6/2/26,0,52.7
SMI_BUR,-75.0354,43.2314,1024,6/3/26,0,56.7
SMI_BUR,-75.0354,43.2314,1024,6/4/26,0,61.6
SMI_BUR,-75.0354,43.2314,1024,6/5/26,0,63.1
SMI_BUR,-75.0354,43.2314,1024,6/6/26,0,70.8
SMI_BUR,-75.0354,43.2314,1024,6/7/26,0.05,68.4
SMI_BUR,-75.0354,43.2314,1024,6/8/26,0.06,55.8
SMI_BUR,-75.0354,43.2314,1024,6/9/26,0,64
SMI_BUR,-75.0354,43.2314,1024,6/10/26,0,74.4
SMI_BUR,-75.0354,43.2314,1024,6/11/26,0.28,73.1
SMI_BUR,-75.0354,43.2314,1024,6/12/26,0.02,76.2
SMI_BUR,-75.0354,43.2314,1024,6/13/26,0.02,68.6
SMI_BUR,-75.0354,43.2314,1024,6/14/26,0,67.8
SMI_BUR,-75.0354,43.2314,1024,6/15/26,0.59,66.4
SMI_BUR,-75.0354,43.2314,1024,6/16/26,0,51
SMI_BUR,-75.0354,43.2314,1024,6/17/26,0,61.8
SMI_BUR,-75.0354,43.2314,1024,6/18/26,0.18,66.8
SMI_BUR,-75.0354,43.2314,1024,6/19/26,0.29,67.2
SMI_BUR,-75.0354,43.2314,1024,6/20/26,0,62.9
SMI_BUR,-75.0354,43.2314,1024,6/21/26,0,57.8
SMI_BUR,-75.0354,43.2314,1024,6/22/26,0,61.2
SMI_BUR,-75.0354,43.2314,1024,6/23/26,0.64,59.6
SMI_BUR,-75.0354,43.2314,1024,6/24/26,0,61.2
SMI_BUR,-75.0354,43.2314,1024,6/25/26,0,62.5
SMI_BUR,-75.0354,43.2314,1024,6/26/26,0.15,65.9
SMI_BUR,-75.0354,43.2314,1024,6/27/26,0,64.8
SMI_BUR,-75.0354,43.2314,1024,6/28/26,0,68.1
SMI_BUR,-75.0354,43.2314,1024,6/29/26,0,68.3
SMI_BUR,-75.0354,43.2314,1024,6/30/26,0,72.1
,,,,,,
SMI_BUR_2,-75.0338,43.2264,981,1/1/26,0.11,17.9
SMI_BUR_2,-75.0338,43.2264,981,1/2/26,0.01,8.8
SMI_BUR_2,-75.0338,43.2264,981,1/3/26,0.05,14.1
SMI_BUR_2,-75.0338,43.2264,981,1/4/26,0.02,16.7
SMI_BUR_2,-75.0338,43.2264,981,1/5/26,0,15.2
SMI_BUR_2,-75.0338,43.2264,981,1/6/26,0.11,17.8
SMI_BUR_2,-75.0338,43.2264,981,1/7/26,0.66,26.7
SMI_BUR_2,-75.0338,43.2264,981,1/8/26,0,31
SMI_BUR_2,-75.0338,43.2264,981,1/9/26,0,32.1
SMI_BUR_2,-75.0338,43.2264,981,1/10/26,0.3,38.6
SMI_BUR_2,-75.0338,43.2264,981,1/11/26,0.74,33.6
SMI_BUR_2,-75.0338,43.2264,981,1/12/26,0.01,26.6
SMI_BUR_2,-75.0338,43.2264,981,1/13/26,0.04,27.8
SMI_BUR_2,-75.0338,43.2264,981,1/14/26,0,33.3
SMI_BUR_2,-75.0338,43.2264,981,1/15/26,0.48,36.1
SMI_BUR_2,-75.0338,43.2264,981,1/16/26,0,19.1
SMI_BUR_2,-75.0338,43.2264,981,1/17/26,0.03,16.1
SMI_BUR_2,-75.0338,43.2264,981,1/18/26,0.13,26.3
SMI_BUR_2,-75.0338,43.2264,981,1/19/26,0,17.7
SMI_BUR_2,-75.0338,43.2264,981,1/20/26,0.02,16.9
SMI_BUR_2,-75.0338,43.2264,981,1/21/26,0,8.8
SMI_BUR_2,-75.0338,43.2264,981,1/22/26,0.35,18
SMI_BUR_2,-75.0338,43.2264,981,1/23/26,0.02,22
SMI_BUR_2,-75.0338,43.2264,981,1/24/26,0,1.3
SMI_BUR_2,-75.0338,43.2264,981,1/25/26,0,-4.1
SMI_BUR_2,-75.0338,43.2264,981,1/26/26,0.74,7.5
SMI_BUR_2,-75.0338,43.2264,981,1/27/26,0.01,6.8
SMI_BUR_2,-75.0338,43.2264,981,1/28/26,0.03,5.5
SMI_BUR_2,-75.0338,43.2264,981,1/29/26,0,4.5
SMI_BUR_2,-75.0338,43.2264,981,1/30/26,0.02,2.9
SMI_BUR_2,-75.0338,43.2264,981,1/31/26,0,-0.1
SMI_BUR_2,-75.0338,43.2264,981,2/1/26,0,-0.4
SMI_BUR_2,-75.0338,43.2264,981,2/2/26,0,1.2
SMI_BUR_2,-75.0338,43.2264,981,2/3/26,0,6.7
SMI_BUR_2,-75.0338,43.2264,981,2/4/26,0.03,10.6
SMI_BUR_2,-75.0338,43.2264,981,2/5/26,0,14.9
SMI_BUR_2,-75.0338,43.2264,981,2/6/26,0,11.6
SMI_BUR_2,-75.0338,43.2264,981,2/7/26,0.16,13
SMI_BUR_2,-75.0338,43.2264,981,2/8/26,0,-7.6
SMI_BUR_2,-75.0338,43.2264,981,2/9/26,0,-5.6
SMI_BUR_2,-75.0338,43.2264,981,2/10/26,0,3.5
SMI_BUR_2,-75.0338,43.2264,981,2/11/26,0.09,20
SMI_BUR_2,-75.0338,43.2264,981,2/12/26,0.04,24.3
SMI_BUR_2,-75.0338,43.2264,981,2/13/26,0,13.3
SMI_BUR_2,-75.0338,43.2264,981,2/14/26,0,11.8
SMI_BUR_2,-75.0338,43.2264,981,2/15/26,0,24.7
SMI_BUR_2,-75.0338,43.2264,981,2/16/26,0,28.9
SMI_BUR_2,-75.0338,43.2264,981,2/17/26,0.05,32.6
SMI_BUR_2,-75.0338,43.2264,981,2/18/26,0,33.3
SMI_BUR_2,-75.0338,43.2264,981,2/19/26,0.03,32.1
SMI_BUR_2,-75.0338,43.2264,981,2/20/26,0,30.3
SMI_BUR_2,-75.0338,43.2264,981,2/21/26,0.84,31.3
SMI_BUR_2,-75.0338,43.2264,981,2/22/26,0,28.7
SMI_BUR_2,-75.0338,43.2264,981,2/23/26,0.03,27.1
SMI_BUR_2,-75.0338,43.2264,981,2/24/26,0,19.2
SMI_BUR_2,-75.0338,43.2264,981,2/25/26,0.11,11.9
SMI_BUR_2,-75.0338,43.2264,981,2/26/26,0.14,26.5
SMI_BUR_2,-75.0338,43.2264,981,2/27/26,0,13
SMI_BUR_2,-75.0338,43.2264,981,2/28/26,0,20.1
SMI_BUR_2,-75.0338,43.2264,981,3/1/26,0.02,33.2
SMI_BUR_2,-75.0338,43.2264,981,3/2/26,0,9.2
SMI_BUR_2,-75.0338,43.2264,981,3/3/26,0,9.6
SMI_BUR_2,-75.0338,43.2264,981,3/4/26,0.19,25.5
SMI_BUR_2,-75.0338,43.2264,981,3/5/26,0,33.5
SMI_BUR_2,-75.0338,43.2264,981,3/6/26,0.37,36.1
SMI_BUR_2,-75.0338,43.2264,981,3/7/26,0,35.2
SMI_BUR_2,-75.0338,43.2264,981,3/8/26,0.25,44.5
SMI_BUR_2,-75.0338,43.2264,981,3/9/26,0,37.2
SMI_BUR_2,-75.0338,43.2264,981,3/10/26,0,48.4
SMI_BUR_2,-75.0338,43.2264,981,3/11/26,0.01,50.7
SMI_BUR_2,-75.0338,43.2264,981,3/12/26,0.34,46.1
SMI_BUR_2,-75.0338,43.2264,981,3/13/26,0,24
SMI_BUR_2,-75.0338,43.2264,981,3/14/26,0.3,27.7
SMI_BUR_2,-75.0338,43.2264,981,3/15/26,0.05,22.9
SMI_BUR_2,-75.0338,43.2264,981,3/16/26,0,33.3
SMI_BUR_2,-75.0338,43.2264,981,3/17/26,0.81,39.8
SMI_BUR_2,-75.0338,43.2264,981,3/18/26,0,14.8
SMI_BUR_2,-75.0338,43.2264,981,3/19/26,0,20
SMI_BUR_2,-75.0338,43.2264,981,3/20/26,0,30.6
SMI_BUR_2,-75.0338,43.2264,981,3/21/26,0.49,35.5
SMI_BUR_2,-75.0338,43.2264,981,3/22/26,0.03,34
SMI_BUR_2,-75.0338,43.2264,981,3/23/26,0.47,37
SMI_BUR_2,-75.0338,43.2264,981,3/24/26,0,27
SMI_BUR_2,-75.0338,43.2264,981,3/25/26,0,31.4
SMI_BUR_2,-75.0338,43.2264,981,3/26/26,0,38.8
SMI_BUR_2,-75.0338,43.2264,981,3/27/26,0.74,43.8
SMI_BUR_2,-75.0338,43.2264,981,3/28/26,0,24.7
SMI_BUR_2,-75.0338,43.2264,981,3/29/26,0,24.5
SMI_BUR_2,-75.0338,43.2264,981,3/30/26,0,37.5
SMI_BUR_2,-75.0338,43.2264,981,3/31/26,1.09,53.8
SMI_BUR_2,-75.0338,43.2264,981,4/1/26,1.39,56.7
SMI_BUR_2,-75.0338,43.2264,981,4/2/26,0.04,41.4
SMI_BUR_2,-75.0338,43.2264,981,4/3/26,0.29,38
SMI_BUR_2,-75.0338,43.2264,981,4/4/26,0.01,53.9
SMI_BUR_2,-75.0338,43.2264,981,4/5/26,0.49,48.3
SMI_BUR_2,-75.0338,43.2264,981,4/6/26,0.17,38.3
SMI_BUR_2,-75.0338,43.2264,981,4/7/26,0.05,34
SMI_BUR_2,-75.0338,43.2264,981,4/8/26,0,22.7
SMI_BUR_2,-75.0338,43.2264,981,4/9/26,0,35.2
SMI_BUR_2,-75.0338,43.2264,981,4/10/26,0,51.8
SMI_BUR_2,-75.0338,43.2264,981,4/11/26,0.2,53.4
SMI_BUR_2,-75.0338,43.2264,981,4/12/26,0,34.9
SMI_BUR_2,-75.0338,43.2264,981,4/13/26,0.02,45.6
SMI_BUR_2,-75.0338,43.2264,981,4/14/26,0.11,58.4
SMI_BUR_2,-75.0338,43.2264,981,4/15/26,0.02,64
SMI_BUR_2,-75.0338,43.2264,981,4/16/26,0.13,62.9
SMI_BUR_2,-75.0338,43.2264,981,4/17/26,0.12,68.2
SMI_BUR_2,-75.0338,43.2264,981,4/18/26,0,57.5
SMI_BUR_2,-75.0338,43.2264,981,4/19/26,0.34,55.9
SMI_BUR_2,-75.0338,43.2264,981,4/20/26,0.1,35.2
SMI_BUR_2,-75.0338,43.2264,981,4/21/26,0,29.9
SMI_BUR_2,-75.0338,43.2264,981,4/22/26,0.01,38.5
SMI_BUR_2,-75.0338,43.2264,981,4/23/26,0,48.3
SMI_BUR_2,-75.0338,43.2264,981,4/24/26,0,52.2
SMI_BUR_2,-75.0338,43.2264,981,4/25/26,0,48.3
SMI_BUR_2,-75.0338,43.2264,981,4/26/26,0,43.2
SMI_BUR_2,-75.0338,43.2264,981,4/27/26,0,48.6
SMI_BUR_2,-75.0338,43.2264,981,4/28/26,0,58.7
SMI_BUR_2,-75.0338,43.2264,981,4/29/26,0,59.7
SMI_BUR_2,-75.0338,43.2264,981,4/30/26,1.3,54.2
SMI_BUR_2,-75.0338,43.2264,981,5/1/26,0,41.2
SMI_BUR_2,-75.0338,43.2264,981,5/2/26,0.07,45.8
SMI_BUR_2,-75.0338,43.2264,981,5/3/26,0,39.9
SMI_BUR_2,-75.0338,43.2264,981,5/4/26,0.04,45.3
SMI_BUR_2,-75.0338,43.2264,981,5/5/26,0.02,58.9
SMI_BUR_2,-75.0338,43.2264,981,5/6/26,0.21,59.8
SMI_BUR_2,-75.0338,43.2264,981,5/7/26,0.23,41
SMI_BUR_2,-75.0338,43.2264,981,5/8/26,0,44
SMI_BUR_2,-75.0338,43.2264,981,5/9/26,0,41.9
SMI_BUR_2,-75.0338,43.2264,981,5/10/26,0.14,47.7
SMI_BUR_2,-75.0338,43.2264,981,5/11/26,0,44
SMI_BUR_2,-75.0338,43.2264,981,5/12/26,0,41.4
SMI_BUR_2,-75.0338,43.2264,981,5/13/26,0.14,48.6
SMI_BUR_2,-75.0338,43.2264,981,5/14/26,0.61,50.2
SMI_BUR_2,-75.0338,43.2264,981,5/15/26,0.15,47.4
SMI_BUR_2,-75.0338,43.2264,981,5/16/26,0,48.8
SMI_BUR_2,-75.0338,43.2264,981,5/17/26,0.07,62.9
SMI_BUR_2,-75.0338,43.2264,981,5/18/26,0,67.7
SMI_BUR_2,-75.0338,43.2264,981,5/19/26,0,75.5
SMI_BUR_2,-75.0338,43.2264,981,5/20/26,0.01,74.8
SMI_BUR_2,-75.0338,43.2264,981,5/21/26,0.04,55.8
SMI_BUR_2,-75.0338,43.2264,981,5/22/26,0,48.4
SMI_BUR_2,-75.0338,43.2264,981,5/23/26,0,54.2
SMI_BUR_2,-75.0338,43.2264,981,5/24/26,0.57,52.2
SMI_BUR_2,-75.0338,43.2264,981,5/25/26,1.53,50.3
SMI_BUR_2,-75.0338,43.2264,981,5/26/26,0,56.2
SMI_BUR_2,-75.0338,43.2264,981,5/27/26,0,67.3
SMI_BUR_2,-75.0338,43.2264,981,5/28/26,0,64.1
SMI_BUR_2,-75.0338,43.2264,981,5/29/26,0.01,54.2
SMI_BUR_2,-75.0338,43.2264,981,5/30/26,0.04,55.6
SMI_BUR_2,-75.0338,43.2264,981,5/31/26,0,50.3
SMI_BUR_2,-75.0338,43.2264,981,6/1/26,0.07,52.5
SMI_BUR_2,-75.0338,43.2264,981,6/2/26,0,53
SMI_BUR_2,-75.0338,43.2264,981,6/3/26,0,57
SMI_BUR_2,-75.0338,43.2264,981,6/4/26,0,61.8
SMI_BUR_2,-75.0338,43.2264,981,6/5/26,0,63.3
SMI_BUR_2,-75.0338,43.2264,981,6/6/26,0,71
SMI_BUR_2,-75.0338,43.2264,981,6/7/26,0.05,68.6
SMI_BUR_2,-75.0338,43.2264,981,6/8/26,0.06,56
SMI_BUR_2,-75.0338,43.2264,981,6/9/26,0,64.3
SMI_BUR_2,-75.0338,43.2264,981,6/10/26,0,74.7
SMI_BUR_2,-75.0338,43.2264,981,6/11/26,0.29,73.5
SMI_BUR_2,-75.0338,43.2264,981,6/12/26,0.03,76.5
SMI_BUR_2,-75.0338,43.2264,981,6/13/26,0.02,68.8
SMI_BUR_2,-75.0338,43.2264,981,6/14/26,0,68
SMI_BUR_2,-75.0338,43.2264,981,6/15/26,0.59,66.6
SMI_BUR_2,-75.0338,43.2264,981,6/16/26,0,51.2
SMI_BUR_2,-75.0338,43.2264,981,6/17/26,0,62.1
SMI_BUR_2,-75.0338,43.2264,981,6/18/26,0.18,67
SMI_BUR_2,-75.0338,43.2264,981,6/19/26,0.28,67.5
SMI_BUR_2,-75.0338,43.2264,981,6/20/26,0,63.1
SMI_BUR_2,-75.0338,43.2264,981,6/21/26,0,58.1
SMI_BUR_2,-75.0338,43.2264,981,6/22/26,0,61.4
SMI_BUR_2,-75.0338,43.2264,981,6/23/26,0.64,59.7
SMI_BUR_2,-75.0338,43.2264,981,6/24/26,0,61.3
SMI_BUR_2,-75.0338,43.2264,981,6/25/26,0,62.8
SMI_BUR_2,-75.0338,43.2264,981,6/26/26,0.15,66.1
SMI_BUR_2,-75.0338,43.2264,981,6/27/26,0,65
SMI_BUR_2,-75.0338,43.2264,981,6/28/26,0,68.3
SMI_BUR_2,-75.0338,43.2264,981,6/29/26,0,68.6
SMI_BUR_2,-75.0338,43.2264,981,6/30/26,0,72.4
,,,,,,
SMI_COB,-74.5153,42.6638,997,1/1/26,0.04,20.5
SMI_COB,-74.5153,42.6638,997,1/2/26,0,10.8
SMI_COB,-74.5153,42.6638,997,1/3/26,0.02,17
SMI_COB,-74.5153,42.6638,997,1/4/26,0.03,19.5
SMI_COB,-74.5153,42.6638,997,1/5/26,0.04,19.7
SMI_COB,-74.5153,42.6638,997,1/6/26,0.07,20.5
SMI_COB,-74.5153,42.6638,997,1/7/26,0.45,29.9
SMI_COB,-74.5153,42.6638,997,1/8/26,0.02,34.5
SMI_COB,-74.5153,42.6638,997,1/9/26,0,32.5
SMI_COB,-74.5153,42.6638,997,1/10/26,0.04,39.6
SMI_COB,-74.5153,42.6638,997,1/11/26,0.15,35.9
SMI_COB,-74.5153,42.6638,997,1/12/26,0.03,29.6
SMI_COB,-74.5153,42.6638,997,1/13/26,0,30.6
SMI_COB,-74.5153,42.6638,997,1/14/26,0,37.8
SMI_COB,-74.5153,42.6638,997,1/15/26,0.25,41
SMI_COB,-74.5153,42.6638,997,1/16/26,0.01,23.8
SMI_COB,-74.5153,42.6638,997,1/17/26,0.03,20.7
SMI_COB,-74.5153,42.6638,997,1/18/26,0.12,27.6
SMI_COB,-74.5153,42.6638,997,1/19/26,0.07,22.2
SMI_COB,-74.5153,42.6638,997,1/20/26,0,16.7
SMI_COB,-74.5153,42.6638,997,1/21/26,0,9.6
SMI_COB,-74.5153,42.6638,997,1/22/26,0.02,19.7
SMI_COB,-74.5153,42.6638,997,1/23/26,0,27.6
SMI_COB,-74.5153,42.6638,997,1/24/26,0,6.7
SMI_COB,-74.5153,42.6638,997,1/25/26,0,-0.7
SMI_COB,-74.5153,42.6638,997,1/26/26,1.11,5.6
SMI_COB,-74.5153,42.6638,997,1/27/26,0.03,9.8
SMI_COB,-74.5153,42.6638,997,1/28/26,0,8.2
SMI_COB,-74.5153,42.6638,997,1/29/26,0,7.7
SMI_COB,-74.5153,42.6638,997,1/30/26,0,5.6
SMI_COB,-74.5153,42.6638,997,1/31/26,0,2.3
SMI_COB,-74.5153,42.6638,997,2/1/26,0,3.6
SMI_COB,-74.5153,42.6638,997,2/2/26,0,5.6
SMI_COB,-74.5153,42.6638,997,2/3/26,0,11.7
SMI_COB,-74.5153,42.6638,997,2/4/26,0,13.1
SMI_COB,-74.5153,42.6638,997,2/5/26,0,17.6
SMI_COB,-74.5153,42.6638,997,2/6/26,0,15.1
SMI_COB,-74.5153,42.6638,997,2/7/26,0.09,16
SMI_COB,-74.5153,42.6638,997,2/8/26,0,-4.4
SMI_COB,-74.5153,42.6638,997,2/9/26,0,-2.5
SMI_COB,-74.5153,42.6638,997,2/10/26,0,8.7
SMI_COB,-74.5153,42.6638,997,2/11/26,0.07,22.9
SMI_COB,-74.5153,42.6638,997,2/12/26,0.07,25.9
SMI_COB,-74.5153,42.6638,997,2/13/26,0,16.5
SMI_COB,-74.5153,42.6638,997,2/14/26,0,17.3
SMI_COB,-74.5153,42.6638,997,2/15/26,0,27.8
SMI_COB,-74.5153,42.6638,997,2/16/26,0,28.7
SMI_COB,-74.5153,42.6638,997,2/17/26,0,32.1
SMI_COB,-74.5153,42.6638,997,2/18/26,0,36.3
SMI_COB,-74.5153,42.6638,997,2/19/26,0.22,30.6
SMI_COB,-74.5153,42.6638,997,2/20/26,0,30
SMI_COB,-74.5153,42.6638,997,2/21/26,0.57,31.4
SMI_COB,-74.5153,42.6638,997,2/22/26,0,29.1
SMI_COB,-74.5153,42.6638,997,2/23/26,0.1,28.5
SMI_COB,-74.5153,42.6638,997,2/24/26,0.07,21.9
SMI_COB,-74.5153,42.6638,997,2/25/26,0.08,14.8
SMI_COB,-74.5153,42.6638,997,2/26/26,0.06,30.6
SMI_COB,-74.5153,42.6638,997,2/27/26,0,17.9
SMI_COB,-74.5153,42.6638,997,2/28/26,0,25.5
SMI_COB,-74.5153,42.6638,997,3/1/26,0.01,37.8
SMI_COB,-74.5153,42.6638,997,3/2/26,0,15.1
SMI_COB,-74.5153,42.6638,997,3/3/26,0,15.7
SMI_COB,-74.5153,42.6638,997,3/4/26,0.35,27
SMI_COB,-74.5153,42.6638,997,3/5/26,0,38.2
SMI_COB,-74.5153,42.6638,997,3/6/26,0.62,33.2
SMI_COB,-74.5153,42.6638,997,3/7/26,0,36
SMI_COB,-74.5153,42.6638,997,3/8/26,0.24,48.2
SMI_COB,-74.5153,42.6638,997,3/9/26,0,43.2
SMI_COB,-74.5153,42.6638,997,3/10/26,0,50.3
SMI_COB,-74.5153,42.6638,997,3/11/26,0,54.8
SMI_COB,-74.5153,42.6638,997,3/12/26,0.11,54.9
SMI_COB,-74.5153,42.6638,997,3/13/26,0,28.2
SMI_COB,-74.5153,42.6638,997,3/14/26,0.04,30.7
SMI_COB,-74.5153,42.6638,997,3/15/26,0,28.4
SMI_COB,-74.5153,42.6638,997,3/16/26,0.04,37.7
SMI_COB,-74.5153,42.6638,997,3/17/26,0.82,45.7
SMI_COB,-74.5153,42.6638,997,3/18/26,0,21.5
SMI_COB,-74.5153,42.6638,997,3/19/26,0,24.4
SMI_COB,-74.5153,42.6638,997,3/20/26,0,34.4
SMI_COB,-74.5153,42.6638,997,3/21/26,0.34,40.8
SMI_COB,-74.5153,42.6638,997,3/22/26,0,38
SMI_COB,-74.5153,42.6638,997,3/23/26,0.27,40.1
SMI_COB,-74.5153,42.6638,997,3/24/26,0,28.2
SMI_COB,-74.5153,42.6638,997,3/25/26,0,34.2
SMI_COB,-74.5153,42.6638,997,3/26/26,0,41.1
SMI_COB,-74.5153,42.6638,997,3/27/26,0.71,50.7
SMI_COB,-74.5153,42.6638,997,3/28/26,0,28
SMI_COB,-74.5153,42.6638,997,3/29/26,0,26.7
SMI_COB,-74.5153,42.6638,997,3/30/26,0,40.1
SMI_COB,-74.5153,42.6638,997,3/31/26,0.16,56.9
SMI_COB,-74.5153,42.6638,997,4/1/26,0.98,62.9
SMI_COB,-74.5153,42.6638,997,4/2/26,0.33,45.6
SMI_COB,-74.5153,42.6638,997,4/3/26,0.17,38.3
SMI_COB,-74.5153,42.6638,997,4/4/26,0,55
SMI_COB,-74.5153,42.6638,997,4/5/26,0.04,51.7
SMI_COB,-74.5153,42.6638,997,4/6/26,0.23,40
SMI_COB,-74.5153,42.6638,997,4/7/26,0.02,34.8
SMI_COB,-74.5153,42.6638,997,4/8/26,0.07,26.3
SMI_COB,-74.5153,42.6638,997,4/9/26,0,36.2
SMI_COB,-74.5153,42.6638,997,4/10/26,0,49
SMI_COB,-74.5153,42.6638,997,4/11/26,0.07,55.5
SMI_COB,-74.5153,42.6638,997,4/12/26,0,37
SMI_COB,-74.5153,42.6638,997,4/13/26,0,46.3
SMI_COB,-74.5153,42.6638,997,4/14/26,0.01,63.1
SMI_COB,-74.5153,42.6638,997,4/15/26,0.2,65.1
SMI_COB,-74.5153,42.6638,997,4/16/26,0.11,67.1
SMI_COB,-74.5153,42.6638,997,4/17/26,0.11,70.1
SMI_COB,-74.5153,42.6638,997,4/18/26,0.09,56.5
SMI_COB,-74.5153,42.6638,997,4/19/26,0.11,57.1
SMI_COB,-74.5153,42.6638,997,4/20/26,0.11,35.7
SMI_COB,-74.5153,42.6638,997,4/21/26,0,30.4
SMI_COB,-74.5153,42.6638,997,4/22/26,0.05,37.7
SMI_COB,-74.5153,42.6638,997,4/23/26,0,47.7
SMI_COB,-74.5153,42.6638,997,4/24/26,0,52
SMI_COB,-74.5153,42.6638,997,4/25/26,0,46.3
SMI_COB,-74.5153,42.6638,997,4/26/26,0.24,44.3
SMI_COB,-74.5153,42.6638,997,4/27/26,0,49.5
SMI_COB,-74.5153,42.6638,997,4/28/26,0,57
SMI_COB,-74.5153,42.6638,997,4/29/26,0,59.4
SMI_COB,-74.5153,42.6638,997,4/30/26,0.32,56.6
SMI_COB,-74.5153,42.6638,997,5/1/26,0,44.2
SMI_COB,-74.5153,42.6638,997,5/2/26,0.08,47.4
SMI_COB,-74.5153,42.6638,997,5/3/26,0,40.9
SMI_COB,-74.5153,42.6638,997,5/4/26,0,45.9
SMI_COB,-74.5153,42.6638,997,5/5/26,0.02,60.9
SMI_COB,-74.5153,42.6638,997,5/6/26,0.14,64.3
SMI_COB,-74.5153,42.6638,997,5/7/26,0.31,48.3
SMI_COB,-74.5153,42.6638,997,5/8/26,0,43.7
SMI_COB,-74.5153,42.6638,997,5/9/26,0.13,43.5
SMI_COB,-74.5153,42.6638,997,5/10/26,0.23,48.1
SMI_COB,-74.5153,42.6638,997,5/11/26,0,47.5
SMI_COB,-74.5153,42.6638,997,5/12/26,0,42.9
SMI_COB,-74.5153,42.6638,997,5/13/26,0.07,50.2
SMI_COB,-74.5153,42.6638,997,5/14/26,0.3,52.6
SMI_COB,-74.5153,42.6638,997,5/15/26,0.02,48.9
SMI_COB,-74.5153,42.6638,997,5/16/26,0,51.6
SMI_COB,-74.5153,42.6638,997,5/17/26,0,64.5
SMI_COB,-74.5153,42.6638,997,5/18/26,0,69.3
SMI_COB,-74.5153,42.6638,997,5/19/26,0,76.5
SMI_COB,-74.5153,42.6638,997,5/20/26,0,77.9
SMI_COB,-74.5153,42.6638,997,5/21/26,0,61.2
SMI_COB,-74.5153,42.6638,997,5/22/26,0,49.1
SMI_COB,-74.5153,42.6638,997,5/23/26,0,53.2
SMI_COB,-74.5153,42.6638,997,5/24/26,0.51,51.6
SMI_COB,-74.5153,42.6638,997,5/25/26,0.36,51.6
SMI_COB,-74.5153,42.6638,997,5/26/26,0,58.8
SMI_COB,-74.5153,42.6638,997,5/27/26,0,68.4
SMI_COB,-74.5153,42.6638,997,5/28/26,0,64.8
SMI_COB,-74.5153,42.6638,997,5/29/26,0,56.3
SMI_COB,-74.5153,42.6638,997,5/30/26,0.06,56.6
SMI_COB,-74.5153,42.6638,997,5/31/26,0,51.1
SMI_COB,-74.5153,42.6638,997,6/1/26,0.04,55.7
SMI_COB,-74.5153,42.6638,997,6/2/26,0,53.1
SMI_COB,-74.5153,42.6638,997,6/3/26,0,59.6
SMI_COB,-74.5153,42.6638,997,6/4/26,0,62.8
SMI_COB,-74.5153,42.6638,997,6/5/26,0,65.3
SMI_COB,-74.5153,42.6638,997,6/6/26,0,72.3
SMI_COB,-74.5153,42.6638,997,6/7/26,0.02,72.7
SMI_COB,-74.5153,42.6638,997,6/8/26,0.06,58.4
SMI_COB,-74.5153,42.6638,997,6/9/26,0,66.4
SMI_COB,-74.5153,42.6638,997,6/10/26,0,75.6
SMI_COB,-74.5153,42.6638,997,6/11/26,0.29,75
SMI_COB,-74.5153,42.6638,997,6/12/26,0.1,78.5
SMI_COB,-74.5153,42.6638,997,6/13/26,0,71.6
SMI_COB,-74.5153,42.6638,997,6/14/26,0,68.8
SMI_COB,-74.5153,42.6638,997,6/15/26,1.28,68.2
SMI_COB,-74.5153,42.6638,997,6/16/26,0,53.6
SMI_COB,-74.5153,42.6638,997,6/17/26,0,61.1
SMI_COB,-74.5153,42.6638,997,6/18/26,0.05,68.6
SMI_COB,-74.5153,42.6638,997,6/19/26,0.26,68.9
SMI_COB,-74.5153,42.6638,997,6/20/26,0.01,64.4
SMI_COB,-74.5153,42.6638,997,6/21/26,0,60.3
SMI_COB,-74.5153,42.6638,997,6/22/26,0,63.3
SMI_COB,-74.5153,42.6638,997,6/23/26,0.82,59.4
SMI_COB,-74.5153,42.6638,997,6/24/26,0,62.2
SMI_COB,-74.5153,42.6638,997,6/25/26,0,63.6
SMI_COB,-74.5153,42.6638,997,6/26/26,0.42,66.3
SMI_COB,-74.5153,42.6638,997,6/27/26,0,66.8
SMI_COB,-74.5153,42.6638,997,6/28/26,0,68.4
SMI_COB,-74.5153,42.6638,997,6/29/26,0,69.4
SMI_COB,-74.5153,42.6638,997,6/30/26,0,72.7
,,,,,,
SMI_CON_1,-74.5775,42.8264,932,1/1/26,0.03,20.2
SMI_CON_1,-74.5775,42.8264,932,1/2/26,0,10.5
SMI_CON_1,-74.5775,42.8264,932,1/3/26,0,14.7
SMI_CON_1,-74.5775,42.8264,932,1/4/26,0.03,19.3
SMI_CON_1,-74.5775,42.8264,932,1/5/26,0.03,19
SMI_CON_1,-74.5775,42.8264,932,1/6/26,0.05,19.9
SMI_CON_1,-74.5775,42.8264,932,1/7/26,0.5,28.4
SMI_CON_1,-74.5775,42.8264,932,1/8/26,0.02,33.2
SMI_CON_1,-74.5775,42.8264,932,1/9/26,0,32.9
SMI_CON_1,-74.5775,42.8264,932,1/10/26,0.05,39.6
SMI_CON_1,-74.5775,42.8264,932,1/11/26,0.26,35.6
SMI_CON_1,-74.5775,42.8264,932,1/12/26,0.03,28.9
SMI_CON_1,-74.5775,42.8264,932,1/13/26,0,29.9
SMI_CON_1,-74.5775,42.8264,932,1/14/26,0,37.1
SMI_CON_1,-74.5775,42.8264,932,1/15/26,0.34,40.2
SMI_CON_1,-74.5775,42.8264,932,1/16/26,0.02,22.9
SMI_CON_1,-74.5775,42.8264,932,1/17/26,0.02,18.1
SMI_CON_1,-74.5775,42.8264,932,1/18/26,0.16,25.9
SMI_CON_1,-74.5775,42.8264,932,1/19/26,0.04,21.8
SMI_CON_1,-74.5775,42.8264,932,1/20/26,0,17
SMI_CON_1,-74.5775,42.8264,932,1/21/26,0,10.8
SMI_CON_1,-74.5775,42.8264,932,1/22/26,0.03,20
SMI_CON_1,-74.5775,42.8264,932,1/23/26,0.01,26.6
SMI_CON_1,-74.5775,42.8264,932,1/24/26,0,5.4
SMI_CON_1,-74.5775,42.8264,932,1/25/26,0,-1.9
SMI_CON_1,-74.5775,42.8264,932,1/26/26,0.97,5.9
SMI_CON_1,-74.5775,42.8264,932,1/27/26,0.04,9
SMI_CON_1,-74.5775,42.8264,932,1/28/26,0,7.8
SMI_CON_1,-74.5775,42.8264,932,1/29/26,0,7.2
SMI_CON_1,-74.5775,42.8264,932,1/30/26,0,4.4
SMI_CON_1,-74.5775,42.8264,932,1/31/26,0,0.8
SMI_CON_1,-74.5775,42.8264,932,2/1/26,0,2.5
SMI_CON_1,-74.5775,42.8264,932,2/2/26,0,3.6
SMI_CON_1,-74.5775,42.8264,932,2/3/26,0,10.5
SMI_CON_1,-74.5775,42.8264,932,2/4/26,0,11.9
SMI_CON_1,-74.5775,42.8264,932,2/5/26,0,18
SMI_CON_1,-74.5775,42.8264,932,2/6/26,0,14.2
SMI_CON_1,-74.5775,42.8264,932,2/7/26,0.11,14.9
SMI_CON_1,-74.5775,42.8264,932,2/8/26,0,-4.5
SMI_CON_1,-74.5775,42.8264,932,2/9/26,0,-3.6
SMI_CON_1,-74.5775,42.8264,932,2/10/26,0,7.2
SMI_CON_1,-74.5775,42.8264,932,2/11/26,0.1,21.5
SMI_CON_1,-74.5775,42.8264,932,2/12/26,0.08,25.8
SMI_CON_1,-74.5775,42.8264,932,2/13/26,0,16.8
SMI_CON_1,-74.5775,42.8264,932,2/14/26,0,16.5
SMI_CON_1,-74.5775,42.8264,932,2/15/26,0,26.2
SMI_CON_1,-74.5775,42.8264,932,2/16/26,0,28.7
SMI_CON_1,-74.5775,42.8264,932,2/17/26,0,31.3
SMI_CON_1,-74.5775,42.8264,932,2/18/26,0,34.6
SMI_CON_1,-74.5775,42.8264,932,2/19/26,0.18,31
SMI_CON_1,-74.5775,42.8264,932,2/20/26,0,29.5
SMI_CON_1,-74.5775,42.8264,932,2/21/26,0.7,31.2
SMI_CON_1,-74.5775,42.8264,932,2/22/26,0,28.5
SMI_CON_1,-74.5775,42.8264,932,2/23/26,0.09,27.7
SMI_CON_1,-74.5775,42.8264,932,2/24/26,0.06,21.4
SMI_CON_1,-74.5775,42.8264,932,2/25/26,0.07,12.8
SMI_CON_1,-74.5775,42.8264,932,2/26/26,0.08,28.8
SMI_CON_1,-74.5775,42.8264,932,2/27/26,0,16.6
SMI_CON_1,-74.5775,42.8264,932,2/28/26,0,23.5
SMI_CON_1,-74.5775,42.8264,932,3/1/26,0.03,36
SMI_CON_1,-74.5775,42.8264,932,3/2/26,0,13.2
SMI_CON_1,-74.5775,42.8264,932,3/3/26,0,13.6
SMI_CON_1,-74.5775,42.8264,932,3/4/26,0.29,24
SMI_CON_1,-74.5775,42.8264,932,3/5/26,0,34.4
SMI_CON_1,-74.5775,42.8264,932,3/6/26,0.6,32.9
SMI_CON_1,-74.5775,42.8264,932,3/7/26,0,34.2
SMI_CON_1,-74.5775,42.8264,932,3/8/26,0.25,43.4
SMI_CON_1,-74.5775,42.8264,932,3/9/26,0,38.5
SMI_CON_1,-74.5775,42.8264,932,3/10/26,0,48.5
SMI_CON_1,-74.5775,42.8264,932,3/11/26,0,52.6
SMI_CON_1,-74.5775,42.8264,932,3/12/26,0.14,51.4
SMI_CON_1,-74.5775,42.8264,932,3/13/26,0,27.4
SMI_CON_1,-74.5775,42.8264,932,3/14/26,0.1,29.8
SMI_CON_1,-74.5775,42.8264,932,3/15/26,0,27.5
SMI_CON_1,-74.5775,42.8264,932,3/16/26,0.04,34.9
SMI_CON_1,-74.5775,42.8264,932,3/17/26,0.86,43.3
SMI_CON_1,-74.5775,42.8264,932,3/18/26,0,19.9
SMI_CON_1,-74.5775,42.8264,932,3/19/26,0,23
SMI_CON_1,-74.5775,42.8264,932,3/20/26,0,32.2
SMI_CON_1,-74.5775,42.8264,932,3/21/26,0.24,38.5
SMI_CON_1,-74.5775,42.8264,932,3/22/26,0,36.3
SMI_CON_1,-74.5775,42.8264,932,3/23/26,0.45,38.6
SMI_CON_1,-74.5775,42.8264,932,3/24/26,0,28.3
SMI_CON_1,-74.5775,42.8264,932,3/25/26,0,34
SMI_CON_1,-74.5775,42.8264,932,3/26/26,0.01,40
SMI_CON_1,-74.5775,42.8264,932,3/27/26,0.79,49.5
SMI_CON_1,-74.5775,42.8264,932,3/28/26,0,27.4
SMI_CON_1,-74.5775,42.8264,932,3/29/26,0,26.4
SMI_CON_1,-74.5775,42.8264,932,3/30/26,0,39.5
SMI_CON_1,-74.5775,42.8264,932,3/31/26,0.14,54.2
SMI_CON_1,-74.5775,42.8264,932,4/1/26,1.16,61.1
SMI_CON_1,-74.5775,42.8264,932,4/2/26,0.13,43.4
SMI_CON_1,-74.5775,42.8264,932,4/3/26,0.2,37.1
SMI_CON_1,-74.5775,42.8264,932,4/4/26,0,53.6
SMI_CON_1,-74.5775,42.8264,932,4/5/26,0.13,49.5
SMI_CON_1,-74.5775,42.8264,932,4/6/26,0.21,39.1
SMI_CON_1,-74.5775,42.8264,932,4/7/26,0.02,34.7
SMI_CON_1,-74.5775,42.8264,932,4/8/26,0.04,26.1
SMI_CON_1,-74.5775,42.8264,932,4/9/26,0,36.1
SMI_CON_1,-74.5775,42.8264,932,4/10/26,0,49
SMI_CON_1,-74.5775,42.8264,932,4/11/26,0.04,55.2
SMI_CON_1,-74.5775,42.8264,932,4/12/26,0,36.4
SMI_CON_1,-74.5775,42.8264,932,4/13/26,0,43.8
SMI_CON_1,-74.5775,42.8264,932,4/14/26,0.01,60.1
SMI_CON_1,-74.5775,42.8264,932,4/15/26,0.07,64.6
SMI_CON_1,-74.5775,42.8264,932,4/16/26,0.12,66.2
SMI_CON_1,-74.5775,42.8264,932,4/17/26,0.07,70.4
SMI_CON_1,-74.5775,42.8264,932,4/18/26,0.15,56.9
SMI_CON_1,-74.5775,42.8264,932,4/19/26,0.12,57
SMI_CON_1,-74.5775,42.8264,932,4/20/26,0.07,35.7
SMI_CON_1,-74.5775,42.8264,932,4/21/26,0,29.8
SMI_CON_1,-74.5775,42.8264,932,4/22/26,0.05,37.3
SMI_CON_1,-74.5775,42.8264,932,4/23/26,0,45.8
SMI_CON_1,-74.5775,42.8264,932,4/24/26,0,52.7
SMI_CON_1,-74.5775,42.8264,932,4/25/26,0,46.8
SMI_CON_1,-74.5775,42.8264,932,4/26/26,0.07,43.9
SMI_CON_1,-74.5775,42.8264,932,4/27/26,0,49.8
SMI_CON_1,-74.5775,42.8264,932,4/28/26,0,56.7
SMI_CON_1,-74.5775,42.8264,932,4/29/26,0,59.6
SMI_CON_1,-74.5775,42.8264,932,4/30/26,0.56,55.5
SMI_CON_1,-74.5775,42.8264,932,5/1/26,0,43.6
SMI_CON_1,-74.5775,42.8264,932,5/2/26,0.07,47.3
SMI_CON_1,-74.5775,42.8264,932,5/3/26,0,41.5
SMI_CON_1,-74.5775,42.8264,932,5/4/26,0,45.5
SMI_CON_1,-74.5775,42.8264,932,5/5/26,0,61.4
SMI_CON_1,-74.5775,42.8264,932,5/6/26,0.12,63.9
SMI_CON_1,-74.5775,42.8264,932,5/7/26,0.34,46.3
SMI_CON_1,-74.5775,42.8264,932,5/8/26,0,43.7
SMI_CON_1,-74.5775,42.8264,932,5/9/26,0.05,43.1
SMI_CON_1,-74.5775,42.8264,932,5/10/26,0.22,46.6
SMI_CON_1,-74.5775,42.8264,932,5/11/26,0,46.4
SMI_CON_1,-74.5775,42.8264,932,5/12/26,0,43.3
SMI_CON_1,-74.5775,42.8264,932,5/13/26,0.08,49.8
SMI_CON_1,-74.5775,42.8264,932,5/14/26,0.43,51.9
SMI_CON_1,-74.5775,42.8264,932,5/15/26,0.02,49
SMI_CON_1,-74.5775,42.8264,932,5/16/26,0,50.9
SMI_CON_1,-74.5775,42.8264,932,5/17/26,0,64
SMI_CON_1,-74.5775,42.8264,932,5/18/26,0,68.7
SMI_CON_1,-74.5775,42.8264,932,5/19/26,0,76.4
SMI_CON_1,-74.5775,42.8264,932,5/20/26,0,77.8
SMI_CON_1,-74.5775,42.8264,932,5/21/26,0,59.9
SMI_CON_1,-74.5775,42.8264,932,5/22/26,0,49.4
SMI_CON_1,-74.5775,42.8264,932,5/23/26,0,53.1
SMI_CON_1,-74.5775,42.8264,932,5/24/26,0.49,51.9
SMI_CON_1,-74.5775,42.8264,932,5/25/26,0.8,50.2
SMI_CON_1,-74.5775,42.8264,932,5/26/26,0,58
SMI_CON_1,-74.5775,42.8264,932,5/27/26,0,67.8
SMI_CON_1,-74.5775,42.8264,932,5/28/26,0.02,64.8
SMI_CON_1,-74.5775,42.8264,932,5/29/26,0.01,56.6
SMI_CON_1,-74.5775,42.8264,932,5/30/26,0.04,56.9
SMI_CON_1,-74.5775,42.8264,932,5/31/26,0,52.1
SMI_CON_1,-74.5775,42.8264,932,6/1/26,0.04,55.3
SMI_CON_1,-74.5775,42.8264,932,6/2/26,0,52.8
SMI_CON_1,-74.5775,42.8264,932,6/3/26,0,60
SMI_CON_1,-74.5775,42.8264,932,6/4/26,0,63.9
SMI_CON_1,-74.5775,42.8264,932,6/5/26,0,65.7
SMI_CON_1,-74.5775,42.8264,932,6/6/26,0,71.8
SMI_CON_1,-74.5775,42.8264,932,6/7/26,0.02,72.4
SMI_CON_1,-74.5775,42.8264,932,6/8/26,0.04,57.6
SMI_CON_1,-74.5775,42.8264,932,6/9/26,0,65.3
SMI_CON_1,-74.5775,42.8264,932,6/10/26,0,75.5
SMI_CON_1,-74.5775,42.8264,932,6/11/26,0.25,74.3
SMI_CON_1,-74.5775,42.8264,932,6/12/26,0.05,78.1
SMI_CON_1,-74.5775,42.8264,932,6/13/26,0.08,71.9
SMI_CON_1,-74.5775,42.8264,932,6/14/26,0,68.5
SMI_CON_1,-74.5775,42.8264,932,6/15/26,0.89,68.1
SMI_CON_1,-74.5775,42.8264,932,6/16/26,0,53
SMI_CON_1,-74.5775,42.8264,932,6/17/26,0,61.9
SMI_CON_1,-74.5775,42.8264,932,6/18/26,0.09,68.2
SMI_CON_1,-74.5775,42.8264,932,6/19/26,0.59,69.6
SMI_CON_1,-74.5775,42.8264,932,6/20/26,0.02,64.9
SMI_CON_1,-74.5775,42.8264,932,6/21/26,0,60.4
SMI_CON_1,-74.5775,42.8264,932,6/22/26,0,63
SMI_CON_1,-74.5775,42.8264,932,6/23/26,1.12,58.8
SMI_CON_1,-74.5775,42.8264,932,6/24/26,0,62.2
SMI_CON_1,-74.5775,42.8264,932,6/25/26,0,63.8
SMI_CON_1,-74.5775,42.8264,932,6/26/26,0.47,66.7
SMI_CON_1,-74.5775,42.8264,932,6/27/26,0,66.6
SMI_CON_1,-74.5775,42.8264,932,6/28/26,0,68.5
SMI_CON_1,-74.5775,42.8264,932,6/29/26,0,68.9
SMI_CON_1,-74.5775,42.8264,932,6/30/26,0,72.4
,,,,,,
SMI_CON_2,-74.6135,42.8393,705,1/1/26,0.03,21.2
SMI_CON_2,-74.6135,42.8393,705,1/2/26,0,10.7
SMI_CON_2,-74.6135,42.8393,705,1/3/26,0,15.1
SMI_CON_2,-74.6135,42.8393,705,1/4/26,0.03,20
SMI_CON_2,-74.6135,42.8393,705,1/5/26,0.02,19.3
SMI_CON_2,-74.6135,42.8393,705,1/6/26,0.05,19.6
SMI_CON_2,-74.6135,42.8393,705,1/7/26,0.51,28
SMI_CON_2,-74.6135,42.8393,705,1/8/26,0.02,33.5
SMI_CON_2,-74.6135,42.8393,705,1/9/26,0,32.7
SMI_CON_2,-74.6135,42.8393,705,1/10/26,0.05,39.4
SMI_CON_2,-74.6135,42.8393,705,1/11/26,0.26,35.9
SMI_CON_2,-74.6135,42.8393,705,1/12/26,0.03,29.9
SMI_CON_2,-74.6135,42.8393,705,1/13/26,0,30.8
SMI_CON_2,-74.6135,42.8393,705,1/14/26,0,37.6
SMI_CON_2,-74.6135,42.8393,705,1/15/26,0.37,40.5
SMI_CON_2,-74.6135,42.8393,705,1/16/26,0.02,23.4
SMI_CON_2,-74.6135,42.8393,705,1/17/26,0.02,18.7
SMI_CON_2,-74.6135,42.8393,705,1/18/26,0.16,25.6
SMI_CON_2,-74.6135,42.8393,705,1/19/26,0.03,22.6
SMI_CON_2,-74.6135,42.8393,705,1/20/26,0,17.8
SMI_CON_2,-74.6135,42.8393,705,1/21/26,0,11.3
SMI_CON_2,-74.6135,42.8393,705,1/22/26,0.03,20.2
SMI_CON_2,-74.6135,42.8393,705,1/23/26,0.01,27.5
SMI_CON_2,-74.6135,42.8393,705,1/24/26,0,6.4
SMI_CON_2,-74.6135,42.8393,705,1/25/26,0,-0.9
SMI_CON_2,-74.6135,42.8393,705,1/26/26,0.96,6.2
SMI_CON_2,-74.6135,42.8393,705,1/27/26,0.03,8.9
SMI_CON_2,-74.6135,42.8393,705,1/28/26,0,7.6
SMI_CON_2,-74.6135,42.8393,705,1/29/26,0,7
SMI_CON_2,-74.6135,42.8393,705,1/30/26,0,5.1
SMI_CON_2,-74.6135,42.8393,705,1/31/26,0,1.7
SMI_CON_2,-74.6135,42.8393,705,2/1/26,0,3.4
SMI_CON_2,-74.6135,42.8393,705,2/2/26,0,4.6
SMI_CON_2,-74.6135,42.8393,705,2/3/26,0,11.2
SMI_CON_2,-74.6135,42.8393,705,2/4/26,0,12.1
SMI_CON_2,-74.6135,42.8393,705,2/5/26,0,18.6
SMI_CON_2,-74.6135,42.8393,705,2/6/26,0,14.3
SMI_CON_2,-74.6135,42.8393,705,2/7/26,0.12,15.8
SMI_CON_2,-74.6135,42.8393,705,2/8/26,0,-3.6
SMI_CON_2,-74.6135,42.8393,705,2/9/26,0,-2.9
SMI_CON_2,-74.6135,42.8393,705,2/10/26,0,8.5
SMI_CON_2,-74.6135,42.8393,705,2/11/26,0.1,21.4
SMI_CON_2,-74.6135,42.8393,705,2/12/26,0.08,26.5
SMI_CON_2,-74.6135,42.8393,705,2/13/26,0,17.5
SMI_CON_2,-74.6135,42.8393,705,2/14/26,0,17
SMI_CON_2,-74.6135,42.8393,705,2/15/26,0,25.7
SMI_CON_2,-74.6135,42.8393,705,2/16/26,0,29.4
SMI_CON_2,-74.6135,42.8393,705,2/17/26,0,31.1
SMI_CON_2,-74.6135,42.8393,705,2/18/26,0,34.3
SMI_CON_2,-74.6135,42.8393,705,2/19/26,0.16,31.5
SMI_CON_2,-74.6135,42.8393,705,2/20/26,0,30.1
SMI_CON_2,-74.6135,42.8393,705,2/21/26,0.72,31.5
SMI_CON_2,-74.6135,42.8393,705,2/22/26,0,28.7
SMI_CON_2,-74.6135,42.8393,705,2/23/26,0.06,28.2
SMI_CON_2,-74.6135,42.8393,705,2/24/26,0.04,22.2
SMI_CON_2,-74.6135,42.8393,705,2/25/26,0.06,12.4
SMI_CON_2,-74.6135,42.8393,705,2/26/26,0.07,28.3
SMI_CON_2,-74.6135,42.8393,705,2/27/26,0,16.8
SMI_CON_2,-74.6135,42.8393,705,2/28/26,0,23.7
SMI_CON_2,-74.6135,42.8393,705,3/1/26,0.03,36.7
SMI_CON_2,-74.6135,42.8393,705,3/2/26,0,14.1
SMI_CON_2,-74.6135,42.8393,705,3/3/26,0,14.7
SMI_CON_2,-74.6135,42.8393,705,3/4/26,0.29,24.3
SMI_CON_2,-74.6135,42.8393,705,3/5/26,0,35.2
SMI_CON_2,-74.6135,42.8393,705,3/6/26,0.57,33.7
SMI_CON_2,-74.6135,42.8393,705,3/7/26,0,35.2
SMI_CON_2,-74.6135,42.8393,705,3/8/26,0.22,43.9
SMI_CON_2,-74.6135,42.8393,705,3/9/26,0,39.1
SMI_CON_2,-74.6135,42.8393,705,3/10/26,0,49.4
SMI_CON_2,-74.6135,42.8393,705,3/11/26,0,53.6
SMI_CON_2,-74.6135,42.8393,705,3/12/26,0.15,52
SMI_CON_2,-74.6135,42.8393,705,3/13/26,0,28.3
SMI_CON_2,-74.6135,42.8393,705,3/14/26,0.14,30.8
SMI_CON_2,-74.6135,42.8393,705,3/15/26,0,28.1
SMI_CON_2,-74.6135,42.8393,705,3/16/26,0.03,35.6
SMI_CON_2,-74.6135,42.8393,705,3/17/26,0.76,43.9
SMI_CON_2,-74.6135,42.8393,705,3/18/26,0,20.8
SMI_CON_2,-74.6135,42.8393,705,3/19/26,0,23.8
SMI_CON_2,-74.6135,42.8393,705,3/20/26,0,33.4
SMI_CON_2,-74.6135,42.8393,705,3/21/26,0.24,39.2
SMI_CON_2,-74.6135,42.8393,705,3/22/26,0,37.1
SMI_CON_2,-74.6135,42.8393,705,3/23/26,0.46,39.5
SMI_CON_2,-74.6135,42.8393,705,3/24/26,0,29.1
SMI_CON_2,-74.6135,42.8393,705,3/25/26,0,35
SMI_CON_2,-74.6135,42.8393,705,3/26/26,0.01,40.9
SMI_CON_2,-74.6135,42.8393,705,3/27/26,0.79,50.2
SMI_CON_2,-74.6135,42.8393,705,3/28/26,0,28.4
SMI_CON_2,-74.6135,42.8393,705,3/29/26,0,27.3
SMI_CON_2,-74.6135,42.8393,705,3/30/26,0,40.5
SMI_CON_2,-74.6135,42.8393,705,3/31/26,0.14,55
SMI_CON_2,-74.6135,42.8393,705,4/1/26,1.2,61.7
SMI_CON_2,-74.6135,42.8393,705,4/2/26,0.14,44
SMI_CON_2,-74.6135,42.8393,705,4/3/26,0.2,38
SMI_CON_2,-74.6135,42.8393,705,4/4/26,0,54.6
SMI_CON_2,-74.6135,42.8393,705,4/5/26,0.22,50.2
SMI_CON_2,-74.6135,42.8393,705,4/6/26,0.21,39.9
SMI_CON_2,-74.6135,42.8393,705,4/7/26,0.01,35.7
SMI_CON_2,-74.6135,42.8393,705,4/8/26,0.03,26.9
SMI_CON_2,-74.6135,42.8393,705,4/9/26,0,37.2
SMI_CON_2,-74.6135,42.8393,705,4/10/26,0,50.2
SMI_CON_2,-74.6135,42.8393,705,4/11/26,0.04,56
SMI_CON_2,-74.6135,42.8393,705,4/12/26,0,37.4
SMI_CON_2,-74.6135,42.8393,705,4/13/26,0,44.3
SMI_CON_2,-74.6135,42.8393,705,4/14/26,0.02,60.5
SMI_CON_2,-74.6135,42.8393,705,4/15/26,0.06,65.7
SMI_CON_2,-74.6135,42.8393,705,4/16/26,0.12,66.9
SMI_CON_2,-74.6135,42.8393,705,4/17/26,0.06,71.4
SMI_CON_2,-74.6135,42.8393,705,4/18/26,0.09,58
SMI_CON_2,-74.6135,42.8393,705,4/19/26,0.12,58.1
SMI_CON_2,-74.6135,42.8393,705,4/20/26,0.07,36.8
SMI_CON_2,-74.6135,42.8393,705,4/21/26,0,30.8
SMI_CON_2,-74.6135,42.8393,705,4/22/26,0.06,38.3
SMI_CON_2,-74.6135,42.8393,705,4/23/26,0,47
SMI_CON_2,-74.6135,42.8393,705,4/24/26,0,53.7
SMI_CON_2,-74.6135,42.8393,705,4/25/26,0,48.1
SMI_CON_2,-74.6135,42.8393,705,4/26/26,0.06,44.9
SMI_CON_2,-74.6135,42.8393,705,4/27/26,0,51
SMI_CON_2,-74.6135,42.8393,705,4/28/26,0,57.5
SMI_CON_2,-74.6135,42.8393,705,4/29/26,0,60.7
SMI_CON_2,-74.6135,42.8393,705,4/30/26,0.57,56.3
SMI_CON_2,-74.6135,42.8393,705,5/1/26,0,44.6
SMI_CON_2,-74.6135,42.8393,705,5/2/26,0.06,48.3
SMI_CON_2,-74.6135,42.8393,705,5/3/26,0,42.4
SMI_CON_2,-74.6135,42.8393,705,5/4/26,0,46.5
SMI_CON_2,-74.6135,42.8393,705,5/5/26,0,62.2
SMI_CON_2,-74.6135,42.8393,705,5/6/26,0.13,64.7
SMI_CON_2,-74.6135,42.8393,705,5/7/26,0.31,47
SMI_CON_2,-74.6135,42.8393,705,5/8/26,0,44.9
SMI_CON_2,-74.6135,42.8393,705,5/9/26,0.05,44.1
SMI_CON_2,-74.6135,42.8393,705,5/10/26,0.23,47.3
SMI_CON_2,-74.6135,42.8393,705,5/11/26,0,47.3
SMI_CON_2,-74.6135,42.8393,705,5/12/26,0,44.4
SMI_CON_2,-74.6135,42.8393,705,5/13/26,0.09,50.7
SMI_CON_2,-74.6135,42.8393,705,5/14/26,0.41,52.8
SMI_CON_2,-74.6135,42.8393,705,5/15/26,0.02,50
SMI_CON_2,-74.6135,42.8393,705,5/16/26,0,52.1
SMI_CON_2,-74.6135,42.8393,705,5/17/26,0,65.3
SMI_CON_2,-74.6135,42.8393,705,5/18/26,0,69.6
SMI_CON_2,-74.6135,42.8393,705,5/19/26,0,77.3
SMI_CON_2,-74.6135,42.8393,705,5/20/26,0,78.5
SMI_CON_2,-74.6135,42.8393,705,5/21/26,0,60.8
SMI_CON_2,-74.6135,42.8393,705,5/22/26,0,50.5
SMI_CON_2,-74.6135,42.8393,705,5/23/26,0,54
SMI_CON_2,-74.6135,42.8393,705,5/24/26,0.47,52.6
SMI_CON_2,-74.6135,42.8393,705,5/25/26,0.8,50.9
SMI_CON_2,-74.6135,42.8393,705,5/26/26,0,59.2
SMI_CON_2,-74.6135,42.8393,705,5/27/26,0,69
SMI_CON_2,-74.6135,42.8393,705,5/28/26,0.01,65.9
SMI_CON_2,-74.6135,42.8393,705,5/29/26,0,57.7
SMI_CON_2,-74.6135,42.8393,705,5/30/26,0.06,58.1
SMI_CON_2,-74.6135,42.8393,705,5/31/26,0,53.4
SMI_CON_2,-74.6135,42.8393,705,6/1/26,0.04,56.4
SMI_CON_2,-74.6135,42.8393,705,6/2/26,0,54.1
SMI_CON_2,-74.6135,42.8393,705,6/3/26,0,61.3
SMI_CON_2,-74.6135,42.8393,705,6/4/26,0,65.3
SMI_CON_2,-74.6135,42.8393,705,6/5/26,0,66.9
SMI_CON_2,-74.6135,42.8393,705,6/6/26,0,73.1
SMI_CON_2,-74.6135,42.8393,705,6/7/26,0.02,73.3
SMI_CON_2,-74.6135,42.8393,705,6/8/26,0.04,58.7
SMI_CON_2,-74.6135,42.8393,705,6/9/26,0,66.5
SMI_CON_2,-74.6135,42.8393,705,6/10/26,0,76.7
SMI_CON_2,-74.6135,42.8393,705,6/11/26,0.17,75.5
SMI_CON_2,-74.6135,42.8393,705,6/12/26,0.09,79
SMI_CON_2,-74.6135,42.8393,705,6/13/26,0.12,72.7
SMI_CON_2,-74.6135,42.8393,705,6/14/26,0,69.8
SMI_CON_2,-74.6135,42.8393,705,6/15/26,0.64,69.1
SMI_CON_2,-74.6135,42.8393,705,6/16/26,0,54
SMI_CON_2,-74.6135,42.8393,705,6/17/26,0,63.4
SMI_CON_2,-74.6135,42.8393,705,6/18/26,0.06,69.4
SMI_CON_2,-74.6135,42.8393,705,6/19/26,0.6,70.6
SMI_CON_2,-74.6135,42.8393,705,6/20/26,0.04,65.9
SMI_CON_2,-74.6135,42.8393,705,6/21/26,0,61.8
SMI_CON_2,-74.6135,42.8393,705,6/22/26,0,64.2
SMI_CON_2,-74.6135,42.8393,705,6/23/26,1.08,59.9
SMI_CON_2,-74.6135,42.8393,705,6/24/26,0,63.6
SMI_CON_2,-74.6135,42.8393,705,6/25/26,0,65.1
SMI_CON_2,-74.6135,42.8393,705,6/26/26,0.45,67.9
SMI_CON_2,-74.6135,42.8393,705,6/27/26,0,67.9
SMI_CON_2,-74.6135,42.8393,705,6/28/26,0,69.9
SMI_CON_2,-74.6135,42.8393,705,6/29/26,0,70.3
SMI_CON_2,-74.6135,42.8393,705,6/30/26,0,73.7
,,,,,,
SMI_DOU,-74.8352,43.053,994,1/1/26,0.05,18.9
SMI_DOU,-74.8352,43.053,994,1/2/26,0,9.4
SMI_DOU,-74.8352,43.053,994,1/3/26,0.03,13.8
SMI_DOU,-74.8352,43.053,994,1/4/26,0.03,18.2
SMI_DOU,-74.8352,43.053,994,1/5/26,0,17.3
SMI_DOU,-74.8352,43.053,994,1/6/26,0.08,18.2
SMI_DOU,-74.8352,43.053,994,1/7/26,0.61,27
SMI_DOU,-74.8352,43.053,994,1/8/26,0,31.6
SMI_DOU,-74.8352,43.053,994,1/9/26,0,31.4
SMI_DOU,-74.8352,43.053,994,1/10/26,0.15,37.3
SMI_DOU,-74.8352,43.053,994,1/11/26,0.45,34.7
SMI_DOU,-74.8352,43.053,994,1/12/26,0,27.5
SMI_DOU,-74.8352,43.053,994,1/13/26,0,28.1
SMI_DOU,-74.8352,43.053,994,1/14/26,0,34.1
SMI_DOU,-74.8352,43.053,994,1/15/26,0.44,38
SMI_DOU,-74.8352,43.053,994,1/16/26,0.02,20.5
SMI_DOU,-74.8352,43.053,994,1/17/26,0.02,15.8
SMI_DOU,-74.8352,43.053,994,1/18/26,0.12,24.9
SMI_DOU,-74.8352,43.053,994,1/19/26,0,20.1
SMI_DOU,-74.8352,43.053,994,1/20/26,0,17.4
SMI_DOU,-74.8352,43.053,994,1/21/26,0,7.9
SMI_DOU,-74.8352,43.053,994,1/22/26,0.13,14.1
SMI_DOU,-74.8352,43.053,994,1/23/26,0.04,22.7
SMI_DOU,-74.8352,43.053,994,1/24/26,0,3.1
SMI_DOU,-74.8352,43.053,994,1/25/26,0,-4.7
SMI_DOU,-74.8352,43.053,994,1/26/26,0.74,5.5
SMI_DOU,-74.8352,43.053,994,1/27/26,0.01,7.8
SMI_DOU,-74.8352,43.053,994,1/28/26,0.02,6.9
SMI_DOU,-74.8352,43.053,994,1/29/26,0,5.2
SMI_DOU,-74.8352,43.053,994,1/30/26,0.02,2.3
SMI_DOU,-74.8352,43.053,994,1/31/26,0,-1.3
SMI_DOU,-74.8352,43.053,994,2/1/26,0,-0.5
SMI_DOU,-74.8352,43.053,994,2/2/26,0,1.6
SMI_DOU,-74.8352,43.053,994,2/3/26,0,8.5
SMI_DOU,-74.8352,43.053,994,2/4/26,0.02,10.7
SMI_DOU,-74.8352,43.053,994,2/5/26,0,16.7
SMI_DOU,-74.8352,43.053,994,2/6/26,0,13.1
SMI_DOU,-74.8352,43.053,994,2/7/26,0.12,14.2
SMI_DOU,-74.8352,43.053,994,2/8/26,0,-5.4
SMI_DOU,-74.8352,43.053,994,2/9/26,0,-4.5
SMI_DOU,-74.8352,43.053,994,2/10/26,0,3.8
SMI_DOU,-74.8352,43.053,994,2/11/26,0.11,19.8
SMI_DOU,-74.8352,43.053,994,2/12/26,0.09,24.9
SMI_DOU,-74.8352,43.053,994,2/13/26,0,15
SMI_DOU,-74.8352,43.053,994,2/14/26,0,13.2
SMI_DOU,-74.8352,43.053,994,2/15/26,0,24.7
SMI_DOU,-74.8352,43.053,994,2/16/26,0,28.1
SMI_DOU,-74.8352,43.053,994,2/17/26,0.01,32.1
SMI_DOU,-74.8352,43.053,994,2/18/26,0,33.3
SMI_DOU,-74.8352,43.053,994,2/19/26,0.06,32
SMI_DOU,-74.8352,43.053,994,2/20/26,0,30.2
SMI_DOU,-74.8352,43.053,994,2/21/26,0.8,31.3
SMI_DOU,-74.8352,43.053,994,2/22/26,0,29.2
SMI_DOU,-74.8352,43.053,994,2/23/26,0.03,28
SMI_DOU,-74.8352,43.053,994,2/24/26,0,20.8
SMI_DOU,-74.8352,43.053,994,2/25/26,0.08,11.7
SMI_DOU,-74.8352,43.053,994,2/26/26,0.08,26.2
SMI_DOU,-74.8352,43.053,994,2/27/26,0,15.5
SMI_DOU,-74.8352,43.053,994,2/28/26,0,22.1
SMI_DOU,-74.8352,43.053,994,3/1/26,0.02,33.2
SMI_DOU,-74.8352,43.053,994,3/2/26,0,13.4
SMI_DOU,-74.8352,43.053,994,3/3/26,0,12.5
SMI_DOU,-74.8352,43.053,994,3/4/26,0.22,20.1
SMI_DOU,-74.8352,43.053,994,3/5/26,0,32.9
SMI_DOU,-74.8352,43.053,994,3/6/26,0.48,32
SMI_DOU,-74.8352,43.053,994,3/7/26,0,34.2
SMI_DOU,-74.8352,43.053,994,3/8/26,0.2,40.2
SMI_DOU,-74.8352,43.053,994,3/9/26,0,36.4
SMI_DOU,-74.8352,43.053,994,3/10/26,0,47.2
SMI_DOU,-74.8352,43.053,994,3/11/26,0.07,50.8
SMI_DOU,-74.8352,43.053,994,3/12/26,0.19,45.9
SMI_DOU,-74.8352,43.053,994,3/13/26,0,25.8
SMI_DOU,-74.8352,43.053,994,3/14/26,0.15,27.5
SMI_DOU,-74.8352,43.053,994,3/15/26,0.03,25.3
SMI_DOU,-74.8352,43.053,994,3/16/26,0,32.3
SMI_DOU,-74.8352,43.053,994,3/17/26,0.6,41.7
SMI_DOU,-74.8352,43.053,994,3/18/26,0,18.2
SMI_DOU,-74.8352,43.053,994,3/19/26,0,21.1
SMI_DOU,-74.8352,43.053,994,3/20/26,0,31.3
SMI_DOU,-74.8352,43.053,994,3/21/26,0.36,34.5
SMI_DOU,-74.8352,43.053,994,3/22/26,0.02,34.7
SMI_DOU,-74.8352,43.053,994,3/23/26,0.53,36.9
SMI_DOU,-74.8352,43.053,994,3/24/26,0,27.7
SMI_DOU,-74.8352,43.053,994,3/25/26,0,33.4
SMI_DOU,-74.8352,43.053,994,3/26/26,0,38.9
SMI_DOU,-74.8352,43.053,994,3/27/26,0.78,47.9
SMI_DOU,-74.8352,43.053,994,3/28/26,0,26.6
SMI_DOU,-74.8352,43.053,994,3/29/26,0,25.7
SMI_DOU,-74.8352,43.053,994,3/30/26,0,38
SMI_DOU,-74.8352,43.053,994,3/31/26,0.65,52.5
SMI_DOU,-74.8352,43.053,994,4/1/26,1.18,58.4
SMI_DOU,-74.8352,43.053,994,4/2/26,0.1,41.5
SMI_DOU,-74.8352,43.053,994,4/3/26,0.2,36.5
SMI_DOU,-74.8352,43.053,994,4/4/26,0,51.6
SMI_DOU,-74.8352,43.053,994,4/5/26,0.4,48.3
SMI_DOU,-74.8352,43.053,994,4/6/26,0.23,38.3
SMI_DOU,-74.8352,43.053,994,4/7/26,0.03,33.8
SMI_DOU,-74.8352,43.053,994,4/8/26,0,24.7
SMI_DOU,-74.8352,43.053,994,4/9/26,0,34.9
SMI_DOU,-74.8352,43.053,994,4/10/26,0,49.7
SMI_DOU,-74.8352,43.053,994,4/11/26,0.12,53.7
SMI_DOU,-74.8352,43.053,994,4/12/26,0,35.6
SMI_DOU,-74.8352,43.053,994,4/13/26,0,42.7
SMI_DOU,-74.8352,43.053,994,4/14/26,0.04,57.1
SMI_DOU,-74.8352,43.053,994,4/15/26,0.09,63.9
SMI_DOU,-74.8352,43.053,994,4/16/26,0.33,64.5
SMI_DOU,-74.8352,43.053,994,4/17/26,0.41,69.9
SMI_DOU,-74.8352,43.053,994,4/18/26,0,58.2
SMI_DOU,-74.8352,43.053,994,4/19/26,0.13,58.1
SMI_DOU,-74.8352,43.053,994,4/20/26,0.09,35.2
SMI_DOU,-74.8352,43.053,994,4/21/26,0,29.6
SMI_DOU,-74.8352,43.053,994,4/22/26,0.01,37.8
SMI_DOU,-74.8352,43.053,994,4/23/26,0,46.7
SMI_DOU,-74.8352,43.053,994,4/24/26,0,53.6
SMI_DOU,-74.8352,43.053,994,4/25/26,0,47.6
SMI_DOU,-74.8352,43.053,994,4/26/26,0.04,43
SMI_DOU,-74.8352,43.053,994,4/27/26,0,50.3
SMI_DOU,-74.8352,43.053,994,4/28/26,0,56.1
SMI_DOU,-74.8352,43.053,994,4/29/26,0,60.5
SMI_DOU,-74.8352,43.053,994,4/30/26,0.8,54
SMI_DOU,-74.8352,43.053,994,5/1/26,0,42.2
SMI_DOU,-74.8352,43.053,994,5/2/26,0.01,46.6
SMI_DOU,-74.8352,43.053,994,5/3/26,0,41
SMI_DOU,-74.8352,43.053,994,5/4/26,0.02,45.4
SMI_DOU,-74.8352,43.053,994,5/5/26,0,59.4
SMI_DOU,-74.8352,43.053,994,5/6/26,0.18,62.5
SMI_DOU,-74.8352,43.053,994,5/7/26,0.19,43.8
SMI_DOU,-74.8352,43.053,994,5/8/26,0.01,43.8
SMI_DOU,-74.8352,43.053,994,5/9/26,0,42.9
SMI_DOU,-74.8352,43.053,994,5/10/26,0.34,46
SMI_DOU,-74.8352,43.053,994,5/11/26,0.03,45.2
SMI_DOU,-74.8352,43.053,994,5/12/26,0,42.5
SMI_DOU,-74.8352,43.053,994,5/13/26,0.13,49.4
SMI_DOU,-74.8352,43.053,994,5/14/26,0.55,50.2
SMI_DOU,-74.8352,43.053,994,5/15/26,0.1,48.3
SMI_DOU,-74.8352,43.053,994,5/16/26,0,50.7
SMI_DOU,-74.8352,43.053,994,5/17/26,0.02,63.3
SMI_DOU,-74.8352,43.053,994,5/18/26,0,68.5
SMI_DOU,-74.8352,43.053,994,5/19/26,0,76.1
SMI_DOU,-74.8352,43.053,994,5/20/26,0,76.2
SMI_DOU,-74.8352,43.053,994,5/21/26,0.02,58
SMI_DOU,-74.8352,43.053,994,5/22/26,0,49.5
SMI_DOU,-74.8352,43.053,994,5/23/26,0,53.6
SMI_DOU,-74.8352,43.053,994,5/24/26,0.39,51.2
SMI_DOU,-74.8352,43.053,994,5/25/26,0.82,49.5
SMI_DOU,-74.8352,43.053,994,5/26/26,0,57.1
SMI_DOU,-74.8352,43.053,994,5/27/26,0,67.7
SMI_DOU,-74.8352,43.053,994,5/28/26,0,64.3
SMI_DOU,-74.8352,43.053,994,5/29/26,0.01,55.5
SMI_DOU,-74.8352,43.053,994,5/30/26,0.03,56.3
SMI_DOU,-74.8352,43.053,994,5/31/26,0,51.7
SMI_DOU,-74.8352,43.053,994,6/1/26,0.06,53.8
SMI_DOU,-74.8352,43.053,994,6/2/26,0,52.5
SMI_DOU,-74.8352,43.053,994,6/3/26,0,59.8
SMI_DOU,-74.8352,43.053,994,6/4/26,0,63.8
SMI_DOU,-74.8352,43.053,994,6/5/26,0,65.4
SMI_DOU,-74.8352,43.053,994,6/6/26,0,70.8
SMI_DOU,-74.8352,43.053,994,6/7/26,0.09,70.5
SMI_DOU,-74.8352,43.053,994,6/8/26,0.05,56.7
SMI_DOU,-74.8352,43.053,994,6/9/26,0,64.4
SMI_DOU,-74.8352,43.053,994,6/10/26,0,73.3
SMI_DOU,-74.8352,43.053,994,6/11/26,0.15,74.2
SMI_DOU,-74.8352,43.053,994,6/12/26,0.06,77.3
SMI_DOU,-74.8352,43.053,994,6/13/26,0.39,70
SMI_DOU,-74.8352,43.053,994,6/14/26,0,67.8
SMI_DOU,-74.8352,43.053,994,6/15/26,0.69,68.1
SMI_DOU,-74.8352,43.053,994,6/16/26,0,52.4
SMI_DOU,-74.8352,43.053,994,6/17/26,0,61.9
SMI_DOU,-74.8352,43.053,994,6/18/26,0.17,68
SMI_DOU,-74.8352,43.053,994,6/19/26,0.17,68.1
SMI_DOU,-74.8352,43.053,994,6/20/26,0,63.7
SMI_DOU,-74.8352,43.053,994,6/21/26,0,59.5
SMI_DOU,-74.8352,43.053,994,6/22/26,0,62.9
SMI_DOU,-74.8352,43.053,994,6/23/26,1.03,58.7
SMI_DOU,-74.8352,43.053,994,6/24/26,0,62
SMI_DOU,-74.8352,43.053,994,6/25/26,0,63.3
SMI_DOU,-74.8352,43.053,994,6/26/26,0.43,66.2
SMI_DOU,-74.8352,43.053,994,6/27/26,0,65.8
SMI_DOU,-74.8352,43.053,994,6/28/26,0,68.3
SMI_DOU,-74.8352,43.053,994,6/29/26,0,68.4
SMI_DOU,-74.8352,43.053,994,6/30/26,0,71.6
,,,,,,
SMI_HOF_1,-75.7133,42.3444,974,1/1/26,0.15,19.2
SMI_HOF_1,-75.7133,42.3444,974,1/2/26,0,12.4
SMI_HOF_1,-75.7133,42.3444,974,1/3/26,0.01,16.8
SMI_HOF_1,-75.7133,42.3444,974,1/4/26,0.04,17.4
SMI_HOF_1,-75.7133,42.3444,974,1/5/26,0.01,20.8
SMI_HOF_1,-75.7133,42.3444,974,1/6/26,0.03,26.5
SMI_HOF_1,-75.7133,42.3444,974,1/7/26,0.22,34
SMI_HOF_1,-75.7133,42.3444,974,1/8/26,0.02,34.8
SMI_HOF_1,-75.7133,42.3444,974,1/9/26,0,37.3
SMI_HOF_1,-75.7133,42.3444,974,1/10/26,0.04,40.4
SMI_HOF_1,-75.7133,42.3444,974,1/11/26,0.21,35.4
SMI_HOF_1,-75.7133,42.3444,974,1/12/26,0.08,30
SMI_HOF_1,-75.7133,42.3444,974,1/13/26,0,30.4
SMI_HOF_1,-75.7133,42.3444,974,1/14/26,0,35.5
SMI_HOF_1,-75.7133,42.3444,974,1/15/26,0.39,38.7
SMI_HOF_1,-75.7133,42.3444,974,1/16/26,0.1,23.1
SMI_HOF_1,-75.7133,42.3444,974,1/17/26,0.02,21.8
SMI_HOF_1,-75.7133,42.3444,974,1/18/26,0.1,30
SMI_HOF_1,-75.7133,42.3444,974,1/19/26,0.01,22.3
SMI_HOF_1,-75.7133,42.3444,974,1/20/26,0,16.4
SMI_HOF_1,-75.7133,42.3444,974,1/21/26,0,9
SMI_HOF_1,-75.7133,42.3444,974,1/22/26,0,17.1
SMI_HOF_1,-75.7133,42.3444,974,1/23/26,0,25.8
SMI_HOF_1,-75.7133,42.3444,974,1/24/26,0,10.2
SMI_HOF_1,-75.7133,42.3444,974,1/25/26,0,4
SMI_HOF_1,-75.7133,42.3444,974,1/26/26,1.07,9.4
SMI_HOF_1,-75.7133,42.3444,974,1/27/26,0.1,9
SMI_HOF_1,-75.7133,42.3444,974,1/28/26,0,8.2
SMI_HOF_1,-75.7133,42.3444,974,1/29/26,0,6.6
SMI_HOF_1,-75.7133,42.3444,974,1/30/26,0.06,6.5
SMI_HOF_1,-75.7133,42.3444,974,1/31/26,0,5
SMI_HOF_1,-75.7133,42.3444,974,2/1/26,0,9
SMI_HOF_1,-75.7133,42.3444,974,2/2/26,0,6.1
SMI_HOF_1,-75.7133,42.3444,974,2/3/26,0,10.7
SMI_HOF_1,-75.7133,42.3444,974,2/4/26,0.05,14.7
SMI_HOF_1,-75.7133,42.3444,974,2/5/26,0,11.9
SMI_HOF_1,-75.7133,42.3444,974,2/6/26,0,11.7
SMI_HOF_1,-75.7133,42.3444,974,2/7/26,0.09,14.2
SMI_HOF_1,-75.7133,42.3444,974,2/8/26,0,-3.7
SMI_HOF_1,-75.7133,42.3444,974,2/9/26,0,-2.1
SMI_HOF_1,-75.7133,42.3444,974,2/10/26,0,6.9
SMI_HOF_1,-75.7133,42.3444,974,2/11/26,0.03,24.9
SMI_HOF_1,-75.7133,42.3444,974,2/12/26,0.07,27.1
SMI_HOF_1,-75.7133,42.3444,974,2/13/26,0.03,18.5
SMI_HOF_1,-75.7133,42.3444,974,2/14/26,0,22
SMI_HOF_1,-75.7133,42.3444,974,2/15/26,0,25.4
SMI_HOF_1,-75.7133,42.3444,974,2/16/26,0,29.3
SMI_HOF_1,-75.7133,42.3444,974,2/17/26,0,37.7
SMI_HOF_1,-75.7133,42.3444,974,2/18/26,0,38.5
SMI_HOF_1,-75.7133,42.3444,974,2/19/26,0.29,33.8
SMI_HOF_1,-75.7133,42.3444,974,2/20/26,0.1,34.5
SMI_HOF_1,-75.7133,42.3444,974,2/21/26,0.32,34.5
SMI_HOF_1,-75.7133,42.3444,974,2/22/26,0.04,32.7
SMI_HOF_1,-75.7133,42.3444,974,2/23/26,0.18,30.5
SMI_HOF_1,-75.7133,42.3444,974,2/24/26,0.07,23.3
SMI_HOF_1,-75.7133,42.3444,974,2/25/26,0.23,17.2
SMI_HOF_1,-75.7133,42.3444,974,2/26/26,0.04,31.4
SMI_HOF_1,-75.7133,42.3444,974,2/27/26,0,23.2
SMI_HOF_1,-75.7133,42.3444,974,2/28/26,0,30
SMI_HOF_1,-75.7133,42.3444,974,3/1/26,0.04,38.4
SMI_HOF_1,-75.7133,42.3444,974,3/2/26,0,17.5
SMI_HOF_1,-75.7133,42.3444,974,3/3/26,0,19.3
SMI_HOF_1,-75.7133,42.3444,974,3/4/26,0.66,29.8
SMI_HOF_1,-75.7133,42.3444,974,3/5/26,0,39.9
SMI_HOF_1,-75.7133,42.3444,974,3/6/26,0.84,37
SMI_HOF_1,-75.7133,42.3444,974,3/7/26,0,37.3
SMI_HOF_1,-75.7133,42.3444,974,3/8/26,0.23,48.1
SMI_HOF_1,-75.7133,42.3444,974,3/9/26,0,46.2
SMI_HOF_1,-75.7133,42.3444,974,3/10/26,0,51.7
SMI_HOF_1,-75.7133,42.3444,974,3/11/26,0,56.9
SMI_HOF_1,-75.7133,42.3444,974,3/12/26,0.26,54
SMI_HOF_1,-75.7133,42.3444,974,3/13/26,0.05,25.9
SMI_HOF_1,-75.7133,42.3444,974,3/14/26,0.17,29.9
SMI_HOF_1,-75.7133,42.3444,974,3/15/26,0,29.4
SMI_HOF_1,-75.7133,42.3444,974,3/16/26,0,37.6
SMI_HOF_1,-75.7133,42.3444,974,3/17/26,0.79,44.7
SMI_HOF_1,-75.7133,42.3444,974,3/18/26,0.04,19.5
SMI_HOF_1,-75.7133,42.3444,974,3/19/26,0,22.6
SMI_HOF_1,-75.7133,42.3444,974,3/20/26,0.03,36
SMI_HOF_1,-75.7133,42.3444,974,3/21/26,0.5,37.7
SMI_HOF_1,-75.7133,42.3444,974,3/22/26,0.07,38
SMI_HOF_1,-75.7133,42.3444,974,3/23/26,0.36,41.2
SMI_HOF_1,-75.7133,42.3444,974,3/24/26,0.02,28.4
SMI_HOF_1,-75.7133,42.3444,974,3/25/26,0,33.6
SMI_HOF_1,-75.7133,42.3444,974,3/26/26,0.02,40.1
SMI_HOF_1,-75.7133,42.3444,974,3/27/26,0.74,51.1
SMI_HOF_1,-75.7133,42.3444,974,3/28/26,0,27
SMI_HOF_1,-75.7133,42.3444,974,3/29/26,0,27.5
SMI_HOF_1,-75.7133,42.3444,974,3/30/26,0,40.2
SMI_HOF_1,-75.7133,42.3444,974,3/31/26,0.21,55.2
SMI_HOF_1,-75.7133,42.3444,974,4/1/26,0.96,60.8
SMI_HOF_1,-75.7133,42.3444,974,4/2/26,0.44,47
SMI_HOF_1,-75.7133,42.3444,974,4/3/26,0.07,42.1
SMI_HOF_1,-75.7133,42.3444,974,4/4/26,0.06,56.4
SMI_HOF_1,-75.7133,42.3444,974,4/5/26,0.29,56.3
SMI_HOF_1,-75.7133,42.3444,974,4/6/26,0.29,41
SMI_HOF_1,-75.7133,42.3444,974,4/7/26,0.09,37.8
SMI_HOF_1,-75.7133,42.3444,974,4/8/26,0.07,24.7
SMI_HOF_1,-75.7133,42.3444,974,4/9/26,0,37.3
SMI_HOF_1,-75.7133,42.3444,974,4/10/26,0,49.8
SMI_HOF_1,-75.7133,42.3444,974,4/11/26,0.23,56.2
SMI_HOF_1,-75.7133,42.3444,974,4/12/26,0,38.7
SMI_HOF_1,-75.7133,42.3444,974,4/13/26,0.02,46.6
SMI_HOF_1,-75.7133,42.3444,974,4/14/26,0.06,64
SMI_HOF_1,-75.7133,42.3444,974,4/15/26,0.07,66.6
SMI_HOF_1,-75.7133,42.3444,974,4/16/26,0.5,68.2
SMI_HOF_1,-75.7133,42.3444,974,4/17/26,0.04,69.9
SMI_HOF_1,-75.7133,42.3444,974,4/18/26,0.03,57.4
SMI_HOF_1,-75.7133,42.3444,974,4/19/26,0.29,55.6
SMI_HOF_1,-75.7133,42.3444,974,4/20/26,0.16,36.3
SMI_HOF_1,-75.7133,42.3444,974,4/21/26,0.05,29.4
SMI_HOF_1,-75.7133,42.3444,974,4/22/26,0.02,39.4
SMI_HOF_1,-75.7133,42.3444,974,4/23/26,0.01,52.6
SMI_HOF_1,-75.7133,42.3444,974,4/24/26,0,53.6
SMI_HOF_1,-75.7133,42.3444,974,4/25/26,0,54.6
SMI_HOF_1,-75.7133,42.3444,974,4/26/26,0.65,43.3
SMI_HOF_1,-75.7133,42.3444,974,4/27/26,0,49.6
SMI_HOF_1,-75.7133,42.3444,974,4/28/26,0,57.6
SMI_HOF_1,-75.7133,42.3444,974,4/29/26,0.05,56.9
SMI_HOF_1,-75.7133,42.3444,974,4/30/26,0.55,51.3
SMI_HOF_1,-75.7133,42.3444,974,5/1/26,0,42.4
SMI_HOF_1,-75.7133,42.3444,974,5/2/26,0.13,45.2
SMI_HOF_1,-75.7133,42.3444,974,5/3/26,0,42.3
SMI_HOF_1,-75.7133,42.3444,974,5/4/26,0,46.7
SMI_HOF_1,-75.7133,42.3444,974,5/5/26,0,60.6
SMI_HOF_1,-75.7133,42.3444,974,5/6/26,0.11,63
SMI_HOF_1,-75.7133,42.3444,974,5/7/26,0.33,46.3
SMI_HOF_1,-75.7133,42.3444,974,5/8/26,0.03,45.5
SMI_HOF_1,-75.7133,42.3444,974,5/9/26,0.18,46.5
SMI_HOF_1,-75.7133,42.3444,974,5/10/26,0.26,49.5
SMI_HOF_1,-75.7133,42.3444,974,5/11/26,0,47.8
SMI_HOF_1,-75.7133,42.3444,974,5/12/26,0,43.6
SMI_HOF_1,-75.7133,42.3444,974,5/13/26,0.13,50.9
SMI_HOF_1,-75.7133,42.3444,974,5/14/26,0.4,53.9
SMI_HOF_1,-75.7133,42.3444,974,5/15/26,0,47.6
SMI_HOF_1,-75.7133,42.3444,974,5/16/26,0,50.8
SMI_HOF_1,-75.7133,42.3444,974,5/17/26,0,62.6
SMI_HOF_1,-75.7133,42.3444,974,5/18/26,0,71.9
SMI_HOF_1,-75.7133,42.3444,974,5/19/26,0,76.4
SMI_HOF_1,-75.7133,42.3444,974,5/20/26,0,76.6
SMI_HOF_1,-75.7133,42.3444,974,5/21/26,0,59.8
SMI_HOF_1,-75.7133,42.3444,974,5/22/26,0,49.3
SMI_HOF_1,-75.7133,42.3444,974,5/23/26,0.03,56.1
SMI_HOF_1,-75.7133,42.3444,974,5/24/26,0.98,48.3
SMI_HOF_1,-75.7133,42.3444,974,5/25/26,0.29,52.5
SMI_HOF_1,-75.7133,42.3444,974,5/26/26,0,59.6
SMI_HOF_1,-75.7133,42.3444,974,5/27/26,0,66.8
SMI_HOF_1,-75.7133,42.3444,974,5/28/26,0,65.1
SMI_HOF_1,-75.7133,42.3444,974,5/29/26,0,53.7
SMI_HOF_1,-75.7133,42.3444,974,5/30/26,0,57.5
SMI_HOF_1,-75.7133,42.3444,974,5/31/26,0,50.9
SMI_HOF_1,-75.7133,42.3444,974,6/1/26,0,57.8
SMI_HOF_1,-75.7133,42.3444,974,6/2/26,0,54.9
SMI_HOF_1,-75.7133,42.3444,974,6/3/26,0,58
SMI_HOF_1,-75.7133,42.3444,974,6/4/26,0,62.8
SMI_HOF_1,-75.7133,42.3444,974,6/5/26,0,65.8
SMI_HOF_1,-75.7133,42.3444,974,6/6/26,0,72.5
SMI_HOF_1,-75.7133,42.3444,974,6/7/26,0.03,70.1
SMI_HOF_1,-75.7133,42.3444,974,6/8/26,0,62.8
SMI_HOF_1,-75.7133,42.3444,974,6/9/26,0,65.7
SMI_HOF_1,-75.7133,42.3444,974,6/10/26,0,74.9
SMI_HOF_1,-75.7133,42.3444,974,6/11/26,0,74.1
SMI_HOF_1,-75.7133,42.3444,974,6/12/26,0.73,79.6
SMI_HOF_1,-75.7133,42.3444,974,6/13/26,0.03,70.4
SMI_HOF_1,-75.7133,42.3444,974,6/14/26,0,69.4
SMI_HOF_1,-75.7133,42.3444,974,6/15/26,0.46,66.2
SMI_HOF_1,-75.7133,42.3444,974,6/16/26,0,53.7
SMI_HOF_1,-75.7133,42.3444,974,6/17/26,0,61.2
SMI_HOF_1,-75.7133,42.3444,974,6/18/26,0.04,66.3
SMI_HOF_1,-75.7133,42.3444,974,6/19/26,0.17,68.6
SMI_HOF_1,-75.7133,42.3444,974,6/20/26,0.02,65.2
SMI_HOF_1,-75.7133,42.3444,974,6/21/26,0,61.1
SMI_HOF_1,-75.7133,42.3444,974,6/22/26,0.03,64.5
SMI_HOF_1,-75.7133,42.3444,974,6/23/26,0.83,58.6
SMI_HOF_1,-75.7133,42.3444,974,6/24/26,0,61.7
SMI_HOF_1,-75.7133,42.3444,974,6/25/26,0,64.7
SMI_HOF_1,-75.7133,42.3444,974,6/26/26,0.22,65.5
SMI_HOF_1,-75.7133,42.3444,974,6/27/26,0,68.9
SMI_HOF_1,-75.7133,42.3444,974,6/28/26,0,69.3
SMI_HOF_1,-75.7133,42.3444,974,6/29/26,0,72
SMI_HOF_1,-75.7133,42.3444,974,6/30/26,0,74.6
,,,,,,
SMI_HOF_2,-74.55,42.7581,1388,1/1/26,0.04,19.1
SMI_HOF_2,-74.55,42.7581,1388,1/2/26,0,10.1
SMI_HOF_2,-74.55,42.7581,1388,1/3/26,0.02,15
SMI_HOF_2,-74.55,42.7581,1388,1/4/26,0.03,18.2
SMI_HOF_2,-74.55,42.7581,1388,1/5/26,0.04,18.9
SMI_HOF_2,-74.55,42.7581,1388,1/6/26,0.06,21.7
SMI_HOF_2,-74.55,42.7581,1388,1/7/26,0.5,29.7
SMI_HOF_2,-74.55,42.7581,1388,1/8/26,0.03,33.6
SMI_HOF_2,-74.55,42.7581,1388,1/9/26,0,33.5
SMI_HOF_2,-74.55,42.7581,1388,1/10/26,0.06,39.9
SMI_HOF_2,-74.55,42.7581,1388,1/11/26,0.24,35.3
SMI_HOF_2,-74.55,42.7581,1388,1/12/26,0.03,27.7
SMI_HOF_2,-74.55,42.7581,1388,1/13/26,0,28.8
SMI_HOF_2,-74.55,42.7581,1388,1/14/26,0,36.5
SMI_HOF_2,-74.55,42.7581,1388,1/15/26,0.31,39.7
SMI_HOF_2,-74.55,42.7581,1388,1/16/26,0,22.7
SMI_HOF_2,-74.55,42.7581,1388,1/17/26,0.02,18.6
SMI_HOF_2,-74.55,42.7581,1388,1/18/26,0.14,26.9
SMI_HOF_2,-74.55,42.7581,1388,1/19/26,0.06,21.1
SMI_HOF_2,-74.55,42.7581,1388,1/20/26,0,15.3
SMI_HOF_2,-74.55,42.7581,1388,1/21/26,0,10.1
SMI_HOF_2,-74.55,42.7581,1388,1/22/26,0.02,19.8
SMI_HOF_2,-74.55,42.7581,1388,1/23/26,0.01,25.9
SMI_HOF_2,-74.55,42.7581,1388,1/24/26,0,4.7
SMI_HOF_2,-74.55,42.7581,1388,1/25/26,0,-2.4
SMI_HOF_2,-74.55,42.7581,1388,1/26/26,1.01,5.8
SMI_HOF_2,-74.55,42.7581,1388,1/27/26,0.05,9.7
SMI_HOF_2,-74.55,42.7581,1388,1/28/26,0,8.5
SMI_HOF_2,-74.55,42.7581,1388,1/29/26,0,7.6
SMI_HOF_2,-74.55,42.7581,1388,1/30/26,0,4
SMI_HOF_2,-74.55,42.7581,1388,1/31/26,0,0.3
SMI_HOF_2,-74.55,42.7581,1388,2/1/26,0,2
SMI_HOF_2,-74.55,42.7581,1388,2/2/26,0,2.7
SMI_HOF_2,-74.55,42.7581,1388,2/3/26,0,9.2
SMI_HOF_2,-74.55,42.7581,1388,2/4/26,0,11.8
SMI_HOF_2,-74.55,42.7581,1388,2/5/26,0,16.8
SMI_HOF_2,-74.55,42.7581,1388,2/6/26,0,14.5
SMI_HOF_2,-74.55,42.7581,1388,2/7/26,0.1,14
SMI_HOF_2,-74.55,42.7581,1388,2/8/26,0,-5.8
SMI_HOF_2,-74.55,42.7581,1388,2/9/26,0,-4.4
SMI_HOF_2,-74.55,42.7581,1388,2/10/26,0,6.1
SMI_HOF_2,-74.55,42.7581,1388,2/11/26,0.09,22.2
SMI_HOF_2,-74.55,42.7581,1388,2/12/26,0.08,25
SMI_HOF_2,-74.55,42.7581,1388,2/13/26,0,15.7
SMI_HOF_2,-74.55,42.7581,1388,2/14/26,0,16.3
SMI_HOF_2,-74.55,42.7581,1388,2/15/26,0,27.1
SMI_HOF_2,-74.55,42.7581,1388,2/16/26,0,27.8
SMI_HOF_2,-74.55,42.7581,1388,2/17/26,0,31.6
SMI_HOF_2,-74.55,42.7581,1388,2/18/26,0,35.7
SMI_HOF_2,-74.55,42.7581,1388,2/19/26,0.2,30.1
SMI_HOF_2,-74.55,42.7581,1388,2/20/26,0,28.3
SMI_HOF_2,-74.55,42.7581,1388,2/21/26,0.66,30.8
SMI_HOF_2,-74.55,42.7581,1388,2/22/26,0,28.3
SMI_HOF_2,-74.55,42.7581,1388,2/23/26,0.12,27.1
SMI_HOF_2,-74.55,42.7581,1388,2/24/26,0.08,20.3
SMI_HOF_2,-74.55,42.7581,1388,2/25/26,0.09,14.3
SMI_HOF_2,-74.55,42.7581,1388,2/26/26,0.08,29.5
SMI_HOF_2,-74.55,42.7581,1388,2/27/26,0,16.6
SMI_HOF_2,-74.55,42.7581,1388,2/28/26,0,24.1
SMI_HOF_2,-74.55,42.7581,1388,3/1/26,0.02,35.4
SMI_HOF_2,-74.55,42.7581,1388,3/2/26,0,12.9
SMI_HOF_2,-74.55,42.7581,1388,3/3/26,0,13.5
SMI_HOF_2,-74.55,42.7581,1388,3/4/26,0.3,24.1
SMI_HOF_2,-74.55,42.7581,1388,3/5/26,0,35.2
SMI_HOF_2,-74.55,42.7581,1388,3/6/26,0.62,32
SMI_HOF_2,-74.55,42.7581,1388,3/7/26,0,33.8
SMI_HOF_2,-74.55,42.7581,1388,3/8/26,0.27,44.4
SMI_HOF_2,-74.55,42.7581,1388,3/9/26,0,39.2
SMI_HOF_2,-74.55,42.7581,1388,3/10/26,0,47.7
SMI_HOF_2,-74.55,42.7581,1388,3/11/26,0,51.9
SMI_HOF_2,-74.55,42.7581,1388,3/12/26,0.13,51.5
SMI_HOF_2,-74.55,42.7581,1388,3/13/26,0,26.1
SMI_HOF_2,-74.55,42.7581,1388,3/14/26,0.1,28.4
SMI_HOF_2,-74.55,42.7581,1388,3/15/26,0.01,26.2
SMI_HOF_2,-74.55,42.7581,1388,3/16/26,0.05,34.8
SMI_HOF_2,-74.55,42.7581,1388,3/17/26,0.89,42.7
SMI_HOF_2,-74.55,42.7581,1388,3/18/26,0,19.1
SMI_HOF_2,-74.55,42.7581,1388,3/19/26,0,22.1
SMI_HOF_2,-74.55,42.7581,1388,3/20/26,0,31.6
SMI_HOF_2,-74.55,42.7581,1388,3/21/26,0.3,37.9
SMI_HOF_2,-74.55,42.7581,1388,3/22/26,0,35.6
SMI_HOF_2,-74.55,42.7581,1388,3/23/26,0.39,37.8
SMI_HOF_2,-74.55,42.7581,1388,3/24/26,0,26.2
SMI_HOF_2,-74.55,42.7581,1388,3/25/26,0,32.1
SMI_HOF_2,-74.55,42.7581,1388,3/26/26,0.01,38.8
SMI_HOF_2,-74.55,42.7581,1388,3/27/26,0.76,48.4
SMI_HOF_2,-74.55,42.7581,1388,3/28/26,0,26
SMI_HOF_2,-74.55,42.7581,1388,3/29/26,0,24.9
SMI_HOF_2,-74.55,42.7581,1388,3/30/26,0,38.1
SMI_HOF_2,-74.55,42.7581,1388,3/31/26,0.16,53.9
SMI_HOF_2,-74.55,42.7581,1388,4/1/26,1.05,60.4
SMI_HOF_2,-74.55,42.7581,1388,4/2/26,0.26,43.1
SMI_HOF_2,-74.55,42.7581,1388,4/3/26,0.19,36.6
SMI_HOF_2,-74.55,42.7581,1388,4/4/26,0,53
SMI_HOF_2,-74.55,42.7581,1388,4/5/26,0.08,49.3
SMI_HOF_2,-74.55,42.7581,1388,4/6/26,0.22,38.5
SMI_HOF_2,-74.55,42.7581,1388,4/7/26,0.02,33.6
SMI_HOF_2,-74.55,42.7581,1388,4/8/26,0.06,25.1
SMI_HOF_2,-74.55,42.7581,1388,4/9/26,0,35.1
SMI_HOF_2,-74.55,42.7581,1388,4/10/26,0,47.9
SMI_HOF_2,-74.55,42.7581,1388,4/11/26,0.06,54
SMI_HOF_2,-74.55,42.7581,1388,4/12/26,0,35.8
SMI_HOF_2,-74.55,42.7581,1388,4/13/26,0,43.8
SMI_HOF_2,-74.55,42.7581,1388,4/14/26,0.01,60.1
SMI_HOF_2,-74.55,42.7581,1388,4/15/26,0.14,63.7
SMI_HOF_2,-74.55,42.7581,1388,4/16/26,0.14,65.4
SMI_HOF_2,-74.55,42.7581,1388,4/17/26,0.14,68.9
SMI_HOF_2,-74.55,42.7581,1388,4/18/26,0.11,55.7
SMI_HOF_2,-74.55,42.7581,1388,4/19/26,0.12,55.7
SMI_HOF_2,-74.55,42.7581,1388,4/20/26,0.09,34.3
SMI_HOF_2,-74.55,42.7581,1388,4/21/26,0,29
SMI_HOF_2,-74.55,42.7581,1388,4/22/26,0.04,36.2
SMI_HOF_2,-74.55,42.7581,1388,4/23/26,0,45.8
SMI_HOF_2,-74.55,42.7581,1388,4/24/26,0,51
SMI_HOF_2,-74.55,42.7581,1388,4/25/26,0,45.5
SMI_HOF_2,-74.55,42.7581,1388,4/26/26,0.11,42.9
SMI_HOF_2,-74.55,42.7581,1388,4/27/26,0,48.7
SMI_HOF_2,-74.55,42.7581,1388,4/28/26,0,55.9
SMI_HOF_2,-74.55,42.7581,1388,4/29/26,0,58.1
SMI_HOF_2,-74.55,42.7581,1388,4/30/26,0.45,54.7
SMI_HOF_2,-74.55,42.7581,1388,5/1/26,0,42.6
SMI_HOF_2,-74.55,42.7581,1388,5/2/26,0.09,46.3
SMI_HOF_2,-74.55,42.7581,1388,5/3/26,0,40
SMI_HOF_2,-74.55,42.7581,1388,5/4/26,0,44.5
SMI_HOF_2,-74.55,42.7581,1388,5/5/26,0.02,60.1
SMI_HOF_2,-74.55,42.7581,1388,5/6/26,0.15,63
SMI_HOF_2,-74.55,42.7581,1388,5/7/26,0.36,46.3
SMI_HOF_2,-74.55,42.7581,1388,5/8/26,0,42.9
SMI_HOF_2,-74.55,42.7581,1388,5/9/26,0.07,42.6
SMI_HOF_2,-74.55,42.7581,1388,5/10/26,0.21,46.1
SMI_HOF_2,-74.55,42.7581,1388,5/11/26,0,46
SMI_HOF_2,-74.55,42.7581,1388,5/12/26,0,42.2
SMI_HOF_2,-74.55,42.7581,1388,5/13/26,0.09,48.9
SMI_HOF_2,-74.55,42.7581,1388,5/14/26,0.44,51.3
SMI_HOF_2,-74.55,42.7581,1388,5/15/26,0.01,47.9
SMI_HOF_2,-74.55,42.7581,1388,5/16/26,0,50.1
SMI_HOF_2,-74.55,42.7581,1388,5/17/26,0,63
SMI_HOF_2,-74.55,42.7581,1388,5/18/26,0,68.3
SMI_HOF_2,-74.55,42.7581,1388,5/19/26,0,75.3
SMI_HOF_2,-74.55,42.7581,1388,5/20/26,0,77
SMI_HOF_2,-74.55,42.7581,1388,5/21/26,0,59.2
SMI_HOF_2,-74.55,42.7581,1388,5/22/26,0,48.3
SMI_HOF_2,-74.55,42.7581,1388,5/23/26,0,52.5
SMI_HOF_2,-74.55,42.7581,1388,5/24/26,0.52,50.7
SMI_HOF_2,-74.55,42.7581,1388,5/25/26,0.62,50
SMI_HOF_2,-74.55,42.7581,1388,5/26/26,0,57.6
SMI_HOF_2,-74.55,42.7581,1388,5/27/26,0,67
SMI_HOF_2,-74.55,42.7581,1388,5/28/26,0.01,63.8
SMI_HOF_2,-74.55,42.7581,1388,5/29/26,0.01,55.2
SMI_HOF_2,-74.55,42.7581,1388,5/30/26,0.04,55.6
SMI_HOF_2,-74.55,42.7581,1388,5/31/26,0.01,50.6
SMI_HOF_2,-74.55,42.7581,1388,6/1/26,0.05,54.5
SMI_HOF_2,-74.55,42.7581,1388,6/2/26,0,51.9
SMI_HOF_2,-74.55,42.7581,1388,6/3/26,0,58.5
SMI_HOF_2,-74.55,42.7581,1388,6/4/26,0,62.1
SMI_HOF_2,-74.55,42.7581,1388,6/5/26,0,63.9
SMI_HOF_2,-74.55,42.7581,1388,6/6/26,0,71
SMI_HOF_2,-74.55,42.7581,1388,6/7/26,0.03,71.1
SMI_HOF_2,-74.55,42.7581,1388,6/8/26,0.06,56.6
SMI_HOF_2,-74.55,42.7581,1388,6/9/26,0,64.9
SMI_HOF_2,-74.55,42.7581,1388,6/10/26,0,74.3
SMI_HOF_2,-74.55,42.7581,1388,6/11/26,0.19,73.4
SMI_HOF_2,-74.55,42.7581,1388,6/12/26,0.1,77.2
SMI_HOF_2,-74.55,42.7581,1388,6/13/26,0.03,70.1
SMI_HOF_2,-74.55,42.7581,1388,6/14/26,0,67.6
SMI_HOF_2,-74.55,42.7581,1388,6/15/26,1.61,66.7
SMI_HOF_2,-74.55,42.7581,1388,6/16/26,0,52.2
SMI_HOF_2,-74.55,42.7581,1388,6/17/26,0,60.3
SMI_HOF_2,-74.55,42.7581,1388,6/18/26,0.09,67.2
SMI_HOF_2,-74.55,42.7581,1388,6/19/26,0.41,68
SMI_HOF_2,-74.55,42.7581,1388,6/20/26,0.02,63.3
SMI_HOF_2,-74.55,42.7581,1388,6/21/26,0,59
SMI_HOF_2,-74.55,42.7581,1388,6/22/26,0,62
SMI_HOF_2,-74.55,42.7581,1388,6/23/26,1.07,57.8
SMI_HOF_2,-74.55,42.7581,1388,6/24/26,0,61.1
SMI_HOF_2,-74.55,42.7581,1388,6/25/26,0,62.6
SMI_HOF_2,-74.55,42.7581,1388,6/26/26,0.47,65.1
SMI_HOF_2,-74.55,42.7581,1388,6/27/26,0,65.6
SMI_HOF_2,-74.55,42.7581,1388,6/28/26,0,67.4
SMI_HOF_2,-74.55,42.7581,1388,6/29/26,0,68.1
SMI_HOF_2,-74.55,42.7581,1388,6/30/26,0,71.7
,,,,,,
SMI_HOF_3,-74.5553,42.7565,1434,1/1/26,0.04,19.1
SMI_HOF_3,-74.5553,42.7565,1434,1/2/26,0,10
SMI_HOF_3,-74.5553,42.7565,1434,1/3/26,0.02,14.9
SMI_HOF_3,-74.5553,42.7565,1434,1/4/26,0.03,18.1
SMI_HOF_3,-74.5553,42.7565,1434,1/5/26,0.04,18.9
SMI_HOF_3,-74.5553,42.7565,1434,1/6/26,0.06,21.9
SMI_HOF_3,-74.5553,42.7565,1434,1/7/26,0.5,29.5
SMI_HOF_3,-74.5553,42.7565,1434,1/8/26,0.03,33.5
SMI_HOF_3,-74.5553,42.7565,1434,1/9/26,0,33.6
SMI_HOF_3,-74.5553,42.7565,1434,1/10/26,0.06,39.8
SMI_HOF_3,-74.5553,42.7565,1434,1/11/26,0.24,35.2
SMI_HOF_3,-74.5553,42.7565,1434,1/12/26,0.03,27.6
SMI_HOF_3,-74.5553,42.7565,1434,1/13/26,0,28.7
SMI_HOF_3,-74.5553,42.7565,1434,1/14/26,0,36.4
SMI_HOF_3,-74.5553,42.7565,1434,1/15/26,0.31,39.6
SMI_HOF_3,-74.5553,42.7565,1434,1/16/26,0,22.5
SMI_HOF_3,-74.5553,42.7565,1434,1/17/26,0.02,18.5
SMI_HOF_3,-74.5553,42.7565,1434,1/18/26,0.15,26.9
SMI_HOF_3,-74.5553,42.7565,1434,1/19/26,0.06,21
SMI_HOF_3,-74.5553,42.7565,1434,1/20/26,0,15.1
SMI_HOF_3,-74.5553,42.7565,1434,1/21/26,0,10
SMI_HOF_3,-74.5553,42.7565,1434,1/22/26,0.02,19.8
SMI_HOF_3,-74.5553,42.7565,1434,1/23/26,0.01,25.7
SMI_HOF_3,-74.5553,42.7565,1434,1/24/26,0,4.5
SMI_HOF_3,-74.5553,42.7565,1434,1/25/26,0,-2.6
SMI_HOF_3,-74.5553,42.7565,1434,1/26/26,1.01,5.7
SMI_HOF_3,-74.5553,42.7565,1434,1/27/26,0.05,9.7
SMI_HOF_3,-74.5553,42.7565,1434,1/28/26,0,8.4
SMI_HOF_3,-74.5553,42.7565,1434,1/29/26,0,7.7
SMI_HOF_3,-74.5553,42.7565,1434,1/30/26,0,3.8
SMI_HOF_3,-74.5553,42.7565,1434,1/31/26,0,0.1
SMI_HOF_3,-74.5553,42.7565,1434,2/1/26,0,1.9
SMI_HOF_3,-74.5553,42.7565,1434,2/2/26,0,2.5
SMI_HOF_3,-74.5553,42.7565,1434,2/3/26,0,9
SMI_HOF_3,-74.5553,42.7565,1434,2/4/26,0,11.8
SMI_HOF_3,-74.5553,42.7565,1434,2/5/26,0,16.7
SMI_HOF_3,-74.5553,42.7565,1434,2/6/26,0,14.5
SMI_HOF_3,-74.5553,42.7565,1434,2/7/26,0.1,13.7
SMI_HOF_3,-74.5553,42.7565,1434,2/8/26,0,-6.1
SMI_HOF_3,-74.5553,42.7565,1434,2/9/26,0,-4.6
SMI_HOF_3,-74.5553,42.7565,1434,2/10/26,0,5.8
SMI_HOF_3,-74.5553,42.7565,1434,2/11/26,0.09,22.1
SMI_HOF_3,-74.5553,42.7565,1434,2/12/26,0.08,24.9
SMI_HOF_3,-74.5553,42.7565,1434,2/13/26,0,15.6
SMI_HOF_3,-74.5553,42.7565,1434,2/14/26,0,16.2
SMI_HOF_3,-74.5553,42.7565,1434,2/15/26,0,27
SMI_HOF_3,-74.5553,42.7565,1434,2/16/26,0,27.7
SMI_HOF_3,-74.5553,42.7565,1434,2/17/26,0,31.6
SMI_HOF_3,-74.5553,42.7565,1434,2/18/26,0,35.7
SMI_HOF_3,-74.5553,42.7565,1434,2/19/26,0.2,30
SMI_HOF_3,-74.5553,42.7565,1434,2/20/26,0,28.2
SMI_HOF_3,-74.5553,42.7565,1434,2/21/26,0.67,30.7
SMI_HOF_3,-74.5553,42.7565,1434,2/22/26,0,28.2
SMI_HOF_3,-74.5553,42.7565,1434,2/23/26,0.12,26.9
SMI_HOF_3,-74.5553,42.7565,1434,2/24/26,0.08,20.2
SMI_HOF_3,-74.5553,42.7565,1434,2/25/26,0.09,14.5
SMI_HOF_3,-74.5553,42.7565,1434,2/26/26,0.09,29.4
SMI_HOF_3,-74.5553,42.7565,1434,2/27/26,0,16.5
SMI_HOF_3,-74.5553,42.7565,1434,2/28/26,0,24.1
SMI_HOF_3,-74.5553,42.7565,1434,3/1/26,0.02,35.2
SMI_HOF_3,-74.5553,42.7565,1434,3/2/26,0,12.7
SMI_HOF_3,-74.5553,42.7565,1434,3/3/26,0,13.4
SMI_HOF_3,-74.5553,42.7565,1434,3/4/26,0.3,24.1
SMI_HOF_3,-74.5553,42.7565,1434,3/5/26,0,35.1
SMI_HOF_3,-74.5553,42.7565,1434,3/6/26,0.62,32
SMI_HOF_3,-74.5553,42.7565,1434,3/7/26,0,33.7
SMI_HOF_3,-74.5553,42.7565,1434,3/8/26,0.27,44.3
SMI_HOF_3,-74.5553,42.7565,1434,3/9/26,0,39.1
SMI_HOF_3,-74.5553,42.7565,1434,3/10/26,0,47.7
SMI_HOF_3,-74.5553,42.7565,1434,3/11/26,0,51.7
SMI_HOF_3,-74.5553,42.7565,1434,3/12/26,0.14,51.5
SMI_HOF_3,-74.5553,42.7565,1434,3/13/26,0,26
SMI_HOF_3,-74.5553,42.7565,1434,3/14/26,0.1,28.2
SMI_HOF_3,-74.5553,42.7565,1434,3/15/26,0.01,26
SMI_HOF_3,-74.5553,42.7565,1434,3/16/26,0.05,34.8
SMI_HOF_3,-74.5553,42.7565,1434,3/17/26,0.89,42.5
SMI_HOF_3,-74.5553,42.7565,1434,3/18/26,0,19
SMI_HOF_3,-74.5553,42.7565,1434,3/19/26,0,22
SMI_HOF_3,-74.5553,42.7565,1434,3/20/26,0,31.6
SMI_HOF_3,-74.5553,42.7565,1434,3/21/26,0.31,37.7
SMI_HOF_3,-74.5553,42.7565,1434,3/22/26,0,35.4
SMI_HOF_3,-74.5553,42.7565,1434,3/23/26,0.39,37.7
SMI_HOF_3,-74.5553,42.7565,1434,3/24/26,0,26.2
SMI_HOF_3,-74.5553,42.7565,1434,3/25/26,0,32
SMI_HOF_3,-74.5553,42.7565,1434,3/26/26,0.01,38.8
SMI_HOF_3,-74.5553,42.7565,1434,3/27/26,0.77,48.2
SMI_HOF_3,-74.5553,42.7565,1434,3/28/26,0,26
SMI_HOF_3,-74.5553,42.7565,1434,3/29/26,0,24.8
SMI_HOF_3,-74.5553,42.7565,1434,3/30/26,0,38
SMI_HOF_3,-74.5553,42.7565,1434,3/31/26,0.16,53.8
SMI_HOF_3,-74.5553,42.7565,1434,4/1/26,1.05,60.3
SMI_HOF_3,-74.5553,42.7565,1434,4/2/26,0.26,43
SMI_HOF_3,-74.5553,42.7565,1434,4/3/26,0.18,36.6
SMI_HOF_3,-74.5553,42.7565,1434,4/4/26,0,52.9
SMI_HOF_3,-74.5553,42.7565,1434,4/5/26,0.08,49.3
SMI_HOF_3,-74.5553,42.7565,1434,4/6/26,0.22,38.3
SMI_HOF_3,-74.5553,42.7565,1434,4/7/26,0.02,33.6
SMI_HOF_3,-74.5553,42.7565,1434,4/8/26,0.06,24.9
SMI_HOF_3,-74.5553,42.7565,1434,4/9/26,0,35
SMI_HOF_3,-74.5553,42.7565,1434,4/10/26,0,47.8
SMI_HOF_3,-74.5553,42.7565,1434,4/11/26,0.06,53.8
SMI_HOF_3,-74.5553,42.7565,1434,4/12/26,0,35.8
SMI_HOF_3,-74.5553,42.7565,1434,4/13/26,0,43.5
SMI_HOF_3,-74.5553,42.7565,1434,4/14/26,0.01,60
SMI_HOF_3,-74.5553,42.7565,1434,4/15/26,0.14,63.7
SMI_HOF_3,-74.5553,42.7565,1434,4/16/26,0.14,65.3
SMI_HOF_3,-74.5553,42.7565,1434,4/17/26,0.14,68.8
SMI_HOF_3,-74.5553,42.7565,1434,4/18/26,0.11,55.7
SMI_HOF_3,-74.5553,42.7565,1434,4/19/26,0.12,55.7
SMI_HOF_3,-74.5553,42.7565,1434,4/20/26,0.09,34.2
SMI_HOF_3,-74.5553,42.7565,1434,4/21/26,0,28.9
SMI_HOF_3,-74.5553,42.7565,1434,4/22/26,0.04,36.1
SMI_HOF_3,-74.5553,42.7565,1434,4/23/26,0,45.7
SMI_HOF_3,-74.5553,42.7565,1434,4/24/26,0,50.8
SMI_HOF_3,-74.5553,42.7565,1434,4/25/26,0,45.5
SMI_HOF_3,-74.5553,42.7565,1434,4/26/26,0.11,42.7
SMI_HOF_3,-74.5553,42.7565,1434,4/27/26,0,48.5
SMI_HOF_3,-74.5553,42.7565,1434,4/28/26,0,55.9
SMI_HOF_3,-74.5553,42.7565,1434,4/29/26,0,58
SMI_HOF_3,-74.5553,42.7565,1434,4/30/26,0.46,54.5
SMI_HOF_3,-74.5553,42.7565,1434,5/1/26,0,42.5
SMI_HOF_3,-74.5553,42.7565,1434,5/2/26,0.09,46.1
SMI_HOF_3,-74.5553,42.7565,1434,5/3/26,0,39.9
SMI_HOF_3,-74.5553,42.7565,1434,5/4/26,0,44.4
SMI_HOF_3,-74.5553,42.7565,1434,5/5/26,0.01,59.9
SMI_HOF_3,-74.5553,42.7565,1434,5/6/26,0.15,62.8
SMI_HOF_3,-74.5553,42.7565,1434,5/7/26,0.36,46.2
SMI_HOF_3,-74.5553,42.7565,1434,5/8/26,0,42.8
SMI_HOF_3,-74.5553,42.7565,1434,5/9/26,0.07,42.5
SMI_HOF_3,-74.5553,42.7565,1434,5/10/26,0.21,46
SMI_HOF_3,-74.5553,42.7565,1434,5/11/26,0,45.9
SMI_HOF_3,-74.5553,42.7565,1434,5/12/26,0,42.1
SMI_HOF_3,-74.5553,42.7565,1434,5/13/26,0.09,48.7
SMI_HOF_3,-74.5553,42.7565,1434,5/14/26,0.45,51.2
SMI_HOF_3,-74.5553,42.7565,1434,5/15/26,0.01,47.7
SMI_HOF_3,-74.5553,42.7565,1434,5/16/26,0,50.1
SMI_HOF_3,-74.5553,42.7565,1434,5/17/26,0,62.9
SMI_HOF_3,-74.5553,42.7565,1434,5/18/26,0,68.2
SMI_HOF_3,-74.5553,42.7565,1434,5/19/26,0,75.3
SMI_HOF_3,-74.5553,42.7565,1434,5/20/26,0,76.8
SMI_HOF_3,-74.5553,42.7565,1434,5/21/26,0,59.1
SMI_HOF_3,-74.5553,42.7565,1434,5/22/26,0,48.3
SMI_HOF_3,-74.5553,42.7565,1434,5/23/26,0,52.4
SMI_HOF_3,-74.5553,42.7565,1434,5/24/26,0.52,50.6
SMI_HOF_3,-74.5553,42.7565,1434,5/25/26,0.63,49.9
SMI_HOF_3,-74.5553,42.7565,1434,5/26/26,0,57.5
SMI_HOF_3,-74.5553,42.7565,1434,5/27/26,0,66.9
SMI_HOF_3,-74.5553,42.7565,1434,5/28/26,0.02,63.7
SMI_HOF_3,-74.5553,42.7565,1434,5/29/26,0.01,55.1
SMI_HOF_3,-74.5553,42.7565,1434,5/30/26,0.04,55.5
SMI_HOF_3,-74.5553,42.7565,1434,5/31/26,0.01,50.5
SMI_HOF_3,-74.5553,42.7565,1434,6/1/26,0.05,54.4
SMI_HOF_3,-74.5553,42.7565,1434,6/2/26,0,51.8
SMI_HOF_3,-74.5553,42.7565,1434,6/3/26,0,58.4
SMI_HOF_3,-74.5553,42.7565,1434,6/4/26,0,62.1
SMI_HOF_3,-74.5553,42.7565,1434,6/5/26,0,63.9
SMI_HOF_3,-74.5553,42.7565,1434,6/6/26,0,71
SMI_HOF_3,-74.5553,42.7565,1434,6/7/26,0.03,70.8
SMI_HOF_3,-74.5553,42.7565,1434,6/8/26,0.06,56.5
SMI_HOF_3,-74.5553,42.7565,1434,6/9/26,0,64.8
SMI_HOF_3,-74.5553,42.7565,1434,6/10/26,0,74.2
SMI_HOF_3,-74.5553,42.7565,1434,6/11/26,0.19,73.3
SMI_HOF_3,-74.5553,42.7565,1434,6/12/26,0.1,77.1
SMI_HOF_3,-74.5553,42.7565,1434,6/13/26,0.04,70.1
SMI_HOF_3,-74.5553,42.7565,1434,6/14/26,0,67.4
SMI_HOF_3,-74.5553,42.7565,1434,6/15/26,1.59,66.6
SMI_HOF_3,-74.5553,42.7565,1434,6/16/26,0,52.1
SMI_HOF_3,-74.5553,42.7565,1434,6/17/26,0,60.3
SMI_HOF_3,-74.5553,42.7565,1434,6/18/26,0.09,67
SMI_HOF_3,-74.5553,42.7565,1434,6/19/26,0.41,67.8
SMI_HOF_3,-74.5553,42.7565,1434,6/20/26,0.02,63.1
SMI_HOF_3,-74.5553,42.7565,1434,6/21/26,0,59
SMI_HOF_3,-74.5553,42.7565,1434,6/22/26,0,61.9
SMI_HOF_3,-74.5553,42.7565,1434,6/23/26,1.07,57.6
SMI_HOF_3,-74.5553,42.7565,1434,6/24/26,0,60.9
SMI_HOF_3,-74.5553,42.7565,1434,6/25/26,0,62.5
SMI_HOF_3,-74.5553,42.7565,1434,6/26/26,0.47,65
SMI_HOF_3,-74.5553,42.7565,1434,6/27/26,0,65.5
SMI_HOF_3,-74.5553,42.7565,1434,6/28/26,0,67.3
SMI_HOF_3,-74.5553,42.7565,1434,6/29/26,0,68
SMI_HOF_3,-74.5553,42.7565,1434,6/30/26,0,71.6
,,,,,,
SMI_LAT,-75.5684,42.7094,1247,1/1/26,0.12,18.6
SMI_LAT,-75.5684,42.7094,1247,1/2/26,0,8.7
SMI_LAT,-75.5684,42.7094,1247,1/3/26,0,16.5
SMI_LAT,-75.5684,42.7094,1247,1/4/26,0.06,18.3
SMI_LAT,-75.5684,42.7094,1247,1/5/26,0.06,20.2
SMI_LAT,-75.5684,42.7094,1247,1/6/26,0.07,23.9
SMI_LAT,-75.5684,42.7094,1247,1/7/26,0.5,31.4
SMI_LAT,-75.5684,42.7094,1247,1/8/26,0.04,34.3
SMI_LAT,-75.5684,42.7094,1247,1/9/26,0,35.5
SMI_LAT,-75.5684,42.7094,1247,1/10/26,0.06,40.6
SMI_LAT,-75.5684,42.7094,1247,1/11/26,0.23,34.7
SMI_LAT,-75.5684,42.7094,1247,1/12/26,0.08,28.4
SMI_LAT,-75.5684,42.7094,1247,1/13/26,0,29.8
SMI_LAT,-75.5684,42.7094,1247,1/14/26,0,35.3
SMI_LAT,-75.5684,42.7094,1247,1/15/26,0.29,39.5
SMI_LAT,-75.5684,42.7094,1247,1/16/26,0.08,22.3
SMI_LAT,-75.5684,42.7094,1247,1/17/26,0.05,20.7
SMI_LAT,-75.5684,42.7094,1247,1/18/26,0.09,28
SMI_LAT,-75.5684,42.7094,1247,1/19/26,0,20.8
SMI_LAT,-75.5684,42.7094,1247,1/20/26,0,15.5
SMI_LAT,-75.5684,42.7094,1247,1/21/26,0,7.8
SMI_LAT,-75.5684,42.7094,1247,1/22/26,0.05,17.1
SMI_LAT,-75.5684,42.7094,1247,1/23/26,0.04,25.2
SMI_LAT,-75.5684,42.7094,1247,1/24/26,0,5.6
SMI_LAT,-75.5684,42.7094,1247,1/25/26,0,-0.8
SMI_LAT,-75.5684,42.7094,1247,1/26/26,0.89,8.6
SMI_LAT,-75.5684,42.7094,1247,1/27/26,0.04,9.6
SMI_LAT,-75.5684,42.7094,1247,1/28/26,0.02,8.4
SMI_LAT,-75.5684,42.7094,1247,1/29/26,0,6.7
SMI_LAT,-75.5684,42.7094,1247,1/30/26,0.02,5.6
SMI_LAT,-75.5684,42.7094,1247,1/31/26,0,3.2
SMI_LAT,-75.5684,42.7094,1247,2/1/26,0,5.2
SMI_LAT,-75.5684,42.7094,1247,2/2/26,0,1.7
SMI_LAT,-75.5684,42.7094,1247,2/3/26,0,8.2
SMI_LAT,-75.5684,42.7094,1247,2/4/26,0.04,13.6
SMI_LAT,-75.5684,42.7094,1247,2/5/26,0,12.4
SMI_LAT,-75.5684,42.7094,1247,2/6/26,0,12.4
SMI_LAT,-75.5684,42.7094,1247,2/7/26,0.13,13.8
SMI_LAT,-75.5684,42.7094,1247,2/8/26,0,-7.4
SMI_LAT,-75.5684,42.7094,1247,2/9/26,0,-5.5
SMI_LAT,-75.5684,42.7094,1247,2/10/26,0,5
SMI_LAT,-75.5684,42.7094,1247,2/11/26,0.1,23.9
SMI_LAT,-75.5684,42.7094,1247,2/12/26,0.16,25.5
SMI_LAT,-75.5684,42.7094,1247,2/13/26,0.02,15
SMI_LAT,-75.5684,42.7094,1247,2/14/26,0,17.1
SMI_LAT,-75.5684,42.7094,1247,2/15/26,0,27.6
SMI_LAT,-75.5684,42.7094,1247,2/16/26,0,32.2
SMI_LAT,-75.5684,42.7094,1247,2/17/26,0.02,36.3
SMI_LAT,-75.5684,42.7094,1247,2/18/26,0,36.7
SMI_LAT,-75.5684,42.7094,1247,2/19/26,0.48,32.3
SMI_LAT,-75.5684,42.7094,1247,2/20/26,0.05,33.6
SMI_LAT,-75.5684,42.7094,1247,2/21/26,0.52,33.8
SMI_LAT,-75.5684,42.7094,1247,2/22/26,0.02,31.1
SMI_LAT,-75.5684,42.7094,1247,2/23/26,0.12,30.2
SMI_LAT,-75.5684,42.7094,1247,2/24/26,0,21.6
SMI_LAT,-75.5684,42.7094,1247,2/25/26,0.2,14.8
SMI_LAT,-75.5684,42.7094,1247,2/26/26,0.08,30
SMI_LAT,-75.5684,42.7094,1247,2/27/26,0,17.8
SMI_LAT,-75.5684,42.7094,1247,2/28/26,0,26.4
SMI_LAT,-75.5684,42.7094,1247,3/1/26,0.02,37
SMI_LAT,-75.5684,42.7094,1247,3/2/26,0,14.6
SMI_LAT,-75.5684,42.7094,1247,3/3/26,0,16.4
SMI_LAT,-75.5684,42.7094,1247,3/4/26,0.14,30
SMI_LAT,-75.5684,42.7094,1247,3/5/26,0,38.6
SMI_LAT,-75.5684,42.7094,1247,3/6/26,0.72,36.4
SMI_LAT,-75.5684,42.7094,1247,3/7/26,0,37.4
SMI_LAT,-75.5684,42.7094,1247,3/8/26,0.18,47
SMI_LAT,-75.5684,42.7094,1247,3/9/26,0,43.5
SMI_LAT,-75.5684,42.7094,1247,3/10/26,0,50.5
SMI_LAT,-75.5684,42.7094,1247,3/11/26,0,55.4
SMI_LAT,-75.5684,42.7094,1247,3/12/26,0.25,52.7
SMI_LAT,-75.5684,42.7094,1247,3/13/26,0.03,25.3
SMI_LAT,-75.5684,42.7094,1247,3/14/26,0.22,27.3
SMI_LAT,-75.5684,42.7094,1247,3/15/26,0.04,25.1
SMI_LAT,-75.5684,42.7094,1247,3/16/26,0,37.5
SMI_LAT,-75.5684,42.7094,1247,3/17/26,0.85,43.9
SMI_LAT,-75.5684,42.7094,1247,3/18/26,0,19.6
SMI_LAT,-75.5684,42.7094,1247,3/19/26,0,22.8
SMI_LAT,-75.5684,42.7094,1247,3/20/26,0,34.4
SMI_LAT,-75.5684,42.7094,1247,3/21/26,0.44,36.4
SMI_LAT,-75.5684,42.7094,1247,3/22/26,0.04,35.6
SMI_LAT,-75.5684,42.7094,1247,3/23/26,0.37,38.6
SMI_LAT,-75.5684,42.7094,1247,3/24/26,0.01,26.9
SMI_LAT,-75.5684,42.7094,1247,3/25/26,0,32.8
SMI_LAT,-75.5684,42.7094,1247,3/26/26,0.05,39.3
SMI_LAT,-75.5684,42.7094,1247,3/27/26,0.86,48.6
SMI_LAT,-75.5684,42.7094,1247,3/28/26,0,24.6
SMI_LAT,-75.5684,42.7094,1247,3/29/26,0,26.3
SMI_LAT,-75.5684,42.7094,1247,3/30/26,0,39.1
SMI_LAT,-75.5684,42.7094,1247,3/31/26,0.47,54.5
SMI_LAT,-75.5684,42.7094,1247,4/1/26,1.61,59.1
SMI_LAT,-75.5684,42.7094,1247,4/2/26,0.35,42.7
SMI_LAT,-75.5684,42.7094,1247,4/3/26,0.25,40
SMI_LAT,-75.5684,42.7094,1247,4/4/26,0,54.9
SMI_LAT,-75.5684,42.7094,1247,4/5/26,0.35,53.3
SMI_LAT,-75.5684,42.7094,1247,4/6/26,0.29,39.4
SMI_LAT,-75.5684,42.7094,1247,4/7/26,0.07,35.3
SMI_LAT,-75.5684,42.7094,1247,4/8/26,0.07,23
SMI_LAT,-75.5684,42.7094,1247,4/9/26,0,35.2
SMI_LAT,-75.5684,42.7094,1247,4/10/26,0,50
SMI_LAT,-75.5684,42.7094,1247,4/11/26,0.15,54.6
SMI_LAT,-75.5684,42.7094,1247,4/12/26,0,36.2
SMI_LAT,-75.5684,42.7094,1247,4/13/26,0.04,44
SMI_LAT,-75.5684,42.7094,1247,4/14/26,0.04,62.7
SMI_LAT,-75.5684,42.7094,1247,4/15/26,0.03,63.4
SMI_LAT,-75.5684,42.7094,1247,4/16/26,0.41,65.7
SMI_LAT,-75.5684,42.7094,1247,4/17/26,0.18,69
SMI_LAT,-75.5684,42.7094,1247,4/18/26,0,56
SMI_LAT,-75.5684,42.7094,1247,4/19/26,0.35,54.5
SMI_LAT,-75.5684,42.7094,1247,4/20/26,0.16,34.6
SMI_LAT,-75.5684,42.7094,1247,4/21/26,0.04,28.3
SMI_LAT,-75.5684,42.7094,1247,4/22/26,0.11,37.4
SMI_LAT,-75.5684,42.7094,1247,4/23/26,0,50.9
SMI_LAT,-75.5684,42.7094,1247,4/24/26,0,53
SMI_LAT,-75.5684,42.7094,1247,4/25/26,0,50.8
SMI_LAT,-75.5684,42.7094,1247,4/26/26,0.6,40.7
SMI_LAT,-75.5684,42.7094,1247,4/27/26,0,47.9
SMI_LAT,-75.5684,42.7094,1247,4/28/26,0,57.6
SMI_LAT,-75.5684,42.7094,1247,4/29/26,0.03,57.9
SMI_LAT,-75.5684,42.7094,1247,4/30/26,0.59,51.9
SMI_LAT,-75.5684,42.7094,1247,5/1/26,0,40.6
SMI_LAT,-75.5684,42.7094,1247,5/2/26,0.12,45.5
SMI_LAT,-75.5684,42.7094,1247,5/3/26,0,39.1
SMI_LAT,-75.5684,42.7094,1247,5/4/26,0,46
SMI_LAT,-75.5684,42.7094,1247,5/5/26,0.09,58.4
SMI_LAT,-75.5684,42.7094,1247,5/6/26,0.36,60.5
SMI_LAT,-75.5684,42.7094,1247,5/7/26,0.33,41.6
SMI_LAT,-75.5684,42.7094,1247,5/8/26,0.02,43.7
SMI_LAT,-75.5684,42.7094,1247,5/9/26,0.07,43.9
SMI_LAT,-75.5684,42.7094,1247,5/10/26,0.21,48.1
SMI_LAT,-75.5684,42.7094,1247,5/11/26,0,45.5
SMI_LAT,-75.5684,42.7094,1247,5/12/26,0,41.6
SMI_LAT,-75.5684,42.7094,1247,5/13/26,0.2,49.2
SMI_LAT,-75.5684,42.7094,1247,5/14/26,0.43,53.2
SMI_LAT,-75.5684,42.7094,1247,5/15/26,0.05,47.5
SMI_LAT,-75.5684,42.7094,1247,5/16/26,0,49.6
SMI_LAT,-75.5684,42.7094,1247,5/17/26,0.03,62.5
SMI_LAT,-75.5684,42.7094,1247,5/18/26,0,69.8
SMI_LAT,-75.5684,42.7094,1247,5/19/26,0,75.5
SMI_LAT,-75.5684,42.7094,1247,5/20/26,0,74.9
SMI_LAT,-75.5684,42.7094,1247,5/21/26,0.01,56.7
SMI_LAT,-75.5684,42.7094,1247,5/22/26,0,48.5
SMI_LAT,-75.5684,42.7094,1247,5/23/26,0,54.4
SMI_LAT,-75.5684,42.7094,1247,5/24/26,0.69,50.1
SMI_LAT,-75.5684,42.7094,1247,5/25/26,0.66,52.4
SMI_LAT,-75.5684,42.7094,1247,5/26/26,0.01,58.3
SMI_LAT,-75.5684,42.7094,1247,5/27/26,0,65.9
SMI_LAT,-75.5684,42.7094,1247,5/28/26,0,62.6
SMI_LAT,-75.5684,42.7094,1247,5/29/26,0.03,53.1
SMI_LAT,-75.5684,42.7094,1247,5/30/26,0.04,56.7
SMI_LAT,-75.5684,42.7094,1247,5/31/26,0,49.9
SMI_LAT,-75.5684,42.7094,1247,6/1/26,0.02,55.3
SMI_LAT,-75.5684,42.7094,1247,6/2/26,0,53
SMI_LAT,-75.5684,42.7094,1247,6/3/26,0,56.7
SMI_LAT,-75.5684,42.7094,1247,6/4/26,0,61.2
SMI_LAT,-75.5684,42.7094,1247,6/5/26,0,64.4
SMI_LAT,-75.5684,42.7094,1247,6/6/26,0,71
SMI_LAT,-75.5684,42.7094,1247,6/7/26,0.09,69.5
SMI_LAT,-75.5684,42.7094,1247,6/8/26,0,59.6
SMI_LAT,-75.5684,42.7094,1247,6/9/26,0,66.4
SMI_LAT,-75.5684,42.7094,1247,6/10/26,0,74.6
SMI_LAT,-75.5684,42.7094,1247,6/11/26,0.25,73.6
SMI_LAT,-75.5684,42.7094,1247,6/12/26,0.25,78.5
SMI_LAT,-75.5684,42.7094,1247,6/13/26,0.07,69.7
SMI_LAT,-75.5684,42.7094,1247,6/14/26,0,68.5
SMI_LAT,-75.5684,42.7094,1247,6/15/26,0.45,65.5
SMI_LAT,-75.5684,42.7094,1247,6/16/26,0,52.6
SMI_LAT,-75.5684,42.7094,1247,6/17/26,0,61.3
SMI_LAT,-75.5684,42.7094,1247,6/18/26,0.06,65
SMI_LAT,-75.5684,42.7094,1247,6/19/26,0.36,67.7
SMI_LAT,-75.5684,42.7094,1247,6/20/26,0.06,63
SMI_LAT,-75.5684,42.7094,1247,6/21/26,0,58.4
SMI_LAT,-75.5684,42.7094,1247,6/22/26,0.02,62.5
SMI_LAT,-75.5684,42.7094,1247,6/23/26,1.15,57.2
SMI_LAT,-75.5684,42.7094,1247,6/24/26,0,60
SMI_LAT,-75.5684,42.7094,1247,6/25/26,0,61.9
SMI_LAT,-75.5684,42.7094,1247,6/26/26,0.37,64.2
SMI_LAT,-75.5684,42.7094,1247,6/27/26,0,65.8
SMI_LAT,-75.5684,42.7094,1247,6/28/26,0,67
SMI_LAT,-75.5684,42.7094,1247,6/29/26,0,69.8
SMI_LAT,-75.5684,42.7094,1247,6/30/26,0,72.8
,,,,,,
SMI_MCC,-74.8422,43.1153,1237,1/1/26,0.09,17.8
SMI_MCC,-74.8422,43.1153,1237,1/2/26,0,7.2
SMI_MCC,-74.8422,43.1153,1237,1/3/26,0.04,12.7
SMI_MCC,-74.8422,43.1153,1237,1/4/26,0.02,16.6
SMI_MCC,-74.8422,43.1153,1237,1/5/26,0,16.3
SMI_MCC,-74.8422,43.1153,1237,1/6/26,0.09,17.8
SMI_MCC,-74.8422,43.1153,1237,1/7/26,0.64,26.8
SMI_MCC,-74.8422,43.1153,1237,1/8/26,0,31.1
SMI_MCC,-74.8422,43.1153,1237,1/9/26,0,31.2
SMI_MCC,-74.8422,43.1153,1237,1/10/26,0.24,37.3
SMI_MCC,-74.8422,43.1153,1237,1/11/26,0.52,34
SMI_MCC,-74.8422,43.1153,1237,1/12/26,0,25.9
SMI_MCC,-74.8422,43.1153,1237,1/13/26,0.01,26.6
SMI_MCC,-74.8422,43.1153,1237,1/14/26,0,33.5
SMI_MCC,-74.8422,43.1153,1237,1/15/26,0.46,37.7
SMI_MCC,-74.8422,43.1153,1237,1/16/26,0.02,19.5
SMI_MCC,-74.8422,43.1153,1237,1/17/26,0.03,15.3
SMI_MCC,-74.8422,43.1153,1237,1/18/26,0.14,24.7
SMI_MCC,-74.8422,43.1153,1237,1/19/26,0,18.7
SMI_MCC,-74.8422,43.1153,1237,1/20/26,0.02,16.1
SMI_MCC,-74.8422,43.1153,1237,1/21/26,0,7
SMI_MCC,-74.8422,43.1153,1237,1/22/26,0.28,14
SMI_MCC,-74.8422,43.1153,1237,1/23/26,0.02,21.5
SMI_MCC,-74.8422,43.1153,1237,1/24/26,0,1.4
SMI_MCC,-74.8422,43.1153,1237,1/25/26,0,-6.5
SMI_MCC,-74.8422,43.1153,1237,1/26/26,0.72,5.7
SMI_MCC,-74.8422,43.1153,1237,1/27/26,0.02,6.8
SMI_MCC,-74.8422,43.1153,1237,1/28/26,0.02,5.9
SMI_MCC,-74.8422,43.1153,1237,1/29/26,0,4.8
SMI_MCC,-74.8422,43.1153,1237,1/30/26,0.02,1.5
SMI_MCC,-74.8422,43.1153,1237,1/31/26,0,-2.6
SMI_MCC,-74.8422,43.1153,1237,2/1/26,0,-1.4
SMI_MCC,-74.8422,43.1153,1237,2/2/26,0,0.5
SMI_MCC,-74.8422,43.1153,1237,2/3/26,0,7.4
SMI_MCC,-74.8422,43.1153,1237,2/4/26,0.02,9.4
SMI_MCC,-74.8422,43.1153,1237,2/5/26,0,15
SMI_MCC,-74.8422,43.1153,1237,2/6/26,0,12.2
SMI_MCC,-74.8422,43.1153,1237,2/7/26,0.13,12.8
SMI_MCC,-74.8422,43.1153,1237,2/8/26,0,-7
SMI_MCC,-74.8422,43.1153,1237,2/9/26,0,-4.8
SMI_MCC,-74.8422,43.1153,1237,2/10/26,0,3.7
SMI_MCC,-74.8422,43.1153,1237,2/11/26,0.1,18.7
SMI_MCC,-74.8422,43.1153,1237,2/12/26,0.13,23.9
SMI_MCC,-74.8422,43.1153,1237,2/13/26,0,13.8
SMI_MCC,-74.8422,43.1153,1237,2/14/26,0,12
SMI_MCC,-74.8422,43.1153,1237,2/15/26,0,24.2
SMI_MCC,-74.8422,43.1153,1237,2/16/26,0,27.2
SMI_MCC,-74.8422,43.1153,1237,2/17/26,0.04,31.9
SMI_MCC,-74.8422,43.1153,1237,2/18/26,0,32.9
SMI_MCC,-74.8422,43.1153,1237,2/19/26,0.05,31.7
SMI_MCC,-74.8422,43.1153,1237,2/20/26,0,29.8
SMI_MCC,-74.8422,43.1153,1237,2/21/26,0.81,30.8
SMI_MCC,-74.8422,43.1153,1237,2/22/26,0,28.6
SMI_MCC,-74.8422,43.1153,1237,2/23/26,0.02,27.3
SMI_MCC,-74.8422,43.1153,1237,2/24/26,0,19.2
SMI_MCC,-74.8422,43.1153,1237,2/25/26,0.09,11.5
SMI_MCC,-74.8422,43.1153,1237,2/26/26,0.1,25.1
SMI_MCC,-74.8422,43.1153,1237,2/27/26,0,13.7
SMI_MCC,-74.8422,43.1153,1237,2/28/26,0,20.3
SMI_MCC,-74.8422,43.1153,1237,3/1/26,0.03,32.9
SMI_MCC,-74.8422,43.1153,1237,3/2/26,0,11.4
SMI_MCC,-74.8422,43.1153,1237,3/3/26,0,11
SMI_MCC,-74.8422,43.1153,1237,3/4/26,0.2,20.7
SMI_MCC,-74.8422,43.1153,1237,3/5/26,0,32.5
SMI_MCC,-74.8422,43.1153,1237,3/6/26,0.42,32
SMI_MCC,-74.8422,43.1153,1237,3/7/26,0,33.5
SMI_MCC,-74.8422,43.1153,1237,3/8/26,0.25,40
SMI_MCC,-74.8422,43.1153,1237,3/9/26,0,36.2
SMI_MCC,-74.8422,43.1153,1237,3/10/26,0,46.8
SMI_MCC,-74.8422,43.1153,1237,3/11/26,0.08,49.8
SMI_MCC,-74.8422,43.1153,1237,3/12/26,0.23,44.8
SMI_MCC,-74.8422,43.1153,1237,3/13/26,0,24.6
SMI_MCC,-74.8422,43.1153,1237,3/14/26,0.25,26.4
SMI_MCC,-74.8422,43.1153,1237,3/15/26,0.04,24
SMI_MCC,-74.8422,43.1153,1237,3/16/26,0,31.6
SMI_MCC,-74.8422,43.1153,1237,3/17/26,0.65,40.3
SMI_MCC,-74.8422,43.1153,1237,3/18/26,0,16
SMI_MCC,-74.8422,43.1153,1237,3/19/26,0,19.9
SMI_MCC,-74.8422,43.1153,1237,3/20/26,0,30.5
SMI_MCC,-74.8422,43.1153,1237,3/21/26,0.39,34
SMI_MCC,-74.8422,43.1153,1237,3/22/26,0.02,33.7
SMI_MCC,-74.8422,43.1153,1237,3/23/26,0.51,36
SMI_MCC,-74.8422,43.1153,1237,3/24/26,0,26.4
SMI_MCC,-74.8422,43.1153,1237,3/25/26,0,32
SMI_MCC,-74.8422,43.1153,1237,3/26/26,0.01,38.1
SMI_MCC,-74.8422,43.1153,1237,3/27/26,0.8,46.2
SMI_MCC,-74.8422,43.1153,1237,3/28/26,0,25.6
SMI_MCC,-74.8422,43.1153,1237,3/29/26,0,24.4
SMI_MCC,-74.8422,43.1153,1237,3/30/26,0,36.9
SMI_MCC,-74.8422,43.1153,1237,3/31/26,0.96,51.6
SMI_MCC,-74.8422,43.1153,1237,4/1/26,1.15,57.5
SMI_MCC,-74.8422,43.1153,1237,4/2/26,0.08,40.9
SMI_MCC,-74.8422,43.1153,1237,4/3/26,0.24,36
SMI_MCC,-74.8422,43.1153,1237,4/4/26,0,50.8
SMI_MCC,-74.8422,43.1153,1237,4/5/26,0.44,47.4
SMI_MCC,-74.8422,43.1153,1237,4/6/26,0.22,37.2
SMI_MCC,-74.8422,43.1153,1237,4/7/26,0.04,32.7
SMI_MCC,-74.8422,43.1153,1237,4/8/26,0,23.3
SMI_MCC,-74.8422,43.1153,1237,4/9/26,0,33.8
SMI_MCC,-74.8422,43.1153,1237,4/10/26,0,48.8
SMI_MCC,-74.8422,43.1153,1237,4/11/26,0.18,52.5
SMI_MCC,-74.8422,43.1153,1237,4/12/26,0,34.5
SMI_MCC,-74.8422,43.1153,1237,4/13/26,0,42
SMI_MCC,-74.8422,43.1153,1237,4/14/26,0.07,56.6
SMI_MCC,-74.8422,43.1153,1237,4/15/26,0.07,62.8
SMI_MCC,-74.8422,43.1153,1237,4/16/26,0.23,63
SMI_MCC,-74.8422,43.1153,1237,4/17/26,0.34,68.3
SMI_MCC,-74.8422,43.1153,1237,4/18/26,0,56.9
SMI_MCC,-74.8422,43.1153,1237,4/19/26,0.18,56.6
SMI_MCC,-74.8422,43.1153,1237,4/20/26,0.1,34.2
SMI_MCC,-74.8422,43.1153,1237,4/21/26,0,28.8
SMI_MCC,-74.8422,43.1153,1237,4/22/26,0,36.9
SMI_MCC,-74.8422,43.1153,1237,4/23/26,0,45.7
SMI_MCC,-74.8422,43.1153,1237,4/24/26,0,52.1
SMI_MCC,-74.8422,43.1153,1237,4/25/26,0,46.7
SMI_MCC,-74.8422,43.1153,1237,4/26/26,0.02,42.3
SMI_MCC,-74.8422,43.1153,1237,4/27/26,0,49
SMI_MCC,-74.8422,43.1153,1237,4/28/26,0,55.4
SMI_MCC,-74.8422,43.1153,1237,4/29/26,0,59
SMI_MCC,-74.8422,43.1153,1237,4/30/26,1,53.2
SMI_MCC,-74.8422,43.1153,1237,5/1/26,0,41.3
SMI_MCC,-74.8422,43.1153,1237,5/2/26,0.01,45.6
SMI_MCC,-74.8422,43.1153,1237,5/3/26,0,39.9
SMI_MCC,-74.8422,43.1153,1237,5/4/26,0.03,44.5
SMI_MCC,-74.8422,43.1153,1237,5/5/26,0,58.1
SMI_MCC,-74.8422,43.1153,1237,5/6/26,0.28,61.1
SMI_MCC,-74.8422,43.1153,1237,5/7/26,0.21,42.8
SMI_MCC,-74.8422,43.1153,1237,5/8/26,0.02,42.9
SMI_MCC,-74.8422,43.1153,1237,5/9/26,0,41.9
SMI_MCC,-74.8422,43.1153,1237,5/10/26,0.31,45.2
SMI_MCC,-74.8422,43.1153,1237,5/11/26,0,44.1
SMI_MCC,-74.8422,43.1153,1237,5/12/26,0,41.4
SMI_MCC,-74.8422,43.1153,1237,5/13/26,0.14,48.4
SMI_MCC,-74.8422,43.1153,1237,5/14/26,0.73,49.2
SMI_MCC,-74.8422,43.1153,1237,5/15/26,0.1,47.3
SMI_MCC,-74.8422,43.1153,1237,5/16/26,0,49.7
SMI_MCC,-74.8422,43.1153,1237,5/17/26,0.04,62.1
SMI_MCC,-74.8422,43.1153,1237,5/18/26,0,67.3
SMI_MCC,-74.8422,43.1153,1237,5/19/26,0,74.9
SMI_MCC,-74.8422,43.1153,1237,5/20/26,0.01,74.8
SMI_MCC,-74.8422,43.1153,1237,5/21/26,0.03,56.9
SMI_MCC,-74.8422,43.1153,1237,5/22/26,0,48.5
SMI_MCC,-74.8422,43.1153,1237,5/23/26,0,52.8
SMI_MCC,-74.8422,43.1153,1237,5/24/26,0.45,50.6
SMI_MCC,-74.8422,43.1153,1237,5/25/26,0.95,48.7
SMI_MCC,-74.8422,43.1153,1237,5/26/26,0,56.3
SMI_MCC,-74.8422,43.1153,1237,5/27/26,0,66.8
SMI_MCC,-74.8422,43.1153,1237,5/28/26,0,63.3
SMI_MCC,-74.8422,43.1153,1237,5/29/26,0.02,54.4
SMI_MCC,-74.8422,43.1153,1237,5/30/26,0.04,55.1
SMI_MCC,-74.8422,43.1153,1237,5/31/26,0,50.6
SMI_MCC,-74.8422,43.1153,1237,6/1/26,0.07,52.7
SMI_MCC,-74.8422,43.1153,1237,6/2/26,0,52.3
SMI_MCC,-74.8422,43.1153,1237,6/3/26,0,58.1
SMI_MCC,-74.8422,43.1153,1237,6/4/26,0,62.4
SMI_MCC,-74.8422,43.1153,1237,6/5/26,0,64
SMI_MCC,-74.8422,43.1153,1237,6/6/26,0,70.1
SMI_MCC,-74.8422,43.1153,1237,6/7/26,0.08,69.6
SMI_MCC,-74.8422,43.1153,1237,6/8/26,0.06,55.6
SMI_MCC,-74.8422,43.1153,1237,6/9/26,0,63.7
SMI_MCC,-74.8422,43.1153,1237,6/10/26,0,73
SMI_MCC,-74.8422,43.1153,1237,6/11/26,0.31,73
SMI_MCC,-74.8422,43.1153,1237,6/12/26,0.02,76.4
SMI_MCC,-74.8422,43.1153,1237,6/13/26,0.22,69.2
SMI_MCC,-74.8422,43.1153,1237,6/14/26,0,66.8
SMI_MCC,-74.8422,43.1153,1237,6/15/26,0.84,67.4
SMI_MCC,-74.8422,43.1153,1237,6/16/26,0,51
SMI_MCC,-74.8422,43.1153,1237,6/17/26,0,61.1
SMI_MCC,-74.8422,43.1153,1237,6/18/26,0.2,67.1
SMI_MCC,-74.8422,43.1153,1237,6/19/26,0.13,66.9
SMI_MCC,-74.8422,43.1153,1237,6/20/26,0,62.7
SMI_MCC,-74.8422,43.1153,1237,6/21/26,0,58.4
SMI_MCC,-74.8422,43.1153,1237,6/22/26,0,61.5
SMI_MCC,-74.8422,43.1153,1237,6/23/26,0.85,57.9
SMI_MCC,-74.8422,43.1153,1237,6/24/26,0,61.2
SMI_MCC,-74.8422,43.1153,1237,6/25/26,0,62.2
SMI_MCC,-74.8422,43.1153,1237,6/26/26,0.38,65.2
SMI_MCC,-74.8422,43.1153,1237,6/27/26,0,64.6
SMI_MCC,-74.8422,43.1153,1237,6/28/26,0,67.2
SMI_MCC,-74.8422,43.1153,1237,6/29/26,0,67.2
SMI_MCC,-74.8422,43.1153,1237,6/30/26,0,70.7
,,,,,,
STA_AUS,-76.7037,42.5887,909,1/1/26,0.05,19
STA_AUS,-76.7037,42.5887,909,1/2/26,0,14.4
STA_AUS,-76.7037,42.5887,909,1/3/26,0,18.4
STA_AUS,-76.7037,42.5887,909,1/4/26,0.05,19.9
STA_AUS,-76.7037,42.5887,909,1/5/26,0,23.4
STA_AUS,-76.7037,42.5887,909,1/6/26,0.05,27.8
STA_AUS,-76.7037,42.5887,909,1/7/26,0.21,34.3
STA_AUS,-76.7037,42.5887,909,1/8/26,0.02,34.9
STA_AUS,-76.7037,42.5887,909,1/9/26,0,42
STA_AUS,-76.7037,42.5887,909,1/10/26,0,41
STA_AUS,-76.7037,42.5887,909,1/11/26,0.24,35.5
STA_AUS,-76.7037,42.5887,909,1/12/26,0.02,29.5
STA_AUS,-76.7037,42.5887,909,1/13/26,0,31.6
STA_AUS,-76.7037,42.5887,909,1/14/26,0,36.1
STA_AUS,-76.7037,42.5887,909,1/15/26,0.39,35.5
STA_AUS,-76.7037,42.5887,909,1/16/26,0.03,17.3
STA_AUS,-76.7037,42.5887,909,1/17/26,0,22
STA_AUS,-76.7037,42.5887,909,1/18/26,0,30.8
STA_AUS,-76.7037,42.5887,909,1/19/26,0,21
STA_AUS,-76.7037,42.5887,909,1/20/26,0,16.5
STA_AUS,-76.7037,42.5887,909,1/21/26,0,10.9
STA_AUS,-76.7037,42.5887,909,1/22/26,0.06,20.3
STA_AUS,-76.7037,42.5887,909,1/23/26,0.02,25.5
STA_AUS,-76.7037,42.5887,909,1/24/26,0,9.7
STA_AUS,-76.7037,42.5887,909,1/25/26,0,5.1
STA_AUS,-76.7037,42.5887,909,1/26/26,0.82,8
STA_AUS,-76.7037,42.5887,909,1/27/26,0,10.6
STA_AUS,-76.7037,42.5887,909,1/28/26,0,10.7
STA_AUS,-76.7037,42.5887,909,1/29/26,0,11.3
STA_AUS,-76.7037,42.5887,909,1/30/26,0.03,8.8
STA_AUS,-76.7037,42.5887,909,1/31/26,0.01,5.5
STA_AUS,-76.7037,42.5887,909,2/1/26,0.03,9
STA_AUS,-76.7037,42.5887,909,2/2/26,0.02,9.7
STA_AUS,-76.7037,42.5887,909,2/3/26,0,14.6
STA_AUS,-76.7037,42.5887,909,2/4/26,0,20.2
STA_AUS,-76.7037,42.5887,909,2/5/26,0,15.5
STA_AUS,-76.7037,42.5887,909,2/6/26,0,15.7
STA_AUS,-76.7037,42.5887,909,2/7/26,0.07,12.8
STA_AUS,-76.7037,42.5887,909,2/8/26,0,-0.2
STA_AUS,-76.7037,42.5887,909,2/9/26,0,2
STA_AUS,-76.7037,42.5887,909,2/10/26,0,11.1
STA_AUS,-76.7037,42.5887,909,2/11/26,0.04,29.3
STA_AUS,-76.7037,42.5887,909,2/12/26,0.1,26.7
STA_AUS,-76.7037,42.5887,909,2/13/26,0.02,17.2
STA_AUS,-76.7037,42.5887,909,2/14/26,0,20
STA_AUS,-76.7037,42.5887,909,2/15/26,0,28.4
STA_AUS,-76.7037,42.5887,909,2/16/26,0,31.2
STA_AUS,-76.7037,42.5887,909,2/17/26,0,39.9
STA_AUS,-76.7037,42.5887,909,2/18/26,0,37.5
STA_AUS,-76.7037,42.5887,909,2/19/26,0.46,33.3
STA_AUS,-76.7037,42.5887,909,2/20/26,0.07,35.8
STA_AUS,-76.7037,42.5887,909,2/21/26,0.27,37
STA_AUS,-76.7037,42.5887,909,2/22/26,0.03,31.9
STA_AUS,-76.7037,42.5887,909,2/23/26,0.3,31.1
STA_AUS,-76.7037,42.5887,909,2/24/26,0.02,21.3
STA_AUS,-76.7037,42.5887,909,2/25/26,0.11,19.7
STA_AUS,-76.7037,42.5887,909,2/26/26,0,32.8
STA_AUS,-76.7037,42.5887,909,2/27/26,0,23.4
STA_AUS,-76.7037,42.5887,909,2/28/26,0,34.7
STA_AUS,-76.7037,42.5887,909,3/1/26,0.06,36.9
STA_AUS,-76.7037,42.5887,909,3/2/26,0,15.9
STA_AUS,-76.7037,42.5887,909,3/3/26,0,19
STA_AUS,-76.7037,42.5887,909,3/4/26,0.13,32.2
STA_AUS,-76.7037,42.5887,909,3/5/26,0,40.7
STA_AUS,-76.7037,42.5887,909,3/6/26,0.63,38.5
STA_AUS,-76.7037,42.5887,909,3/7/26,0,40.4
STA_AUS,-76.7037,42.5887,909,3/8/26,0.1,53.1
STA_AUS,-76.7037,42.5887,909,3/9/26,0,50.5
STA_AUS,-76.7037,42.5887,909,3/10/26,0,57.7
STA_AUS,-76.7037,42.5887,909,3/11/26,0,59.2
STA_AUS,-76.7037,42.5887,909,3/12/26,0.09,50.9
STA_AUS,-76.7037,42.5887,909,3/13/26,0,27.7
STA_AUS,-76.7037,42.5887,909,3/14/26,0.14,32.1
STA_AUS,-76.7037,42.5887,909,3/15/26,0,29.1
STA_AUS,-76.7037,42.5887,909,3/16/26,0,41.2
STA_AUS,-76.7037,42.5887,909,3/17/26,0.77,42.5
STA_AUS,-76.7037,42.5887,909,3/18/26,0,18.9
STA_AUS,-76.7037,42.5887,909,3/19/26,0,24.5
STA_AUS,-76.7037,42.5887,909,3/20/26,0,37.1
STA_AUS,-76.7037,42.5887,909,3/21/26,0.37,39.2
STA_AUS,-76.7037,42.5887,909,3/22/26,0,37.9
STA_AUS,-76.7037,42.5887,909,3/23/26,0.19,39.4
STA_AUS,-76.7037,42.5887,909,3/24/26,0,28.6
STA_AUS,-76.7037,42.5887,909,3/25/26,0,34.6
STA_AUS,-76.7037,42.5887,909,3/26/26,0.02,42.2
STA_AUS,-76.7037,42.5887,909,3/27/26,0.94,47.8
STA_AUS,-76.7037,42.5887,909,3/28/26,0,24.1
STA_AUS,-76.7037,42.5887,909,3/29/26,0,27.5
STA_AUS,-76.7037,42.5887,909,3/30/26,0,42.6
STA_AUS,-76.7037,42.5887,909,3/31/26,0.36,58.4
STA_AUS,-76.7037,42.5887,909,4/1/26,1.71,56.6
STA_AUS,-76.7037,42.5887,909,4/2/26,0.37,38.6
STA_AUS,-76.7037,42.5887,909,4/3/26,0,42.5
STA_AUS,-76.7037,42.5887,909,4/4/26,0.04,55.2
STA_AUS,-76.7037,42.5887,909,4/5/26,0.57,54.4
STA_AUS,-76.7037,42.5887,909,4/6/26,0.06,41.6
STA_AUS,-76.7037,42.5887,909,4/7/26,0.05,35.1
STA_AUS,-76.7037,42.5887,909,4/8/26,0,24.6
STA_AUS,-76.7037,42.5887,909,4/9/26,0,38.2
STA_AUS,-76.7037,42.5887,909,4/10/26,0,52.5
STA_AUS,-76.7037,42.5887,909,4/11/26,0.23,55
STA_AUS,-76.7037,42.5887,909,4/12/26,0,39.9
STA_AUS,-76.7037,42.5887,909,4/13/26,0.02,49.7
STA_AUS,-76.7037,42.5887,909,4/14/26,0.04,65.7
STA_AUS,-76.7037,42.5887,909,4/15/26,0.04,64.5
STA_AUS,-76.7037,42.5887,909,4/16/26,0.31,69.6
STA_AUS,-76.7037,42.5887,909,4/17/26,0.19,68.8
STA_AUS,-76.7037,42.5887,909,4/18/26,0,54.5
STA_AUS,-76.7037,42.5887,909,4/19/26,0.78,53.7
STA_AUS,-76.7037,42.5887,909,4/20/26,0.16,34.7
STA_AUS,-76.7037,42.5887,909,4/21/26,0.02,29.8
STA_AUS,-76.7037,42.5887,909,4/22/26,0,42.3
STA_AUS,-76.7037,42.5887,909,4/23/26,0,56.7
STA_AUS,-76.7037,42.5887,909,4/24/26,0,52.8
STA_AUS,-76.7037,42.5887,909,4/25/26,0.08,50.1
STA_AUS,-76.7037,42.5887,909,4/26/26,0.47,41.1
STA_AUS,-76.7037,42.5887,909,4/27/26,0,47.7
STA_AUS,-76.7037,42.5887,909,4/28/26,0,59.5
STA_AUS,-76.7037,42.5887,909,4/29/26,0,55.2
STA_AUS,-76.7037,42.5887,909,4/30/26,0.85,49.5
STA_AUS,-76.7037,42.5887,909,5/1/26,0,42
STA_AUS,-76.7037,42.5887,909,5/2/26,0.23,42.8
STA_AUS,-76.7037,42.5887,909,5/3/26,0,40.4
STA_AUS,-76.7037,42.5887,909,5/4/26,0,47.6
STA_AUS,-76.7037,42.5887,909,5/5/26,0,61.8
STA_AUS,-76.7037,42.5887,909,5/6/26,0.55,58.5
STA_AUS,-76.7037,42.5887,909,5/7/26,0.22,39.3
STA_AUS,-76.7037,42.5887,909,5/8/26,0,43.3
STA_AUS,-76.7037,42.5887,909,5/9/26,0.15,45.4
STA_AUS,-76.7037,42.5887,909,5/10/26,0.18,53.7
STA_AUS,-76.7037,42.5887,909,5/11/26,0,46.7
STA_AUS,-76.7037,42.5887,909,5/12/26,0.02,43.9
STA_AUS,-76.7037,42.5887,909,5/13/26,0.18,51.2
STA_AUS,-76.7037,42.5887,909,5/14/26,0.22,55
STA_AUS,-76.7037,42.5887,909,5/15/26,0.02,44
STA_AUS,-76.7037,42.5887,909,5/16/26,0,54
STA_AUS,-76.7037,42.5887,909,5/17/26,0.13,68
STA_AUS,-76.7037,42.5887,909,5/18/26,0,72.6
STA_AUS,-76.7037,42.5887,909,5/19/26,0,77.6
STA_AUS,-76.7037,42.5887,909,5/20/26,0,77
STA_AUS,-76.7037,42.5887,909,5/21/26,0,56.9
STA_AUS,-76.7037,42.5887,909,5/22/26,0,48.1
STA_AUS,-76.7037,42.5887,909,5/23/26,0.03,55.8
STA_AUS,-76.7037,42.5887,909,5/24/26,1.09,47.6
STA_AUS,-76.7037,42.5887,909,5/25/26,1.1,54.8
STA_AUS,-76.7037,42.5887,909,5/26/26,0,61
STA_AUS,-76.7037,42.5887,909,5/27/26,0,71.4
STA_AUS,-76.7037,42.5887,909,5/28/26,0,65.7
STA_AUS,-76.7037,42.5887,909,5/29/26,0,55.4
STA_AUS,-76.7037,42.5887,909,5/30/26,0,59.5
STA_AUS,-76.7037,42.5887,909,5/31/26,0,53
STA_AUS,-76.7037,42.5887,909,6/1/26,0,58.5
STA_AUS,-76.7037,42.5887,909,6/2/26,0,55.7
STA_AUS,-76.7037,42.5887,909,6/3/26,0,60.6
STA_AUS,-76.7037,42.5887,909,6/4/26,0,64.9
STA_AUS,-76.7037,42.5887,909,6/5/26,0,69.7
STA_AUS,-76.7037,42.5887,909,6/6/26,0,74.5
STA_AUS,-76.7037,42.5887,909,6/7/26,0.09,70.6
STA_AUS,-76.7037,42.5887,909,6/8/26,0,62.9
STA_AUS,-76.7037,42.5887,909,6/9/26,0,68
STA_AUS,-76.7037,42.5887,909,6/10/26,0.08,77.4
STA_AUS,-76.7037,42.5887,909,6/11/26,0.02,75.1
STA_AUS,-76.7037,42.5887,909,6/12/26,0.66,79.5
STA_AUS,-76.7037,42.5887,909,6/13/26,0,71.5
STA_AUS,-76.7037,42.5887,909,6/14/26,0,73
STA_AUS,-76.7037,42.5887,909,6/15/26,0.81,63
STA_AUS,-76.7037,42.5887,909,6/16/26,0,55.1
STA_AUS,-76.7037,42.5887,909,6/17/26,0,65.3
STA_AUS,-76.7037,42.5887,909,6/18/26,0.06,68.6
STA_AUS,-76.7037,42.5887,909,6/19/26,0.24,67.8
STA_AUS,-76.7037,42.5887,909,6/20/26,0.11,64.8
STA_AUS,-76.7037,42.5887,909,6/21/26,0,62.9
STA_AUS,-76.7037,42.5887,909,6/22/26,0.03,65.9
STA_AUS,-76.7037,42.5887,909,6/23/26,0.92,58.8
STA_AUS,-76.7037,42.5887,909,6/24/26,0,62.9
STA_AUS,-76.7037,42.5887,909,6/25/26,0,65.4
STA_AUS,-76.7037,42.5887,909,6/26/26,0.26,63.6
STA_AUS,-76.7037,42.5887,909,6/27/26,0,68.2
STA_AUS,-76.7037,42.5887,909,6/28/26,0,69
STA_AUS,-76.7037,42.5887,909,6/29/26,0,71.5
STA_AUS,-76.7037,42.5887,909,6/30/26,0,76.3
,,,,,,
STA_BLO,-77.5712,42.8921,873,1/1/26,0.16,17.1
STA_BLO,-77.5712,42.8921,873,1/2/26,0,13.7
STA_BLO,-77.5712,42.8921,873,1/3/26,0,20.3
STA_BLO,-77.5712,42.8921,873,1/4/26,0.04,21.6
STA_BLO,-77.5712,42.8921,873,1/5/26,0,24
STA_BLO,-77.5712,42.8921,873,1/6/26,0.04,29.2
STA_BLO,-77.5712,42.8921,873,1/7/26,0.43,34.6
STA_BLO,-77.5712,42.8921,873,1/8/26,0,34.5
STA_BLO,-77.5712,42.8921,873,1/9/26,0,42.3
STA_BLO,-77.5712,42.8921,873,1/10/26,0.18,45
STA_BLO,-77.5712,42.8921,873,1/11/26,0.1,37.6
STA_BLO,-77.5712,42.8921,873,1/12/26,0,29.3
STA_BLO,-77.5712,42.8921,873,1/13/26,0,32.4
STA_BLO,-77.5712,42.8921,873,1/14/26,0,39.3
STA_BLO,-77.5712,42.8921,873,1/15/26,0.27,31.9
STA_BLO,-77.5712,42.8921,873,1/16/26,0.02,15.2
STA_BLO,-77.5712,42.8921,873,1/17/26,0,23.2
STA_BLO,-77.5712,42.8921,873,1/18/26,0.01,29.7
STA_BLO,-77.5712,42.8921,873,1/19/26,0,17.9
STA_BLO,-77.5712,42.8921,873,1/20/26,0.02,16.9
STA_BLO,-77.5712,42.8921,873,1/21/26,0,10.9
STA_BLO,-77.5712,42.8921,873,1/22/26,0.12,23.1
STA_BLO,-77.5712,42.8921,873,1/23/26,0.07,22
STA_BLO,-77.5712,42.8921,873,1/24/26,0,5.5
STA_BLO,-77.5712,42.8921,873,1/25/26,0,3.8
STA_BLO,-77.5712,42.8921,873,1/26/26,0.59,7.7
STA_BLO,-77.5712,42.8921,873,1/27/26,0,10.7
STA_BLO,-77.5712,42.8921,873,1/28/26,0,9.9
STA_BLO,-77.5712,42.8921,873,1/29/26,0,10.8
STA_BLO,-77.5712,42.8921,873,1/30/26,0.02,7.1
STA_BLO,-77.5712,42.8921,873,1/31/26,0,4.2
STA_BLO,-77.5712,42.8921,873,2/1/26,0.02,8.1
STA_BLO,-77.5712,42.8921,873,2/2/26,0,9.3
STA_BLO,-77.5712,42.8921,873,2/3/26,0,15.6
STA_BLO,-77.5712,42.8921,873,2/4/26,0.03,18.1
STA_BLO,-77.5712,42.8921,873,2/5/26,0,15.3
STA_BLO,-77.5712,42.8921,873,2/6/26,0,15.3
STA_BLO,-77.5712,42.8921,873,2/7/26,0.11,12.6
STA_BLO,-77.5712,42.8921,873,2/8/26,0.08,0.8
STA_BLO,-77.5712,42.8921,873,2/9/26,0,0.3
STA_BLO,-77.5712,42.8921,873,2/10/26,0,8
STA_BLO,-77.5712,42.8921,873,2/11/26,0.08,32.4
STA_BLO,-77.5712,42.8921,873,2/12/26,0.09,26
STA_BLO,-77.5712,42.8921,873,2/13/26,0,19.1
STA_BLO,-77.5712,42.8921,873,2/14/26,0,24
STA_BLO,-77.5712,42.8921,873,2/15/26,0,28.5
STA_BLO,-77.5712,42.8921,873,2/16/26,0,31.8
STA_BLO,-77.5712,42.8921,873,2/17/26,0,40.1
STA_BLO,-77.5712,42.8921,873,2/18/26,0.01,38.1
STA_BLO,-77.5712,42.8921,873,2/19/26,0.65,32.1
STA_BLO,-77.5712,42.8921,873,2/20/26,0.1,35.9
STA_BLO,-77.5712,42.8921,873,2/21/26,0.2,39.4
STA_BLO,-77.5712,42.8921,873,2/22/26,0,32
STA_BLO,-77.5712,42.8921,873,2/23/26,0.1,31.1
STA_BLO,-77.5712,42.8921,873,2/24/26,0.04,21.6
STA_BLO,-77.5712,42.8921,873,2/25/26,0.09,22.4
STA_BLO,-77.5712,42.8921,873,2/26/26,0.01,31.6
STA_BLO,-77.5712,42.8921,873,2/27/26,0,23.3
STA_BLO,-77.5712,42.8921,873,2/28/26,0,35.1
STA_BLO,-77.5712,42.8921,873,3/1/26,0.02,34.4
STA_BLO,-77.5712,42.8921,873,3/2/26,0,17.4
STA_BLO,-77.5712,42.8921,873,3/3/26,0,19.8
STA_BLO,-77.5712,42.8921,873,3/4/26,0.02,30.8
STA_BLO,-77.5712,42.8921,873,3/5/26,0,41.5
STA_BLO,-77.5712,42.8921,873,3/6/26,0.58,35.9
STA_BLO,-77.5712,42.8921,873,3/7/26,0.06,42.9
STA_BLO,-77.5712,42.8921,873,3/8/26,0.42,59
STA_BLO,-77.5712,42.8921,873,3/9/26,0,47.4
STA_BLO,-77.5712,42.8921,873,3/10/26,0,59.2
STA_BLO,-77.5712,42.8921,873,3/11/26,0.11,54
STA_BLO,-77.5712,42.8921,873,3/12/26,0.63,50.6
STA_BLO,-77.5712,42.8921,873,3/13/26,0,28.7
STA_BLO,-77.5712,42.8921,873,3/14/26,0.13,32.2
STA_BLO,-77.5712,42.8921,873,3/15/26,0,29.1
STA_BLO,-77.5712,42.8921,873,3/16/26,0,43.3
STA_BLO,-77.5712,42.8921,873,3/17/26,0.35,42.5
STA_BLO,-77.5712,42.8921,873,3/18/26,0,18.6
STA_BLO,-77.5712,42.8921,873,3/19/26,0,25.8
STA_BLO,-77.5712,42.8921,873,3/20/26,0,37.1
STA_BLO,-77.5712,42.8921,873,3/21/26,0.52,39.4
STA_BLO,-77.5712,42.8921,873,3/22/26,0,42.2
STA_BLO,-77.5712,42.8921,873,3/23/26,0.38,40.7
STA_BLO,-77.5712,42.8921,873,3/24/26,0,29
STA_BLO,-77.5712,42.8921,873,3/25/26,0,34.3
STA_BLO,-77.5712,42.8921,873,3/26/26,0,42.5
STA_BLO,-77.5712,42.8921,873,3/27/26,0.96,47
STA_BLO,-77.5712,42.8921,873,3/28/26,0,25.2
STA_BLO,-77.5712,42.8921,873,3/29/26,0,28.9
STA_BLO,-77.5712,42.8921,873,3/30/26,0,43.9
STA_BLO,-77.5712,42.8921,873,3/31/26,0.89,58.2
STA_BLO,-77.5712,42.8921,873,4/1/26,1.98,54.5
STA_BLO,-77.5712,42.8921,873,4/2/26,0.06,37.2
STA_BLO,-77.5712,42.8921,873,4/3/26,0.02,47.2
STA_BLO,-77.5712,42.8921,873,4/4/26,0.01,56
STA_BLO,-77.5712,42.8921,873,4/5/26,1.1,56.4
STA_BLO,-77.5712,42.8921,873,4/6/26,0.05,39.5
STA_BLO,-77.5712,42.8921,873,4/7/26,0.06,34.3
STA_BLO,-77.5712,42.8921,873,4/8/26,0,25.8
STA_BLO,-77.5712,42.8921,873,4/9/26,0,39.6
STA_BLO,-77.5712,42.8921,873,4/10/26,0,59.3
STA_BLO,-77.5712,42.8921,873,4/11/26,0.05,52
STA_BLO,-77.5712,42.8921,873,4/12/26,0,40.5
STA_BLO,-77.5712,42.8921,873,4/13/26,0,52.1
STA_BLO,-77.5712,42.8921,873,4/14/26,0.05,62.1
STA_BLO,-77.5712,42.8921,873,4/15/26,0.1,63.3
STA_BLO,-77.5712,42.8921,873,4/16/26,0.7,67
STA_BLO,-77.5712,42.8921,873,4/17/26,0.93,66.1
STA_BLO,-77.5712,42.8921,873,4/18/26,0,55.3
STA_BLO,-77.5712,42.8921,873,4/19/26,0.55,54.9
STA_BLO,-77.5712,42.8921,873,4/20/26,0.12,35.6
STA_BLO,-77.5712,42.8921,873,4/21/26,0.02,33
STA_BLO,-77.5712,42.8921,873,4/22/26,0,44.4
STA_BLO,-77.5712,42.8921,873,4/23/26,0,55.5
STA_BLO,-77.5712,42.8921,873,4/24/26,0,53.7
STA_BLO,-77.5712,42.8921,873,4/25/26,0.25,48.2
STA_BLO,-77.5712,42.8921,873,4/26/26,0.87,41.2
STA_BLO,-77.5712,42.8921,873,4/27/26,0,48.6
STA_BLO,-77.5712,42.8921,873,4/28/26,0,58.9
STA_BLO,-77.5712,42.8921,873,4/29/26,0.02,57.2
STA_BLO,-77.5712,42.8921,873,4/30/26,0.84,50.4
STA_BLO,-77.5712,42.8921,873,5/1/26,0,42.9
STA_BLO,-77.5712,42.8921,873,5/2/26,0.05,41.9
STA_BLO,-77.5712,42.8921,873,5/3/26,0,40.4
STA_BLO,-77.5712,42.8921,873,5/4/26,0,49.2
STA_BLO,-77.5712,42.8921,873,5/5/26,0.02,63.7
STA_BLO,-77.5712,42.8921,873,5/6/26,1.1,57.1
STA_BLO,-77.5712,42.8921,873,5/7/26,0.08,41.7
STA_BLO,-77.5712,42.8921,873,5/8/26,0,46.3
STA_BLO,-77.5712,42.8921,873,5/9/26,0.04,47.7
STA_BLO,-77.5712,42.8921,873,5/10/26,0.17,56.3
STA_BLO,-77.5712,42.8921,873,5/11/26,0,46.3
STA_BLO,-77.5712,42.8921,873,5/12/26,0,43.4
STA_BLO,-77.5712,42.8921,873,5/13/26,0.23,51.6
STA_BLO,-77.5712,42.8921,873,5/14/26,0.18,55.8
STA_BLO,-77.5712,42.8921,873,5/15/26,0.05,45.8
STA_BLO,-77.5712,42.8921,873,5/16/26,0,55.7
STA_BLO,-77.5712,42.8921,873,5/17/26,0.34,69
STA_BLO,-77.5712,42.8921,873,5/18/26,0,73.2
STA_BLO,-77.5712,42.8921,873,5/19/26,0,79.8
STA_BLO,-77.5712,42.8921,873,5/20/26,0.05,72.5
STA_BLO,-77.5712,42.8921,873,5/21/26,0,53.1
STA_BLO,-77.5712,42.8921,873,5/22/26,0,48.3
STA_BLO,-77.5712,42.8921,873,5/23/26,0.01,55.9
STA_BLO,-77.5712,42.8921,873,5/24/26,1.33,49.4
STA_BLO,-77.5712,42.8921,873,5/25/26,0.25,59.8
STA_BLO,-77.5712,42.8921,873,5/26/26,0,62.4
STA_BLO,-77.5712,42.8921,873,5/27/26,0,71.7
STA_BLO,-77.5712,42.8921,873,5/28/26,0,63.7
STA_BLO,-77.5712,42.8921,873,5/29/26,0,57.4
STA_BLO,-77.5712,42.8921,873,5/30/26,0,60.5
STA_BLO,-77.5712,42.8921,873,5/31/26,0,54.7
STA_BLO,-77.5712,42.8921,873,6/1/26,0,58.5
STA_BLO,-77.5712,42.8921,873,6/2/26,0,54.9
STA_BLO,-77.5712,42.8921,873,6/3/26,0,62.1
STA_BLO,-77.5712,42.8921,873,6/4/26,0,66
STA_BLO,-77.5712,42.8921,873,6/5/26,0,69.7
STA_BLO,-77.5712,42.8921,873,6/6/26,0.05,74.6
STA_BLO,-77.5712,42.8921,873,6/7/26,0.02,70.6
STA_BLO,-77.5712,42.8921,873,6/8/26,0,63.3
STA_BLO,-77.5712,42.8921,873,6/9/26,0,71.2
STA_BLO,-77.5712,42.8921,873,6/10/26,0.16,78.9
STA_BLO,-77.5712,42.8921,873,6/11/26,0.04,76.2
STA_BLO,-77.5712,42.8921,873,6/12/26,0.47,79.1
STA_BLO,-77.5712,42.8921,873,6/13/26,0,70.1
STA_BLO,-77.5712,42.8921,873,6/14/26,0,72.8
STA_BLO,-77.5712,42.8921,873,6/15/26,0.58,64.1
STA_BLO,-77.5712,42.8921,873,6/16/26,0,56.6
STA_BLO,-77.5712,42.8921,873,6/17/26,0,66.6
STA_BLO,-77.5712,42.8921,873,6/18/26,0.35,67.2
STA_BLO,-77.5712,42.8921,873,6/19/26,0.4,67.5
STA_BLO,-77.5712,42.8921,873,6/20/26,0.02,65.2
STA_BLO,-77.5712,42.8921,873,6/21/26,0,64.4
STA_BLO,-77.5712,42.8921,873,6/22/26,0.02,66.8
STA_BLO,-77.5712,42.8921,873,6/23/26,0.56,58.3
STA_BLO,-77.5712,42.8921,873,6/24/26,0,63.8
STA_BLO,-77.5712,42.8921,873,6/25/26,0,67.1
STA_BLO,-77.5712,42.8921,873,6/26/26,0.4,62.1
STA_BLO,-77.5712,42.8921,873,6/27/26,0,65.4
STA_BLO,-77.5712,42.8921,873,6/28/26,0,69
STA_BLO,-77.5712,42.8921,873,6/29/26,0,71.1
STA_BLO,-77.5712,42.8921,873,6/30/26,0,76.5
,,,,,,
STA_FRE,-76.8167,42.8069,682,1/1/26,0.04,19.9
STA_FRE,-76.8167,42.8069,682,1/2/26,0,15.1
STA_FRE,-76.8167,42.8069,682,1/3/26,0,21.4
STA_FRE,-76.8167,42.8069,682,1/4/26,0.07,23
STA_FRE,-76.8167,42.8069,682,1/5/26,0,24.9
STA_FRE,-76.8167,42.8069,682,1/6/26,0.06,28.4
STA_FRE,-76.8167,42.8069,682,1/7/26,0.38,33.8
STA_FRE,-76.8167,42.8069,682,1/8/26,0,35.5
STA_FRE,-76.8167,42.8069,682,1/9/26,0,40.9
STA_FRE,-76.8167,42.8069,682,1/10/26,0.03,43.4
STA_FRE,-76.8167,42.8069,682,1/11/26,0.27,37
STA_FRE,-76.8167,42.8069,682,1/12/26,0,31.2
STA_FRE,-76.8167,42.8069,682,1/13/26,0,33
STA_FRE,-76.8167,42.8069,682,1/14/26,0,39.2
STA_FRE,-76.8167,42.8069,682,1/15/26,0.39,35.3
STA_FRE,-76.8167,42.8069,682,1/16/26,0,18.1
STA_FRE,-76.8167,42.8069,682,1/17/26,0,24
STA_FRE,-76.8167,42.8069,682,1/18/26,0,31.8
STA_FRE,-76.8167,42.8069,682,1/19/26,0,22
STA_FRE,-76.8167,42.8069,682,1/20/26,0,19.8
STA_FRE,-76.8167,42.8069,682,1/21/26,0,13.6
STA_FRE,-76.8167,42.8069,682,1/22/26,0.19,23.1
STA_FRE,-76.8167,42.8069,682,1/23/26,0.05,25.5
STA_FRE,-76.8167,42.8069,682,1/24/26,0,9.6
STA_FRE,-76.8167,42.8069,682,1/25/26,0,6.3
STA_FRE,-76.8167,42.8069,682,1/26/26,0.63,8.3
STA_FRE,-76.8167,42.8069,682,1/27/26,0,11.4
STA_FRE,-76.8167,42.8069,682,1/28/26,0,12.6
STA_FRE,-76.8167,42.8069,682,1/29/26,0,13.3
STA_FRE,-76.8167,42.8069,682,1/30/26,0.02,10.4
STA_FRE,-76.8167,42.8069,682,1/31/26,0,6.9
STA_FRE,-76.8167,42.8069,682,2/1/26,0.01,11
STA_FRE,-76.8167,42.8069,682,2/2/26,0,11.6
STA_FRE,-76.8167,42.8069,682,2/3/26,0,14.4
STA_FRE,-76.8167,42.8069,682,2/4/26,0.01,21.5
STA_FRE,-76.8167,42.8069,682,2/5/26,0,17.9
STA_FRE,-76.8167,42.8069,682,2/6/26,0,16.5
STA_FRE,-76.8167,42.8069,682,2/7/26,0.08,14.3
STA_FRE,-76.8167,42.8069,682,2/8/26,0,2.5
STA_FRE,-76.8167,42.8069,682,2/9/26,0,4.4
STA_FRE,-76.8167,42.8069,682,2/10/26,0,12.8
STA_FRE,-76.8167,42.8069,682,2/11/26,0.06,30
STA_FRE,-76.8167,42.8069,682,2/12/26,0.08,27.7
STA_FRE,-76.8167,42.8069,682,2/13/26,0,19.2
STA_FRE,-76.8167,42.8069,682,2/14/26,0.03,21.3
STA_FRE,-76.8167,42.8069,682,2/15/26,0,30.8
STA_FRE,-76.8167,42.8069,682,2/16/26,0,31.6
STA_FRE,-76.8167,42.8069,682,2/17/26,0,36.7
STA_FRE,-76.8167,42.8069,682,2/18/26,0.01,38.1
STA_FRE,-76.8167,42.8069,682,2/19/26,0.57,32.9
STA_FRE,-76.8167,42.8069,682,2/20/26,0.07,35.8
STA_FRE,-76.8167,42.8069,682,2/21/26,0.27,38.3
STA_FRE,-76.8167,42.8069,682,2/22/26,0.01,31.7
STA_FRE,-76.8167,42.8069,682,2/23/26,0.14,32.2
STA_FRE,-76.8167,42.8069,682,2/24/26,0,22.9
STA_FRE,-76.8167,42.8069,682,2/25/26,0.14,21.4
STA_FRE,-76.8167,42.8069,682,2/26/26,0.02,34.3
STA_FRE,-76.8167,42.8069,682,2/27/26,0,23.6
STA_FRE,-76.8167,42.8069,682,2/28/26,0,34.5
STA_FRE,-76.8167,42.8069,682,3/1/26,0.04,37.2
STA_FRE,-76.8167,42.8069,682,3/2/26,0,18
STA_FRE,-76.8167,42.8069,682,3/3/26,0,20.8
STA_FRE,-76.8167,42.8069,682,3/4/26,0.05,32.7
STA_FRE,-76.8167,42.8069,682,3/5/26,0,38.9
STA_FRE,-76.8167,42.8069,682,3/6/26,0.59,36.9
STA_FRE,-76.8167,42.8069,682,3/7/26,0,41.6
STA_FRE,-76.8167,42.8069,682,3/8/26,0.23,54.2
STA_FRE,-76.8167,42.8069,682,3/9/26,0,49.8
STA_FRE,-76.8167,42.8069,682,3/10/26,0,58.2
STA_FRE,-76.8167,42.8069,682,3/11/26,0.05,56.2
STA_FRE,-76.8167,42.8069,682,3/12/26,0.43,51.7
STA_FRE,-76.8167,42.8069,682,3/13/26,0,30.6
STA_FRE,-76.8167,42.8069,682,3/14/26,0.08,33
STA_FRE,-76.8167,42.8069,682,3/15/26,0,30.1
STA_FRE,-76.8167,42.8069,682,3/16/26,0,42.4
STA_FRE,-76.8167,42.8069,682,3/17/26,0.83,42.3
STA_FRE,-76.8167,42.8069,682,3/18/26,0,21.4
STA_FRE,-76.8167,42.8069,682,3/19/26,0,25.7
STA_FRE,-76.8167,42.8069,682,3/20/26,0,37.4
STA_FRE,-76.8167,42.8069,682,3/21/26,0.39,39.6
STA_FRE,-76.8167,42.8069,682,3/22/26,0,38.8
STA_FRE,-76.8167,42.8069,682,3/23/26,0.34,39.6
STA_FRE,-76.8167,42.8069,682,3/24/26,0,30.7
STA_FRE,-76.8167,42.8069,682,3/25/26,0,35.8
STA_FRE,-76.8167,42.8069,682,3/26/26,0,42.9
STA_FRE,-76.8167,42.8069,682,3/27/26,0.84,48.2
STA_FRE,-76.8167,42.8069,682,3/28/26,0,25.3
STA_FRE,-76.8167,42.8069,682,3/29/26,0,29.5
STA_FRE,-76.8167,42.8069,682,3/30/26,0,43.1
STA_FRE,-76.8167,42.8069,682,3/31/26,0.68,56.9
STA_FRE,-76.8167,42.8069,682,4/1/26,2.01,55.8
STA_FRE,-76.8167,42.8069,682,4/2/26,0.11,38.7
STA_FRE,-76.8167,42.8069,682,4/3/26,0.06,43.2
STA_FRE,-76.8167,42.8069,682,4/4/26,0,56.1
STA_FRE,-76.8167,42.8069,682,4/5/26,0.68,53.8
STA_FRE,-76.8167,42.8069,682,4/6/26,0.02,41.9
STA_FRE,-76.8167,42.8069,682,4/7/26,0,35.8
STA_FRE,-76.8167,42.8069,682,4/8/26,0,26.5
STA_FRE,-76.8167,42.8069,682,4/9/26,0,39.4
STA_FRE,-76.8167,42.8069,682,4/10/26,0,53.7
STA_FRE,-76.8167,42.8069,682,4/11/26,0.29,54.8
STA_FRE,-76.8167,42.8069,682,4/12/26,0,40.4
STA_FRE,-76.8167,42.8069,682,4/13/26,0.03,49.6
STA_FRE,-76.8167,42.8069,682,4/14/26,0.03,62.5
STA_FRE,-76.8167,42.8069,682,4/15/26,0.06,63.2
STA_FRE,-76.8167,42.8069,682,4/16/26,0.4,66.8
STA_FRE,-76.8167,42.8069,682,4/17/26,0.71,67.6
STA_FRE,-76.8167,42.8069,682,4/18/26,0,53.6
STA_FRE,-76.8167,42.8069,682,4/19/26,0.52,54.1
STA_FRE,-76.8167,42.8069,682,4/20/26,0.1,36.6
STA_FRE,-76.8167,42.8069,682,4/21/26,0.01,32.6
STA_FRE,-76.8167,42.8069,682,4/22/26,0.02,42.5
STA_FRE,-76.8167,42.8069,682,4/23/26,0,54.8
STA_FRE,-76.8167,42.8069,682,4/24/26,0,53.6
STA_FRE,-76.8167,42.8069,682,4/25/26,0.04,49.3
STA_FRE,-76.8167,42.8069,682,4/26/26,0.59,41.3
STA_FRE,-76.8167,42.8069,682,4/27/26,0,48.7
STA_FRE,-76.8167,42.8069,682,4/28/26,0,58.6
STA_FRE,-76.8167,42.8069,682,4/29/26,0,56.5
STA_FRE,-76.8167,42.8069,682,4/30/26,1.02,51
STA_FRE,-76.8167,42.8069,682,5/1/26,0,44
STA_FRE,-76.8167,42.8069,682,5/2/26,0.17,43.8
STA_FRE,-76.8167,42.8069,682,5/3/26,0,41.5
STA_FRE,-76.8167,42.8069,682,5/4/26,0,49
STA_FRE,-76.8167,42.8069,682,5/5/26,0.07,63.2
STA_FRE,-76.8167,42.8069,682,5/6/26,0.7,57.8
STA_FRE,-76.8167,42.8069,682,5/7/26,0.16,40.9
STA_FRE,-76.8167,42.8069,682,5/8/26,0,45.1
STA_FRE,-76.8167,42.8069,682,5/9/26,0.09,47.6
STA_FRE,-76.8167,42.8069,682,5/10/26,0.22,55.3
STA_FRE,-76.8167,42.8069,682,5/11/26,0,47.2
STA_FRE,-76.8167,42.8069,682,5/12/26,0,43.8
STA_FRE,-76.8167,42.8069,682,5/13/26,0.21,51.1
STA_FRE,-76.8167,42.8069,682,5/14/26,0.27,57.5
STA_FRE,-76.8167,42.8069,682,5/15/26,0.02,45.4
STA_FRE,-76.8167,42.8069,682,5/16/26,0,55.4
STA_FRE,-76.8167,42.8069,682,5/17/26,0.16,67.2
STA_FRE,-76.8167,42.8069,682,5/18/26,0,71.8
STA_FRE,-76.8167,42.8069,682,5/19/26,0,77.7
STA_FRE,-76.8167,42.8069,682,5/20/26,0,75.2
STA_FRE,-76.8167,42.8069,682,5/21/26,0,56.2
STA_FRE,-76.8167,42.8069,682,5/22/26,0,47.8
STA_FRE,-76.8167,42.8069,682,5/23/26,0.03,56
STA_FRE,-76.8167,42.8069,682,5/24/26,1.6,50.5
STA_FRE,-76.8167,42.8069,682,5/25/26,0.67,56
STA_FRE,-76.8167,42.8069,682,5/26/26,0,62.2
STA_FRE,-76.8167,42.8069,682,5/27/26,0,70.3
STA_FRE,-76.8167,42.8069,682,5/28/26,0,65.3
STA_FRE,-76.8167,42.8069,682,5/29/26,0,57.8
STA_FRE,-76.8167,42.8069,682,5/30/26,0,60.3
STA_FRE,-76.8167,42.8069,682,5/31/26,0,54.4
STA_FRE,-76.8167,42.8069,682,6/1/26,0,59.1
STA_FRE,-76.8167,42.8069,682,6/2/26,0,55.9
STA_FRE,-76.8167,42.8069,682,6/3/26,0,61.3
STA_FRE,-76.8167,42.8069,682,6/4/26,0,65.6
STA_FRE,-76.8167,42.8069,682,6/5/26,0,69.7
STA_FRE,-76.8167,42.8069,682,6/6/26,0.03,75.3
STA_FRE,-76.8167,42.8069,682,6/7/26,0.09,72
STA_FRE,-76.8167,42.8069,682,6/8/26,0,62.6
STA_FRE,-76.8167,42.8069,682,6/9/26,0,69.6
STA_FRE,-76.8167,42.8069,682,6/10/26,0.74,77
STA_FRE,-76.8167,42.8069,682,6/11/26,0.03,76.3
STA_FRE,-76.8167,42.8069,682,6/12/26,0.24,79.9
STA_FRE,-76.8167,42.8069,682,6/13/26,0,71.6
STA_FRE,-76.8167,42.8069,682,6/14/26,0,73.9
STA_FRE,-76.8167,42.8069,682,6/15/26,0.67,63.6
STA_FRE,-76.8167,42.8069,682,6/16/26,0,57.1
STA_FRE,-76.8167,42.8069,682,6/17/26,0,66.8
STA_FRE,-76.8167,42.8069,682,6/18/26,0.24,69.6
STA_FRE,-76.8167,42.8069,682,6/19/26,0.31,69.6
STA_FRE,-76.8167,42.8069,682,6/20/26,0.08,66.5
STA_FRE,-76.8167,42.8069,682,6/21/26,0,63.8
STA_FRE,-76.8167,42.8069,682,6/22/26,0,66.5
STA_FRE,-76.8167,42.8069,682,6/23/26,0.71,59.8
STA_FRE,-76.8167,42.8069,682,6/24/26,0,63.8
STA_FRE,-76.8167,42.8069,682,6/25/26,0,66.2
STA_FRE,-76.8167,42.8069,682,6/26/26,0.27,63.6
STA_FRE,-76.8167,42.8069,682,6/27/26,0,66.8
STA_FRE,-76.8167,42.8069,682,6/28/26,0,68.9
STA_FRE,-76.8167,42.8069,682,6/29/26,0,71.2
STA_FRE,-76.8167,42.8069,682,6/30/26,0,76.3
,,,,,,
STA_KRE,-77.5666,43.0494,630,1/1/26,0.2,17.8
STA_KRE,-77.5666,43.0494,630,1/2/26,0,13.6
STA_KRE,-77.5666,43.0494,630,1/3/26,0,21.2
STA_KRE,-77.5666,43.0494,630,1/4/26,0.07,23
STA_KRE,-77.5666,43.0494,630,1/5/26,0,24.7
STA_KRE,-77.5666,43.0494,630,1/6/26,0.06,29.7
STA_KRE,-77.5666,43.0494,630,1/7/26,0.58,34.7
STA_KRE,-77.5666,43.0494,630,1/8/26,0,34.3
STA_KRE,-77.5666,43.0494,630,1/9/26,0,42.3
STA_KRE,-77.5666,43.0494,630,1/10/26,0.28,47.2
STA_KRE,-77.5666,43.0494,630,1/11/26,0.14,37.6
STA_KRE,-77.5666,43.0494,630,1/12/26,0,30.1
STA_KRE,-77.5666,43.0494,630,1/13/26,0,32.9
STA_KRE,-77.5666,43.0494,630,1/14/26,0,40.3
STA_KRE,-77.5666,43.0494,630,1/15/26,0.38,32.8
STA_KRE,-77.5666,43.0494,630,1/16/26,0.05,16.1
STA_KRE,-77.5666,43.0494,630,1/17/26,0,23.8
STA_KRE,-77.5666,43.0494,630,1/18/26,0,31
STA_KRE,-77.5666,43.0494,630,1/19/26,0,19.6
STA_KRE,-77.5666,43.0494,630,1/20/26,0.06,17.2
STA_KRE,-77.5666,43.0494,630,1/21/26,0,11
STA_KRE,-77.5666,43.0494,630,1/22/26,0.14,23
STA_KRE,-77.5666,43.0494,630,1/23/26,0.12,21.8
STA_KRE,-77.5666,43.0494,630,1/24/26,0,6
STA_KRE,-77.5666,43.0494,630,1/25/26,0,3.9
STA_KRE,-77.5666,43.0494,630,1/26/26,0.8,7.8
STA_KRE,-77.5666,43.0494,630,1/27/26,0,11.9
STA_KRE,-77.5666,43.0494,630,1/28/26,0,11
STA_KRE,-77.5666,43.0494,630,1/29/26,0,12.1
STA_KRE,-77.5666,43.0494,630,1/30/26,0.03,7.8
STA_KRE,-77.5666,43.0494,630,1/31/26,0.02,5.2
STA_KRE,-77.5666,43.0494,630,2/1/26,0.03,9.5
STA_KRE,-77.5666,43.0494,630,2/2/26,0,9.8
STA_KRE,-77.5666,43.0494,630,2/3/26,0,15.5
STA_KRE,-77.5666,43.0494,630,2/4/26,0.02,19.4
STA_KRE,-77.5666,43.0494,630,2/5/26,0,17.4
STA_KRE,-77.5666,43.0494,630,2/6/26,0,14.6
STA_KRE,-77.5666,43.0494,630,2/7/26,0.09,13.4
STA_KRE,-77.5666,43.0494,630,2/8/26,0.06,2
STA_KRE,-77.5666,43.0494,630,2/9/26,0,0.9
STA_KRE,-77.5666,43.0494,630,2/10/26,0,7.2
STA_KRE,-77.5666,43.0494,630,2/11/26,0.08,29.3
STA_KRE,-77.5666,43.0494,630,2/12/26,0.1,26.8
STA_KRE,-77.5666,43.0494,630,2/13/26,0,17
STA_KRE,-77.5666,43.0494,630,2/14/26,0.02,21.5
STA_KRE,-77.5666,43.0494,630,2/15/26,0,28.8
STA_KRE,-77.5666,43.0494,630,2/16/26,0,31
STA_KRE,-77.5666,43.0494,630,2/17/26,0,36.2
STA_KRE,-77.5666,43.0494,630,2/18/26,0.03,36.3
STA_KRE,-77.5666,43.0494,630,2/19/26,0.75,32
STA_KRE,-77.5666,43.0494,630,2/20/26,0.07,34.6
STA_KRE,-77.5666,43.0494,630,2/21/26,0.21,38
STA_KRE,-77.5666,43.0494,630,2/22/26,0.02,31.5
STA_KRE,-77.5666,43.0494,630,2/23/26,0.1,31.2
STA_KRE,-77.5666,43.0494,630,2/24/26,0.04,21.9
STA_KRE,-77.5666,43.0494,630,2/25/26,0.12,22.3
STA_KRE,-77.5666,43.0494,630,2/26/26,0.01,31.2
STA_KRE,-77.5666,43.0494,630,2/27/26,0,22.9
STA_KRE,-77.5666,43.0494,630,2/28/26,0,32.7
STA_KRE,-77.5666,43.0494,630,3/1/26,0.02,35.4
STA_KRE,-77.5666,43.0494,630,3/2/26,0,17.7
STA_KRE,-77.5666,43.0494,630,3/3/26,0,19.9
STA_KRE,-77.5666,43.0494,630,3/4/26,0,30.4
STA_KRE,-77.5666,43.0494,630,3/5/26,0,40.4
STA_KRE,-77.5666,43.0494,630,3/6/26,0.42,35.9
STA_KRE,-77.5666,43.0494,630,3/7/26,0,42.2
STA_KRE,-77.5666,43.0494,630,3/8/26,0.26,59.6
STA_KRE,-77.5666,43.0494,630,3/9/26,0,47.3
STA_KRE,-77.5666,43.0494,630,3/10/26,0,60.4
STA_KRE,-77.5666,43.0494,630,3/11/26,0.02,54.2
STA_KRE,-77.5666,43.0494,630,3/12/26,0.68,50.7
STA_KRE,-77.5666,43.0494,630,3/13/26,0,29.3
STA_KRE,-77.5666,43.0494,630,3/14/26,0.14,32.8
STA_KRE,-77.5666,43.0494,630,3/15/26,0,29.7
STA_KRE,-77.5666,43.0494,630,3/16/26,0,42.9
STA_KRE,-77.5666,43.0494,630,3/17/26,0.38,42.6
STA_KRE,-77.5666,43.0494,630,3/18/26,0,19
STA_KRE,-77.5666,43.0494,630,3/19/26,0,25.7
STA_KRE,-77.5666,43.0494,630,3/20/26,0,37.6
STA_KRE,-77.5666,43.0494,630,3/21/26,0.55,39.1
STA_KRE,-77.5666,43.0494,630,3/22/26,0,40.7
STA_KRE,-77.5666,43.0494,630,3/23/26,0.46,39.7
STA_KRE,-77.5666,43.0494,630,3/24/26,0,29.3
STA_KRE,-77.5666,43.0494,630,3/25/26,0,34.4
STA_KRE,-77.5666,43.0494,630,3/26/26,0,42.4
STA_KRE,-77.5666,43.0494,630,3/27/26,0.87,47.2
STA_KRE,-77.5666,43.0494,630,3/28/26,0,24.9
STA_KRE,-77.5666,43.0494,630,3/29/26,0,29.4
STA_KRE,-77.5666,43.0494,630,3/30/26,0,44.1
STA_KRE,-77.5666,43.0494,630,3/31/26,0.69,57.5
STA_KRE,-77.5666,43.0494,630,4/1/26,1.07,54.2
STA_KRE,-77.5666,43.0494,630,4/2/26,0,37.5
STA_KRE,-77.5666,43.0494,630,4/3/26,0.06,47.2
STA_KRE,-77.5666,43.0494,630,4/4/26,0.03,56.6
STA_KRE,-77.5666,43.0494,630,4/5/26,0.75,55.7
STA_KRE,-77.5666,43.0494,630,4/6/26,0,40.5
STA_KRE,-77.5666,43.0494,630,4/7/26,0.08,35.3
STA_KRE,-77.5666,43.0494,630,4/8/26,0,26.1
STA_KRE,-77.5666,43.0494,630,4/9/26,0,39.6
STA_KRE,-77.5666,43.0494,630,4/10/26,0,60.9
STA_KRE,-77.5666,43.0494,630,4/11/26,0.07,48.9
STA_KRE,-77.5666,43.0494,630,4/12/26,0,40.6
STA_KRE,-77.5666,43.0494,630,4/13/26,0.02,52
STA_KRE,-77.5666,43.0494,630,4/14/26,0.06,62.3
STA_KRE,-77.5666,43.0494,630,4/15/26,0.14,63.6
STA_KRE,-77.5666,43.0494,630,4/16/26,0.76,65.7
STA_KRE,-77.5666,43.0494,630,4/17/26,0.64,66.1
STA_KRE,-77.5666,43.0494,630,4/18/26,0,54.6
STA_KRE,-77.5666,43.0494,630,4/19/26,0.49,55.8
STA_KRE,-77.5666,43.0494,630,4/20/26,0.15,36.9
STA_KRE,-77.5666,43.0494,630,4/21/26,0.02,33.1
STA_KRE,-77.5666,43.0494,630,4/22/26,0,44.9
STA_KRE,-77.5666,43.0494,630,4/23/26,0,54.3
STA_KRE,-77.5666,43.0494,630,4/24/26,0,54.1
STA_KRE,-77.5666,43.0494,630,4/25/26,0.2,47.8
STA_KRE,-77.5666,43.0494,630,4/26/26,0.95,40.8
STA_KRE,-77.5666,43.0494,630,4/27/26,0,48.8
STA_KRE,-77.5666,43.0494,630,4/28/26,0,59.3
STA_KRE,-77.5666,43.0494,630,4/29/26,0.04,57.7
STA_KRE,-77.5666,43.0494,630,4/30/26,0.77,50.1
STA_KRE,-77.5666,43.0494,630,5/1/26,0,43.5
STA_KRE,-77.5666,43.0494,630,5/2/26,0.05,42.9
STA_KRE,-77.5666,43.0494,630,5/3/26,0,41
STA_KRE,-77.5666,43.0494,630,5/4/26,0,49.7
STA_KRE,-77.5666,43.0494,630,5/5/26,0,64.4
STA_KRE,-77.5666,43.0494,630,5/6/26,0.91,57.5
STA_KRE,-77.5666,43.0494,630,5/7/26,0.07,42.1
STA_KRE,-77.5666,43.0494,630,5/8/26,0.01,46.3
STA_KRE,-77.5666,43.0494,630,5/9/26,0.03,48.1
STA_KRE,-77.5666,43.0494,630,5/10/26,0.19,57
STA_KRE,-77.5666,43.0494,630,5/11/26,0,47.6
STA_KRE,-77.5666,43.0494,630,5/12/26,0,44.3
STA_KRE,-77.5666,43.0494,630,5/13/26,0.23,51.6
STA_KRE,-77.5666,43.0494,630,5/14/26,0.09,56.7
STA_KRE,-77.5666,43.0494,630,5/15/26,0.05,46.7
STA_KRE,-77.5666,43.0494,630,5/16/26,0,57.2
STA_KRE,-77.5666,43.0494,630,5/17/26,0.49,69.4
STA_KRE,-77.5666,43.0494,630,5/18/26,0,73.7
STA_KRE,-77.5666,43.0494,630,5/19/26,0,80.7
STA_KRE,-77.5666,43.0494,630,5/20/26,0.05,73
STA_KRE,-77.5666,43.0494,630,5/21/26,0,54.7
STA_KRE,-77.5666,43.0494,630,5/22/26,0,48.6
STA_KRE,-77.5666,43.0494,630,5/23/26,0,56.7
STA_KRE,-77.5666,43.0494,630,5/24/26,1.43,50.6
STA_KRE,-77.5666,43.0494,630,5/25/26,0.17,60.7
STA_KRE,-77.5666,43.0494,630,5/26/26,0,63.3
STA_KRE,-77.5666,43.0494,630,5/27/26,0,72.9
STA_KRE,-77.5666,43.0494,630,5/28/26,0,65
STA_KRE,-77.5666,43.0494,630,5/29/26,0,58.3
STA_KRE,-77.5666,43.0494,630,5/30/26,0,61.5
STA_KRE,-77.5666,43.0494,630,5/31/26,0,55.8
STA_KRE,-77.5666,43.0494,630,6/1/26,0,60.1
STA_KRE,-77.5666,43.0494,630,6/2/26,0,55.6
STA_KRE,-77.5666,43.0494,630,6/3/26,0,63.5
STA_KRE,-77.5666,43.0494,630,6/4/26,0,68
STA_KRE,-77.5666,43.0494,630,6/5/26,0,70.5
STA_KRE,-77.5666,43.0494,630,6/6/26,0.22,75.9
STA_KRE,-77.5666,43.0494,630,6/7/26,0.05,71.7
STA_KRE,-77.5666,43.0494,630,6/8/26,0,64.8
STA_KRE,-77.5666,43.0494,630,6/9/26,0,71.7
STA_KRE,-77.5666,43.0494,630,6/10/26,0.39,79.2
STA_KRE,-77.5666,43.0494,630,6/11/26,0.05,77.2
STA_KRE,-77.5666,43.0494,630,6/12/26,0.5,80.1
STA_KRE,-77.5666,43.0494,630,6/13/26,0,71
STA_KRE,-77.5666,43.0494,630,6/14/26,0,74.3
STA_KRE,-77.5666,43.0494,630,6/15/26,1.08,64.3
STA_KRE,-77.5666,43.0494,630,6/16/26,0,57.5
STA_KRE,-77.5666,43.0494,630,6/17/26,0.03,67.2
STA_KRE,-77.5666,43.0494,630,6/18/26,0.61,67.8
STA_KRE,-77.5666,43.0494,630,6/19/26,0.2,68.7
STA_KRE,-77.5666,43.0494,630,6/20/26,0.21,66.2
STA_KRE,-77.5666,43.0494,630,6/21/26,0.02,66.1
STA_KRE,-77.5666,43.0494,630,6/22/26,0.02,67.7
STA_KRE,-77.5666,43.0494,630,6/23/26,0.38,59.4
STA_KRE,-77.5666,43.0494,630,6/24/26,0,64.7
STA_KRE,-77.5666,43.0494,630,6/25/26,0,68.4
STA_KRE,-77.5666,43.0494,630,6/26/26,0.42,61.8
STA_KRE,-77.5666,43.0494,630,6/27/26,0,65.6
STA_KRE,-77.5666,43.0494,630,6/28/26,0,69
STA_KRE,-77.5666,43.0494,630,6/29/26,0,71.1
STA_KRE,-77.5666,43.0494,630,6/30/26,0,77
,,,,,,
STA_MAC,-77.7358,42.7642,1037,1/1/26,0.21,16.7
STA_MAC,-77.7358,42.7642,1037,1/2/26,0,14
STA_MAC,-77.7358,42.7642,1037,1/3/26,0,18.7
STA_MAC,-77.7358,42.7642,1037,1/4/26,0.07,20.1
STA_MAC,-77.7358,42.7642,1037,1/5/26,0,23.3
STA_MAC,-77.7358,42.7642,1037,1/6/26,0.03,29.1
STA_MAC,-77.7358,42.7642,1037,1/7/26,0.37,35.3
STA_MAC,-77.7358,42.7642,1037,1/8/26,0,35.3
STA_MAC,-77.7358,42.7642,1037,1/9/26,0,42.1
STA_MAC,-77.7358,42.7642,1037,1/10/26,0.21,43.7
STA_MAC,-77.7358,42.7642,1037,1/11/26,0.1,37.1
STA_MAC,-77.7358,42.7642,1037,1/12/26,0,28.6
STA_MAC,-77.7358,42.7642,1037,1/13/26,0,31.9
STA_MAC,-77.7358,42.7642,1037,1/14/26,0,38.3
STA_MAC,-77.7358,42.7642,1037,1/15/26,0.43,31.3
STA_MAC,-77.7358,42.7642,1037,1/16/26,0,14.5
STA_MAC,-77.7358,42.7642,1037,1/17/26,0.02,22.5
STA_MAC,-77.7358,42.7642,1037,1/18/26,0,28.9
STA_MAC,-77.7358,42.7642,1037,1/19/26,0,16.9
STA_MAC,-77.7358,42.7642,1037,1/20/26,0.01,16
STA_MAC,-77.7358,42.7642,1037,1/21/26,0,9.9
STA_MAC,-77.7358,42.7642,1037,1/22/26,0.14,22.1
STA_MAC,-77.7358,42.7642,1037,1/23/26,0.06,21.7
STA_MAC,-77.7358,42.7642,1037,1/24/26,0,5.1
STA_MAC,-77.7358,42.7642,1037,1/25/26,0,2.7
STA_MAC,-77.7358,42.7642,1037,1/26/26,0.62,7.8
STA_MAC,-77.7358,42.7642,1037,1/27/26,0,9.9
STA_MAC,-77.7358,42.7642,1037,1/28/26,0.01,8.9
STA_MAC,-77.7358,42.7642,1037,1/29/26,0.01,9.3
STA_MAC,-77.7358,42.7642,1037,1/30/26,0.02,6.7
STA_MAC,-77.7358,42.7642,1037,1/31/26,0,3.5
STA_MAC,-77.7358,42.7642,1037,2/1/26,0.02,7.4
STA_MAC,-77.7358,42.7642,1037,2/2/26,0,8.5
STA_MAC,-77.7358,42.7642,1037,2/3/26,0,15.4
STA_MAC,-77.7358,42.7642,1037,2/4/26,0.03,17.5
STA_MAC,-77.7358,42.7642,1037,2/5/26,0,14.4
STA_MAC,-77.7358,42.7642,1037,2/6/26,0,15.7
STA_MAC,-77.7358,42.7642,1037,2/7/26,0.06,11.4
STA_MAC,-77.7358,42.7642,1037,2/8/26,0,-0.6
STA_MAC,-77.7358,42.7642,1037,2/9/26,0,-0.3
STA_MAC,-77.7358,42.7642,1037,2/10/26,0,9.3
STA_MAC,-77.7358,42.7642,1037,2/11/26,0.1,34.5
STA_MAC,-77.7358,42.7642,1037,2/12/26,0.1,25.5
STA_MAC,-77.7358,42.7642,1037,2/13/26,0,19.8
STA_MAC,-77.7358,42.7642,1037,2/14/26,0,24.2
STA_MAC,-77.7358,42.7642,1037,2/15/26,0,28.1
STA_MAC,-77.7358,42.7642,1037,2/16/26,0,32.6
STA_MAC,-77.7358,42.7642,1037,2/17/26,0,41.3
STA_MAC,-77.7358,42.7642,1037,2/18/26,0,39.9
STA_MAC,-77.7358,42.7642,1037,2/19/26,0.63,32.6
STA_MAC,-77.7358,42.7642,1037,2/20/26,0.1,37
STA_MAC,-77.7358,42.7642,1037,2/21/26,0.17,39.6
STA_MAC,-77.7358,42.7642,1037,2/22/26,0.02,31.9
STA_MAC,-77.7358,42.7642,1037,2/23/26,0.13,30.6
STA_MAC,-77.7358,42.7642,1037,2/24/26,0.04,21.1
STA_MAC,-77.7358,42.7642,1037,2/25/26,0.08,21.7
STA_MAC,-77.7358,42.7642,1037,2/26/26,0.01,30.8
STA_MAC,-77.7358,42.7642,1037,2/27/26,0,23.6
STA_MAC,-77.7358,42.7642,1037,2/28/26,0,35.8
STA_MAC,-77.7358,42.7642,1037,3/1/26,0.08,32.8
STA_MAC,-77.7358,42.7642,1037,3/2/26,0,16.8
STA_MAC,-77.7358,42.7642,1037,3/3/26,0,19.9
STA_MAC,-77.7358,42.7642,1037,3/4/26,0.03,31.8
STA_MAC,-77.7358,42.7642,1037,3/5/26,0,42.5
STA_MAC,-77.7358,42.7642,1037,3/6/26,0.68,34.9
STA_MAC,-77.7358,42.7642,1037,3/7/26,0.08,43
STA_MAC,-77.7358,42.7642,1037,3/8/26,0.52,57.7
STA_MAC,-77.7358,42.7642,1037,3/9/26,0,47.2
STA_MAC,-77.7358,42.7642,1037,3/10/26,0,57.2
STA_MAC,-77.7358,42.7642,1037,3/11/26,0.11,53.6
STA_MAC,-77.7358,42.7642,1037,3/12/26,0.58,49.7
STA_MAC,-77.7358,42.7642,1037,3/13/26,0.01,28
STA_MAC,-77.7358,42.7642,1037,3/14/26,0.23,31.5
STA_MAC,-77.7358,42.7642,1037,3/15/26,0,28.8
STA_MAC,-77.7358,42.7642,1037,3/16/26,0,42.2
STA_MAC,-77.7358,42.7642,1037,3/17/26,0.37,41.7
STA_MAC,-77.7358,42.7642,1037,3/18/26,0,17.8
STA_MAC,-77.7358,42.7642,1037,3/19/26,0,25.1
STA_MAC,-77.7358,42.7642,1037,3/20/26,0,36.5
STA_MAC,-77.7358,42.7642,1037,3/21/26,0.43,39.5
STA_MAC,-77.7358,42.7642,1037,3/22/26,0,41.8
STA_MAC,-77.7358,42.7642,1037,3/23/26,0.32,41.1
STA_MAC,-77.7358,42.7642,1037,3/24/26,0.02,28.5
STA_MAC,-77.7358,42.7642,1037,3/25/26,0,33.6
STA_MAC,-77.7358,42.7642,1037,3/26/26,0.02,42.9
STA_MAC,-77.7358,42.7642,1037,3/27/26,0.94,46.6
STA_MAC,-77.7358,42.7642,1037,3/28/26,0,25.5
STA_MAC,-77.7358,42.7642,1037,3/29/26,0,27.6
STA_MAC,-77.7358,42.7642,1037,3/30/26,0,43.2
STA_MAC,-77.7358,42.7642,1037,3/31/26,0.57,58
STA_MAC,-77.7358,42.7642,1037,4/1/26,1.61,54.2
STA_MAC,-77.7358,42.7642,1037,4/2/26,0.1,36.9
STA_MAC,-77.7358,42.7642,1037,4/3/26,0,46.1
STA_MAC,-77.7358,42.7642,1037,4/4/26,0.04,55.6
STA_MAC,-77.7358,42.7642,1037,4/5/26,0.89,55.9
STA_MAC,-77.7358,42.7642,1037,4/6/26,0.02,38.9
STA_MAC,-77.7358,42.7642,1037,4/7/26,0.03,33.7
STA_MAC,-77.7358,42.7642,1037,4/8/26,0,25.8
STA_MAC,-77.7358,42.7642,1037,4/9/26,0,39.7
STA_MAC,-77.7358,42.7642,1037,4/10/26,0.06,58.4
STA_MAC,-77.7358,42.7642,1037,4/11/26,0.1,52.7
STA_MAC,-77.7358,42.7642,1037,4/12/26,0,39.9
STA_MAC,-77.7358,42.7642,1037,4/13/26,0.01,52.4
STA_MAC,-77.7358,42.7642,1037,4/14/26,0.04,62.2
STA_MAC,-77.7358,42.7642,1037,4/15/26,0.09,63.1
STA_MAC,-77.7358,42.7642,1037,4/16/26,0.58,67.4
STA_MAC,-77.7358,42.7642,1037,4/17/26,0.56,65.9
STA_MAC,-77.7358,42.7642,1037,4/18/26,0,56.7
STA_MAC,-77.7358,42.7642,1037,4/19/26,0.6,55.1
STA_MAC,-77.7358,42.7642,1037,4/20/26,0.09,35.1
STA_MAC,-77.7358,42.7642,1037,4/21/26,0.02,31.8
STA_MAC,-77.7358,42.7642,1037,4/22/26,0.03,43.6
STA_MAC,-77.7358,42.7642,1037,4/23/26,0,54.7
STA_MAC,-77.7358,42.7642,1037,4/24/26,0,53.7
STA_MAC,-77.7358,42.7642,1037,4/25/26,0.33,47.9
STA_MAC,-77.7358,42.7642,1037,4/26/26,0.83,41.8
STA_MAC,-77.7358,42.7642,1037,4/27/26,0,48.5
STA_MAC,-77.7358,42.7642,1037,4/28/26,0,58.2
STA_MAC,-77.7358,42.7642,1037,4/29/26,0.02,56.7
STA_MAC,-77.7358,42.7642,1037,4/30/26,0.81,50
STA_MAC,-77.7358,42.7642,1037,5/1/26,0,42.4
STA_MAC,-77.7358,42.7642,1037,5/2/26,0.12,40.8
STA_MAC,-77.7358,42.7642,1037,5/3/26,0,40
STA_MAC,-77.7358,42.7642,1037,5/4/26,0,49.1
STA_MAC,-77.7358,42.7642,1037,5/5/26,0.01,63
STA_MAC,-77.7358,42.7642,1037,5/6/26,1.31,56.6
STA_MAC,-77.7358,42.7642,1037,5/7/26,0.09,41.7
STA_MAC,-77.7358,42.7642,1037,5/8/26,0.02,45.9
STA_MAC,-77.7358,42.7642,1037,5/9/26,0.05,47.3
STA_MAC,-77.7358,42.7642,1037,5/10/26,0.26,55.6
STA_MAC,-77.7358,42.7642,1037,5/11/26,0,45.7
STA_MAC,-77.7358,42.7642,1037,5/12/26,0,42.6
STA_MAC,-77.7358,42.7642,1037,5/13/26,0.2,50.8
STA_MAC,-77.7358,42.7642,1037,5/14/26,0.18,54.8
STA_MAC,-77.7358,42.7642,1037,5/15/26,0.03,45.6
STA_MAC,-77.7358,42.7642,1037,5/16/26,0,54.8
STA_MAC,-77.7358,42.7642,1037,5/17/26,0.14,67.7
STA_MAC,-77.7358,42.7642,1037,5/18/26,0,72.6
STA_MAC,-77.7358,42.7642,1037,5/19/26,0.02,78.6
STA_MAC,-77.7358,42.7642,1037,5/20/26,0.07,72.4
STA_MAC,-77.7358,42.7642,1037,5/21/26,0,52.5
STA_MAC,-77.7358,42.7642,1037,5/22/26,0,48.5
STA_MAC,-77.7358,42.7642,1037,5/23/26,0.03,55
STA_MAC,-77.7358,42.7642,1037,5/24/26,1.08,49.2
STA_MAC,-77.7358,42.7642,1037,5/25/26,0.31,60.1
STA_MAC,-77.7358,42.7642,1037,5/26/26,0,62.2
STA_MAC,-77.7358,42.7642,1037,5/27/26,0.01,70.5
STA_MAC,-77.7358,42.7642,1037,5/28/26,0,63.4
STA_MAC,-77.7358,42.7642,1037,5/29/26,0,56.6
STA_MAC,-77.7358,42.7642,1037,5/30/26,0,60
STA_MAC,-77.7358,42.7642,1037,5/31/26,0,54
STA_MAC,-77.7358,42.7642,1037,6/1/26,0,57.6
STA_MAC,-77.7358,42.7642,1037,6/2/26,0,54.9
STA_MAC,-77.7358,42.7642,1037,6/3/26,0,60.4
STA_MAC,-77.7358,42.7642,1037,6/4/26,0,66.4
STA_MAC,-77.7358,42.7642,1037,6/5/26,0,69.4
STA_MAC,-77.7358,42.7642,1037,6/6/26,0.11,73.9
STA_MAC,-77.7358,42.7642,1037,6/7/26,0.13,69.7
STA_MAC,-77.7358,42.7642,1037,6/8/26,0,62.1
STA_MAC,-77.7358,42.7642,1037,6/9/26,0,71.6
STA_MAC,-77.7358,42.7642,1037,6/10/26,0.42,78.4
STA_MAC,-77.7358,42.7642,1037,6/11/26,0.06,75.6
STA_MAC,-77.7358,42.7642,1037,6/12/26,0.17,78.2
STA_MAC,-77.7358,42.7642,1037,6/13/26,0,70
STA_MAC,-77.7358,42.7642,1037,6/14/26,0,72.5
STA_MAC,-77.7358,42.7642,1037,6/15/26,0.58,63.1
STA_MAC,-77.7358,42.7642,1037,6/16/26,0,57.2
STA_MAC,-77.7358,42.7642,1037,6/17/26,0.02,65.6
STA_MAC,-77.7358,42.7642,1037,6/18/26,0.45,66.1
STA_MAC,-77.7358,42.7642,1037,6/19/26,0.33,66.6
STA_MAC,-77.7358,42.7642,1037,6/20/26,0.1,64.7
STA_MAC,-77.7358,42.7642,1037,6/21/26,0,63.7
STA_MAC,-77.7358,42.7642,1037,6/22/26,0.05,66.7
STA_MAC,-77.7358,42.7642,1037,6/23/26,0.68,58.3
STA_MAC,-77.7358,42.7642,1037,6/24/26,0,63.2
STA_MAC,-77.7358,42.7642,1037,6/25/26,0,66.4
STA_MAC,-77.7358,42.7642,1037,6/26/26,0.43,62
STA_MAC,-77.7358,42.7642,1037,6/27/26,0,65
STA_MAC,-77.7358,42.7642,1037,6/28/26,0,68.7
STA_MAC,-77.7358,42.7642,1037,6/29/26,0,71.7
STA_MAC,-77.7358,42.7642,1037,6/30/26,0,76.3
,,,,,,
STA_MAC_2,-77.7333,42.7644,1037,1/1/26,0.21,16.7
STA_MAC_2,-77.7333,42.7644,1037,1/2/26,0,14
STA_MAC_2,-77.7333,42.7644,1037,1/3/26,0,18.7
STA_MAC_2,-77.7333,42.7644,1037,1/4/26,0.07,20.1
STA_MAC_2,-77.7333,42.7644,1037,1/5/26,0,23.3
STA_MAC_2,-77.7333,42.7644,1037,1/6/26,0.03,29.1
STA_MAC_2,-77.7333,42.7644,1037,1/7/26,0.37,35.3
STA_MAC_2,-77.7333,42.7644,1037,1/8/26,0,35.3
STA_MAC_2,-77.7333,42.7644,1037,1/9/26,0,42.1
STA_MAC_2,-77.7333,42.7644,1037,1/10/26,0.21,43.7
STA_MAC_2,-77.7333,42.7644,1037,1/11/26,0.1,37.1
STA_MAC_2,-77.7333,42.7644,1037,1/12/26,0,28.6
STA_MAC_2,-77.7333,42.7644,1037,1/13/26,0,31.9
STA_MAC_2,-77.7333,42.7644,1037,1/14/26,0,38.3
STA_MAC_2,-77.7333,42.7644,1037,1/15/26,0.43,31.3
STA_MAC_2,-77.7333,42.7644,1037,1/16/26,0,14.5
STA_MAC_2,-77.7333,42.7644,1037,1/17/26,0.02,22.5
STA_MAC_2,-77.7333,42.7644,1037,1/18/26,0,28.9
STA_MAC_2,-77.7333,42.7644,1037,1/19/26,0,16.9
STA_MAC_2,-77.7333,42.7644,1037,1/20/26,0.01,16
STA_MAC_2,-77.7333,42.7644,1037,1/21/26,0,9.9
STA_MAC_2,-77.7333,42.7644,1037,1/22/26,0.14,22.1
STA_MAC_2,-77.7333,42.7644,1037,1/23/26,0.06,21.7
STA_MAC_2,-77.7333,42.7644,1037,1/24/26,0,5.1
STA_MAC_2,-77.7333,42.7644,1037,1/25/26,0,2.7
STA_MAC_2,-77.7333,42.7644,1037,1/26/26,0.62,7.8
STA_MAC_2,-77.7333,42.7644,1037,1/27/26,0,9.9
STA_MAC_2,-77.7333,42.7644,1037,1/28/26,0.01,8.9
STA_MAC_2,-77.7333,42.7644,1037,1/29/26,0.01,9.3
STA_MAC_2,-77.7333,42.7644,1037,1/30/26,0.02,6.7
STA_MAC_2,-77.7333,42.7644,1037,1/31/26,0,3.5
STA_MAC_2,-77.7333,42.7644,1037,2/1/26,0.02,7.4
STA_MAC_2,-77.7333,42.7644,1037,2/2/26,0,8.5
STA_MAC_2,-77.7333,42.7644,1037,2/3/26,0,15.4
STA_MAC_2,-77.7333,42.7644,1037,2/4/26,0.03,17.5
STA_MAC_2,-77.7333,42.7644,1037,2/5/26,0,14.4
STA_MAC_2,-77.7333,42.7644,1037,2/6/26,0,15.7
STA_MAC_2,-77.7333,42.7644,1037,2/7/26,0.06,11.4
STA_MAC_2,-77.7333,42.7644,1037,2/8/26,0,-0.6
STA_MAC_2,-77.7333,42.7644,1037,2/9/26,0,-0.3
STA_MAC_2,-77.7333,42.7644,1037,2/10/26,0,9.3
STA_MAC_2,-77.7333,42.7644,1037,2/11/26,0.1,34.5
STA_MAC_2,-77.7333,42.7644,1037,2/12/26,0.1,25.5
STA_MAC_2,-77.7333,42.7644,1037,2/13/26,0,19.8
STA_MAC_2,-77.7333,42.7644,1037,2/14/26,0,24.2
STA_MAC_2,-77.7333,42.7644,1037,2/15/26,0,28.1
STA_MAC_2,-77.7333,42.7644,1037,2/16/26,0,32.6
STA_MAC_2,-77.7333,42.7644,1037,2/17/26,0,41.3
STA_MAC_2,-77.7333,42.7644,1037,2/18/26,0,39.9
STA_MAC_2,-77.7333,42.7644,1037,2/19/26,0.63,32.6
STA_MAC_2,-77.7333,42.7644,1037,2/20/26,0.1,37
STA_MAC_2,-77.7333,42.7644,1037,2/21/26,0.17,39.6
STA_MAC_2,-77.7333,42.7644,1037,2/22/26,0.02,31.9
STA_MAC_2,-77.7333,42.7644,1037,2/23/26,0.13,30.6
STA_MAC_2,-77.7333,42.7644,1037,2/24/26,0.04,21.1
STA_MAC_2,-77.7333,42.7644,1037,2/25/26,0.08,21.7
STA_MAC_2,-77.7333,42.7644,1037,2/26/26,0.01,30.8
STA_MAC_2,-77.7333,42.7644,1037,2/27/26,0,23.6
STA_MAC_2,-77.7333,42.7644,1037,2/28/26,0,35.8
STA_MAC_2,-77.7333,42.7644,1037,3/1/26,0.08,32.8
STA_MAC_2,-77.7333,42.7644,1037,3/2/26,0,16.8
STA_MAC_2,-77.7333,42.7644,1037,3/3/26,0,19.9
STA_MAC_2,-77.7333,42.7644,1037,3/4/26,0.03,31.8
STA_MAC_2,-77.7333,42.7644,1037,3/5/26,0,42.5
STA_MAC_2,-77.7333,42.7644,1037,3/6/26,0.68,34.9
STA_MAC_2,-77.7333,42.7644,1037,3/7/26,0.08,43
STA_MAC_2,-77.7333,42.7644,1037,3/8/26,0.52,57.7
STA_MAC_2,-77.7333,42.7644,1037,3/9/26,0,47.2
STA_MAC_2,-77.7333,42.7644,1037,3/10/26,0,57.2
STA_MAC_2,-77.7333,42.7644,1037,3/11/26,0.11,53.6
STA_MAC_2,-77.7333,42.7644,1037,3/12/26,0.58,49.7
STA_MAC_2,-77.7333,42.7644,1037,3/13/26,0.01,28
STA_MAC_2,-77.7333,42.7644,1037,3/14/26,0.23,31.5
STA_MAC_2,-77.7333,42.7644,1037,3/15/26,0,28.8
STA_MAC_2,-77.7333,42.7644,1037,3/16/26,0,42.2
STA_MAC_2,-77.7333,42.7644,1037,3/17/26,0.37,41.7
STA_MAC_2,-77.7333,42.7644,1037,3/18/26,0,17.8
STA_MAC_2,-77.7333,42.7644,1037,3/19/26,0,25.1
STA_MAC_2,-77.7333,42.7644,1037,3/20/26,0,36.5
STA_MAC_2,-77.7333,42.7644,1037,3/21/26,0.43,39.5
STA_MAC_2,-77.7333,42.7644,1037,3/22/26,0,41.8
STA_MAC_2,-77.7333,42.7644,1037,3/23/26,0.32,41.1
STA_MAC_2,-77.7333,42.7644,1037,3/24/26,0.02,28.5
STA_MAC_2,-77.7333,42.7644,1037,3/25/26,0,33.6
STA_MAC_2,-77.7333,42.7644,1037,3/26/26,0.02,42.9
STA_MAC_2,-77.7333,42.7644,1037,3/27/26,0.94,46.6
STA_MAC_2,-77.7333,42.7644,1037,3/28/26,0,25.5
STA_MAC_2,-77.7333,42.7644,1037,3/29/26,0,27.6
STA_MAC_2,-77.7333,42.7644,1037,3/30/26,0,43.2
STA_MAC_2,-77.7333,42.7644,1037,3/31/26,0.57,58
STA_MAC_2,-77.7333,42.7644,1037,4/1/26,1.61,54.2
STA_MAC_2,-77.7333,42.7644,1037,4/2/26,0.1,36.9
STA_MAC_2,-77.7333,42.7644,1037,4/3/26,0,46.1
STA_MAC_2,-77.7333,42.7644,1037,4/4/26,0.04,55.6
STA_MAC_2,-77.7333,42.7644,1037,4/5/26,0.89,55.9
STA_MAC_2,-77.7333,42.7644,1037,4/6/26,0.02,38.9
STA_MAC_2,-77.7333,42.7644,1037,4/7/26,0.03,33.7
STA_MAC_2,-77.7333,42.7644,1037,4/8/26,0,25.8
STA_MAC_2,-77.7333,42.7644,1037,4/9/26,0,39.7
STA_MAC_2,-77.7333,42.7644,1037,4/10/26,0.06,58.4
STA_MAC_2,-77.7333,42.7644,1037,4/11/26,0.1,52.7
STA_MAC_2,-77.7333,42.7644,1037,4/12/26,0,39.9
STA_MAC_2,-77.7333,42.7644,1037,4/13/26,0.01,52.4
STA_MAC_2,-77.7333,42.7644,1037,4/14/26,0.04,62.2
STA_MAC_2,-77.7333,42.7644,1037,4/15/26,0.09,63.1
STA_MAC_2,-77.7333,42.7644,1037,4/16/26,0.58,67.4
STA_MAC_2,-77.7333,42.7644,1037,4/17/26,0.56,65.9
STA_MAC_2,-77.7333,42.7644,1037,4/18/26,0,56.7
STA_MAC_2,-77.7333,42.7644,1037,4/19/26,0.6,55.1
STA_MAC_2,-77.7333,42.7644,1037,4/20/26,0.09,35.1
STA_MAC_2,-77.7333,42.7644,1037,4/21/26,0.02,31.8
STA_MAC_2,-77.7333,42.7644,1037,4/22/26,0.03,43.6
STA_MAC_2,-77.7333,42.7644,1037,4/23/26,0,54.7
STA_MAC_2,-77.7333,42.7644,1037,4/24/26,0,53.7
STA_MAC_2,-77.7333,42.7644,1037,4/25/26,0.33,47.9
STA_MAC_2,-77.7333,42.7644,1037,4/26/26,0.83,41.8
STA_MAC_2,-77.7333,42.7644,1037,4/27/26,0,48.5
STA_MAC_2,-77.7333,42.7644,1037,4/28/26,0,58.2
STA_MAC_2,-77.7333,42.7644,1037,4/29/26,0.02,56.7
STA_MAC_2,-77.7333,42.7644,1037,4/30/26,0.81,50
STA_MAC_2,-77.7333,42.7644,1037,5/1/26,0,42.4
STA_MAC_2,-77.7333,42.7644,1037,5/2/26,0.12,40.8
STA_MAC_2,-77.7333,42.7644,1037,5/3/26,0,40
STA_MAC_2,-77.7333,42.7644,1037,5/4/26,0,49.1
STA_MAC_2,-77.7333,42.7644,1037,5/5/26,0.01,63
STA_MAC_2,-77.7333,42.7644,1037,5/6/26,1.31,56.6
STA_MAC_2,-77.7333,42.7644,1037,5/7/26,0.09,41.7
STA_MAC_2,-77.7333,42.7644,1037,5/8/26,0.02,45.9
STA_MAC_2,-77.7333,42.7644,1037,5/9/26,0.05,47.3
STA_MAC_2,-77.7333,42.7644,1037,5/10/26,0.26,55.6
STA_MAC_2,-77.7333,42.7644,1037,5/11/26,0,45.7
STA_MAC_2,-77.7333,42.7644,1037,5/12/26,0,42.6
STA_MAC_2,-77.7333,42.7644,1037,5/13/26,0.2,50.8
STA_MAC_2,-77.7333,42.7644,1037,5/14/26,0.18,54.8
STA_MAC_2,-77.7333,42.7644,1037,5/15/26,0.03,45.6
STA_MAC_2,-77.7333,42.7644,1037,5/16/26,0,54.8
STA_MAC_2,-77.7333,42.7644,1037,5/17/26,0.14,67.7
STA_MAC_2,-77.7333,42.7644,1037,5/18/26,0,72.6
STA_MAC_2,-77.7333,42.7644,1037,5/19/26,0.02,78.6
STA_MAC_2,-77.7333,42.7644,1037,5/20/26,0.07,72.4
STA_MAC_2,-77.7333,42.7644,1037,5/21/26,0,52.5
STA_MAC_2,-77.7333,42.7644,1037,5/22/26,0,48.5
STA_MAC_2,-77.7333,42.7644,1037,5/23/26,0.03,55
STA_MAC_2,-77.7333,42.7644,1037,5/24/26,1.08,49.2
STA_MAC_2,-77.7333,42.7644,1037,5/25/26,0.31,60.1
STA_MAC_2,-77.7333,42.7644,1037,5/26/26,0,62.2
STA_MAC_2,-77.7333,42.7644,1037,5/27/26,0.01,70.5
STA_MAC_2,-77.7333,42.7644,1037,5/28/26,0,63.4
STA_MAC_2,-77.7333,42.7644,1037,5/29/26,0,56.6
STA_MAC_2,-77.7333,42.7644,1037,5/30/26,0,60
STA_MAC_2,-77.7333,42.7644,1037,5/31/26,0,54
STA_MAC_2,-77.7333,42.7644,1037,6/1/26,0,57.6
STA_MAC_2,-77.7333,42.7644,1037,6/2/26,0,54.9
STA_MAC_2,-77.7333,42.7644,1037,6/3/26,0,60.4
STA_MAC_2,-77.7333,42.7644,1037,6/4/26,0,66.4
STA_MAC_2,-77.7333,42.7644,1037,6/5/26,0,69.4
STA_MAC_2,-77.7333,42.7644,1037,6/6/26,0.11,73.9
STA_MAC_2,-77.7333,42.7644,1037,6/7/26,0.13,69.7
STA_MAC_2,-77.7333,42.7644,1037,6/8/26,0,62.1
STA_MAC_2,-77.7333,42.7644,1037,6/9/26,0,71.6
STA_MAC_2,-77.7333,42.7644,1037,6/10/26,0.42,78.4
STA_MAC_2,-77.7333,42.7644,1037,6/11/26,0.06,75.6
STA_MAC_2,-77.7333,42.7644,1037,6/12/26,0.17,78.2
STA_MAC_2,-77.7333,42.7644,1037,6/13/26,0,70
STA_MAC_2,-77.7333,42.7644,1037,6/14/26,0,72.5
STA_MAC_2,-77.7333,42.7644,1037,6/15/26,0.58,63.1
STA_MAC_2,-77.7333,42.7644,1037,6/16/26,0,57.2
STA_MAC_2,-77.7333,42.7644,1037,6/17/26,0.02,65.6
STA_MAC_2,-77.7333,42.7644,1037,6/18/26,0.45,66.1
STA_MAC_2,-77.7333,42.7644,1037,6/19/26,0.33,66.6
STA_MAC_2,-77.7333,42.7644,1037,6/20/26,0.1,64.7
STA_MAC_2,-77.7333,42.7644,1037,6/21/26,0,63.7
STA_MAC_2,-77.7333,42.7644,1037,6/22/26,0.05,66.7
STA_MAC_2,-77.7333,42.7644,1037,6/23/26,0.68,58.3
STA_MAC_2,-77.7333,42.7644,1037,6/24/26,0,63.2
STA_MAC_2,-77.7333,42.7644,1037,6/25/26,0,66.4
STA_MAC_2,-77.7333,42.7644,1037,6/26/26,0.43,62
STA_MAC_2,-77.7333,42.7644,1037,6/27/26,0,65
STA_MAC_2,-77.7333,42.7644,1037,6/28/26,0,68.7
STA_MAC_2,-77.7333,42.7644,1037,6/29/26,0,71.7
STA_MAC_2,-77.7333,42.7644,1037,6/30/26,0,76.3
,,,,,,
STA_MAR,-77.0414,42.7282,846,1/1/26,0.06,19.6
STA_MAR,-77.0414,42.7282,846,1/2/26,0,15.1
STA_MAR,-77.0414,42.7282,846,1/3/26,0,20.2
STA_MAR,-77.0414,42.7282,846,1/4/26,0.03,22
STA_MAR,-77.0414,42.7282,846,1/5/26,0,24.6
STA_MAR,-77.0414,42.7282,846,1/6/26,0.04,28.8
STA_MAR,-77.0414,42.7282,846,1/7/26,0.23,34.3
STA_MAR,-77.0414,42.7282,846,1/8/26,0,35.8
STA_MAR,-77.0414,42.7282,846,1/9/26,0,41.6
STA_MAR,-77.0414,42.7282,846,1/10/26,0.02,43.1
STA_MAR,-77.0414,42.7282,846,1/11/26,0.11,37.4
STA_MAR,-77.0414,42.7282,846,1/12/26,0,30.9
STA_MAR,-77.0414,42.7282,846,1/13/26,0,33.3
STA_MAR,-77.0414,42.7282,846,1/14/26,0,39
STA_MAR,-77.0414,42.7282,846,1/15/26,0.32,34.5
STA_MAR,-77.0414,42.7282,846,1/16/26,0.02,17.1
STA_MAR,-77.0414,42.7282,846,1/17/26,0,23.5
STA_MAR,-77.0414,42.7282,846,1/18/26,0,31.1
STA_MAR,-77.0414,42.7282,846,1/19/26,0,20.8
STA_MAR,-77.0414,42.7282,846,1/20/26,0,18.7
STA_MAR,-77.0414,42.7282,846,1/21/26,0,12.6
STA_MAR,-77.0414,42.7282,846,1/22/26,0.1,22.4
STA_MAR,-77.0414,42.7282,846,1/23/26,0,24.9
STA_MAR,-77.0414,42.7282,846,1/24/26,0,8.2
STA_MAR,-77.0414,42.7282,846,1/25/26,0,5.3
STA_MAR,-77.0414,42.7282,846,1/26/26,0.53,8.1
STA_MAR,-77.0414,42.7282,846,1/27/26,0,11.2
STA_MAR,-77.0414,42.7282,846,1/28/26,0,11.6
STA_MAR,-77.0414,42.7282,846,1/29/26,0,11.8
STA_MAR,-77.0414,42.7282,846,1/30/26,0,9.3
STA_MAR,-77.0414,42.7282,846,1/31/26,0,5.8
STA_MAR,-77.0414,42.7282,846,2/1/26,0,9.7
STA_MAR,-77.0414,42.7282,846,2/2/26,0.02,11.6
STA_MAR,-77.0414,42.7282,846,2/3/26,0,15
STA_MAR,-77.0414,42.7282,846,2/4/26,0.01,20.7
STA_MAR,-77.0414,42.7282,846,2/5/26,0,16.7
STA_MAR,-77.0414,42.7282,846,2/6/26,0,16.5
STA_MAR,-77.0414,42.7282,846,2/7/26,0.05,13.9
STA_MAR,-77.0414,42.7282,846,2/8/26,0.02,1.7
STA_MAR,-77.0414,42.7282,846,2/9/26,0,3
STA_MAR,-77.0414,42.7282,846,2/10/26,0,11.8
STA_MAR,-77.0414,42.7282,846,2/11/26,0.07,31.2
STA_MAR,-77.0414,42.7282,846,2/12/26,0.05,27.3
STA_MAR,-77.0414,42.7282,846,2/13/26,0,18.2
STA_MAR,-77.0414,42.7282,846,2/14/26,0,21.7
STA_MAR,-77.0414,42.7282,846,2/15/26,0,29.7
STA_MAR,-77.0414,42.7282,846,2/16/26,0,31.1
STA_MAR,-77.0414,42.7282,846,2/17/26,0,39.2
STA_MAR,-77.0414,42.7282,846,2/18/26,0,37.9
STA_MAR,-77.0414,42.7282,846,2/19/26,0.51,32.6
STA_MAR,-77.0414,42.7282,846,2/20/26,0.09,36
STA_MAR,-77.0414,42.7282,846,2/21/26,0.24,39.3
STA_MAR,-77.0414,42.7282,846,2/22/26,0,32.1
STA_MAR,-77.0414,42.7282,846,2/23/26,0.14,32.1
STA_MAR,-77.0414,42.7282,846,2/24/26,0,22.3
STA_MAR,-77.0414,42.7282,846,2/25/26,0.12,21.5
STA_MAR,-77.0414,42.7282,846,2/26/26,0.02,33.9
STA_MAR,-77.0414,42.7282,846,2/27/26,0,24.5
STA_MAR,-77.0414,42.7282,846,2/28/26,0,35.9
STA_MAR,-77.0414,42.7282,846,3/1/26,0.03,36.9
STA_MAR,-77.0414,42.7282,846,3/2/26,0,18.1
STA_MAR,-77.0414,42.7282,846,3/3/26,0,20.3
STA_MAR,-77.0414,42.7282,846,3/4/26,0.02,31.9
STA_MAR,-77.0414,42.7282,846,3/5/26,0,39.7
STA_MAR,-77.0414,42.7282,846,3/6/26,0.61,36.2
STA_MAR,-77.0414,42.7282,846,3/7/26,0,41.4
STA_MAR,-77.0414,42.7282,846,3/8/26,0.25,55.6
STA_MAR,-77.0414,42.7282,846,3/9/26,0,50
STA_MAR,-77.0414,42.7282,846,3/10/26,0,58.2
STA_MAR,-77.0414,42.7282,846,3/11/26,0.05,55.6
STA_MAR,-77.0414,42.7282,846,3/12/26,0.43,51.9
STA_MAR,-77.0414,42.7282,846,3/13/26,0,29.7
STA_MAR,-77.0414,42.7282,846,3/14/26,0.06,33
STA_MAR,-77.0414,42.7282,846,3/15/26,0,30.2
STA_MAR,-77.0414,42.7282,846,3/16/26,0,42.7
STA_MAR,-77.0414,42.7282,846,3/17/26,0.58,43.1
STA_MAR,-77.0414,42.7282,846,3/18/26,0,20.2
STA_MAR,-77.0414,42.7282,846,3/19/26,0,26
STA_MAR,-77.0414,42.7282,846,3/20/26,0,37.6
STA_MAR,-77.0414,42.7282,846,3/21/26,0.32,40.1
STA_MAR,-77.0414,42.7282,846,3/22/26,0,39.8
STA_MAR,-77.0414,42.7282,846,3/23/26,0.2,40.5
STA_MAR,-77.0414,42.7282,846,3/24/26,0,30.3
STA_MAR,-77.0414,42.7282,846,3/25/26,0,35.7
STA_MAR,-77.0414,42.7282,846,3/26/26,0,43.4
STA_MAR,-77.0414,42.7282,846,3/27/26,0.82,47.9
STA_MAR,-77.0414,42.7282,846,3/28/26,0,25.5
STA_MAR,-77.0414,42.7282,846,3/29/26,0,28.8
STA_MAR,-77.0414,42.7282,846,3/30/26,0,43.2
STA_MAR,-77.0414,42.7282,846,3/31/26,0.32,57.7
STA_MAR,-77.0414,42.7282,846,4/1/26,1.34,56.2
STA_MAR,-77.0414,42.7282,846,4/2/26,0.21,38.2
STA_MAR,-77.0414,42.7282,846,4/3/26,0.03,43.4
STA_MAR,-77.0414,42.7282,846,4/4/26,0,56.1
STA_MAR,-77.0414,42.7282,846,4/5/26,0.49,54.8
STA_MAR,-77.0414,42.7282,846,4/6/26,0.01,41
STA_MAR,-77.0414,42.7282,846,4/7/26,0,35.3
STA_MAR,-77.0414,42.7282,846,4/8/26,0,26.2
STA_MAR,-77.0414,42.7282,846,4/9/26,0,39.4
STA_MAR,-77.0414,42.7282,846,4/10/26,0,55.5
STA_MAR,-77.0414,42.7282,846,4/11/26,0.14,55.1
STA_MAR,-77.0414,42.7282,846,4/12/26,0,40.7
STA_MAR,-77.0414,42.7282,846,4/13/26,0,51.3
STA_MAR,-77.0414,42.7282,846,4/14/26,0.02,63.2
STA_MAR,-77.0414,42.7282,846,4/15/26,0.05,63.1
STA_MAR,-77.0414,42.7282,846,4/16/26,0.36,67.3
STA_MAR,-77.0414,42.7282,846,4/17/26,0.41,67.6
STA_MAR,-77.0414,42.7282,846,4/18/26,0,55.1
STA_MAR,-77.0414,42.7282,846,4/19/26,0.49,53.9
STA_MAR,-77.0414,42.7282,846,4/20/26,0.07,35.9
STA_MAR,-77.0414,42.7282,846,4/21/26,0,31.9
STA_MAR,-77.0414,42.7282,846,4/22/26,0,43.4
STA_MAR,-77.0414,42.7282,846,4/23/26,0,55.8
STA_MAR,-77.0414,42.7282,846,4/24/26,0,53.2
STA_MAR,-77.0414,42.7282,846,4/25/26,0.13,49.1
STA_MAR,-77.0414,42.7282,846,4/26/26,0.59,42.2
STA_MAR,-77.0414,42.7282,846,4/27/26,0,48.4
STA_MAR,-77.0414,42.7282,846,4/28/26,0,58.6
STA_MAR,-77.0414,42.7282,846,4/29/26,0,56
STA_MAR,-77.0414,42.7282,846,4/30/26,0.93,51
STA_MAR,-77.0414,42.7282,846,5/1/26,0,44
STA_MAR,-77.0414,42.7282,846,5/2/26,0.21,42.9
STA_MAR,-77.0414,42.7282,846,5/3/26,0,41.3
STA_MAR,-77.0414,42.7282,846,5/4/26,0,49.2
STA_MAR,-77.0414,42.7282,846,5/5/26,0.06,63.3
STA_MAR,-77.0414,42.7282,846,5/6/26,0.64,57.7
STA_MAR,-77.0414,42.7282,846,5/7/26,0.15,40.8
STA_MAR,-77.0414,42.7282,846,5/8/26,0,45.3
STA_MAR,-77.0414,42.7282,846,5/9/26,0.08,47.6
STA_MAR,-77.0414,42.7282,846,5/10/26,0.18,55.7
STA_MAR,-77.0414,42.7282,846,5/11/26,0,47.4
STA_MAR,-77.0414,42.7282,846,5/12/26,0,44.4
STA_MAR,-77.0414,42.7282,846,5/13/26,0.2,51.7
STA_MAR,-77.0414,42.7282,846,5/14/26,0.18,57
STA_MAR,-77.0414,42.7282,846,5/15/26,0.04,45.4
STA_MAR,-77.0414,42.7282,846,5/16/26,0,55.9
STA_MAR,-77.0414,42.7282,846,5/17/26,0.1,68.4
STA_MAR,-77.0414,42.7282,846,5/18/26,0,72.3
STA_MAR,-77.0414,42.7282,846,5/19/26,0,77.7
STA_MAR,-77.0414,42.7282,846,5/20/26,0,75.4
STA_MAR,-77.0414,42.7282,846,5/21/26,0,55.7
STA_MAR,-77.0414,42.7282,846,5/22/26,0,48.2
STA_MAR,-77.0414,42.7282,846,5/23/26,0,56.2
STA_MAR,-77.0414,42.7282,846,5/24/26,1.24,49.1
STA_MAR,-77.0414,42.7282,846,5/25/26,0.6,56.7
STA_MAR,-77.0414,42.7282,846,5/26/26,0,62
STA_MAR,-77.0414,42.7282,846,5/27/26,0,71.2
STA_MAR,-77.0414,42.7282,846,5/28/26,0,65.7
STA_MAR,-77.0414,42.7282,846,5/29/26,0,58.1
STA_MAR,-77.0414,42.7282,846,5/30/26,0,60.6
STA_MAR,-77.0414,42.7282,846,5/31/26,0,54.5
STA_MAR,-77.0414,42.7282,846,6/1/26,0,59.2
STA_MAR,-77.0414,42.7282,846,6/2/26,0,55.7
STA_MAR,-77.0414,42.7282,846,6/3/26,0,61.6
STA_MAR,-77.0414,42.7282,846,6/4/26,0,65.7
STA_MAR,-77.0414,42.7282,846,6/5/26,0,70.1
STA_MAR,-77.0414,42.7282,846,6/6/26,0.02,75.5
STA_MAR,-77.0414,42.7282,846,6/7/26,0.12,71.8
STA_MAR,-77.0414,42.7282,846,6/8/26,0,63.4
STA_MAR,-77.0414,42.7282,846,6/9/26,0,69.5
STA_MAR,-77.0414,42.7282,846,6/10/26,0.71,77.3
STA_MAR,-77.0414,42.7282,846,6/11/26,0.06,75.9
STA_MAR,-77.0414,42.7282,846,6/12/26,0.23,79.5
STA_MAR,-77.0414,42.7282,846,6/13/26,0,71.8
STA_MAR,-77.0414,42.7282,846,6/14/26,0,73
STA_MAR,-77.0414,42.7282,846,6/15/26,0.54,63.6
STA_MAR,-77.0414,42.7282,846,6/16/26,0,57.4
STA_MAR,-77.0414,42.7282,846,6/17/26,0,66.6
STA_MAR,-77.0414,42.7282,846,6/18/26,0.15,69
STA_MAR,-77.0414,42.7282,846,6/19/26,0.28,69.1
STA_MAR,-77.0414,42.7282,846,6/20/26,0.04,66.1
STA_MAR,-77.0414,42.7282,846,6/21/26,0,64.2
STA_MAR,-77.0414,42.7282,846,6/22/26,0.03,66.8
STA_MAR,-77.0414,42.7282,846,6/23/26,0.74,59.1
STA_MAR,-77.0414,42.7282,846,6/24/26,0,64.4
STA_MAR,-77.0414,42.7282,846,6/25/26,0,66.5
STA_MAR,-77.0414,42.7282,846,6/26/26,0.35,63.1
STA_MAR,-77.0414,42.7282,846,6/27/26,0,67.6
STA_MAR,-77.0414,42.7282,846,6/28/26,0,69
STA_MAR,-77.0414,42.7282,846,6/29/26,0,71.8
STA_MAR,-77.0414,42.7282,846,6/30/26,0,76.2
,,,,,,
STA_REE_1,-76.7792,43.1297,456,1/1/26,0.04,19.9
STA_REE_1,-76.7792,43.1297,456,1/2/26,0.02,14.2
STA_REE_1,-76.7792,43.1297,456,1/3/26,0.02,21.4
STA_REE_1,-76.7792,43.1297,456,1/4/26,0.05,22.5
STA_REE_1,-76.7792,43.1297,456,1/5/26,0,23.1
STA_REE_1,-76.7792,43.1297,456,1/6/26,0.1,26
STA_REE_1,-76.7792,43.1297,456,1/7/26,0.7,31.3
STA_REE_1,-76.7792,43.1297,456,1/8/26,0,33.8
STA_REE_1,-76.7792,43.1297,456,1/9/26,0,39.8
STA_REE_1,-76.7792,43.1297,456,1/10/26,0.14,43.4
STA_REE_1,-76.7792,43.1297,456,1/11/26,0.37,36.7
STA_REE_1,-76.7792,43.1297,456,1/12/26,0,30.4
STA_REE_1,-76.7792,43.1297,456,1/13/26,0,32.1
STA_REE_1,-76.7792,43.1297,456,1/14/26,0,39.6
STA_REE_1,-76.7792,43.1297,456,1/15/26,0.49,34.5
STA_REE_1,-76.7792,43.1297,456,1/16/26,0.11,17.2
STA_REE_1,-76.7792,43.1297,456,1/17/26,0.02,23.1
STA_REE_1,-76.7792,43.1297,456,1/18/26,0,30.8
STA_REE_1,-76.7792,43.1297,456,1/19/26,0,19.2
STA_REE_1,-76.7792,43.1297,456,1/20/26,0,18.8
STA_REE_1,-76.7792,43.1297,456,1/21/26,0,12.7
STA_REE_1,-76.7792,43.1297,456,1/22/26,0.04,22.5
STA_REE_1,-76.7792,43.1297,456,1/23/26,0,24.5
STA_REE_1,-76.7792,43.1297,456,1/24/26,0.03,8.3
STA_REE_1,-76.7792,43.1297,456,1/25/26,0,3.5
STA_REE_1,-76.7792,43.1297,456,1/26/26,0.85,8.3
STA_REE_1,-76.7792,43.1297,456,1/27/26,0.09,11.3
STA_REE_1,-76.7792,43.1297,456,1/28/26,0.16,11.4
STA_REE_1,-76.7792,43.1297,456,1/29/26,0,12.6
STA_REE_1,-76.7792,43.1297,456,1/30/26,0.04,10.1
STA_REE_1,-76.7792,43.1297,456,1/31/26,0,7.4
STA_REE_1,-76.7792,43.1297,456,2/1/26,0.01,10.6
STA_REE_1,-76.7792,43.1297,456,2/2/26,0,8.1
STA_REE_1,-76.7792,43.1297,456,2/3/26,0,12.4
STA_REE_1,-76.7792,43.1297,456,2/4/26,0,20.7
STA_REE_1,-76.7792,43.1297,456,2/5/26,0,18.8
STA_REE_1,-76.7792,43.1297,456,2/6/26,0,13.8
STA_REE_1,-76.7792,43.1297,456,2/7/26,0.18,14
STA_REE_1,-76.7792,43.1297,456,2/8/26,0.01,-0.3
STA_REE_1,-76.7792,43.1297,456,2/9/26,0.07,1.4
STA_REE_1,-76.7792,43.1297,456,2/10/26,0,9.3
STA_REE_1,-76.7792,43.1297,456,2/11/26,0.1,26.2
STA_REE_1,-76.7792,43.1297,456,2/12/26,0.03,27
STA_REE_1,-76.7792,43.1297,456,2/13/26,0,17.8
STA_REE_1,-76.7792,43.1297,456,2/14/26,0,20.3
STA_REE_1,-76.7792,43.1297,456,2/15/26,0,30.3
STA_REE_1,-76.7792,43.1297,456,2/16/26,0,31
STA_REE_1,-76.7792,43.1297,456,2/17/26,0,35.5
STA_REE_1,-76.7792,43.1297,456,2/18/26,0,37.1
STA_REE_1,-76.7792,43.1297,456,2/19/26,0.65,32.7
STA_REE_1,-76.7792,43.1297,456,2/20/26,0.07,34.3
STA_REE_1,-76.7792,43.1297,456,2/21/26,0.47,36
STA_REE_1,-76.7792,43.1297,456,2/22/26,0,29.9
STA_REE_1,-76.7792,43.1297,456,2/23/26,0.13,30.9
STA_REE_1,-76.7792,43.1297,456,2/24/26,0,22.5
STA_REE_1,-76.7792,43.1297,456,2/25/26,0.27,19.6
STA_REE_1,-76.7792,43.1297,456,2/26/26,0.03,32.2
STA_REE_1,-76.7792,43.1297,456,2/27/26,0,19
STA_REE_1,-76.7792,43.1297,456,2/28/26,0,28.4
STA_REE_1,-76.7792,43.1297,456,3/1/26,0.05,35.3
STA_REE_1,-76.7792,43.1297,456,3/2/26,0,14.8
STA_REE_1,-76.7792,43.1297,456,3/3/26,0,17.5
STA_REE_1,-76.7792,43.1297,456,3/4/26,0.03,30.2
STA_REE_1,-76.7792,43.1297,456,3/5/26,0,36.3
STA_REE_1,-76.7792,43.1297,456,3/6/26,0.5,34.6
STA_REE_1,-76.7792,43.1297,456,3/7/26,0.02,39.5
STA_REE_1,-76.7792,43.1297,456,3/8/26,0.32,53.1
STA_REE_1,-76.7792,43.1297,456,3/9/26,0,46.7
STA_REE_1,-76.7792,43.1297,456,3/10/26,0,57.1
STA_REE_1,-76.7792,43.1297,456,3/11/26,0.11,53.5
STA_REE_1,-76.7792,43.1297,456,3/12/26,0.62,50.5
STA_REE_1,-76.7792,43.1297,456,3/13/26,0,28.9
STA_REE_1,-76.7792,43.1297,456,3/14/26,0.04,31
STA_REE_1,-76.7792,43.1297,456,3/15/26,0,29.3
STA_REE_1,-76.7792,43.1297,456,3/16/26,0,41
STA_REE_1,-76.7792,43.1297,456,3/17/26,0.69,41.8
STA_REE_1,-76.7792,43.1297,456,3/18/26,0,20.7
STA_REE_1,-76.7792,43.1297,456,3/19/26,0,24.6
STA_REE_1,-76.7792,43.1297,456,3/20/26,0,36
STA_REE_1,-76.7792,43.1297,456,3/21/26,0.37,37.8
STA_REE_1,-76.7792,43.1297,456,3/22/26,0,37.5
STA_REE_1,-76.7792,43.1297,456,3/23/26,0.45,38.3
STA_REE_1,-76.7792,43.1297,456,3/24/26,0,29.9
STA_REE_1,-76.7792,43.1297,456,3/25/26,0,33.9
STA_REE_1,-76.7792,43.1297,456,3/26/26,0,40.6
STA_REE_1,-76.7792,43.1297,456,3/27/26,0.61,46.2
STA_REE_1,-76.7792,43.1297,456,3/28/26,0,23.5
STA_REE_1,-76.7792,43.1297,456,3/29/26,0,28.9
STA_REE_1,-76.7792,43.1297,456,3/30/26,0,43.1
STA_REE_1,-76.7792,43.1297,456,3/31/26,0.36,56.8
STA_REE_1,-76.7792,43.1297,456,4/1/26,1.01,52.2
STA_REE_1,-76.7792,43.1297,456,4/2/26,0,37.4
STA_REE_1,-76.7792,43.1297,456,4/3/26,0.05,43.2
STA_REE_1,-76.7792,43.1297,456,4/4/26,0,56.5
STA_REE_1,-76.7792,43.1297,456,4/5/26,0.81,53.2
STA_REE_1,-76.7792,43.1297,456,4/6/26,0.03,41.4
STA_REE_1,-76.7792,43.1297,456,4/7/26,0.03,35.4
STA_REE_1,-76.7792,43.1297,456,4/8/26,0,25.1
STA_REE_1,-76.7792,43.1297,456,4/9/26,0,38.5
STA_REE_1,-76.7792,43.1297,456,4/10/26,0.03,54.8
STA_REE_1,-76.7792,43.1297,456,4/11/26,0.11,52.5
STA_REE_1,-76.7792,43.1297,456,4/12/26,0,38.5
STA_REE_1,-76.7792,43.1297,456,4/13/26,0,48.6
STA_REE_1,-76.7792,43.1297,456,4/14/26,0.03,61.5
STA_REE_1,-76.7792,43.1297,456,4/15/26,0.25,62.8
STA_REE_1,-76.7792,43.1297,456,4/16/26,0.35,63.9
STA_REE_1,-76.7792,43.1297,456,4/17/26,0.77,64.6
STA_REE_1,-76.7792,43.1297,456,4/18/26,0,52
STA_REE_1,-76.7792,43.1297,456,4/19/26,0.37,54.7
STA_REE_1,-76.7792,43.1297,456,4/20/26,0.04,37.4
STA_REE_1,-76.7792,43.1297,456,4/21/26,0,32.4
STA_REE_1,-76.7792,43.1297,456,4/22/26,0,42.1
STA_REE_1,-76.7792,43.1297,456,4/23/26,0,53.3
STA_REE_1,-76.7792,43.1297,456,4/24/26,0,52.5
STA_REE_1,-76.7792,43.1297,456,4/25/26,0,46.8
STA_REE_1,-76.7792,43.1297,456,4/26/26,0.62,40.4
STA_REE_1,-76.7792,43.1297,456,4/27/26,0,47.8
STA_REE_1,-76.7792,43.1297,456,4/28/26,0,57.3
STA_REE_1,-76.7792,43.1297,456,4/29/26,0,58
STA_REE_1,-76.7792,43.1297,456,4/30/26,1.19,51
STA_REE_1,-76.7792,43.1297,456,5/1/26,0,43
STA_REE_1,-76.7792,43.1297,456,5/2/26,0,44
STA_REE_1,-76.7792,43.1297,456,5/3/26,0,41
STA_REE_1,-76.7792,43.1297,456,5/4/26,0,48.7
STA_REE_1,-76.7792,43.1297,456,5/5/26,0,63.4
STA_REE_1,-76.7792,43.1297,456,5/6/26,1.07,58.1
STA_REE_1,-76.7792,43.1297,456,5/7/26,0.05,40.9
STA_REE_1,-76.7792,43.1297,456,5/8/26,0.02,45.4
STA_REE_1,-76.7792,43.1297,456,5/9/26,0.01,46.8
STA_REE_1,-76.7792,43.1297,456,5/10/26,0.17,55.5
STA_REE_1,-76.7792,43.1297,456,5/11/26,0,45.4
STA_REE_1,-76.7792,43.1297,456,5/12/26,0,43.3
STA_REE_1,-76.7792,43.1297,456,5/13/26,0.28,50
STA_REE_1,-76.7792,43.1297,456,5/14/26,0.39,57.6
STA_REE_1,-76.7792,43.1297,456,5/15/26,0,45
STA_REE_1,-76.7792,43.1297,456,5/16/26,0,54.9
STA_REE_1,-76.7792,43.1297,456,5/17/26,0.26,66.7
STA_REE_1,-76.7792,43.1297,456,5/18/26,0,70
STA_REE_1,-76.7792,43.1297,456,5/19/26,0,79.2
STA_REE_1,-76.7792,43.1297,456,5/20/26,0,73.5
STA_REE_1,-76.7792,43.1297,456,5/21/26,0,54.7
STA_REE_1,-76.7792,43.1297,456,5/22/26,0,46.9
STA_REE_1,-76.7792,43.1297,456,5/23/26,0,54.9
STA_REE_1,-76.7792,43.1297,456,5/24/26,1.7,52.3
STA_REE_1,-76.7792,43.1297,456,5/25/26,0.42,56.2
STA_REE_1,-76.7792,43.1297,456,5/26/26,0,61
STA_REE_1,-76.7792,43.1297,456,5/27/26,0,70.4
STA_REE_1,-76.7792,43.1297,456,5/28/26,0,63.1
STA_REE_1,-76.7792,43.1297,456,5/29/26,0,58
STA_REE_1,-76.7792,43.1297,456,5/30/26,0,60.5
STA_REE_1,-76.7792,43.1297,456,5/31/26,0,54.7
STA_REE_1,-76.7792,43.1297,456,6/1/26,0,58.6
STA_REE_1,-76.7792,43.1297,456,6/2/26,0,55
STA_REE_1,-76.7792,43.1297,456,6/3/26,0,60.6
STA_REE_1,-76.7792,43.1297,456,6/4/26,0,64.7
STA_REE_1,-76.7792,43.1297,456,6/5/26,0,68.1
STA_REE_1,-76.7792,43.1297,456,6/6/26,0.14,73.8
STA_REE_1,-76.7792,43.1297,456,6/7/26,0.19,71.9
STA_REE_1,-76.7792,43.1297,456,6/8/26,0,61.4
STA_REE_1,-76.7792,43.1297,456,6/9/26,0,69.5
STA_REE_1,-76.7792,43.1297,456,6/10/26,0.29,77.2
STA_REE_1,-76.7792,43.1297,456,6/11/26,1.59,75.8
STA_REE_1,-76.7792,43.1297,456,6/12/26,0.22,79.5
STA_REE_1,-76.7792,43.1297,456,6/13/26,0,71
STA_REE_1,-76.7792,43.1297,456,6/14/26,0,72.5
STA_REE_1,-76.7792,43.1297,456,6/15/26,0.5,63.2
STA_REE_1,-76.7792,43.1297,456,6/16/26,0,57.1
STA_REE_1,-76.7792,43.1297,456,6/17/26,0,66.7
STA_REE_1,-76.7792,43.1297,456,6/18/26,0.44,68.5
STA_REE_1,-76.7792,43.1297,456,6/19/26,0.23,69.3
STA_REE_1,-76.7792,43.1297,456,6/20/26,0.16,66.6
STA_REE_1,-76.7792,43.1297,456,6/21/26,0,63.4
STA_REE_1,-76.7792,43.1297,456,6/22/26,0,65.2
STA_REE_1,-76.7792,43.1297,456,6/23/26,0.52,59.8
STA_REE_1,-76.7792,43.1297,456,6/24/26,0,63.2
STA_REE_1,-76.7792,43.1297,456,6/25/26,0,66.7
STA_REE_1,-76.7792,43.1297,456,6/26/26,0.22,64
STA_REE_1,-76.7792,43.1297,456,6/27/26,0,65.1
STA_REE_1,-76.7792,43.1297,456,6/28/26,0,67.7
STA_REE_1,-76.7792,43.1297,456,6/29/26,0,69.8
STA_REE_1,-76.7792,43.1297,456,6/30/26,0,75
,,,,,,
STA_REE_2,-76.7868,43.097,390,1/1/26,0.04,20
STA_REE_2,-76.7868,43.097,390,1/2/26,0,14.4
STA_REE_2,-76.7868,43.097,390,1/3/26,0,21.3
STA_REE_2,-76.7868,43.097,390,1/4/26,0.05,22.7
STA_REE_2,-76.7868,43.097,390,1/5/26,0,23.2
STA_REE_2,-76.7868,43.097,390,1/6/26,0.09,26.2
STA_REE_2,-76.7868,43.097,390,1/7/26,0.79,31.5
STA_REE_2,-76.7868,43.097,390,1/8/26,0,34
STA_REE_2,-76.7868,43.097,390,1/9/26,0,39.9
STA_REE_2,-76.7868,43.097,390,1/10/26,0.1,43.4
STA_REE_2,-76.7868,43.097,390,1/11/26,0.37,36.7
STA_REE_2,-76.7868,43.097,390,1/12/26,0,30.3
STA_REE_2,-76.7868,43.097,390,1/13/26,0,32.1
STA_REE_2,-76.7868,43.097,390,1/14/26,0,39.5
STA_REE_2,-76.7868,43.097,390,1/15/26,0.48,34.7
STA_REE_2,-76.7868,43.097,390,1/16/26,0.04,17.4
STA_REE_2,-76.7868,43.097,390,1/17/26,0,23.2
STA_REE_2,-76.7868,43.097,390,1/18/26,0,30.9
STA_REE_2,-76.7868,43.097,390,1/19/26,0,19.5
STA_REE_2,-76.7868,43.097,390,1/20/26,0,19
STA_REE_2,-76.7868,43.097,390,1/21/26,0,12.6
STA_REE_2,-76.7868,43.097,390,1/22/26,0.06,22.6
STA_REE_2,-76.7868,43.097,390,1/23/26,0,24.6
STA_REE_2,-76.7868,43.097,390,1/24/26,0.02,8.1
STA_REE_2,-76.7868,43.097,390,1/25/26,0,3.5
STA_REE_2,-76.7868,43.097,390,1/26/26,0.85,8.3
STA_REE_2,-76.7868,43.097,390,1/27/26,0.05,11.3
STA_REE_2,-76.7868,43.097,390,1/28/26,0.11,11.2
STA_REE_2,-76.7868,43.097,390,1/29/26,0,12.4
STA_REE_2,-76.7868,43.097,390,1/30/26,0.04,10.1
STA_REE_2,-76.7868,43.097,390,1/31/26,0.01,7.4
STA_REE_2,-76.7868,43.097,390,2/1/26,0.01,10.4
STA_REE_2,-76.7868,43.097,390,2/2/26,0,7.7
STA_REE_2,-76.7868,43.097,390,2/3/26,0,12.1
STA_REE_2,-76.7868,43.097,390,2/4/26,0,20.6
STA_REE_2,-76.7868,43.097,390,2/5/26,0,18.4
STA_REE_2,-76.7868,43.097,390,2/6/26,0,13.6
STA_REE_2,-76.7868,43.097,390,2/7/26,0.18,13.9
STA_REE_2,-76.7868,43.097,390,2/8/26,0,-1.1
STA_REE_2,-76.7868,43.097,390,2/9/26,0.06,0.6
STA_REE_2,-76.7868,43.097,390,2/10/26,0,8.9
STA_REE_2,-76.7868,43.097,390,2/11/26,0.11,25.9
STA_REE_2,-76.7868,43.097,390,2/12/26,0.01,26.8
STA_REE_2,-76.7868,43.097,390,2/13/26,0,17.6
STA_REE_2,-76.7868,43.097,390,2/14/26,0,20.1
STA_REE_2,-76.7868,43.097,390,2/15/26,0,30.4
STA_REE_2,-76.7868,43.097,390,2/16/26,0,31.1
STA_REE_2,-76.7868,43.097,390,2/17/26,0,35.9
STA_REE_2,-76.7868,43.097,390,2/18/26,0,37.1
STA_REE_2,-76.7868,43.097,390,2/19/26,0.64,32.9
STA_REE_2,-76.7868,43.097,390,2/20/26,0.08,34.4
STA_REE_2,-76.7868,43.097,390,2/21/26,0.48,35.9
STA_REE_2,-76.7868,43.097,390,2/22/26,0,30
STA_REE_2,-76.7868,43.097,390,2/23/26,0.14,30.9
STA_REE_2,-76.7868,43.097,390,2/24/26,0,22.4
STA_REE_2,-76.7868,43.097,390,2/25/26,0.27,19.3
STA_REE_2,-76.7868,43.097,390,2/26/26,0.03,32.3
STA_REE_2,-76.7868,43.097,390,2/27/26,0,19
STA_REE_2,-76.7868,43.097,390,2/28/26,0,28.6
STA_REE_2,-76.7868,43.097,390,3/1/26,0.06,35.2
STA_REE_2,-76.7868,43.097,390,3/2/26,0,15
STA_REE_2,-76.7868,43.097,390,3/3/26,0,17.6
STA_REE_2,-76.7868,43.097,390,3/4/26,0.02,30.3
STA_REE_2,-76.7868,43.097,390,3/5/26,0,36.4
STA_REE_2,-76.7868,43.097,390,3/6/26,0.49,34.6
STA_REE_2,-76.7868,43.097,390,3/7/26,0.02,39.5
STA_REE_2,-76.7868,43.097,390,3/8/26,0.29,52.9
STA_REE_2,-76.7868,43.097,390,3/9/26,0,46.8
STA_REE_2,-76.7868,43.097,390,3/10/26,0,57.2
STA_REE_2,-76.7868,43.097,390,3/11/26,0.11,53.6
STA_REE_2,-76.7868,43.097,390,3/12/26,0.64,50.4
STA_REE_2,-76.7868,43.097,390,3/13/26,0,28.8
STA_REE_2,-76.7868,43.097,390,3/14/26,0.03,30.8
STA_REE_2,-76.7868,43.097,390,3/15/26,0,29.1
STA_REE_2,-76.7868,43.097,390,3/16/26,0,40.9
STA_REE_2,-76.7868,43.097,390,3/17/26,0.71,41.7
STA_REE_2,-76.7868,43.097,390,3/18/26,0,20.4
STA_REE_2,-76.7868,43.097,390,3/19/26,0,24.4
STA_REE_2,-76.7868,43.097,390,3/20/26,0,35.8
STA_REE_2,-76.7868,43.097,390,3/21/26,0.37,37.8
STA_REE_2,-76.7868,43.097,390,3/22/26,0,37.4
STA_REE_2,-76.7868,43.097,390,3/23/26,0.45,38.2
STA_REE_2,-76.7868,43.097,390,3/24/26,0,29.8
STA_REE_2,-76.7868,43.097,390,3/25/26,0,33.9
STA_REE_2,-76.7868,43.097,390,3/26/26,0,40.5
STA_REE_2,-76.7868,43.097,390,3/27/26,0.56,46.2
STA_REE_2,-76.7868,43.097,390,3/28/26,0,23.5
STA_REE_2,-76.7868,43.097,390,3/29/26,0,28.8
STA_REE_2,-76.7868,43.097,390,3/30/26,0,42.9
STA_REE_2,-76.7868,43.097,390,3/31/26,0.35,56.7
STA_REE_2,-76.7868,43.097,390,4/1/26,0.94,52.4
STA_REE_2,-76.7868,43.097,390,4/2/26,0,37.4
STA_REE_2,-76.7868,43.097,390,4/3/26,0.05,43.1
STA_REE_2,-76.7868,43.097,390,4/4/26,0,56.3
STA_REE_2,-76.7868,43.097,390,4/5/26,0.78,53.2
STA_REE_2,-76.7868,43.097,390,4/6/26,0.02,41.4
STA_REE_2,-76.7868,43.097,390,4/7/26,0.03,35.4
STA_REE_2,-76.7868,43.097,390,4/8/26,0,25.2
STA_REE_2,-76.7868,43.097,390,4/9/26,0,38.5
STA_REE_2,-76.7868,43.097,390,4/10/26,0.02,54.6
STA_REE_2,-76.7868,43.097,390,4/11/26,0.13,52.7
STA_REE_2,-76.7868,43.097,390,4/12/26,0,38.6
STA_REE_2,-76.7868,43.097,390,4/13/26,0.01,48.6
STA_REE_2,-76.7868,43.097,390,4/14/26,0.04,61.5
STA_REE_2,-76.7868,43.097,390,4/15/26,0.23,62.9
STA_REE_2,-76.7868,43.097,390,4/16/26,0.38,64
STA_REE_2,-76.7868,43.097,390,4/17/26,0.74,64.9
STA_REE_2,-76.7868,43.097,390,4/18/26,0,52
STA_REE_2,-76.7868,43.097,390,4/19/26,0.37,54.6
STA_REE_2,-76.7868,43.097,390,4/20/26,0.05,37.4
STA_REE_2,-76.7868,43.097,390,4/21/26,0,32.4
STA_REE_2,-76.7868,43.097,390,4/22/26,0.02,42.1
STA_REE_2,-76.7868,43.097,390,4/23/26,0,53.4
STA_REE_2,-76.7868,43.097,390,4/24/26,0,52.6
STA_REE_2,-76.7868,43.097,390,4/25/26,0,47
STA_REE_2,-76.7868,43.097,390,4/26/26,0.65,40.4
STA_REE_2,-76.7868,43.097,390,4/27/26,0,47.7
STA_REE_2,-76.7868,43.097,390,4/28/26,0,57.3
STA_REE_2,-76.7868,43.097,390,4/29/26,0,57.9
STA_REE_2,-76.7868,43.097,390,4/30/26,1.18,50.9
STA_REE_2,-76.7868,43.097,390,5/1/26,0,43
STA_REE_2,-76.7868,43.097,390,5/2/26,0.02,43.9
STA_REE_2,-76.7868,43.097,390,5/3/26,0,41
STA_REE_2,-76.7868,43.097,390,5/4/26,0,48.6
STA_REE_2,-76.7868,43.097,390,5/5/26,0,63.3
STA_REE_2,-76.7868,43.097,390,5/6/26,1.11,58
STA_REE_2,-76.7868,43.097,390,5/7/26,0.08,40.6
STA_REE_2,-76.7868,43.097,390,5/8/26,0.02,45.3
STA_REE_2,-76.7868,43.097,390,5/9/26,0.03,46.8
STA_REE_2,-76.7868,43.097,390,5/10/26,0.22,55.4
STA_REE_2,-76.7868,43.097,390,5/11/26,0,45.5
STA_REE_2,-76.7868,43.097,390,5/12/26,0,43.2
STA_REE_2,-76.7868,43.097,390,5/13/26,0.27,50.1
STA_REE_2,-76.7868,43.097,390,5/14/26,0.34,57.5
STA_REE_2,-76.7868,43.097,390,5/15/26,0,45.1
STA_REE_2,-76.7868,43.097,390,5/16/26,0,54.8
STA_REE_2,-76.7868,43.097,390,5/17/26,0.24,66.6
STA_REE_2,-76.7868,43.097,390,5/18/26,0,70.1
STA_REE_2,-76.7868,43.097,390,5/19/26,0,79
STA_REE_2,-76.7868,43.097,390,5/20/26,0,73.6
STA_REE_2,-76.7868,43.097,390,5/21/26,0,54.7
STA_REE_2,-76.7868,43.097,390,5/22/26,0,46.9
STA_REE_2,-76.7868,43.097,390,5/23/26,0,54.8
STA_REE_2,-76.7868,43.097,390,5/24/26,1.81,52.1
STA_REE_2,-76.7868,43.097,390,5/25/26,0.47,56.2
STA_REE_2,-76.7868,43.097,390,5/26/26,0,61.3
STA_REE_2,-76.7868,43.097,390,5/27/26,0,70.3
STA_REE_2,-76.7868,43.097,390,5/28/26,0,63.2
STA_REE_2,-76.7868,43.097,390,5/29/26,0,57.9
STA_REE_2,-76.7868,43.097,390,5/30/26,0,60.5
STA_REE_2,-76.7868,43.097,390,5/31/26,0,54.5
STA_REE_2,-76.7868,43.097,390,6/1/26,0,58.6
STA_REE_2,-76.7868,43.097,390,6/2/26,0,55
STA_REE_2,-76.7868,43.097,390,6/3/26,0,60.6
STA_REE_2,-76.7868,43.097,390,6/4/26,0,64.6
STA_REE_2,-76.7868,43.097,390,6/5/26,0,68.1
STA_REE_2,-76.7868,43.097,390,6/6/26,0.12,73.7
STA_REE_2,-76.7868,43.097,390,6/7/26,0.15,71.8
STA_REE_2,-76.7868,43.097,390,6/8/26,0,61.3
STA_REE_2,-76.7868,43.097,390,6/9/26,0,69.4
STA_REE_2,-76.7868,43.097,390,6/10/26,0.32,77
STA_REE_2,-76.7868,43.097,390,6/11/26,1.48,75.8
STA_REE_2,-76.7868,43.097,390,6/12/26,0.31,79.4
STA_REE_2,-76.7868,43.097,390,6/13/26,0,70.9
STA_REE_2,-76.7868,43.097,390,6/14/26,0,72.5
STA_REE_2,-76.7868,43.097,390,6/15/26,0.5,63.1
STA_REE_2,-76.7868,43.097,390,6/16/26,0,57
STA_REE_2,-76.7868,43.097,390,6/17/26,0,66.5
STA_REE_2,-76.7868,43.097,390,6/18/26,0.37,68.5
STA_REE_2,-76.7868,43.097,390,6/19/26,0.27,69.3
STA_REE_2,-76.7868,43.097,390,6/20/26,0.07,66.5
STA_REE_2,-76.7868,43.097,390,6/21/26,0,63.3
STA_REE_2,-76.7868,43.097,390,6/22/26,0,65.1
STA_REE_2,-76.7868,43.097,390,6/23/26,0.54,59.7
STA_REE_2,-76.7868,43.097,390,6/24/26,0,63.1
STA_REE_2,-76.7868,43.097,390,6/25/26,0,66.5
STA_REE_2,-76.7868,43.097,390,6/26/26,0.22,63.8
STA_REE_2,-76.7868,43.097,390,6/27/26,0,65
STA_REE_2,-76.7868,43.097,390,6/28/26,0,67.6
STA_REE_2,-76.7868,43.097,390,6/29/26,0,69.9
STA_REE_2,-76.7868,43.097,390,6/30/26,0,74.9
,,,,,,
STA_REE_3,-76.7867,43.113,390,1/1/26,0.04,19.8
STA_REE_3,-76.7867,43.113,390,1/2/26,0,14.2
STA_REE_3,-76.7867,43.113,390,1/3/26,0,21.3
STA_REE_3,-76.7867,43.113,390,1/4/26,0.05,22.5
STA_REE_3,-76.7867,43.113,390,1/5/26,0,22.9
STA_REE_3,-76.7867,43.113,390,1/6/26,0.09,25.8
STA_REE_3,-76.7867,43.113,390,1/7/26,0.75,31.3
STA_REE_3,-76.7867,43.113,390,1/8/26,0,33.7
STA_REE_3,-76.7867,43.113,390,1/9/26,0,39.7
STA_REE_3,-76.7867,43.113,390,1/10/26,0.12,43.2
STA_REE_3,-76.7867,43.113,390,1/11/26,0.37,36.5
STA_REE_3,-76.7867,43.113,390,1/12/26,0,30.3
STA_REE_3,-76.7867,43.113,390,1/13/26,0,32
STA_REE_3,-76.7867,43.113,390,1/14/26,0,39.4
STA_REE_3,-76.7867,43.113,390,1/15/26,0.49,34.6
STA_REE_3,-76.7867,43.113,390,1/16/26,0.07,17.2
STA_REE_3,-76.7867,43.113,390,1/17/26,0,23
STA_REE_3,-76.7867,43.113,390,1/18/26,0,30.7
STA_REE_3,-76.7867,43.113,390,1/19/26,0,19
STA_REE_3,-76.7867,43.113,390,1/20/26,0,18.8
STA_REE_3,-76.7867,43.113,390,1/21/26,0,12.6
STA_REE_3,-76.7867,43.113,390,1/22/26,0.04,22.4
STA_REE_3,-76.7867,43.113,390,1/23/26,0,24.5
STA_REE_3,-76.7867,43.113,390,1/24/26,0.03,8
STA_REE_3,-76.7867,43.113,390,1/25/26,0,3.3
STA_REE_3,-76.7867,43.113,390,1/26/26,0.84,8.2
STA_REE_3,-76.7867,43.113,390,1/27/26,0.08,11.2
STA_REE_3,-76.7867,43.113,390,1/28/26,0.14,11.1
STA_REE_3,-76.7867,43.113,390,1/29/26,0,12.4
STA_REE_3,-76.7867,43.113,390,1/30/26,0.04,10
STA_REE_3,-76.7867,43.113,390,1/31/26,0,7.3
STA_REE_3,-76.7867,43.113,390,2/1/26,0.01,10.4
STA_REE_3,-76.7867,43.113,390,2/2/26,0,7.8
STA_REE_3,-76.7867,43.113,390,2/3/26,0,12.2
STA_REE_3,-76.7867,43.113,390,2/4/26,0,20.5
STA_REE_3,-76.7867,43.113,390,2/5/26,0,18.6
STA_REE_3,-76.7867,43.113,390,2/6/26,0,13.7
STA_REE_3,-76.7867,43.113,390,2/7/26,0.18,13.9
STA_REE_3,-76.7867,43.113,390,2/8/26,0.01,-1
STA_REE_3,-76.7867,43.113,390,2/9/26,0.06,0.5
STA_REE_3,-76.7867,43.113,390,2/10/26,0,8.7
STA_REE_3,-76.7867,43.113,390,2/11/26,0.1,25.7
STA_REE_3,-76.7867,43.113,390,2/12/26,0.02,26.8
STA_REE_3,-76.7867,43.113,390,2/13/26,0,17.6
STA_REE_3,-76.7867,43.113,390,2/14/26,0,20
STA_REE_3,-76.7867,43.113,390,2/15/26,0,30.3
STA_REE_3,-76.7867,43.113,390,2/16/26,0,31.1
STA_REE_3,-76.7867,43.113,390,2/17/26,0,35.7
STA_REE_3,-76.7867,43.113,390,2/18/26,0,37
STA_REE_3,-76.7867,43.113,390,2/19/26,0.65,32.8
STA_REE_3,-76.7867,43.113,390,2/20/26,0.08,34.2
STA_REE_3,-76.7867,43.113,390,2/21/26,0.47,35.8
STA_REE_3,-76.7867,43.113,390,2/22/26,0,29.9
STA_REE_3,-76.7867,43.113,390,2/23/26,0.13,30.8
STA_REE_3,-76.7867,43.113,390,2/24/26,0,22.4
STA_REE_3,-76.7867,43.113,390,2/25/26,0.27,19.3
STA_REE_3,-76.7867,43.113,390,2/26/26,0.03,32.3
STA_REE_3,-76.7867,43.113,390,2/27/26,0,18.9
STA_REE_3,-76.7867,43.113,390,2/28/26,0,28.4
STA_REE_3,-76.7867,43.113,390,3/1/26,0.05,35.2
STA_REE_3,-76.7867,43.113,390,3/2/26,0,14.9
STA_REE_3,-76.7867,43.113,390,3/3/26,0,17.4
STA_REE_3,-76.7867,43.113,390,3/4/26,0.03,30.3
STA_REE_3,-76.7867,43.113,390,3/5/26,0,36.3
STA_REE_3,-76.7867,43.113,390,3/6/26,0.49,34.5
STA_REE_3,-76.7867,43.113,390,3/7/26,0.02,39.3
STA_REE_3,-76.7867,43.113,390,3/8/26,0.3,52.8
STA_REE_3,-76.7867,43.113,390,3/9/26,0,46.7
STA_REE_3,-76.7867,43.113,390,3/10/26,0,57.1
STA_REE_3,-76.7867,43.113,390,3/11/26,0.11,53.5
STA_REE_3,-76.7867,43.113,390,3/12/26,0.63,50.4
STA_REE_3,-76.7867,43.113,390,3/13/26,0,28.8
STA_REE_3,-76.7867,43.113,390,3/14/26,0.03,30.8
STA_REE_3,-76.7867,43.113,390,3/15/26,0,29.1
STA_REE_3,-76.7867,43.113,390,3/16/26,0,40.9
STA_REE_3,-76.7867,43.113,390,3/17/26,0.7,41.7
STA_REE_3,-76.7867,43.113,390,3/18/26,0,20.5
STA_REE_3,-76.7867,43.113,390,3/19/26,0,24.4
STA_REE_3,-76.7867,43.113,390,3/20/26,0,35.8
STA_REE_3,-76.7867,43.113,390,3/21/26,0.37,37.8
STA_REE_3,-76.7867,43.113,390,3/22/26,0,37.4
STA_REE_3,-76.7867,43.113,390,3/23/26,0.45,38.2
STA_REE_3,-76.7867,43.113,390,3/24/26,0,29.8
STA_REE_3,-76.7867,43.113,390,3/25/26,0,33.8
STA_REE_3,-76.7867,43.113,390,3/26/26,0,40.5
STA_REE_3,-76.7867,43.113,390,3/27/26,0.59,46.1
STA_REE_3,-76.7867,43.113,390,3/28/26,0,23.5
STA_REE_3,-76.7867,43.113,390,3/29/26,0,28.8
STA_REE_3,-76.7867,43.113,390,3/30/26,0,42.9
STA_REE_3,-76.7867,43.113,390,3/31/26,0.35,56.7
STA_REE_3,-76.7867,43.113,390,4/1/26,0.95,52.2
STA_REE_3,-76.7867,43.113,390,4/2/26,0,37.4
STA_REE_3,-76.7867,43.113,390,4/3/26,0.05,43.1
STA_REE_3,-76.7867,43.113,390,4/4/26,0,56.5
STA_REE_3,-76.7867,43.113,390,4/5/26,0.79,53.2
STA_REE_3,-76.7867,43.113,390,4/6/26,0.02,41.4
STA_REE_3,-76.7867,43.113,390,4/7/26,0.03,35.4
STA_REE_3,-76.7867,43.113,390,4/8/26,0,25.1
STA_REE_3,-76.7867,43.113,390,4/9/26,0,38.5
STA_REE_3,-76.7867,43.113,390,4/10/26,0.02,54.8
STA_REE_3,-76.7867,43.113,390,4/11/26,0.12,52.6
STA_REE_3,-76.7867,43.113,390,4/12/26,0,38.5
STA_REE_3,-76.7867,43.113,390,4/13/26,0.01,48.6
STA_REE_3,-76.7867,43.113,390,4/14/26,0.04,61.6
STA_REE_3,-76.7867,43.113,390,4/15/26,0.24,62.9
STA_REE_3,-76.7867,43.113,390,4/16/26,0.37,64
STA_REE_3,-76.7867,43.113,390,4/17/26,0.74,64.7
STA_REE_3,-76.7867,43.113,390,4/18/26,0,52
STA_REE_3,-76.7867,43.113,390,4/19/26,0.37,54.7
STA_REE_3,-76.7867,43.113,390,4/20/26,0.04,37.4
STA_REE_3,-76.7867,43.113,390,4/21/26,0,32.4
STA_REE_3,-76.7867,43.113,390,4/22/26,0.01,42.1
STA_REE_3,-76.7867,43.113,390,4/23/26,0,53.3
STA_REE_3,-76.7867,43.113,390,4/24/26,0,52.5
STA_REE_3,-76.7867,43.113,390,4/25/26,0,46.9
STA_REE_3,-76.7867,43.113,390,4/26/26,0.64,40.4
STA_REE_3,-76.7867,43.113,390,4/27/26,0,47.7
STA_REE_3,-76.7867,43.113,390,4/28/26,0,57.3
STA_REE_3,-76.7867,43.113,390,4/29/26,0,58
STA_REE_3,-76.7867,43.113,390,4/30/26,1.19,51
STA_REE_3,-76.7867,43.113,390,5/1/26,0,43.1
STA_REE_3,-76.7867,43.113,390,5/2/26,0.02,43.9
STA_REE_3,-76.7867,43.113,390,5/3/26,0,41
STA_REE_3,-76.7867,43.113,390,5/4/26,0,48.7
STA_REE_3,-76.7867,43.113,390,5/5/26,0,63.4
STA_REE_3,-76.7867,43.113,390,5/6/26,1.09,58.1
STA_REE_3,-76.7867,43.113,390,5/7/26,0.07,40.8
STA_REE_3,-76.7867,43.113,390,5/8/26,0.02,45.4
STA_REE_3,-76.7867,43.113,390,5/9/26,0.02,46.8
STA_REE_3,-76.7867,43.113,390,5/10/26,0.2,55.5
STA_REE_3,-76.7867,43.113,390,5/11/26,0,45.5
STA_REE_3,-76.7867,43.113,390,5/12/26,0,43.2
STA_REE_3,-76.7867,43.113,390,5/13/26,0.27,50.1
STA_REE_3,-76.7867,43.113,390,5/14/26,0.36,57.6
STA_REE_3,-76.7867,43.113,390,5/15/26,0,45.1
STA_REE_3,-76.7867,43.113,390,5/16/26,0,54.8
STA_REE_3,-76.7867,43.113,390,5/17/26,0.25,66.6
STA_REE_3,-76.7867,43.113,390,5/18/26,0,69.9
STA_REE_3,-76.7867,43.113,390,5/19/26,0,79.2
STA_REE_3,-76.7867,43.113,390,5/20/26,0,73.6
STA_REE_3,-76.7867,43.113,390,5/21/26,0,54.8
STA_REE_3,-76.7867,43.113,390,5/22/26,0,47
STA_REE_3,-76.7867,43.113,390,5/23/26,0,54.9
STA_REE_3,-76.7867,43.113,390,5/24/26,1.78,52.2
STA_REE_3,-76.7867,43.113,390,5/25/26,0.45,56.2
STA_REE_3,-76.7867,43.113,390,5/26/26,0,61.2
STA_REE_3,-76.7867,43.113,390,5/27/26,0,70.3
STA_REE_3,-76.7867,43.113,390,5/28/26,0,63.2
STA_REE_3,-76.7867,43.113,390,5/29/26,0,57.9
STA_REE_3,-76.7867,43.113,390,5/30/26,0,60.6
STA_REE_3,-76.7867,43.113,390,5/31/26,0,54.6
STA_REE_3,-76.7867,43.113,390,6/1/26,0,58.7
STA_REE_3,-76.7867,43.113,390,6/2/26,0,55
STA_REE_3,-76.7867,43.113,390,6/3/26,0,60.5
STA_REE_3,-76.7867,43.113,390,6/4/26,0,64.7
STA_REE_3,-76.7867,43.113,390,6/5/26,0,68.1
STA_REE_3,-76.7867,43.113,390,6/6/26,0.13,73.8
STA_REE_3,-76.7867,43.113,390,6/7/26,0.17,71.9
STA_REE_3,-76.7867,43.113,390,6/8/26,0,61.3
STA_REE_3,-76.7867,43.113,390,6/9/26,0,69.5
STA_REE_3,-76.7867,43.113,390,6/10/26,0.31,77.1
STA_REE_3,-76.7867,43.113,390,6/11/26,1.51,75.7
STA_REE_3,-76.7867,43.113,390,6/12/26,0.28,79.4
STA_REE_3,-76.7867,43.113,390,6/13/26,0,70.9
STA_REE_3,-76.7867,43.113,390,6/14/26,0,72.4
STA_REE_3,-76.7867,43.113,390,6/15/26,0.5,63.1
STA_REE_3,-76.7867,43.113,390,6/16/26,0,57.1
STA_REE_3,-76.7867,43.113,390,6/17/26,0,66.5
STA_REE_3,-76.7867,43.113,390,6/18/26,0.4,68.5
STA_REE_3,-76.7867,43.113,390,6/19/26,0.26,69.3
STA_REE_3,-76.7867,43.113,390,6/20/26,0.11,66.5
STA_REE_3,-76.7867,43.113,390,6/21/26,0,63.3
STA_REE_3,-76.7867,43.113,390,6/22/26,0,65
STA_REE_3,-76.7867,43.113,390,6/23/26,0.54,59.7
STA_REE_3,-76.7867,43.113,390,6/24/26,0,63.2
STA_REE_3,-76.7867,43.113,390,6/25/26,0,66.6
STA_REE_3,-76.7867,43.113,390,6/26/26,0.22,63.9
STA_REE_3,-76.7867,43.113,390,6/27/26,0,65
STA_REE_3,-76.7867,43.113,390,6/28/26,0,67.6
STA_REE_3,-76.7867,43.113,390,6/29/26,0,69.8
STA_REE_3,-76.7867,43.113,390,6/30/26,0,74.8
,,,,,,
STA_STA,-78.2148,43.1239,630,1/1/26,0.3,17.6
STA_STA,-78.2148,43.1239,630,1/2/26,0,15
STA_STA,-78.2148,43.1239,630,1/3/26,0,20.4
STA_STA,-78.2148,43.1239,630,1/4/26,0.05,22
STA_STA,-78.2148,43.1239,630,1/5/26,0,25.2
STA_STA,-78.2148,43.1239,630,1/6/26,0.05,28.6
STA_STA,-78.2148,43.1239,630,1/7/26,0.61,35.5
STA_STA,-78.2148,43.1239,630,1/8/26,0,35
STA_STA,-78.2148,43.1239,630,1/9/26,0.03,43.1
STA_STA,-78.2148,43.1239,630,1/10/26,0.15,47.4
STA_STA,-78.2148,43.1239,630,1/11/26,0.14,37.6
STA_STA,-78.2148,43.1239,630,1/12/26,0.05,29
STA_STA,-78.2148,43.1239,630,1/13/26,0,32.6
STA_STA,-78.2148,43.1239,630,1/14/26,0.07,39.5
STA_STA,-78.2148,43.1239,630,1/15/26,0.43,30.1
STA_STA,-78.2148,43.1239,630,1/16/26,0.15,15
STA_STA,-78.2148,43.1239,630,1/17/26,0,22.6
STA_STA,-78.2148,43.1239,630,1/18/26,0.01,29.3
STA_STA,-78.2148,43.1239,630,1/19/26,0,19
STA_STA,-78.2148,43.1239,630,1/20/26,0.02,15.2
STA_STA,-78.2148,43.1239,630,1/21/26,0,10.6
STA_STA,-78.2148,43.1239,630,1/22/26,0.2,21.3
STA_STA,-78.2148,43.1239,630,1/23/26,0.19,20.5
STA_STA,-78.2148,43.1239,630,1/24/26,0.05,6
STA_STA,-78.2148,43.1239,630,1/25/26,0,3.9
STA_STA,-78.2148,43.1239,630,1/26/26,0.62,9.2
STA_STA,-78.2148,43.1239,630,1/27/26,0.02,10.8
STA_STA,-78.2148,43.1239,630,1/28/26,0.02,10.6
STA_STA,-78.2148,43.1239,630,1/29/26,0,11.7
STA_STA,-78.2148,43.1239,630,1/30/26,0.03,7.1
STA_STA,-78.2148,43.1239,630,1/31/26,0,5.8
STA_STA,-78.2148,43.1239,630,2/1/26,0.03,10.9
STA_STA,-78.2148,43.1239,630,2/2/26,0,11
STA_STA,-78.2148,43.1239,630,2/3/26,0,15.4
STA_STA,-78.2148,43.1239,630,2/4/26,0.04,18.3
STA_STA,-78.2148,43.1239,630,2/5/26,0.02,15.5
STA_STA,-78.2148,43.1239,630,2/6/26,0,14.4
STA_STA,-78.2148,43.1239,630,2/7/26,0.11,12.4
STA_STA,-78.2148,43.1239,630,2/8/26,0,1.8
STA_STA,-78.2148,43.1239,630,2/9/26,0,1.7
STA_STA,-78.2148,43.1239,630,2/10/26,0,9.4
STA_STA,-78.2148,43.1239,630,2/11/26,0.03,31.3
STA_STA,-78.2148,43.1239,630,2/12/26,0.12,26.3
STA_STA,-78.2148,43.1239,630,2/13/26,0.02,17.7
STA_STA,-78.2148,43.1239,630,2/14/26,0,24.9
STA_STA,-78.2148,43.1239,630,2/15/26,0,26.1
STA_STA,-78.2148,43.1239,630,2/16/26,0,27.3
STA_STA,-78.2148,43.1239,630,2/17/26,0,31.9
STA_STA,-78.2148,43.1239,630,2/18/26,0,36.4
STA_STA,-78.2148,43.1239,630,2/19/26,0.61,31
STA_STA,-78.2148,43.1239,630,2/20/26,0.08,33.4
STA_STA,-78.2148,43.1239,630,2/21/26,0.17,38.3
STA_STA,-78.2148,43.1239,630,2/22/26,0.01,31.2
STA_STA,-78.2148,43.1239,630,2/23/26,0.1,30.4
STA_STA,-78.2148,43.1239,630,2/24/26,0.06,21.5
STA_STA,-78.2148,43.1239,630,2/25/26,0.08,22.2
STA_STA,-78.2148,43.1239,630,2/26/26,0.06,28.6
STA_STA,-78.2148,43.1239,630,2/27/26,0,20.3
STA_STA,-78.2148,43.1239,630,2/28/26,0.02,33.9
STA_STA,-78.2148,43.1239,630,3/1/26,0.02,32.3
STA_STA,-78.2148,43.1239,630,3/2/26,0,16.8
STA_STA,-78.2148,43.1239,630,3/3/26,0,19.6
STA_STA,-78.2148,43.1239,630,3/4/26,0,31.6
STA_STA,-78.2148,43.1239,630,3/5/26,0,40.1
STA_STA,-78.2148,43.1239,630,3/6/26,0.52,33.9
STA_STA,-78.2148,43.1239,630,3/7/26,0.04,44.5
STA_STA,-78.2148,43.1239,630,3/8/26,0.11,56
STA_STA,-78.2148,43.1239,630,3/9/26,0,45.7
STA_STA,-78.2148,43.1239,630,3/10/26,0,59.5
STA_STA,-78.2148,43.1239,630,3/11/26,0.19,52
STA_STA,-78.2148,43.1239,630,3/12/26,0.84,47.9
STA_STA,-78.2148,43.1239,630,3/13/26,0,30
STA_STA,-78.2148,43.1239,630,3/14/26,0.28,33.8
STA_STA,-78.2148,43.1239,630,3/15/26,0.04,29.4
STA_STA,-78.2148,43.1239,630,3/16/26,0,43
STA_STA,-78.2148,43.1239,630,3/17/26,0.23,39.9
STA_STA,-78.2148,43.1239,630,3/18/26,0,19.6
STA_STA,-78.2148,43.1239,630,3/19/26,0,26.1
STA_STA,-78.2148,43.1239,630,3/20/26,0.01,36.9
STA_STA,-78.2148,43.1239,630,3/21/26,0.83,39.3
STA_STA,-78.2148,43.1239,630,3/22/26,0,40.4
STA_STA,-78.2148,43.1239,630,3/23/26,0.47,39.6
STA_STA,-78.2148,43.1239,630,3/24/26,0,29.3
STA_STA,-78.2148,43.1239,630,3/25/26,0,32
STA_STA,-78.2148,43.1239,630,3/26/26,0,42.8
STA_STA,-78.2148,43.1239,630,3/27/26,0.77,43.9
STA_STA,-78.2148,43.1239,630,3/28/26,0,25.8
STA_STA,-78.2148,43.1239,630,3/29/26,0,29
STA_STA,-78.2148,43.1239,630,3/30/26,0,43
STA_STA,-78.2148,43.1239,630,3/31/26,0.64,58
STA_STA,-78.2148,43.1239,630,4/1/26,1.78,53
STA_STA,-78.2148,43.1239,630,4/2/26,0,36.4
STA_STA,-78.2148,43.1239,630,4/3/26,0.06,48.8
STA_STA,-78.2148,43.1239,630,4/4/26,0.01,55.1
STA_STA,-78.2148,43.1239,630,4/5/26,0.43,53.6
STA_STA,-78.2148,43.1239,630,4/6/26,0.02,38.8
STA_STA,-78.2148,43.1239,630,4/7/26,0.09,34.6
STA_STA,-78.2148,43.1239,630,4/8/26,0,27
STA_STA,-78.2148,43.1239,630,4/9/26,0,41.1
STA_STA,-78.2148,43.1239,630,4/10/26,0,58.3
STA_STA,-78.2148,43.1239,630,4/11/26,0.1,44.9
STA_STA,-78.2148,43.1239,630,4/12/26,0,40.3
STA_STA,-78.2148,43.1239,630,4/13/26,0.02,54.4
STA_STA,-78.2148,43.1239,630,4/14/26,0.16,62.2
STA_STA,-78.2148,43.1239,630,4/15/26,0.22,62.4
STA_STA,-78.2148,43.1239,630,4/16/26,0.52,65.4
STA_STA,-78.2148,43.1239,630,4/17/26,0.46,63.7
STA_STA,-78.2148,43.1239,630,4/18/26,0,57.7
STA_STA,-78.2148,43.1239,630,4/19/26,0.55,58.7
STA_STA,-78.2148,43.1239,630,4/20/26,0.22,36.8
STA_STA,-78.2148,43.1239,630,4/21/26,0,34
STA_STA,-78.2148,43.1239,630,4/22/26,0.01,44.9
STA_STA,-78.2148,43.1239,630,4/23/26,0,54.2
STA_STA,-78.2148,43.1239,630,4/24/26,0,55.1
STA_STA,-78.2148,43.1239,630,4/25/26,0.36,46.4
STA_STA,-78.2148,43.1239,630,4/26/26,0.61,42.4
STA_STA,-78.2148,43.1239,630,4/27/26,0,49.2
STA_STA,-78.2148,43.1239,630,4/28/26,0,59.9
STA_STA,-78.2148,43.1239,630,4/29/26,0.04,58.5
STA_STA,-78.2148,43.1239,630,4/30/26,0.67,46.4
STA_STA,-78.2148,43.1239,630,5/1/26,0,42.8
STA_STA,-78.2148,43.1239,630,5/2/26,0.08,40.3
STA_STA,-78.2148,43.1239,630,5/3/26,0,39.9
STA_STA,-78.2148,43.1239,630,5/4/26,0.02,48.4
STA_STA,-78.2148,43.1239,630,5/5/26,0.05,64.3
STA_STA,-78.2148,43.1239,630,5/6/26,1.06,56
STA_STA,-78.2148,43.1239,630,5/7/26,0.11,43.8
STA_STA,-78.2148,43.1239,630,5/8/26,0.14,46
STA_STA,-78.2148,43.1239,630,5/9/26,0.03,48.4
STA_STA,-78.2148,43.1239,630,5/10/26,0.16,56
STA_STA,-78.2148,43.1239,630,5/11/26,0,47.7
STA_STA,-78.2148,43.1239,630,5/12/26,0,43.6
STA_STA,-78.2148,43.1239,630,5/13/26,0.23,50.8
STA_STA,-78.2148,43.1239,630,5/14/26,0.06,54.8
STA_STA,-78.2148,43.1239,630,5/15/26,0.01,46.8
STA_STA,-78.2148,43.1239,630,5/16/26,0,57.6
STA_STA,-78.2148,43.1239,630,5/17/26,0.33,68.7
STA_STA,-78.2148,43.1239,630,5/18/26,0,73.4
STA_STA,-78.2148,43.1239,630,5/19/26,0.04,78.2
STA_STA,-78.2148,43.1239,630,5/20/26,0.19,71.2
STA_STA,-78.2148,43.1239,630,5/21/26,0,53.3
STA_STA,-78.2148,43.1239,630,5/22/26,0,49.3
STA_STA,-78.2148,43.1239,630,5/23/26,0,55.9
STA_STA,-78.2148,43.1239,630,5/24/26,1.67,51.3
STA_STA,-78.2148,43.1239,630,5/25/26,0.15,62.1
STA_STA,-78.2148,43.1239,630,5/26/26,0,63.8
STA_STA,-78.2148,43.1239,630,5/27/26,0,72
STA_STA,-78.2148,43.1239,630,5/28/26,0,63.2
STA_STA,-78.2148,43.1239,630,5/29/26,0.05,58.2
STA_STA,-78.2148,43.1239,630,5/30/26,0,59.4
STA_STA,-78.2148,43.1239,630,5/31/26,0,57.1
STA_STA,-78.2148,43.1239,630,6/1/26,0,59
STA_STA,-78.2148,43.1239,630,6/2/26,0,55.2
STA_STA,-78.2148,43.1239,630,6/3/26,0,63.5
STA_STA,-78.2148,43.1239,630,6/4/26,0,68
STA_STA,-78.2148,43.1239,630,6/5/26,0,69.8
STA_STA,-78.2148,43.1239,630,6/6/26,0.3,74
STA_STA,-78.2148,43.1239,630,6/7/26,0,69.5
STA_STA,-78.2148,43.1239,630,6/8/26,0,63.7
STA_STA,-78.2148,43.1239,630,6/9/26,0,69.3
STA_STA,-78.2148,43.1239,630,6/10/26,0.36,78.7
STA_STA,-78.2148,43.1239,630,6/11/26,0,74.9
STA_STA,-78.2148,43.1239,630,6/12/26,0.26,78.1
STA_STA,-78.2148,43.1239,630,6/13/26,0,70.8
STA_STA,-78.2148,43.1239,630,6/14/26,0,74.4
STA_STA,-78.2148,43.1239,630,6/15/26,1.26,63.2
STA_STA,-78.2148,43.1239,630,6/16/26,0,58.5
STA_STA,-78.2148,43.1239,630,6/17/26,0.04,65.8
STA_STA,-78.2148,43.1239,630,6/18/26,0.74,67.5
STA_STA,-78.2148,43.1239,630,6/19/26,0.17,66.7
STA_STA,-78.2148,43.1239,630,6/20/26,0.45,64.4
STA_STA,-78.2148,43.1239,630,6/21/26,0,65.1
STA_STA,-78.2148,43.1239,630,6/22/26,0.04,67.5
STA_STA,-78.2148,43.1239,630,6/23/26,0.39,59.8
STA_STA,-78.2148,43.1239,630,6/24/26,0,64.8
STA_STA,-78.2148,43.1239,630,6/25/26,0,66.5
STA_STA,-78.2148,43.1239,630,6/26/26,0.57,62.1
STA_STA,-78.2148,43.1239,630,6/27/26,0,64.5
STA_STA,-78.2148,43.1239,630,6/28/26,0,68.8
STA_STA,-78.2148,43.1239,630,6/29/26,0,71.2
STA_STA,-78.2148,43.1239,630,6/30/26,0,77.6
,,,,,,
STA_WIL,-76.8254,43.0647,404,1/1/26,0.04,19.8
STA_WIL,-76.8254,43.0647,404,1/2/26,0,14.9
STA_WIL,-76.8254,43.0647,404,1/3/26,0,21.4
STA_WIL,-76.8254,43.0647,404,1/4/26,0.05,22.7
STA_WIL,-76.8254,43.0647,404,1/5/26,0,23.7
STA_WIL,-76.8254,43.0647,404,1/6/26,0.08,27.5
STA_WIL,-76.8254,43.0647,404,1/7/26,0.89,32.8
STA_WIL,-76.8254,43.0647,404,1/8/26,0,34.5
STA_WIL,-76.8254,43.0647,404,1/9/26,0,40.4
STA_WIL,-76.8254,43.0647,404,1/10/26,0.09,43.5
STA_WIL,-76.8254,43.0647,404,1/11/26,0.33,36.9
STA_WIL,-76.8254,43.0647,404,1/12/26,0,30.3
STA_WIL,-76.8254,43.0647,404,1/13/26,0,32.1
STA_WIL,-76.8254,43.0647,404,1/14/26,0,39.5
STA_WIL,-76.8254,43.0647,404,1/15/26,0.46,34.6
STA_WIL,-76.8254,43.0647,404,1/16/26,0.02,17.5
STA_WIL,-76.8254,43.0647,404,1/17/26,0,23.2
STA_WIL,-76.8254,43.0647,404,1/18/26,0,30.9
STA_WIL,-76.8254,43.0647,404,1/19/26,0,20.4
STA_WIL,-76.8254,43.0647,404,1/20/26,0,18.9
STA_WIL,-76.8254,43.0647,404,1/21/26,0,12.6
STA_WIL,-76.8254,43.0647,404,1/22/26,0.06,22.4
STA_WIL,-76.8254,43.0647,404,1/23/26,0,24.7
STA_WIL,-76.8254,43.0647,404,1/24/26,0.02,8.6
STA_WIL,-76.8254,43.0647,404,1/25/26,0,4.5
STA_WIL,-76.8254,43.0647,404,1/26/26,0.81,8.1
STA_WIL,-76.8254,43.0647,404,1/27/26,0,11
STA_WIL,-76.8254,43.0647,404,1/28/26,0.07,10.9
STA_WIL,-76.8254,43.0647,404,1/29/26,0,12.2
STA_WIL,-76.8254,43.0647,404,1/30/26,0.03,10
STA_WIL,-76.8254,43.0647,404,1/31/26,0,7.2
STA_WIL,-76.8254,43.0647,404,2/1/26,0.01,10.6
STA_WIL,-76.8254,43.0647,404,2/2/26,0,8.8
STA_WIL,-76.8254,43.0647,404,2/3/26,0,12.2
STA_WIL,-76.8254,43.0647,404,2/4/26,0,21.2
STA_WIL,-76.8254,43.0647,404,2/5/26,0,17.7
STA_WIL,-76.8254,43.0647,404,2/6/26,0,13.4
STA_WIL,-76.8254,43.0647,404,2/7/26,0.17,13.6
STA_WIL,-76.8254,43.0647,404,2/8/26,0,0.3
STA_WIL,-76.8254,43.0647,404,2/9/26,0.07,1.9
STA_WIL,-76.8254,43.0647,404,2/10/26,0,10.5
STA_WIL,-76.8254,43.0647,404,2/11/26,0.11,27.4
STA_WIL,-76.8254,43.0647,404,2/12/26,0,26.8
STA_WIL,-76.8254,43.0647,404,2/13/26,0,18
STA_WIL,-76.8254,43.0647,404,2/14/26,0,21.3
STA_WIL,-76.8254,43.0647,404,2/15/26,0,30.5
STA_WIL,-76.8254,43.0647,404,2/16/26,0,30.9
STA_WIL,-76.8254,43.0647,404,2/17/26,0,35.7
STA_WIL,-76.8254,43.0647,404,2/18/26,0,37.3
STA_WIL,-76.8254,43.0647,404,2/19/26,0.62,32.7
STA_WIL,-76.8254,43.0647,404,2/20/26,0.09,34.7
STA_WIL,-76.8254,43.0647,404,2/21/26,0.54,36.3
STA_WIL,-76.8254,43.0647,404,2/22/26,0,30.6
STA_WIL,-76.8254,43.0647,404,2/23/26,0.14,31
STA_WIL,-76.8254,43.0647,404,2/24/26,0,22.3
STA_WIL,-76.8254,43.0647,404,2/25/26,0.29,19.6
STA_WIL,-76.8254,43.0647,404,2/26/26,0.04,32.7
STA_WIL,-76.8254,43.0647,404,2/27/26,0,19.4
STA_WIL,-76.8254,43.0647,404,2/28/26,0,29.7
STA_WIL,-76.8254,43.0647,404,3/1/26,0.07,35.4
STA_WIL,-76.8254,43.0647,404,3/2/26,0,15.2
STA_WIL,-76.8254,43.0647,404,3/3/26,0,17.9
STA_WIL,-76.8254,43.0647,404,3/4/26,0,30.5
STA_WIL,-76.8254,43.0647,404,3/5/26,0,36.3
STA_WIL,-76.8254,43.0647,404,3/6/26,0.52,34.4
STA_WIL,-76.8254,43.0647,404,3/7/26,0.03,39.4
STA_WIL,-76.8254,43.0647,404,3/8/26,0.31,53.2
STA_WIL,-76.8254,43.0647,404,3/9/26,0,47
STA_WIL,-76.8254,43.0647,404,3/10/26,0,57.5
STA_WIL,-76.8254,43.0647,404,3/11/26,0.12,53.5
STA_WIL,-76.8254,43.0647,404,3/12/26,0.7,50.6
STA_WIL,-76.8254,43.0647,404,3/13/26,0,29
STA_WIL,-76.8254,43.0647,404,3/14/26,0.01,31
STA_WIL,-76.8254,43.0647,404,3/15/26,0,29.2
STA_WIL,-76.8254,43.0647,404,3/16/26,0,40.9
STA_WIL,-76.8254,43.0647,404,3/17/26,0.73,41.5
STA_WIL,-76.8254,43.0647,404,3/18/26,0,20.3
STA_WIL,-76.8254,43.0647,404,3/19/26,0,24.4
STA_WIL,-76.8254,43.0647,404,3/20/26,0,36
STA_WIL,-76.8254,43.0647,404,3/21/26,0.37,37.8
STA_WIL,-76.8254,43.0647,404,3/22/26,0,37.3
STA_WIL,-76.8254,43.0647,404,3/23/26,0.45,38
STA_WIL,-76.8254,43.0647,404,3/24/26,0,29.8
STA_WIL,-76.8254,43.0647,404,3/25/26,0,33.8
STA_WIL,-76.8254,43.0647,404,3/26/26,0,40.6
STA_WIL,-76.8254,43.0647,404,3/27/26,0.44,46.5
STA_WIL,-76.8254,43.0647,404,3/28/26,0,23.3
STA_WIL,-76.8254,43.0647,404,3/29/26,0,28.7
STA_WIL,-76.8254,43.0647,404,3/30/26,0,42.7
STA_WIL,-76.8254,43.0647,404,3/31/26,0.25,56.3
STA_WIL,-76.8254,43.0647,404,4/1/26,1.04,52.5
STA_WIL,-76.8254,43.0647,404,4/2/26,0,37.3
STA_WIL,-76.8254,43.0647,404,4/3/26,0.04,42.7
STA_WIL,-76.8254,43.0647,404,4/4/26,0,56.1
STA_WIL,-76.8254,43.0647,404,4/5/26,0.76,53
STA_WIL,-76.8254,43.0647,404,4/6/26,0.02,41.1
STA_WIL,-76.8254,43.0647,404,4/7/26,0.04,35.1
STA_WIL,-76.8254,43.0647,404,4/8/26,0,25.2
STA_WIL,-76.8254,43.0647,404,4/9/26,0,38.4
STA_WIL,-76.8254,43.0647,404,4/10/26,0.02,54.2
STA_WIL,-76.8254,43.0647,404,4/11/26,0.08,52.4
STA_WIL,-76.8254,43.0647,404,4/12/26,0,38.6
STA_WIL,-76.8254,43.0647,404,4/13/26,0.02,48.6
STA_WIL,-76.8254,43.0647,404,4/14/26,0.04,61.4
STA_WIL,-76.8254,43.0647,404,4/15/26,0.21,62.5
STA_WIL,-76.8254,43.0647,404,4/16/26,0.38,64
STA_WIL,-76.8254,43.0647,404,4/17/26,0.75,64.9
STA_WIL,-76.8254,43.0647,404,4/18/26,0,52
STA_WIL,-76.8254,43.0647,404,4/19/26,0.4,54.1
STA_WIL,-76.8254,43.0647,404,4/20/26,0.04,36.9
STA_WIL,-76.8254,43.0647,404,4/21/26,0,32.4
STA_WIL,-76.8254,43.0647,404,4/22/26,0.02,41.9
STA_WIL,-76.8254,43.0647,404,4/23/26,0,53.2
STA_WIL,-76.8254,43.0647,404,4/24/26,0,52.4
STA_WIL,-76.8254,43.0647,404,4/25/26,0,46.6
STA_WIL,-76.8254,43.0647,404,4/26/26,0.62,40.1
STA_WIL,-76.8254,43.0647,404,4/27/26,0,47.5
STA_WIL,-76.8254,43.0647,404,4/28/26,0,56.9
STA_WIL,-76.8254,43.0647,404,4/29/26,0,57.3
STA_WIL,-76.8254,43.0647,404,4/30/26,1.15,50.6
STA_WIL,-76.8254,43.0647,404,5/1/26,0,43
STA_WIL,-76.8254,43.0647,404,5/2/26,0.04,43.5
STA_WIL,-76.8254,43.0647,404,5/3/26,0,40.6
STA_WIL,-76.8254,43.0647,404,5/4/26,0,48.4
STA_WIL,-76.8254,43.0647,404,5/5/26,0,63
STA_WIL,-76.8254,43.0647,404,5/6/26,1.11,57.7
STA_WIL,-76.8254,43.0647,404,5/7/26,0.09,40.3
STA_WIL,-76.8254,43.0647,404,5/8/26,0.02,44.8
STA_WIL,-76.8254,43.0647,404,5/9/26,0.04,46.6
STA_WIL,-76.8254,43.0647,404,5/10/26,0.24,55.1
STA_WIL,-76.8254,43.0647,404,5/11/26,0,45.3
STA_WIL,-76.8254,43.0647,404,5/12/26,0,42.9
STA_WIL,-76.8254,43.0647,404,5/13/26,0.27,49.8
STA_WIL,-76.8254,43.0647,404,5/14/26,0.31,57.1
STA_WIL,-76.8254,43.0647,404,5/15/26,0,44.8
STA_WIL,-76.8254,43.0647,404,5/16/26,0,54.5
STA_WIL,-76.8254,43.0647,404,5/17/26,0.22,66.4
STA_WIL,-76.8254,43.0647,404,5/18/26,0,70.3
STA_WIL,-76.8254,43.0647,404,5/19/26,0,78.8
STA_WIL,-76.8254,43.0647,404,5/20/26,0,73.3
STA_WIL,-76.8254,43.0647,404,5/21/26,0,54.6
STA_WIL,-76.8254,43.0647,404,5/22/26,0,46.4
STA_WIL,-76.8254,43.0647,404,5/23/26,0,54.4
STA_WIL,-76.8254,43.0647,404,5/24/26,1.84,51.4
STA_WIL,-76.8254,43.0647,404,5/25/26,0.48,55.8
STA_WIL,-76.8254,43.0647,404,5/26/26,0,61.2
STA_WIL,-76.8254,43.0647,404,5/27/26,0,70.1
STA_WIL,-76.8254,43.0647,404,5/28/26,0,63.2
STA_WIL,-76.8254,43.0647,404,5/29/26,0,57.8
STA_WIL,-76.8254,43.0647,404,5/30/26,0,60.2
STA_WIL,-76.8254,43.0647,404,5/31/26,0,54.3
STA_WIL,-76.8254,43.0647,404,6/1/26,0,58.5
STA_WIL,-76.8254,43.0647,404,6/2/26,0,54.6
STA_WIL,-76.8254,43.0647,404,6/3/26,0,60.6
STA_WIL,-76.8254,43.0647,404,6/4/26,0,64.4
STA_WIL,-76.8254,43.0647,404,6/5/26,0,67.9
STA_WIL,-76.8254,43.0647,404,6/6/26,0.12,73.6
STA_WIL,-76.8254,43.0647,404,6/7/26,0.14,71.6
STA_WIL,-76.8254,43.0647,404,6/8/26,0,61.4
STA_WIL,-76.8254,43.0647,404,6/9/26,0,69.2
STA_WIL,-76.8254,43.0647,404,6/10/26,0.36,76.8
STA_WIL,-76.8254,43.0647,404,6/11/26,1.32,75.6
STA_WIL,-76.8254,43.0647,404,6/12/26,0.23,79.2
STA_WIL,-76.8254,43.0647,404,6/13/26,0,70.7
STA_WIL,-76.8254,43.0647,404,6/14/26,0,72.3
STA_WIL,-76.8254,43.0647,404,6/15/26,0.51,63
STA_WIL,-76.8254,43.0647,404,6/16/26,0,56.7
STA_WIL,-76.8254,43.0647,404,6/17/26,0,66.1
STA_WIL,-76.8254,43.0647,404,6/18/26,0.33,68.3
STA_WIL,-76.8254,43.0647,404,6/19/26,0.31,69.1
STA_WIL,-76.8254,43.0647,404,6/20/26,0.02,66.1
STA_WIL,-76.8254,43.0647,404,6/21/26,0,63.3
STA_WIL,-76.8254,43.0647,404,6/22/26,0,65
STA_WIL,-76.8254,43.0647,404,6/23/26,0.54,59.6
STA_WIL,-76.8254,43.0647,404,6/24/26,0,63.1
STA_WIL,-76.8254,43.0647,404,6/25/26,0,66.4
STA_WIL,-76.8254,43.0647,404,6/26/26,0.23,63.5
STA_WIL,-76.8254,43.0647,404,6/27/26,0,65
STA_WIL,-76.8254,43.0647,404,6/28/26,0,67.4
STA_WIL,-76.8254,43.0647,404,6/29/26,0,69.7
STA_WIL,-76.8254,43.0647,404,6/30/26,0,74.7
,,,,,,
STA_WOO,-78.3658,43.3127,331,1/1/26,0.18,20.1
STA_WOO,-78.3658,43.3127,331,1/2/26,0,17.2
STA_WOO,-78.3658,43.3127,331,1/3/26,0.04,21.7
STA_WOO,-78.3658,43.3127,331,1/4/26,0.06,23.3
STA_WOO,-78.3658,43.3127,331,1/5/26,0,26.4
STA_WOO,-78.3658,43.3127,331,1/6/26,0.06,27.8
STA_WOO,-78.3658,43.3127,331,1/7/26,0.74,35.8
STA_WOO,-78.3658,43.3127,331,1/8/26,0,36.1
STA_WOO,-78.3658,43.3127,331,1/9/26,0,43.5
STA_WOO,-78.3658,43.3127,331,1/10/26,0.09,48.8
STA_WOO,-78.3658,43.3127,331,1/11/26,0.11,37.6
STA_WOO,-78.3658,43.3127,331,1/12/26,0.01,30.6
STA_WOO,-78.3658,43.3127,331,1/13/26,0,33.1
STA_WOO,-78.3658,43.3127,331,1/14/26,0.19,40.3
STA_WOO,-78.3658,43.3127,331,1/15/26,0.36,31
STA_WOO,-78.3658,43.3127,331,1/16/26,0.34,16.2
STA_WOO,-78.3658,43.3127,331,1/17/26,0,23.4
STA_WOO,-78.3658,43.3127,331,1/18/26,0.02,29.3
STA_WOO,-78.3658,43.3127,331,1/19/26,0,20.5
STA_WOO,-78.3658,43.3127,331,1/20/26,0.06,14.6
STA_WOO,-78.3658,43.3127,331,1/21/26,0,11.2
STA_WOO,-78.3658,43.3127,331,1/22/26,0.16,21.8
STA_WOO,-78.3658,43.3127,331,1/23/26,0.13,21.2
STA_WOO,-78.3658,43.3127,331,1/24/26,0.03,8.3
STA_WOO,-78.3658,43.3127,331,1/25/26,0,5.6
STA_WOO,-78.3658,43.3127,331,1/26/26,0.65,11.8
STA_WOO,-78.3658,43.3127,331,1/27/26,0.04,12
STA_WOO,-78.3658,43.3127,331,1/28/26,0.02,12.2
STA_WOO,-78.3658,43.3127,331,1/29/26,0,13.2
STA_WOO,-78.3658,43.3127,331,1/30/26,0.03,9.9
STA_WOO,-78.3658,43.3127,331,1/31/26,0.04,8.6
STA_WOO,-78.3658,43.3127,331,2/1/26,0.03,13.1
STA_WOO,-78.3658,43.3127,331,2/2/26,0,11.8
STA_WOO,-78.3658,43.3127,331,2/3/26,0,14.9
STA_WOO,-78.3658,43.3127,331,2/4/26,0.03,20
STA_WOO,-78.3658,43.3127,331,2/5/26,0.03,16.9
STA_WOO,-78.3658,43.3127,331,2/6/26,0,15.5
STA_WOO,-78.3658,43.3127,331,2/7/26,0.09,13.9
STA_WOO,-78.3658,43.3127,331,2/8/26,0,4
STA_WOO,-78.3658,43.3127,331,2/9/26,0,3.3
STA_WOO,-78.3658,43.3127,331,2/10/26,0,9.4
STA_WOO,-78.3658,43.3127,331,2/11/26,0.03,30
STA_WOO,-78.3658,43.3127,331,2/12/26,0.16,27.8
STA_WOO,-78.3658,43.3127,331,2/13/26,0,18.9
STA_WOO,-78.3658,43.3127,331,2/14/26,0.03,26.1
STA_WOO,-78.3658,43.3127,331,2/15/26,0,26.9
STA_WOO,-78.3658,43.3127,331,2/16/26,0,25.9
STA_WOO,-78.3658,43.3127,331,2/17/26,0,26.9
STA_WOO,-78.3658,43.3127,331,2/18/26,0,36.5
STA_WOO,-78.3658,43.3127,331,2/19/26,0.64,31.5
STA_WOO,-78.3658,43.3127,331,2/20/26,0.04,33.6
STA_WOO,-78.3658,43.3127,331,2/21/26,0.14,39
STA_WOO,-78.3658,43.3127,331,2/22/26,0.01,32.5
STA_WOO,-78.3658,43.3127,331,2/23/26,0.11,31.4
STA_WOO,-78.3658,43.3127,331,2/24/26,0.08,22.5
STA_WOO,-78.3658,43.3127,331,2/25/26,0.09,22.9
STA_WOO,-78.3658,43.3127,331,2/26/26,0.01,29.9
STA_WOO,-78.3658,43.3127,331,2/27/26,0,20.7
STA_WOO,-78.3658,43.3127,331,2/28/26,0,33.3
STA_WOO,-78.3658,43.3127,331,3/1/26,0.02,33.5
STA_WOO,-78.3658,43.3127,331,3/2/26,0,17.4
STA_WOO,-78.3658,43.3127,331,3/3/26,0,20.6
STA_WOO,-78.3658,43.3127,331,3/4/26,0,31.1
STA_WOO,-78.3658,43.3127,331,3/5/26,0,38.8
STA_WOO,-78.3658,43.3127,331,3/6/26,0.43,34.2
STA_WOO,-78.3658,43.3127,331,3/7/26,0.07,45.1
STA_WOO,-78.3658,43.3127,331,3/8/26,0.09,56.4
STA_WOO,-78.3658,43.3127,331,3/9/26,0,45.9
STA_WOO,-78.3658,43.3127,331,3/10/26,0,60
STA_WOO,-78.3658,43.3127,331,3/11/26,0.21,52.3
STA_WOO,-78.3658,43.3127,331,3/12/26,0.63,47
STA_WOO,-78.3658,43.3127,331,3/13/26,0,30.3
STA_WOO,-78.3658,43.3127,331,3/14/26,0.29,34.9
STA_WOO,-78.3658,43.3127,331,3/15/26,0,29.8
STA_WOO,-78.3658,43.3127,331,3/16/26,0,43.9
STA_WOO,-78.3658,43.3127,331,3/17/26,0.22,39.9
STA_WOO,-78.3658,43.3127,331,3/18/26,0,20.6
STA_WOO,-78.3658,43.3127,331,3/19/26,0,27
STA_WOO,-78.3658,43.3127,331,3/20/26,0,37.5
STA_WOO,-78.3658,43.3127,331,3/21/26,0.74,39.6
STA_WOO,-78.3658,43.3127,331,3/22/26,0,38.3
STA_WOO,-78.3658,43.3127,331,3/23/26,0.49,38.5
STA_WOO,-78.3658,43.3127,331,3/24/26,0,30
STA_WOO,-78.3658,43.3127,331,3/25/26,0,32.4
STA_WOO,-78.3658,43.3127,331,3/26/26,0,42.7
STA_WOO,-78.3658,43.3127,331,3/27/26,0.62,43.8
STA_WOO,-78.3658,43.3127,331,3/28/26,0,26
STA_WOO,-78.3658,43.3127,331,3/29/26,0,30.2
STA_WOO,-78.3658,43.3127,331,3/30/26,0,42.8
STA_WOO,-78.3658,43.3127,331,3/31/26,0.7,58.1
STA_WOO,-78.3658,43.3127,331,4/1/26,0.87,52.5
STA_WOO,-78.3658,43.3127,331,4/2/26,0,36.4
STA_WOO,-78.3658,43.3127,331,4/3/26,0.1,49
STA_WOO,-78.3658,43.3127,331,4/4/26,0,54.9
STA_WOO,-78.3658,43.3127,331,4/5/26,0.47,51.1
STA_WOO,-78.3658,43.3127,331,4/6/26,0,38.7
STA_WOO,-78.3658,43.3127,331,4/7/26,0.07,34.7
STA_WOO,-78.3658,43.3127,331,4/8/26,0,26.3
STA_WOO,-78.3658,43.3127,331,4/9/26,0,40.1
STA_WOO,-78.3658,43.3127,331,4/10/26,0.04,56.2
STA_WOO,-78.3658,43.3127,331,4/11/26,0.11,41.5
STA_WOO,-78.3658,43.3127,331,4/12/26,0,39.5
STA_WOO,-78.3658,43.3127,331,4/13/26,0.07,54
STA_WOO,-78.3658,43.3127,331,4/14/26,0.13,61.8
STA_WOO,-78.3658,43.3127,331,4/15/26,0.42,61.7
STA_WOO,-78.3658,43.3127,331,4/16/26,0.46,63.3
STA_WOO,-78.3658,43.3127,331,4/17/26,0.54,62.9
STA_WOO,-78.3658,43.3127,331,4/18/26,0,56.5
STA_WOO,-78.3658,43.3127,331,4/19/26,0.61,58.7
STA_WOO,-78.3658,43.3127,331,4/20/26,0.08,37.5
STA_WOO,-78.3658,43.3127,331,4/21/26,0,33.9
STA_WOO,-78.3658,43.3127,331,4/22/26,0,44.2
STA_WOO,-78.3658,43.3127,331,4/23/26,0,51.9
STA_WOO,-78.3658,43.3127,331,4/24/26,0,54.2
STA_WOO,-78.3658,43.3127,331,4/25/26,0.33,46
STA_WOO,-78.3658,43.3127,331,4/26/26,0.44,41.9
STA_WOO,-78.3658,43.3127,331,4/27/26,0,48
STA_WOO,-78.3658,43.3127,331,4/28/26,0,58.9
STA_WOO,-78.3658,43.3127,331,4/29/26,0.06,58
STA_WOO,-78.3658,43.3127,331,4/30/26,0.51,45.9
STA_WOO,-78.3658,43.3127,331,5/1/26,0,42.5
STA_WOO,-78.3658,43.3127,331,5/2/26,0.06,40.5
STA_WOO,-78.3658,43.3127,331,5/3/26,0,39.4
STA_WOO,-78.3658,43.3127,331,5/4/26,0.05,48.1
STA_WOO,-78.3658,43.3127,331,5/5/26,0.02,63.7
STA_WOO,-78.3658,43.3127,331,5/6/26,1.01,55.8
STA_WOO,-78.3658,43.3127,331,5/7/26,0.14,43.4
STA_WOO,-78.3658,43.3127,331,5/8/26,0.12,45.4
STA_WOO,-78.3658,43.3127,331,5/9/26,0.02,48
STA_WOO,-78.3658,43.3127,331,5/10/26,0.2,55.2
STA_WOO,-78.3658,43.3127,331,5/11/26,0,47.7
STA_WOO,-78.3658,43.3127,331,5/12/26,0,43
STA_WOO,-78.3658,43.3127,331,5/13/26,0.28,49.7
STA_WOO,-78.3658,43.3127,331,5/14/26,0,54.4
STA_WOO,-78.3658,43.3127,331,5/15/26,0.04,46.6
STA_WOO,-78.3658,43.3127,331,5/16/26,0,57.5
STA_WOO,-78.3658,43.3127,331,5/17/26,0.32,67.6
STA_WOO,-78.3658,43.3127,331,5/18/26,0,71.3
STA_WOO,-78.3658,43.3127,331,5/19/26,0,77.3
STA_WOO,-78.3658,43.3127,331,5/20/26,0.09,70.6
STA_WOO,-78.3658,43.3127,331,5/21/26,0,53.3
STA_WOO,-78.3658,43.3127,331,5/22/26,0,48.9
STA_WOO,-78.3658,43.3127,331,5/23/26,0,55
STA_WOO,-78.3658,43.3127,331,5/24/26,1.87,51
STA_WOO,-78.3658,43.3127,331,5/25/26,0.08,60.2
STA_WOO,-78.3658,43.3127,331,5/26/26,0,63
STA_WOO,-78.3658,43.3127,331,5/27/26,0,70.7
STA_WOO,-78.3658,43.3127,331,5/28/26,0,62.4
STA_WOO,-78.3658,43.3127,331,5/29/26,0.02,57.5
STA_WOO,-78.3658,43.3127,331,5/30/26,0,59.5
STA_WOO,-78.3658,43.3127,331,5/31/26,0,56.5
STA_WOO,-78.3658,43.3127,331,6/1/26,0,59
STA_WOO,-78.3658,43.3127,331,6/2/26,0,55.1
STA_WOO,-78.3658,43.3127,331,6/3/26,0,62.7
STA_WOO,-78.3658,43.3127,331,6/4/26,0,67.5
STA_WOO,-78.3658,43.3127,331,6/5/26,0,69
STA_WOO,-78.3658,43.3127,331,6/6/26,0.33,73.8
STA_WOO,-78.3658,43.3127,331,6/7/26,0,69.3
STA_WOO,-78.3658,43.3127,331,6/8/26,0,63.5
STA_WOO,-78.3658,43.3127,331,6/9/26,0,66.6
STA_WOO,-78.3658,43.3127,331,6/10/26,0.03,77.3
STA_WOO,-78.3658,43.3127,331,6/11/26,0.05,75.1
STA_WOO,-78.3658,43.3127,331,6/12/26,0.15,77.1
STA_WOO,-78.3658,43.3127,331,6/13/26,0,70.7
STA_WOO,-78.3658,43.3127,331,6/14/26,0,74.5
STA_WOO,-78.3658,43.3127,331,6/15/26,1.71,62.2
STA_WOO,-78.3658,43.3127,331,6/16/26,0,59.2
STA_WOO,-78.3658,43.3127,331,6/17/26,0,65.5
STA_WOO,-78.3658,43.3127,331,6/18/26,0.63,67.4
STA_WOO,-78.3658,43.3127,331,6/19/26,0.1,67.2
STA_WOO,-78.3658,43.3127,331,6/20/26,0.08,64.6
STA_WOO,-78.3658,43.3127,331,6/21/26,0.04,65.7
STA_WOO,-78.3658,43.3127,331,6/22/26,0.03,67.7
STA_WOO,-78.3658,43.3127,331,6/23/26,0.37,59.9
STA_WOO,-78.3658,43.3127,331,6/24/26,0,65
STA_WOO,-78.3658,43.3127,331,6/25/26,0,66
STA_WOO,-78.3658,43.3127,331,6/26/26,0.52,62.7
STA_WOO,-78.3658,43.3127,331,6/27/26,0,64.6
STA_WOO,-78.3658,43.3127,331,6/28/26,0,67.4
STA_WOO,-78.3658,43.3127,331,6/29/26,0,69.9
STA_WOO,-78.3658,43.3127,331,6/30/26,0,76.9
,,,,,,
STA_YUN,-78.1267,43.1104,673,1/1/26,0.34,17.3
STA_YUN,-78.1267,43.1104,673,1/2/26,0,14.7
STA_YUN,-78.1267,43.1104,673,1/3/26,0,20
STA_YUN,-78.1267,43.1104,673,1/4/26,0.05,22
STA_YUN,-78.1267,43.1104,673,1/5/26,0,24.9
STA_YUN,-78.1267,43.1104,673,1/6/26,0.05,28.7
STA_YUN,-78.1267,43.1104,673,1/7/26,0.6,35.5
STA_YUN,-78.1267,43.1104,673,1/8/26,0,34.8
STA_YUN,-78.1267,43.1104,673,1/9/26,0.01,43
STA_YUN,-78.1267,43.1104,673,1/10/26,0.15,47.2
STA_YUN,-78.1267,43.1104,673,1/11/26,0.15,37.6
STA_YUN,-78.1267,43.1104,673,1/12/26,0.04,28.9
STA_YUN,-78.1267,43.1104,673,1/13/26,0,32.5
STA_YUN,-78.1267,43.1104,673,1/14/26,0.06,39.4
STA_YUN,-78.1267,43.1104,673,1/15/26,0.46,30.1
STA_YUN,-78.1267,43.1104,673,1/16/26,0.09,14.9
STA_YUN,-78.1267,43.1104,673,1/17/26,0,22.8
STA_YUN,-78.1267,43.1104,673,1/18/26,0.02,29.2
STA_YUN,-78.1267,43.1104,673,1/19/26,0,18.8
STA_YUN,-78.1267,43.1104,673,1/20/26,0.05,15.5
STA_YUN,-78.1267,43.1104,673,1/21/26,0,10.4
STA_YUN,-78.1267,43.1104,673,1/22/26,0.21,21.3
STA_YUN,-78.1267,43.1104,673,1/23/26,0.14,20.5
STA_YUN,-78.1267,43.1104,673,1/24/26,0.02,5.9
STA_YUN,-78.1267,43.1104,673,1/25/26,0,3.7
STA_YUN,-78.1267,43.1104,673,1/26/26,0.64,8.7
STA_YUN,-78.1267,43.1104,673,1/27/26,0,10.8
STA_YUN,-78.1267,43.1104,673,1/28/26,0.02,10.6
STA_YUN,-78.1267,43.1104,673,1/29/26,0,11.6
STA_YUN,-78.1267,43.1104,673,1/30/26,0.03,7.1
STA_YUN,-78.1267,43.1104,673,1/31/26,0,5.5
STA_YUN,-78.1267,43.1104,673,2/1/26,0.02,10.3
STA_YUN,-78.1267,43.1104,673,2/2/26,0,11.3
STA_YUN,-78.1267,43.1104,673,2/3/26,0,16.1
STA_YUN,-78.1267,43.1104,673,2/4/26,0.03,18.6
STA_YUN,-78.1267,43.1104,673,2/5/26,0.01,15.8
STA_YUN,-78.1267,43.1104,673,2/6/26,0,14.8
STA_YUN,-78.1267,43.1104,673,2/7/26,0.08,12.3
STA_YUN,-78.1267,43.1104,673,2/8/26,0,1.3
STA_YUN,-78.1267,43.1104,673,2/9/26,0,1.6
STA_YUN,-78.1267,43.1104,673,2/10/26,0,9.7
STA_YUN,-78.1267,43.1104,673,2/11/26,0.03,31.5
STA_YUN,-78.1267,43.1104,673,2/12/26,0.12,26.1
STA_YUN,-78.1267,43.1104,673,2/13/26,0.02,18.1
STA_YUN,-78.1267,43.1104,673,2/14/26,0,24.8
STA_YUN,-78.1267,43.1104,673,2/15/26,0,26.8
STA_YUN,-78.1267,43.1104,673,2/16/26,0,28.1
STA_YUN,-78.1267,43.1104,673,2/17/26,0,32.3
STA_YUN,-78.1267,43.1104,673,2/18/26,0,36.5
STA_YUN,-78.1267,43.1104,673,2/19/26,0.62,30.7
STA_YUN,-78.1267,43.1104,673,2/20/26,0.07,33.3
STA_YUN,-78.1267,43.1104,673,2/21/26,0.17,38.4
STA_YUN,-78.1267,43.1104,673,2/22/26,0.02,31.1
STA_YUN,-78.1267,43.1104,673,2/23/26,0.08,30.2
STA_YUN,-78.1267,43.1104,673,2/24/26,0.05,21.3
STA_YUN,-78.1267,43.1104,673,2/25/26,0.07,22.1
STA_YUN,-78.1267,43.1104,673,2/26/26,0.07,28.7
STA_YUN,-78.1267,43.1104,673,2/27/26,0,20.8
STA_YUN,-78.1267,43.1104,673,2/28/26,0.01,34.5
STA_YUN,-78.1267,43.1104,673,3/1/26,0.01,32.4
STA_YUN,-78.1267,43.1104,673,3/2/26,0,16.9
STA_YUN,-78.1267,43.1104,673,3/3/26,0,19.4
STA_YUN,-78.1267,43.1104,673,3/4/26,0,31.9
STA_YUN,-78.1267,43.1104,673,3/5/26,0,39.9
STA_YUN,-78.1267,43.1104,673,3/6/26,0.45,33.8
STA_YUN,-78.1267,43.1104,673,3/7/26,0.03,43.8
STA_YUN,-78.1267,43.1104,673,3/8/26,0.11,56
STA_YUN,-78.1267,43.1104,673,3/9/26,0,46
STA_YUN,-78.1267,43.1104,673,3/10/26,0,59.4
STA_YUN,-78.1267,43.1104,673,3/11/26,0.17,51.9
STA_YUN,-78.1267,43.1104,673,3/12/26,0.65,48.3
STA_YUN,-78.1267,43.1104,673,3/13/26,0,29.8
STA_YUN,-78.1267,43.1104,673,3/14/26,0.26,33.4
STA_YUN,-78.1267,43.1104,673,3/15/26,0.04,29.4
STA_YUN,-78.1267,43.1104,673,3/16/26,0,42.7
STA_YUN,-78.1267,43.1104,673,3/17/26,0.23,40.3
STA_YUN,-78.1267,43.1104,673,3/18/26,0,19.5
STA_YUN,-78.1267,43.1104,673,3/19/26,0,26.1
STA_YUN,-78.1267,43.1104,673,3/20/26,0,37.2
STA_YUN,-78.1267,43.1104,673,3/21/26,0.76,39.4
STA_YUN,-78.1267,43.1104,673,3/22/26,0,41.1
STA_YUN,-78.1267,43.1104,673,3/23/26,0.45,39.9
STA_YUN,-78.1267,43.1104,673,3/24/26,0,29.4
STA_YUN,-78.1267,43.1104,673,3/25/26,0,32.4
STA_YUN,-78.1267,43.1104,673,3/26/26,0,43.1
STA_YUN,-78.1267,43.1104,673,3/27/26,0.76,44.5
STA_YUN,-78.1267,43.1104,673,3/28/26,0,25.8
STA_YUN,-78.1267,43.1104,673,3/29/26,0,28.8
STA_YUN,-78.1267,43.1104,673,3/30/26,0,43.2
STA_YUN,-78.1267,43.1104,673,3/31/26,0.63,57.7
STA_YUN,-78.1267,43.1104,673,4/1/26,1.47,53.3
STA_YUN,-78.1267,43.1104,673,4/2/26,0,36.3
STA_YUN,-78.1267,43.1104,673,4/3/26,0.05,48
STA_YUN,-78.1267,43.1104,673,4/4/26,0.02,55.2
STA_YUN,-78.1267,43.1104,673,4/5/26,0.43,54
STA_YUN,-78.1267,43.1104,673,4/6/26,0.01,38.5
STA_YUN,-78.1267,43.1104,673,4/7/26,0.1,34.1
STA_YUN,-78.1267,43.1104,673,4/8/26,0,26.9
STA_YUN,-78.1267,43.1104,673,4/9/26,0,40.8
STA_YUN,-78.1267,43.1104,673,4/10/26,0,58.9
STA_YUN,-78.1267,43.1104,673,4/11/26,0.07,45.4
STA_YUN,-78.1267,43.1104,673,4/12/26,0,40.4
STA_YUN,-78.1267,43.1104,673,4/13/26,0.02,54
STA_YUN,-78.1267,43.1104,673,4/14/26,0.11,62.1
STA_YUN,-78.1267,43.1104,673,4/15/26,0.17,62.1
STA_YUN,-78.1267,43.1104,673,4/16/26,0.53,65.1
STA_YUN,-78.1267,43.1104,673,4/17/26,0.42,63.7
STA_YUN,-78.1267,43.1104,673,4/18/26,0,57.8
STA_YUN,-78.1267,43.1104,673,4/19/26,0.39,58.2
STA_YUN,-78.1267,43.1104,673,4/20/26,0.21,36.5
STA_YUN,-78.1267,43.1104,673,4/21/26,0,33.5
STA_YUN,-78.1267,43.1104,673,4/22/26,0,44.9
STA_YUN,-78.1267,43.1104,673,4/23/26,0,54.5
STA_YUN,-78.1267,43.1104,673,4/24/26,0,54.7
STA_YUN,-78.1267,43.1104,673,4/25/26,0.35,46.2
STA_YUN,-78.1267,43.1104,673,4/26/26,0.86,42.3
STA_YUN,-78.1267,43.1104,673,4/27/26,0,49.1
STA_YUN,-78.1267,43.1104,673,4/28/26,0,59.6
STA_YUN,-78.1267,43.1104,673,4/29/26,0.03,58.2
STA_YUN,-78.1267,43.1104,673,4/30/26,0.7,46.7
STA_YUN,-78.1267,43.1104,673,5/1/26,0,42.9
STA_YUN,-78.1267,43.1104,673,5/2/26,0.08,40.6
STA_YUN,-78.1267,43.1104,673,5/3/26,0,40.1
STA_YUN,-78.1267,43.1104,673,5/4/26,0.01,48.6
STA_YUN,-78.1267,43.1104,673,5/5/26,0.04,64.5
STA_YUN,-78.1267,43.1104,673,5/6/26,1.04,56.2
STA_YUN,-78.1267,43.1104,673,5/7/26,0.1,43.6
STA_YUN,-78.1267,43.1104,673,5/8/26,0.09,45.9
STA_YUN,-78.1267,43.1104,673,5/9/26,0.03,48.3
STA_YUN,-78.1267,43.1104,673,5/10/26,0.12,56.3
STA_YUN,-78.1267,43.1104,673,5/11/26,0,47.6
STA_YUN,-78.1267,43.1104,673,5/12/26,0,43.7
STA_YUN,-78.1267,43.1104,673,5/13/26,0.23,51.2
STA_YUN,-78.1267,43.1104,673,5/14/26,0.1,54.7
STA_YUN,-78.1267,43.1104,673,5/15/26,0,46.8
STA_YUN,-78.1267,43.1104,673,5/16/26,0,57.5
STA_YUN,-78.1267,43.1104,673,5/17/26,0.35,68.9
STA_YUN,-78.1267,43.1104,673,5/18/26,0,73.7
STA_YUN,-78.1267,43.1104,673,5/19/26,0.06,78.4
STA_YUN,-78.1267,43.1104,673,5/20/26,0.15,71.4
STA_YUN,-78.1267,43.1104,673,5/21/26,0,53.3
STA_YUN,-78.1267,43.1104,673,5/22/26,0,49
STA_YUN,-78.1267,43.1104,673,5/23/26,0,55.6
STA_YUN,-78.1267,43.1104,673,5/24/26,1.41,50.9
STA_YUN,-78.1267,43.1104,673,5/25/26,0.13,61.8
STA_YUN,-78.1267,43.1104,673,5/26/26,0,64.1
STA_YUN,-78.1267,43.1104,673,5/27/26,0,72.5
STA_YUN,-78.1267,43.1104,673,5/28/26,0,63.6
STA_YUN,-78.1267,43.1104,673,5/29/26,0.04,58.6
STA_YUN,-78.1267,43.1104,673,5/30/26,0,59.8
STA_YUN,-78.1267,43.1104,673,5/31/26,0,57.2
STA_YUN,-78.1267,43.1104,673,6/1/26,0,59.3
STA_YUN,-78.1267,43.1104,673,6/2/26,0,55.6
STA_YUN,-78.1267,43.1104,673,6/3/26,0,63.9
STA_YUN,-78.1267,43.1104,673,6/4/26,0,68.5
STA_YUN,-78.1267,43.1104,673,6/5/26,0,70.4
STA_YUN,-78.1267,43.1104,673,6/6/26,0.25,74.2
STA_YUN,-78.1267,43.1104,673,6/7/26,0,70
STA_YUN,-78.1267,43.1104,673,6/8/26,0,63.7
STA_YUN,-78.1267,43.1104,673,6/9/26,0,69.7
STA_YUN,-78.1267,43.1104,673,6/10/26,0.19,78.7
STA_YUN,-78.1267,43.1104,673,6/11/26,0,75.4
STA_YUN,-78.1267,43.1104,673,6/12/26,0.25,78.9
STA_YUN,-78.1267,43.1104,673,6/13/26,0,71.1
STA_YUN,-78.1267,43.1104,673,6/14/26,0,74.5
STA_YUN,-78.1267,43.1104,673,6/15/26,1.43,63.7
STA_YUN,-78.1267,43.1104,673,6/16/26,0,58.2
STA_YUN,-78.1267,43.1104,673,6/17/26,0.04,65.9
STA_YUN,-78.1267,43.1104,673,6/18/26,0.8,67.2
STA_YUN,-78.1267,43.1104,673,6/19/26,0.27,66.8
STA_YUN,-78.1267,43.1104,673,6/20/26,0.27,64.6
STA_YUN,-78.1267,43.1104,673,6/21/26,0,65.1
STA_YUN,-78.1267,43.1104,673,6/22/26,0.04,67.3
STA_YUN,-78.1267,43.1104,673,6/23/26,0.41,59.5
STA_YUN,-78.1267,43.1104,673,6/24/26,0,64.8
STA_YUN,-78.1267,43.1104,673,6/25/26,0,66.7
STA_YUN,-78.1267,43.1104,673,6/26/26,0.53,62.2
STA_YUN,-78.1267,43.1104,673,6/27/26,0,64.7
STA_YUN,-78.1267,43.1104,673,6/28/26,0,69.1
STA_YUN,-78.1267,43.1104,673,6/29/26,0,71.5
STA_YUN,-78.1267,43.1104,673,6/30/26,0,77.8
,,,,,,
ZUE_FAL,-78.8116,42.4522,1010,1/1/26,0.45,18.4
ZUE_FAL,-78.8116,42.4522,1010,1/2/26,0.29,15
ZUE_FAL,-78.8116,42.4522,1010,1/3/26,0.02,18.4
ZUE_FAL,-78.8116,42.4522,1010,1/4/26,0.07,20.5
ZUE_FAL,-78.8116,42.4522,1010,1/5/26,0.03,23.5
ZUE_FAL,-78.8116,42.4522,1010,1/6/26,0.01,30.5
ZUE_FAL,-78.8116,42.4522,1010,1/7/26,0.34,36.2
ZUE_FAL,-78.8116,42.4522,1010,1/8/26,0.05,35.4
ZUE_FAL,-78.8116,42.4522,1010,1/9/26,0.03,43.1
ZUE_FAL,-78.8116,42.4522,1010,1/10/26,0.29,45.5
ZUE_FAL,-78.8116,42.4522,1010,1/11/26,0.21,36.4
ZUE_FAL,-78.8116,42.4522,1010,1/12/26,0.1,27.4
ZUE_FAL,-78.8116,42.4522,1010,1/13/26,0,30.5
ZUE_FAL,-78.8116,42.4522,1010,1/14/26,0,36.1
ZUE_FAL,-78.8116,42.4522,1010,1/15/26,0.41,28.1
ZUE_FAL,-78.8116,42.4522,1010,1/16/26,0.16,14.6
ZUE_FAL,-78.8116,42.4522,1010,1/17/26,0.01,22.9
ZUE_FAL,-78.8116,42.4522,1010,1/18/26,0.05,25.7
ZUE_FAL,-78.8116,42.4522,1010,1/19/26,0,14.4
ZUE_FAL,-78.8116,42.4522,1010,1/20/26,0.12,13.3
ZUE_FAL,-78.8116,42.4522,1010,1/21/26,0.07,7.7
ZUE_FAL,-78.8116,42.4522,1010,1/22/26,0.3,21.3
ZUE_FAL,-78.8116,42.4522,1010,1/23/26,0.23,19.7
ZUE_FAL,-78.8116,42.4522,1010,1/24/26,0.07,4.9
ZUE_FAL,-78.8116,42.4522,1010,1/25/26,0.02,2.8
ZUE_FAL,-78.8116,42.4522,1010,1/26/26,0.57,8.8
ZUE_FAL,-78.8116,42.4522,1010,1/27/26,0.01,7.7
ZUE_FAL,-78.8116,42.4522,1010,1/28/26,0.03,6.8
ZUE_FAL,-78.8116,42.4522,1010,1/29/26,0,7.7
ZUE_FAL,-78.8116,42.4522,1010,1/30/26,0.02,2.5
ZUE_FAL,-78.8116,42.4522,1010,1/31/26,0.02,3.4
ZUE_FAL,-78.8116,42.4522,1010,2/1/26,0.02,6.4
ZUE_FAL,-78.8116,42.4522,1010,2/2/26,0,6.6
ZUE_FAL,-78.8116,42.4522,1010,2/3/26,0.01,14.5
ZUE_FAL,-78.8116,42.4522,1010,2/4/26,0.08,17.4
ZUE_FAL,-78.8116,42.4522,1010,2/5/26,0,12.3
ZUE_FAL,-78.8116,42.4522,1010,2/6/26,0,12.8
ZUE_FAL,-78.8116,42.4522,1010,2/7/26,0.13,9.9
ZUE_FAL,-78.8116,42.4522,1010,2/8/26,0,0.6
ZUE_FAL,-78.8116,42.4522,1010,2/9/26,0,-2.3
ZUE_FAL,-78.8116,42.4522,1010,2/10/26,0,9.2
ZUE_FAL,-78.8116,42.4522,1010,2/11/26,0.01,36.3
ZUE_FAL,-78.8116,42.4522,1010,2/12/26,0.22,23.6
ZUE_FAL,-78.8116,42.4522,1010,2/13/26,0.1,20.1
ZUE_FAL,-78.8116,42.4522,1010,2/14/26,0.03,25.3
ZUE_FAL,-78.8116,42.4522,1010,2/15/26,0,29.5
ZUE_FAL,-78.8116,42.4522,1010,2/16/26,0,33.4
ZUE_FAL,-78.8116,42.4522,1010,2/17/26,0,39
ZUE_FAL,-78.8116,42.4522,1010,2/18/26,0.03,39.2
ZUE_FAL,-78.8116,42.4522,1010,2/19/26,0.35,35.7
ZUE_FAL,-78.8116,42.4522,1010,2/20/26,0.12,40.5
ZUE_FAL,-78.8116,42.4522,1010,2/21/26,0.19,39.8
ZUE_FAL,-78.8116,42.4522,1010,2/22/26,0.1,29.8
ZUE_FAL,-78.8116,42.4522,1010,2/23/26,0.14,28.8
ZUE_FAL,-78.8116,42.4522,1010,2/24/26,0.19,19.4
ZUE_FAL,-78.8116,42.4522,1010,2/25/26,0.1,20.7
ZUE_FAL,-78.8116,42.4522,1010,2/26/26,0.03,28.7
ZUE_FAL,-78.8116,42.4522,1010,2/27/26,0,22.9
ZUE_FAL,-78.8116,42.4522,1010,2/28/26,0,36.4
ZUE_FAL,-78.8116,42.4522,1010,3/1/26,0.04,32.2
ZUE_FAL,-78.8116,42.4522,1010,3/2/26,0,16.5
ZUE_FAL,-78.8116,42.4522,1010,3/3/26,0,22
ZUE_FAL,-78.8116,42.4522,1010,3/4/26,0.08,32.7
ZUE_FAL,-78.8116,42.4522,1010,3/5/26,0.02,42.9
ZUE_FAL,-78.8116,42.4522,1010,3/6/26,0.67,40.7
ZUE_FAL,-78.8116,42.4522,1010,3/7/26,0.32,49.5
ZUE_FAL,-78.8116,42.4522,1010,3/8/26,0.27,56.4
ZUE_FAL,-78.8116,42.4522,1010,3/9/26,0,46.1
ZUE_FAL,-78.8116,42.4522,1010,3/10/26,0,56.6
ZUE_FAL,-78.8116,42.4522,1010,3/11/26,0.54,58.7
ZUE_FAL,-78.8116,42.4522,1010,3/12/26,0.98,48.9
ZUE_FAL,-78.8116,42.4522,1010,3/13/26,0,28.2
ZUE_FAL,-78.8116,42.4522,1010,3/14/26,0.18,35.1
ZUE_FAL,-78.8116,42.4522,1010,3/15/26,0,30.2
ZUE_FAL,-78.8116,42.4522,1010,3/16/26,0,45.9
ZUE_FAL,-78.8116,42.4522,1010,3/17/26,0.45,39.2
ZUE_FAL,-78.8116,42.4522,1010,3/18/26,0.02,18.7
ZUE_FAL,-78.8116,42.4522,1010,3/19/26,0,25.4
ZUE_FAL,-78.8116,42.4522,1010,3/20/26,0,36.2
ZUE_FAL,-78.8116,42.4522,1010,3/21/26,0.65,40.3
ZUE_FAL,-78.8116,42.4522,1010,3/22/26,0,44.6
ZUE_FAL,-78.8116,42.4522,1010,3/23/26,0.31,42.4
ZUE_FAL,-78.8116,42.4522,1010,3/24/26,0.06,26.3
ZUE_FAL,-78.8116,42.4522,1010,3/25/26,0,29.3
ZUE_FAL,-78.8116,42.4522,1010,3/26/26,0.02,43.6
ZUE_FAL,-78.8116,42.4522,1010,3/27/26,1.2,46.1
ZUE_FAL,-78.8116,42.4522,1010,3/28/26,0,27.1
ZUE_FAL,-78.8116,42.4522,1010,3/29/26,0,29.5
ZUE_FAL,-78.8116,42.4522,1010,3/30/26,0,43.2
ZUE_FAL,-78.8116,42.4522,1010,3/31/26,0.38,56.7
ZUE_FAL,-78.8116,42.4522,1010,4/1/26,1.35,53.8
ZUE_FAL,-78.8116,42.4522,1010,4/2/26,0.22,39.2
ZUE_FAL,-78.8116,42.4522,1010,4/3/26,0.06,52.1
ZUE_FAL,-78.8116,42.4522,1010,4/4/26,0.08,58
ZUE_FAL,-78.8116,42.4522,1010,4/5/26,0.72,59.7
ZUE_FAL,-78.8116,42.4522,1010,4/6/26,0,36.6
ZUE_FAL,-78.8116,42.4522,1010,4/7/26,0.1,33.6
ZUE_FAL,-78.8116,42.4522,1010,4/8/26,0,24.6
ZUE_FAL,-78.8116,42.4522,1010,4/9/26,0,38.8
ZUE_FAL,-78.8116,42.4522,1010,4/10/26,0.05,58.7
ZUE_FAL,-78.8116,42.4522,1010,4/11/26,0.24,51.3
ZUE_FAL,-78.8116,42.4522,1010,4/12/26,0,39.4
ZUE_FAL,-78.8116,42.4522,1010,4/13/26,0.01,55.7
ZUE_FAL,-78.8116,42.4522,1010,4/14/26,0.2,62.3
ZUE_FAL,-78.8116,42.4522,1010,4/15/26,0.24,65.2
ZUE_FAL,-78.8116,42.4522,1010,4/16/26,0.57,67.2
ZUE_FAL,-78.8116,42.4522,1010,4/17/26,0.54,63.5
ZUE_FAL,-78.8116,42.4522,1010,4/18/26,0,59.1
ZUE_FAL,-78.8116,42.4522,1010,4/19/26,0.71,59.2
ZUE_FAL,-78.8116,42.4522,1010,4/20/26,0.06,36.3
ZUE_FAL,-78.8116,42.4522,1010,4/21/26,0.02,31.4
ZUE_FAL,-78.8116,42.4522,1010,4/22/26,0.27,44.7
ZUE_FAL,-78.8116,42.4522,1010,4/23/26,0,54.2
ZUE_FAL,-78.8116,42.4522,1010,4/24/26,0,57.1
ZUE_FAL,-78.8116,42.4522,1010,4/25/26,0.43,55.7
ZUE_FAL,-78.8116,42.4522,1010,4/26/26,0.45,47.1
ZUE_FAL,-78.8116,42.4522,1010,4/27/26,0,50.3
ZUE_FAL,-78.8116,42.4522,1010,4/28/26,0,59.4
ZUE_FAL,-78.8116,42.4522,1010,4/29/26,0.02,56
ZUE_FAL,-78.8116,42.4522,1010,4/30/26,0.84,47.6
ZUE_FAL,-78.8116,42.4522,1010,5/1/26,0.13,39.5
ZUE_FAL,-78.8116,42.4522,1010,5/2/26,0.22,37.7
ZUE_FAL,-78.8116,42.4522,1010,5/3/26,0,37.9
ZUE_FAL,-78.8116,42.4522,1010,5/4/26,0,46.6
ZUE_FAL,-78.8116,42.4522,1010,5/5/26,0.09,61.8
ZUE_FAL,-78.8116,42.4522,1010,5/6/26,1.7,56.9
ZUE_FAL,-78.8116,42.4522,1010,5/7/26,0.05,43.3
ZUE_FAL,-78.8116,42.4522,1010,5/8/26,0.07,45.2
ZUE_FAL,-78.8116,42.4522,1010,5/9/26,0,47.6
ZUE_FAL,-78.8116,42.4522,1010,5/10/26,0.44,54.5
ZUE_FAL,-78.8116,42.4522,1010,5/11/26,0,44.3
ZUE_FAL,-78.8116,42.4522,1010,5/12/26,0,43.1
ZUE_FAL,-78.8116,42.4522,1010,5/13/26,0.22,48.4
ZUE_FAL,-78.8116,42.4522,1010,5/14/26,0.12,52.3
ZUE_FAL,-78.8116,42.4522,1010,5/15/26,0.03,43.9
ZUE_FAL,-78.8116,42.4522,1010,5/16/26,0,53.5
ZUE_FAL,-78.8116,42.4522,1010,5/17/26,0.15,64
ZUE_FAL,-78.8116,42.4522,1010,5/18/26,0,72
ZUE_FAL,-78.8116,42.4522,1010,5/19/26,0.12,75.7
ZUE_FAL,-78.8116,42.4522,1010,5/20/26,0.49,71.6
ZUE_FAL,-78.8116,42.4522,1010,5/21/26,0,51.9
ZUE_FAL,-78.8116,42.4522,1010,5/22/26,0,52
ZUE_FAL,-78.8116,42.4522,1010,5/23/26,0.08,55.9
ZUE_FAL,-78.8116,42.4522,1010,5/24/26,0.51,52.4
ZUE_FAL,-78.8116,42.4522,1010,5/25/26,0.42,60.8
ZUE_FAL,-78.8116,42.4522,1010,5/26/26,0,60.3
ZUE_FAL,-78.8116,42.4522,1010,5/27/26,0,66.4
ZUE_FAL,-78.8116,42.4522,1010,5/28/26,0,62.4
ZUE_FAL,-78.8116,42.4522,1010,5/29/26,0,55.8
ZUE_FAL,-78.8116,42.4522,1010,5/30/26,0,56.9
ZUE_FAL,-78.8116,42.4522,1010,5/31/26,0,53.5
ZUE_FAL,-78.8116,42.4522,1010,6/1/26,0,56.6
ZUE_FAL,-78.8116,42.4522,1010,6/2/26,0,56.2
ZUE_FAL,-78.8116,42.4522,1010,6/3/26,0,58.9
ZUE_FAL,-78.8116,42.4522,1010,6/4/26,0,62.8
ZUE_FAL,-78.8116,42.4522,1010,6/5/26,0,67
ZUE_FAL,-78.8116,42.4522,1010,6/6/26,0.41,71.1
ZUE_FAL,-78.8116,42.4522,1010,6/7/26,0,67.7
ZUE_FAL,-78.8116,42.4522,1010,6/8/26,0,62.9
ZUE_FAL,-78.8116,42.4522,1010,6/9/26,0,71.4
ZUE_FAL,-78.8116,42.4522,1010,6/10/26,0.04,75.6
ZUE_FAL,-78.8116,42.4522,1010,6/11/26,0.02,74.4
ZUE_FAL,-78.8116,42.4522,1010,6/12/26,0.89,76.7
ZUE_FAL,-78.8116,42.4522,1010,6/13/26,0,66.4
ZUE_FAL,-78.8116,42.4522,1010,6/14/26,0,70.2
ZUE_FAL,-78.8116,42.4522,1010,6/15/26,1.22,63.8
ZUE_FAL,-78.8116,42.4522,1010,6/16/26,0,54.9
ZUE_FAL,-78.8116,42.4522,1010,6/17/26,0.08,63.2
ZUE_FAL,-78.8116,42.4522,1010,6/18/26,0.37,64.5
ZUE_FAL,-78.8116,42.4522,1010,6/19/26,0.18,64.9
ZUE_FAL,-78.8116,42.4522,1010,6/20/26,0,61.6
ZUE_FAL,-78.8116,42.4522,1010,6/21/26,0,62.9
ZUE_FAL,-78.8116,42.4522,1010,6/22/26,0.35,64.2
ZUE_FAL,-78.8116,42.4522,1010,6/23/26,0.48,58.8
ZUE_FAL,-78.8116,42.4522,1010,6/24/26,0,60.5
ZUE_FAL,-78.8116,42.4522,1010,6/25/26,0.14,63.5
ZUE_FAL,-78.8116,42.4522,1010,6/26/26,0.45,64
ZUE_FAL,-78.8116,42.4522,1010,6/27/26,0,65.4
ZUE_FAL,-78.8116,42.4522,1010,6/28/26,0,69.3
ZUE_FAL,-78.8116,42.4522,1010,6/29/26,0,72.7
ZUE_FAL,-78.8116,42.4522,1010,6/30/26,0,76.8
,,,,,,
ZUE_JEF_1,-77.6827,42.8382,886,1/1/26,0.23,16.8
ZUE_JEF_1,-77.6827,42.8382,886,1/2/26,0,14.2
ZUE_JEF_1,-77.6827,42.8382,886,1/3/26,0,19.8
ZUE_JEF_1,-77.6827,42.8382,886,1/4/26,0.08,21.5
ZUE_JEF_1,-77.6827,42.8382,886,1/5/26,0,23.6
ZUE_JEF_1,-77.6827,42.8382,886,1/6/26,0.04,28.7
ZUE_JEF_1,-77.6827,42.8382,886,1/7/26,0.46,34.1
ZUE_JEF_1,-77.6827,42.8382,886,1/8/26,0,35
ZUE_JEF_1,-77.6827,42.8382,886,1/9/26,0,41.9
ZUE_JEF_1,-77.6827,42.8382,886,1/10/26,0.25,44.4
ZUE_JEF_1,-77.6827,42.8382,886,1/11/26,0.1,37.4
ZUE_JEF_1,-77.6827,42.8382,886,1/12/26,0,29.2
ZUE_JEF_1,-77.6827,42.8382,886,1/13/26,0,32.5
ZUE_JEF_1,-77.6827,42.8382,886,1/14/26,0,38.9
ZUE_JEF_1,-77.6827,42.8382,886,1/15/26,0.46,31.4
ZUE_JEF_1,-77.6827,42.8382,886,1/16/26,0,14.9
ZUE_JEF_1,-77.6827,42.8382,886,1/17/26,0.02,23.3
ZUE_JEF_1,-77.6827,42.8382,886,1/18/26,0,29.5
ZUE_JEF_1,-77.6827,42.8382,886,1/19/26,0,17.6
ZUE_JEF_1,-77.6827,42.8382,886,1/20/26,0.03,16.7
ZUE_JEF_1,-77.6827,42.8382,886,1/21/26,0,10.6
ZUE_JEF_1,-77.6827,42.8382,886,1/22/26,0.16,22.8
ZUE_JEF_1,-77.6827,42.8382,886,1/23/26,0.08,21.8
ZUE_JEF_1,-77.6827,42.8382,886,1/24/26,0,4.6
ZUE_JEF_1,-77.6827,42.8382,886,1/25/26,0,3.6
ZUE_JEF_1,-77.6827,42.8382,886,1/26/26,0.78,8
ZUE_JEF_1,-77.6827,42.8382,886,1/27/26,0,10.4
ZUE_JEF_1,-77.6827,42.8382,886,1/28/26,0,9.9
ZUE_JEF_1,-77.6827,42.8382,886,1/29/26,0.03,10.2
ZUE_JEF_1,-77.6827,42.8382,886,1/30/26,0,6.4
ZUE_JEF_1,-77.6827,42.8382,886,1/31/26,0,3.4
ZUE_JEF_1,-77.6827,42.8382,886,2/1/26,0,7.1
ZUE_JEF_1,-77.6827,42.8382,886,2/2/26,0,7.6
ZUE_JEF_1,-77.6827,42.8382,886,2/3/26,0.02,16.2
ZUE_JEF_1,-77.6827,42.8382,886,2/4/26,0.03,17.6
ZUE_JEF_1,-77.6827,42.8382,886,2/5/26,0,13.8
ZUE_JEF_1,-77.6827,42.8382,886,2/6/26,0,14.6
ZUE_JEF_1,-77.6827,42.8382,886,2/7/26,0.06,12.3
ZUE_JEF_1,-77.6827,42.8382,886,2/8/26,0,-0.3
ZUE_JEF_1,-77.6827,42.8382,886,2/9/26,0,-1.1
ZUE_JEF_1,-77.6827,42.8382,886,2/10/26,0,6.7
ZUE_JEF_1,-77.6827,42.8382,886,2/11/26,0.17,34.7
ZUE_JEF_1,-77.6827,42.8382,886,2/12/26,0.18,26.2
ZUE_JEF_1,-77.6827,42.8382,886,2/13/26,0,20.5
ZUE_JEF_1,-77.6827,42.8382,886,2/14/26,0,25.3
ZUE_JEF_1,-77.6827,42.8382,886,2/15/26,0,28
ZUE_JEF_1,-77.6827,42.8382,886,2/16/26,0,31.1
ZUE_JEF_1,-77.6827,42.8382,886,2/17/26,0,40
ZUE_JEF_1,-77.6827,42.8382,886,2/18/26,0,38.9
ZUE_JEF_1,-77.6827,42.8382,886,2/19/26,0.57,32.7
ZUE_JEF_1,-77.6827,42.8382,886,2/20/26,0.1,36.2
ZUE_JEF_1,-77.6827,42.8382,886,2/21/26,0.17,40.4
ZUE_JEF_1,-77.6827,42.8382,886,2/22/26,0.02,32.6
ZUE_JEF_1,-77.6827,42.8382,886,2/23/26,0.09,30.8
ZUE_JEF_1,-77.6827,42.8382,886,2/24/26,0.04,21.8
ZUE_JEF_1,-77.6827,42.8382,886,2/25/26,0.07,22.3
ZUE_JEF_1,-77.6827,42.8382,886,2/26/26,0,31.7
ZUE_JEF_1,-77.6827,42.8382,886,2/27/26,0,23.5
ZUE_JEF_1,-77.6827,42.8382,886,2/28/26,0,35.9
ZUE_JEF_1,-77.6827,42.8382,886,3/1/26,0.03,33.4
ZUE_JEF_1,-77.6827,42.8382,886,3/2/26,0,16.8
ZUE_JEF_1,-77.6827,42.8382,886,3/3/26,0,20.7
ZUE_JEF_1,-77.6827,42.8382,886,3/4/26,0.03,31.5
ZUE_JEF_1,-77.6827,42.8382,886,3/5/26,0,42.8
ZUE_JEF_1,-77.6827,42.8382,886,3/6/26,0.77,35.5
ZUE_JEF_1,-77.6827,42.8382,886,3/7/26,0.13,43.3
ZUE_JEF_1,-77.6827,42.8382,886,3/8/26,0.22,58.9
ZUE_JEF_1,-77.6827,42.8382,886,3/9/26,0,48
ZUE_JEF_1,-77.6827,42.8382,886,3/10/26,0,58.6
ZUE_JEF_1,-77.6827,42.8382,886,3/11/26,0.05,53.8
ZUE_JEF_1,-77.6827,42.8382,886,3/12/26,0.68,50.5
ZUE_JEF_1,-77.6827,42.8382,886,3/13/26,0,28.5
ZUE_JEF_1,-77.6827,42.8382,886,3/14/26,0.18,32.6
ZUE_JEF_1,-77.6827,42.8382,886,3/15/26,0,29.1
ZUE_JEF_1,-77.6827,42.8382,886,3/16/26,0,42.9
ZUE_JEF_1,-77.6827,42.8382,886,3/17/26,0.32,42.4
ZUE_JEF_1,-77.6827,42.8382,886,3/18/26,0,18.5
ZUE_JEF_1,-77.6827,42.8382,886,3/19/26,0,26.4
ZUE_JEF_1,-77.6827,42.8382,886,3/20/26,0,36.8
ZUE_JEF_1,-77.6827,42.8382,886,3/21/26,0.47,39.8
ZUE_JEF_1,-77.6827,42.8382,886,3/22/26,0,42.5
ZUE_JEF_1,-77.6827,42.8382,886,3/23/26,0.33,41.3
ZUE_JEF_1,-77.6827,42.8382,886,3/24/26,0.02,28.8
ZUE_JEF_1,-77.6827,42.8382,886,3/25/26,0,34
ZUE_JEF_1,-77.6827,42.8382,886,3/26/26,0,43
ZUE_JEF_1,-77.6827,42.8382,886,3/27/26,0.89,46.7
ZUE_JEF_1,-77.6827,42.8382,886,3/28/26,0,25.6
ZUE_JEF_1,-77.6827,42.8382,886,3/29/26,0,28.2
ZUE_JEF_1,-77.6827,42.8382,886,3/30/26,0,44.1
ZUE_JEF_1,-77.6827,42.8382,886,3/31/26,0.78,58.6
ZUE_JEF_1,-77.6827,42.8382,886,4/1/26,2.14,54.5
ZUE_JEF_1,-77.6827,42.8382,886,4/2/26,0.04,37.3
ZUE_JEF_1,-77.6827,42.8382,886,4/3/26,0,46.8
ZUE_JEF_1,-77.6827,42.8382,886,4/4/26,0,56.2
ZUE_JEF_1,-77.6827,42.8382,886,4/5/26,0.91,56.8
ZUE_JEF_1,-77.6827,42.8382,886,4/6/26,0.02,39.7
ZUE_JEF_1,-77.6827,42.8382,886,4/7/26,0.04,34.3
ZUE_JEF_1,-77.6827,42.8382,886,4/8/26,0,25.8
ZUE_JEF_1,-77.6827,42.8382,886,4/9/26,0,40.9
ZUE_JEF_1,-77.6827,42.8382,886,4/10/26,0,59.3
ZUE_JEF_1,-77.6827,42.8382,886,4/11/26,0.07,52.3
ZUE_JEF_1,-77.6827,42.8382,886,4/12/26,0,39.9
ZUE_JEF_1,-77.6827,42.8382,886,4/13/26,0,52.9
ZUE_JEF_1,-77.6827,42.8382,886,4/14/26,0.04,62.5
ZUE_JEF_1,-77.6827,42.8382,886,4/15/26,0.08,63.4
ZUE_JEF_1,-77.6827,42.8382,886,4/16/26,0.72,67.5
ZUE_JEF_1,-77.6827,42.8382,886,4/17/26,0.76,66.4
ZUE_JEF_1,-77.6827,42.8382,886,4/18/26,0,56.6
ZUE_JEF_1,-77.6827,42.8382,886,4/19/26,0.62,55.6
ZUE_JEF_1,-77.6827,42.8382,886,4/20/26,0.07,35.1
ZUE_JEF_1,-77.6827,42.8382,886,4/21/26,0,32.3
ZUE_JEF_1,-77.6827,42.8382,886,4/22/26,0,44.5
ZUE_JEF_1,-77.6827,42.8382,886,4/23/26,0.02,54.6
ZUE_JEF_1,-77.6827,42.8382,886,4/24/26,0,54.7
ZUE_JEF_1,-77.6827,42.8382,886,4/25/26,0.29,48.6
ZUE_JEF_1,-77.6827,42.8382,886,4/26/26,0.9,41.6
ZUE_JEF_1,-77.6827,42.8382,886,4/27/26,0,49.1
ZUE_JEF_1,-77.6827,42.8382,886,4/28/26,0,59.4
ZUE_JEF_1,-77.6827,42.8382,886,4/29/26,0,57.5
ZUE_JEF_1,-77.6827,42.8382,886,4/30/26,0.85,50.7
ZUE_JEF_1,-77.6827,42.8382,886,5/1/26,0,42.6
ZUE_JEF_1,-77.6827,42.8382,886,5/2/26,0.08,41.5
ZUE_JEF_1,-77.6827,42.8382,886,5/3/26,0,40.4
ZUE_JEF_1,-77.6827,42.8382,886,5/4/26,0,49.8
ZUE_JEF_1,-77.6827,42.8382,886,5/5/26,0.06,63.6
ZUE_JEF_1,-77.6827,42.8382,886,5/6/26,1.21,56.9
ZUE_JEF_1,-77.6827,42.8382,886,5/7/26,0.07,42.2
ZUE_JEF_1,-77.6827,42.8382,886,5/8/26,0,46
ZUE_JEF_1,-77.6827,42.8382,886,5/9/26,0.04,47.6
ZUE_JEF_1,-77.6827,42.8382,886,5/10/26,0.2,56.3
ZUE_JEF_1,-77.6827,42.8382,886,5/11/26,0,45.6
ZUE_JEF_1,-77.6827,42.8382,886,5/12/26,0,42.6
ZUE_JEF_1,-77.6827,42.8382,886,5/13/26,0.21,51.4
ZUE_JEF_1,-77.6827,42.8382,886,5/14/26,0.16,55.7
ZUE_JEF_1,-77.6827,42.8382,886,5/15/26,0.03,46
ZUE_JEF_1,-77.6827,42.8382,886,5/16/26,0,55.3
ZUE_JEF_1,-77.6827,42.8382,886,5/17/26,0.28,68.9
ZUE_JEF_1,-77.6827,42.8382,886,5/18/26,0,73.2
ZUE_JEF_1,-77.6827,42.8382,886,5/19/26,0.02,79.6
ZUE_JEF_1,-77.6827,42.8382,886,5/20/26,0.07,72.9
ZUE_JEF_1,-77.6827,42.8382,886,5/21/26,0,52.4
ZUE_JEF_1,-77.6827,42.8382,886,5/22/26,0,48.7
ZUE_JEF_1,-77.6827,42.8382,886,5/23/26,0.02,55.9
ZUE_JEF_1,-77.6827,42.8382,886,5/24/26,1.24,50
ZUE_JEF_1,-77.6827,42.8382,886,5/25/26,0.28,61.2
ZUE_JEF_1,-77.6827,42.8382,886,5/26/26,0,62.5
ZUE_JEF_1,-77.6827,42.8382,886,5/27/26,0,71.5
ZUE_JEF_1,-77.6827,42.8382,886,5/28/26,0,63.4
ZUE_JEF_1,-77.6827,42.8382,886,5/29/26,0,57.3
ZUE_JEF_1,-77.6827,42.8382,886,5/30/26,0,60.4
ZUE_JEF_1,-77.6827,42.8382,886,5/31/26,0,54.4
ZUE_JEF_1,-77.6827,42.8382,886,6/1/26,0,57.6
ZUE_JEF_1,-77.6827,42.8382,886,6/2/26,0,55.1
ZUE_JEF_1,-77.6827,42.8382,886,6/3/26,0,61.2
ZUE_JEF_1,-77.6827,42.8382,886,6/4/26,0,65.9
ZUE_JEF_1,-77.6827,42.8382,886,6/5/26,0,68.9
ZUE_JEF_1,-77.6827,42.8382,886,6/6/26,0.11,73.5
ZUE_JEF_1,-77.6827,42.8382,886,6/7/26,0.08,70.1
ZUE_JEF_1,-77.6827,42.8382,886,6/8/26,0,62.4
ZUE_JEF_1,-77.6827,42.8382,886,6/9/26,0,72.4
ZUE_JEF_1,-77.6827,42.8382,886,6/10/26,0.22,78.8
ZUE_JEF_1,-77.6827,42.8382,886,6/11/26,0.07,75.7
ZUE_JEF_1,-77.6827,42.8382,886,6/12/26,0.14,78.8
ZUE_JEF_1,-77.6827,42.8382,886,6/13/26,0,70.2
ZUE_JEF_1,-77.6827,42.8382,886,6/14/26,0,72.5
ZUE_JEF_1,-77.6827,42.8382,886,6/15/26,0.65,64.2
ZUE_JEF_1,-77.6827,42.8382,886,6/16/26,0,56.9
ZUE_JEF_1,-77.6827,42.8382,886,6/17/26,0,66.5
ZUE_JEF_1,-77.6827,42.8382,886,6/18/26,0.45,67.5
ZUE_JEF_1,-77.6827,42.8382,886,6/19/26,0.48,67.4
ZUE_JEF_1,-77.6827,42.8382,886,6/20/26,0.03,65.1
ZUE_JEF_1,-77.6827,42.8382,886,6/21/26,0,63.9
ZUE_JEF_1,-77.6827,42.8382,886,6/22/26,0,66.7
ZUE_JEF_1,-77.6827,42.8382,886,6/23/26,0.64,58.5
ZUE_JEF_1,-77.6827,42.8382,886,6/24/26,0,63.4
ZUE_JEF_1,-77.6827,42.8382,886,6/25/26,0,66.7
ZUE_JEF_1,-77.6827,42.8382,886,6/26/26,0.41,62.3
ZUE_JEF_1,-77.6827,42.8382,886,6/27/26,0,65.3
ZUE_JEF_1,-77.6827,42.8382,886,6/28/26,0,69.5
ZUE_JEF_1,-77.6827,42.8382,886,6/29/26,0,72.1
ZUE_JEF_1,-77.6827,42.8382,886,6/30/26,0,76.7
,,,,,,
ZUE_JEF_2,-77.6872,42.8384,886,1/1/26,0.23,16.8
ZUE_JEF_2,-77.6872,42.8384,886,1/2/26,0,14.2
ZUE_JEF_2,-77.6872,42.8384,886,1/3/26,0,19.8
ZUE_JEF_2,-77.6872,42.8384,886,1/4/26,0.08,21.5
ZUE_JEF_2,-77.6872,42.8384,886,1/5/26,0,23.6
ZUE_JEF_2,-77.6872,42.8384,886,1/6/26,0.04,28.7
ZUE_JEF_2,-77.6872,42.8384,886,1/7/26,0.46,34.1
ZUE_JEF_2,-77.6872,42.8384,886,1/8/26,0,35
ZUE_JEF_2,-77.6872,42.8384,886,1/9/26,0,41.9
ZUE_JEF_2,-77.6872,42.8384,886,1/10/26,0.25,44.4
ZUE_JEF_2,-77.6872,42.8384,886,1/11/26,0.1,37.4
ZUE_JEF_2,-77.6872,42.8384,886,1/12/26,0,29.2
ZUE_JEF_2,-77.6872,42.8384,886,1/13/26,0,32.5
ZUE_JEF_2,-77.6872,42.8384,886,1/14/26,0,38.9
ZUE_JEF_2,-77.6872,42.8384,886,1/15/26,0.46,31.4
ZUE_JEF_2,-77.6872,42.8384,886,1/16/26,0,14.9
ZUE_JEF_2,-77.6872,42.8384,886,1/17/26,0.02,23.3
ZUE_JEF_2,-77.6872,42.8384,886,1/18/26,0,29.5
ZUE_JEF_2,-77.6872,42.8384,886,1/19/26,0,17.6
ZUE_JEF_2,-77.6872,42.8384,886,1/20/26,0.03,16.7
ZUE_JEF_2,-77.6872,42.8384,886,1/21/26,0,10.6
ZUE_JEF_2,-77.6872,42.8384,886,1/22/26,0.16,22.8
ZUE_JEF_2,-77.6872,42.8384,886,1/23/26,0.08,21.8
ZUE_JEF_2,-77.6872,42.8384,886,1/24/26,0,4.6
ZUE_JEF_2,-77.6872,42.8384,886,1/25/26,0,3.6
ZUE_JEF_2,-77.6872,42.8384,886,1/26/26,0.78,8
ZUE_JEF_2,-77.6872,42.8384,886,1/27/26,0,10.4
ZUE_JEF_2,-77.6872,42.8384,886,1/28/26,0,9.9
ZUE_JEF_2,-77.6872,42.8384,886,1/29/26,0.03,10.2
ZUE_JEF_2,-77.6872,42.8384,886,1/30/26,0,6.4
ZUE_JEF_2,-77.6872,42.8384,886,1/31/26,0,3.4
ZUE_JEF_2,-77.6872,42.8384,886,2/1/26,0,7.1
ZUE_JEF_2,-77.6872,42.8384,886,2/2/26,0,7.6
ZUE_JEF_2,-77.6872,42.8384,886,2/3/26,0.02,16.2
ZUE_JEF_2,-77.6872,42.8384,886,2/4/26,0.03,17.6
ZUE_JEF_2,-77.6872,42.8384,886,2/5/26,0,13.8
ZUE_JEF_2,-77.6872,42.8384,886,2/6/26,0,14.6
ZUE_JEF_2,-77.6872,42.8384,886,2/7/26,0.06,12.3
ZUE_JEF_2,-77.6872,42.8384,886,2/8/26,0,-0.3
ZUE_JEF_2,-77.6872,42.8384,886,2/9/26,0,-1.1
ZUE_JEF_2,-77.6872,42.8384,886,2/10/26,0,6.7
ZUE_JEF_2,-77.6872,42.8384,886,2/11/26,0.17,34.7
ZUE_JEF_2,-77.6872,42.8384,886,2/12/26,0.18,26.2
ZUE_JEF_2,-77.6872,42.8384,886,2/13/26,0,20.5
ZUE_JEF_2,-77.6872,42.8384,886,2/14/26,0,25.3
ZUE_JEF_2,-77.6872,42.8384,886,2/15/26,0,28
ZUE_JEF_2,-77.6872,42.8384,886,2/16/26,0,31.1
ZUE_JEF_2,-77.6872,42.8384,886,2/17/26,0,40
ZUE_JEF_2,-77.6872,42.8384,886,2/18/26,0,38.9
ZUE_JEF_2,-77.6872,42.8384,886,2/19/26,0.57,32.7
ZUE_JEF_2,-77.6872,42.8384,886,2/20/26,0.1,36.2
ZUE_JEF_2,-77.6872,42.8384,886,2/21/26,0.17,40.4
ZUE_JEF_2,-77.6872,42.8384,886,2/22/26,0.02,32.6
ZUE_JEF_2,-77.6872,42.8384,886,2/23/26,0.09,30.8
ZUE_JEF_2,-77.6872,42.8384,886,2/24/26,0.04,21.8
ZUE_JEF_2,-77.6872,42.8384,886,2/25/26,0.07,22.3
ZUE_JEF_2,-77.6872,42.8384,886,2/26/26,0,31.7
ZUE_JEF_2,-77.6872,42.8384,886,2/27/26,0,23.5
ZUE_JEF_2,-77.6872,42.8384,886,2/28/26,0,35.9
ZUE_JEF_2,-77.6872,42.8384,886,3/1/26,0.03,33.4
ZUE_JEF_2,-77.6872,42.8384,886,3/2/26,0,16.8
ZUE_JEF_2,-77.6872,42.8384,886,3/3/26,0,20.7
ZUE_JEF_2,-77.6872,42.8384,886,3/4/26,0.03,31.5
ZUE_JEF_2,-77.6872,42.8384,886,3/5/26,0,42.8
ZUE_JEF_2,-77.6872,42.8384,886,3/6/26,0.77,35.5
ZUE_JEF_2,-77.6872,42.8384,886,3/7/26,0.13,43.3
ZUE_JEF_2,-77.6872,42.8384,886,3/8/26,0.22,58.9
ZUE_JEF_2,-77.6872,42.8384,886,3/9/26,0,48
ZUE_JEF_2,-77.6872,42.8384,886,3/10/26,0,58.6
ZUE_JEF_2,-77.6872,42.8384,886,3/11/26,0.05,53.8
ZUE_JEF_2,-77.6872,42.8384,886,3/12/26,0.68,50.5
ZUE_JEF_2,-77.6872,42.8384,886,3/13/26,0,28.5
ZUE_JEF_2,-77.6872,42.8384,886,3/14/26,0.18,32.6
ZUE_JEF_2,-77.6872,42.8384,886,3/15/26,0,29.1
ZUE_JEF_2,-77.6872,42.8384,886,3/16/26,0,42.9
ZUE_JEF_2,-77.6872,42.8384,886,3/17/26,0.32,42.4
ZUE_JEF_2,-77.6872,42.8384,886,3/18/26,0,18.5
ZUE_JEF_2,-77.6872,42.8384,886,3/19/26,0,26.4
ZUE_JEF_2,-77.6872,42.8384,886,3/20/26,0,36.8
ZUE_JEF_2,-77.6872,42.8384,886,3/21/26,0.47,39.8
ZUE_JEF_2,-77.6872,42.8384,886,3/22/26,0,42.5
ZUE_JEF_2,-77.6872,42.8384,886,3/23/26,0.33,41.3
ZUE_JEF_2,-77.6872,42.8384,886,3/24/26,0.02,28.8
ZUE_JEF_2,-77.6872,42.8384,886,3/25/26,0,34
ZUE_JEF_2,-77.6872,42.8384,886,3/26/26,0,43
ZUE_JEF_2,-77.6872,42.8384,886,3/27/26,0.89,46.7
ZUE_JEF_2,-77.6872,42.8384,886,3/28/26,0,25.6
ZUE_JEF_2,-77.6872,42.8384,886,3/29/26,0,28.2
ZUE_JEF_2,-77.6872,42.8384,886,3/30/26,0,44.1
ZUE_JEF_2,-77.6872,42.8384,886,3/31/26,0.78,58.6
ZUE_JEF_2,-77.6872,42.8384,886,4/1/26,2.14,54.5
ZUE_JEF_2,-77.6872,42.8384,886,4/2/26,0.04,37.3
ZUE_JEF_2,-77.6872,42.8384,886,4/3/26,0,46.8
ZUE_JEF_2,-77.6872,42.8384,886,4/4/26,0,56.2
ZUE_JEF_2,-77.6872,42.8384,886,4/5/26,0.91,56.8
ZUE_JEF_2,-77.6872,42.8384,886,4/6/26,0.02,39.7
ZUE_JEF_2,-77.6872,42.8384,886,4/7/26,0.04,34.3
ZUE_JEF_2,-77.6872,42.8384,886,4/8/26,0,25.8
ZUE_JEF_2,-77.6872,42.8384,886,4/9/26,0,40.9
ZUE_JEF_2,-77.6872,42.8384,886,4/10/26,0,59.3
ZUE_JEF_2,-77.6872,42.8384,886,4/11/26,0.07,52.3
ZUE_JEF_2,-77.6872,42.8384,886,4/12/26,0,39.9
ZUE_JEF_2,-77.6872,42.8384,886,4/13/26,0,52.9
ZUE_JEF_2,-77.6872,42.8384,886,4/14/26,0.04,62.5
ZUE_JEF_2,-77.6872,42.8384,886,4/15/26,0.08,63.4
ZUE_JEF_2,-77.6872,42.8384,886,4/16/26,0.72,67.5
ZUE_JEF_2,-77.6872,42.8384,886,4/17/26,0.76,66.4
ZUE_JEF_2,-77.6872,42.8384,886,4/18/26,0,56.6
ZUE_JEF_2,-77.6872,42.8384,886,4/19/26,0.62,55.6
ZUE_JEF_2,-77.6872,42.8384,886,4/20/26,0.07,35.1
ZUE_JEF_2,-77.6872,42.8384,886,4/21/26,0,32.3
ZUE_JEF_2,-77.6872,42.8384,886,4/22/26,0,44.5
ZUE_JEF_2,-77.6872,42.8384,886,4/23/26,0.02,54.6
ZUE_JEF_2,-77.6872,42.8384,886,4/24/26,0,54.7
ZUE_JEF_2,-77.6872,42.8384,886,4/25/26,0.29,48.6
ZUE_JEF_2,-77.6872,42.8384,886,4/26/26,0.9,41.6
ZUE_JEF_2,-77.6872,42.8384,886,4/27/26,0,49.1
ZUE_JEF_2,-77.6872,42.8384,886,4/28/26,0,59.4
ZUE_JEF_2,-77.6872,42.8384,886,4/29/26,0,57.5
ZUE_JEF_2,-77.6872,42.8384,886,4/30/26,0.85,50.7
ZUE_JEF_2,-77.6872,42.8384,886,5/1/26,0,42.6
ZUE_JEF_2,-77.6872,42.8384,886,5/2/26,0.08,41.5
ZUE_JEF_2,-77.6872,42.8384,886,5/3/26,0,40.4
ZUE_JEF_2,-77.6872,42.8384,886,5/4/26,0,49.8
ZUE_JEF_2,-77.6872,42.8384,886,5/5/26,0.06,63.6
ZUE_JEF_2,-77.6872,42.8384,886,5/6/26,1.21,56.9
ZUE_JEF_2,-77.6872,42.8384,886,5/7/26,0.07,42.2
ZUE_JEF_2,-77.6872,42.8384,886,5/8/26,0,46
ZUE_JEF_2,-77.6872,42.8384,886,5/9/26,0.04,47.6
ZUE_JEF_2,-77.6872,42.8384,886,5/10/26,0.2,56.3
ZUE_JEF_2,-77.6872,42.8384,886,5/11/26,0,45.6
ZUE_JEF_2,-77.6872,42.8384,886,5/12/26,0,42.6
ZUE_JEF_2,-77.6872,42.8384,886,5/13/26,0.21,51.4
ZUE_JEF_2,-77.6872,42.8384,886,5/14/26,0.16,55.7
ZUE_JEF_2,-77.6872,42.8384,886,5/15/26,0.03,46
ZUE_JEF_2,-77.6872,42.8384,886,5/16/26,0,55.3
ZUE_JEF_2,-77.6872,42.8384,886,5/17/26,0.28,68.9
ZUE_JEF_2,-77.6872,42.8384,886,5/18/26,0,73.2
ZUE_JEF_2,-77.6872,42.8384,886,5/19/26,0.02,79.6
ZUE_JEF_2,-77.6872,42.8384,886,5/20/26,0.07,72.9
ZUE_JEF_2,-77.6872,42.8384,886,5/21/26,0,52.4
ZUE_JEF_2,-77.6872,42.8384,886,5/22/26,0,48.7
ZUE_JEF_2,-77.6872,42.8384,886,5/23/26,0.02,55.9
ZUE_JEF_2,-77.6872,42.8384,886,5/24/26,1.24,50
ZUE_JEF_2,-77.6872,42.8384,886,5/25/26,0.28,61.2
ZUE_JEF_2,-77.6872,42.8384,886,5/26/26,0,62.5
ZUE_JEF_2,-77.6872,42.8384,886,5/27/26,0,71.5
ZUE_JEF_2,-77.6872,42.8384,886,5/28/26,0,63.4
ZUE_JEF_2,-77.6872,42.8384,886,5/29/26,0,57.3
ZUE_JEF_2,-77.6872,42.8384,886,5/30/26,0,60.4
ZUE_JEF_2,-77.6872,42.8384,886,5/31/26,0,54.4
ZUE_JEF_2,-77.6872,42.8384,886,6/1/26,0,57.6
ZUE_JEF_2,-77.6872,42.8384,886,6/2/26,0,55.1
ZUE_JEF_2,-77.6872,42.8384,886,6/3/26,0,61.2
ZUE_JEF_2,-77.6872,42.8384,886,6/4/26,0,65.9
ZUE_JEF_2,-77.6872,42.8384,886,6/5/26,0,68.9
ZUE_JEF_2,-77.6872,42.8384,886,6/6/26,0.11,73.5
ZUE_JEF_2,-77.6872,42.8384,886,6/7/26,0.08,70.1
ZUE_JEF_2,-77.6872,42.8384,886,6/8/26,0,62.4
ZUE_JEF_2,-77.6872,42.8384,886,6/9/26,0,72.4
ZUE_JEF_2,-77.6872,42.8384,886,6/10/26,0.22,78.8
ZUE_JEF_2,-77.6872,42.8384,886,6/11/26,0.07,75.7
ZUE_JEF_2,-77.6872,42.8384,886,6/12/26,0.14,78.8
ZUE_JEF_2,-77.6872,42.8384,886,6/13/26,0,70.2
ZUE_JEF_2,-77.6872,42.8384,886,6/14/26,0,72.5
ZUE_JEF_2,-77.6872,42.8384,886,6/15/26,0.65,64.2
ZUE_JEF_2,-77.6872,42.8384,886,6/16/26,0,56.9
ZUE_JEF_2,-77.6872,42.8384,886,6/17/26,0,66.5
ZUE_JEF_2,-77.6872,42.8384,886,6/18/26,0.45,67.5
ZUE_JEF_2,-77.6872,42.8384,886,6/19/26,0.48,67.4
ZUE_JEF_2,-77.6872,42.8384,886,6/20/26,0.03,65.1
ZUE_JEF_2,-77.6872,42.8384,886,6/21/26,0,63.9
ZUE_JEF_2,-77.6872,42.8384,886,6/22/26,0,66.7
ZUE_JEF_2,-77.6872,42.8384,886,6/23/26,0.64,58.5
ZUE_JEF_2,-77.6872,42.8384,886,6/24/26,0,63.4
ZUE_JEF_2,-77.6872,42.8384,886,6/25/26,0,66.7
ZUE_JEF_2,-77.6872,42.8384,886,6/26/26,0.41,62.3
ZUE_JEF_2,-77.6872,42.8384,886,6/27/26,0,65.3
ZUE_JEF_2,-77.6872,42.8384,886,6/28/26,0,69.5
ZUE_JEF_2,-77.6872,42.8384,886,6/29/26,0,72.1
ZUE_JEF_2,-77.6872,42.8384,886,6/30/26,0,76.7
,,,,,,
ZUE_LBR,-78.4594,43.2278,466,1/1/26,0.18,18.8
ZUE_LBR,-78.4594,43.2278,466,1/2/26,0,16.4
ZUE_LBR,-78.4594,43.2278,466,1/3/26,0.02,21
ZUE_LBR,-78.4594,43.2278,466,1/4/26,0.04,22.6
ZUE_LBR,-78.4594,43.2278,466,1/5/26,0,25.8
ZUE_LBR,-78.4594,43.2278,466,1/6/26,0.06,28.1
ZUE_LBR,-78.4594,43.2278,466,1/7/26,0.72,35.2
ZUE_LBR,-78.4594,43.2278,466,1/8/26,0,35.4
ZUE_LBR,-78.4594,43.2278,466,1/9/26,0,43.8
ZUE_LBR,-78.4594,43.2278,466,1/10/26,0.12,48
ZUE_LBR,-78.4594,43.2278,466,1/11/26,0.11,37
ZUE_LBR,-78.4594,43.2278,466,1/12/26,0.03,29.7
ZUE_LBR,-78.4594,43.2278,466,1/13/26,0,32.9
ZUE_LBR,-78.4594,43.2278,466,1/14/26,0.11,39.7
ZUE_LBR,-78.4594,43.2278,466,1/15/26,0.38,29.7
ZUE_LBR,-78.4594,43.2278,466,1/16/26,0.3,15.1
ZUE_LBR,-78.4594,43.2278,466,1/17/26,0,22.2
ZUE_LBR,-78.4594,43.2278,466,1/18/26,0,28.8
ZUE_LBR,-78.4594,43.2278,466,1/19/26,0.02,19.6
ZUE_LBR,-78.4594,43.2278,466,1/20/26,0.05,14.7
ZUE_LBR,-78.4594,43.2278,466,1/21/26,0,10.9
ZUE_LBR,-78.4594,43.2278,466,1/22/26,0.17,22.3
ZUE_LBR,-78.4594,43.2278,466,1/23/26,0.13,20.8
ZUE_LBR,-78.4594,43.2278,466,1/24/26,0.07,7.1
ZUE_LBR,-78.4594,43.2278,466,1/25/26,0,4.7
ZUE_LBR,-78.4594,43.2278,466,1/26/26,0.63,10.8
ZUE_LBR,-78.4594,43.2278,466,1/27/26,0.04,11.5
ZUE_LBR,-78.4594,43.2278,466,1/28/26,0,11.5
ZUE_LBR,-78.4594,43.2278,466,1/29/26,0,12.4
ZUE_LBR,-78.4594,43.2278,466,1/30/26,0.08,8.6
ZUE_LBR,-78.4594,43.2278,466,1/31/26,0,7.1
ZUE_LBR,-78.4594,43.2278,466,2/1/26,0.07,12.3
ZUE_LBR,-78.4594,43.2278,466,2/2/26,0,10.1
ZUE_LBR,-78.4594,43.2278,466,2/3/26,0,15.2
ZUE_LBR,-78.4594,43.2278,466,2/4/26,0.03,17.2
ZUE_LBR,-78.4594,43.2278,466,2/5/26,0,14.8
ZUE_LBR,-78.4594,43.2278,466,2/6/26,0,14.3
ZUE_LBR,-78.4594,43.2278,466,2/7/26,0.09,12.8
ZUE_LBR,-78.4594,43.2278,466,2/8/26,0,3
ZUE_LBR,-78.4594,43.2278,466,2/9/26,0,2.3
ZUE_LBR,-78.4594,43.2278,466,2/10/26,0,8.1
ZUE_LBR,-78.4594,43.2278,466,2/11/26,0.02,31
ZUE_LBR,-78.4594,43.2278,466,2/12/26,0.1,26.9
ZUE_LBR,-78.4594,43.2278,466,2/13/26,0,17.3
ZUE_LBR,-78.4594,43.2278,466,2/14/26,0.03,25.8
ZUE_LBR,-78.4594,43.2278,466,2/15/26,0,25.9
ZUE_LBR,-78.4594,43.2278,466,2/16/26,0,26.6
ZUE_LBR,-78.4594,43.2278,466,2/17/26,0,28.4
ZUE_LBR,-78.4594,43.2278,466,2/18/26,0.01,36.3
ZUE_LBR,-78.4594,43.2278,466,2/19/26,0.63,31.6
ZUE_LBR,-78.4594,43.2278,466,2/20/26,0.05,33.5
ZUE_LBR,-78.4594,43.2278,466,2/21/26,0.17,38.5
ZUE_LBR,-78.4594,43.2278,466,2/22/26,0,32.4
ZUE_LBR,-78.4594,43.2278,466,2/23/26,0.12,31.5
ZUE_LBR,-78.4594,43.2278,466,2/24/26,0.11,21.9
ZUE_LBR,-78.4594,43.2278,466,2/25/26,0.1,22.3
ZUE_LBR,-78.4594,43.2278,466,2/26/26,0.03,29.3
ZUE_LBR,-78.4594,43.2278,466,2/27/26,0,20.8
ZUE_LBR,-78.4594,43.2278,466,2/28/26,0,33.4
ZUE_LBR,-78.4594,43.2278,466,3/1/26,0.03,32.4
ZUE_LBR,-78.4594,43.2278,466,3/2/26,0,16.8
ZUE_LBR,-78.4594,43.2278,466,3/3/26,0,20.7
ZUE_LBR,-78.4594,43.2278,466,3/4/26,0,30.2
ZUE_LBR,-78.4594,43.2278,466,3/5/26,0,39.8
ZUE_LBR,-78.4594,43.2278,466,3/6/26,0.47,34.1
ZUE_LBR,-78.4594,43.2278,466,3/7/26,0.09,45.5
ZUE_LBR,-78.4594,43.2278,466,3/8/26,0.11,56
ZUE_LBR,-78.4594,43.2278,466,3/9/26,0,45.3
ZUE_LBR,-78.4594,43.2278,466,3/10/26,0,59.7
ZUE_LBR,-78.4594,43.2278,466,3/11/26,0.25,53.2
ZUE_LBR,-78.4594,43.2278,466,3/12/26,0.57,46.8
ZUE_LBR,-78.4594,43.2278,466,3/13/26,0,29.9
ZUE_LBR,-78.4594,43.2278,466,3/14/26,0.27,34.8
ZUE_LBR,-78.4594,43.2278,466,3/15/26,0,29.1
ZUE_LBR,-78.4594,43.2278,466,3/16/26,0,43.9
ZUE_LBR,-78.4594,43.2278,466,3/17/26,0.18,39.2
ZUE_LBR,-78.4594,43.2278,466,3/18/26,0,19.9
ZUE_LBR,-78.4594,43.2278,466,3/19/26,0,26.1
ZUE_LBR,-78.4594,43.2278,466,3/20/26,0,36.9
ZUE_LBR,-78.4594,43.2278,466,3/21/26,0.84,39.1
ZUE_LBR,-78.4594,43.2278,466,3/22/26,0,38.7
ZUE_LBR,-78.4594,43.2278,466,3/23/26,0.47,38.3
ZUE_LBR,-78.4594,43.2278,466,3/24/26,0,29.2
ZUE_LBR,-78.4594,43.2278,466,3/25/26,0,31.5
ZUE_LBR,-78.4594,43.2278,466,3/26/26,0,41.9
ZUE_LBR,-78.4594,43.2278,466,3/27/26,0.74,43.4
ZUE_LBR,-78.4594,43.2278,466,3/28/26,0,26
ZUE_LBR,-78.4594,43.2278,466,3/29/26,0,29.9
ZUE_LBR,-78.4594,43.2278,466,3/30/26,0,42.4
ZUE_LBR,-78.4594,43.2278,466,3/31/26,0.59,58.4
ZUE_LBR,-78.4594,43.2278,466,4/1/26,1.05,52.8
ZUE_LBR,-78.4594,43.2278,466,4/2/26,0,36.2
ZUE_LBR,-78.4594,43.2278,466,4/3/26,0.11,49.9
ZUE_LBR,-78.4594,43.2278,466,4/4/26,0,55
ZUE_LBR,-78.4594,43.2278,466,4/5/26,0.5,52.5
ZUE_LBR,-78.4594,43.2278,466,4/6/26,0,38.9
ZUE_LBR,-78.4594,43.2278,466,4/7/26,0.05,35.5
ZUE_LBR,-78.4594,43.2278,466,4/8/26,0,26.9
ZUE_LBR,-78.4594,43.2278,466,4/9/26,0,41.3
ZUE_LBR,-78.4594,43.2278,466,4/10/26,0.03,56.4
ZUE_LBR,-78.4594,43.2278,466,4/11/26,0.14,42.8
ZUE_LBR,-78.4594,43.2278,466,4/12/26,0,40.4
ZUE_LBR,-78.4594,43.2278,466,4/13/26,0.05,54.8
ZUE_LBR,-78.4594,43.2278,466,4/14/26,0.09,62.2
ZUE_LBR,-78.4594,43.2278,466,4/15/26,0.52,63
ZUE_LBR,-78.4594,43.2278,466,4/16/26,0.54,65.9
ZUE_LBR,-78.4594,43.2278,466,4/17/26,0.58,63.4
ZUE_LBR,-78.4594,43.2278,466,4/18/26,0,57.2
ZUE_LBR,-78.4594,43.2278,466,4/19/26,0.58,59.5
ZUE_LBR,-78.4594,43.2278,466,4/20/26,0.13,37.9
ZUE_LBR,-78.4594,43.2278,466,4/21/26,0,34.5
ZUE_LBR,-78.4594,43.2278,466,4/22/26,0,44.7
ZUE_LBR,-78.4594,43.2278,466,4/23/26,0,53.1
ZUE_LBR,-78.4594,43.2278,466,4/24/26,0,55.7
ZUE_LBR,-78.4594,43.2278,466,4/25/26,0.48,47.2
ZUE_LBR,-78.4594,43.2278,466,4/26/26,0.7,42.2
ZUE_LBR,-78.4594,43.2278,466,4/27/26,0,49.1
ZUE_LBR,-78.4594,43.2278,466,4/28/26,0,60.6
ZUE_LBR,-78.4594,43.2278,466,4/29/26,0.04,59.1
ZUE_LBR,-78.4594,43.2278,466,4/30/26,0.62,46
ZUE_LBR,-78.4594,43.2278,466,5/1/26,0,42.6
ZUE_LBR,-78.4594,43.2278,466,5/2/26,0.06,40.1
ZUE_LBR,-78.4594,43.2278,466,5/3/26,0,39
ZUE_LBR,-78.4594,43.2278,466,5/4/26,0.03,47.5
ZUE_LBR,-78.4594,43.2278,466,5/5/26,0.07,63.4
ZUE_LBR,-78.4594,43.2278,466,5/6/26,1.01,55.6
ZUE_LBR,-78.4594,43.2278,466,5/7/26,0.14,43.8
ZUE_LBR,-78.4594,43.2278,466,5/8/26,0.18,45.7
ZUE_LBR,-78.4594,43.2278,466,5/9/26,0.02,48.5
ZUE_LBR,-78.4594,43.2278,466,5/10/26,0.23,55
ZUE_LBR,-78.4594,43.2278,466,5/11/26,0,48
ZUE_LBR,-78.4594,43.2278,466,5/12/26,0,43
ZUE_LBR,-78.4594,43.2278,466,5/13/26,0.27,50.2
ZUE_LBR,-78.4594,43.2278,466,5/14/26,0,54.2
ZUE_LBR,-78.4594,43.2278,466,5/15/26,0.04,46.3
ZUE_LBR,-78.4594,43.2278,466,5/16/26,0,57.4
ZUE_LBR,-78.4594,43.2278,466,5/17/26,0.31,67.6
ZUE_LBR,-78.4594,43.2278,466,5/18/26,0,71.9
ZUE_LBR,-78.4594,43.2278,466,5/19/26,0,77.1
ZUE_LBR,-78.4594,43.2278,466,5/20/26,0.1,70.8
ZUE_LBR,-78.4594,43.2278,466,5/21/26,0,53.3
ZUE_LBR,-78.4594,43.2278,466,5/22/26,0,50
ZUE_LBR,-78.4594,43.2278,466,5/23/26,0,56
ZUE_LBR,-78.4594,43.2278,466,5/24/26,1.86,51
ZUE_LBR,-78.4594,43.2278,466,5/25/26,0.1,61.2
ZUE_LBR,-78.4594,43.2278,466,5/26/26,0,63.4
ZUE_LBR,-78.4594,43.2278,466,5/27/26,0,70.5
ZUE_LBR,-78.4594,43.2278,466,5/28/26,0,63.1
ZUE_LBR,-78.4594,43.2278,466,5/29/26,0.02,57.3
ZUE_LBR,-78.4594,43.2278,466,5/30/26,0,58.7
ZUE_LBR,-78.4594,43.2278,466,5/31/26,0,56.7
ZUE_LBR,-78.4594,43.2278,466,6/1/26,0,59.2
ZUE_LBR,-78.4594,43.2278,466,6/2/26,0,55.5
ZUE_LBR,-78.4594,43.2278,466,6/3/26,0,63.1
ZUE_LBR,-78.4594,43.2278,466,6/4/26,0,67.4
ZUE_LBR,-78.4594,43.2278,466,6/5/26,0,68.4
ZUE_LBR,-78.4594,43.2278,466,6/6/26,0.34,74.1
ZUE_LBR,-78.4594,43.2278,466,6/7/26,0,69
ZUE_LBR,-78.4594,43.2278,466,6/8/26,0,64.3
ZUE_LBR,-78.4594,43.2278,466,6/9/26,0,68.3
ZUE_LBR,-78.4594,43.2278,466,6/10/26,0.07,78.8
ZUE_LBR,-78.4594,43.2278,466,6/11/26,0.04,75
ZUE_LBR,-78.4594,43.2278,466,6/12/26,0.09,77.1
ZUE_LBR,-78.4594,43.2278,466,6/13/26,0,70.4
ZUE_LBR,-78.4594,43.2278,466,6/14/26,0,74.4
ZUE_LBR,-78.4594,43.2278,466,6/15/26,1.39,62.6
ZUE_LBR,-78.4594,43.2278,466,6/16/26,0,59.4
ZUE_LBR,-78.4594,43.2278,466,6/17/26,0,65.7
ZUE_LBR,-78.4594,43.2278,466,6/18/26,0.58,67.9
ZUE_LBR,-78.4594,43.2278,466,6/19/26,0.06,66.8
ZUE_LBR,-78.4594,43.2278,466,6/20/26,0.09,64.6
ZUE_LBR,-78.4594,43.2278,466,6/21/26,0.01,66
ZUE_LBR,-78.4594,43.2278,466,6/22/26,0.04,68.3
ZUE_LBR,-78.4594,43.2278,466,6/23/26,0.32,60.2
ZUE_LBR,-78.4594,43.2278,466,6/24/26,0,65.3
ZUE_LBR,-78.4594,43.2278,466,6/25/26,0,66
ZUE_LBR,-78.4594,43.2278,466,6/26/26,0.55,62.4
ZUE_LBR,-78.4594,43.2278,466,6/27/26,0,64.5
ZUE_LBR,-78.4594,43.2278,466,6/28/26,0,68.1
ZUE_LBR,-78.4594,43.2278,466,6/29/26,0,70.9
ZUE_LBR,-78.4594,43.2278,466,6/30/26,0,77.6
,,,,,,
ZUE_MYT_1,-78.288,42.9981,866,1/1/26,0.48,16.7
ZUE_MYT_1,-78.288,42.9981,866,1/2/26,0.01,14.2
ZUE_MYT_1,-78.288,42.9981,866,1/3/26,0,19.3
ZUE_MYT_1,-78.288,42.9981,866,1/4/26,0.08,21
ZUE_MYT_1,-78.288,42.9981,866,1/5/26,0,24.3
ZUE_MYT_1,-78.288,42.9981,866,1/6/26,0.04,29
ZUE_MYT_1,-78.288,42.9981,866,1/7/26,0.6,35.3
ZUE_MYT_1,-78.288,42.9981,866,1/8/26,0,34.5
ZUE_MYT_1,-78.288,42.9981,866,1/9/26,0,42.9
ZUE_MYT_1,-78.288,42.9981,866,1/10/26,0.23,46.3
ZUE_MYT_1,-78.288,42.9981,866,1/11/26,0.21,37
ZUE_MYT_1,-78.288,42.9981,866,1/12/26,0.09,27.9
ZUE_MYT_1,-78.288,42.9981,866,1/13/26,0,32
ZUE_MYT_1,-78.288,42.9981,866,1/14/26,0.08,38.4
ZUE_MYT_1,-78.288,42.9981,866,1/15/26,0.46,28.6
ZUE_MYT_1,-78.288,42.9981,866,1/16/26,0.14,13.7
ZUE_MYT_1,-78.288,42.9981,866,1/17/26,0,22
ZUE_MYT_1,-78.288,42.9981,866,1/18/26,0.06,28.3
ZUE_MYT_1,-78.288,42.9981,866,1/19/26,0,17.3
ZUE_MYT_1,-78.288,42.9981,866,1/20/26,0.11,14.6
ZUE_MYT_1,-78.288,42.9981,866,1/21/26,0.02,9.6
ZUE_MYT_1,-78.288,42.9981,866,1/22/26,0.26,21
ZUE_MYT_1,-78.288,42.9981,866,1/23/26,0.21,19.8
ZUE_MYT_1,-78.288,42.9981,866,1/24/26,0,4.3
ZUE_MYT_1,-78.288,42.9981,866,1/25/26,0,2.8
ZUE_MYT_1,-78.288,42.9981,866,1/26/26,0.87,7.8
ZUE_MYT_1,-78.288,42.9981,866,1/27/26,0.05,10
ZUE_MYT_1,-78.288,42.9981,866,1/28/26,0.04,9.4
ZUE_MYT_1,-78.288,42.9981,866,1/29/26,0.06,10.6
ZUE_MYT_1,-78.288,42.9981,866,1/30/26,0.09,5.7
ZUE_MYT_1,-78.288,42.9981,866,1/31/26,0,4.3
ZUE_MYT_1,-78.288,42.9981,866,2/1/26,0.04,9.4
ZUE_MYT_1,-78.288,42.9981,866,2/2/26,0,10.5
ZUE_MYT_1,-78.288,42.9981,866,2/3/26,0,16.6
ZUE_MYT_1,-78.288,42.9981,866,2/4/26,0.09,17.4
ZUE_MYT_1,-78.288,42.9981,866,2/5/26,0.02,14.9
ZUE_MYT_1,-78.288,42.9981,866,2/6/26,0,14.5
ZUE_MYT_1,-78.288,42.9981,866,2/7/26,0.24,11.4
ZUE_MYT_1,-78.288,42.9981,866,2/8/26,0.04,0.4
ZUE_MYT_1,-78.288,42.9981,866,2/9/26,0,0.2
ZUE_MYT_1,-78.288,42.9981,866,2/10/26,0.01,9
ZUE_MYT_1,-78.288,42.9981,866,2/11/26,0.04,32.7
ZUE_MYT_1,-78.288,42.9981,866,2/12/26,0.16,25.2
ZUE_MYT_1,-78.288,42.9981,866,2/13/26,0.03,18.7
ZUE_MYT_1,-78.288,42.9981,866,2/14/26,0.02,24.9
ZUE_MYT_1,-78.288,42.9981,866,2/15/26,0,26.5
ZUE_MYT_1,-78.288,42.9981,866,2/16/26,0,29.4
ZUE_MYT_1,-78.288,42.9981,866,2/17/26,0,34.5
ZUE_MYT_1,-78.288,42.9981,866,2/18/26,0,36.7
ZUE_MYT_1,-78.288,42.9981,866,2/19/26,0.67,31.6
ZUE_MYT_1,-78.288,42.9981,866,2/20/26,0.09,34.2
ZUE_MYT_1,-78.288,42.9981,866,2/21/26,0.22,38.3
ZUE_MYT_1,-78.288,42.9981,866,2/22/26,0.02,30.6
ZUE_MYT_1,-78.288,42.9981,866,2/23/26,0.13,30
ZUE_MYT_1,-78.288,42.9981,866,2/24/26,0.09,20.5
ZUE_MYT_1,-78.288,42.9981,866,2/25/26,0.11,21.4
ZUE_MYT_1,-78.288,42.9981,866,2/26/26,0.08,27.9
ZUE_MYT_1,-78.288,42.9981,866,2/27/26,0,20.5
ZUE_MYT_1,-78.288,42.9981,866,2/28/26,0,33.9
ZUE_MYT_1,-78.288,42.9981,866,3/1/26,0.04,31.7
ZUE_MYT_1,-78.288,42.9981,866,3/2/26,0,16.3
ZUE_MYT_1,-78.288,42.9981,866,3/3/26,0,19.3
ZUE_MYT_1,-78.288,42.9981,866,3/4/26,0.02,31.1
ZUE_MYT_1,-78.288,42.9981,866,3/5/26,0,41.1
ZUE_MYT_1,-78.288,42.9981,866,3/6/26,0.52,34.2
ZUE_MYT_1,-78.288,42.9981,866,3/7/26,0.06,44.8
ZUE_MYT_1,-78.288,42.9981,866,3/8/26,0.15,55.6
ZUE_MYT_1,-78.288,42.9981,866,3/9/26,0,45.1
ZUE_MYT_1,-78.288,42.9981,866,3/10/26,0,58.8
ZUE_MYT_1,-78.288,42.9981,866,3/11/26,0.21,51.9
ZUE_MYT_1,-78.288,42.9981,866,3/12/26,0.74,47.8
ZUE_MYT_1,-78.288,42.9981,866,3/13/26,0.01,29.5
ZUE_MYT_1,-78.288,42.9981,866,3/14/26,0.27,33.2
ZUE_MYT_1,-78.288,42.9981,866,3/15/26,0.07,28.8
ZUE_MYT_1,-78.288,42.9981,866,3/16/26,0,42.7
ZUE_MYT_1,-78.288,42.9981,866,3/17/26,0.34,39.5
ZUE_MYT_1,-78.288,42.9981,866,3/18/26,0,18.8
ZUE_MYT_1,-78.288,42.9981,866,3/19/26,0,25.6
ZUE_MYT_1,-78.288,42.9981,866,3/20/26,0,36.4
ZUE_MYT_1,-78.288,42.9981,866,3/21/26,0.66,38.8
ZUE_MYT_1,-78.288,42.9981,866,3/22/26,0,41.2
ZUE_MYT_1,-78.288,42.9981,866,3/23/26,0.42,39.8
ZUE_MYT_1,-78.288,42.9981,866,3/24/26,0.03,28.4
ZUE_MYT_1,-78.288,42.9981,866,3/25/26,0,31.1
ZUE_MYT_1,-78.288,42.9981,866,3/26/26,0,42.3
ZUE_MYT_1,-78.288,42.9981,866,3/27/26,0.84,43.5
ZUE_MYT_1,-78.288,42.9981,866,3/28/26,0,25.7
ZUE_MYT_1,-78.288,42.9981,866,3/29/26,0,28.3
ZUE_MYT_1,-78.288,42.9981,866,3/30/26,0,42.4
ZUE_MYT_1,-78.288,42.9981,866,3/31/26,0.79,57.7
ZUE_MYT_1,-78.288,42.9981,866,4/1/26,1.86,52.8
ZUE_MYT_1,-78.288,42.9981,866,4/2/26,0,35.8
ZUE_MYT_1,-78.288,42.9981,866,4/3/26,0.1,48.2
ZUE_MYT_1,-78.288,42.9981,866,4/4/26,0.03,54.7
ZUE_MYT_1,-78.288,42.9981,866,4/5/26,0.54,54.3
ZUE_MYT_1,-78.288,42.9981,866,4/6/26,0,37.8
ZUE_MYT_1,-78.288,42.9981,866,4/7/26,0.14,33.9
ZUE_MYT_1,-78.288,42.9981,866,4/8/26,0,26.6
ZUE_MYT_1,-78.288,42.9981,866,4/9/26,0,40.7
ZUE_MYT_1,-78.288,42.9981,866,4/10/26,0,58.3
ZUE_MYT_1,-78.288,42.9981,866,4/11/26,0.13,46.2
ZUE_MYT_1,-78.288,42.9981,866,4/12/26,0,40.1
ZUE_MYT_1,-78.288,42.9981,866,4/13/26,0.04,54.2
ZUE_MYT_1,-78.288,42.9981,866,4/14/26,0.11,61.7
ZUE_MYT_1,-78.288,42.9981,866,4/15/26,0.16,62.5
ZUE_MYT_1,-78.288,42.9981,866,4/16/26,0.46,66.5
ZUE_MYT_1,-78.288,42.9981,866,4/17/26,0.6,63.3
ZUE_MYT_1,-78.288,42.9981,866,4/18/26,0,58
ZUE_MYT_1,-78.288,42.9981,866,4/19/26,0.54,58.1
ZUE_MYT_1,-78.288,42.9981,866,4/20/26,0.28,35.6
ZUE_MYT_1,-78.288,42.9981,866,4/21/26,0.01,33
ZUE_MYT_1,-78.288,42.9981,866,4/22/26,0.01,44.6
ZUE_MYT_1,-78.288,42.9981,866,4/23/26,0,54.6
ZUE_MYT_1,-78.288,42.9981,866,4/24/26,0,55.2
ZUE_MYT_1,-78.288,42.9981,866,4/25/26,0.49,46.5
ZUE_MYT_1,-78.288,42.9981,866,4/26/26,0.81,42.6
ZUE_MYT_1,-78.288,42.9981,866,4/27/26,0,48.8
ZUE_MYT_1,-78.288,42.9981,866,4/28/26,0,60
ZUE_MYT_1,-78.288,42.9981,866,4/29/26,0.03,58
ZUE_MYT_1,-78.288,42.9981,866,4/30/26,0.76,46
ZUE_MYT_1,-78.288,42.9981,866,5/1/26,0.02,41.8
ZUE_MYT_1,-78.288,42.9981,866,5/2/26,0.09,39.3
ZUE_MYT_1,-78.288,42.9981,866,5/3/26,0,39
ZUE_MYT_1,-78.288,42.9981,866,5/4/26,0,47.4
ZUE_MYT_1,-78.288,42.9981,866,5/5/26,0.06,63.5
ZUE_MYT_1,-78.288,42.9981,866,5/6/26,1.12,55.4
ZUE_MYT_1,-78.288,42.9981,866,5/7/26,0.07,43.2
ZUE_MYT_1,-78.288,42.9981,866,5/8/26,0.09,45.6
ZUE_MYT_1,-78.288,42.9981,866,5/9/26,0.04,47.7
ZUE_MYT_1,-78.288,42.9981,866,5/10/26,0.18,55.3
ZUE_MYT_1,-78.288,42.9981,866,5/11/26,0,46.9
ZUE_MYT_1,-78.288,42.9981,866,5/12/26,0,43.1
ZUE_MYT_1,-78.288,42.9981,866,5/13/26,0.19,50.9
ZUE_MYT_1,-78.288,42.9981,866,5/14/26,0.08,53.9
ZUE_MYT_1,-78.288,42.9981,866,5/15/26,0.03,46
ZUE_MYT_1,-78.288,42.9981,866,5/16/26,0,56.3
ZUE_MYT_1,-78.288,42.9981,866,5/17/26,0.37,68.2
ZUE_MYT_1,-78.288,42.9981,866,5/18/26,0,73
ZUE_MYT_1,-78.288,42.9981,866,5/19/26,0.08,77.4
ZUE_MYT_1,-78.288,42.9981,866,5/20/26,0.31,70.9
ZUE_MYT_1,-78.288,42.9981,866,5/21/26,0,52.1
ZUE_MYT_1,-78.288,42.9981,866,5/22/26,0,49.5
ZUE_MYT_1,-78.288,42.9981,866,5/23/26,0.01,55.7
ZUE_MYT_1,-78.288,42.9981,866,5/24/26,1.54,50.6
ZUE_MYT_1,-78.288,42.9981,866,5/25/26,0.23,62
ZUE_MYT_1,-78.288,42.9981,866,5/26/26,0,63.6
ZUE_MYT_1,-78.288,42.9981,866,5/27/26,0,71.1
ZUE_MYT_1,-78.288,42.9981,866,5/28/26,0,63.1
ZUE_MYT_1,-78.288,42.9981,866,5/29/26,0,57.8
ZUE_MYT_1,-78.288,42.9981,866,5/30/26,0,58.4
ZUE_MYT_1,-78.288,42.9981,866,5/31/26,0,56.3
ZUE_MYT_1,-78.288,42.9981,866,6/1/26,0,58.2
ZUE_MYT_1,-78.288,42.9981,866,6/2/26,0,55.2
ZUE_MYT_1,-78.288,42.9981,866,6/3/26,0,62.7
ZUE_MYT_1,-78.288,42.9981,866,6/4/26,0,66.9
ZUE_MYT_1,-78.288,42.9981,866,6/5/26,0,68.6
ZUE_MYT_1,-78.288,42.9981,866,6/6/26,0.33,73.1
ZUE_MYT_1,-78.288,42.9981,866,6/7/26,0.01,68.8
ZUE_MYT_1,-78.288,42.9981,866,6/8/26,0,63.6
ZUE_MYT_1,-78.288,42.9981,866,6/9/26,0,71.1
ZUE_MYT_1,-78.288,42.9981,866,6/10/26,0.21,78.2
ZUE_MYT_1,-78.288,42.9981,866,6/11/26,0,73.9
ZUE_MYT_1,-78.288,42.9981,866,6/12/26,0.03,77.7
ZUE_MYT_1,-78.288,42.9981,866,6/13/26,0,69.6
ZUE_MYT_1,-78.288,42.9981,866,6/14/26,0,73.4
ZUE_MYT_1,-78.288,42.9981,866,6/15/26,1.68,63
ZUE_MYT_1,-78.288,42.9981,866,6/16/26,0,57.3
ZUE_MYT_1,-78.288,42.9981,866,6/17/26,0.02,65.4
ZUE_MYT_1,-78.288,42.9981,866,6/18/26,0.83,66.6
ZUE_MYT_1,-78.288,42.9981,866,6/19/26,0.22,65.7
ZUE_MYT_1,-78.288,42.9981,866,6/20/26,0.23,63.4
ZUE_MYT_1,-78.288,42.9981,866,6/21/26,0,64.3
ZUE_MYT_1,-78.288,42.9981,866,6/22/26,0.08,66.6
ZUE_MYT_1,-78.288,42.9981,866,6/23/26,0.38,59.2
ZUE_MYT_1,-78.288,42.9981,866,6/24/26,0,64
ZUE_MYT_1,-78.288,42.9981,866,6/25/26,0,66.1
ZUE_MYT_1,-78.288,42.9981,866,6/26/26,0.52,61.8
ZUE_MYT_1,-78.288,42.9981,866,6/27/26,0,64.1
ZUE_MYT_1,-78.288,42.9981,866,6/28/26,0,69.2
ZUE_MYT_1,-78.288,42.9981,866,6/29/26,0,72
ZUE_MYT_1,-78.288,42.9981,866,6/30/26,0,77.5
,,,,,,
ZUE_MYT_2,-78.2651,43.0454,860,1/1/26,0.41,16.5
ZUE_MYT_2,-78.2651,43.0454,860,1/2/26,0,13.9
ZUE_MYT_2,-78.2651,43.0454,860,1/3/26,0,19.2
ZUE_MYT_2,-78.2651,43.0454,860,1/4/26,0.08,21.1
ZUE_MYT_2,-78.2651,43.0454,860,1/5/26,0,24.3
ZUE_MYT_2,-78.2651,43.0454,860,1/6/26,0.04,28.8
ZUE_MYT_2,-78.2651,43.0454,860,1/7/26,0.58,35.3
ZUE_MYT_2,-78.2651,43.0454,860,1/8/26,0,34.4
ZUE_MYT_2,-78.2651,43.0454,860,1/9/26,0,42.9
ZUE_MYT_2,-78.2651,43.0454,860,1/10/26,0.19,46.3
ZUE_MYT_2,-78.2651,43.0454,860,1/11/26,0.18,37.1
ZUE_MYT_2,-78.2651,43.0454,860,1/12/26,0.07,27.9
ZUE_MYT_2,-78.2651,43.0454,860,1/13/26,0,32.1
ZUE_MYT_2,-78.2651,43.0454,860,1/14/26,0.08,38.6
ZUE_MYT_2,-78.2651,43.0454,860,1/15/26,0.47,28.8
ZUE_MYT_2,-78.2651,43.0454,860,1/16/26,0.13,13.9
ZUE_MYT_2,-78.2651,43.0454,860,1/17/26,0,22.2
ZUE_MYT_2,-78.2651,43.0454,860,1/18/26,0.05,28.5
ZUE_MYT_2,-78.2651,43.0454,860,1/19/26,0,17.5
ZUE_MYT_2,-78.2651,43.0454,860,1/20/26,0.06,14.9
ZUE_MYT_2,-78.2651,43.0454,860,1/21/26,0,9.8
ZUE_MYT_2,-78.2651,43.0454,860,1/22/26,0.24,21.2
ZUE_MYT_2,-78.2651,43.0454,860,1/23/26,0.16,19.9
ZUE_MYT_2,-78.2651,43.0454,860,1/24/26,0,4.6
ZUE_MYT_2,-78.2651,43.0454,860,1/25/26,0,3
ZUE_MYT_2,-78.2651,43.0454,860,1/26/26,0.75,7.6
ZUE_MYT_2,-78.2651,43.0454,860,1/27/26,0.03,10
ZUE_MYT_2,-78.2651,43.0454,860,1/28/26,0.03,9.6
ZUE_MYT_2,-78.2651,43.0454,860,1/29/26,0.03,10.7
ZUE_MYT_2,-78.2651,43.0454,860,1/30/26,0.06,6
ZUE_MYT_2,-78.2651,43.0454,860,1/31/26,0,4.2
ZUE_MYT_2,-78.2651,43.0454,860,2/1/26,0.04,9.5
ZUE_MYT_2,-78.2651,43.0454,860,2/2/26,0,10.8
ZUE_MYT_2,-78.2651,43.0454,860,2/3/26,0,16.9
ZUE_MYT_2,-78.2651,43.0454,860,2/4/26,0.07,17.6
ZUE_MYT_2,-78.2651,43.0454,860,2/5/26,0.01,15.3
ZUE_MYT_2,-78.2651,43.0454,860,2/6/26,0,14.7
ZUE_MYT_2,-78.2651,43.0454,860,2/7/26,0.2,11.5
ZUE_MYT_2,-78.2651,43.0454,860,2/8/26,0.03,0.5
ZUE_MYT_2,-78.2651,43.0454,860,2/9/26,0,0.4
ZUE_MYT_2,-78.2651,43.0454,860,2/10/26,0,9.3
ZUE_MYT_2,-78.2651,43.0454,860,2/11/26,0.03,32.3
ZUE_MYT_2,-78.2651,43.0454,860,2/12/26,0.13,25.2
ZUE_MYT_2,-78.2651,43.0454,860,2/13/26,0.02,18.5
ZUE_MYT_2,-78.2651,43.0454,860,2/14/26,0,24.6
ZUE_MYT_2,-78.2651,43.0454,860,2/15/26,0,26.4
ZUE_MYT_2,-78.2651,43.0454,860,2/16/26,0,28.9
ZUE_MYT_2,-78.2651,43.0454,860,2/17/26,0,34.3
ZUE_MYT_2,-78.2651,43.0454,860,2/18/26,0,36.5
ZUE_MYT_2,-78.2651,43.0454,860,2/19/26,0.64,31.1
ZUE_MYT_2,-78.2651,43.0454,860,2/20/26,0.08,33.8
ZUE_MYT_2,-78.2651,43.0454,860,2/21/26,0.2,38.1
ZUE_MYT_2,-78.2651,43.0454,860,2/22/26,0.02,30.6
ZUE_MYT_2,-78.2651,43.0454,860,2/23/26,0.12,29.8
ZUE_MYT_2,-78.2651,43.0454,860,2/24/26,0.07,20.5
ZUE_MYT_2,-78.2651,43.0454,860,2/25/26,0.11,21.5
ZUE_MYT_2,-78.2651,43.0454,860,2/26/26,0.08,28.1
ZUE_MYT_2,-78.2651,43.0454,860,2/27/26,0,20.9
ZUE_MYT_2,-78.2651,43.0454,860,2/28/26,0.01,34.5
ZUE_MYT_2,-78.2651,43.0454,860,3/1/26,0.03,31.6
ZUE_MYT_2,-78.2651,43.0454,860,3/2/26,0,16.3
ZUE_MYT_2,-78.2651,43.0454,860,3/3/26,0,19.2
ZUE_MYT_2,-78.2651,43.0454,860,3/4/26,0.01,31.1
ZUE_MYT_2,-78.2651,43.0454,860,3/5/26,0,40.8
ZUE_MYT_2,-78.2651,43.0454,860,3/6/26,0.5,33.9
ZUE_MYT_2,-78.2651,43.0454,860,3/7/26,0.04,44.5
ZUE_MYT_2,-78.2651,43.0454,860,3/8/26,0.13,55.6
ZUE_MYT_2,-78.2651,43.0454,860,3/9/26,0,45.2
ZUE_MYT_2,-78.2651,43.0454,860,3/10/26,0,59
ZUE_MYT_2,-78.2651,43.0454,860,3/11/26,0.16,51.7
ZUE_MYT_2,-78.2651,43.0454,860,3/12/26,0.69,47.8
ZUE_MYT_2,-78.2651,43.0454,860,3/13/26,0,29.3
ZUE_MYT_2,-78.2651,43.0454,860,3/14/26,0.26,33.2
ZUE_MYT_2,-78.2651,43.0454,860,3/15/26,0.06,28.7
ZUE_MYT_2,-78.2651,43.0454,860,3/16/26,0,42.5
ZUE_MYT_2,-78.2651,43.0454,860,3/17/26,0.29,39.6
ZUE_MYT_2,-78.2651,43.0454,860,3/18/26,0,18.8
ZUE_MYT_2,-78.2651,43.0454,860,3/19/26,0,25.5
ZUE_MYT_2,-78.2651,43.0454,860,3/20/26,0,36.4
ZUE_MYT_2,-78.2651,43.0454,860,3/21/26,0.73,38.8
ZUE_MYT_2,-78.2651,43.0454,860,3/22/26,0,40.5
ZUE_MYT_2,-78.2651,43.0454,860,3/23/26,0.43,39.4
ZUE_MYT_2,-78.2651,43.0454,860,3/24/26,0.01,28.5
ZUE_MYT_2,-78.2651,43.0454,860,3/25/26,0,31.3
ZUE_MYT_2,-78.2651,43.0454,860,3/26/26,0,42.5
ZUE_MYT_2,-78.2651,43.0454,860,3/27/26,0.83,43.4
ZUE_MYT_2,-78.2651,43.0454,860,3/28/26,0,25.5
ZUE_MYT_2,-78.2651,43.0454,860,3/29/26,0,28.4
ZUE_MYT_2,-78.2651,43.0454,860,3/30/26,0,42.5
ZUE_MYT_2,-78.2651,43.0454,860,3/31/26,0.76,57.9
ZUE_MYT_2,-78.2651,43.0454,860,4/1/26,1.62,52.7
ZUE_MYT_2,-78.2651,43.0454,860,4/2/26,0,35.7
ZUE_MYT_2,-78.2651,43.0454,860,4/3/26,0.08,48.1
ZUE_MYT_2,-78.2651,43.0454,860,4/4/26,0.02,54.7
ZUE_MYT_2,-78.2651,43.0454,860,4/5/26,0.48,53.8
ZUE_MYT_2,-78.2651,43.0454,860,4/6/26,0.01,37.9
ZUE_MYT_2,-78.2651,43.0454,860,4/7/26,0.13,33.8
ZUE_MYT_2,-78.2651,43.0454,860,4/8/26,0,26.5
ZUE_MYT_2,-78.2651,43.0454,860,4/9/26,0,40.7
ZUE_MYT_2,-78.2651,43.0454,860,4/10/26,0,58.3
ZUE_MYT_2,-78.2651,43.0454,860,4/11/26,0.12,45.8
ZUE_MYT_2,-78.2651,43.0454,860,4/12/26,0,40
ZUE_MYT_2,-78.2651,43.0454,860,4/13/26,0.03,54.1
ZUE_MYT_2,-78.2651,43.0454,860,4/14/26,0.11,61.8
ZUE_MYT_2,-78.2651,43.0454,860,4/15/26,0.17,62.2
ZUE_MYT_2,-78.2651,43.0454,860,4/16/26,0.52,66
ZUE_MYT_2,-78.2651,43.0454,860,4/17/26,0.59,63.3
ZUE_MYT_2,-78.2651,43.0454,860,4/18/26,0,57.8
ZUE_MYT_2,-78.2651,43.0454,860,4/19/26,0.55,58
ZUE_MYT_2,-78.2651,43.0454,860,4/20/26,0.26,35.7
ZUE_MYT_2,-78.2651,43.0454,860,4/21/26,0.01,33.2
ZUE_MYT_2,-78.2651,43.0454,860,4/22/26,0.02,44.5
ZUE_MYT_2,-78.2651,43.0454,860,4/23/26,0,54.4
ZUE_MYT_2,-78.2651,43.0454,860,4/24/26,0,54.8
ZUE_MYT_2,-78.2651,43.0454,860,4/25/26,0.46,46.2
ZUE_MYT_2,-78.2651,43.0454,860,4/26/26,0.85,42.4
ZUE_MYT_2,-78.2651,43.0454,860,4/27/26,0,48.9
ZUE_MYT_2,-78.2651,43.0454,860,4/28/26,0,59.9
ZUE_MYT_2,-78.2651,43.0454,860,4/29/26,0.03,58
ZUE_MYT_2,-78.2651,43.0454,860,4/30/26,0.75,46.1
ZUE_MYT_2,-78.2651,43.0454,860,5/1/26,0.02,42
ZUE_MYT_2,-78.2651,43.0454,860,5/2/26,0.08,39.6
ZUE_MYT_2,-78.2651,43.0454,860,5/3/26,0,39.2
ZUE_MYT_2,-78.2651,43.0454,860,5/4/26,0,47.6
ZUE_MYT_2,-78.2651,43.0454,860,5/5/26,0.05,63.6
ZUE_MYT_2,-78.2651,43.0454,860,5/6/26,1.12,55.3
ZUE_MYT_2,-78.2651,43.0454,860,5/7/26,0.07,43.2
ZUE_MYT_2,-78.2651,43.0454,860,5/8/26,0.1,45.6
ZUE_MYT_2,-78.2651,43.0454,860,5/9/26,0.03,47.8
ZUE_MYT_2,-78.2651,43.0454,860,5/10/26,0.15,55.5
ZUE_MYT_2,-78.2651,43.0454,860,5/11/26,0,47
ZUE_MYT_2,-78.2651,43.0454,860,5/12/26,0,43.2
ZUE_MYT_2,-78.2651,43.0454,860,5/13/26,0.19,51
ZUE_MYT_2,-78.2651,43.0454,860,5/14/26,0.08,54
ZUE_MYT_2,-78.2651,43.0454,860,5/15/26,0.02,46.1
ZUE_MYT_2,-78.2651,43.0454,860,5/16/26,0,56.8
ZUE_MYT_2,-78.2651,43.0454,860,5/17/26,0.36,68.3
ZUE_MYT_2,-78.2651,43.0454,860,5/18/26,0,73.3
ZUE_MYT_2,-78.2651,43.0454,860,5/19/26,0.07,77.7
ZUE_MYT_2,-78.2651,43.0454,860,5/20/26,0.27,70.8
ZUE_MYT_2,-78.2651,43.0454,860,5/21/26,0,52.5
ZUE_MYT_2,-78.2651,43.0454,860,5/22/26,0,49.3
ZUE_MYT_2,-78.2651,43.0454,860,5/23/26,0.01,55.6
ZUE_MYT_2,-78.2651,43.0454,860,5/24/26,1.7,50.5
ZUE_MYT_2,-78.2651,43.0454,860,5/25/26,0.21,61.8
ZUE_MYT_2,-78.2651,43.0454,860,5/26/26,0,63.8
ZUE_MYT_2,-78.2651,43.0454,860,5/27/26,0,71.5
ZUE_MYT_2,-78.2651,43.0454,860,5/28/26,0,63.1
ZUE_MYT_2,-78.2651,43.0454,860,5/29/26,0.02,57.8
ZUE_MYT_2,-78.2651,43.0454,860,5/30/26,0,58.6
ZUE_MYT_2,-78.2651,43.0454,860,5/31/26,0,56.6
ZUE_MYT_2,-78.2651,43.0454,860,6/1/26,0,58.5
ZUE_MYT_2,-78.2651,43.0454,860,6/2/26,0,55.2
ZUE_MYT_2,-78.2651,43.0454,860,6/3/26,0,63
ZUE_MYT_2,-78.2651,43.0454,860,6/4/26,0,67.3
ZUE_MYT_2,-78.2651,43.0454,860,6/5/26,0,68.8
ZUE_MYT_2,-78.2651,43.0454,860,6/6/26,0.35,73.4
ZUE_MYT_2,-78.2651,43.0454,860,6/7/26,0,69
ZUE_MYT_2,-78.2651,43.0454,860,6/8/26,0,63.6
ZUE_MYT_2,-78.2651,43.0454,860,6/9/26,0,70.6
ZUE_MYT_2,-78.2651,43.0454,860,6/10/26,0.18,78.3
ZUE_MYT_2,-78.2651,43.0454,860,6/11/26,0,74.2
ZUE_MYT_2,-78.2651,43.0454,860,6/12/26,0.08,77.9
ZUE_MYT_2,-78.2651,43.0454,860,6/13/26,0,69.8
ZUE_MYT_2,-78.2651,43.0454,860,6/14/26,0,73.6
ZUE_MYT_2,-78.2651,43.0454,860,6/15/26,1.6,63
ZUE_MYT_2,-78.2651,43.0454,860,6/16/26,0,57.5
ZUE_MYT_2,-78.2651,43.0454,860,6/17/26,0.03,65.3
ZUE_MYT_2,-78.2651,43.0454,860,6/18/26,0.83,66.8
ZUE_MYT_2,-78.2651,43.0454,860,6/19/26,0.19,65.8
ZUE_MYT_2,-78.2651,43.0454,860,6/20/26,0.4,63.5
ZUE_MYT_2,-78.2651,43.0454,860,6/21/26,0,64.5
ZUE_MYT_2,-78.2651,43.0454,860,6/22/26,0.06,66.7
ZUE_MYT_2,-78.2651,43.0454,860,6/23/26,0.39,59.2
ZUE_MYT_2,-78.2651,43.0454,860,6/24/26,0,64.2
ZUE_MYT_2,-78.2651,43.0454,860,6/25/26,0,66.2
ZUE_MYT_2,-78.2651,43.0454,860,6/26/26,0.49,61.8
ZUE_MYT_2,-78.2651,43.0454,860,6/27/26,0,64.1
ZUE_MYT_2,-78.2651,43.0454,860,6/28/26,0,69
ZUE_MYT_2,-78.2651,43.0454,860,6/29/26,0,71.8
ZUE_MYT_2,-78.2651,43.0454,860,6/30/26,0,77.5
,,,,,,
KIK_LBR,-78.4923,43.2165,479,1/1/26,0.18,18.8
KIK_LBR,-78.4923,43.2165,479,1/2/26,0,16.1
KIK_LBR,-78.4923,43.2165,479,1/3/26,0.02,21
KIK_LBR,-78.4923,43.2165,479,1/4/26,0.04,22.6
KIK_LBR,-78.4923,43.2165,479,1/5/26,0,25.7
KIK_LBR,-78.4923,43.2165,479,1/6/26,0.06,28.4
KIK_LBR,-78.4923,43.2165,479,1/7/26,0.74,35.2
KIK_LBR,-78.4923,43.2165,479,1/8/26,0,35.2
KIK_LBR,-78.4923,43.2165,479,1/9/26,0.01,43.8
KIK_LBR,-78.4923,43.2165,479,1/10/26,0.13,47.8
KIK_LBR,-78.4923,43.2165,479,1/11/26,0.12,36.8
KIK_LBR,-78.4923,43.2165,479,1/12/26,0.03,29.5
KIK_LBR,-78.4923,43.2165,479,1/13/26,0,32.8
KIK_LBR,-78.4923,43.2165,479,1/14/26,0.1,39.5
KIK_LBR,-78.4923,43.2165,479,1/15/26,0.4,29.3
KIK_LBR,-78.4923,43.2165,479,1/16/26,0.3,14.9
KIK_LBR,-78.4923,43.2165,479,1/17/26,0,22.1
KIK_LBR,-78.4923,43.2165,479,1/18/26,0,28.6
KIK_LBR,-78.4923,43.2165,479,1/19/26,0,19.4
KIK_LBR,-78.4923,43.2165,479,1/20/26,0.06,14.7
KIK_LBR,-78.4923,43.2165,479,1/21/26,0,10.9
KIK_LBR,-78.4923,43.2165,479,1/22/26,0.17,22.3
KIK_LBR,-78.4923,43.2165,479,1/23/26,0.13,20.7
KIK_LBR,-78.4923,43.2165,479,1/24/26,0.06,7
KIK_LBR,-78.4923,43.2165,479,1/25/26,0,4.8
KIK_LBR,-78.4923,43.2165,479,1/26/26,0.63,10.6
KIK_LBR,-78.4923,43.2165,479,1/27/26,0.04,11.5
KIK_LBR,-78.4923,43.2165,479,1/28/26,0.01,11.5
KIK_LBR,-78.4923,43.2165,479,1/29/26,0.01,12.4
KIK_LBR,-78.4923,43.2165,479,1/30/26,0.08,8.4
KIK_LBR,-78.4923,43.2165,479,1/31/26,0,7
KIK_LBR,-78.4923,43.2165,479,2/1/26,0.07,12.3
KIK_LBR,-78.4923,43.2165,479,2/2/26,0,10
KIK_LBR,-78.4923,43.2165,479,2/3/26,0,15.2
KIK_LBR,-78.4923,43.2165,479,2/4/26,0.03,17
KIK_LBR,-78.4923,43.2165,479,2/5/26,0,14.6
KIK_LBR,-78.4923,43.2165,479,2/6/26,0,14.2
KIK_LBR,-78.4923,43.2165,479,2/7/26,0.08,12.8
KIK_LBR,-78.4923,43.2165,479,2/8/26,0,3
KIK_LBR,-78.4923,43.2165,479,2/9/26,0,2
KIK_LBR,-78.4923,43.2165,479,2/10/26,0,7.7
KIK_LBR,-78.4923,43.2165,479,2/11/26,0.01,30.9
KIK_LBR,-78.4923,43.2165,479,2/12/26,0.09,26.8
KIK_LBR,-78.4923,43.2165,479,2/13/26,0,17.8
KIK_LBR,-78.4923,43.2165,479,2/14/26,0.03,25.7
KIK_LBR,-78.4923,43.2165,479,2/15/26,0,26.3
KIK_LBR,-78.4923,43.2165,479,2/16/26,0,26.9
KIK_LBR,-78.4923,43.2165,479,2/17/26,0,28.8
KIK_LBR,-78.4923,43.2165,479,2/18/26,0.01,36.3
KIK_LBR,-78.4923,43.2165,479,2/19/26,0.63,31.6
KIK_LBR,-78.4923,43.2165,479,2/20/26,0.04,33.5
KIK_LBR,-78.4923,43.2165,479,2/21/26,0.18,38.4
KIK_LBR,-78.4923,43.2165,479,2/22/26,0,32.5
KIK_LBR,-78.4923,43.2165,479,2/23/26,0.13,31.5
KIK_LBR,-78.4923,43.2165,479,2/24/26,0.12,21.9
KIK_LBR,-78.4923,43.2165,479,2/25/26,0.1,22.3
KIK_LBR,-78.4923,43.2165,479,2/26/26,0.03,29
KIK_LBR,-78.4923,43.2165,479,2/27/26,0,20.8
KIK_LBR,-78.4923,43.2165,479,2/28/26,0,33.2
KIK_LBR,-78.4923,43.2165,479,3/1/26,0.03,32.3
KIK_LBR,-78.4923,43.2165,479,3/2/26,0,16.7
KIK_LBR,-78.4923,43.2165,479,3/3/26,0,20.8
KIK_LBR,-78.4923,43.2165,479,3/4/26,0,30
KIK_LBR,-78.4923,43.2165,479,3/5/26,0,39.9
KIK_LBR,-78.4923,43.2165,479,3/6/26,0.5,34.1
KIK_LBR,-78.4923,43.2165,479,3/7/26,0.1,45.5
KIK_LBR,-78.4923,43.2165,479,3/8/26,0.11,56
KIK_LBR,-78.4923,43.2165,479,3/9/26,0,45.2
KIK_LBR,-78.4923,43.2165,479,3/10/26,0,59.7
KIK_LBR,-78.4923,43.2165,479,3/11/26,0.22,53.1
KIK_LBR,-78.4923,43.2165,479,3/12/26,0.57,46.8
KIK_LBR,-78.4923,43.2165,479,3/13/26,0,29.8
KIK_LBR,-78.4923,43.2165,479,3/14/26,0.27,34.8
KIK_LBR,-78.4923,43.2165,479,3/15/26,0,29.2
KIK_LBR,-78.4923,43.2165,479,3/16/26,0,43.8
KIK_LBR,-78.4923,43.2165,479,3/17/26,0.18,39.1
KIK_LBR,-78.4923,43.2165,479,3/18/26,0,19.8
KIK_LBR,-78.4923,43.2165,479,3/19/26,0,26
KIK_LBR,-78.4923,43.2165,479,3/20/26,0,36.8
KIK_LBR,-78.4923,43.2165,479,3/21/26,0.85,38.9
KIK_LBR,-78.4923,43.2165,479,3/22/26,0,38.5
KIK_LBR,-78.4923,43.2165,479,3/23/26,0.46,38.1
KIK_LBR,-78.4923,43.2165,479,3/24/26,0,29.1
KIK_LBR,-78.4923,43.2165,479,3/25/26,0,31.4
KIK_LBR,-78.4923,43.2165,479,3/26/26,0,41.8
KIK_LBR,-78.4923,43.2165,479,3/27/26,0.77,43.1
KIK_LBR,-78.4923,43.2165,479,3/28/26,0,26.2
KIK_LBR,-78.4923,43.2165,479,3/29/26,0,29.9
KIK_LBR,-78.4923,43.2165,479,3/30/26,0,42.3
KIK_LBR,-78.4923,43.2165,479,3/31/26,0.58,58.2
KIK_LBR,-78.4923,43.2165,479,4/1/26,0.98,52.7
KIK_LBR,-78.4923,43.2165,479,4/2/26,0,36.2
KIK_LBR,-78.4923,43.2165,479,4/3/26,0.12,49.8
KIK_LBR,-78.4923,43.2165,479,4/4/26,0,55
KIK_LBR,-78.4923,43.2165,479,4/5/26,0.51,52.5
KIK_LBR,-78.4923,43.2165,479,4/6/26,0,38.9
KIK_LBR,-78.4923,43.2165,479,4/7/26,0.05,35.3
KIK_LBR,-78.4923,43.2165,479,4/8/26,0,26.7
KIK_LBR,-78.4923,43.2165,479,4/9/26,0,41.3
KIK_LBR,-78.4923,43.2165,479,4/10/26,0.03,56.6
KIK_LBR,-78.4923,43.2165,479,4/11/26,0.14,42.6
KIK_LBR,-78.4923,43.2165,479,4/12/26,0,40.3
KIK_LBR,-78.4923,43.2165,479,4/13/26,0.06,54.9
KIK_LBR,-78.4923,43.2165,479,4/14/26,0.1,62.3
KIK_LBR,-78.4923,43.2165,479,4/15/26,0.53,63.1
KIK_LBR,-78.4923,43.2165,479,4/16/26,0.59,66.1
KIK_LBR,-78.4923,43.2165,479,4/17/26,0.57,63.4
KIK_LBR,-78.4923,43.2165,479,4/18/26,0,57.2
KIK_LBR,-78.4923,43.2165,479,4/19/26,0.52,59.6
KIK_LBR,-78.4923,43.2165,479,4/20/26,0.13,37.8
KIK_LBR,-78.4923,43.2165,479,4/21/26,0,34.4
KIK_LBR,-78.4923,43.2165,479,4/22/26,0,44.5
KIK_LBR,-78.4923,43.2165,479,4/23/26,0,53.2
KIK_LBR,-78.4923,43.2165,479,4/24/26,0,55.8
KIK_LBR,-78.4923,43.2165,479,4/25/26,0.51,47.2
KIK_LBR,-78.4923,43.2165,479,4/26/26,0.76,42
KIK_LBR,-78.4923,43.2165,479,4/27/26,0,49.2
KIK_LBR,-78.4923,43.2165,479,4/28/26,0,60.7
KIK_LBR,-78.4923,43.2165,479,4/29/26,0.04,59.1
KIK_LBR,-78.4923,43.2165,479,4/30/26,0.63,45.9
KIK_LBR,-78.4923,43.2165,479,5/1/26,0,42.6
KIK_LBR,-78.4923,43.2165,479,5/2/26,0.06,40
KIK_LBR,-78.4923,43.2165,479,5/3/26,0,38.9
KIK_LBR,-78.4923,43.2165,479,5/4/26,0.03,47.4
KIK_LBR,-78.4923,43.2165,479,5/5/26,0.06,63.2
KIK_LBR,-78.4923,43.2165,479,5/6/26,1,55.4
KIK_LBR,-78.4923,43.2165,479,5/7/26,0.14,43.7
KIK_LBR,-78.4923,43.2165,479,5/8/26,0.17,45.7
KIK_LBR,-78.4923,43.2165,479,5/9/26,0.02,48.5
KIK_LBR,-78.4923,43.2165,479,5/10/26,0.24,54.7
KIK_LBR,-78.4923,43.2165,479,5/11/26,0,48
KIK_LBR,-78.4923,43.2165,479,5/12/26,0,43
KIK_LBR,-78.4923,43.2165,479,5/13/26,0.28,50
KIK_LBR,-78.4923,43.2165,479,5/14/26,0,54.2
KIK_LBR,-78.4923,43.2165,479,5/15/26,0.04,46.1
KIK_LBR,-78.4923,43.2165,479,5/16/26,0,57.4
KIK_LBR,-78.4923,43.2165,479,5/17/26,0.3,67.5
KIK_LBR,-78.4923,43.2165,479,5/18/26,0,71.9
KIK_LBR,-78.4923,43.2165,479,5/19/26,0,77
KIK_LBR,-78.4923,43.2165,479,5/20/26,0.09,70.6
KIK_LBR,-78.4923,43.2165,479,5/21/26,0,53.2
KIK_LBR,-78.4923,43.2165,479,5/22/26,0,50
KIK_LBR,-78.4923,43.2165,479,5/23/26,0,56.1
KIK_LBR,-78.4923,43.2165,479,5/24/26,1.84,50.8
KIK_LBR,-78.4923,43.2165,479,5/25/26,0.11,61.1
KIK_LBR,-78.4923,43.2165,479,5/26/26,0,63.2
KIK_LBR,-78.4923,43.2165,479,5/27/26,0,70.3
KIK_LBR,-78.4923,43.2165,479,5/28/26,0,63.1
KIK_LBR,-78.4923,43.2165,479,5/29/26,0.03,57.3
KIK_LBR,-78.4923,43.2165,479,5/30/26,0,58.5
KIK_LBR,-78.4923,43.2165,479,5/31/26,0,56.6
KIK_LBR,-78.4923,43.2165,479,6/1/26,0,59
KIK_LBR,-78.4923,43.2165,479,6/2/26,0,55.5
KIK_LBR,-78.4923,43.2165,479,6/3/26,0,63.1
KIK_LBR,-78.4923,43.2165,479,6/4/26,0,67.2
KIK_LBR,-78.4923,43.2165,479,6/5/26,0,68.1
KIK_LBR,-78.4923,43.2165,479,6/6/26,0.37,74.1
KIK_LBR,-78.4923,43.2165,479,6/7/26,0,68.9
KIK_LBR,-78.4923,43.2165,479,6/8/26,0,64.4
KIK_LBR,-78.4923,43.2165,479,6/9/26,0,68.6
KIK_LBR,-78.4923,43.2165,479,6/10/26,0.06,78.8
KIK_LBR,-78.4923,43.2165,479,6/11/26,0.04,74.9
KIK_LBR,-78.4923,43.2165,479,6/12/26,0.05,77
KIK_LBR,-78.4923,43.2165,479,6/13/26,0,70.2
KIK_LBR,-78.4923,43.2165,479,6/14/26,0,74.5
KIK_LBR,-78.4923,43.2165,479,6/15/26,1.33,62.7
KIK_LBR,-78.4923,43.2165,479,6/16/26,0,59.3
KIK_LBR,-78.4923,43.2165,479,6/17/26,0,65.9
KIK_LBR,-78.4923,43.2165,479,6/18/26,0.51,67.9
KIK_LBR,-78.4923,43.2165,479,6/19/26,0.07,66.8
KIK_LBR,-78.4923,43.2165,479,6/20/26,0.1,64.4
KIK_LBR,-78.4923,43.2165,479,6/21/26,0,65.8
KIK_LBR,-78.4923,43.2165,479,6/22/26,0.04,68.2
KIK_LBR,-78.4923,43.2165,479,6/23/26,0.3,60.2
KIK_LBR,-78.4923,43.2165,479,6/24/26,0,65.1
KIK_LBR,-78.4923,43.2165,479,6/25/26,0,66
KIK_LBR,-78.4923,43.2165,479,6/26/26,0.55,62.4
KIK_LBR,-78.4923,43.2165,479,6/27/26,0,64.3
KIK_LBR,-78.4923,43.2165,479,6/28/26,0,68.1
KIK_LBR,-78.4923,43.2165,479,6/29/26,0,70.9
KIK_LBR,-78.4923,43.2165,479,6/30/26,0,77.7
,,,,,,
KIK_DOM,-78.3814,43.1022,640,1/1/26,0.27,17.7
KIK_DOM,-78.3814,43.1022,640,1/2/26,0,15.2
KIK_DOM,-78.3814,43.1022,640,1/3/26,0,20.2
KIK_DOM,-78.3814,43.1022,640,1/4/26,0.06,21.9
KIK_DOM,-78.3814,43.1022,640,1/5/26,0,25.1
KIK_DOM,-78.3814,43.1022,640,1/6/26,0.04,28.8
KIK_DOM,-78.3814,43.1022,640,1/7/26,0.64,35.4
KIK_DOM,-78.3814,43.1022,640,1/8/26,0,34.7
KIK_DOM,-78.3814,43.1022,640,1/9/26,0.03,43.4
KIK_DOM,-78.3814,43.1022,640,1/10/26,0.16,47.2
KIK_DOM,-78.3814,43.1022,640,1/11/26,0.17,37.1
KIK_DOM,-78.3814,43.1022,640,1/12/26,0.07,28.8
KIK_DOM,-78.3814,43.1022,640,1/13/26,0,32.5
KIK_DOM,-78.3814,43.1022,640,1/14/26,0.07,39.1
KIK_DOM,-78.3814,43.1022,640,1/15/26,0.4,29
KIK_DOM,-78.3814,43.1022,640,1/16/26,0.21,14.2
KIK_DOM,-78.3814,43.1022,640,1/17/26,0,21.5
KIK_DOM,-78.3814,43.1022,640,1/18/26,0.01,28.6
KIK_DOM,-78.3814,43.1022,640,1/19/26,0.01,18.8
KIK_DOM,-78.3814,43.1022,640,1/20/26,0.03,14.6
KIK_DOM,-78.3814,43.1022,640,1/21/26,0.03,10.5
KIK_DOM,-78.3814,43.1022,640,1/22/26,0.2,21.8
KIK_DOM,-78.3814,43.1022,640,1/23/26,0.18,20.3
KIK_DOM,-78.3814,43.1022,640,1/24/26,0.04,5.8
KIK_DOM,-78.3814,43.1022,640,1/25/26,0,3.6
KIK_DOM,-78.3814,43.1022,640,1/26/26,0.65,9.2
KIK_DOM,-78.3814,43.1022,640,1/27/26,0.05,10.7
KIK_DOM,-78.3814,43.1022,640,1/28/26,0.02,10.3
KIK_DOM,-78.3814,43.1022,640,1/29/26,0.03,11.7
KIK_DOM,-78.3814,43.1022,640,1/30/26,0.08,6.8
KIK_DOM,-78.3814,43.1022,640,1/31/26,0,5.4
KIK_DOM,-78.3814,43.1022,640,2/1/26,0.07,10.3
KIK_DOM,-78.3814,43.1022,640,2/2/26,0,10.2
KIK_DOM,-78.3814,43.1022,640,2/3/26,0,15.3
KIK_DOM,-78.3814,43.1022,640,2/4/26,0.06,17.8
KIK_DOM,-78.3814,43.1022,640,2/5/26,0.01,14.7
KIK_DOM,-78.3814,43.1022,640,2/6/26,0,14.1
KIK_DOM,-78.3814,43.1022,640,2/7/26,0.15,11.9
KIK_DOM,-78.3814,43.1022,640,2/8/26,0.03,1.7
KIK_DOM,-78.3814,43.1022,640,2/9/26,0,0.4
KIK_DOM,-78.3814,43.1022,640,2/10/26,0,8
KIK_DOM,-78.3814,43.1022,640,2/11/26,0.02,32
KIK_DOM,-78.3814,43.1022,640,2/12/26,0.13,25.9
KIK_DOM,-78.3814,43.1022,640,2/13/26,0.02,18.3
KIK_DOM,-78.3814,43.1022,640,2/14/26,0.03,25.4
KIK_DOM,-78.3814,43.1022,640,2/15/26,0,26.2
KIK_DOM,-78.3814,43.1022,640,2/16/26,0,27.5
KIK_DOM,-78.3814,43.1022,640,2/17/26,0,30.6
KIK_DOM,-78.3814,43.1022,640,2/18/26,0,36.1
KIK_DOM,-78.3814,43.1022,640,2/19/26,0.61,31.6
KIK_DOM,-78.3814,43.1022,640,2/20/26,0.08,33.9
KIK_DOM,-78.3814,43.1022,640,2/21/26,0.18,38.3
KIK_DOM,-78.3814,43.1022,640,2/22/26,0,31.2
KIK_DOM,-78.3814,43.1022,640,2/23/26,0.11,30.4
KIK_DOM,-78.3814,43.1022,640,2/24/26,0.09,21
KIK_DOM,-78.3814,43.1022,640,2/25/26,0.1,22
KIK_DOM,-78.3814,43.1022,640,2/26/26,0.05,27.8
KIK_DOM,-78.3814,43.1022,640,2/27/26,0,20
KIK_DOM,-78.3814,43.1022,640,2/28/26,0.03,33.2
KIK_DOM,-78.3814,43.1022,640,3/1/26,0.03,31.9
KIK_DOM,-78.3814,43.1022,640,3/2/26,0,16.5
KIK_DOM,-78.3814,43.1022,640,3/3/26,0,19.9
KIK_DOM,-78.3814,43.1022,640,3/4/26,0,30.6
KIK_DOM,-78.3814,43.1022,640,3/5/26,0,40.7
KIK_DOM,-78.3814,43.1022,640,3/6/26,0.58,34.2
KIK_DOM,-78.3814,43.1022,640,3/7/26,0.06,45.6
KIK_DOM,-78.3814,43.1022,640,3/8/26,0.11,55.9
KIK_DOM,-78.3814,43.1022,640,3/9/26,0,44.6
KIK_DOM,-78.3814,43.1022,640,3/10/26,0,59.3
KIK_DOM,-78.3814,43.1022,640,3/11/26,0.13,52.1
KIK_DOM,-78.3814,43.1022,640,3/12/26,0.87,46.9
KIK_DOM,-78.3814,43.1022,640,3/13/26,0,29.9
KIK_DOM,-78.3814,43.1022,640,3/14/26,0.27,34.4
KIK_DOM,-78.3814,43.1022,640,3/15/26,0.04,29.3
KIK_DOM,-78.3814,43.1022,640,3/16/26,0,43.4
KIK_DOM,-78.3814,43.1022,640,3/17/26,0.27,38.9
KIK_DOM,-78.3814,43.1022,640,3/18/26,0,19.5
KIK_DOM,-78.3814,43.1022,640,3/19/26,0,25.8
KIK_DOM,-78.3814,43.1022,640,3/20/26,0,36.3
KIK_DOM,-78.3814,43.1022,640,3/21/26,0.8,38.9
KIK_DOM,-78.3814,43.1022,640,3/22/26,0,39.7
KIK_DOM,-78.3814,43.1022,640,3/23/26,0.46,38.8
KIK_DOM,-78.3814,43.1022,640,3/24/26,0,28.6
KIK_DOM,-78.3814,43.1022,640,3/25/26,0,30.8
KIK_DOM,-78.3814,43.1022,640,3/26/26,0,41.8
KIK_DOM,-78.3814,43.1022,640,3/27/26,0.79,42.8
KIK_DOM,-78.3814,43.1022,640,3/28/26,0,25.8
KIK_DOM,-78.3814,43.1022,640,3/29/26,0,29.2
KIK_DOM,-78.3814,43.1022,640,3/30/26,0,42.1
KIK_DOM,-78.3814,43.1022,640,3/31/26,0.8,57.6
KIK_DOM,-78.3814,43.1022,640,4/1/26,1.57,52.4
KIK_DOM,-78.3814,43.1022,640,4/2/26,0,36
KIK_DOM,-78.3814,43.1022,640,4/3/26,0.1,49.1
KIK_DOM,-78.3814,43.1022,640,4/4/26,0,54.8
KIK_DOM,-78.3814,43.1022,640,4/5/26,0.48,53.7
KIK_DOM,-78.3814,43.1022,640,4/6/26,0.02,38.5
KIK_DOM,-78.3814,43.1022,640,4/7/26,0.09,34.5
KIK_DOM,-78.3814,43.1022,640,4/8/26,0,26.6
KIK_DOM,-78.3814,43.1022,640,4/9/26,0,41.1
KIK_DOM,-78.3814,43.1022,640,4/10/26,0,57.2
KIK_DOM,-78.3814,43.1022,640,4/11/26,0.14,44.3
KIK_DOM,-78.3814,43.1022,640,4/12/26,0,40.1
KIK_DOM,-78.3814,43.1022,640,4/13/26,0.03,54.7
KIK_DOM,-78.3814,43.1022,640,4/14/26,0.15,61.8
KIK_DOM,-78.3814,43.1022,640,4/15/26,0.23,62.7
KIK_DOM,-78.3814,43.1022,640,4/16/26,0.64,65.9
KIK_DOM,-78.3814,43.1022,640,4/17/26,0.56,63.1
KIK_DOM,-78.3814,43.1022,640,4/18/26,0,57.4
KIK_DOM,-78.3814,43.1022,640,4/19/26,0.65,59.2
KIK_DOM,-78.3814,43.1022,640,4/20/26,0.22,36.8
KIK_DOM,-78.3814,43.1022,640,4/21/26,0,33.8
KIK_DOM,-78.3814,43.1022,640,4/22/26,0.02,44.6
KIK_DOM,-78.3814,43.1022,640,4/23/26,0,53.5
KIK_DOM,-78.3814,43.1022,640,4/24/26,0,56
KIK_DOM,-78.3814,43.1022,640,4/25/26,0.43,46.8
KIK_DOM,-78.3814,43.1022,640,4/26/26,0.59,42.6
KIK_DOM,-78.3814,43.1022,640,4/27/26,0,49.1
KIK_DOM,-78.3814,43.1022,640,4/28/26,0,60.1
KIK_DOM,-78.3814,43.1022,640,4/29/26,0.04,58.5
KIK_DOM,-78.3814,43.1022,640,4/30/26,0.66,45.7
KIK_DOM,-78.3814,43.1022,640,5/1/26,0,42.2
KIK_DOM,-78.3814,43.1022,640,5/2/26,0.06,39.5
KIK_DOM,-78.3814,43.1022,640,5/3/26,0,38.8
KIK_DOM,-78.3814,43.1022,640,5/4/26,0.02,47.2
KIK_DOM,-78.3814,43.1022,640,5/5/26,0.06,63.4
KIK_DOM,-78.3814,43.1022,640,5/6/26,1.09,55.6
KIK_DOM,-78.3814,43.1022,640,5/7/26,0.1,43.7
KIK_DOM,-78.3814,43.1022,640,5/8/26,0.17,45.8
KIK_DOM,-78.3814,43.1022,640,5/9/26,0.03,48.2
KIK_DOM,-78.3814,43.1022,640,5/10/26,0.16,55.1
KIK_DOM,-78.3814,43.1022,640,5/11/26,0,47.6
KIK_DOM,-78.3814,43.1022,640,5/12/26,0,43
KIK_DOM,-78.3814,43.1022,640,5/13/26,0.22,50.7
KIK_DOM,-78.3814,43.1022,640,5/14/26,0.02,54.2
KIK_DOM,-78.3814,43.1022,640,5/15/26,0.03,46.3
KIK_DOM,-78.3814,43.1022,640,5/16/26,0,56.6
KIK_DOM,-78.3814,43.1022,640,5/17/26,0.32,67.9
KIK_DOM,-78.3814,43.1022,640,5/18/26,0,72.2
KIK_DOM,-78.3814,43.1022,640,5/19/26,0.02,77.3
KIK_DOM,-78.3814,43.1022,640,5/20/26,0.23,71
KIK_DOM,-78.3814,43.1022,640,5/21/26,0,52.9
KIK_DOM,-78.3814,43.1022,640,5/22/26,0,50
KIK_DOM,-78.3814,43.1022,640,5/23/26,0,56.3
KIK_DOM,-78.3814,43.1022,640,5/24/26,1.58,51.1
KIK_DOM,-78.3814,43.1022,640,5/25/26,0.12,62.2
KIK_DOM,-78.3814,43.1022,640,5/26/26,0,63.1
KIK_DOM,-78.3814,43.1022,640,5/27/26,0,70.5
KIK_DOM,-78.3814,43.1022,640,5/28/26,0,63.1
KIK_DOM,-78.3814,43.1022,640,5/29/26,0.03,57.5
KIK_DOM,-78.3814,43.1022,640,5/30/26,0,58.3
KIK_DOM,-78.3814,43.1022,640,5/31/26,0,56.5
KIK_DOM,-78.3814,43.1022,640,6/1/26,0,58.5
KIK_DOM,-78.3814,43.1022,640,6/2/26,0,55.1
KIK_DOM,-78.3814,43.1022,640,6/3/26,0,62.6
KIK_DOM,-78.3814,43.1022,640,6/4/26,0,66.6
KIK_DOM,-78.3814,43.1022,640,6/5/26,0,68.1
KIK_DOM,-78.3814,43.1022,640,6/6/26,0.29,73.5
KIK_DOM,-78.3814,43.1022,640,6/7/26,0.02,68.8
KIK_DOM,-78.3814,43.1022,640,6/8/26,0,63.8
KIK_DOM,-78.3814,43.1022,640,6/9/26,0,69.9
KIK_DOM,-78.3814,43.1022,640,6/10/26,0.35,78.4
KIK_DOM,-78.3814,43.1022,640,6/11/26,0.03,74.1
KIK_DOM,-78.3814,43.1022,640,6/12/26,0.34,77
KIK_DOM,-78.3814,43.1022,640,6/13/26,0,69.9
KIK_DOM,-78.3814,43.1022,640,6/14/26,0,73.8
KIK_DOM,-78.3814,43.1022,640,6/15/26,1.29,62.7
KIK_DOM,-78.3814,43.1022,640,6/16/26,0,58.2
KIK_DOM,-78.3814,43.1022,640,6/17/26,0.01,65.7
KIK_DOM,-78.3814,43.1022,640,6/18/26,0.81,67.3
KIK_DOM,-78.3814,43.1022,640,6/19/26,0.1,66.3
KIK_DOM,-78.3814,43.1022,640,6/20/26,0.62,63.9
KIK_DOM,-78.3814,43.1022,640,6/21/26,0.01,65.1
KIK_DOM,-78.3814,43.1022,640,6/22/26,0.08,67.4
KIK_DOM,-78.3814,43.1022,640,6/23/26,0.33,59.8
KIK_DOM,-78.3814,43.1022,640,6/24/26,0,64.6
KIK_DOM,-78.3814,43.1022,640,6/25/26,0,66
KIK_DOM,-78.3814,43.1022,640,6/26/26,0.64,62.5
KIK_DOM,-78.3814,43.1022,640,6/27/26,0,64
KIK_DOM,-78.3814,43.1022,640,6/28/26,0,68.7
KIK_DOM,-78.3814,43.1022,640,6/29/26,0,71.7
KIK_DOM,-78.3814,43.1022,640,6/30/26,0,77.8