Name,Longitude,Latitude,Elevation (ft),Date,ppt (inches),tmean (degrees F)
CER_DEL_1,-74.968,42.2073,1299,1/1/25,0.5,38.5
CER_DEL_1,-74.968,42.2073,1299,1/2/25,0.13,34.5
CER_DEL_1,-74.968,42.2073,1299,1/3/25,0.04,29.2
CER_DEL_1,-74.968,42.2073,1299,1/4/25,0.01,23.2
CER_DEL_1,-74.968,42.2073,1299,1/5/25,0,21.5
CER_DEL_1,-74.968,42.2073,1299,1/6/25,0,21.7
CER_DEL_1,-74.968,42.2073,1299,1/7/25,0,15.5
CER_DEL_1,-74.968,42.2073,1299,1/8/25,0.05,17.2
CER_DEL_1,-74.968,42.2073,1299,1/9/25,0,14.8
CER_DEL_1,-74.968,42.2073,1299,1/10/25,0.01,18.5
CER_DEL_1,-74.968,42.2073,1299,1/11/25,0.14,22.6
CER_DEL_1,-74.968,42.2073,1299,1/12/25,0.01,23
CER_DEL_1,-74.968,42.2073,1299,1/13/25,0,22.4
CER_DEL_1,-74.968,42.2073,1299,1/14/25,0.05,25.6
CER_DEL_1,-74.968,42.2073,1299,1/15/25,0,17.6
CER_DEL_1,-74.968,42.2073,1299,1/16/25,0,15.4
CER_DEL_1,-74.968,42.2073,1299,1/17/25,0.05,18
CER_DEL_1,-74.968,42.2073,1299,1/18/25,0,26.7
CER_DEL_1,-74.968,42.2073,1299,1/19/25,0.08,28.3
CER_DEL_1,-74.968,42.2073,1299,1/20/25,0.19,14.5
CER_DEL_1,-74.968,42.2073,1299,1/21/25,0,2.6
CER_DEL_1,-74.968,42.2073,1299,1/22/25,0,-2.1
CER_DEL_1,-74.968,42.2073,1299,1/23/25,0,-0.9
CER_DEL_1,-74.968,42.2073,1299,1/24/25,0,15
CER_DEL_1,-74.968,42.2073,1299,1/25/25,0,14.8
CER_DEL_1,-74.968,42.2073,1299,1/26/25,0.02,17.7
CER_DEL_1,-74.968,42.2073,1299,1/27/25,0,19.7
CER_DEL_1,-74.968,42.2073,1299,1/28/25,0.02,24.1
CER_DEL_1,-74.968,42.2073,1299,1/29/25,0.09,23.6
CER_DEL_1,-74.968,42.2073,1299,1/30/25,0.09,25.7
CER_DEL_1,-74.968,42.2073,1299,1/31/25,0,23.7
CER_DEL_1,-74.968,42.2073,1299,2/1/25,0.51,28
CER_DEL_1,-74.968,42.2073,1299,2/2/25,0,11.9
CER_DEL_1,-74.968,42.2073,1299,2/3/25,0.13,13.1
CER_DEL_1,-74.968,42.2073,1299,2/4/25,0.01,33.9
CER_DEL_1,-74.968,42.2073,1299,2/5/25,0.01,23.6
CER_DEL_1,-74.968,42.2073,1299,2/6/25,0.05,16.5
CER_DEL_1,-74.968,42.2073,1299,2/7/25,0.12,29.1
CER_DEL_1,-74.968,42.2073,1299,2/8/25,0,20.3
CER_DEL_1,-74.968,42.2073,1299,2/9/25,0.34,21.3
CER_DEL_1,-74.968,42.2073,1299,2/10/25,0,21.6
CER_DEL_1,-74.968,42.2073,1299,2/11/25,0,18.6
CER_DEL_1,-74.968,42.2073,1299,2/12/25,0,19.5
CER_DEL_1,-74.968,42.2073,1299,2/13/25,0.14,24.3
CER_DEL_1,-74.968,42.2073,1299,2/14/25,0.14,30
CER_DEL_1,-74.968,42.2073,1299,2/15/25,0,20.5
CER_DEL_1,-74.968,42.2073,1299,2/16/25,0.5,24.4
CER_DEL_1,-74.968,42.2073,1299,2/17/25,0.43,27.3
CER_DEL_1,-74.968,42.2073,1299,2/18/25,0,15.3
CER_DEL_1,-74.968,42.2073,1299,2/19/25,0,11.2
CER_DEL_1,-74.968,42.2073,1299,2/20/25,0,15.4
CER_DEL_1,-74.968,42.2073,1299,2/21/25,0.07,15.1
CER_DEL_1,-74.968,42.2073,1299,2/22/25,0,17.3
CER_DEL_1,-74.968,42.2073,1299,2/23/25,0,25.4
CER_DEL_1,-74.968,42.2073,1299,2/24/25,0,28
CER_DEL_1,-74.968,42.2073,1299,2/25/25,0,35.1
CER_DEL_1,-74.968,42.2073,1299,2/26/25,0.11,39.5
CER_DEL_1,-74.968,42.2073,1299,2/27/25,0.14,36.4
CER_DEL_1,-74.968,42.2073,1299,2/28/25,0.24,38.4
CER_DEL_1,-74.968,42.2073,1299,3/1/25,0.01,34.5
CER_DEL_1,-74.968,42.2073,1299,3/2/25,0.04,27.5
CER_DEL_1,-74.968,42.2073,1299,3/3/25,0,14.2
CER_DEL_1,-74.968,42.2073,1299,3/4/25,0,21.4
CER_DEL_1,-74.968,42.2073,1299,3/5/25,0.01,35.5
CER_DEL_1,-74.968,42.2073,1299,3/6/25,0.84,44.7
CER_DEL_1,-74.968,42.2073,1299,3/7/25,0.02,32.4
CER_DEL_1,-74.968,42.2073,1299,3/8/25,0.02,29.3
CER_DEL_1,-74.968,42.2073,1299,3/9/25,0,25.6
CER_DEL_1,-74.968,42.2073,1299,3/10/25,0,33.2
CER_DEL_1,-74.968,42.2073,1299,3/11/25,0,42.6
CER_DEL_1,-74.968,42.2073,1299,3/12/25,0,45.1
CER_DEL_1,-74.968,42.2073,1299,3/13/25,0,36.8
CER_DEL_1,-74.968,42.2073,1299,3/14/25,0,39.9
CER_DEL_1,-74.968,42.2073,1299,3/15/25,0,44.7
CER_DEL_1,-74.968,42.2073,1299,3/16/25,0,50.9
CER_DEL_1,-74.968,42.2073,1299,3/17/25,0.86,54.8
CER_DEL_1,-74.968,42.2073,1299,3/18/25,0.05,33.6
CER_DEL_1,-74.968,42.2073,1299,3/19/25,0,41.2
CER_DEL_1,-74.968,42.2073,1299,3/20/25,0,50.8
CER_DEL_1,-74.968,42.2073,1299,3/21/25,0.28,46.8
CER_DEL_1,-74.968,42.2073,1299,3/22/25,0,32.4
CER_DEL_1,-74.968,42.2073,1299,3/23/25,0.04,36.5
CER_DEL_1,-74.968,42.2073,1299,3/24/25,0,29.2
CER_DEL_1,-74.968,42.2073,1299,3/25/25,0,39.7
CER_DEL_1,-74.968,42.2073,1299,3/26/25,0,33
CER_DEL_1,-74.968,42.2073,1299,3/27/25,0.06,29.7
CER_DEL_1,-74.968,42.2073,1299,3/28/25,0,33.9
CER_DEL_1,-74.968,42.2073,1299,3/29/25,0.09,45.3
CER_DEL_1,-74.968,42.2073,1299,3/30/25,0.18,53.9
CER_DEL_1,-74.968,42.2073,1299,3/31/25,0.02,48.9
CER_DEL_1,-74.968,42.2073,1299,4/1/25,0,51.6
CER_DEL_1,-74.968,42.2073,1299,4/2/25,0,32.4
CER_DEL_1,-74.968,42.2073,1299,4/3/25,0.15,34.6
CER_DEL_1,-74.968,42.2073,1299,4/4/25,0.02,55.7
CER_DEL_1,-74.968,42.2073,1299,4/5/25,0.02,47.8
CER_DEL_1,-74.968,42.2073,1299,4/6/25,0.45,42.6
CER_DEL_1,-74.968,42.2073,1299,4/7/25,0.05,38.9
CER_DEL_1,-74.968,42.2073,1299,4/8/25,0.04,30.6
CER_DEL_1,-74.968,42.2073,1299,4/9/25,0.02,25.4
CER_DEL_1,-74.968,42.2073,1299,4/10/25,0,32.2
CER_DEL_1,-74.968,42.2073,1299,4/11/25,0.13,37
CER_DEL_1,-74.968,42.2073,1299,4/12/25,0.3,40.7
CER_DEL_1,-74.968,42.2073,1299,4/13/25,0.11,35.6
CER_DEL_1,-74.968,42.2073,1299,4/14/25,0,41.5
CER_DEL_1,-74.968,42.2073,1299,4/15/25,0.03,47.7
CER_DEL_1,-74.968,42.2073,1299,4/16/25,0.15,45.3
CER_DEL_1,-74.968,42.2073,1299,4/17/25,0.01,31.2
CER_DEL_1,-74.968,42.2073,1299,4/18/25,0,39
CER_DEL_1,-74.968,42.2073,1299,4/19/25,0,53.5
CER_DEL_1,-74.968,42.2073,1299,4/20/25,0.21,57.4
CER_DEL_1,-74.968,42.2073,1299,4/21/25,0,43.6
CER_DEL_1,-74.968,42.2073,1299,4/22/25,0.01,48.6
CER_DEL_1,-74.968,42.2073,1299,4/23/25,0,50.7
CER_DEL_1,-74.968,42.2073,1299,4/24/25,0,55
CER_DEL_1,-74.968,42.2073,1299,4/25/25,0,61.5
CER_DEL_1,-74.968,42.2073,1299,4/26/25,0.44,63
CER_DEL_1,-74.968,42.2073,1299,4/27/25,0.67,52.3
CER_DEL_1,-74.968,42.2073,1299,4/28/25,0.02,42.5
CER_DEL_1,-74.968,42.2073,1299,4/29/25,0,55.4
CER_DEL_1,-74.968,42.2073,1299,4/30/25,0.3,60.7
CER_DEL_1,-74.968,42.2073,1299,5/1/25,0,47.4
CER_DEL_1,-74.968,42.2073,1299,5/2/25,0.16,59.6
CER_DEL_1,-74.968,42.2073,1299,5/3/25,0.04,63.5
CER_DEL_1,-74.968,42.2073,1299,5/4/25,0.22,59.4
CER_DEL_1,-74.968,42.2073,1299,5/5/25,1.19,57.9
CER_DEL_1,-74.968,42.2073,1299,5/6/25,0.28,59.8
CER_DEL_1,-74.968,42.2073,1299,5/7/25,0.54,58.4
CER_DEL_1,-74.968,42.2073,1299,5/8/25,0.1,55.5
CER_DEL_1,-74.968,42.2073,1299,5/9/25,0.26,51.2
CER_DEL_1,-74.968,42.2073,1299,5/10/25,1.24,45.3
CER_DEL_1,-74.968,42.2073,1299,5/11/25,0,51.7
CER_DEL_1,-74.968,42.2073,1299,5/12/25,0,49
CER_DEL_1,-74.968,42.2073,1299,5/13/25,0,62
CER_DEL_1,-74.968,42.2073,1299,5/14/25,0.04,64.8
CER_DEL_1,-74.968,42.2073,1299,5/15/25,0.08,61.3
CER_DEL_1,-74.968,42.2073,1299,5/16/25,0,66.8
CER_DEL_1,-74.968,42.2073,1299,5/17/25,0.04,68.8
CER_DEL_1,-74.968,42.2073,1299,5/18/25,0.18,65.5
CER_DEL_1,-74.968,42.2073,1299,5/19/25,0.06,50
CER_DEL_1,-74.968,42.2073,1299,5/20/25,0,46.6
CER_DEL_1,-74.968,42.2073,1299,5/21/25,0,46.9
CER_DEL_1,-74.968,42.2073,1299,5/22/25,0.4,46
CER_DEL_1,-74.968,42.2073,1299,5/23/25,0.34,45.5
CER_DEL_1,-74.968,42.2073,1299,5/24/25,0.19,47.1
CER_DEL_1,-74.968,42.2073,1299,5/25/25,0.31,48.6
CER_DEL_1,-74.968,42.2073,1299,5/26/25,0.03,49.7
CER_DEL_1,-74.968,42.2073,1299,5/27/25,0,54.6
CER_DEL_1,-74.968,42.2073,1299,5/28/25,0,57.9
CER_DEL_1,-74.968,42.2073,1299,5/29/25,0,59.1
CER_DEL_1,-74.968,42.2073,1299,5/30/25,0,59.2
CER_DEL_1,-74.968,42.2073,1299,5/31/25,0.89,61.6
CER_DEL_1,-74.968,42.2073,1299,6/1/25,0.93,48.4
CER_DEL_1,-74.968,42.2073,1299,6/2/25,0.05,47.6
CER_DEL_1,-74.968,42.2073,1299,6/3/25,0,52.1
CER_DEL_1,-74.968,42.2073,1299,6/4/25,0,60.6
CER_DEL_1,-74.968,42.2073,1299,6/5/25,0,71.7
CER_DEL_1,-74.968,42.2073,1299,6/6/25,0.19,74.4
CER_DEL_1,-74.968,42.2073,1299,6/7/25,0.38,67.3
CER_DEL_1,-74.968,42.2073,1299,6/8/25,0.64,63.9
CER_DEL_1,-74.968,42.2073,1299,6/9/25,0.14,66.1
CER_DEL_1,-74.968,42.2073,1299,6/10/25,0.48,63.8
CER_DEL_1,-74.968,42.2073,1299,6/11/25,0.12,63.5
CER_DEL_1,-74.968,42.2073,1299,6/12/25,0,64.2
CER_DEL_1,-74.968,42.2073,1299,6/13/25,0.01,63.3
CER_DEL_1,-74.968,42.2073,1299,6/14/25,0.34,65.4
CER_DEL_1,-74.968,42.2073,1299,6/15/25,0,59.5
CER_DEL_1,-74.968,42.2073,1299,6/16/25,0,62.3
CER_DEL_1,-74.968,42.2073,1299,6/17/25,0.11,64
CER_DEL_1,-74.968,42.2073,1299,6/18/25,0.22,64.7
CER_DEL_1,-74.968,42.2073,1299,6/19/25,0.02,71.8
CER_DEL_1,-74.968,42.2073,1299,6/20/25,0.48,71.3
CER_DEL_1,-74.968,42.2073,1299,6/21/25,0,66.2
CER_DEL_1,-74.968,42.2073,1299,6/22/25,1.33,71.8
CER_DEL_1,-74.968,42.2073,1299,6/23/25,0.23,74.2
CER_DEL_1,-74.968,42.2073,1299,6/24/25,0,77
CER_DEL_1,-74.968,42.2073,1299,6/25/25,0,78.9
CER_DEL_1,-74.968,42.2073,1299,6/26/25,0,75.9
CER_DEL_1,-74.968,42.2073,1299,6/27/25,0.13,65.3
CER_DEL_1,-74.968,42.2073,1299,6/28/25,0,62.3
CER_DEL_1,-74.968,42.2073,1299,6/29/25,0,71.3
CER_DEL_1,-74.968,42.2073,1299,6/30/25,0,67.4
,,,,,,
CER_DEL_2,-74.9876,42.1954,1299,1/1/25,0.5,38.6
CER_DEL_2,-74.9876,42.1954,1299,1/2/25,0.13,34.8
CER_DEL_2,-74.9876,42.1954,1299,1/3/25,0.03,29.6
CER_DEL_2,-74.9876,42.1954,1299,1/4/25,0,23.6
CER_DEL_2,-74.9876,42.1954,1299,1/5/25,0,21.8
CER_DEL_2,-74.9876,42.1954,1299,1/6/25,0,21.8
CER_DEL_2,-74.9876,42.1954,1299,1/7/25,0,15.7
CER_DEL_2,-74.9876,42.1954,1299,1/8/25,0.05,17.6
CER_DEL_2,-74.9876,42.1954,1299,1/9/25,0,15
CER_DEL_2,-74.9876,42.1954,1299,1/10/25,0.01,18.3
CER_DEL_2,-74.9876,42.1954,1299,1/11/25,0.13,22.5
CER_DEL_2,-74.9876,42.1954,1299,1/12/25,0.01,23.3
CER_DEL_2,-74.9876,42.1954,1299,1/13/25,0,22.8
CER_DEL_2,-74.9876,42.1954,1299,1/14/25,0.04,26
CER_DEL_2,-74.9876,42.1954,1299,1/15/25,0,18.1
CER_DEL_2,-74.9876,42.1954,1299,1/16/25,0,15.4
CER_DEL_2,-74.9876,42.1954,1299,1/17/25,0.04,17.3
CER_DEL_2,-74.9876,42.1954,1299,1/18/25,0,26.9
CER_DEL_2,-74.9876,42.1954,1299,1/19/25,0.07,28.5
CER_DEL_2,-74.9876,42.1954,1299,1/20/25,0.19,14.6
CER_DEL_2,-74.9876,42.1954,1299,1/21/25,0,3.1
CER_DEL_2,-74.9876,42.1954,1299,1/22/25,0,-1.3
CER_DEL_2,-74.9876,42.1954,1299,1/23/25,0,-0.4
CER_DEL_2,-74.9876,42.1954,1299,1/24/25,0,15
CER_DEL_2,-74.9876,42.1954,1299,1/25/25,0,14.7
CER_DEL_2,-74.9876,42.1954,1299,1/26/25,0.02,18.4
CER_DEL_2,-74.9876,42.1954,1299,1/27/25,0,19.5
CER_DEL_2,-74.9876,42.1954,1299,1/28/25,0.02,23.5
CER_DEL_2,-74.9876,42.1954,1299,1/29/25,0.09,24.1
CER_DEL_2,-74.9876,42.1954,1299,1/30/25,0.09,26
CER_DEL_2,-74.9876,42.1954,1299,1/31/25,0,23.1
CER_DEL_2,-74.9876,42.1954,1299,2/1/25,0.52,28
CER_DEL_2,-74.9876,42.1954,1299,2/2/25,0,12
CER_DEL_2,-74.9876,42.1954,1299,2/3/25,0.13,13
CER_DEL_2,-74.9876,42.1954,1299,2/4/25,0.01,33.4
CER_DEL_2,-74.9876,42.1954,1299,2/5/25,0.01,23.7
CER_DEL_2,-74.9876,42.1954,1299,2/6/25,0.06,16.5
CER_DEL_2,-74.9876,42.1954,1299,2/7/25,0.11,29
CER_DEL_2,-74.9876,42.1954,1299,2/8/25,0,20.2
CER_DEL_2,-74.9876,42.1954,1299,2/9/25,0.32,20.8
CER_DEL_2,-74.9876,42.1954,1299,2/10/25,0,22.2
CER_DEL_2,-74.9876,42.1954,1299,2/11/25,0,18.6
CER_DEL_2,-74.9876,42.1954,1299,2/12/25,0,19.7
CER_DEL_2,-74.9876,42.1954,1299,2/13/25,0.14,24.1
CER_DEL_2,-74.9876,42.1954,1299,2/14/25,0.13,30
CER_DEL_2,-74.9876,42.1954,1299,2/15/25,0,20.4
CER_DEL_2,-74.9876,42.1954,1299,2/16/25,0.55,23.8
CER_DEL_2,-74.9876,42.1954,1299,2/17/25,0.45,27.5
CER_DEL_2,-74.9876,42.1954,1299,2/18/25,0,14.9
CER_DEL_2,-74.9876,42.1954,1299,2/19/25,0,11.5
CER_DEL_2,-74.9876,42.1954,1299,2/20/25,0,14.7
CER_DEL_2,-74.9876,42.1954,1299,2/21/25,0.06,14.7
CER_DEL_2,-74.9876,42.1954,1299,2/22/25,0,17.1
CER_DEL_2,-74.9876,42.1954,1299,2/23/25,0,25.2
CER_DEL_2,-74.9876,42.1954,1299,2/24/25,0,28.4
CER_DEL_2,-74.9876,42.1954,1299,2/25/25,0,35.6
CER_DEL_2,-74.9876,42.1954,1299,2/26/25,0.1,39.1
CER_DEL_2,-74.9876,42.1954,1299,2/27/25,0.15,36.6
CER_DEL_2,-74.9876,42.1954,1299,2/28/25,0.23,38.5
CER_DEL_2,-74.9876,42.1954,1299,3/1/25,0.01,34.6
CER_DEL_2,-74.9876,42.1954,1299,3/2/25,0.05,27.9
CER_DEL_2,-74.9876,42.1954,1299,3/3/25,0,14.5
CER_DEL_2,-74.9876,42.1954,1299,3/4/25,0,22
CER_DEL_2,-74.9876,42.1954,1299,3/5/25,0.01,35
CER_DEL_2,-74.9876,42.1954,1299,3/6/25,0.87,44.2
CER_DEL_2,-74.9876,42.1954,1299,3/7/25,0.03,32.6
CER_DEL_2,-74.9876,42.1954,1299,3/8/25,0.02,29.6
CER_DEL_2,-74.9876,42.1954,1299,3/9/25,0,25.8
CER_DEL_2,-74.9876,42.1954,1299,3/10/25,0,33.5
CER_DEL_2,-74.9876,42.1954,1299,3/11/25,0,42.6
CER_DEL_2,-74.9876,42.1954,1299,3/12/25,0,45.6
CER_DEL_2,-74.9876,42.1954,1299,3/13/25,0,37
CER_DEL_2,-74.9876,42.1954,1299,3/14/25,0,40
CER_DEL_2,-74.9876,42.1954,1299,3/15/25,0,44.6
CER_DEL_2,-74.9876,42.1954,1299,3/16/25,0,50.2
CER_DEL_2,-74.9876,42.1954,1299,3/17/25,0.87,55
CER_DEL_2,-74.9876,42.1954,1299,3/18/25,0.05,33.9
CER_DEL_2,-74.9876,42.1954,1299,3/19/25,0,41.3
CER_DEL_2,-74.9876,42.1954,1299,3/20/25,0,50.8
CER_DEL_2,-74.9876,42.1954,1299,3/21/25,0.27,47
CER_DEL_2,-74.9876,42.1954,1299,3/22/25,0,32.6
CER_DEL_2,-74.9876,42.1954,1299,3/23/25,0.05,36.6
CER_DEL_2,-74.9876,42.1954,1299,3/24/25,0,29.4
CER_DEL_2,-74.9876,42.1954,1299,3/25/25,0.01,39.7
CER_DEL_2,-74.9876,42.1954,1299,3/26/25,0,33.3
CER_DEL_2,-74.9876,42.1954,1299,3/27/25,0.05,29.9
CER_DEL_2,-74.9876,42.1954,1299,3/28/25,0,34.2
CER_DEL_2,-74.9876,42.1954,1299,3/29/25,0.11,45
CER_DEL_2,-74.9876,42.1954,1299,3/30/25,0.16,54.2
CER_DEL_2,-74.9876,42.1954,1299,3/31/25,0.02,48.4
CER_DEL_2,-74.9876,42.1954,1299,4/1/25,0,51.5
CER_DEL_2,-74.9876,42.1954,1299,4/2/25,0,32.8
CER_DEL_2,-74.9876,42.1954,1299,4/3/25,0.15,35
CER_DEL_2,-74.9876,42.1954,1299,4/4/25,0.02,55.7
CER_DEL_2,-74.9876,42.1954,1299,4/5/25,0.02,48.1
CER_DEL_2,-74.9876,42.1954,1299,4/6/25,0.45,42.5
CER_DEL_2,-74.9876,42.1954,1299,4/7/25,0.05,38.9
CER_DEL_2,-74.9876,42.1954,1299,4/8/25,0.04,31
CER_DEL_2,-74.9876,42.1954,1299,4/9/25,0.02,25.4
CER_DEL_2,-74.9876,42.1954,1299,4/10/25,0,32.6
CER_DEL_2,-74.9876,42.1954,1299,4/11/25,0.13,37.2
CER_DEL_2,-74.9876,42.1954,1299,4/12/25,0.3,40.5
CER_DEL_2,-74.9876,42.1954,1299,4/13/25,0.12,36
CER_DEL_2,-74.9876,42.1954,1299,4/14/25,0,41.8
CER_DEL_2,-74.9876,42.1954,1299,4/15/25,0.02,47.9
CER_DEL_2,-74.9876,42.1954,1299,4/16/25,0.14,45.5
CER_DEL_2,-74.9876,42.1954,1299,4/17/25,0.01,31.6
CER_DEL_2,-74.9876,42.1954,1299,4/18/25,0,39.4
CER_DEL_2,-74.9876,42.1954,1299,4/19/25,0,53.6
CER_DEL_2,-74.9876,42.1954,1299,4/20/25,0.21,57.7
CER_DEL_2,-74.9876,42.1954,1299,4/21/25,0,43.4
CER_DEL_2,-74.9876,42.1954,1299,4/22/25,0,48.8
CER_DEL_2,-74.9876,42.1954,1299,4/23/25,0,51
CER_DEL_2,-74.9876,42.1954,1299,4/24/25,0,54.8
CER_DEL_2,-74.9876,42.1954,1299,4/25/25,0,62
CER_DEL_2,-74.9876,42.1954,1299,4/26/25,0.43,63.3
CER_DEL_2,-74.9876,42.1954,1299,4/27/25,0.69,52.7
CER_DEL_2,-74.9876,42.1954,1299,4/28/25,0.02,42.7
CER_DEL_2,-74.9876,42.1954,1299,4/29/25,0,55.7
CER_DEL_2,-74.9876,42.1954,1299,4/30/25,0.3,60.7
CER_DEL_2,-74.9876,42.1954,1299,5/1/25,0,47.4
CER_DEL_2,-74.9876,42.1954,1299,5/2/25,0.16,60
CER_DEL_2,-74.9876,42.1954,1299,5/3/25,0.04,63.5
CER_DEL_2,-74.9876,42.1954,1299,5/4/25,0.2,59.3
CER_DEL_2,-74.9876,42.1954,1299,5/5/25,1.4,57.8
CER_DEL_2,-74.9876,42.1954,1299,5/6/25,0.3,59.8
CER_DEL_2,-74.9876,42.1954,1299,5/7/25,0.61,58.4
CER_DEL_2,-74.9876,42.1954,1299,5/8/25,0.11,55.4
CER_DEL_2,-74.9876,42.1954,1299,5/9/25,0.29,51.2
CER_DEL_2,-74.9876,42.1954,1299,5/10/25,1.23,45
CER_DEL_2,-74.9876,42.1954,1299,5/11/25,0,51.6
CER_DEL_2,-74.9876,42.1954,1299,5/12/25,0,49.7
CER_DEL_2,-74.9876,42.1954,1299,5/13/25,0,62
CER_DEL_2,-74.9876,42.1954,1299,5/14/25,0.04,64.6
CER_DEL_2,-74.9876,42.1954,1299,5/15/25,0.09,61.2
CER_DEL_2,-74.9876,42.1954,1299,5/16/25,0,66.6
CER_DEL_2,-74.9876,42.1954,1299,5/17/25,0.05,68.4
CER_DEL_2,-74.9876,42.1954,1299,5/18/25,0.19,65.5
CER_DEL_2,-74.9876,42.1954,1299,5/19/25,0.09,50.1
CER_DEL_2,-74.9876,42.1954,1299,5/20/25,0,46.7
CER_DEL_2,-74.9876,42.1954,1299,5/21/25,0,47
CER_DEL_2,-74.9876,42.1954,1299,5/22/25,0.42,46
CER_DEL_2,-74.9876,42.1954,1299,5/23/25,0.34,45.5
CER_DEL_2,-74.9876,42.1954,1299,5/24/25,0.2,47.1
CER_DEL_2,-74.9876,42.1954,1299,5/25/25,0.24,48.4
CER_DEL_2,-74.9876,42.1954,1299,5/26/25,0.04,49.6
CER_DEL_2,-74.9876,42.1954,1299,5/27/25,0,54.8
CER_DEL_2,-74.9876,42.1954,1299,5/28/25,0,57.9
CER_DEL_2,-74.9876,42.1954,1299,5/29/25,0,59
CER_DEL_2,-74.9876,42.1954,1299,5/30/25,0,59.1
CER_DEL_2,-74.9876,42.1954,1299,5/31/25,0.98,61.4
CER_DEL_2,-74.9876,42.1954,1299,6/1/25,0.87,48.4
CER_DEL_2,-74.9876,42.1954,1299,6/2/25,0.04,48.3
CER_DEL_2,-74.9876,42.1954,1299,6/3/25,0,52.4
CER_DEL_2,-74.9876,42.1954,1299,6/4/25,0,61.1
CER_DEL_2,-74.9876,42.1954,1299,6/5/25,0,71.4
CER_DEL_2,-74.9876,42.1954,1299,6/6/25,0.09,74.2
CER_DEL_2,-74.9876,42.1954,1299,6/7/25,0.37,67.2
CER_DEL_2,-74.9876,42.1954,1299,6/8/25,0.57,63.8
CER_DEL_2,-74.9876,42.1954,1299,6/9/25,0.14,66.2
CER_DEL_2,-74.9876,42.1954,1299,6/10/25,0.45,63.7
CER_DEL_2,-74.9876,42.1954,1299,6/11/25,0.09,63.5
CER_DEL_2,-74.9876,42.1954,1299,6/12/25,0,64.3
CER_DEL_2,-74.9876,42.1954,1299,6/13/25,0.01,63.4
CER_DEL_2,-74.9876,42.1954,1299,6/14/25,0.36,65.6
CER_DEL_2,-74.9876,42.1954,1299,6/15/25,0,60.2
CER_DEL_2,-74.9876,42.1954,1299,6/16/25,0,62.6
CER_DEL_2,-74.9876,42.1954,1299,6/17/25,0.13,63.6
CER_DEL_2,-74.9876,42.1954,1299,6/18/25,0.24,64.4
CER_DEL_2,-74.9876,42.1954,1299,6/19/25,0.02,71.8
CER_DEL_2,-74.9876,42.1954,1299,6/20/25,0.56,71.2
CER_DEL_2,-74.9876,42.1954,1299,6/21/25,0,66.2
CER_DEL_2,-74.9876,42.1954,1299,6/22/25,1.43,71.8
CER_DEL_2,-74.9876,42.1954,1299,6/23/25,0.21,74.2
CER_DEL_2,-74.9876,42.1954,1299,6/24/25,0,77.6
CER_DEL_2,-74.9876,42.1954,1299,6/25/25,0,79
CER_DEL_2,-74.9876,42.1954,1299,6/26/25,0,76.1
CER_DEL_2,-74.9876,42.1954,1299,6/27/25,0.18,65.4
CER_DEL_2,-74.9876,42.1954,1299,6/28/25,0,62.1
CER_DEL_2,-74.9876,42.1954,1299,6/29/25,0,71.2
CER_DEL_2,-74.9876,42.1954,1299,6/30/25,0,67.6
,,,,,,
CHO_GEN,-77.0281,42.8754,666,1/1/25,0,41.2
CHO_GEN,-77.0281,42.8754,666,1/2/25,0.07,37.2
CHO_GEN,-77.0281,42.8754,666,1/3/25,0,30.4
CHO_GEN,-77.0281,42.8754,666,1/4/25,0.01,27.4
CHO_GEN,-77.0281,42.8754,666,1/5/25,0,23.7
CHO_GEN,-77.0281,42.8754,666,1/6/25,0.01,21.6
CHO_GEN,-77.0281,42.8754,666,1/7/25,0.02,16.1
CHO_GEN,-77.0281,42.8754,666,1/8/25,0,19.3
CHO_GEN,-77.0281,42.8754,666,1/9/25,0,15.9
CHO_GEN,-77.0281,42.8754,666,1/10/25,0,18.3
CHO_GEN,-77.0281,42.8754,666,1/11/25,0.08,22
CHO_GEN,-77.0281,42.8754,666,1/12/25,0,25.3
CHO_GEN,-77.0281,42.8754,666,1/13/25,0,31.7
CHO_GEN,-77.0281,42.8754,666,1/14/25,0,25.8
CHO_GEN,-77.0281,42.8754,666,1/15/25,0,20
CHO_GEN,-77.0281,42.8754,666,1/16/25,0,20.8
CHO_GEN,-77.0281,42.8754,666,1/17/25,0,23.9
CHO_GEN,-77.0281,42.8754,666,1/18/25,0,33
CHO_GEN,-77.0281,42.8754,666,1/19/25,0,27.5
CHO_GEN,-77.0281,42.8754,666,1/20/25,0,16.2
CHO_GEN,-77.0281,42.8754,666,1/21/25,0.01,9.5
CHO_GEN,-77.0281,42.8754,666,1/22/25,0,6.5
CHO_GEN,-77.0281,42.8754,666,1/23/25,0,8.6
CHO_GEN,-77.0281,42.8754,666,1/24/25,0.01,21.7
CHO_GEN,-77.0281,42.8754,666,1/25/25,0,16.5
CHO_GEN,-77.0281,42.8754,666,1/26/25,0,22.7
CHO_GEN,-77.0281,42.8754,666,1/27/25,0,27.1
CHO_GEN,-77.0281,42.8754,666,1/28/25,0.01,29.8
CHO_GEN,-77.0281,42.8754,666,1/29/25,0,27.7
CHO_GEN,-77.0281,42.8754,666,1/30/25,0,26.4
CHO_GEN,-77.0281,42.8754,666,1/31/25,0,26.9
CHO_GEN,-77.0281,42.8754,666,2/1/25,0.39,24.7
CHO_GEN,-77.0281,42.8754,666,2/2/25,0,9.9
CHO_GEN,-77.0281,42.8754,666,2/3/25,0,22.9
CHO_GEN,-77.0281,42.8754,666,2/4/25,0,32.9
CHO_GEN,-77.0281,42.8754,666,2/5/25,0,23.5
CHO_GEN,-77.0281,42.8754,666,2/6/25,0,20.4
CHO_GEN,-77.0281,42.8754,666,2/7/25,0.02,29.4
CHO_GEN,-77.0281,42.8754,666,2/8/25,0,22
CHO_GEN,-77.0281,42.8754,666,2/9/25,0.27,23.5
CHO_GEN,-77.0281,42.8754,666,2/10/25,0,24
CHO_GEN,-77.0281,42.8754,666,2/11/25,0,21.3
CHO_GEN,-77.0281,42.8754,666,2/12/25,0,20.6
CHO_GEN,-77.0281,42.8754,666,2/13/25,0.19,26.7
CHO_GEN,-77.0281,42.8754,666,2/14/25,0.08,29.8
CHO_GEN,-77.0281,42.8754,666,2/15/25,0,22.7
CHO_GEN,-77.0281,42.8754,666,2/16/25,0.28,27.1
CHO_GEN,-77.0281,42.8754,666,2/17/25,0.27,24
CHO_GEN,-77.0281,42.8754,666,2/18/25,0,14.9
CHO_GEN,-77.0281,42.8754,666,2/19/25,0,13.8
CHO_GEN,-77.0281,42.8754,666,2/20/25,0,17.1
CHO_GEN,-77.0281,42.8754,666,2/21/25,0.09,16.4
CHO_GEN,-77.0281,42.8754,666,2/22/25,0,16.7
CHO_GEN,-77.0281,42.8754,666,2/23/25,0,26.7
CHO_GEN,-77.0281,42.8754,666,2/24/25,0,30.9
CHO_GEN,-77.0281,42.8754,666,2/25/25,0,39
CHO_GEN,-77.0281,42.8754,666,2/26/25,0,37.7
CHO_GEN,-77.0281,42.8754,666,2/27/25,0,37.1
CHO_GEN,-77.0281,42.8754,666,2/28/25,0.04,36.8
CHO_GEN,-77.0281,42.8754,666,3/1/25,0,36.3
CHO_GEN,-77.0281,42.8754,666,3/2/25,0,22.8
CHO_GEN,-77.0281,42.8754,666,3/3/25,0,15.8
CHO_GEN,-77.0281,42.8754,666,3/4/25,0,27.9
CHO_GEN,-77.0281,42.8754,666,3/5/25,0,41.8
CHO_GEN,-77.0281,42.8754,666,3/6/25,0.37,47.4
CHO_GEN,-77.0281,42.8754,666,3/7/25,0,33.7
CHO_GEN,-77.0281,42.8754,666,3/8/25,0.02,31.4
CHO_GEN,-77.0281,42.8754,666,3/9/25,0,30
CHO_GEN,-77.0281,42.8754,666,3/10/25,0,39.5
CHO_GEN,-77.0281,42.8754,666,3/11/25,0,48
CHO_GEN,-77.0281,42.8754,666,3/12/25,0,46.2
CHO_GEN,-77.0281,42.8754,666,3/13/25,0,31.7
CHO_GEN,-77.0281,42.8754,666,3/14/25,0,42.8
CHO_GEN,-77.0281,42.8754,666,3/15/25,0,47.7
CHO_GEN,-77.0281,42.8754,666,3/16/25,0,53.1
CHO_GEN,-77.0281,42.8754,666,3/17/25,0.19,50.5
CHO_GEN,-77.0281,42.8754,666,3/18/25,0,29.7
CHO_GEN,-77.0281,42.8754,666,3/19/25,0,46.7
CHO_GEN,-77.0281,42.8754,666,3/20/25,0,58.9
CHO_GEN,-77.0281,42.8754,666,3/21/25,0.18,45.6
CHO_GEN,-77.0281,42.8754,666,3/22/25,0,37.4
CHO_GEN,-77.0281,42.8754,666,3/23/25,0,38.1
CHO_GEN,-77.0281,42.8754,666,3/24/25,0.01,34.3
CHO_GEN,-77.0281,42.8754,666,3/25/25,0,45.7
CHO_GEN,-77.0281,42.8754,666,3/26/25,0,33.3
CHO_GEN,-77.0281,42.8754,666,3/27/25,0.05,31.6
CHO_GEN,-77.0281,42.8754,666,3/28/25,0,38.1
CHO_GEN,-77.0281,42.8754,666,3/29/25,0.03,44.3
CHO_GEN,-77.0281,42.8754,666,3/30/25,0.09,35.9
CHO_GEN,-77.0281,42.8754,666,3/31/25,0.08,51.5
CHO_GEN,-77.0281,42.8754,666,4/1/25,0,49
CHO_GEN,-77.0281,42.8754,666,4/2/25,0,33.1
CHO_GEN,-77.0281,42.8754,666,4/3/25,0.65,41
CHO_GEN,-77.0281,42.8754,666,4/4/25,0,55.1
CHO_GEN,-77.0281,42.8754,666,4/5/25,0,44.8
CHO_GEN,-77.0281,42.8754,666,4/6/25,0.43,46
CHO_GEN,-77.0281,42.8754,666,4/7/25,0,36.7
CHO_GEN,-77.0281,42.8754,666,4/8/25,0.05,35.9
CHO_GEN,-77.0281,42.8754,666,4/9/25,0,26.4
CHO_GEN,-77.0281,42.8754,666,4/10/25,0,32.8
CHO_GEN,-77.0281,42.8754,666,4/11/25,0.59,35.7
CHO_GEN,-77.0281,42.8754,666,4/12/25,0.15,40.1
CHO_GEN,-77.0281,42.8754,666,4/13/25,0.04,39.7
CHO_GEN,-77.0281,42.8754,666,4/14/25,0,46.1
CHO_GEN,-77.0281,42.8754,666,4/15/25,0.02,53.2
CHO_GEN,-77.0281,42.8754,666,4/16/25,0,43.7
CHO_GEN,-77.0281,42.8754,666,4/17/25,0.03,34.7
CHO_GEN,-77.0281,42.8754,666,4/18/25,0,43.8
CHO_GEN,-77.0281,42.8754,666,4/19/25,0.02,55.8
CHO_GEN,-77.0281,42.8754,666,4/20/25,0.44,56
CHO_GEN,-77.0281,42.8754,666,4/21/25,0,43.9
CHO_GEN,-77.0281,42.8754,666,4/22/25,0.05,52.6
CHO_GEN,-77.0281,42.8754,666,4/23/25,0,49.8
CHO_GEN,-77.0281,42.8754,666,4/24/25,0,54
CHO_GEN,-77.0281,42.8754,666,4/25/25,0,64.7
CHO_GEN,-77.0281,42.8754,666,4/26/25,0.44,63.7
CHO_GEN,-77.0281,42.8754,666,4/27/25,0.04,51.5
CHO_GEN,-77.0281,42.8754,666,4/28/25,0,50.5
CHO_GEN,-77.0281,42.8754,666,4/29/25,0,57.5
CHO_GEN,-77.0281,42.8754,666,4/30/25,0.25,62.1
CHO_GEN,-77.0281,42.8754,666,5/1/25,0,47.8
CHO_GEN,-77.0281,42.8754,666,5/2/25,0.11,58.9
CHO_GEN,-77.0281,42.8754,666,5/3/25,0.35,59.1
CHO_GEN,-77.0281,42.8754,666,5/4/25,0.42,47
CHO_GEN,-77.0281,42.8754,666,5/5/25,0.22,50.9
CHO_GEN,-77.0281,42.8754,666,5/6/25,0.42,61.5
CHO_GEN,-77.0281,42.8754,666,5/7/25,1.71,61.8
CHO_GEN,-77.0281,42.8754,666,5/8/25,0.06,54.7
CHO_GEN,-77.0281,42.8754,666,5/9/25,0,43.4
CHO_GEN,-77.0281,42.8754,666,5/10/25,0.01,45.5
CHO_GEN,-77.0281,42.8754,666,5/11/25,0,55.3
CHO_GEN,-77.0281,42.8754,666,5/12/25,0,49.7
CHO_GEN,-77.0281,42.8754,666,5/13/25,0,68
CHO_GEN,-77.0281,42.8754,666,5/14/25,0.05,64.2
CHO_GEN,-77.0281,42.8754,666,5/15/25,0.01,62.5
CHO_GEN,-77.0281,42.8754,666,5/16/25,0.26,67.6
CHO_GEN,-77.0281,42.8754,666,5/17/25,0.02,71.2
CHO_GEN,-77.0281,42.8754,666,5/18/25,0.14,66
CHO_GEN,-77.0281,42.8754,666,5/19/25,0,52.3
CHO_GEN,-77.0281,42.8754,666,5/20/25,0,47.1
CHO_GEN,-77.0281,42.8754,666,5/21/25,0,47.5
CHO_GEN,-77.0281,42.8754,666,5/22/25,0.82,48.8
CHO_GEN,-77.0281,42.8754,666,5/23/25,0.17,49.4
CHO_GEN,-77.0281,42.8754,666,5/24/25,0.13,48.7
CHO_GEN,-77.0281,42.8754,666,5/25/25,0.1,50.2
CHO_GEN,-77.0281,42.8754,666,5/26/25,0,51.2
CHO_GEN,-77.0281,42.8754,666,5/27/25,0,55
CHO_GEN,-77.0281,42.8754,666,5/28/25,0,58.4
CHO_GEN,-77.0281,42.8754,666,5/29/25,1.06,58.2
CHO_GEN,-77.0281,42.8754,666,5/30/25,0,61.5
CHO_GEN,-77.0281,42.8754,666,5/31/25,0.04,62.7
CHO_GEN,-77.0281,42.8754,666,6/1/25,0,48.8
CHO_GEN,-77.0281,42.8754,666,6/2/25,0.02,51.5
CHO_GEN,-77.0281,42.8754,666,6/3/25,0,58.6
CHO_GEN,-77.0281,42.8754,666,6/4/25,0,65.6
CHO_GEN,-77.0281,42.8754,666,6/5/25,0,74.7
CHO_GEN,-77.0281,42.8754,666,6/6/25,0.14,71.2
CHO_GEN,-77.0281,42.8754,666,6/7/25,0.25,65
CHO_GEN,-77.0281,42.8754,666,6/8/25,0,63.5
CHO_GEN,-77.0281,42.8754,666,6/9/25,0.12,67
CHO_GEN,-77.0281,42.8754,666,6/10/25,0.52,69.8
CHO_GEN,-77.0281,42.8754,666,6/11/25,0,66.2
CHO_GEN,-77.0281,42.8754,666,6/12/25,0,71
CHO_GEN,-77.0281,42.8754,666,6/13/25,0,64.1
CHO_GEN,-77.0281,42.8754,666,6/14/25,0.2,62.9
CHO_GEN,-77.0281,42.8754,666,6/15/25,0,61.5
CHO_GEN,-77.0281,42.8754,666,6/16/25,0,66.5
CHO_GEN,-77.0281,42.8754,666,6/17/25,0,66
CHO_GEN,-77.0281,42.8754,666,6/18/25,0,71.6
CHO_GEN,-77.0281,42.8754,666,6/19/25,0.26,74.7
CHO_GEN,-77.0281,42.8754,666,6/20/25,0.12,71.3
CHO_GEN,-77.0281,42.8754,666,6/21/25,0.13,70.2
CHO_GEN,-77.0281,42.8754,666,6/22/25,0,77.4
CHO_GEN,-77.0281,42.8754,666,6/23/25,0,81.6
CHO_GEN,-77.0281,42.8754,666,6/24/25,0,83.4
CHO_GEN,-77.0281,42.8754,666,6/25/25,0,83.2
CHO_GEN,-77.0281,42.8754,666,6/26/25,0.02,76.1
CHO_GEN,-77.0281,42.8754,666,6/27/25,0.08,65.5
CHO_GEN,-77.0281,42.8754,666,6/28/25,0.22,68.8
CHO_GEN,-77.0281,42.8754,666,6/29/25,0,72.1
CHO_GEN,-77.0281,42.8754,666,6/30/25,0,69.2
,,,,,,
DEG_DIE,-76.15,42.6062,1339,1/1/25,0.25,38.4
DEG_DIE,-76.15,42.6062,1339,1/2/25,0.14,35.1
DEG_DIE,-76.15,42.6062,1339,1/3/25,0.04,27.5
DEG_DIE,-76.15,42.6062,1339,1/4/25,0.06,23.2
DEG_DIE,-76.15,42.6062,1339,1/5/25,0.14,20.8
DEG_DIE,-76.15,42.6062,1339,1/6/25,0.02,20.7
DEG_DIE,-76.15,42.6062,1339,1/7/25,0.04,14.1
DEG_DIE,-76.15,42.6062,1339,1/8/25,0.11,15.9
DEG_DIE,-76.15,42.6062,1339,1/9/25,0.02,13.7
DEG_DIE,-76.15,42.6062,1339,1/10/25,0.02,15.3
DEG_DIE,-76.15,42.6062,1339,1/11/25,0.07,19.1
DEG_DIE,-76.15,42.6062,1339,1/12/25,0.03,22.3
DEG_DIE,-76.15,42.6062,1339,1/13/25,0,26.7
DEG_DIE,-76.15,42.6062,1339,1/14/25,0.02,24
DEG_DIE,-76.15,42.6062,1339,1/15/25,0.06,17.2
DEG_DIE,-76.15,42.6062,1339,1/16/25,0.04,17.5
DEG_DIE,-76.15,42.6062,1339,1/17/25,0.06,19.2
DEG_DIE,-76.15,42.6062,1339,1/18/25,0,28.3
DEG_DIE,-76.15,42.6062,1339,1/19/25,0.06,25.6
DEG_DIE,-76.15,42.6062,1339,1/20/25,0,9.1
DEG_DIE,-76.15,42.6062,1339,1/21/25,0.02,2.4
DEG_DIE,-76.15,42.6062,1339,1/22/25,0,-0.7
DEG_DIE,-76.15,42.6062,1339,1/23/25,0,-0.1
DEG_DIE,-76.15,42.6062,1339,1/24/25,0,17.5
DEG_DIE,-76.15,42.6062,1339,1/25/25,0.01,12.9
DEG_DIE,-76.15,42.6062,1339,1/26/25,0.02,16.1
DEG_DIE,-76.15,42.6062,1339,1/27/25,0,19.7
DEG_DIE,-76.15,42.6062,1339,1/28/25,0.07,26
DEG_DIE,-76.15,42.6062,1339,1/29/25,0.09,25.6
DEG_DIE,-76.15,42.6062,1339,1/30/25,0.09,25.2
DEG_DIE,-76.15,42.6062,1339,1/31/25,0,22.6
DEG_DIE,-76.15,42.6062,1339,2/1/25,0.57,24.6
DEG_DIE,-76.15,42.6062,1339,2/2/25,0,4.4
DEG_DIE,-76.15,42.6062,1339,2/3/25,0.13,14.8
DEG_DIE,-76.15,42.6062,1339,2/4/25,0.04,34
DEG_DIE,-76.15,42.6062,1339,2/5/25,0.12,20
DEG_DIE,-76.15,42.6062,1339,2/6/25,0.13,13.6
DEG_DIE,-76.15,42.6062,1339,2/7/25,0.08,30.1
DEG_DIE,-76.15,42.6062,1339,2/8/25,0.01,16.1
DEG_DIE,-76.15,42.6062,1339,2/9/25,0.21,17.5
DEG_DIE,-76.15,42.6062,1339,2/10/25,0.04,23.5
DEG_DIE,-76.15,42.6062,1339,2/11/25,0,17.4
DEG_DIE,-76.15,42.6062,1339,2/12/25,0,16.7
DEG_DIE,-76.15,42.6062,1339,2/13/25,0.06,19.3
DEG_DIE,-76.15,42.6062,1339,2/14/25,0.17,29.2
DEG_DIE,-76.15,42.6062,1339,2/15/25,0.02,19.1
DEG_DIE,-76.15,42.6062,1339,2/16/25,0.57,24.9
DEG_DIE,-76.15,42.6062,1339,2/17/25,0.63,26.1
DEG_DIE,-76.15,42.6062,1339,2/18/25,0.06,12.7
DEG_DIE,-76.15,42.6062,1339,2/19/25,0,11.2
DEG_DIE,-76.15,42.6062,1339,2/20/25,0.01,14.1
DEG_DIE,-76.15,42.6062,1339,2/21/25,0.07,13.8
DEG_DIE,-76.15,42.6062,1339,2/22/25,0.02,14.5
DEG_DIE,-76.15,42.6062,1339,2/23/25,0,22.9
DEG_DIE,-76.15,42.6062,1339,2/24/25,0,28.3
DEG_DIE,-76.15,42.6062,1339,2/25/25,0,35.8
DEG_DIE,-76.15,42.6062,1339,2/26/25,0.25,35.7
DEG_DIE,-76.15,42.6062,1339,2/27/25,0.17,34.4
DEG_DIE,-76.15,42.6062,1339,2/28/25,0.34,35.3
DEG_DIE,-76.15,42.6062,1339,3/1/25,0.04,34
DEG_DIE,-76.15,42.6062,1339,3/2/25,0.09,22.5
DEG_DIE,-76.15,42.6062,1339,3/3/25,0,12.5
DEG_DIE,-76.15,42.6062,1339,3/4/25,0,23.6
DEG_DIE,-76.15,42.6062,1339,3/5/25,0.02,37.1
DEG_DIE,-76.15,42.6062,1339,3/6/25,0.76,43.2
DEG_DIE,-76.15,42.6062,1339,3/7/25,0.14,31.1
DEG_DIE,-76.15,42.6062,1339,3/8/25,0.06,27.8
DEG_DIE,-76.15,42.6062,1339,3/9/25,0,24.8
DEG_DIE,-76.15,42.6062,1339,3/10/25,0,33.5
DEG_DIE,-76.15,42.6062,1339,3/11/25,0,43.6
DEG_DIE,-76.15,42.6062,1339,3/12/25,0,45
DEG_DIE,-76.15,42.6062,1339,3/13/25,0,31.9
DEG_DIE,-76.15,42.6062,1339,3/14/25,0,41.8
DEG_DIE,-76.15,42.6062,1339,3/15/25,0,48.3
DEG_DIE,-76.15,42.6062,1339,3/16/25,0,52
DEG_DIE,-76.15,42.6062,1339,3/17/25,0.59,50.1
DEG_DIE,-76.15,42.6062,1339,3/18/25,0.02,26.4
DEG_DIE,-76.15,42.6062,1339,3/19/25,0,40.6
DEG_DIE,-76.15,42.6062,1339,3/20/25,0,54.9
DEG_DIE,-76.15,42.6062,1339,3/21/25,0.01,46.4
DEG_DIE,-76.15,42.6062,1339,3/22/25,0,33
DEG_DIE,-76.15,42.6062,1339,3/23/25,0.03,34.6
DEG_DIE,-76.15,42.6062,1339,3/24/25,0.01,29.1
DEG_DIE,-76.15,42.6062,1339,3/25/25,0.01,43.3
DEG_DIE,-76.15,42.6062,1339,3/26/25,0,29.9
DEG_DIE,-76.15,42.6062,1339,3/27/25,0.1,26.7
DEG_DIE,-76.15,42.6062,1339,3/28/25,0.02,32.7
DEG_DIE,-76.15,42.6062,1339,3/29/25,0.13,44.5
DEG_DIE,-76.15,42.6062,1339,3/30/25,0.23,44.6
DEG_DIE,-76.15,42.6062,1339,3/31/25,0.05,54.5
DEG_DIE,-76.15,42.6062,1339,4/1/25,0.01,49.3
DEG_DIE,-76.15,42.6062,1339,4/2/25,0,30.8
DEG_DIE,-76.15,42.6062,1339,4/3/25,0.46,38.4
DEG_DIE,-76.15,42.6062,1339,4/4/25,0,55.7
DEG_DIE,-76.15,42.6062,1339,4/5/25,0.05,43.8
DEG_DIE,-76.15,42.6062,1339,4/6/25,0.51,43.3
DEG_DIE,-76.15,42.6062,1339,4/7/25,0,36.8
DEG_DIE,-76.15,42.6062,1339,4/8/25,0.05,33.2
DEG_DIE,-76.15,42.6062,1339,4/9/25,0.12,22.2
DEG_DIE,-76.15,42.6062,1339,4/10/25,0,30.6
DEG_DIE,-76.15,42.6062,1339,4/11/25,0.24,35.5
DEG_DIE,-76.15,42.6062,1339,4/12/25,0.16,38.8
DEG_DIE,-76.15,42.6062,1339,4/13/25,0.17,38.5
DEG_DIE,-76.15,42.6062,1339,4/14/25,0,41.5
DEG_DIE,-76.15,42.6062,1339,4/15/25,0.06,47.3
DEG_DIE,-76.15,42.6062,1339,4/16/25,0.21,42.6
DEG_DIE,-76.15,42.6062,1339,4/17/25,0.11,32.5
DEG_DIE,-76.15,42.6062,1339,4/18/25,0,39.6
DEG_DIE,-76.15,42.6062,1339,4/19/25,0,53.8
DEG_DIE,-76.15,42.6062,1339,4/20/25,0.47,55.8
DEG_DIE,-76.15,42.6062,1339,4/21/25,0,40.2
DEG_DIE,-76.15,42.6062,1339,4/22/25,0.14,52.6
DEG_DIE,-76.15,42.6062,1339,4/23/25,0,47.6
DEG_DIE,-76.15,42.6062,1339,4/24/25,0.01,53.2
DEG_DIE,-76.15,42.6062,1339,4/25/25,0.02,63.1
DEG_DIE,-76.15,42.6062,1339,4/26/25,0.46,65.7
DEG_DIE,-76.15,42.6062,1339,4/27/25,0.24,50.9
DEG_DIE,-76.15,42.6062,1339,4/28/25,0.02,44.4
DEG_DIE,-76.15,42.6062,1339,4/29/25,0,56.9
DEG_DIE,-76.15,42.6062,1339,4/30/25,0.8,59.9
DEG_DIE,-76.15,42.6062,1339,5/1/25,0,45.1
DEG_DIE,-76.15,42.6062,1339,5/2/25,0.27,60.7
DEG_DIE,-76.15,42.6062,1339,5/3/25,0.36,61.3
DEG_DIE,-76.15,42.6062,1339,5/4/25,0.45,50.7
DEG_DIE,-76.15,42.6062,1339,5/5/25,0.23,54.2
DEG_DIE,-76.15,42.6062,1339,5/6/25,0.3,61.5
DEG_DIE,-76.15,42.6062,1339,5/7/25,1.56,59.7
DEG_DIE,-76.15,42.6062,1339,5/8/25,0.09,55.5
DEG_DIE,-76.15,42.6062,1339,5/9/25,0.07,45.1
DEG_DIE,-76.15,42.6062,1339,5/10/25,0.39,43.1
DEG_DIE,-76.15,42.6062,1339,5/11/25,0,51.8
DEG_DIE,-76.15,42.6062,1339,5/12/25,0,47.8
DEG_DIE,-76.15,42.6062,1339,5/13/25,0,65.4
DEG_DIE,-76.15,42.6062,1339,5/14/25,0.08,64.3
DEG_DIE,-76.15,42.6062,1339,5/15/25,0.05,60.8
DEG_DIE,-76.15,42.6062,1339,5/16/25,0.08,64.4
DEG_DIE,-76.15,42.6062,1339,5/17/25,0.3,69.6
DEG_DIE,-76.15,42.6062,1339,5/18/25,0.28,64.1
DEG_DIE,-76.15,42.6062,1339,5/19/25,0.08,49
DEG_DIE,-76.15,42.6062,1339,5/20/25,0,43.4
DEG_DIE,-76.15,42.6062,1339,5/21/25,0,45.8
DEG_DIE,-76.15,42.6062,1339,5/22/25,0.48,47.2
DEG_DIE,-76.15,42.6062,1339,5/23/25,0.2,46.6
DEG_DIE,-76.15,42.6062,1339,5/24/25,0.34,47.3
DEG_DIE,-76.15,42.6062,1339,5/25/25,0.25,48.5
DEG_DIE,-76.15,42.6062,1339,5/26/25,0.02,48.6
DEG_DIE,-76.15,42.6062,1339,5/27/25,0,53.4
DEG_DIE,-76.15,42.6062,1339,5/28/25,0,57.3
DEG_DIE,-76.15,42.6062,1339,5/29/25,0.57,57.8
DEG_DIE,-76.15,42.6062,1339,5/30/25,0.04,58.6
DEG_DIE,-76.15,42.6062,1339,5/31/25,0.1,62
DEG_DIE,-76.15,42.6062,1339,6/1/25,0.23,47.7
DEG_DIE,-76.15,42.6062,1339,6/2/25,0.14,48.2
DEG_DIE,-76.15,42.6062,1339,6/3/25,0,53.2
DEG_DIE,-76.15,42.6062,1339,6/4/25,0,63.8
DEG_DIE,-76.15,42.6062,1339,6/5/25,0,73.1
DEG_DIE,-76.15,42.6062,1339,6/6/25,1.09,72.8
DEG_DIE,-76.15,42.6062,1339,6/7/25,1.27,66.5
DEG_DIE,-76.15,42.6062,1339,6/8/25,0.01,61.9
DEG_DIE,-76.15,42.6062,1339,6/9/25,0.15,66.1
DEG_DIE,-76.15,42.6062,1339,6/10/25,1.16,68
DEG_DIE,-76.15,42.6062,1339,6/11/25,0.09,60.7
DEG_DIE,-76.15,42.6062,1339,6/12/25,0,67.8
DEG_DIE,-76.15,42.6062,1339,6/13/25,0,60.7
DEG_DIE,-76.15,42.6062,1339,6/14/25,0.14,63.7
DEG_DIE,-76.15,42.6062,1339,6/15/25,0,60.3
DEG_DIE,-76.15,42.6062,1339,6/16/25,0,64
DEG_DIE,-76.15,42.6062,1339,6/17/25,0,63.7
DEG_DIE,-76.15,42.6062,1339,6/18/25,0,67.7
DEG_DIE,-76.15,42.6062,1339,6/19/25,0.14,73.2
DEG_DIE,-76.15,42.6062,1339,6/20/25,0.29,70
DEG_DIE,-76.15,42.6062,1339,6/21/25,0.1,64.9
DEG_DIE,-76.15,42.6062,1339,6/22/25,0.18,73.3
DEG_DIE,-76.15,42.6062,1339,6/23/25,0.67,76
DEG_DIE,-76.15,42.6062,1339,6/24/25,0,77.9
DEG_DIE,-76.15,42.6062,1339,6/25/25,0,79.7
DEG_DIE,-76.15,42.6062,1339,6/26/25,0,74.5
DEG_DIE,-76.15,42.6062,1339,6/27/25,0.31,64.3
DEG_DIE,-76.15,42.6062,1339,6/28/25,0,62.2
DEG_DIE,-76.15,42.6062,1339,6/29/25,0.5,69.6
DEG_DIE,-76.15,42.6062,1339,6/30/25,0,66.7
,,,,,,
DEG_FOU,-76.2765,42.5872,1480,1/1/25,0.23,37.8
DEG_FOU,-76.2765,42.5872,1480,1/2/25,0.16,34.9
DEG_FOU,-76.2765,42.5872,1480,1/3/25,0.03,27.3
DEG_FOU,-76.2765,42.5872,1480,1/4/25,0.05,22.7
DEG_FOU,-76.2765,42.5872,1480,1/5/25,0.05,20.1
DEG_FOU,-76.2765,42.5872,1480,1/6/25,0,20.4
DEG_FOU,-76.2765,42.5872,1480,1/7/25,0.02,13.8
DEG_FOU,-76.2765,42.5872,1480,1/8/25,0.13,15.3
DEG_FOU,-76.2765,42.5872,1480,1/9/25,0.01,13
DEG_FOU,-76.2765,42.5872,1480,1/10/25,0,14.4
DEG_FOU,-76.2765,42.5872,1480,1/11/25,0.08,18.9
DEG_FOU,-76.2765,42.5872,1480,1/12/25,0.04,21.9
DEG_FOU,-76.2765,42.5872,1480,1/13/25,0,26.4
DEG_FOU,-76.2765,42.5872,1480,1/14/25,0.04,23.4
DEG_FOU,-76.2765,42.5872,1480,1/15/25,0.04,16.6
DEG_FOU,-76.2765,42.5872,1480,1/16/25,0.03,16.8
DEG_FOU,-76.2765,42.5872,1480,1/17/25,0.06,18.6
DEG_FOU,-76.2765,42.5872,1480,1/18/25,0,27.8
DEG_FOU,-76.2765,42.5872,1480,1/19/25,0.04,24.9
DEG_FOU,-76.2765,42.5872,1480,1/20/25,0,8.5
DEG_FOU,-76.2765,42.5872,1480,1/21/25,0.02,1.6
DEG_FOU,-76.2765,42.5872,1480,1/22/25,0,-1.8
DEG_FOU,-76.2765,42.5872,1480,1/23/25,0,-0.7
DEG_FOU,-76.2765,42.5872,1480,1/24/25,0,17
DEG_FOU,-76.2765,42.5872,1480,1/25/25,0.01,12.8
DEG_FOU,-76.2765,42.5872,1480,1/26/25,0,15.7
DEG_FOU,-76.2765,42.5872,1480,1/27/25,0,19
DEG_FOU,-76.2765,42.5872,1480,1/28/25,0.05,25.4
DEG_FOU,-76.2765,42.5872,1480,1/29/25,0.06,25.3
DEG_FOU,-76.2765,42.5872,1480,1/30/25,0.11,24.7
DEG_FOU,-76.2765,42.5872,1480,1/31/25,0,22.8
DEG_FOU,-76.2765,42.5872,1480,2/1/25,0.45,24.4
DEG_FOU,-76.2765,42.5872,1480,2/2/25,0,4.5
DEG_FOU,-76.2765,42.5872,1480,2/3/25,0.11,14.9
DEG_FOU,-76.2765,42.5872,1480,2/4/25,0,33.9
DEG_FOU,-76.2765,42.5872,1480,2/5/25,0.13,19.5
DEG_FOU,-76.2765,42.5872,1480,2/6/25,0.13,13.5
DEG_FOU,-76.2765,42.5872,1480,2/7/25,0.1,29.9
DEG_FOU,-76.2765,42.5872,1480,2/8/25,0,16.3
DEG_FOU,-76.2765,42.5872,1480,2/9/25,0.23,17
DEG_FOU,-76.2765,42.5872,1480,2/10/25,0,23.1
DEG_FOU,-76.2765,42.5872,1480,2/11/25,0,17
DEG_FOU,-76.2765,42.5872,1480,2/12/25,0,16.6
DEG_FOU,-76.2765,42.5872,1480,2/13/25,0.04,19.3
DEG_FOU,-76.2765,42.5872,1480,2/14/25,0.11,28.9
DEG_FOU,-76.2765,42.5872,1480,2/15/25,0,18.9
DEG_FOU,-76.2765,42.5872,1480,2/16/25,0.63,24.7
DEG_FOU,-76.2765,42.5872,1480,2/17/25,0.75,25.8
DEG_FOU,-76.2765,42.5872,1480,2/18/25,0.02,12.1
DEG_FOU,-76.2765,42.5872,1480,2/19/25,0,10.9
DEG_FOU,-76.2765,42.5872,1480,2/20/25,0,14
DEG_FOU,-76.2765,42.5872,1480,2/21/25,0.12,13.5
DEG_FOU,-76.2765,42.5872,1480,2/22/25,0,13.4
DEG_FOU,-76.2765,42.5872,1480,2/23/25,0,22.2
DEG_FOU,-76.2765,42.5872,1480,2/24/25,0,28.2
DEG_FOU,-76.2765,42.5872,1480,2/25/25,0.03,35.5
DEG_FOU,-76.2765,42.5872,1480,2/26/25,0.22,35.7
DEG_FOU,-76.2765,42.5872,1480,2/27/25,0.15,34.4
DEG_FOU,-76.2765,42.5872,1480,2/28/25,0.28,34.7
DEG_FOU,-76.2765,42.5872,1480,3/1/25,0.05,33.4
DEG_FOU,-76.2765,42.5872,1480,3/2/25,0.13,21.8
DEG_FOU,-76.2765,42.5872,1480,3/3/25,0,12.2
DEG_FOU,-76.2765,42.5872,1480,3/4/25,0,23.5
DEG_FOU,-76.2765,42.5872,1480,3/5/25,0.03,37.4
DEG_FOU,-76.2765,42.5872,1480,3/6/25,0.82,42.9
DEG_FOU,-76.2765,42.5872,1480,3/7/25,0.08,30.7
DEG_FOU,-76.2765,42.5872,1480,3/8/25,0.05,27.9
DEG_FOU,-76.2765,42.5872,1480,3/9/25,0,24.6
DEG_FOU,-76.2765,42.5872,1480,3/10/25,0,32.9
DEG_FOU,-76.2765,42.5872,1480,3/11/25,0,43.8
DEG_FOU,-76.2765,42.5872,1480,3/12/25,0,44.7
DEG_FOU,-76.2765,42.5872,1480,3/13/25,0,31.5
DEG_FOU,-76.2765,42.5872,1480,3/14/25,0,41.5
DEG_FOU,-76.2765,42.5872,1480,3/15/25,0,48.1
DEG_FOU,-76.2765,42.5872,1480,3/16/25,0,51.1
DEG_FOU,-76.2765,42.5872,1480,3/17/25,0.72,49.7
DEG_FOU,-76.2765,42.5872,1480,3/18/25,0,25.8
DEG_FOU,-76.2765,42.5872,1480,3/19/25,0,39.9
DEG_FOU,-76.2765,42.5872,1480,3/20/25,0,55
DEG_FOU,-76.2765,42.5872,1480,3/21/25,0,45.7
DEG_FOU,-76.2765,42.5872,1480,3/22/25,0,32.6
DEG_FOU,-76.2765,42.5872,1480,3/23/25,0.02,34.4
DEG_FOU,-76.2765,42.5872,1480,3/24/25,0.02,28.7
DEG_FOU,-76.2765,42.5872,1480,3/25/25,0,42.9
DEG_FOU,-76.2765,42.5872,1480,3/26/25,0,29.8
DEG_FOU,-76.2765,42.5872,1480,3/27/25,0.08,26.7
DEG_FOU,-76.2765,42.5872,1480,3/28/25,0,32.8
DEG_FOU,-76.2765,42.5872,1480,3/29/25,0.12,44.1
DEG_FOU,-76.2765,42.5872,1480,3/30/25,0.21,43.7
DEG_FOU,-76.2765,42.5872,1480,3/31/25,0.04,54.6
DEG_FOU,-76.2765,42.5872,1480,4/1/25,0,48.5
DEG_FOU,-76.2765,42.5872,1480,4/2/25,0,31
DEG_FOU,-76.2765,42.5872,1480,4/3/25,0.34,38.3
DEG_FOU,-76.2765,42.5872,1480,4/4/25,0,55.3
DEG_FOU,-76.2765,42.5872,1480,4/5/25,0.04,44.4
DEG_FOU,-76.2765,42.5872,1480,4/6/25,0.5,43.7
DEG_FOU,-76.2765,42.5872,1480,4/7/25,0,36.7
DEG_FOU,-76.2765,42.5872,1480,4/8/25,0.05,33
DEG_FOU,-76.2765,42.5872,1480,4/9/25,0.08,22.1
DEG_FOU,-76.2765,42.5872,1480,4/10/25,0,30.5
DEG_FOU,-76.2765,42.5872,1480,4/11/25,0.22,35.3
DEG_FOU,-76.2765,42.5872,1480,4/12/25,0.16,38.2
DEG_FOU,-76.2765,42.5872,1480,4/13/25,0.13,38.3
DEG_FOU,-76.2765,42.5872,1480,4/14/25,0,41.5
DEG_FOU,-76.2765,42.5872,1480,4/15/25,0.08,47.6
DEG_FOU,-76.2765,42.5872,1480,4/16/25,0.17,42
DEG_FOU,-76.2765,42.5872,1480,4/17/25,0.1,32.3
DEG_FOU,-76.2765,42.5872,1480,4/18/25,0,39.7
DEG_FOU,-76.2765,42.5872,1480,4/19/25,0,53.7
DEG_FOU,-76.2765,42.5872,1480,4/20/25,0.58,55.4
DEG_FOU,-76.2765,42.5872,1480,4/21/25,0,40.5
DEG_FOU,-76.2765,42.5872,1480,4/22/25,0.13,52.4
DEG_FOU,-76.2765,42.5872,1480,4/23/25,0,47.7
DEG_FOU,-76.2765,42.5872,1480,4/24/25,0,53
DEG_FOU,-76.2765,42.5872,1480,4/25/25,0.01,62.9
DEG_FOU,-76.2765,42.5872,1480,4/26/25,0.35,65.7
DEG_FOU,-76.2765,42.5872,1480,4/27/25,0.22,50.6
DEG_FOU,-76.2765,42.5872,1480,4/28/25,0.01,44.3
DEG_FOU,-76.2765,42.5872,1480,4/29/25,0,56.5
DEG_FOU,-76.2765,42.5872,1480,4/30/25,0.89,59.7
DEG_FOU,-76.2765,42.5872,1480,5/1/25,0,45.4
DEG_FOU,-76.2765,42.5872,1480,5/2/25,0.25,60.6
DEG_FOU,-76.2765,42.5872,1480,5/3/25,0.27,60.9
DEG_FOU,-76.2765,42.5872,1480,5/4/25,0.36,50.4
DEG_FOU,-76.2765,42.5872,1480,5/5/25,0.21,54
DEG_FOU,-76.2765,42.5872,1480,5/6/25,0.19,61.2
DEG_FOU,-76.2765,42.5872,1480,5/7/25,1.43,59.4
DEG_FOU,-76.2765,42.5872,1480,5/8/25,0.1,55.3
DEG_FOU,-76.2765,42.5872,1480,5/9/25,0.04,44.6
DEG_FOU,-76.2765,42.5872,1480,5/10/25,0.25,42.9
DEG_FOU,-76.2765,42.5872,1480,5/11/25,0,51.9
DEG_FOU,-76.2765,42.5872,1480,5/12/25,0,48.3
DEG_FOU,-76.2765,42.5872,1480,5/13/25,0,65.4
DEG_FOU,-76.2765,42.5872,1480,5/14/25,0.14,63.7
DEG_FOU,-76.2765,42.5872,1480,5/15/25,0.02,60.5
DEG_FOU,-76.2765,42.5872,1480,5/16/25,0.02,64.9
DEG_FOU,-76.2765,42.5872,1480,5/17/25,0.32,69.7
DEG_FOU,-76.2765,42.5872,1480,5/18/25,0.24,63.9
DEG_FOU,-76.2765,42.5872,1480,5/19/25,0.04,49.3
DEG_FOU,-76.2765,42.5872,1480,5/20/25,0,43.4
DEG_FOU,-76.2765,42.5872,1480,5/21/25,0,46.3
DEG_FOU,-76.2765,42.5872,1480,5/22/25,0.56,46.8
DEG_FOU,-76.2765,42.5872,1480,5/23/25,0.2,46.6
DEG_FOU,-76.2765,42.5872,1480,5/24/25,0.33,47.4
DEG_FOU,-76.2765,42.5872,1480,5/25/25,0.29,48.2
DEG_FOU,-76.2765,42.5872,1480,5/26/25,0.03,48.4
DEG_FOU,-76.2765,42.5872,1480,5/27/25,0,53.5
DEG_FOU,-76.2765,42.5872,1480,5/28/25,0,57.4
DEG_FOU,-76.2765,42.5872,1480,5/29/25,0.52,56.9
DEG_FOU,-76.2765,42.5872,1480,5/30/25,0.03,58.4
DEG_FOU,-76.2765,42.5872,1480,5/31/25,0.09,61.9
DEG_FOU,-76.2765,42.5872,1480,6/1/25,0.2,47.5
DEG_FOU,-76.2765,42.5872,1480,6/2/25,0.13,48
DEG_FOU,-76.2765,42.5872,1480,6/3/25,0,53.1
DEG_FOU,-76.2765,42.5872,1480,6/4/25,0,63.6
DEG_FOU,-76.2765,42.5872,1480,6/5/25,0,73.1
DEG_FOU,-76.2765,42.5872,1480,6/6/25,0.84,72.6
DEG_FOU,-76.2765,42.5872,1480,6/7/25,1.12,66.3
DEG_FOU,-76.2765,42.5872,1480,6/8/25,0,62.1
DEG_FOU,-76.2765,42.5872,1480,6/9/25,0.11,65.9
DEG_FOU,-76.2765,42.5872,1480,6/10/25,1.11,67.9
DEG_FOU,-76.2765,42.5872,1480,6/11/25,0.15,60.1
DEG_FOU,-76.2765,42.5872,1480,6/12/25,0,67.5
DEG_FOU,-76.2765,42.5872,1480,6/13/25,0,60.7
DEG_FOU,-76.2765,42.5872,1480,6/14/25,0.07,64
DEG_FOU,-76.2765,42.5872,1480,6/15/25,0,60
DEG_FOU,-76.2765,42.5872,1480,6/16/25,0,63.7
DEG_FOU,-76.2765,42.5872,1480,6/17/25,0.02,63.6
DEG_FOU,-76.2765,42.5872,1480,6/18/25,0,67.7
DEG_FOU,-76.2765,42.5872,1480,6/19/25,0.12,73.4
DEG_FOU,-76.2765,42.5872,1480,6/20/25,0.24,69.9
DEG_FOU,-76.2765,42.5872,1480,6/21/25,0.12,64.6
DEG_FOU,-76.2765,42.5872,1480,6/22/25,0.04,73.3
DEG_FOU,-76.2765,42.5872,1480,6/23/25,0.67,76.2
DEG_FOU,-76.2765,42.5872,1480,6/24/25,0,77.4
DEG_FOU,-76.2765,42.5872,1480,6/25/25,0,79
DEG_FOU,-76.2765,42.5872,1480,6/26/25,0,74.1
DEG_FOU,-76.2765,42.5872,1480,6/27/25,0.21,65
DEG_FOU,-76.2765,42.5872,1480,6/28/25,0,62.4
DEG_FOU,-76.2765,42.5872,1480,6/29/25,0.72,69.8
DEG_FOU,-76.2765,42.5872,1480,6/30/25,0,66.9
,,,,,,
DEG_FRI_1,-76.4336,42.1263,1030,1/1/25,0.23,39.5
DEG_FRI_1,-76.4336,42.1263,1030,1/2/25,0.25,35.6
DEG_FRI_1,-76.4336,42.1263,1030,1/3/25,0.1,29.6
DEG_FRI_1,-76.4336,42.1263,1030,1/4/25,0.08,25.1
DEG_FRI_1,-76.4336,42.1263,1030,1/5/25,0.01,22.7
DEG_FRI_1,-76.4336,42.1263,1030,1/6/25,0,22.5
DEG_FRI_1,-76.4336,42.1263,1030,1/7/25,0.03,17.4
DEG_FRI_1,-76.4336,42.1263,1030,1/8/25,0.05,18.4
DEG_FRI_1,-76.4336,42.1263,1030,1/9/25,0.02,16
DEG_FRI_1,-76.4336,42.1263,1030,1/10/25,0,17.1
DEG_FRI_1,-76.4336,42.1263,1030,1/11/25,0.11,19.5
DEG_FRI_1,-76.4336,42.1263,1030,1/12/25,0.02,23.5
DEG_FRI_1,-76.4336,42.1263,1030,1/13/25,0,29
DEG_FRI_1,-76.4336,42.1263,1030,1/14/25,0,27.2
DEG_FRI_1,-76.4336,42.1263,1030,1/15/25,0.09,18.5
DEG_FRI_1,-76.4336,42.1263,1030,1/16/25,0,18.9
DEG_FRI_1,-76.4336,42.1263,1030,1/17/25,0.07,19.1
DEG_FRI_1,-76.4336,42.1263,1030,1/18/25,0,28.9
DEG_FRI_1,-76.4336,42.1263,1030,1/19/25,0.04,26.7
DEG_FRI_1,-76.4336,42.1263,1030,1/20/25,0,12.9
DEG_FRI_1,-76.4336,42.1263,1030,1/21/25,0,6.7
DEG_FRI_1,-76.4336,42.1263,1030,1/22/25,0,3.7
DEG_FRI_1,-76.4336,42.1263,1030,1/23/25,0,4.4
DEG_FRI_1,-76.4336,42.1263,1030,1/24/25,0,18.9
DEG_FRI_1,-76.4336,42.1263,1030,1/25/25,0,16.4
DEG_FRI_1,-76.4336,42.1263,1030,1/26/25,0.02,18.4
DEG_FRI_1,-76.4336,42.1263,1030,1/27/25,0,23.7
DEG_FRI_1,-76.4336,42.1263,1030,1/28/25,0.02,25.5
DEG_FRI_1,-76.4336,42.1263,1030,1/29/25,0.05,28.4
DEG_FRI_1,-76.4336,42.1263,1030,1/30/25,0.06,26.9
DEG_FRI_1,-76.4336,42.1263,1030,1/31/25,0,24
DEG_FRI_1,-76.4336,42.1263,1030,2/1/25,0.51,26.4
DEG_FRI_1,-76.4336,42.1263,1030,2/2/25,0,11.3
DEG_FRI_1,-76.4336,42.1263,1030,2/3/25,0.08,18
DEG_FRI_1,-76.4336,42.1263,1030,2/4/25,0,35.7
DEG_FRI_1,-76.4336,42.1263,1030,2/5/25,0.07,23.8
DEG_FRI_1,-76.4336,42.1263,1030,2/6/25,0.13,20.5
DEG_FRI_1,-76.4336,42.1263,1030,2/7/25,0.04,32.1
DEG_FRI_1,-76.4336,42.1263,1030,2/8/25,0,19.9
DEG_FRI_1,-76.4336,42.1263,1030,2/9/25,0.23,21.2
DEG_FRI_1,-76.4336,42.1263,1030,2/10/25,0.08,24.7
DEG_FRI_1,-76.4336,42.1263,1030,2/11/25,0,20.2
DEG_FRI_1,-76.4336,42.1263,1030,2/12/25,0,22.1
DEG_FRI_1,-76.4336,42.1263,1030,2/13/25,0.05,25.1
DEG_FRI_1,-76.4336,42.1263,1030,2/14/25,0.14,30.1
DEG_FRI_1,-76.4336,42.1263,1030,2/15/25,0,21.9
DEG_FRI_1,-76.4336,42.1263,1030,2/16/25,0.84,26.3
DEG_FRI_1,-76.4336,42.1263,1030,2/17/25,0.43,27.9
DEG_FRI_1,-76.4336,42.1263,1030,2/18/25,0.02,14.6
DEG_FRI_1,-76.4336,42.1263,1030,2/19/25,0,12.6
DEG_FRI_1,-76.4336,42.1263,1030,2/20/25,0,15.3
DEG_FRI_1,-76.4336,42.1263,1030,2/21/25,0.05,15.6
DEG_FRI_1,-76.4336,42.1263,1030,2/22/25,0,17.5
DEG_FRI_1,-76.4336,42.1263,1030,2/23/25,0,25.5
DEG_FRI_1,-76.4336,42.1263,1030,2/24/25,0,32.1
DEG_FRI_1,-76.4336,42.1263,1030,2/25/25,0,36.8
DEG_FRI_1,-76.4336,42.1263,1030,2/26/25,0.19,37.2
DEG_FRI_1,-76.4336,42.1263,1030,2/27/25,0.19,39.2
DEG_FRI_1,-76.4336,42.1263,1030,2/28/25,0.12,38.3
DEG_FRI_1,-76.4336,42.1263,1030,3/1/25,0,36.1
DEG_FRI_1,-76.4336,42.1263,1030,3/2/25,0.06,26.1
DEG_FRI_1,-76.4336,42.1263,1030,3/3/25,0,15.9
DEG_FRI_1,-76.4336,42.1263,1030,3/4/25,0,26
DEG_FRI_1,-76.4336,42.1263,1030,3/5/25,0.01,41.4
DEG_FRI_1,-76.4336,42.1263,1030,3/6/25,1.22,44.4
DEG_FRI_1,-76.4336,42.1263,1030,3/7/25,0.07,33.4
DEG_FRI_1,-76.4336,42.1263,1030,3/8/25,0.04,33.3
DEG_FRI_1,-76.4336,42.1263,1030,3/9/25,0,27.8
DEG_FRI_1,-76.4336,42.1263,1030,3/10/25,0,34.7
DEG_FRI_1,-76.4336,42.1263,1030,3/11/25,0,46.4
DEG_FRI_1,-76.4336,42.1263,1030,3/12/25,0,47.1
DEG_FRI_1,-76.4336,42.1263,1030,3/13/25,0,34.5
DEG_FRI_1,-76.4336,42.1263,1030,3/14/25,0,42.9
DEG_FRI_1,-76.4336,42.1263,1030,3/15/25,0,48.3
DEG_FRI_1,-76.4336,42.1263,1030,3/16/25,0,50
DEG_FRI_1,-76.4336,42.1263,1030,3/17/25,0.85,53
DEG_FRI_1,-76.4336,42.1263,1030,3/18/25,0.01,29.2
DEG_FRI_1,-76.4336,42.1263,1030,3/19/25,0,41.4
DEG_FRI_1,-76.4336,42.1263,1030,3/20/25,0,53.1
DEG_FRI_1,-76.4336,42.1263,1030,3/21/25,0.01,47.5
DEG_FRI_1,-76.4336,42.1263,1030,3/22/25,0,35.7
DEG_FRI_1,-76.4336,42.1263,1030,3/23/25,0.02,38.4
DEG_FRI_1,-76.4336,42.1263,1030,3/24/25,0,31.8
DEG_FRI_1,-76.4336,42.1263,1030,3/25/25,0,46.9
DEG_FRI_1,-76.4336,42.1263,1030,3/26/25,0.01,34.9
DEG_FRI_1,-76.4336,42.1263,1030,3/27/25,0.12,30.5
DEG_FRI_1,-76.4336,42.1263,1030,3/28/25,0,36.8
DEG_FRI_1,-76.4336,42.1263,1030,3/29/25,0.05,44.8
DEG_FRI_1,-76.4336,42.1263,1030,3/30/25,0.11,53.5
DEG_FRI_1,-76.4336,42.1263,1030,3/31/25,0.02,59.7
DEG_FRI_1,-76.4336,42.1263,1030,4/1/25,0,50.6
DEG_FRI_1,-76.4336,42.1263,1030,4/2/25,0,34.2
DEG_FRI_1,-76.4336,42.1263,1030,4/3/25,0.17,38.6
DEG_FRI_1,-76.4336,42.1263,1030,4/4/25,0,59.3
DEG_FRI_1,-76.4336,42.1263,1030,4/5/25,0.09,49.4
DEG_FRI_1,-76.4336,42.1263,1030,4/6/25,0.83,45
DEG_FRI_1,-76.4336,42.1263,1030,4/7/25,0.05,38.8
DEG_FRI_1,-76.4336,42.1263,1030,4/8/25,0.03,34.4
DEG_FRI_1,-76.4336,42.1263,1030,4/9/25,0.03,27.6
DEG_FRI_1,-76.4336,42.1263,1030,4/10/25,0,33.5
DEG_FRI_1,-76.4336,42.1263,1030,4/11/25,0.3,37.6
DEG_FRI_1,-76.4336,42.1263,1030,4/12/25,0.17,41.4
DEG_FRI_1,-76.4336,42.1263,1030,4/13/25,0.14,38.5
DEG_FRI_1,-76.4336,42.1263,1030,4/14/25,0,44.1
DEG_FRI_1,-76.4336,42.1263,1030,4/15/25,0.1,49.1
DEG_FRI_1,-76.4336,42.1263,1030,4/16/25,0.25,43.9
DEG_FRI_1,-76.4336,42.1263,1030,4/17/25,0.02,34
DEG_FRI_1,-76.4336,42.1263,1030,4/18/25,0,43.6
DEG_FRI_1,-76.4336,42.1263,1030,4/19/25,0,54.5
DEG_FRI_1,-76.4336,42.1263,1030,4/20/25,0.14,59.6
DEG_FRI_1,-76.4336,42.1263,1030,4/21/25,0,46.2
DEG_FRI_1,-76.4336,42.1263,1030,4/22/25,0.1,53
DEG_FRI_1,-76.4336,42.1263,1030,4/23/25,0,52.7
DEG_FRI_1,-76.4336,42.1263,1030,4/24/25,0,56.3
DEG_FRI_1,-76.4336,42.1263,1030,4/25/25,0.02,65
DEG_FRI_1,-76.4336,42.1263,1030,4/26/25,0.46,64.4
DEG_FRI_1,-76.4336,42.1263,1030,4/27/25,0.1,54.5
DEG_FRI_1,-76.4336,42.1263,1030,4/28/25,0.01,47
DEG_FRI_1,-76.4336,42.1263,1030,4/29/25,0,56.8
DEG_FRI_1,-76.4336,42.1263,1030,4/30/25,0.31,63.6
DEG_FRI_1,-76.4336,42.1263,1030,5/1/25,0,51.6
DEG_FRI_1,-76.4336,42.1263,1030,5/2/25,0.64,63.6
DEG_FRI_1,-76.4336,42.1263,1030,5/3/25,0.17,65.1
DEG_FRI_1,-76.4336,42.1263,1030,5/4/25,0.6,54.2
DEG_FRI_1,-76.4336,42.1263,1030,5/5/25,0.19,54.9
DEG_FRI_1,-76.4336,42.1263,1030,5/6/25,0.56,62.6
DEG_FRI_1,-76.4336,42.1263,1030,5/7/25,1.37,60.8
DEG_FRI_1,-76.4336,42.1263,1030,5/8/25,0.06,60.3
DEG_FRI_1,-76.4336,42.1263,1030,5/9/25,0.11,48.4
DEG_FRI_1,-76.4336,42.1263,1030,5/10/25,0.35,43.2
DEG_FRI_1,-76.4336,42.1263,1030,5/11/25,0,54.4
DEG_FRI_1,-76.4336,42.1263,1030,5/12/25,0,50.2
DEG_FRI_1,-76.4336,42.1263,1030,5/13/25,0,65.6
DEG_FRI_1,-76.4336,42.1263,1030,5/14/25,0.24,62.6
DEG_FRI_1,-76.4336,42.1263,1030,5/15/25,0.18,60.1
DEG_FRI_1,-76.4336,42.1263,1030,5/16/25,0.03,66.9
DEG_FRI_1,-76.4336,42.1263,1030,5/17/25,0.42,70.2
DEG_FRI_1,-76.4336,42.1263,1030,5/18/25,0.17,66.2
DEG_FRI_1,-76.4336,42.1263,1030,5/19/25,0.08,55.4
DEG_FRI_1,-76.4336,42.1263,1030,5/20/25,0,47.4
DEG_FRI_1,-76.4336,42.1263,1030,5/21/25,0.04,49.9
DEG_FRI_1,-76.4336,42.1263,1030,5/22/25,0.83,47.7
DEG_FRI_1,-76.4336,42.1263,1030,5/23/25,0.31,48.7
DEG_FRI_1,-76.4336,42.1263,1030,5/24/25,0.07,52.4
DEG_FRI_1,-76.4336,42.1263,1030,5/25/25,0.11,50.3
DEG_FRI_1,-76.4336,42.1263,1030,5/26/25,0.11,50.6
DEG_FRI_1,-76.4336,42.1263,1030,5/27/25,0,56.3
DEG_FRI_1,-76.4336,42.1263,1030,5/28/25,0,58.5
DEG_FRI_1,-76.4336,42.1263,1030,5/29/25,0.31,55.5
DEG_FRI_1,-76.4336,42.1263,1030,5/30/25,0,61.3
DEG_FRI_1,-76.4336,42.1263,1030,5/31/25,0.28,63.2
DEG_FRI_1,-76.4336,42.1263,1030,6/1/25,0.07,49.4
DEG_FRI_1,-76.4336,42.1263,1030,6/2/25,0.03,50.4
DEG_FRI_1,-76.4336,42.1263,1030,6/3/25,0,55.8
DEG_FRI_1,-76.4336,42.1263,1030,6/4/25,0,64.6
DEG_FRI_1,-76.4336,42.1263,1030,6/5/25,0,74.2
DEG_FRI_1,-76.4336,42.1263,1030,6/6/25,0.38,75.7
DEG_FRI_1,-76.4336,42.1263,1030,6/7/25,0.87,68.7
DEG_FRI_1,-76.4336,42.1263,1030,6/8/25,0.01,63.9
DEG_FRI_1,-76.4336,42.1263,1030,6/9/25,0.41,65.7
DEG_FRI_1,-76.4336,42.1263,1030,6/10/25,1,70
DEG_FRI_1,-76.4336,42.1263,1030,6/11/25,0,63.5
DEG_FRI_1,-76.4336,42.1263,1030,6/12/25,0,67.9
DEG_FRI_1,-76.4336,42.1263,1030,6/13/25,0,65.5
DEG_FRI_1,-76.4336,42.1263,1030,6/14/25,0.41,66.8
DEG_FRI_1,-76.4336,42.1263,1030,6/15/25,0.01,61.7
DEG_FRI_1,-76.4336,42.1263,1030,6/16/25,0,62.9
DEG_FRI_1,-76.4336,42.1263,1030,6/17/25,0.05,64.3
DEG_FRI_1,-76.4336,42.1263,1030,6/18/25,0.07,68.1
DEG_FRI_1,-76.4336,42.1263,1030,6/19/25,0.03,74
DEG_FRI_1,-76.4336,42.1263,1030,6/20/25,0.06,72
DEG_FRI_1,-76.4336,42.1263,1030,6/21/25,0,69.1
DEG_FRI_1,-76.4336,42.1263,1030,6/22/25,0,76.3
DEG_FRI_1,-76.4336,42.1263,1030,6/23/25,0.42,79.3
DEG_FRI_1,-76.4336,42.1263,1030,6/24/25,0,80.1
DEG_FRI_1,-76.4336,42.1263,1030,6/25/25,0,81.4
DEG_FRI_1,-76.4336,42.1263,1030,6/26/25,0.02,78.3
DEG_FRI_1,-76.4336,42.1263,1030,6/27/25,0.15,71.4
DEG_FRI_1,-76.4336,42.1263,1030,6/28/25,0,64.5
DEG_FRI_1,-76.4336,42.1263,1030,6/29/25,0.21,72
DEG_FRI_1,-76.4336,42.1263,1030,6/30/25,0,70.7
,,,,,,
DEG_FRI_2,-76.4346,42.1256,1030,1/1/25,0.23,39.5
DEG_FRI_2,-76.4346,42.1256,1030,1/2/25,0.25,35.6
DEG_FRI_2,-76.4346,42.1256,1030,1/3/25,0.1,29.6
DEG_FRI_2,-76.4346,42.1256,1030,1/4/25,0.08,25.1
DEG_FRI_2,-76.4346,42.1256,1030,1/5/25,0.01,22.7
DEG_FRI_2,-76.4346,42.1256,1030,1/6/25,0,22.5
DEG_FRI_2,-76.4346,42.1256,1030,1/7/25,0.03,17.4
DEG_FRI_2,-76.4346,42.1256,1030,1/8/25,0.05,18.4
DEG_FRI_2,-76.4346,42.1256,1030,1/9/25,0.02,16
DEG_FRI_2,-76.4346,42.1256,1030,1/10/25,0,17.1
DEG_FRI_2,-76.4346,42.1256,1030,1/11/25,0.11,19.5
DEG_FRI_2,-76.4346,42.1256,1030,1/12/25,0.02,23.5
DEG_FRI_2,-76.4346,42.1256,1030,1/13/25,0,29
DEG_FRI_2,-76.4346,42.1256,1030,1/14/25,0,27.2
DEG_FRI_2,-76.4346,42.1256,1030,1/15/25,0.09,18.5
DEG_FRI_2,-76.4346,42.1256,1030,1/16/25,0,18.9
DEG_FRI_2,-76.4346,42.1256,1030,1/17/25,0.07,19.1
DEG_FRI_2,-76.4346,42.1256,1030,1/18/25,0,28.9
DEG_FRI_2,-76.4346,42.1256,1030,1/19/25,0.04,26.7
DEG_FRI_2,-76.4346,42.1256,1030,1/20/25,0,12.9
DEG_FRI_2,-76.4346,42.1256,1030,1/21/25,0,6.7
DEG_FRI_2,-76.4346,42.1256,1030,1/22/25,0,3.7
DEG_FRI_2,-76.4346,42.1256,1030,1/23/25,0,4.4
DEG_FRI_2,-76.4346,42.1256,1030,1/24/25,0,18.9
DEG_FRI_2,-76.4346,42.1256,1030,1/25/25,0,16.4
DEG_FRI_2,-76.4346,42.1256,1030,1/26/25,0.02,18.4
DEG_FRI_2,-76.4346,42.1256,1030,1/27/25,0,23.7
DEG_FRI_2,-76.4346,42.1256,1030,1/28/25,0.02,25.5
DEG_FRI_2,-76.4346,42.1256,1030,1/29/25,0.05,28.4
DEG_FRI_2,-76.4346,42.1256,1030,1/30/25,0.06,26.9
DEG_FRI_2,-76.4346,42.1256,1030,1/31/25,0,24
DEG_FRI_2,-76.4346,42.1256,1030,2/1/25,0.51,26.4
DEG_FRI_2,-76.4346,42.1256,1030,2/2/25,0,11.3
DEG_FRI_2,-76.4346,42.1256,1030,2/3/25,0.08,18
DEG_FRI_2,-76.4346,42.1256,1030,2/4/25,0,35.7
DEG_FRI_2,-76.4346,42.1256,1030,2/5/25,0.07,23.8
DEG_FRI_2,-76.4346,42.1256,1030,2/6/25,0.13,20.5
DEG_FRI_2,-76.4346,42.1256,1030,2/7/25,0.04,32.1
DEG_FRI_2,-76.4346,42.1256,1030,2/8/25,0,19.9
DEG_FRI_2,-76.4346,42.1256,1030,2/9/25,0.23,21.2
DEG_FRI_2,-76.4346,42.1256,1030,2/10/25,0.08,24.7
DEG_FRI_2,-76.4346,42.1256,1030,2/11/25,0,20.2
DEG_FRI_2,-76.4346,42.1256,1030,2/12/25,0,22.1
DEG_FRI_2,-76.4346,42.1256,1030,2/13/25,0.05,25.1
DEG_FRI_2,-76.4346,42.1256,1030,2/14/25,0.14,30.1
DEG_FRI_2,-76.4346,42.1256,1030,2/15/25,0,21.9
DEG_FRI_2,-76.4346,42.1256,1030,2/16/25,0.84,26.3
DEG_FRI_2,-76.4346,42.1256,1030,2/17/25,0.43,27.9
DEG_FRI_2,-76.4346,42.1256,1030,2/18/25,0.02,14.6
DEG_FRI_2,-76.4346,42.1256,1030,2/19/25,0,12.6
DEG_FRI_2,-76.4346,42.1256,1030,2/20/25,0,15.3
DEG_FRI_2,-76.4346,42.1256,1030,2/21/25,0.05,15.6
DEG_FRI_2,-76.4346,42.1256,1030,2/22/25,0,17.5
DEG_FRI_2,-76.4346,42.1256,1030,2/23/25,0,25.5
DEG_FRI_2,-76.4346,42.1256,1030,2/24/25,0,32.1
DEG_FRI_2,-76.4346,42.1256,1030,2/25/25,0,36.8
DEG_FRI_2,-76.4346,42.1256,1030,2/26/25,0.19,37.2
DEG_FRI_2,-76.4346,42.1256,1030,2/27/25,0.19,39.2
DEG_FRI_2,-76.4346,42.1256,1030,2/28/25,0.12,38.3
DEG_FRI_2,-76.4346,42.1256,1030,3/1/25,0,36.1
DEG_FRI_2,-76.4346,42.1256,1030,3/2/25,0.06,26.1
DEG_FRI_2,-76.4346,42.1256,1030,3/3/25,0,15.9
DEG_FRI_2,-76.4346,42.1256,1030,3/4/25,0,26
DEG_FRI_2,-76.4346,42.1256,1030,3/5/25,0.01,41.4
DEG_FRI_2,-76.4346,42.1256,1030,3/6/25,1.22,44.4
DEG_FRI_2,-76.4346,42.1256,1030,3/7/25,0.07,33.4
DEG_FRI_2,-76.4346,42.1256,1030,3/8/25,0.04,33.3
DEG_FRI_2,-76.4346,42.1256,1030,3/9/25,0,27.8
DEG_FRI_2,-76.4346,42.1256,1030,3/10/25,0,34.7
DEG_FRI_2,-76.4346,42.1256,1030,3/11/25,0,46.4
DEG_FRI_2,-76.4346,42.1256,1030,3/12/25,0,47.1
DEG_FRI_2,-76.4346,42.1256,1030,3/13/25,0,34.5
DEG_FRI_2,-76.4346,42.1256,1030,3/14/25,0,42.9
DEG_FRI_2,-76.4346,42.1256,1030,3/15/25,0,48.3
DEG_FRI_2,-76.4346,42.1256,1030,3/16/25,0,50
DEG_FRI_2,-76.4346,42.1256,1030,3/17/25,0.85,53
DEG_FRI_2,-76.4346,42.1256,1030,3/18/25,0.01,29.2
DEG_FRI_2,-76.4346,42.1256,1030,3/19/25,0,41.4
DEG_FRI_2,-76.4346,42.1256,1030,3/20/25,0,53.1
DEG_FRI_2,-76.4346,42.1256,1030,3/21/25,0.01,47.5
DEG_FRI_2,-76.4346,42.1256,1030,3/22/25,0,35.7
DEG_FRI_2,-76.4346,42.1256,1030,3/23/25,0.02,38.4
DEG_FRI_2,-76.4346,42.1256,1030,3/24/25,0,31.8
DEG_FRI_2,-76.4346,42.1256,1030,3/25/25,0,46.9
DEG_FRI_2,-76.4346,42.1256,1030,3/26/25,0.01,34.9
DEG_FRI_2,-76.4346,42.1256,1030,3/27/25,0.12,30.5
DEG_FRI_2,-76.4346,42.1256,1030,3/28/25,0,36.8
DEG_FRI_2,-76.4346,42.1256,1030,3/29/25,0.05,44.8
DEG_FRI_2,-76.4346,42.1256,1030,3/30/25,0.11,53.5
DEG_FRI_2,-76.4346,42.1256,1030,3/31/25,0.02,59.7
DEG_FRI_2,-76.4346,42.1256,1030,4/1/25,0,50.6
DEG_FRI_2,-76.4346,42.1256,1030,4/2/25,0,34.2
DEG_FRI_2,-76.4346,42.1256,1030,4/3/25,0.17,38.6
DEG_FRI_2,-76.4346,42.1256,1030,4/4/25,0,59.3
DEG_FRI_2,-76.4346,42.1256,1030,4/5/25,0.09,49.4
DEG_FRI_2,-76.4346,42.1256,1030,4/6/25,0.83,45
DEG_FRI_2,-76.4346,42.1256,1030,4/7/25,0.05,38.8
DEG_FRI_2,-76.4346,42.1256,1030,4/8/25,0.03,34.4
DEG_FRI_2,-76.4346,42.1256,1030,4/9/25,0.03,27.6
DEG_FRI_2,-76.4346,42.1256,1030,4/10/25,0,33.5
DEG_FRI_2,-76.4346,42.1256,1030,4/11/25,0.3,37.6
DEG_FRI_2,-76.4346,42.1256,1030,4/12/25,0.17,41.4
DEG_FRI_2,-76.4346,42.1256,1030,4/13/25,0.14,38.5
DEG_FRI_2,-76.4346,42.1256,1030,4/14/25,0,44.1
DEG_FRI_2,-76.4346,42.1256,1030,4/15/25,0.1,49.1
DEG_FRI_2,-76.4346,42.1256,1030,4/16/25,0.25,43.9
DEG_FRI_2,-76.4346,42.1256,1030,4/17/25,0.02,34
DEG_FRI_2,-76.4346,42.1256,1030,4/18/25,0,43.6
DEG_FRI_2,-76.4346,42.1256,1030,4/19/25,0,54.5
DEG_FRI_2,-76.4346,42.1256,1030,4/20/25,0.14,59.6
DEG_FRI_2,-76.4346,42.1256,1030,4/21/25,0,46.2
DEG_FRI_2,-76.4346,42.1256,1030,4/22/25,0.1,53
DEG_FRI_2,-76.4346,42.1256,1030,4/23/25,0,52.7
DEG_FRI_2,-76.4346,42.1256,1030,4/24/25,0,56.3
DEG_FRI_2,-76.4346,42.1256,1030,4/25/25,0.02,65
DEG_FRI_2,-76.4346,42.1256,1030,4/26/25,0.46,64.4
DEG_FRI_2,-76.4346,42.1256,1030,4/27/25,0.1,54.5
DEG_FRI_2,-76.4346,42.1256,1030,4/28/25,0.01,47
DEG_FRI_2,-76.4346,42.1256,1030,4/29/25,0,56.8
DEG_FRI_2,-76.4346,42.1256,1030,4/30/25,0.31,63.6
DEG_FRI_2,-76.4346,42.1256,1030,5/1/25,0,51.6
DEG_FRI_2,-76.4346,42.1256,1030,5/2/25,0.64,63.6
DEG_FRI_2,-76.4346,42.1256,1030,5/3/25,0.17,65.1
DEG_FRI_2,-76.4346,42.1256,1030,5/4/25,0.6,54.2
DEG_FRI_2,-76.4346,42.1256,1030,5/5/25,0.19,54.9
DEG_FRI_2,-76.4346,42.1256,1030,5/6/25,0.56,62.6
DEG_FRI_2,-76.4346,42.1256,1030,5/7/25,1.37,60.8
DEG_FRI_2,-76.4346,42.1256,1030,5/8/25,0.06,60.3
DEG_FRI_2,-76.4346,42.1256,1030,5/9/25,0.11,48.4
DEG_FRI_2,-76.4346,42.1256,1030,5/10/25,0.35,43.2
DEG_FRI_2,-76.4346,42.1256,1030,5/11/25,0,54.4
DEG_FRI_2,-76.4346,42.1256,1030,5/12/25,0,50.2
DEG_FRI_2,-76.4346,42.1256,1030,5/13/25,0,65.6
DEG_FRI_2,-76.4346,42.1256,1030,5/14/25,0.24,62.6
DEG_FRI_2,-76.4346,42.1256,1030,5/15/25,0.18,60.1
DEG_FRI_2,-76.4346,42.1256,1030,5/16/25,0.03,66.9
DEG_FRI_2,-76.4346,42.1256,1030,5/17/25,0.42,70.2
DEG_FRI_2,-76.4346,42.1256,1030,5/18/25,0.17,66.2
DEG_FRI_2,-76.4346,42.1256,1030,5/19/25,0.08,55.4
DEG_FRI_2,-76.4346,42.1256,1030,5/20/25,0,47.4
DEG_FRI_2,-76.4346,42.1256,1030,5/21/25,0.04,49.9
DEG_FRI_2,-76.4346,42.1256,1030,5/22/25,0.83,47.7
DEG_FRI_2,-76.4346,42.1256,1030,5/23/25,0.31,48.7
DEG_FRI_2,-76.4346,42.1256,1030,5/24/25,0.07,52.4
DEG_FRI_2,-76.4346,42.1256,1030,5/25/25,0.11,50.3
DEG_FRI_2,-76.4346,42.1256,1030,5/26/25,0.11,50.6
DEG_FRI_2,-76.4346,42.1256,1030,5/27/25,0,56.3
DEG_FRI_2,-76.4346,42.1256,1030,5/28/25,0,58.5
DEG_FRI_2,-76.4346,42.1256,1030,5/29/25,0.31,55.5
DEG_FRI_2,-76.4346,42.1256,1030,5/30/25,0,61.3
DEG_FRI_2,-76.4346,42.1256,1030,5/31/25,0.28,63.2
DEG_FRI_2,-76.4346,42.1256,1030,6/1/25,0.07,49.4
DEG_FRI_2,-76.4346,42.1256,1030,6/2/25,0.03,50.4
DEG_FRI_2,-76.4346,42.1256,1030,6/3/25,0,55.8
DEG_FRI_2,-76.4346,42.1256,1030,6/4/25,0,64.6
DEG_FRI_2,-76.4346,42.1256,1030,6/5/25,0,74.2
DEG_FRI_2,-76.4346,42.1256,1030,6/6/25,0.38,75.7
DEG_FRI_2,-76.4346,42.1256,1030,6/7/25,0.87,68.7
DEG_FRI_2,-76.4346,42.1256,1030,6/8/25,0.01,63.9
DEG_FRI_2,-76.4346,42.1256,1030,6/9/25,0.41,65.7
DEG_FRI_2,-76.4346,42.1256,1030,6/10/25,1,70
DEG_FRI_2,-76.4346,42.1256,1030,6/11/25,0,63.5
DEG_FRI_2,-76.4346,42.1256,1030,6/12/25,0,67.9
DEG_FRI_2,-76.4346,42.1256,1030,6/13/25,0,65.5
DEG_FRI_2,-76.4346,42.1256,1030,6/14/25,0.41,66.8
DEG_FRI_2,-76.4346,42.1256,1030,6/15/25,0.01,61.7
DEG_FRI_2,-76.4346,42.1256,1030,6/16/25,0,62.9
DEG_FRI_2,-76.4346,42.1256,1030,6/17/25,0.05,64.3
DEG_FRI_2,-76.4346,42.1256,1030,6/18/25,0.07,68.1
DEG_FRI_2,-76.4346,42.1256,1030,6/19/25,0.03,74
DEG_FRI_2,-76.4346,42.1256,1030,6/20/25,0.06,72
DEG_FRI_2,-76.4346,42.1256,1030,6/21/25,0,69.1
DEG_FRI_2,-76.4346,42.1256,1030,6/22/25,0,76.3
DEG_FRI_2,-76.4346,42.1256,1030,6/23/25,0.42,79.3
DEG_FRI_2,-76.4346,42.1256,1030,6/24/25,0,80.1
DEG_FRI_2,-76.4346,42.1256,1030,6/25/25,0,81.4
DEG_FRI_2,-76.4346,42.1256,1030,6/26/25,0.02,78.3
DEG_FRI_2,-76.4346,42.1256,1030,6/27/25,0.15,71.4
DEG_FRI_2,-76.4346,42.1256,1030,6/28/25,0,64.5
DEG_FRI_2,-76.4346,42.1256,1030,6/29/25,0.21,72
DEG_FRI_2,-76.4346,42.1256,1030,6/30/25,0,70.7
,,,,,,
DEG_LAF_1,-76.4738,42.6514,1230,1/1/25,0.18,39.5
DEG_LAF_1,-76.4738,42.6514,1230,1/2/25,0.11,35.2
DEG_LAF_1,-76.4738,42.6514,1230,1/3/25,0,27.6
DEG_LAF_1,-76.4738,42.6514,1230,1/4/25,0.03,23.8
DEG_LAF_1,-76.4738,42.6514,1230,1/5/25,0.01,20.9
DEG_LAF_1,-76.4738,42.6514,1230,1/6/25,0,20.7
DEG_LAF_1,-76.4738,42.6514,1230,1/7/25,0,14.1
DEG_LAF_1,-76.4738,42.6514,1230,1/8/25,0.07,15.9
DEG_LAF_1,-76.4738,42.6514,1230,1/9/25,0,13.1
DEG_LAF_1,-76.4738,42.6514,1230,1/10/25,0,15.3
DEG_LAF_1,-76.4738,42.6514,1230,1/11/25,0.08,18.7
DEG_LAF_1,-76.4738,42.6514,1230,1/12/25,0.03,22.5
DEG_LAF_1,-76.4738,42.6514,1230,1/13/25,0,27.9
DEG_LAF_1,-76.4738,42.6514,1230,1/14/25,0.03,23.7
DEG_LAF_1,-76.4738,42.6514,1230,1/15/25,0,17.3
DEG_LAF_1,-76.4738,42.6514,1230,1/16/25,0,17.5
DEG_LAF_1,-76.4738,42.6514,1230,1/17/25,0.06,19.3
DEG_LAF_1,-76.4738,42.6514,1230,1/18/25,0,28.6
DEG_LAF_1,-76.4738,42.6514,1230,1/19/25,0.05,25.2
DEG_LAF_1,-76.4738,42.6514,1230,1/20/25,0,9.2
DEG_LAF_1,-76.4738,42.6514,1230,1/21/25,0.03,4.7
DEG_LAF_1,-76.4738,42.6514,1230,1/22/25,0,2
DEG_LAF_1,-76.4738,42.6514,1230,1/23/25,0,2.5
DEG_LAF_1,-76.4738,42.6514,1230,1/24/25,0,18.2
DEG_LAF_1,-76.4738,42.6514,1230,1/25/25,0.02,15
DEG_LAF_1,-76.4738,42.6514,1230,1/26/25,0,18
DEG_LAF_1,-76.4738,42.6514,1230,1/27/25,0,22.7
DEG_LAF_1,-76.4738,42.6514,1230,1/28/25,0.04,26.1
DEG_LAF_1,-76.4738,42.6514,1230,1/29/25,0.05,25.8
DEG_LAF_1,-76.4738,42.6514,1230,1/30/25,0.1,25.3
DEG_LAF_1,-76.4738,42.6514,1230,1/31/25,0,24.2
DEG_LAF_1,-76.4738,42.6514,1230,2/1/25,0.43,25.1
DEG_LAF_1,-76.4738,42.6514,1230,2/2/25,0,5.6
DEG_LAF_1,-76.4738,42.6514,1230,2/3/25,0.11,17.2
DEG_LAF_1,-76.4738,42.6514,1230,2/4/25,0.02,33.9
DEG_LAF_1,-76.4738,42.6514,1230,2/5/25,0.09,19.8
DEG_LAF_1,-76.4738,42.6514,1230,2/6/25,0.1,15.5
DEG_LAF_1,-76.4738,42.6514,1230,2/7/25,0.07,30.3
DEG_LAF_1,-76.4738,42.6514,1230,2/8/25,0,18.1
DEG_LAF_1,-76.4738,42.6514,1230,2/9/25,0.28,20.3
DEG_LAF_1,-76.4738,42.6514,1230,2/10/25,0,23.7
DEG_LAF_1,-76.4738,42.6514,1230,2/11/25,0,18.3
DEG_LAF_1,-76.4738,42.6514,1230,2/12/25,0,18.4
DEG_LAF_1,-76.4738,42.6514,1230,2/13/25,0.04,22.1
DEG_LAF_1,-76.4738,42.6514,1230,2/14/25,0.07,29.5
DEG_LAF_1,-76.4738,42.6514,1230,2/15/25,0,20
DEG_LAF_1,-76.4738,42.6514,1230,2/16/25,0.55,25.8
DEG_LAF_1,-76.4738,42.6514,1230,2/17/25,0.69,25.5
DEG_LAF_1,-76.4738,42.6514,1230,2/18/25,0,13
DEG_LAF_1,-76.4738,42.6514,1230,2/19/25,0,11.5
DEG_LAF_1,-76.4738,42.6514,1230,2/20/25,0,14.3
DEG_LAF_1,-76.4738,42.6514,1230,2/21/25,0.08,14.2
DEG_LAF_1,-76.4738,42.6514,1230,2/22/25,0,14.9
DEG_LAF_1,-76.4738,42.6514,1230,2/23/25,0,23.5
DEG_LAF_1,-76.4738,42.6514,1230,2/24/25,0,28.5
DEG_LAF_1,-76.4738,42.6514,1230,2/25/25,0.02,37.2
DEG_LAF_1,-76.4738,42.6514,1230,2/26/25,0.22,36.1
DEG_LAF_1,-76.4738,42.6514,1230,2/27/25,0.11,34.7
DEG_LAF_1,-76.4738,42.6514,1230,2/28/25,0.19,34.9
DEG_LAF_1,-76.4738,42.6514,1230,3/1/25,0.05,33.9
DEG_LAF_1,-76.4738,42.6514,1230,3/2/25,0.07,22.9
DEG_LAF_1,-76.4738,42.6514,1230,3/3/25,0,12.9
DEG_LAF_1,-76.4738,42.6514,1230,3/4/25,0,24.8
DEG_LAF_1,-76.4738,42.6514,1230,3/5/25,0.01,39.3
DEG_LAF_1,-76.4738,42.6514,1230,3/6/25,0.62,44.2
DEG_LAF_1,-76.4738,42.6514,1230,3/7/25,0.04,31.4
DEG_LAF_1,-76.4738,42.6514,1230,3/8/25,0.02,29.1
DEG_LAF_1,-76.4738,42.6514,1230,3/9/25,0,25.8
DEG_LAF_1,-76.4738,42.6514,1230,3/10/25,0,34.2
DEG_LAF_1,-76.4738,42.6514,1230,3/11/25,0,45.8
DEG_LAF_1,-76.4738,42.6514,1230,3/12/25,0,45.4
DEG_LAF_1,-76.4738,42.6514,1230,3/13/25,0,31.4
DEG_LAF_1,-76.4738,42.6514,1230,3/14/25,0,43.2
DEG_LAF_1,-76.4738,42.6514,1230,3/15/25,0,50.2
DEG_LAF_1,-76.4738,42.6514,1230,3/16/25,0,51.7
DEG_LAF_1,-76.4738,42.6514,1230,3/17/25,0.42,50.2
DEG_LAF_1,-76.4738,42.6514,1230,3/18/25,0,26.9
DEG_LAF_1,-76.4738,42.6514,1230,3/19/25,0,41.2
DEG_LAF_1,-76.4738,42.6514,1230,3/20/25,0,57.4
DEG_LAF_1,-76.4738,42.6514,1230,3/21/25,0.02,45.8
DEG_LAF_1,-76.4738,42.6514,1230,3/22/25,0,33.8
DEG_LAF_1,-76.4738,42.6514,1230,3/23/25,0.02,35.6
DEG_LAF_1,-76.4738,42.6514,1230,3/24/25,0.02,30.2
DEG_LAF_1,-76.4738,42.6514,1230,3/25/25,0,44.4
DEG_LAF_1,-76.4738,42.6514,1230,3/26/25,0,31.3
DEG_LAF_1,-76.4738,42.6514,1230,3/27/25,0.07,28.3
DEG_LAF_1,-76.4738,42.6514,1230,3/28/25,0,34.6
DEG_LAF_1,-76.4738,42.6514,1230,3/29/25,0.11,45.4
DEG_LAF_1,-76.4738,42.6514,1230,3/30/25,0.24,42.8
DEG_LAF_1,-76.4738,42.6514,1230,3/31/25,0.04,56.9
DEG_LAF_1,-76.4738,42.6514,1230,4/1/25,0,48.9
DEG_LAF_1,-76.4738,42.6514,1230,4/2/25,0,31.8
DEG_LAF_1,-76.4738,42.6514,1230,4/3/25,0.39,38.9
DEG_LAF_1,-76.4738,42.6514,1230,4/4/25,0,55.2
DEG_LAF_1,-76.4738,42.6514,1230,4/5/25,0.02,44.1
DEG_LAF_1,-76.4738,42.6514,1230,4/6/25,0.47,44.3
DEG_LAF_1,-76.4738,42.6514,1230,4/7/25,0,36.4
DEG_LAF_1,-76.4738,42.6514,1230,4/8/25,0.07,34.3
DEG_LAF_1,-76.4738,42.6514,1230,4/9/25,0.05,23.9
DEG_LAF_1,-76.4738,42.6514,1230,4/10/25,0,31.1
DEG_LAF_1,-76.4738,42.6514,1230,4/11/25,0.24,36.4
DEG_LAF_1,-76.4738,42.6514,1230,4/12/25,0.15,39
DEG_LAF_1,-76.4738,42.6514,1230,4/13/25,0.07,38.9
DEG_LAF_1,-76.4738,42.6514,1230,4/14/25,0,43.7
DEG_LAF_1,-76.4738,42.6514,1230,4/15/25,0.14,50.8
DEG_LAF_1,-76.4738,42.6514,1230,4/16/25,0.1,42.5
DEG_LAF_1,-76.4738,42.6514,1230,4/17/25,0.1,33
DEG_LAF_1,-76.4738,42.6514,1230,4/18/25,0,41.3
DEG_LAF_1,-76.4738,42.6514,1230,4/19/25,0,56.5
DEG_LAF_1,-76.4738,42.6514,1230,4/20/25,0.56,55.9
DEG_LAF_1,-76.4738,42.6514,1230,4/21/25,0,41.3
DEG_LAF_1,-76.4738,42.6514,1230,4/22/25,0.19,54.3
DEG_LAF_1,-76.4738,42.6514,1230,4/23/25,0,49.1
DEG_LAF_1,-76.4738,42.6514,1230,4/24/25,0.02,54.1
DEG_LAF_1,-76.4738,42.6514,1230,4/25/25,0,65.1
DEG_LAF_1,-76.4738,42.6514,1230,4/26/25,0.74,66.5
DEG_LAF_1,-76.4738,42.6514,1230,4/27/25,0.2,51.1
DEG_LAF_1,-76.4738,42.6514,1230,4/28/25,0,46.6
DEG_LAF_1,-76.4738,42.6514,1230,4/29/25,0,58.4
DEG_LAF_1,-76.4738,42.6514,1230,4/30/25,0.77,60.9
DEG_LAF_1,-76.4738,42.6514,1230,5/1/25,0,45.2
DEG_LAF_1,-76.4738,42.6514,1230,5/2/25,0.26,61.9
DEG_LAF_1,-76.4738,42.6514,1230,5/3/25,0.32,60.4
DEG_LAF_1,-76.4738,42.6514,1230,5/4/25,0.29,48.5
DEG_LAF_1,-76.4738,42.6514,1230,5/5/25,0.2,53.1
DEG_LAF_1,-76.4738,42.6514,1230,5/6/25,0.24,62.1
DEG_LAF_1,-76.4738,42.6514,1230,5/7/25,1.72,60.3
DEG_LAF_1,-76.4738,42.6514,1230,5/8/25,0.14,54.3
DEG_LAF_1,-76.4738,42.6514,1230,5/9/25,0,43.3
DEG_LAF_1,-76.4738,42.6514,1230,5/10/25,0.25,42.5
DEG_LAF_1,-76.4738,42.6514,1230,5/11/25,0,53.3
DEG_LAF_1,-76.4738,42.6514,1230,5/12/25,0,48.8
DEG_LAF_1,-76.4738,42.6514,1230,5/13/25,0,67.1
DEG_LAF_1,-76.4738,42.6514,1230,5/14/25,0.24,64.3
DEG_LAF_1,-76.4738,42.6514,1230,5/15/25,0.02,61
DEG_LAF_1,-76.4738,42.6514,1230,5/16/25,0.14,66.4
DEG_LAF_1,-76.4738,42.6514,1230,5/17/25,0.38,70.3
DEG_LAF_1,-76.4738,42.6514,1230,5/18/25,0.26,64.4
DEG_LAF_1,-76.4738,42.6514,1230,5/19/25,0.02,49.7
DEG_LAF_1,-76.4738,42.6514,1230,5/20/25,0,43.6
DEG_LAF_1,-76.4738,42.6514,1230,5/21/25,0,46.9
DEG_LAF_1,-76.4738,42.6514,1230,5/22/25,0.47,47.5
DEG_LAF_1,-76.4738,42.6514,1230,5/23/25,0.14,47.6
DEG_LAF_1,-76.4738,42.6514,1230,5/24/25,0.48,47.6
DEG_LAF_1,-76.4738,42.6514,1230,5/25/25,0.31,48.3
DEG_LAF_1,-76.4738,42.6514,1230,5/26/25,0.03,49.5
DEG_LAF_1,-76.4738,42.6514,1230,5/27/25,0,54.6
DEG_LAF_1,-76.4738,42.6514,1230,5/28/25,0,59.4
DEG_LAF_1,-76.4738,42.6514,1230,5/29/25,0.42,57.7
DEG_LAF_1,-76.4738,42.6514,1230,5/30/25,0.01,59.8
DEG_LAF_1,-76.4738,42.6514,1230,5/31/25,0.04,62
DEG_LAF_1,-76.4738,42.6514,1230,6/1/25,0.14,48
DEG_LAF_1,-76.4738,42.6514,1230,6/2/25,0.1,49
DEG_LAF_1,-76.4738,42.6514,1230,6/3/25,0,56
DEG_LAF_1,-76.4738,42.6514,1230,6/4/25,0,66.4
DEG_LAF_1,-76.4738,42.6514,1230,6/5/25,0,75.9
DEG_LAF_1,-76.4738,42.6514,1230,6/6/25,0.37,71.9
DEG_LAF_1,-76.4738,42.6514,1230,6/7/25,1.1,65
DEG_LAF_1,-76.4738,42.6514,1230,6/8/25,0,63
DEG_LAF_1,-76.4738,42.6514,1230,6/9/25,0.23,66.6
DEG_LAF_1,-76.4738,42.6514,1230,6/10/25,1.26,69.1
DEG_LAF_1,-76.4738,42.6514,1230,6/11/25,0.12,62.7
DEG_LAF_1,-76.4738,42.6514,1230,6/12/25,0,69.8
DEG_LAF_1,-76.4738,42.6514,1230,6/13/25,0,62.2
DEG_LAF_1,-76.4738,42.6514,1230,6/14/25,0.31,63.5
DEG_LAF_1,-76.4738,42.6514,1230,6/15/25,0,60.5
DEG_LAF_1,-76.4738,42.6514,1230,6/16/25,0,63.9
DEG_LAF_1,-76.4738,42.6514,1230,6/17/25,0,65
DEG_LAF_1,-76.4738,42.6514,1230,6/18/25,0,69
DEG_LAF_1,-76.4738,42.6514,1230,6/19/25,0.16,74.7
DEG_LAF_1,-76.4738,42.6514,1230,6/20/25,0.18,70.4
DEG_LAF_1,-76.4738,42.6514,1230,6/21/25,0.19,67.3
DEG_LAF_1,-76.4738,42.6514,1230,6/22/25,0.01,75.4
DEG_LAF_1,-76.4738,42.6514,1230,6/23/25,0.22,78.5
DEG_LAF_1,-76.4738,42.6514,1230,6/24/25,0,81.3
DEG_LAF_1,-76.4738,42.6514,1230,6/25/25,0,81.3
DEG_LAF_1,-76.4738,42.6514,1230,6/26/25,0,75.7
DEG_LAF_1,-76.4738,42.6514,1230,6/27/25,0.18,65.7
DEG_LAF_1,-76.4738,42.6514,1230,6/28/25,0,64.8
DEG_LAF_1,-76.4738,42.6514,1230,6/29/25,0.14,70.9
DEG_LAF_1,-76.4738,42.6514,1230,6/30/25,0,68.6
,,,,,,
DEG_LAF_2,-76.4626,42.6789,1368,1/1/25,0.19,39.4
DEG_LAF_2,-76.4626,42.6789,1368,1/2/25,0.11,35
DEG_LAF_2,-76.4626,42.6789,1368,1/3/25,0,27.3
DEG_LAF_2,-76.4626,42.6789,1368,1/4/25,0.02,23.4
DEG_LAF_2,-76.4626,42.6789,1368,1/5/25,0.02,20.6
DEG_LAF_2,-76.4626,42.6789,1368,1/6/25,0,20.2
DEG_LAF_2,-76.4626,42.6789,1368,1/7/25,0,13.3
DEG_LAF_2,-76.4626,42.6789,1368,1/8/25,0.06,15.5
DEG_LAF_2,-76.4626,42.6789,1368,1/9/25,0,12.7
DEG_LAF_2,-76.4626,42.6789,1368,1/10/25,0,14.8
DEG_LAF_2,-76.4626,42.6789,1368,1/11/25,0.08,17.8
DEG_LAF_2,-76.4626,42.6789,1368,1/12/25,0.03,22.3
DEG_LAF_2,-76.4626,42.6789,1368,1/13/25,0,27.2
DEG_LAF_2,-76.4626,42.6789,1368,1/14/25,0.02,23
DEG_LAF_2,-76.4626,42.6789,1368,1/15/25,0,16.7
DEG_LAF_2,-76.4626,42.6789,1368,1/16/25,0,17
DEG_LAF_2,-76.4626,42.6789,1368,1/17/25,0.05,19.3
DEG_LAF_2,-76.4626,42.6789,1368,1/18/25,0,28.4
DEG_LAF_2,-76.4626,42.6789,1368,1/19/25,0.07,25.1
DEG_LAF_2,-76.4626,42.6789,1368,1/20/25,0,8.4
DEG_LAF_2,-76.4626,42.6789,1368,1/21/25,0.03,4
DEG_LAF_2,-76.4626,42.6789,1368,1/22/25,0,1.8
DEG_LAF_2,-76.4626,42.6789,1368,1/23/25,0,2.3
DEG_LAF_2,-76.4626,42.6789,1368,1/24/25,0,17.7
DEG_LAF_2,-76.4626,42.6789,1368,1/25/25,0.02,14.1
DEG_LAF_2,-76.4626,42.6789,1368,1/26/25,0,18.2
DEG_LAF_2,-76.4626,42.6789,1368,1/27/25,0,22.1
DEG_LAF_2,-76.4626,42.6789,1368,1/28/25,0.04,25.9
DEG_LAF_2,-76.4626,42.6789,1368,1/29/25,0.05,25.3
DEG_LAF_2,-76.4626,42.6789,1368,1/30/25,0.11,24.7
DEG_LAF_2,-76.4626,42.6789,1368,1/31/25,0,24.1
DEG_LAF_2,-76.4626,42.6789,1368,2/1/25,0.47,24.6
DEG_LAF_2,-76.4626,42.6789,1368,2/2/25,0,4.3
DEG_LAF_2,-76.4626,42.6789,1368,2/3/25,0.13,16.7
DEG_LAF_2,-76.4626,42.6789,1368,2/4/25,0.02,33.5
DEG_LAF_2,-76.4626,42.6789,1368,2/5/25,0.1,19.1
DEG_LAF_2,-76.4626,42.6789,1368,2/6/25,0.1,14.2
DEG_LAF_2,-76.4626,42.6789,1368,2/7/25,0.08,30.1
DEG_LAF_2,-76.4626,42.6789,1368,2/8/25,0,17.8
DEG_LAF_2,-76.4626,42.6789,1368,2/9/25,0.32,20.1
DEG_LAF_2,-76.4626,42.6789,1368,2/10/25,0,23.2
DEG_LAF_2,-76.4626,42.6789,1368,2/11/25,0,18
DEG_LAF_2,-76.4626,42.6789,1368,2/12/25,0,17.9
DEG_LAF_2,-76.4626,42.6789,1368,2/13/25,0.04,21.9
DEG_LAF_2,-76.4626,42.6789,1368,2/14/25,0.09,29.3
DEG_LAF_2,-76.4626,42.6789,1368,2/15/25,0,19.4
DEG_LAF_2,-76.4626,42.6789,1368,2/16/25,0.53,25.7
DEG_LAF_2,-76.4626,42.6789,1368,2/17/25,0.71,25.2
DEG_LAF_2,-76.4626,42.6789,1368,2/18/25,0,12.9
DEG_LAF_2,-76.4626,42.6789,1368,2/19/25,0,11.5
DEG_LAF_2,-76.4626,42.6789,1368,2/20/25,0,13.8
DEG_LAF_2,-76.4626,42.6789,1368,2/21/25,0.07,13.9
DEG_LAF_2,-76.4626,42.6789,1368,2/22/25,0,14.2
DEG_LAF_2,-76.4626,42.6789,1368,2/23/25,0,23.4
DEG_LAF_2,-76.4626,42.6789,1368,2/24/25,0,27.8
DEG_LAF_2,-76.4626,42.6789,1368,2/25/25,0.02,36.7
DEG_LAF_2,-76.4626,42.6789,1368,2/26/25,0.21,35.8
DEG_LAF_2,-76.4626,42.6789,1368,2/27/25,0.12,34
DEG_LAF_2,-76.4626,42.6789,1368,2/28/25,0.19,34.5
DEG_LAF_2,-76.4626,42.6789,1368,3/1/25,0.06,33.5
DEG_LAF_2,-76.4626,42.6789,1368,3/2/25,0.07,22.5
DEG_LAF_2,-76.4626,42.6789,1368,3/3/25,0,12.6
DEG_LAF_2,-76.4626,42.6789,1368,3/4/25,0,24.4
DEG_LAF_2,-76.4626,42.6789,1368,3/5/25,0.01,38.7
DEG_LAF_2,-76.4626,42.6789,1368,3/6/25,0.59,44
DEG_LAF_2,-76.4626,42.6789,1368,3/7/25,0.03,31
DEG_LAF_2,-76.4626,42.6789,1368,3/8/25,0.03,28.6
DEG_LAF_2,-76.4626,42.6789,1368,3/9/25,0,25.7
DEG_LAF_2,-76.4626,42.6789,1368,3/10/25,0,33.8
DEG_LAF_2,-76.4626,42.6789,1368,3/11/25,0,45.3
DEG_LAF_2,-76.4626,42.6789,1368,3/12/25,0,44.9
DEG_LAF_2,-76.4626,42.6789,1368,3/13/25,0,30.8
DEG_LAF_2,-76.4626,42.6789,1368,3/14/25,0,42.8
DEG_LAF_2,-76.4626,42.6789,1368,3/15/25,0,49.8
DEG_LAF_2,-76.4626,42.6789,1368,3/16/25,0,51.5
DEG_LAF_2,-76.4626,42.6789,1368,3/17/25,0.37,49.9
DEG_LAF_2,-76.4626,42.6789,1368,3/18/25,0,26.6
DEG_LAF_2,-76.4626,42.6789,1368,3/19/25,0,40.7
DEG_LAF_2,-76.4626,42.6789,1368,3/20/25,0,57.3
DEG_LAF_2,-76.4626,42.6789,1368,3/21/25,0.02,45.4
DEG_LAF_2,-76.4626,42.6789,1368,3/22/25,0,33.5
DEG_LAF_2,-76.4626,42.6789,1368,3/23/25,0.02,35.1
DEG_LAF_2,-76.4626,42.6789,1368,3/24/25,0.02,29.7
DEG_LAF_2,-76.4626,42.6789,1368,3/25/25,0,43.9
DEG_LAF_2,-76.4626,42.6789,1368,3/26/25,0,30.8
DEG_LAF_2,-76.4626,42.6789,1368,3/27/25,0.09,28.1
DEG_LAF_2,-76.4626,42.6789,1368,3/28/25,0,34.2
DEG_LAF_2,-76.4626,42.6789,1368,3/29/25,0.1,45
DEG_LAF_2,-76.4626,42.6789,1368,3/30/25,0.27,42.3
DEG_LAF_2,-76.4626,42.6789,1368,3/31/25,0.04,56.3
DEG_LAF_2,-76.4626,42.6789,1368,4/1/25,0,48.5
DEG_LAF_2,-76.4626,42.6789,1368,4/2/25,0,31.5
DEG_LAF_2,-76.4626,42.6789,1368,4/3/25,0.45,38.7
DEG_LAF_2,-76.4626,42.6789,1368,4/4/25,0,54.6
DEG_LAF_2,-76.4626,42.6789,1368,4/5/25,0.01,43.8
DEG_LAF_2,-76.4626,42.6789,1368,4/6/25,0.46,44.1
DEG_LAF_2,-76.4626,42.6789,1368,4/7/25,0.01,36.2
DEG_LAF_2,-76.4626,42.6789,1368,4/8/25,0.08,34
DEG_LAF_2,-76.4626,42.6789,1368,4/9/25,0.05,23.3
DEG_LAF_2,-76.4626,42.6789,1368,4/10/25,0,30.6
DEG_LAF_2,-76.4626,42.6789,1368,4/11/25,0.25,36.2
DEG_LAF_2,-76.4626,42.6789,1368,4/12/25,0.15,38.8
DEG_LAF_2,-76.4626,42.6789,1368,4/13/25,0.07,38.7
DEG_LAF_2,-76.4626,42.6789,1368,4/14/25,0,43.8
DEG_LAF_2,-76.4626,42.6789,1368,4/15/25,0.11,50.6
DEG_LAF_2,-76.4626,42.6789,1368,4/16/25,0.1,42.3
DEG_LAF_2,-76.4626,42.6789,1368,4/17/25,0.1,32.8
DEG_LAF_2,-76.4626,42.6789,1368,4/18/25,0,41.2
DEG_LAF_2,-76.4626,42.6789,1368,4/19/25,0,56.3
DEG_LAF_2,-76.4626,42.6789,1368,4/20/25,0.43,55.4
DEG_LAF_2,-76.4626,42.6789,1368,4/21/25,0,41.2
DEG_LAF_2,-76.4626,42.6789,1368,4/22/25,0.2,53.7
DEG_LAF_2,-76.4626,42.6789,1368,4/23/25,0,48.8
DEG_LAF_2,-76.4626,42.6789,1368,4/24/25,0.04,53.5
DEG_LAF_2,-76.4626,42.6789,1368,4/25/25,0,64.6
DEG_LAF_2,-76.4626,42.6789,1368,4/26/25,0.98,65.8
DEG_LAF_2,-76.4626,42.6789,1368,4/27/25,0.24,50.8
DEG_LAF_2,-76.4626,42.6789,1368,4/28/25,0,46.4
DEG_LAF_2,-76.4626,42.6789,1368,4/29/25,0,57.3
DEG_LAF_2,-76.4626,42.6789,1368,4/30/25,0.84,60.7
DEG_LAF_2,-76.4626,42.6789,1368,5/1/25,0,45.2
DEG_LAF_2,-76.4626,42.6789,1368,5/2/25,0.24,61.2
DEG_LAF_2,-76.4626,42.6789,1368,5/3/25,0.26,59.9
DEG_LAF_2,-76.4626,42.6789,1368,5/4/25,0.27,48.4
DEG_LAF_2,-76.4626,42.6789,1368,5/5/25,0.2,53
DEG_LAF_2,-76.4626,42.6789,1368,5/6/25,0.24,61.9
DEG_LAF_2,-76.4626,42.6789,1368,5/7/25,1.71,60
DEG_LAF_2,-76.4626,42.6789,1368,5/8/25,0.17,53.9
DEG_LAF_2,-76.4626,42.6789,1368,5/9/25,0,43.2
DEG_LAF_2,-76.4626,42.6789,1368,5/10/25,0.25,42.3
DEG_LAF_2,-76.4626,42.6789,1368,5/11/25,0,53.1
DEG_LAF_2,-76.4626,42.6789,1368,5/12/25,0,48.8
DEG_LAF_2,-76.4626,42.6789,1368,5/13/25,0,66.9
DEG_LAF_2,-76.4626,42.6789,1368,5/14/25,0.24,64.3
DEG_LAF_2,-76.4626,42.6789,1368,5/15/25,0.03,61
DEG_LAF_2,-76.4626,42.6789,1368,5/16/25,0.13,66.2
DEG_LAF_2,-76.4626,42.6789,1368,5/17/25,0.3,70
DEG_LAF_2,-76.4626,42.6789,1368,5/18/25,0.28,64.1
DEG_LAF_2,-76.4626,42.6789,1368,5/19/25,0.01,49.3
DEG_LAF_2,-76.4626,42.6789,1368,5/20/25,0,43.5
DEG_LAF_2,-76.4626,42.6789,1368,5/21/25,0,46.8
DEG_LAF_2,-76.4626,42.6789,1368,5/22/25,0.43,47.6
DEG_LAF_2,-76.4626,42.6789,1368,5/23/25,0.12,47.5
DEG_LAF_2,-76.4626,42.6789,1368,5/24/25,0.54,47.2
DEG_LAF_2,-76.4626,42.6789,1368,5/25/25,0.29,48.2
DEG_LAF_2,-76.4626,42.6789,1368,5/26/25,0.02,49.4
DEG_LAF_2,-76.4626,42.6789,1368,5/27/25,0,54.6
DEG_LAF_2,-76.4626,42.6789,1368,5/28/25,0,59.3
DEG_LAF_2,-76.4626,42.6789,1368,5/29/25,0.4,57.7
DEG_LAF_2,-76.4626,42.6789,1368,5/30/25,0,59.7
DEG_LAF_2,-76.4626,42.6789,1368,5/31/25,0.04,61.7
DEG_LAF_2,-76.4626,42.6789,1368,6/1/25,0.17,47.9
DEG_LAF_2,-76.4626,42.6789,1368,6/2/25,0.12,48.8
DEG_LAF_2,-76.4626,42.6789,1368,6/3/25,0,55.4
DEG_LAF_2,-76.4626,42.6789,1368,6/4/25,0,66.3
DEG_LAF_2,-76.4626,42.6789,1368,6/5/25,0,75.6
DEG_LAF_2,-76.4626,42.6789,1368,6/6/25,0.24,71.8
DEG_LAF_2,-76.4626,42.6789,1368,6/7/25,0.8,65.2
DEG_LAF_2,-76.4626,42.6789,1368,6/8/25,0,62.9
DEG_LAF_2,-76.4626,42.6789,1368,6/9/25,0.29,66.5
DEG_LAF_2,-76.4626,42.6789,1368,6/10/25,1.27,69
DEG_LAF_2,-76.4626,42.6789,1368,6/11/25,0.04,62.8
DEG_LAF_2,-76.4626,42.6789,1368,6/12/25,0,69.4
DEG_LAF_2,-76.4626,42.6789,1368,6/13/25,0,61.9
DEG_LAF_2,-76.4626,42.6789,1368,6/14/25,0.24,63.1
DEG_LAF_2,-76.4626,42.6789,1368,6/15/25,0,60.4
DEG_LAF_2,-76.4626,42.6789,1368,6/16/25,0,64.1
DEG_LAF_2,-76.4626,42.6789,1368,6/17/25,0,64.9
DEG_LAF_2,-76.4626,42.6789,1368,6/18/25,0,69
DEG_LAF_2,-76.4626,42.6789,1368,6/19/25,0.14,74.5
DEG_LAF_2,-76.4626,42.6789,1368,6/20/25,0.18,70.2
DEG_LAF_2,-76.4626,42.6789,1368,6/21/25,0.08,66.9
DEG_LAF_2,-76.4626,42.6789,1368,6/22/25,0.03,75.1
DEG_LAF_2,-76.4626,42.6789,1368,6/23/25,0.17,78.1
DEG_LAF_2,-76.4626,42.6789,1368,6/24/25,0,81.4
DEG_LAF_2,-76.4626,42.6789,1368,6/25/25,0,81
DEG_LAF_2,-76.4626,42.6789,1368,6/26/25,0.01,75.5
DEG_LAF_2,-76.4626,42.6789,1368,6/27/25,0.18,65.2
DEG_LAF_2,-76.4626,42.6789,1368,6/28/25,0,64.7
DEG_LAF_2,-76.4626,42.6789,1368,6/29/25,0.12,70.7
DEG_LAF_2,-76.4626,42.6789,1368,6/30/25,0,68.3
,,,,,,
DEG_PER_1,-76.252,42.7274,1342,1/1/25,0.39,38.9
DEG_PER_1,-76.252,42.7274,1342,1/2/25,0.15,34.9
DEG_PER_1,-76.252,42.7274,1342,1/3/25,0.01,27.1
DEG_PER_1,-76.252,42.7274,1342,1/4/25,0.07,23
DEG_PER_1,-76.252,42.7274,1342,1/5/25,0.05,20.6
DEG_PER_1,-76.252,42.7274,1342,1/6/25,0,20.5
DEG_PER_1,-76.252,42.7274,1342,1/7/25,0.01,12.8
DEG_PER_1,-76.252,42.7274,1342,1/8/25,0.09,15.6
DEG_PER_1,-76.252,42.7274,1342,1/9/25,0.01,13.1
DEG_PER_1,-76.252,42.7274,1342,1/10/25,0.07,15.2
DEG_PER_1,-76.252,42.7274,1342,1/11/25,0.08,18.8
DEG_PER_1,-76.252,42.7274,1342,1/12/25,0.03,22.1
DEG_PER_1,-76.252,42.7274,1342,1/13/25,0,26.4
DEG_PER_1,-76.252,42.7274,1342,1/14/25,0.03,23.1
DEG_PER_1,-76.252,42.7274,1342,1/15/25,0.02,16.7
DEG_PER_1,-76.252,42.7274,1342,1/16/25,0.02,17.5
DEG_PER_1,-76.252,42.7274,1342,1/17/25,0.05,19.1
DEG_PER_1,-76.252,42.7274,1342,1/18/25,0,28.1
DEG_PER_1,-76.252,42.7274,1342,1/19/25,0.14,25.4
DEG_PER_1,-76.252,42.7274,1342,1/20/25,0,8.4
DEG_PER_1,-76.252,42.7274,1342,1/21/25,0.05,2.4
DEG_PER_1,-76.252,42.7274,1342,1/22/25,0,-0.1
DEG_PER_1,-76.252,42.7274,1342,1/23/25,0,0.2
DEG_PER_1,-76.252,42.7274,1342,1/24/25,0,16.9
DEG_PER_1,-76.252,42.7274,1342,1/25/25,0.03,12.8
DEG_PER_1,-76.252,42.7274,1342,1/26/25,0.02,16.4
DEG_PER_1,-76.252,42.7274,1342,1/27/25,0,19.8
DEG_PER_1,-76.252,42.7274,1342,1/28/25,0.07,25.8
DEG_PER_1,-76.252,42.7274,1342,1/29/25,0.12,24.9
DEG_PER_1,-76.252,42.7274,1342,1/30/25,0.1,24.3
DEG_PER_1,-76.252,42.7274,1342,1/31/25,0,23.3
DEG_PER_1,-76.252,42.7274,1342,2/1/25,0.5,24.5
DEG_PER_1,-76.252,42.7274,1342,2/2/25,0,3.3
DEG_PER_1,-76.252,42.7274,1342,2/3/25,0.14,15.4
DEG_PER_1,-76.252,42.7274,1342,2/4/25,0.08,33.7
DEG_PER_1,-76.252,42.7274,1342,2/5/25,0.12,19.6
DEG_PER_1,-76.252,42.7274,1342,2/6/25,0.09,13.7
DEG_PER_1,-76.252,42.7274,1342,2/7/25,0.11,30.1
DEG_PER_1,-76.252,42.7274,1342,2/8/25,0,17
DEG_PER_1,-76.252,42.7274,1342,2/9/25,0.33,18.8
DEG_PER_1,-76.252,42.7274,1342,2/10/25,0.01,23.3
DEG_PER_1,-76.252,42.7274,1342,2/11/25,0.01,17.7
DEG_PER_1,-76.252,42.7274,1342,2/12/25,0,16.1
DEG_PER_1,-76.252,42.7274,1342,2/13/25,0.06,19.2
DEG_PER_1,-76.252,42.7274,1342,2/14/25,0.16,29.2
DEG_PER_1,-76.252,42.7274,1342,2/15/25,0,19.1
DEG_PER_1,-76.252,42.7274,1342,2/16/25,0.55,25
DEG_PER_1,-76.252,42.7274,1342,2/17/25,0.83,25.4
DEG_PER_1,-76.252,42.7274,1342,2/18/25,0.02,12.9
DEG_PER_1,-76.252,42.7274,1342,2/19/25,0,11.5
DEG_PER_1,-76.252,42.7274,1342,2/20/25,0.03,14.2
DEG_PER_1,-76.252,42.7274,1342,2/21/25,0.08,14.1
DEG_PER_1,-76.252,42.7274,1342,2/22/25,0.01,14.5
DEG_PER_1,-76.252,42.7274,1342,2/23/25,0,23.6
DEG_PER_1,-76.252,42.7274,1342,2/24/25,0,27.6
DEG_PER_1,-76.252,42.7274,1342,2/25/25,0,36.2
DEG_PER_1,-76.252,42.7274,1342,2/26/25,0.2,36
DEG_PER_1,-76.252,42.7274,1342,2/27/25,0.13,33.8
DEG_PER_1,-76.252,42.7274,1342,2/28/25,0.31,34.6
DEG_PER_1,-76.252,42.7274,1342,3/1/25,0.03,33.7
DEG_PER_1,-76.252,42.7274,1342,3/2/25,0.11,22.3
DEG_PER_1,-76.252,42.7274,1342,3/3/25,0,12
DEG_PER_1,-76.252,42.7274,1342,3/4/25,0,23.6
DEG_PER_1,-76.252,42.7274,1342,3/5/25,0.02,37.6
DEG_PER_1,-76.252,42.7274,1342,3/6/25,0.71,43.4
DEG_PER_1,-76.252,42.7274,1342,3/7/25,0.11,30.8
DEG_PER_1,-76.252,42.7274,1342,3/8/25,0.08,27.5
DEG_PER_1,-76.252,42.7274,1342,3/9/25,0,25
DEG_PER_1,-76.252,42.7274,1342,3/10/25,0,33.7
DEG_PER_1,-76.252,42.7274,1342,3/11/25,0,43.9
DEG_PER_1,-76.252,42.7274,1342,3/12/25,0,44.5
DEG_PER_1,-76.252,42.7274,1342,3/13/25,0,31
DEG_PER_1,-76.252,42.7274,1342,3/14/25,0,42.7
DEG_PER_1,-76.252,42.7274,1342,3/15/25,0,48.8
DEG_PER_1,-76.252,42.7274,1342,3/16/25,0,52.7
DEG_PER_1,-76.252,42.7274,1342,3/17/25,0.53,49.8
DEG_PER_1,-76.252,42.7274,1342,3/18/25,0,26.6
DEG_PER_1,-76.252,42.7274,1342,3/19/25,0,40.7
DEG_PER_1,-76.252,42.7274,1342,3/20/25,0,56.5
DEG_PER_1,-76.252,42.7274,1342,3/21/25,0.03,45.9
DEG_PER_1,-76.252,42.7274,1342,3/22/25,0,33.1
DEG_PER_1,-76.252,42.7274,1342,3/23/25,0.04,34.3
DEG_PER_1,-76.252,42.7274,1342,3/24/25,0.03,29.2
DEG_PER_1,-76.252,42.7274,1342,3/25/25,0,43.4
DEG_PER_1,-76.252,42.7274,1342,3/26/25,0,30.3
DEG_PER_1,-76.252,42.7274,1342,3/27/25,0.09,26.9
DEG_PER_1,-76.252,42.7274,1342,3/28/25,0.02,33
DEG_PER_1,-76.252,42.7274,1342,3/29/25,0.11,45
DEG_PER_1,-76.252,42.7274,1342,3/30/25,0.33,42.8
DEG_PER_1,-76.252,42.7274,1342,3/31/25,0.06,54.6
DEG_PER_1,-76.252,42.7274,1342,4/1/25,0.01,48.5
DEG_PER_1,-76.252,42.7274,1342,4/2/25,0,30.8
DEG_PER_1,-76.252,42.7274,1342,4/3/25,0.52,38.9
DEG_PER_1,-76.252,42.7274,1342,4/4/25,0,54.6
DEG_PER_1,-76.252,42.7274,1342,4/5/25,0.02,43.3
DEG_PER_1,-76.252,42.7274,1342,4/6/25,0.45,43.9
DEG_PER_1,-76.252,42.7274,1342,4/7/25,0.01,36
DEG_PER_1,-76.252,42.7274,1342,4/8/25,0.08,33.8
DEG_PER_1,-76.252,42.7274,1342,4/9/25,0.1,22.1
DEG_PER_1,-76.252,42.7274,1342,4/10/25,0,30.5
DEG_PER_1,-76.252,42.7274,1342,4/11/25,0.27,35.9
DEG_PER_1,-76.252,42.7274,1342,4/12/25,0.16,38.6
DEG_PER_1,-76.252,42.7274,1342,4/13/25,0.1,38.4
DEG_PER_1,-76.252,42.7274,1342,4/14/25,0,42.5
DEG_PER_1,-76.252,42.7274,1342,4/15/25,0.07,49.1
DEG_PER_1,-76.252,42.7274,1342,4/16/25,0.2,42.3
DEG_PER_1,-76.252,42.7274,1342,4/17/25,0.1,32.7
DEG_PER_1,-76.252,42.7274,1342,4/18/25,0,40.2
DEG_PER_1,-76.252,42.7274,1342,4/19/25,0,55.5
DEG_PER_1,-76.252,42.7274,1342,4/20/25,0.3,55.3
DEG_PER_1,-76.252,42.7274,1342,4/21/25,0,40.4
DEG_PER_1,-76.252,42.7274,1342,4/22/25,0.15,53.6
DEG_PER_1,-76.252,42.7274,1342,4/23/25,0,47.5
DEG_PER_1,-76.252,42.7274,1342,4/24/25,0.02,53.2
DEG_PER_1,-76.252,42.7274,1342,4/25/25,0,63.7
DEG_PER_1,-76.252,42.7274,1342,4/26/25,0.38,65.5
DEG_PER_1,-76.252,42.7274,1342,4/27/25,0.32,50.4
DEG_PER_1,-76.252,42.7274,1342,4/28/25,0.01,45.3
DEG_PER_1,-76.252,42.7274,1342,4/29/25,0,57.5
DEG_PER_1,-76.252,42.7274,1342,4/30/25,1.04,60.3
DEG_PER_1,-76.252,42.7274,1342,5/1/25,0,44.9
DEG_PER_1,-76.252,42.7274,1342,5/2/25,0.24,60.9
DEG_PER_1,-76.252,42.7274,1342,5/3/25,0.21,60.8
DEG_PER_1,-76.252,42.7274,1342,5/4/25,0.31,49.6
DEG_PER_1,-76.252,42.7274,1342,5/5/25,0.23,53.9
DEG_PER_1,-76.252,42.7274,1342,5/6/25,0.27,61.7
DEG_PER_1,-76.252,42.7274,1342,5/7/25,1.59,59.7
DEG_PER_1,-76.252,42.7274,1342,5/8/25,0.23,53.7
DEG_PER_1,-76.252,42.7274,1342,5/9/25,0,44
DEG_PER_1,-76.252,42.7274,1342,5/10/25,0.43,42.9
DEG_PER_1,-76.252,42.7274,1342,5/11/25,0,52.9
DEG_PER_1,-76.252,42.7274,1342,5/12/25,0,48.6
DEG_PER_1,-76.252,42.7274,1342,5/13/25,0,66.8
DEG_PER_1,-76.252,42.7274,1342,5/14/25,0.11,65
DEG_PER_1,-76.252,42.7274,1342,5/15/25,0.06,61.4
DEG_PER_1,-76.252,42.7274,1342,5/16/25,0.02,65.4
DEG_PER_1,-76.252,42.7274,1342,5/17/25,0.25,70.1
DEG_PER_1,-76.252,42.7274,1342,5/18/25,0.32,64.3
DEG_PER_1,-76.252,42.7274,1342,5/19/25,0.09,48.7
DEG_PER_1,-76.252,42.7274,1342,5/20/25,0,43.4
DEG_PER_1,-76.252,42.7274,1342,5/21/25,0,46.1
DEG_PER_1,-76.252,42.7274,1342,5/22/25,0.44,47.8
DEG_PER_1,-76.252,42.7274,1342,5/23/25,0.11,47.2
DEG_PER_1,-76.252,42.7274,1342,5/24/25,0.47,46.7
DEG_PER_1,-76.252,42.7274,1342,5/25/25,0.37,48.6
DEG_PER_1,-76.252,42.7274,1342,5/26/25,0,49.5
DEG_PER_1,-76.252,42.7274,1342,5/27/25,0,54
DEG_PER_1,-76.252,42.7274,1342,5/28/25,0,58.8
DEG_PER_1,-76.252,42.7274,1342,5/29/25,0.36,58.6
DEG_PER_1,-76.252,42.7274,1342,5/30/25,0.02,59.2
DEG_PER_1,-76.252,42.7274,1342,5/31/25,0.05,62.1
DEG_PER_1,-76.252,42.7274,1342,6/1/25,0.28,47.7
DEG_PER_1,-76.252,42.7274,1342,6/2/25,0.16,48.3
DEG_PER_1,-76.252,42.7274,1342,6/3/25,0,54
DEG_PER_1,-76.252,42.7274,1342,6/4/25,0,64.7
DEG_PER_1,-76.252,42.7274,1342,6/5/25,0,74.3
DEG_PER_1,-76.252,42.7274,1342,6/6/25,0.3,72.6
DEG_PER_1,-76.252,42.7274,1342,6/7/25,1.33,66.4
DEG_PER_1,-76.252,42.7274,1342,6/8/25,0,62.6
DEG_PER_1,-76.252,42.7274,1342,6/9/25,0.31,66.3
DEG_PER_1,-76.252,42.7274,1342,6/10/25,1.17,68.5
DEG_PER_1,-76.252,42.7274,1342,6/11/25,0.09,61.4
DEG_PER_1,-76.252,42.7274,1342,6/12/25,0,68.1
DEG_PER_1,-76.252,42.7274,1342,6/13/25,0,61.2
DEG_PER_1,-76.252,42.7274,1342,6/14/25,0.2,62.9
DEG_PER_1,-76.252,42.7274,1342,6/15/25,0,60.2
DEG_PER_1,-76.252,42.7274,1342,6/16/25,0,64.8
DEG_PER_1,-76.252,42.7274,1342,6/17/25,0,64.8
DEG_PER_1,-76.252,42.7274,1342,6/18/25,0,69
DEG_PER_1,-76.252,42.7274,1342,6/19/25,0.07,74.1
DEG_PER_1,-76.252,42.7274,1342,6/20/25,0.27,70
DEG_PER_1,-76.252,42.7274,1342,6/21/25,0.03,65.7
DEG_PER_1,-76.252,42.7274,1342,6/22/25,0.48,74.1
DEG_PER_1,-76.252,42.7274,1342,6/23/25,0.25,76.6
DEG_PER_1,-76.252,42.7274,1342,6/24/25,0,79.4
DEG_PER_1,-76.252,42.7274,1342,6/25/25,0,80.5
DEG_PER_1,-76.252,42.7274,1342,6/26/25,0,74.6
DEG_PER_1,-76.252,42.7274,1342,6/27/25,0.32,64.1
DEG_PER_1,-76.252,42.7274,1342,6/28/25,0,63.3
DEG_PER_1,-76.252,42.7274,1342,6/29/25,0.09,70.6
DEG_PER_1,-76.252,42.7274,1342,6/30/25,0,67.2
,,,,,,
DEG_PER_2,-76.2223,42.6728,1358,1/1/25,0.26,38.1
DEG_PER_2,-76.2223,42.6728,1358,1/2/25,0.13,35.2
DEG_PER_2,-76.2223,42.6728,1358,1/3/25,0.03,27.2
DEG_PER_2,-76.2223,42.6728,1358,1/4/25,0.06,22.9
DEG_PER_2,-76.2223,42.6728,1358,1/5/25,0.08,20.5
DEG_PER_2,-76.2223,42.6728,1358,1/6/25,0,20.4
DEG_PER_2,-76.2223,42.6728,1358,1/7/25,0.03,13.3
DEG_PER_2,-76.2223,42.6728,1358,1/8/25,0.11,15.5
DEG_PER_2,-76.2223,42.6728,1358,1/9/25,0.02,13.1
DEG_PER_2,-76.2223,42.6728,1358,1/10/25,0.03,15.3
DEG_PER_2,-76.2223,42.6728,1358,1/11/25,0.08,18.5
DEG_PER_2,-76.2223,42.6728,1358,1/12/25,0.04,22.2
DEG_PER_2,-76.2223,42.6728,1358,1/13/25,0,25.7
DEG_PER_2,-76.2223,42.6728,1358,1/14/25,0.03,23.3
DEG_PER_2,-76.2223,42.6728,1358,1/15/25,0.04,16.6
DEG_PER_2,-76.2223,42.6728,1358,1/16/25,0.03,17.3
DEG_PER_2,-76.2223,42.6728,1358,1/17/25,0.06,18.8
DEG_PER_2,-76.2223,42.6728,1358,1/18/25,0,28.2
DEG_PER_2,-76.2223,42.6728,1358,1/19/25,0.1,25.7
DEG_PER_2,-76.2223,42.6728,1358,1/20/25,0,8
DEG_PER_2,-76.2223,42.6728,1358,1/21/25,0.04,1.5
DEG_PER_2,-76.2223,42.6728,1358,1/22/25,0,-1.8
DEG_PER_2,-76.2223,42.6728,1358,1/23/25,0,-1
DEG_PER_2,-76.2223,42.6728,1358,1/24/25,0.01,16.9
DEG_PER_2,-76.2223,42.6728,1358,1/25/25,0.01,11.5
DEG_PER_2,-76.2223,42.6728,1358,1/26/25,0.01,15.2
DEG_PER_2,-76.2223,42.6728,1358,1/27/25,0,18.3
DEG_PER_2,-76.2223,42.6728,1358,1/28/25,0.07,26
DEG_PER_2,-76.2223,42.6728,1358,1/29/25,0.08,24.7
DEG_PER_2,-76.2223,42.6728,1358,1/30/25,0.11,24.6
DEG_PER_2,-76.2223,42.6728,1358,1/31/25,0,21.9
DEG_PER_2,-76.2223,42.6728,1358,2/1/25,0.51,24.5
DEG_PER_2,-76.2223,42.6728,1358,2/2/25,0,3.2
DEG_PER_2,-76.2223,42.6728,1358,2/3/25,0.13,14.1
DEG_PER_2,-76.2223,42.6728,1358,2/4/25,0.08,33.8
DEG_PER_2,-76.2223,42.6728,1358,2/5/25,0.13,19.8
DEG_PER_2,-76.2223,42.6728,1358,2/6/25,0.12,12.7
DEG_PER_2,-76.2223,42.6728,1358,2/7/25,0.09,30.2
DEG_PER_2,-76.2223,42.6728,1358,2/8/25,0.01,15.2
DEG_PER_2,-76.2223,42.6728,1358,2/9/25,0.26,16.7
DEG_PER_2,-76.2223,42.6728,1358,2/10/25,0.02,23.3
DEG_PER_2,-76.2223,42.6728,1358,2/11/25,0,16.4
DEG_PER_2,-76.2223,42.6728,1358,2/12/25,0,14.8
DEG_PER_2,-76.2223,42.6728,1358,2/13/25,0.07,18.2
DEG_PER_2,-76.2223,42.6728,1358,2/14/25,0.16,29.3
DEG_PER_2,-76.2223,42.6728,1358,2/15/25,0,18
DEG_PER_2,-76.2223,42.6728,1358,2/16/25,0.6,24.7
DEG_PER_2,-76.2223,42.6728,1358,2/17/25,0.7,25.6
DEG_PER_2,-76.2223,42.6728,1358,2/18/25,0.04,12.7
DEG_PER_2,-76.2223,42.6728,1358,2/19/25,0,11
DEG_PER_2,-76.2223,42.6728,1358,2/20/25,0.02,14.3
DEG_PER_2,-76.2223,42.6728,1358,2/21/25,0.07,13.8
DEG_PER_2,-76.2223,42.6728,1358,2/22/25,0,14.8
DEG_PER_2,-76.2223,42.6728,1358,2/23/25,0,22.8
DEG_PER_2,-76.2223,42.6728,1358,2/24/25,0,27.7
DEG_PER_2,-76.2223,42.6728,1358,2/25/25,0,35.8
DEG_PER_2,-76.2223,42.6728,1358,2/26/25,0.27,35.6
DEG_PER_2,-76.2223,42.6728,1358,2/27/25,0.14,33.6
DEG_PER_2,-76.2223,42.6728,1358,2/28/25,0.33,34.9
DEG_PER_2,-76.2223,42.6728,1358,3/1/25,0.05,34.1
DEG_PER_2,-76.2223,42.6728,1358,3/2/25,0.1,22.4
DEG_PER_2,-76.2223,42.6728,1358,3/3/25,0,12.1
DEG_PER_2,-76.2223,42.6728,1358,3/4/25,0,23
DEG_PER_2,-76.2223,42.6728,1358,3/5/25,0.03,36.4
DEG_PER_2,-76.2223,42.6728,1358,3/6/25,0.81,42.9
DEG_PER_2,-76.2223,42.6728,1358,3/7/25,0.12,30.7
DEG_PER_2,-76.2223,42.6728,1358,3/8/25,0.06,26.9
DEG_PER_2,-76.2223,42.6728,1358,3/9/25,0,24.1
DEG_PER_2,-76.2223,42.6728,1358,3/10/25,0,33.6
DEG_PER_2,-76.2223,42.6728,1358,3/11/25,0,43.2
DEG_PER_2,-76.2223,42.6728,1358,3/12/25,0,44.6
DEG_PER_2,-76.2223,42.6728,1358,3/13/25,0,31.4
DEG_PER_2,-76.2223,42.6728,1358,3/14/25,0,41.5
DEG_PER_2,-76.2223,42.6728,1358,3/15/25,0,48
DEG_PER_2,-76.2223,42.6728,1358,3/16/25,0,52
DEG_PER_2,-76.2223,42.6728,1358,3/17/25,0.65,49.6
DEG_PER_2,-76.2223,42.6728,1358,3/18/25,0.01,26.4
DEG_PER_2,-76.2223,42.6728,1358,3/19/25,0,40.2
DEG_PER_2,-76.2223,42.6728,1358,3/20/25,0,55.7
DEG_PER_2,-76.2223,42.6728,1358,3/21/25,0.03,46.2
DEG_PER_2,-76.2223,42.6728,1358,3/22/25,0,32.7
DEG_PER_2,-76.2223,42.6728,1358,3/23/25,0.04,34.2
DEG_PER_2,-76.2223,42.6728,1358,3/24/25,0.02,29
DEG_PER_2,-76.2223,42.6728,1358,3/25/25,0,43.4
DEG_PER_2,-76.2223,42.6728,1358,3/26/25,0,29.8
DEG_PER_2,-76.2223,42.6728,1358,3/27/25,0.1,26.3
DEG_PER_2,-76.2223,42.6728,1358,3/28/25,0.03,32.3
DEG_PER_2,-76.2223,42.6728,1358,3/29/25,0.13,44.2
DEG_PER_2,-76.2223,42.6728,1358,3/30/25,0.31,44
DEG_PER_2,-76.2223,42.6728,1358,3/31/25,0.08,54.3
DEG_PER_2,-76.2223,42.6728,1358,4/1/25,0,49
DEG_PER_2,-76.2223,42.6728,1358,4/2/25,0,30.6
DEG_PER_2,-76.2223,42.6728,1358,4/3/25,0.48,38.9
DEG_PER_2,-76.2223,42.6728,1358,4/4/25,0,55.5
DEG_PER_2,-76.2223,42.6728,1358,4/5/25,0.04,43.1
DEG_PER_2,-76.2223,42.6728,1358,4/6/25,0.52,43.2
DEG_PER_2,-76.2223,42.6728,1358,4/7/25,0,36.7
DEG_PER_2,-76.2223,42.6728,1358,4/8/25,0.07,33.5
DEG_PER_2,-76.2223,42.6728,1358,4/9/25,0.13,21.7
DEG_PER_2,-76.2223,42.6728,1358,4/10/25,0,30.7
DEG_PER_2,-76.2223,42.6728,1358,4/11/25,0.27,35.2
DEG_PER_2,-76.2223,42.6728,1358,4/12/25,0.16,38.7
DEG_PER_2,-76.2223,42.6728,1358,4/13/25,0.13,38.6
DEG_PER_2,-76.2223,42.6728,1358,4/14/25,0,40.8
DEG_PER_2,-76.2223,42.6728,1358,4/15/25,0.14,47
DEG_PER_2,-76.2223,42.6728,1358,4/16/25,0.26,42.3
DEG_PER_2,-76.2223,42.6728,1358,4/17/25,0.13,32.6
DEG_PER_2,-76.2223,42.6728,1358,4/18/25,0,39.2
DEG_PER_2,-76.2223,42.6728,1358,4/19/25,0,53.7
DEG_PER_2,-76.2223,42.6728,1358,4/20/25,0.4,55.9
DEG_PER_2,-76.2223,42.6728,1358,4/21/25,0,39.5
DEG_PER_2,-76.2223,42.6728,1358,4/22/25,0.22,52.5
DEG_PER_2,-76.2223,42.6728,1358,4/23/25,0,46.9
DEG_PER_2,-76.2223,42.6728,1358,4/24/25,0.03,52.7
DEG_PER_2,-76.2223,42.6728,1358,4/25/25,0.01,62.4
DEG_PER_2,-76.2223,42.6728,1358,4/26/25,0.38,65.1
DEG_PER_2,-76.2223,42.6728,1358,4/27/25,0.29,50.7
DEG_PER_2,-76.2223,42.6728,1358,4/28/25,0.02,43.9
DEG_PER_2,-76.2223,42.6728,1358,4/29/25,0,56.3
DEG_PER_2,-76.2223,42.6728,1358,4/30/25,0.94,60.1
DEG_PER_2,-76.2223,42.6728,1358,5/1/25,0,44.8
DEG_PER_2,-76.2223,42.6728,1358,5/2/25,0.24,60.4
DEG_PER_2,-76.2223,42.6728,1358,5/3/25,0.37,61.1
DEG_PER_2,-76.2223,42.6728,1358,5/4/25,0.37,50.4
DEG_PER_2,-76.2223,42.6728,1358,5/5/25,0.22,54.2
DEG_PER_2,-76.2223,42.6728,1358,5/6/25,0.32,61.7
DEG_PER_2,-76.2223,42.6728,1358,5/7/25,1.61,59.8
DEG_PER_2,-76.2223,42.6728,1358,5/8/25,0.2,54.9
DEG_PER_2,-76.2223,42.6728,1358,5/9/25,0.02,45
DEG_PER_2,-76.2223,42.6728,1358,5/10/25,0.41,42.9
DEG_PER_2,-76.2223,42.6728,1358,5/11/25,0,51.7
DEG_PER_2,-76.2223,42.6728,1358,5/12/25,0,47.5
DEG_PER_2,-76.2223,42.6728,1358,5/13/25,0,65.3
DEG_PER_2,-76.2223,42.6728,1358,5/14/25,0.17,64.6
DEG_PER_2,-76.2223,42.6728,1358,5/15/25,0.07,61.2
DEG_PER_2,-76.2223,42.6728,1358,5/16/25,0.03,63.6
DEG_PER_2,-76.2223,42.6728,1358,5/17/25,0.31,69.2
DEG_PER_2,-76.2223,42.6728,1358,5/18/25,0.34,64
DEG_PER_2,-76.2223,42.6728,1358,5/19/25,0.11,48.9
DEG_PER_2,-76.2223,42.6728,1358,5/20/25,0,43.3
DEG_PER_2,-76.2223,42.6728,1358,5/21/25,0,45
DEG_PER_2,-76.2223,42.6728,1358,5/22/25,0.53,47.6
DEG_PER_2,-76.2223,42.6728,1358,5/23/25,0.18,46.6
DEG_PER_2,-76.2223,42.6728,1358,5/24/25,0.45,47.1
DEG_PER_2,-76.2223,42.6728,1358,5/25/25,0.38,48.9
DEG_PER_2,-76.2223,42.6728,1358,5/26/25,0,49
DEG_PER_2,-76.2223,42.6728,1358,5/27/25,0,53.1
DEG_PER_2,-76.2223,42.6728,1358,5/28/25,0,56.7
DEG_PER_2,-76.2223,42.6728,1358,5/29/25,0.58,58.1
DEG_PER_2,-76.2223,42.6728,1358,5/30/25,0.03,58.6
DEG_PER_2,-76.2223,42.6728,1358,5/31/25,0.08,62
DEG_PER_2,-76.2223,42.6728,1358,6/1/25,0.26,47.6
DEG_PER_2,-76.2223,42.6728,1358,6/2/25,0.19,47.5
DEG_PER_2,-76.2223,42.6728,1358,6/3/25,0,52.6
DEG_PER_2,-76.2223,42.6728,1358,6/4/25,0,63.1
DEG_PER_2,-76.2223,42.6728,1358,6/5/25,0,72.5
DEG_PER_2,-76.2223,42.6728,1358,6/6/25,0.63,72.8
DEG_PER_2,-76.2223,42.6728,1358,6/7/25,1.8,66.7
DEG_PER_2,-76.2223,42.6728,1358,6/8/25,0,61.6
DEG_PER_2,-76.2223,42.6728,1358,6/9/25,0.31,65.5
DEG_PER_2,-76.2223,42.6728,1358,6/10/25,1.04,68.1
DEG_PER_2,-76.2223,42.6728,1358,6/11/25,0.1,60.4
DEG_PER_2,-76.2223,42.6728,1358,6/12/25,0,67.1
DEG_PER_2,-76.2223,42.6728,1358,6/13/25,0,60.4
DEG_PER_2,-76.2223,42.6728,1358,6/14/25,0.46,63.4
DEG_PER_2,-76.2223,42.6728,1358,6/15/25,0,60.3
DEG_PER_2,-76.2223,42.6728,1358,6/16/25,0,64.5
DEG_PER_2,-76.2223,42.6728,1358,6/17/25,0,64.1
DEG_PER_2,-76.2223,42.6728,1358,6/18/25,0,68.4
DEG_PER_2,-76.2223,42.6728,1358,6/19/25,0.09,73
DEG_PER_2,-76.2223,42.6728,1358,6/20/25,0.28,70.3
DEG_PER_2,-76.2223,42.6728,1358,6/21/25,0.05,64.6
DEG_PER_2,-76.2223,42.6728,1358,6/22/25,0.28,73.2
DEG_PER_2,-76.2223,42.6728,1358,6/23/25,0.5,75.9
DEG_PER_2,-76.2223,42.6728,1358,6/24/25,0,78.1
DEG_PER_2,-76.2223,42.6728,1358,6/25/25,0,79.8
DEG_PER_2,-76.2223,42.6728,1358,6/26/25,0,74.3
DEG_PER_2,-76.2223,42.6728,1358,6/27/25,0.45,64.2
DEG_PER_2,-76.2223,42.6728,1358,6/28/25,0,62.4
DEG_PER_2,-76.2223,42.6728,1358,6/29/25,0.29,70.1
DEG_PER_2,-76.2223,42.6728,1358,6/30/25,0,66.2
,,,,,,
DEG_VIL,-76.1717,42.6954,1234,1/1/25,0.4,39.1
DEG_VIL,-76.1717,42.6954,1234,1/2/25,0.15,35.5
DEG_VIL,-76.1717,42.6954,1234,1/3/25,0.03,27.9
DEG_VIL,-76.1717,42.6954,1234,1/4/25,0.07,23.6
DEG_VIL,-76.1717,42.6954,1234,1/5/25,0.09,21.2
DEG_VIL,-76.1717,42.6954,1234,1/6/25,0,20.8
DEG_VIL,-76.1717,42.6954,1234,1/7/25,0.04,13.7
DEG_VIL,-76.1717,42.6954,1234,1/8/25,0.1,16.3
DEG_VIL,-76.1717,42.6954,1234,1/9/25,0.04,13.8
DEG_VIL,-76.1717,42.6954,1234,1/10/25,0.04,15.9
DEG_VIL,-76.1717,42.6954,1234,1/11/25,0.08,19.3
DEG_VIL,-76.1717,42.6954,1234,1/12/25,0.03,22.7
DEG_VIL,-76.1717,42.6954,1234,1/13/25,0,26.8
DEG_VIL,-76.1717,42.6954,1234,1/14/25,0.03,24.1
DEG_VIL,-76.1717,42.6954,1234,1/15/25,0.04,17.5
DEG_VIL,-76.1717,42.6954,1234,1/16/25,0.03,18.2
DEG_VIL,-76.1717,42.6954,1234,1/17/25,0.06,19.7
DEG_VIL,-76.1717,42.6954,1234,1/18/25,0,28.9
DEG_VIL,-76.1717,42.6954,1234,1/19/25,0.12,26.3
DEG_VIL,-76.1717,42.6954,1234,1/20/25,0,9.2
DEG_VIL,-76.1717,42.6954,1234,1/21/25,0.04,3
DEG_VIL,-76.1717,42.6954,1234,1/22/25,0,-0.1
DEG_VIL,-76.1717,42.6954,1234,1/23/25,0,0.3
DEG_VIL,-76.1717,42.6954,1234,1/24/25,0,17.9
DEG_VIL,-76.1717,42.6954,1234,1/25/25,0.02,13.3
DEG_VIL,-76.1717,42.6954,1234,1/26/25,0,16.6
DEG_VIL,-76.1717,42.6954,1234,1/27/25,0,20.8
DEG_VIL,-76.1717,42.6954,1234,1/28/25,0.07,26.6
DEG_VIL,-76.1717,42.6954,1234,1/29/25,0.12,25.5
DEG_VIL,-76.1717,42.6954,1234,1/30/25,0.1,25.2
DEG_VIL,-76.1717,42.6954,1234,1/31/25,0,22.4
DEG_VIL,-76.1717,42.6954,1234,2/1/25,0.5,24.5
DEG_VIL,-76.1717,42.6954,1234,2/2/25,0,4.3
DEG_VIL,-76.1717,42.6954,1234,2/3/25,0.13,15.3
DEG_VIL,-76.1717,42.6954,1234,2/4/25,0.09,34.1
DEG_VIL,-76.1717,42.6954,1234,2/5/25,0.15,19.8
DEG_VIL,-76.1717,42.6954,1234,2/6/25,0.12,13.5
DEG_VIL,-76.1717,42.6954,1234,2/7/25,0.1,30.4
DEG_VIL,-76.1717,42.6954,1234,2/8/25,0.01,16.8
DEG_VIL,-76.1717,42.6954,1234,2/9/25,0.29,18.5
DEG_VIL,-76.1717,42.6954,1234,2/10/25,0.02,23.9
DEG_VIL,-76.1717,42.6954,1234,2/11/25,0,17.8
DEG_VIL,-76.1717,42.6954,1234,2/12/25,0,16.6
DEG_VIL,-76.1717,42.6954,1234,2/13/25,0.06,19.6
DEG_VIL,-76.1717,42.6954,1234,2/14/25,0.16,29.6
DEG_VIL,-76.1717,42.6954,1234,2/15/25,0,19.2
DEG_VIL,-76.1717,42.6954,1234,2/16/25,0.58,25.1
DEG_VIL,-76.1717,42.6954,1234,2/17/25,0.77,25.8
DEG_VIL,-76.1717,42.6954,1234,2/18/25,0.04,13.2
DEG_VIL,-76.1717,42.6954,1234,2/19/25,0,11.7
DEG_VIL,-76.1717,42.6954,1234,2/20/25,0.03,14.8
DEG_VIL,-76.1717,42.6954,1234,2/21/25,0.08,14.5
DEG_VIL,-76.1717,42.6954,1234,2/22/25,0,14.9
DEG_VIL,-76.1717,42.6954,1234,2/23/25,0,23.9
DEG_VIL,-76.1717,42.6954,1234,2/24/25,0,28.1
DEG_VIL,-76.1717,42.6954,1234,2/25/25,0,36.4
DEG_VIL,-76.1717,42.6954,1234,2/26/25,0.25,36
DEG_VIL,-76.1717,42.6954,1234,2/27/25,0.15,34.4
DEG_VIL,-76.1717,42.6954,1234,2/28/25,0.33,35.1
DEG_VIL,-76.1717,42.6954,1234,3/1/25,0.03,34.4
DEG_VIL,-76.1717,42.6954,1234,3/2/25,0.1,22.7
DEG_VIL,-76.1717,42.6954,1234,3/3/25,0,12.4
DEG_VIL,-76.1717,42.6954,1234,3/4/25,0,23.7
DEG_VIL,-76.1717,42.6954,1234,3/5/25,0.02,37.1
DEG_VIL,-76.1717,42.6954,1234,3/6/25,0.78,43.6
DEG_VIL,-76.1717,42.6954,1234,3/7/25,0.14,31.2
DEG_VIL,-76.1717,42.6954,1234,3/8/25,0.07,27.6
DEG_VIL,-76.1717,42.6954,1234,3/9/25,0,25.1
DEG_VIL,-76.1717,42.6954,1234,3/10/25,0,34.1
DEG_VIL,-76.1717,42.6954,1234,3/11/25,0,44.2
DEG_VIL,-76.1717,42.6954,1234,3/12/25,0,45
DEG_VIL,-76.1717,42.6954,1234,3/13/25,0,31.8
DEG_VIL,-76.1717,42.6954,1234,3/14/25,0,42.7
DEG_VIL,-76.1717,42.6954,1234,3/15/25,0,48.8
DEG_VIL,-76.1717,42.6954,1234,3/16/25,0,52.7
DEG_VIL,-76.1717,42.6954,1234,3/17/25,0.71,50.2
DEG_VIL,-76.1717,42.6954,1234,3/18/25,0.01,27
DEG_VIL,-76.1717,42.6954,1234,3/19/25,0,40.8
DEG_VIL,-76.1717,42.6954,1234,3/20/25,0,56.5
DEG_VIL,-76.1717,42.6954,1234,3/21/25,0.02,46.7
DEG_VIL,-76.1717,42.6954,1234,3/22/25,0,33.4
DEG_VIL,-76.1717,42.6954,1234,3/23/25,0.04,34.8
DEG_VIL,-76.1717,42.6954,1234,3/24/25,0.03,29.5
DEG_VIL,-76.1717,42.6954,1234,3/25/25,0,43.8
DEG_VIL,-76.1717,42.6954,1234,3/26/25,0,30.6
DEG_VIL,-76.1717,42.6954,1234,3/27/25,0.1,27.1
DEG_VIL,-76.1717,42.6954,1234,3/28/25,0.03,33.2
DEG_VIL,-76.1717,42.6954,1234,3/29/25,0.12,44.9
DEG_VIL,-76.1717,42.6954,1234,3/30/25,0.31,44.3
DEG_VIL,-76.1717,42.6954,1234,3/31/25,0.08,54.7
DEG_VIL,-76.1717,42.6954,1234,4/1/25,0.01,49.3
DEG_VIL,-76.1717,42.6954,1234,4/2/25,0,30.9
DEG_VIL,-76.1717,42.6954,1234,4/3/25,0.55,38.8
DEG_VIL,-76.1717,42.6954,1234,4/4/25,0,55.6
DEG_VIL,-76.1717,42.6954,1234,4/5/25,0.04,43.4
DEG_VIL,-76.1717,42.6954,1234,4/6/25,0.5,43.4
DEG_VIL,-76.1717,42.6954,1234,4/7/25,0,36.5
DEG_VIL,-76.1717,42.6954,1234,4/8/25,0.08,33.8
DEG_VIL,-76.1717,42.6954,1234,4/9/25,0.14,21.9
DEG_VIL,-76.1717,42.6954,1234,4/10/25,0,30.8
DEG_VIL,-76.1717,42.6954,1234,4/11/25,0.27,35.7
DEG_VIL,-76.1717,42.6954,1234,4/12/25,0.16,39
DEG_VIL,-76.1717,42.6954,1234,4/13/25,0.15,38.6
DEG_VIL,-76.1717,42.6954,1234,4/14/25,0,42.1
DEG_VIL,-76.1717,42.6954,1234,4/15/25,0.2,48
DEG_VIL,-76.1717,42.6954,1234,4/16/25,0.25,42.7
DEG_VIL,-76.1717,42.6954,1234,4/17/25,0.12,32.7
DEG_VIL,-76.1717,42.6954,1234,4/18/25,0,39.5
DEG_VIL,-76.1717,42.6954,1234,4/19/25,0,54.4
DEG_VIL,-76.1717,42.6954,1234,4/20/25,0.39,56
DEG_VIL,-76.1717,42.6954,1234,4/21/25,0,40
DEG_VIL,-76.1717,42.6954,1234,4/22/25,0.22,53.2
DEG_VIL,-76.1717,42.6954,1234,4/23/25,0,47.5
DEG_VIL,-76.1717,42.6954,1234,4/24/25,0.03,53.1
DEG_VIL,-76.1717,42.6954,1234,4/25/25,0.02,63.5
DEG_VIL,-76.1717,42.6954,1234,4/26/25,0.44,65.6
DEG_VIL,-76.1717,42.6954,1234,4/27/25,0.34,50.9
DEG_VIL,-76.1717,42.6954,1234,4/28/25,0.02,44.8
DEG_VIL,-76.1717,42.6954,1234,4/29/25,0,57
DEG_VIL,-76.1717,42.6954,1234,4/30/25,0.95,60.5
DEG_VIL,-76.1717,42.6954,1234,5/1/25,0,45
DEG_VIL,-76.1717,42.6954,1234,5/2/25,0.22,61
DEG_VIL,-76.1717,42.6954,1234,5/3/25,0.34,61.5
DEG_VIL,-76.1717,42.6954,1234,5/4/25,0.37,50.5
DEG_VIL,-76.1717,42.6954,1234,5/5/25,0.23,54.4
DEG_VIL,-76.1717,42.6954,1234,5/6/25,0.31,61.8
DEG_VIL,-76.1717,42.6954,1234,5/7/25,1.55,59.9
DEG_VIL,-76.1717,42.6954,1234,5/8/25,0.21,54.8
DEG_VIL,-76.1717,42.6954,1234,5/9/25,0.03,44.9
DEG_VIL,-76.1717,42.6954,1234,5/10/25,0.49,43.2
DEG_VIL,-76.1717,42.6954,1234,5/11/25,0,52.4
DEG_VIL,-76.1717,42.6954,1234,5/12/25,0,48
DEG_VIL,-76.1717,42.6954,1234,5/13/25,0,65.9
DEG_VIL,-76.1717,42.6954,1234,5/14/25,0.17,65
DEG_VIL,-76.1717,42.6954,1234,5/15/25,0.07,61.6
DEG_VIL,-76.1717,42.6954,1234,5/16/25,0.03,64.6
DEG_VIL,-76.1717,42.6954,1234,5/17/25,0.31,69.7
DEG_VIL,-76.1717,42.6954,1234,5/18/25,0.35,64.6
DEG_VIL,-76.1717,42.6954,1234,5/19/25,0.12,49
DEG_VIL,-76.1717,42.6954,1234,5/20/25,0,43.4
DEG_VIL,-76.1717,42.6954,1234,5/21/25,0,45.3
DEG_VIL,-76.1717,42.6954,1234,5/22/25,0.51,47.7
DEG_VIL,-76.1717,42.6954,1234,5/23/25,0.19,46.9
DEG_VIL,-76.1717,42.6954,1234,5/24/25,0.4,47.1
DEG_VIL,-76.1717,42.6954,1234,5/25/25,0.32,49
DEG_VIL,-76.1717,42.6954,1234,5/26/25,0,49.3
DEG_VIL,-76.1717,42.6954,1234,5/27/25,0,53.6
DEG_VIL,-76.1717,42.6954,1234,5/28/25,0,57.9
DEG_VIL,-76.1717,42.6954,1234,5/29/25,0.62,58.7
DEG_VIL,-76.1717,42.6954,1234,5/30/25,0.03,59
DEG_VIL,-76.1717,42.6954,1234,5/31/25,0.09,62.3
DEG_VIL,-76.1717,42.6954,1234,6/1/25,0.25,48
DEG_VIL,-76.1717,42.6954,1234,6/2/25,0.17,48.2
DEG_VIL,-76.1717,42.6954,1234,6/3/25,0,53.5
DEG_VIL,-76.1717,42.6954,1234,6/4/25,0,64.2
DEG_VIL,-76.1717,42.6954,1234,6/5/25,0,73.7
DEG_VIL,-76.1717,42.6954,1234,6/6/25,0.6,72.9
DEG_VIL,-76.1717,42.6954,1234,6/7/25,1.76,66.6
DEG_VIL,-76.1717,42.6954,1234,6/8/25,0,62.4
DEG_VIL,-76.1717,42.6954,1234,6/9/25,0.24,66.3
DEG_VIL,-76.1717,42.6954,1234,6/10/25,1.05,68.4
DEG_VIL,-76.1717,42.6954,1234,6/11/25,0.11,61.2
DEG_VIL,-76.1717,42.6954,1234,6/12/25,0,67.9
DEG_VIL,-76.1717,42.6954,1234,6/13/25,0,61
DEG_VIL,-76.1717,42.6954,1234,6/14/25,0.61,63.5
DEG_VIL,-76.1717,42.6954,1234,6/15/25,0,60.5
DEG_VIL,-76.1717,42.6954,1234,6/16/25,0,64.7
DEG_VIL,-76.1717,42.6954,1234,6/17/25,0,64.5
DEG_VIL,-76.1717,42.6954,1234,6/18/25,0,68.7
DEG_VIL,-76.1717,42.6954,1234,6/19/25,0.08,73.7
DEG_VIL,-76.1717,42.6954,1234,6/20/25,0.29,70.4
DEG_VIL,-76.1717,42.6954,1234,6/21/25,0.04,65.2
DEG_VIL,-76.1717,42.6954,1234,6/22/25,0.82,74
DEG_VIL,-76.1717,42.6954,1234,6/23/25,0.45,76.3
DEG_VIL,-76.1717,42.6954,1234,6/24/25,0,79
DEG_VIL,-76.1717,42.6954,1234,6/25/25,0,80.5
DEG_VIL,-76.1717,42.6954,1234,6/26/25,0,74.6
DEG_VIL,-76.1717,42.6954,1234,6/27/25,0.48,64.2
DEG_VIL,-76.1717,42.6954,1234,6/28/25,0,62.8
DEG_VIL,-76.1717,42.6954,1234,6/29/25,0.29,70.2
DEG_VIL,-76.1717,42.6954,1234,6/30/25,0,66.7
,,,,,,
HUN_REE,-76.0152,43.8987,433,1/1/25,0.52,41
HUN_REE,-76.0152,43.8987,433,1/2/25,0.21,32.9
HUN_REE,-76.0152,43.8987,433,1/3/25,0,30.9
HUN_REE,-76.0152,43.8987,433,1/4/25,0,22
HUN_REE,-76.0152,43.8987,433,1/5/25,0.04,21.3
HUN_REE,-76.0152,43.8987,433,1/6/25,0.03,15.7
HUN_REE,-76.0152,43.8987,433,1/7/25,0,11.1
HUN_REE,-76.0152,43.8987,433,1/8/25,0,18.4
HUN_REE,-76.0152,43.8987,433,1/9/25,0,14.4
HUN_REE,-76.0152,43.8987,433,1/10/25,0,16.6
HUN_REE,-76.0152,43.8987,433,1/11/25,0.02,16.6
HUN_REE,-76.0152,43.8987,433,1/12/25,0,23.5
HUN_REE,-76.0152,43.8987,433,1/13/25,0,29
HUN_REE,-76.0152,43.8987,433,1/14/25,0.15,28
HUN_REE,-76.0152,43.8987,433,1/15/25,0,19.9
HUN_REE,-76.0152,43.8987,433,1/16/25,0.1,20.2
HUN_REE,-76.0152,43.8987,433,1/17/25,0.03,22.4
HUN_REE,-76.0152,43.8987,433,1/18/25,0,31.8
HUN_REE,-76.0152,43.8987,433,1/19/25,0.34,26
HUN_REE,-76.0152,43.8987,433,1/20/25,0,10.4
HUN_REE,-76.0152,43.8987,433,1/21/25,0.64,9.1
HUN_REE,-76.0152,43.8987,433,1/22/25,0.7,4.4
HUN_REE,-76.0152,43.8987,433,1/23/25,0,5.4
HUN_REE,-76.0152,43.8987,433,1/24/25,0.16,18.6
HUN_REE,-76.0152,43.8987,433,1/25/25,0,14
HUN_REE,-76.0152,43.8987,433,1/26/25,0.1,23
HUN_REE,-76.0152,43.8987,433,1/27/25,0.14,28.1
HUN_REE,-76.0152,43.8987,433,1/28/25,0.12,23.6
HUN_REE,-76.0152,43.8987,433,1/29/25,0.2,22
HUN_REE,-76.0152,43.8987,433,1/30/25,0.13,16.4
HUN_REE,-76.0152,43.8987,433,1/31/25,0,17.4
HUN_REE,-76.0152,43.8987,433,2/1/25,0.2,19.7
HUN_REE,-76.0152,43.8987,433,2/2/25,0,0.7
HUN_REE,-76.0152,43.8987,433,2/3/25,0.03,14
HUN_REE,-76.0152,43.8987,433,2/4/25,0.36,29.8
HUN_REE,-76.0152,43.8987,433,2/5/25,0,9.1
HUN_REE,-76.0152,43.8987,433,2/6/25,0,7.2
HUN_REE,-76.0152,43.8987,433,2/7/25,0.1,27.5
HUN_REE,-76.0152,43.8987,433,2/8/25,0,22.6
HUN_REE,-76.0152,43.8987,433,2/9/25,0.21,22.1
HUN_REE,-76.0152,43.8987,433,2/10/25,0.02,22
HUN_REE,-76.0152,43.8987,433,2/11/25,0.1,18.6
HUN_REE,-76.0152,43.8987,433,2/12/25,0.05,18.1
HUN_REE,-76.0152,43.8987,433,2/13/25,0.28,18.5
HUN_REE,-76.0152,43.8987,433,2/14/25,0.31,24.7
HUN_REE,-76.0152,43.8987,433,2/15/25,0,17.2
HUN_REE,-76.0152,43.8987,433,2/16/25,0.08,22.5
HUN_REE,-76.0152,43.8987,433,2/17/25,0.78,15.5
HUN_REE,-76.0152,43.8987,433,2/18/25,0,13
HUN_REE,-76.0152,43.8987,433,2/19/25,0,5.5
HUN_REE,-76.0152,43.8987,433,2/20/25,0,3
HUN_REE,-76.0152,43.8987,433,2/21/25,0,6.6
HUN_REE,-76.0152,43.8987,433,2/22/25,0,8.3
HUN_REE,-76.0152,43.8987,433,2/23/25,0.09,22.2
HUN_REE,-76.0152,43.8987,433,2/24/25,0.03,29.4
HUN_REE,-76.0152,43.8987,433,2/25/25,0,38
HUN_REE,-76.0152,43.8987,433,2/26/25,0.26,37.4
HUN_REE,-76.0152,43.8987,433,2/27/25,0.05,31.9
HUN_REE,-76.0152,43.8987,433,2/28/25,0.15,30.2
HUN_REE,-76.0152,43.8987,433,3/1/25,0.12,30.4
HUN_REE,-76.0152,43.8987,433,3/2/25,0.02,17
HUN_REE,-76.0152,43.8987,433,3/3/25,0,5.3
HUN_REE,-76.0152,43.8987,433,3/4/25,0,18.5
HUN_REE,-76.0152,43.8987,433,3/5/25,0,38.8
HUN_REE,-76.0152,43.8987,433,3/6/25,0.68,44.2
HUN_REE,-76.0152,43.8987,433,3/7/25,0.04,30.2
HUN_REE,-76.0152,43.8987,433,3/8/25,0.03,27.5
HUN_REE,-76.0152,43.8987,433,3/9/25,0,25.5
HUN_REE,-76.0152,43.8987,433,3/10/25,0,34.2
HUN_REE,-76.0152,43.8987,433,3/11/25,0,40.7
HUN_REE,-76.0152,43.8987,433,3/12/25,0,40
HUN_REE,-76.0152,43.8987,433,3/13/25,0,26.7
HUN_REE,-76.0152,43.8987,433,3/14/25,0,39.1
HUN_REE,-76.0152,43.8987,433,3/15/25,0,45.6
HUN_REE,-76.0152,43.8987,433,3/16/25,0.03,58.6
HUN_REE,-76.0152,43.8987,433,3/17/25,0.63,48.4
HUN_REE,-76.0152,43.8987,433,3/18/25,0,28.5
HUN_REE,-76.0152,43.8987,433,3/19/25,0,42.4
HUN_REE,-76.0152,43.8987,433,3/20/25,0,62.4
HUN_REE,-76.0152,43.8987,433,3/21/25,0.11,45.8
HUN_REE,-76.0152,43.8987,433,3/22/25,0,34.7
HUN_REE,-76.0152,43.8987,433,3/23/25,0.04,32.6
HUN_REE,-76.0152,43.8987,433,3/24/25,0.04,28.4
HUN_REE,-76.0152,43.8987,433,3/25/25,0.06,42.1
HUN_REE,-76.0152,43.8987,433,3/26/25,0.08,34.8
HUN_REE,-76.0152,43.8987,433,3/27/25,0,29.5
HUN_REE,-76.0152,43.8987,433,3/28/25,0,35.2
HUN_REE,-76.0152,43.8987,433,3/29/25,0.31,35.7
HUN_REE,-76.0152,43.8987,433,3/30/25,0.54,31.2
HUN_REE,-76.0152,43.8987,433,3/31/25,0.16,46.8
HUN_REE,-76.0152,43.8987,433,4/1/25,0.23,46.2
HUN_REE,-76.0152,43.8987,433,4/2/25,0,31.6
HUN_REE,-76.0152,43.8987,433,4/3/25,0.53,37.2
HUN_REE,-76.0152,43.8987,433,4/4/25,0,51.7
HUN_REE,-76.0152,43.8987,433,4/5/25,0,40.8
HUN_REE,-76.0152,43.8987,433,4/6/25,0.19,44.9
HUN_REE,-76.0152,43.8987,433,4/7/25,0,36.5
HUN_REE,-76.0152,43.8987,433,4/8/25,0.15,35.8
HUN_REE,-76.0152,43.8987,433,4/9/25,0.15,23.7
HUN_REE,-76.0152,43.8987,433,4/10/25,0,29.1
HUN_REE,-76.0152,43.8987,433,4/11/25,0.19,37.7
HUN_REE,-76.0152,43.8987,433,4/12/25,0.09,40.4
HUN_REE,-76.0152,43.8987,433,4/13/25,0,39.8
HUN_REE,-76.0152,43.8987,433,4/14/25,0,44.6
HUN_REE,-76.0152,43.8987,433,4/15/25,0,52.9
HUN_REE,-76.0152,43.8987,433,4/16/25,0.11,42.6
HUN_REE,-76.0152,43.8987,433,4/17/25,0,36.1
HUN_REE,-76.0152,43.8987,433,4/18/25,0,38.7
HUN_REE,-76.0152,43.8987,433,4/19/25,0.07,57.8
HUN_REE,-76.0152,43.8987,433,4/20/25,0.4,52.5
HUN_REE,-76.0152,43.8987,433,4/21/25,0,39
HUN_REE,-76.0152,43.8987,433,4/22/25,0.22,50.1
HUN_REE,-76.0152,43.8987,433,4/23/25,0,42.4
HUN_REE,-76.0152,43.8987,433,4/24/25,0,49.5
HUN_REE,-76.0152,43.8987,433,4/25/25,0.05,57
HUN_REE,-76.0152,43.8987,433,4/26/25,0.4,58.7
HUN_REE,-76.0152,43.8987,433,4/27/25,0.35,48.7
HUN_REE,-76.0152,43.8987,433,4/28/25,0,47.8
HUN_REE,-76.0152,43.8987,433,4/29/25,0,56.7
HUN_REE,-76.0152,43.8987,433,4/30/25,0.02,59.9
HUN_REE,-76.0152,43.8987,433,5/1/25,0,42.4
HUN_REE,-76.0152,43.8987,433,5/2/25,0.2,60.4
HUN_REE,-76.0152,43.8987,433,5/3/25,0.04,57.2
HUN_REE,-76.0152,43.8987,433,5/4/25,0.19,49.9
HUN_REE,-76.0152,43.8987,433,5/5/25,0.02,56
HUN_REE,-76.0152,43.8987,433,5/6/25,0.36,61.9
HUN_REE,-76.0152,43.8987,433,5/7/25,0.86,59
HUN_REE,-76.0152,43.8987,433,5/8/25,0,50
HUN_REE,-76.0152,43.8987,433,5/9/25,0,44.5
HUN_REE,-76.0152,43.8987,433,5/10/25,0.23,45.3
HUN_REE,-76.0152,43.8987,433,5/11/25,0,50.3
HUN_REE,-76.0152,43.8987,433,5/12/25,0,47.9
HUN_REE,-76.0152,43.8987,433,5/13/25,0,64
HUN_REE,-76.0152,43.8987,433,5/14/25,0.04,72.6
HUN_REE,-76.0152,43.8987,433,5/15/25,0.04,67.6
HUN_REE,-76.0152,43.8987,433,5/16/25,0,66.1
HUN_REE,-76.0152,43.8987,433,5/17/25,0.18,68.4
HUN_REE,-76.0152,43.8987,433,5/18/25,0.66,61
HUN_REE,-76.0152,43.8987,433,5/19/25,0.24,47.9
HUN_REE,-76.0152,43.8987,433,5/20/25,0,44.8
HUN_REE,-76.0152,43.8987,433,5/21/25,0,48.3
HUN_REE,-76.0152,43.8987,433,5/22/25,0.17,51.8
HUN_REE,-76.0152,43.8987,433,5/23/25,0.44,48.2
HUN_REE,-76.0152,43.8987,433,5/24/25,0.51,47.3
HUN_REE,-76.0152,43.8987,433,5/25/25,0.04,49.5
HUN_REE,-76.0152,43.8987,433,5/26/25,0,51.4
HUN_REE,-76.0152,43.8987,433,5/27/25,0,54.7
HUN_REE,-76.0152,43.8987,433,5/28/25,0,59.8
HUN_REE,-76.0152,43.8987,433,5/29/25,0.17,64.8
HUN_REE,-76.0152,43.8987,433,5/30/25,0.04,58.5
HUN_REE,-76.0152,43.8987,433,5/31/25,0,60.9
HUN_REE,-76.0152,43.8987,433,6/1/25,0.49,50.6
HUN_REE,-76.0152,43.8987,433,6/2/25,0,51
HUN_REE,-76.0152,43.8987,433,6/3/25,0,55.1
HUN_REE,-76.0152,43.8987,433,6/4/25,0,69.1
HUN_REE,-76.0152,43.8987,433,6/5/25,0,74.8
HUN_REE,-76.0152,43.8987,433,6/6/25,0.03,67.5
HUN_REE,-76.0152,43.8987,433,6/7/25,0.07,66.9
HUN_REE,-76.0152,43.8987,433,6/8/25,0,65
HUN_REE,-76.0152,43.8987,433,6/9/25,0.03,69.1
HUN_REE,-76.0152,43.8987,433,6/10/25,1.95,68.5
HUN_REE,-76.0152,43.8987,433,6/11/25,0,62.7
HUN_REE,-76.0152,43.8987,433,6/12/25,0,65.6
HUN_REE,-76.0152,43.8987,433,6/13/25,0,58.6
HUN_REE,-76.0152,43.8987,433,6/14/25,0,58
HUN_REE,-76.0152,43.8987,433,6/15/25,0,65.3
HUN_REE,-76.0152,43.8987,433,6/16/25,0,65.7
HUN_REE,-76.0152,43.8987,433,6/17/25,0,71.5
HUN_REE,-76.0152,43.8987,433,6/18/25,0,72.3
HUN_REE,-76.0152,43.8987,433,6/19/25,0,74.5
HUN_REE,-76.0152,43.8987,433,6/20/25,0.26,70.2
HUN_REE,-76.0152,43.8987,433,6/21/25,0,62
HUN_REE,-76.0152,43.8987,433,6/22/25,1.75,73.7
HUN_REE,-76.0152,43.8987,433,6/23/25,0,76.8
HUN_REE,-76.0152,43.8987,433,6/24/25,0,80.5
HUN_REE,-76.0152,43.8987,433,6/25/25,0,78.7
HUN_REE,-76.0152,43.8987,433,6/26/25,0,71.9
HUN_REE,-76.0152,43.8987,433,6/27/25,0.04,65.7
HUN_REE,-76.0152,43.8987,433,6/28/25,0.03,68.4
HUN_REE,-76.0152,43.8987,433,6/29/25,0,70.3
HUN_REE,-76.0152,43.8987,433,6/30/25,0,64.6
,,,,,,
KIK_HAR,-77.9698,42.9339,925,1/1/25,0.04,39.7
KIK_HAR,-77.9698,42.9339,925,1/2/25,0.05,33.9
KIK_HAR,-77.9698,42.9339,925,1/3/25,0,27.6
KIK_HAR,-77.9698,42.9339,925,1/4/25,0.02,24.7
KIK_HAR,-77.9698,42.9339,925,1/5/25,0,21.7
KIK_HAR,-77.9698,42.9339,925,1/6/25,0,22.3
KIK_HAR,-77.9698,42.9339,925,1/7/25,0,16.3
KIK_HAR,-77.9698,42.9339,925,1/8/25,0.07,17.8
KIK_HAR,-77.9698,42.9339,925,1/9/25,0,14.1
KIK_HAR,-77.9698,42.9339,925,1/10/25,0,15.9
KIK_HAR,-77.9698,42.9339,925,1/11/25,0.06,19.5
KIK_HAR,-77.9698,42.9339,925,1/12/25,0,23.4
KIK_HAR,-77.9698,42.9339,925,1/13/25,0,28.9
KIK_HAR,-77.9698,42.9339,925,1/14/25,0.24,24.1
KIK_HAR,-77.9698,42.9339,925,1/15/25,0,17
KIK_HAR,-77.9698,42.9339,925,1/16/25,0.01,19.1
KIK_HAR,-77.9698,42.9339,925,1/17/25,0.07,23.4
KIK_HAR,-77.9698,42.9339,925,1/18/25,0,32.7
KIK_HAR,-77.9698,42.9339,925,1/19/25,0.11,27.9
KIK_HAR,-77.9698,42.9339,925,1/20/25,0,15.3
KIK_HAR,-77.9698,42.9339,925,1/21/25,0,7.1
KIK_HAR,-77.9698,42.9339,925,1/22/25,0.06,3.9
KIK_HAR,-77.9698,42.9339,925,1/23/25,0,5.4
KIK_HAR,-77.9698,42.9339,925,1/24/25,0,20.2
KIK_HAR,-77.9698,42.9339,925,1/25/25,0,16.8
KIK_HAR,-77.9698,42.9339,925,1/26/25,0,21.7
KIK_HAR,-77.9698,42.9339,925,1/27/25,0,26.2
KIK_HAR,-77.9698,42.9339,925,1/28/25,0.04,25.9
KIK_HAR,-77.9698,42.9339,925,1/29/25,0.09,26.1
KIK_HAR,-77.9698,42.9339,925,1/30/25,0.12,25.3
KIK_HAR,-77.9698,42.9339,925,1/31/25,0,27.1
KIK_HAR,-77.9698,42.9339,925,2/1/25,0.53,24.5
KIK_HAR,-77.9698,42.9339,925,2/2/25,0,7.2
KIK_HAR,-77.9698,42.9339,925,2/3/25,0.07,21
KIK_HAR,-77.9698,42.9339,925,2/4/25,0.11,34.1
KIK_HAR,-77.9698,42.9339,925,2/5/25,0.05,22.8
KIK_HAR,-77.9698,42.9339,925,2/6/25,0.13,21
KIK_HAR,-77.9698,42.9339,925,2/7/25,0.07,28.1
KIK_HAR,-77.9698,42.9339,925,2/8/25,0,19.2
KIK_HAR,-77.9698,42.9339,925,2/9/25,0.19,22.9
KIK_HAR,-77.9698,42.9339,925,2/10/25,0,23.3
KIK_HAR,-77.9698,42.9339,925,2/11/25,0.02,19
KIK_HAR,-77.9698,42.9339,925,2/12/25,0,21.7
KIK_HAR,-77.9698,42.9339,925,2/13/25,0.13,28.8
KIK_HAR,-77.9698,42.9339,925,2/14/25,0.02,28.3
KIK_HAR,-77.9698,42.9339,925,2/15/25,0,20
KIK_HAR,-77.9698,42.9339,925,2/16/25,0.33,25.3
KIK_HAR,-77.9698,42.9339,925,2/17/25,0.27,23.1
KIK_HAR,-77.9698,42.9339,925,2/18/25,0,12.5
KIK_HAR,-77.9698,42.9339,925,2/19/25,0,12.1
KIK_HAR,-77.9698,42.9339,925,2/20/25,0,15.6
KIK_HAR,-77.9698,42.9339,925,2/21/25,0.17,15
KIK_HAR,-77.9698,42.9339,925,2/22/25,0,16.7
KIK_HAR,-77.9698,42.9339,925,2/23/25,0,26.9
KIK_HAR,-77.9698,42.9339,925,2/24/25,0,29.8
KIK_HAR,-77.9698,42.9339,925,2/25/25,0,40.6
KIK_HAR,-77.9698,42.9339,925,2/26/25,0.04,38.2
KIK_HAR,-77.9698,42.9339,925,2/27/25,0.02,36.8
KIK_HAR,-77.9698,42.9339,925,2/28/25,0.05,33.9
KIK_HAR,-77.9698,42.9339,925,3/1/25,0.07,35.2
KIK_HAR,-77.9698,42.9339,925,3/2/25,0,17.5
KIK_HAR,-77.9698,42.9339,925,3/3/25,0,13.3
KIK_HAR,-77.9698,42.9339,925,3/4/25,0.01,26.6
KIK_HAR,-77.9698,42.9339,925,3/5/25,0.02,46.2
KIK_HAR,-77.9698,42.9339,925,3/6/25,0.28,45.1
KIK_HAR,-77.9698,42.9339,925,3/7/25,0.02,29.5
KIK_HAR,-77.9698,42.9339,925,3/8/25,0.02,29.3
KIK_HAR,-77.9698,42.9339,925,3/9/25,0,27.8
KIK_HAR,-77.9698,42.9339,925,3/10/25,0,38.8
KIK_HAR,-77.9698,42.9339,925,3/11/25,0,47.9
KIK_HAR,-77.9698,42.9339,925,3/12/25,0,41.9
KIK_HAR,-77.9698,42.9339,925,3/13/25,0,29.8
KIK_HAR,-77.9698,42.9339,925,3/14/25,0,42.5
KIK_HAR,-77.9698,42.9339,925,3/15/25,0,50.7
KIK_HAR,-77.9698,42.9339,925,3/16/25,0,55.1
KIK_HAR,-77.9698,42.9339,925,3/17/25,0.49,50.2
KIK_HAR,-77.9698,42.9339,925,3/18/25,0,30.7
KIK_HAR,-77.9698,42.9339,925,3/19/25,0,47
KIK_HAR,-77.9698,42.9339,925,3/20/25,0,62.2
KIK_HAR,-77.9698,42.9339,925,3/21/25,0.25,41.9
KIK_HAR,-77.9698,42.9339,925,3/22/25,0,35.7
KIK_HAR,-77.9698,42.9339,925,3/23/25,0.04,35.8
KIK_HAR,-77.9698,42.9339,925,3/24/25,0.02,33.4
KIK_HAR,-77.9698,42.9339,925,3/25/25,0,42.1
KIK_HAR,-77.9698,42.9339,925,3/26/25,0,32
KIK_HAR,-77.9698,42.9339,925,3/27/25,0.04,28.2
KIK_HAR,-77.9698,42.9339,925,3/28/25,0,36.9
KIK_HAR,-77.9698,42.9339,925,3/29/25,0.13,44
KIK_HAR,-77.9698,42.9339,925,3/30/25,0.17,35.8
KIK_HAR,-77.9698,42.9339,925,3/31/25,0.13,52
KIK_HAR,-77.9698,42.9339,925,4/1/25,0,45.5
KIK_HAR,-77.9698,42.9339,925,4/2/25,0,32.7
KIK_HAR,-77.9698,42.9339,925,4/3/25,0.76,41.8
KIK_HAR,-77.9698,42.9339,925,4/4/25,0,52.4
KIK_HAR,-77.9698,42.9339,925,4/5/25,0.03,45.3
KIK_HAR,-77.9698,42.9339,925,4/6/25,0.15,48.4
KIK_HAR,-77.9698,42.9339,925,4/7/25,0,35.3
KIK_HAR,-77.9698,42.9339,925,4/8/25,0.03,35.7
KIK_HAR,-77.9698,42.9339,925,4/9/25,0.01,25.7
KIK_HAR,-77.9698,42.9339,925,4/10/25,0,32
KIK_HAR,-77.9698,42.9339,925,4/11/25,0.26,35.5
KIK_HAR,-77.9698,42.9339,925,4/12/25,0.01,39
KIK_HAR,-77.9698,42.9339,925,4/13/25,0,38.7
KIK_HAR,-77.9698,42.9339,925,4/14/25,0,46.8
KIK_HAR,-77.9698,42.9339,925,4/15/25,0,53.9
KIK_HAR,-77.9698,42.9339,925,4/16/25,0.06,42
KIK_HAR,-77.9698,42.9339,925,4/17/25,0.03,34.4
KIK_HAR,-77.9698,42.9339,925,4/18/25,0,43.5
KIK_HAR,-77.9698,42.9339,925,4/19/25,0.08,60.1
KIK_HAR,-77.9698,42.9339,925,4/20/25,0.36,54.1
KIK_HAR,-77.9698,42.9339,925,4/21/25,0,45.3
KIK_HAR,-77.9698,42.9339,925,4/22/25,0.3,56.3
KIK_HAR,-77.9698,42.9339,925,4/23/25,0,46.3
KIK_HAR,-77.9698,42.9339,925,4/24/25,0,55.7
KIK_HAR,-77.9698,42.9339,925,4/25/25,0,65.4
KIK_HAR,-77.9698,42.9339,925,4/26/25,0.16,59.7
KIK_HAR,-77.9698,42.9339,925,4/27/25,0.03,49.6
KIK_HAR,-77.9698,42.9339,925,4/28/25,0,49
KIK_HAR,-77.9698,42.9339,925,4/29/25,0,59.5
KIK_HAR,-77.9698,42.9339,925,4/30/25,0.2,60.1
KIK_HAR,-77.9698,42.9339,925,5/1/25,0,47.2
KIK_HAR,-77.9698,42.9339,925,5/2/25,0.78,61.9
KIK_HAR,-77.9698,42.9339,925,5/3/25,0.25,57
KIK_HAR,-77.9698,42.9339,925,5/4/25,0.2,45.4
KIK_HAR,-77.9698,42.9339,925,5/5/25,0.03,50.3
KIK_HAR,-77.9698,42.9339,925,5/6/25,0.67,59.6
KIK_HAR,-77.9698,42.9339,925,5/7/25,0.34,60
KIK_HAR,-77.9698,42.9339,925,5/8/25,0,54.1
KIK_HAR,-77.9698,42.9339,925,5/9/25,0,42.4
KIK_HAR,-77.9698,42.9339,925,5/10/25,0,47.9
KIK_HAR,-77.9698,42.9339,925,5/11/25,0,55.1
KIK_HAR,-77.9698,42.9339,925,5/12/25,0,51.8
KIK_HAR,-77.9698,42.9339,925,5/13/25,0,68.6
KIK_HAR,-77.9698,42.9339,925,5/14/25,0.11,65.9
KIK_HAR,-77.9698,42.9339,925,5/15/25,0,62.9
KIK_HAR,-77.9698,42.9339,925,5/16/25,0.17,67.7
KIK_HAR,-77.9698,42.9339,925,5/17/25,0,69.4
KIK_HAR,-77.9698,42.9339,925,5/18/25,0.28,63.4
KIK_HAR,-77.9698,42.9339,925,5/19/25,0,50.4
KIK_HAR,-77.9698,42.9339,925,5/20/25,0,46.9
KIK_HAR,-77.9698,42.9339,925,5/21/25,0,49.9
KIK_HAR,-77.9698,42.9339,925,5/22/25,0.88,49.1
KIK_HAR,-77.9698,42.9339,925,5/23/25,0.36,50.9
KIK_HAR,-77.9698,42.9339,925,5/24/25,0.02,47.7
KIK_HAR,-77.9698,42.9339,925,5/25/25,0.11,50.1
KIK_HAR,-77.9698,42.9339,925,5/26/25,0.12,51.7
KIK_HAR,-77.9698,42.9339,925,5/27/25,0,57.4
KIK_HAR,-77.9698,42.9339,925,5/28/25,0,59.6
KIK_HAR,-77.9698,42.9339,925,5/29/25,0.58,57.1
KIK_HAR,-77.9698,42.9339,925,5/30/25,0,60.9
KIK_HAR,-77.9698,42.9339,925,5/31/25,0.19,60.6
KIK_HAR,-77.9698,42.9339,925,6/1/25,0.03,47.8
KIK_HAR,-77.9698,42.9339,925,6/2/25,0.01,51.2
KIK_HAR,-77.9698,42.9339,925,6/3/25,0,59.8
KIK_HAR,-77.9698,42.9339,925,6/4/25,0,69.8
KIK_HAR,-77.9698,42.9339,925,6/5/25,0,73.9
KIK_HAR,-77.9698,42.9339,925,6/6/25,0.2,70.3
KIK_HAR,-77.9698,42.9339,925,6/7/25,0.35,64.4
KIK_HAR,-77.9698,42.9339,925,6/8/25,0,64.6
KIK_HAR,-77.9698,42.9339,925,6/9/25,0.07,65.9
KIK_HAR,-77.9698,42.9339,925,6/10/25,0.55,68.4
KIK_HAR,-77.9698,42.9339,925,6/11/25,0,64.2
KIK_HAR,-77.9698,42.9339,925,6/12/25,0,69.9
KIK_HAR,-77.9698,42.9339,925,6/13/25,0,63.9
KIK_HAR,-77.9698,42.9339,925,6/14/25,0.04,62.3
KIK_HAR,-77.9698,42.9339,925,6/15/25,0,62.9
KIK_HAR,-77.9698,42.9339,925,6/16/25,0,64.5
KIK_HAR,-77.9698,42.9339,925,6/17/25,0,68.2
KIK_HAR,-77.9698,42.9339,925,6/18/25,0,73.5
KIK_HAR,-77.9698,42.9339,925,6/19/25,0.55,75.4
KIK_HAR,-77.9698,42.9339,925,6/20/25,0.08,69.4
KIK_HAR,-77.9698,42.9339,925,6/21/25,0,69.1
KIK_HAR,-77.9698,42.9339,925,6/22/25,0,76.4
KIK_HAR,-77.9698,42.9339,925,6/23/25,0,81.8
KIK_HAR,-77.9698,42.9339,925,6/24/25,0,84
KIK_HAR,-77.9698,42.9339,925,6/25/25,0,81.1
KIK_HAR,-77.9698,42.9339,925,6/26/25,0.32,73
KIK_HAR,-77.9698,42.9339,925,6/27/25,0.01,64.7
KIK_HAR,-77.9698,42.9339,925,6/28/25,2.19,74.7
KIK_HAR,-77.9698,42.9339,925,6/29/25,0,70.1
KIK_HAR,-77.9698,42.9339,925,6/30/25,0,71
,,,,,,
KIK_MBF,-77.9483,42.9577,876,1/1/25,0.04,39.9
KIK_MBF,-77.9483,42.9577,876,1/2/25,0.03,34.1
KIK_MBF,-77.9483,42.9577,876,1/3/25,0,28
KIK_MBF,-77.9483,42.9577,876,1/4/25,0.01,25
KIK_MBF,-77.9483,42.9577,876,1/5/25,0,22.1
KIK_MBF,-77.9483,42.9577,876,1/6/25,0,22.7
KIK_MBF,-77.9483,42.9577,876,1/7/25,0,16.5
KIK_MBF,-77.9483,42.9577,876,1/8/25,0.05,18.1
KIK_MBF,-77.9483,42.9577,876,1/9/25,0,14.6
KIK_MBF,-77.9483,42.9577,876,1/10/25,0,16.3
KIK_MBF,-77.9483,42.9577,876,1/11/25,0.03,19.8
KIK_MBF,-77.9483,42.9577,876,1/12/25,0,23.9
KIK_MBF,-77.9483,42.9577,876,1/13/25,0,29.2
KIK_MBF,-77.9483,42.9577,876,1/14/25,0.25,24.4
KIK_MBF,-77.9483,42.9577,876,1/15/25,0,17.5
KIK_MBF,-77.9483,42.9577,876,1/16/25,0,19.4
KIK_MBF,-77.9483,42.9577,876,1/17/25,0.09,23.8
KIK_MBF,-77.9483,42.9577,876,1/18/25,0,33.1
KIK_MBF,-77.9483,42.9577,876,1/19/25,0.12,28.3
KIK_MBF,-77.9483,42.9577,876,1/20/25,0.02,15.6
KIK_MBF,-77.9483,42.9577,876,1/21/25,0,7.6
KIK_MBF,-77.9483,42.9577,876,1/22/25,0.07,4.4
KIK_MBF,-77.9483,42.9577,876,1/23/25,0,5.9
KIK_MBF,-77.9483,42.9577,876,1/24/25,0,20.5
KIK_MBF,-77.9483,42.9577,876,1/25/25,0,17.3
KIK_MBF,-77.9483,42.9577,876,1/26/25,0,22.2
KIK_MBF,-77.9483,42.9577,876,1/27/25,0,26.5
KIK_MBF,-77.9483,42.9577,876,1/28/25,0.03,26
KIK_MBF,-77.9483,42.9577,876,1/29/25,0.06,26.2
KIK_MBF,-77.9483,42.9577,876,1/30/25,0.06,25.5
KIK_MBF,-77.9483,42.9577,876,1/31/25,0,27.4
KIK_MBF,-77.9483,42.9577,876,2/1/25,0.51,24.9
KIK_MBF,-77.9483,42.9577,876,2/2/25,0,7.5
KIK_MBF,-77.9483,42.9577,876,2/3/25,0.06,21.4
KIK_MBF,-77.9483,42.9577,876,2/4/25,0.12,34.2
KIK_MBF,-77.9483,42.9577,876,2/5/25,0.04,23.2
KIK_MBF,-77.9483,42.9577,876,2/6/25,0.13,21.2
KIK_MBF,-77.9483,42.9577,876,2/7/25,0.06,28.4
KIK_MBF,-77.9483,42.9577,876,2/8/25,0,19.5
KIK_MBF,-77.9483,42.9577,876,2/9/25,0.2,23.3
KIK_MBF,-77.9483,42.9577,876,2/10/25,0,23.5
KIK_MBF,-77.9483,42.9577,876,2/11/25,0.02,18.9
KIK_MBF,-77.9483,42.9577,876,2/12/25,0,21.7
KIK_MBF,-77.9483,42.9577,876,2/13/25,0.15,29.1
KIK_MBF,-77.9483,42.9577,876,2/14/25,0.02,28.5
KIK_MBF,-77.9483,42.9577,876,2/15/25,0,20.2
KIK_MBF,-77.9483,42.9577,876,2/16/25,0.35,25.5
KIK_MBF,-77.9483,42.9577,876,2/17/25,0.3,23.3
KIK_MBF,-77.9483,42.9577,876,2/18/25,0,12.9
KIK_MBF,-77.9483,42.9577,876,2/19/25,0,12.3
KIK_MBF,-77.9483,42.9577,876,2/20/25,0.01,16
KIK_MBF,-77.9483,42.9577,876,2/21/25,0.13,15.5
KIK_MBF,-77.9483,42.9577,876,2/22/25,0,16.9
KIK_MBF,-77.9483,42.9577,876,2/23/25,0,27.1
KIK_MBF,-77.9483,42.9577,876,2/24/25,0,30.1
KIK_MBF,-77.9483,42.9577,876,2/25/25,0,40.9
KIK_MBF,-77.9483,42.9577,876,2/26/25,0.06,38.4
KIK_MBF,-77.9483,42.9577,876,2/27/25,0.01,37.1
KIK_MBF,-77.9483,42.9577,876,2/28/25,0.04,34
KIK_MBF,-77.9483,42.9577,876,3/1/25,0.05,35.4
KIK_MBF,-77.9483,42.9577,876,3/2/25,0,17.7
KIK_MBF,-77.9483,42.9577,876,3/3/25,0,13.7
KIK_MBF,-77.9483,42.9577,876,3/4/25,0.01,26.8
KIK_MBF,-77.9483,42.9577,876,3/5/25,0.02,46.2
KIK_MBF,-77.9483,42.9577,876,3/6/25,0.29,45.4
KIK_MBF,-77.9483,42.9577,876,3/7/25,0.02,29.8
KIK_MBF,-77.9483,42.9577,876,3/8/25,0.03,29.6
KIK_MBF,-77.9483,42.9577,876,3/9/25,0,28.2
KIK_MBF,-77.9483,42.9577,876,3/10/25,0,39
KIK_MBF,-77.9483,42.9577,876,3/11/25,0,48.2
KIK_MBF,-77.9483,42.9577,876,3/12/25,0,42.2
KIK_MBF,-77.9483,42.9577,876,3/13/25,0,30.1
KIK_MBF,-77.9483,42.9577,876,3/14/25,0,42.4
KIK_MBF,-77.9483,42.9577,876,3/15/25,0,50.3
KIK_MBF,-77.9483,42.9577,876,3/16/25,0,55.4
KIK_MBF,-77.9483,42.9577,876,3/17/25,0.47,50.5
KIK_MBF,-77.9483,42.9577,876,3/18/25,0,31.2
KIK_MBF,-77.9483,42.9577,876,3/19/25,0,47.2
KIK_MBF,-77.9483,42.9577,876,3/20/25,0,62.4
KIK_MBF,-77.9483,42.9577,876,3/21/25,0.24,42.1
KIK_MBF,-77.9483,42.9577,876,3/22/25,0,36.1
KIK_MBF,-77.9483,42.9577,876,3/23/25,0.04,36.2
KIK_MBF,-77.9483,42.9577,876,3/24/25,0.02,33.9
KIK_MBF,-77.9483,42.9577,876,3/25/25,0,42.2
KIK_MBF,-77.9483,42.9577,876,3/26/25,0,32.5
KIK_MBF,-77.9483,42.9577,876,3/27/25,0.02,28.5
KIK_MBF,-77.9483,42.9577,876,3/28/25,0,37.1
KIK_MBF,-77.9483,42.9577,876,3/29/25,0.12,43.8
KIK_MBF,-77.9483,42.9577,876,3/30/25,0.15,35.5
KIK_MBF,-77.9483,42.9577,876,3/31/25,0.14,51.7
KIK_MBF,-77.9483,42.9577,876,4/1/25,0,45.9
KIK_MBF,-77.9483,42.9577,876,4/2/25,0,32.9
KIK_MBF,-77.9483,42.9577,876,4/3/25,0.76,42.2
KIK_MBF,-77.9483,42.9577,876,4/4/25,0,52.7
KIK_MBF,-77.9483,42.9577,876,4/5/25,0.03,45.4
KIK_MBF,-77.9483,42.9577,876,4/6/25,0.15,48.7
KIK_MBF,-77.9483,42.9577,876,4/7/25,0,35.6
KIK_MBF,-77.9483,42.9577,876,4/8/25,0.02,36
KIK_MBF,-77.9483,42.9577,876,4/9/25,0,25.9
KIK_MBF,-77.9483,42.9577,876,4/10/25,0,32.1
KIK_MBF,-77.9483,42.9577,876,4/11/25,0.25,35.6
KIK_MBF,-77.9483,42.9577,876,4/12/25,0.02,39.1
KIK_MBF,-77.9483,42.9577,876,4/13/25,0,38.9
KIK_MBF,-77.9483,42.9577,876,4/14/25,0,47
KIK_MBF,-77.9483,42.9577,876,4/15/25,0,54
KIK_MBF,-77.9483,42.9577,876,4/16/25,0.05,42.3
KIK_MBF,-77.9483,42.9577,876,4/17/25,0.02,34.5
KIK_MBF,-77.9483,42.9577,876,4/18/25,0,43.5
KIK_MBF,-77.9483,42.9577,876,4/19/25,0.05,59.9
KIK_MBF,-77.9483,42.9577,876,4/20/25,0.23,54.2
KIK_MBF,-77.9483,42.9577,876,4/21/25,0,45.4
KIK_MBF,-77.9483,42.9577,876,4/22/25,0.23,56.2
KIK_MBF,-77.9483,42.9577,876,4/23/25,0,46.4
KIK_MBF,-77.9483,42.9577,876,4/24/25,0,55.8
KIK_MBF,-77.9483,42.9577,876,4/25/25,0,65.5
KIK_MBF,-77.9483,42.9577,876,4/26/25,0.09,59.5
KIK_MBF,-77.9483,42.9577,876,4/27/25,0.02,49.8
KIK_MBF,-77.9483,42.9577,876,4/28/25,0,49
KIK_MBF,-77.9483,42.9577,876,4/29/25,0,59.6
KIK_MBF,-77.9483,42.9577,876,4/30/25,0.14,60.2
KIK_MBF,-77.9483,42.9577,876,5/1/25,0,47.3
KIK_MBF,-77.9483,42.9577,876,5/2/25,0.8,61.6
KIK_MBF,-77.9483,42.9577,876,5/3/25,0.26,57.2
KIK_MBF,-77.9483,42.9577,876,5/4/25,0.2,45.4
KIK_MBF,-77.9483,42.9577,876,5/5/25,0.02,50.5
KIK_MBF,-77.9483,42.9577,876,5/6/25,0.6,59.3
KIK_MBF,-77.9483,42.9577,876,5/7/25,0.39,60.3
KIK_MBF,-77.9483,42.9577,876,5/8/25,0,54.3
KIK_MBF,-77.9483,42.9577,876,5/9/25,0,42.5
KIK_MBF,-77.9483,42.9577,876,5/10/25,0,48.1
KIK_MBF,-77.9483,42.9577,876,5/11/25,0,55.1
KIK_MBF,-77.9483,42.9577,876,5/12/25,0,51.6
KIK_MBF,-77.9483,42.9577,876,5/13/25,0,68.5
KIK_MBF,-77.9483,42.9577,876,5/14/25,0.1,66.1
KIK_MBF,-77.9483,42.9577,876,5/15/25,0,63.4
KIK_MBF,-77.9483,42.9577,876,5/16/25,0.12,67.8
KIK_MBF,-77.9483,42.9577,876,5/17/25,0,69.4
KIK_MBF,-77.9483,42.9577,876,5/18/25,0.26,63.5
KIK_MBF,-77.9483,42.9577,876,5/19/25,0,50.6
KIK_MBF,-77.9483,42.9577,876,5/20/25,0,47.1
KIK_MBF,-77.9483,42.9577,876,5/21/25,0,50.1
KIK_MBF,-77.9483,42.9577,876,5/22/25,0.97,49.5
KIK_MBF,-77.9483,42.9577,876,5/23/25,0.38,51.1
KIK_MBF,-77.9483,42.9577,876,5/24/25,0.03,47.9
KIK_MBF,-77.9483,42.9577,876,5/25/25,0.08,50.2
KIK_MBF,-77.9483,42.9577,876,5/26/25,0.17,51.9
KIK_MBF,-77.9483,42.9577,876,5/27/25,0,57.3
KIK_MBF,-77.9483,42.9577,876,5/28/25,0,59.8
KIK_MBF,-77.9483,42.9577,876,5/29/25,0.56,57.5
KIK_MBF,-77.9483,42.9577,876,5/30/25,0,61.3
KIK_MBF,-77.9483,42.9577,876,5/31/25,0.22,60.8
KIK_MBF,-77.9483,42.9577,876,6/1/25,0.02,48.2
KIK_MBF,-77.9483,42.9577,876,6/2/25,0,51.5
KIK_MBF,-77.9483,42.9577,876,6/3/25,0,59.9
KIK_MBF,-77.9483,42.9577,876,6/4/25,0,70.2
KIK_MBF,-77.9483,42.9577,876,6/5/25,0,74
KIK_MBF,-77.9483,42.9577,876,6/6/25,0.19,70.4
KIK_MBF,-77.9483,42.9577,876,6/7/25,0.38,64.4
KIK_MBF,-77.9483,42.9577,876,6/8/25,0,64.7
KIK_MBF,-77.9483,42.9577,876,6/9/25,0.08,66.1
KIK_MBF,-77.9483,42.9577,876,6/10/25,0.59,68.6
KIK_MBF,-77.9483,42.9577,876,6/11/25,0,64.4
KIK_MBF,-77.9483,42.9577,876,6/12/25,0,70
KIK_MBF,-77.9483,42.9577,876,6/13/25,0,64
KIK_MBF,-77.9483,42.9577,876,6/14/25,0.04,62.5
KIK_MBF,-77.9483,42.9577,876,6/15/25,0,63.1
KIK_MBF,-77.9483,42.9577,876,6/16/25,0,64.6
KIK_MBF,-77.9483,42.9577,876,6/17/25,0,68.4
KIK_MBF,-77.9483,42.9577,876,6/18/25,0,73.7
KIK_MBF,-77.9483,42.9577,876,6/19/25,0.55,75.6
KIK_MBF,-77.9483,42.9577,876,6/20/25,0.06,69.5
KIK_MBF,-77.9483,42.9577,876,6/21/25,0,69.3
KIK_MBF,-77.9483,42.9577,876,6/22/25,0,76.6
KIK_MBF,-77.9483,42.9577,876,6/23/25,0,81.9
KIK_MBF,-77.9483,42.9577,876,6/24/25,0,83.9
KIK_MBF,-77.9483,42.9577,876,6/25/25,0,81.3
KIK_MBF,-77.9483,42.9577,876,6/26/25,0.42,73.2
KIK_MBF,-77.9483,42.9577,876,6/27/25,0.02,64.8
KIK_MBF,-77.9483,42.9577,876,6/28/25,2.19,74.8
KIK_MBF,-77.9483,42.9577,876,6/29/25,0,70.3
KIK_MBF,-77.9483,42.9577,876,6/30/25,0,71.3
,,,,,,
KIK_MYT,-78.1841,42.9741,892,1/1/25,0.03,40.3
KIK_MYT,-78.1841,42.9741,892,1/2/25,0.12,33.5
KIK_MYT,-78.1841,42.9741,892,1/3/25,0,28
KIK_MYT,-78.1841,42.9741,892,1/4/25,0.05,25.3
KIK_MYT,-78.1841,42.9741,892,1/5/25,0.02,21.9
KIK_MYT,-78.1841,42.9741,892,1/6/25,0,22.7
KIK_MYT,-78.1841,42.9741,892,1/7/25,0.01,17.1
KIK_MYT,-78.1841,42.9741,892,1/8/25,0.06,18.3
KIK_MYT,-78.1841,42.9741,892,1/9/25,0,14.7
KIK_MYT,-78.1841,42.9741,892,1/10/25,0,16.4
KIK_MYT,-78.1841,42.9741,892,1/11/25,0.07,19.8
KIK_MYT,-78.1841,42.9741,892,1/12/25,0,23.1
KIK_MYT,-78.1841,42.9741,892,1/13/25,0,28.5
KIK_MYT,-78.1841,42.9741,892,1/14/25,0.24,24.1
KIK_MYT,-78.1841,42.9741,892,1/15/25,0.04,17.3
KIK_MYT,-78.1841,42.9741,892,1/16/25,0.03,19.1
KIK_MYT,-78.1841,42.9741,892,1/17/25,0.08,23.5
KIK_MYT,-78.1841,42.9741,892,1/18/25,0,34.5
KIK_MYT,-78.1841,42.9741,892,1/19/25,0.2,28.6
KIK_MYT,-78.1841,42.9741,892,1/20/25,0.05,15.3
KIK_MYT,-78.1841,42.9741,892,1/21/25,0.03,7.5
KIK_MYT,-78.1841,42.9741,892,1/22/25,0.03,3.5
KIK_MYT,-78.1841,42.9741,892,1/23/25,0,5
KIK_MYT,-78.1841,42.9741,892,1/24/25,0.05,20
KIK_MYT,-78.1841,42.9741,892,1/25/25,0,17.4
KIK_MYT,-78.1841,42.9741,892,1/26/25,0,21.7
KIK_MYT,-78.1841,42.9741,892,1/27/25,0,27.1
KIK_MYT,-78.1841,42.9741,892,1/28/25,0.06,25.5
KIK_MYT,-78.1841,42.9741,892,1/29/25,0.11,26.3
KIK_MYT,-78.1841,42.9741,892,1/30/25,0.16,25.2
KIK_MYT,-78.1841,42.9741,892,1/31/25,0,27.9
KIK_MYT,-78.1841,42.9741,892,2/1/25,0.41,24.4
KIK_MYT,-78.1841,42.9741,892,2/2/25,0,7.7
KIK_MYT,-78.1841,42.9741,892,2/3/25,0.08,21.2
KIK_MYT,-78.1841,42.9741,892,2/4/25,0.12,34.5
KIK_MYT,-78.1841,42.9741,892,2/5/25,0.07,23.4
KIK_MYT,-78.1841,42.9741,892,2/6/25,0.15,20.3
KIK_MYT,-78.1841,42.9741,892,2/7/25,0.04,27.9
KIK_MYT,-78.1841,42.9741,892,2/8/25,0,19.3
KIK_MYT,-78.1841,42.9741,892,2/9/25,0.18,23.6
KIK_MYT,-78.1841,42.9741,892,2/10/25,0,23.6
KIK_MYT,-78.1841,42.9741,892,2/11/25,0.05,19
KIK_MYT,-78.1841,42.9741,892,2/12/25,0,21.9
KIK_MYT,-78.1841,42.9741,892,2/13/25,0.27,29.1
KIK_MYT,-78.1841,42.9741,892,2/14/25,0.04,27.7
KIK_MYT,-78.1841,42.9741,892,2/15/25,0,20.1
KIK_MYT,-78.1841,42.9741,892,2/16/25,0.44,25.4
KIK_MYT,-78.1841,42.9741,892,2/17/25,0.42,22.9
KIK_MYT,-78.1841,42.9741,892,2/18/25,0,12.6
KIK_MYT,-78.1841,42.9741,892,2/19/25,0,12.1
KIK_MYT,-78.1841,42.9741,892,2/20/25,0,16.8
KIK_MYT,-78.1841,42.9741,892,2/21/25,0.17,15.2
KIK_MYT,-78.1841,42.9741,892,2/22/25,0,16.8
KIK_MYT,-78.1841,42.9741,892,2/23/25,0,27.3
KIK_MYT,-78.1841,42.9741,892,2/24/25,0,30
KIK_MYT,-78.1841,42.9741,892,2/25/25,0,41.7
KIK_MYT,-78.1841,42.9741,892,2/26/25,0.1,37.7
KIK_MYT,-78.1841,42.9741,892,2/27/25,0.01,36.7
KIK_MYT,-78.1841,42.9741,892,2/28/25,0.08,33.5
KIK_MYT,-78.1841,42.9741,892,3/1/25,0.09,35.7
KIK_MYT,-78.1841,42.9741,892,3/2/25,0,16.9
KIK_MYT,-78.1841,42.9741,892,3/3/25,0,13.5
KIK_MYT,-78.1841,42.9741,892,3/4/25,0.01,27
KIK_MYT,-78.1841,42.9741,892,3/5/25,0.03,46.6
KIK_MYT,-78.1841,42.9741,892,3/6/25,0.35,45.5
KIK_MYT,-78.1841,42.9741,892,3/7/25,0.04,29.5
KIK_MYT,-78.1841,42.9741,892,3/8/25,0.01,29.6
KIK_MYT,-78.1841,42.9741,892,3/9/25,0,27.9
KIK_MYT,-78.1841,42.9741,892,3/10/25,0,38.8
KIK_MYT,-78.1841,42.9741,892,3/11/25,0,47.9
KIK_MYT,-78.1841,42.9741,892,3/12/25,0,41.8
KIK_MYT,-78.1841,42.9741,892,3/13/25,0,30.6
KIK_MYT,-78.1841,42.9741,892,3/14/25,0,41.9
KIK_MYT,-78.1841,42.9741,892,3/15/25,0,50.4
KIK_MYT,-78.1841,42.9741,892,3/16/25,0.02,57.7
KIK_MYT,-78.1841,42.9741,892,3/17/25,0.51,51.5
KIK_MYT,-78.1841,42.9741,892,3/18/25,0,31.8
KIK_MYT,-78.1841,42.9741,892,3/19/25,0,47
KIK_MYT,-78.1841,42.9741,892,3/20/25,0,63.4
KIK_MYT,-78.1841,42.9741,892,3/21/25,0.06,42
KIK_MYT,-78.1841,42.9741,892,3/22/25,0,35.8
KIK_MYT,-78.1841,42.9741,892,3/23/25,0.07,35.8
KIK_MYT,-78.1841,42.9741,892,3/24/25,0.02,34.3
KIK_MYT,-78.1841,42.9741,892,3/25/25,0,41.3
KIK_MYT,-78.1841,42.9741,892,3/26/25,0,32.7
KIK_MYT,-78.1841,42.9741,892,3/27/25,0.03,28.9
KIK_MYT,-78.1841,42.9741,892,3/28/25,0,36.9
KIK_MYT,-78.1841,42.9741,892,3/29/25,0.15,44.1
KIK_MYT,-78.1841,42.9741,892,3/30/25,0.24,36.3
KIK_MYT,-78.1841,42.9741,892,3/31/25,0.1,51.9
KIK_MYT,-78.1841,42.9741,892,4/1/25,0,45
KIK_MYT,-78.1841,42.9741,892,4/2/25,0,32.5
KIK_MYT,-78.1841,42.9741,892,4/3/25,0.99,43.5
KIK_MYT,-78.1841,42.9741,892,4/4/25,0,52.5
KIK_MYT,-78.1841,42.9741,892,4/5/25,0.05,44.7
KIK_MYT,-78.1841,42.9741,892,4/6/25,0.15,49.2
KIK_MYT,-78.1841,42.9741,892,4/7/25,0,35.3
KIK_MYT,-78.1841,42.9741,892,4/8/25,0.03,36.1
KIK_MYT,-78.1841,42.9741,892,4/9/25,0.05,26.1
KIK_MYT,-78.1841,42.9741,892,4/10/25,0,32.4
KIK_MYT,-78.1841,42.9741,892,4/11/25,0.24,36.1
KIK_MYT,-78.1841,42.9741,892,4/12/25,0,38.4
KIK_MYT,-78.1841,42.9741,892,4/13/25,0,38.9
KIK_MYT,-78.1841,42.9741,892,4/14/25,0,47.4
KIK_MYT,-78.1841,42.9741,892,4/15/25,0,54.8
KIK_MYT,-78.1841,42.9741,892,4/16/25,0.14,42.1
KIK_MYT,-78.1841,42.9741,892,4/17/25,0.03,34.5
KIK_MYT,-78.1841,42.9741,892,4/18/25,0,43.8
KIK_MYT,-78.1841,42.9741,892,4/19/25,0.08,61.9
KIK_MYT,-78.1841,42.9741,892,4/20/25,0.19,53.2
KIK_MYT,-78.1841,42.9741,892,4/21/25,0,45.6
KIK_MYT,-78.1841,42.9741,892,4/22/25,0.36,56.9
KIK_MYT,-78.1841,42.9741,892,4/23/25,0,46
KIK_MYT,-78.1841,42.9741,892,4/24/25,0,56.3
KIK_MYT,-78.1841,42.9741,892,4/25/25,0,66
KIK_MYT,-78.1841,42.9741,892,4/26/25,0.3,59.4
KIK_MYT,-78.1841,42.9741,892,4/27/25,0.04,49.5
KIK_MYT,-78.1841,42.9741,892,4/28/25,0,49.9
KIK_MYT,-78.1841,42.9741,892,4/29/25,0,59.8
KIK_MYT,-78.1841,42.9741,892,4/30/25,0.23,59.1
KIK_MYT,-78.1841,42.9741,892,5/1/25,0,46.2
KIK_MYT,-78.1841,42.9741,892,5/2/25,0.75,60
KIK_MYT,-78.1841,42.9741,892,5/3/25,0.3,56.2
KIK_MYT,-78.1841,42.9741,892,5/4/25,0.22,45.8
KIK_MYT,-78.1841,42.9741,892,5/5/25,0.04,50.5
KIK_MYT,-78.1841,42.9741,892,5/6/25,1.34,58.6
KIK_MYT,-78.1841,42.9741,892,5/7/25,0.09,59.9
KIK_MYT,-78.1841,42.9741,892,5/8/25,0,53.3
KIK_MYT,-78.1841,42.9741,892,5/9/25,0,41.7
KIK_MYT,-78.1841,42.9741,892,5/10/25,0,48.4
KIK_MYT,-78.1841,42.9741,892,5/11/25,0,55
KIK_MYT,-78.1841,42.9741,892,5/12/25,0,52
KIK_MYT,-78.1841,42.9741,892,5/13/25,0,68.8
KIK_MYT,-78.1841,42.9741,892,5/14/25,0.09,66.5
KIK_MYT,-78.1841,42.9741,892,5/15/25,0.01,64.1
KIK_MYT,-78.1841,42.9741,892,5/16/25,0.19,68.7
KIK_MYT,-78.1841,42.9741,892,5/17/25,0,69.1
KIK_MYT,-78.1841,42.9741,892,5/18/25,0.17,62.7
KIK_MYT,-78.1841,42.9741,892,5/19/25,0.02,50.2
KIK_MYT,-78.1841,42.9741,892,5/20/25,0,46.1
KIK_MYT,-78.1841,42.9741,892,5/21/25,0,49.9
KIK_MYT,-78.1841,42.9741,892,5/22/25,0.85,49.4
KIK_MYT,-78.1841,42.9741,892,5/23/25,0.34,50.6
KIK_MYT,-78.1841,42.9741,892,5/24/25,0.04,47.4
KIK_MYT,-78.1841,42.9741,892,5/25/25,0.12,49.9
KIK_MYT,-78.1841,42.9741,892,5/26/25,0.06,52.2
KIK_MYT,-78.1841,42.9741,892,5/27/25,0,57.1
KIK_MYT,-78.1841,42.9741,892,5/28/25,0,60.6
KIK_MYT,-78.1841,42.9741,892,5/29/25,0.24,57.8
KIK_MYT,-78.1841,42.9741,892,5/30/25,0,61.5
KIK_MYT,-78.1841,42.9741,892,5/31/25,0.22,59.6
KIK_MYT,-78.1841,42.9741,892,6/1/25,0,47.6
KIK_MYT,-78.1841,42.9741,892,6/2/25,0.02,51.2
KIK_MYT,-78.1841,42.9741,892,6/3/25,0,60
KIK_MYT,-78.1841,42.9741,892,6/4/25,0,71.4
KIK_MYT,-78.1841,42.9741,892,6/5/25,0,73.8
KIK_MYT,-78.1841,42.9741,892,6/6/25,0.17,68.8
KIK_MYT,-78.1841,42.9741,892,6/7/25,0.09,63.6
KIK_MYT,-78.1841,42.9741,892,6/8/25,0,64.6
KIK_MYT,-78.1841,42.9741,892,6/9/25,0.02,65.9
KIK_MYT,-78.1841,42.9741,892,6/10/25,0.5,68.4
KIK_MYT,-78.1841,42.9741,892,6/11/25,0,64.3
KIK_MYT,-78.1841,42.9741,892,6/12/25,0,68.9
KIK_MYT,-78.1841,42.9741,892,6/13/25,0,64
KIK_MYT,-78.1841,42.9741,892,6/14/25,0.08,61.9
KIK_MYT,-78.1841,42.9741,892,6/15/25,0,62.5
KIK_MYT,-78.1841,42.9741,892,6/16/25,0,64.4
KIK_MYT,-78.1841,42.9741,892,6/17/25,0,68.6
KIK_MYT,-78.1841,42.9741,892,6/18/25,0,74.7
KIK_MYT,-78.1841,42.9741,892,6/19/25,0.03,75.7
KIK_MYT,-78.1841,42.9741,892,6/20/25,0.19,68.6
KIK_MYT,-78.1841,42.9741,892,6/21/25,0,69.2
KIK_MYT,-78.1841,42.9741,892,6/22/25,0.03,76.4
KIK_MYT,-78.1841,42.9741,892,6/23/25,0,81.7
KIK_MYT,-78.1841,42.9741,892,6/24/25,0,83.8
KIK_MYT,-78.1841,42.9741,892,6/25/25,0,80.8
KIK_MYT,-78.1841,42.9741,892,6/26/25,0.55,71.8
KIK_MYT,-78.1841,42.9741,892,6/27/25,0,63.6
KIK_MYT,-78.1841,42.9741,892,6/28/25,0.5,76.1
KIK_MYT,-78.1841,42.9741,892,6/29/25,0,69.5
KIK_MYT,-78.1841,42.9741,892,6/30/25,0,70.6
,,,,,,
KIK_SWE,-77.9653,42.8537,1194,1/1/25,0.03,38.5
KIK_SWE,-77.9653,42.8537,1194,1/2/25,0.08,32.5
KIK_SWE,-77.9653,42.8537,1194,1/3/25,0,25.9
KIK_SWE,-77.9653,42.8537,1194,1/4/25,0.03,23.4
KIK_SWE,-77.9653,42.8537,1194,1/5/25,0,20.3
KIK_SWE,-77.9653,42.8537,1194,1/6/25,0,20.7
KIK_SWE,-77.9653,42.8537,1194,1/7/25,0,15.5
KIK_SWE,-77.9653,42.8537,1194,1/8/25,0.06,16.8
KIK_SWE,-77.9653,42.8537,1194,1/9/25,0,12.9
KIK_SWE,-77.9653,42.8537,1194,1/10/25,0,14.5
KIK_SWE,-77.9653,42.8537,1194,1/11/25,0.09,18.8
KIK_SWE,-77.9653,42.8537,1194,1/12/25,0,22.2
KIK_SWE,-77.9653,42.8537,1194,1/13/25,0,28.1
KIK_SWE,-77.9653,42.8537,1194,1/14/25,0.14,23
KIK_SWE,-77.9653,42.8537,1194,1/15/25,0,15.5
KIK_SWE,-77.9653,42.8537,1194,1/16/25,0.01,17.9
KIK_SWE,-77.9653,42.8537,1194,1/17/25,0.03,22.3
KIK_SWE,-77.9653,42.8537,1194,1/18/25,0,31.4
KIK_SWE,-77.9653,42.8537,1194,1/19/25,0.07,26.7
KIK_SWE,-77.9653,42.8537,1194,1/20/25,0,13.9
KIK_SWE,-77.9653,42.8537,1194,1/21/25,0,6.1
KIK_SWE,-77.9653,42.8537,1194,1/22/25,0.04,2.4
KIK_SWE,-77.9653,42.8537,1194,1/23/25,0,3.9
KIK_SWE,-77.9653,42.8537,1194,1/24/25,0,18.9
KIK_SWE,-77.9653,42.8537,1194,1/25/25,0,15.1
KIK_SWE,-77.9653,42.8537,1194,1/26/25,0,20.1
KIK_SWE,-77.9653,42.8537,1194,1/27/25,0,24.7
KIK_SWE,-77.9653,42.8537,1194,1/28/25,0.07,25.2
KIK_SWE,-77.9653,42.8537,1194,1/29/25,0.15,25.3
KIK_SWE,-77.9653,42.8537,1194,1/30/25,0.21,24.2
KIK_SWE,-77.9653,42.8537,1194,1/31/25,0,26.7
KIK_SWE,-77.9653,42.8537,1194,2/1/25,0.55,23.9
KIK_SWE,-77.9653,42.8537,1194,2/2/25,0,6.7
KIK_SWE,-77.9653,42.8537,1194,2/3/25,0.08,20.7
KIK_SWE,-77.9653,42.8537,1194,2/4/25,0.08,34
KIK_SWE,-77.9653,42.8537,1194,2/5/25,0.05,21.8
KIK_SWE,-77.9653,42.8537,1194,2/6/25,0.14,20.8
KIK_SWE,-77.9653,42.8537,1194,2/7/25,0.07,27.2
KIK_SWE,-77.9653,42.8537,1194,2/8/25,0,18.2
KIK_SWE,-77.9653,42.8537,1194,2/9/25,0.18,21.6
KIK_SWE,-77.9653,42.8537,1194,2/10/25,0,21.8
KIK_SWE,-77.9653,42.8537,1194,2/11/25,0,18.8
KIK_SWE,-77.9653,42.8537,1194,2/12/25,0,21.3
KIK_SWE,-77.9653,42.8537,1194,2/13/25,0.09,27.9
KIK_SWE,-77.9653,42.8537,1194,2/14/25,0.03,27.4
KIK_SWE,-77.9653,42.8537,1194,2/15/25,0,18.6
KIK_SWE,-77.9653,42.8537,1194,2/16/25,0.3,25
KIK_SWE,-77.9653,42.8537,1194,2/17/25,0.25,23.4
KIK_SWE,-77.9653,42.8537,1194,2/18/25,0,11
KIK_SWE,-77.9653,42.8537,1194,2/19/25,0,10.5
KIK_SWE,-77.9653,42.8537,1194,2/20/25,0,14.1
KIK_SWE,-77.9653,42.8537,1194,2/21/25,0.24,14
KIK_SWE,-77.9653,42.8537,1194,2/22/25,0,15.8
KIK_SWE,-77.9653,42.8537,1194,2/23/25,0,25.7
KIK_SWE,-77.9653,42.8537,1194,2/24/25,0,28.7
KIK_SWE,-77.9653,42.8537,1194,2/25/25,0,39.5
KIK_SWE,-77.9653,42.8537,1194,2/26/25,0.02,37.3
KIK_SWE,-77.9653,42.8537,1194,2/27/25,0.02,36.3
KIK_SWE,-77.9653,42.8537,1194,2/28/25,0.06,33.4
KIK_SWE,-77.9653,42.8537,1194,3/1/25,0.1,34.3
KIK_SWE,-77.9653,42.8537,1194,3/2/25,0.02,17.2
KIK_SWE,-77.9653,42.8537,1194,3/3/25,0,12.4
KIK_SWE,-77.9653,42.8537,1194,3/4/25,0,25.4
KIK_SWE,-77.9653,42.8537,1194,3/5/25,0.02,45.2
KIK_SWE,-77.9653,42.8537,1194,3/6/25,0.21,43.7
KIK_SWE,-77.9653,42.8537,1194,3/7/25,0.01,28.3
KIK_SWE,-77.9653,42.8537,1194,3/8/25,0,27.8
KIK_SWE,-77.9653,42.8537,1194,3/9/25,0,26.8
KIK_SWE,-77.9653,42.8537,1194,3/10/25,0,37.4
KIK_SWE,-77.9653,42.8537,1194,3/11/25,0,47.5
KIK_SWE,-77.9653,42.8537,1194,3/12/25,0,41.3
KIK_SWE,-77.9653,42.8537,1194,3/13/25,0,28.8
KIK_SWE,-77.9653,42.8537,1194,3/14/25,0,42.1
KIK_SWE,-77.9653,42.8537,1194,3/15/25,0,50.6
KIK_SWE,-77.9653,42.8537,1194,3/16/25,0.02,53.6
KIK_SWE,-77.9653,42.8537,1194,3/17/25,0.47,48.8
KIK_SWE,-77.9653,42.8537,1194,3/18/25,0,29.7
KIK_SWE,-77.9653,42.8537,1194,3/19/25,0,46.1
KIK_SWE,-77.9653,42.8537,1194,3/20/25,0,61.2
KIK_SWE,-77.9653,42.8537,1194,3/21/25,0.31,40.7
KIK_SWE,-77.9653,42.8537,1194,3/22/25,0,34.5
KIK_SWE,-77.9653,42.8537,1194,3/23/25,0.04,34.6
KIK_SWE,-77.9653,42.8537,1194,3/24/25,0.01,32.1
KIK_SWE,-77.9653,42.8537,1194,3/25/25,0,41
KIK_SWE,-77.9653,42.8537,1194,3/26/25,0,30.8
KIK_SWE,-77.9653,42.8537,1194,3/27/25,0.02,27.2
KIK_SWE,-77.9653,42.8537,1194,3/28/25,0,35.6
KIK_SWE,-77.9653,42.8537,1194,3/29/25,0.16,44.4
KIK_SWE,-77.9653,42.8537,1194,3/30/25,0.17,36.2
KIK_SWE,-77.9653,42.8537,1194,3/31/25,0.13,52.7
KIK_SWE,-77.9653,42.8537,1194,4/1/25,0,44.4
KIK_SWE,-77.9653,42.8537,1194,4/2/25,0,31.7
KIK_SWE,-77.9653,42.8537,1194,4/3/25,0.68,41.2
KIK_SWE,-77.9653,42.8537,1194,4/4/25,0,51.7
KIK_SWE,-77.9653,42.8537,1194,4/5/25,0.04,45
KIK_SWE,-77.9653,42.8537,1194,4/6/25,0.16,47.2
KIK_SWE,-77.9653,42.8537,1194,4/7/25,0,34.3
KIK_SWE,-77.9653,42.8537,1194,4/8/25,0.01,34.6
KIK_SWE,-77.9653,42.8537,1194,4/9/25,0,24.8
KIK_SWE,-77.9653,42.8537,1194,4/10/25,0,31
KIK_SWE,-77.9653,42.8537,1194,4/11/25,0.25,34.9
KIK_SWE,-77.9653,42.8537,1194,4/12/25,0,38.2
KIK_SWE,-77.9653,42.8537,1194,4/13/25,0,37.9
KIK_SWE,-77.9653,42.8537,1194,4/14/25,0,46.1
KIK_SWE,-77.9653,42.8537,1194,4/15/25,0,53.4
KIK_SWE,-77.9653,42.8537,1194,4/16/25,0.04,40.8
KIK_SWE,-77.9653,42.8537,1194,4/17/25,0.01,33.2
KIK_SWE,-77.9653,42.8537,1194,4/18/25,0,42.6
KIK_SWE,-77.9653,42.8537,1194,4/19/25,0.14,60.1
KIK_SWE,-77.9653,42.8537,1194,4/20/25,0.31,53.1
KIK_SWE,-77.9653,42.8537,1194,4/21/25,0,44.8
KIK_SWE,-77.9653,42.8537,1194,4/22/25,0.47,56.4
KIK_SWE,-77.9653,42.8537,1194,4/23/25,0,46.3
KIK_SWE,-77.9653,42.8537,1194,4/24/25,0,55.1
KIK_SWE,-77.9653,42.8537,1194,4/25/25,0,65
KIK_SWE,-77.9653,42.8537,1194,4/26/25,0.23,60.3
KIK_SWE,-77.9653,42.8537,1194,4/27/25,0.05,48.4
KIK_SWE,-77.9653,42.8537,1194,4/28/25,0,48.6
KIK_SWE,-77.9653,42.8537,1194,4/29/25,0,59.3
KIK_SWE,-77.9653,42.8537,1194,4/30/25,0.69,59.2
KIK_SWE,-77.9653,42.8537,1194,5/1/25,0,46.6
KIK_SWE,-77.9653,42.8537,1194,5/2/25,0.78,61.7
KIK_SWE,-77.9653,42.8537,1194,5/3/25,0.25,56.2
KIK_SWE,-77.9653,42.8537,1194,5/4/25,0.19,45.3
KIK_SWE,-77.9653,42.8537,1194,5/5/25,0.05,49.6
KIK_SWE,-77.9653,42.8537,1194,5/6/25,1.03,59.6
KIK_SWE,-77.9653,42.8537,1194,5/7/25,0.33,58.8
KIK_SWE,-77.9653,42.8537,1194,5/8/25,0,53.3
KIK_SWE,-77.9653,42.8537,1194,5/9/25,0,42.3
KIK_SWE,-77.9653,42.8537,1194,5/10/25,0,46.6
KIK_SWE,-77.9653,42.8537,1194,5/11/25,0,54.7
KIK_SWE,-77.9653,42.8537,1194,5/12/25,0,51.8
KIK_SWE,-77.9653,42.8537,1194,5/13/25,0,69
KIK_SWE,-77.9653,42.8537,1194,5/14/25,0.14,64.7
KIK_SWE,-77.9653,42.8537,1194,5/15/25,0,61.4
KIK_SWE,-77.9653,42.8537,1194,5/16/25,0.24,66.6
KIK_SWE,-77.9653,42.8537,1194,5/17/25,0,68.8
KIK_SWE,-77.9653,42.8537,1194,5/18/25,0.27,61.9
KIK_SWE,-77.9653,42.8537,1194,5/19/25,0,49.4
KIK_SWE,-77.9653,42.8537,1194,5/20/25,0,46.1
KIK_SWE,-77.9653,42.8537,1194,5/21/25,0,48.7
KIK_SWE,-77.9653,42.8537,1194,5/22/25,0.77,48
KIK_SWE,-77.9653,42.8537,1194,5/23/25,0.32,49.6
KIK_SWE,-77.9653,42.8537,1194,5/24/25,0,46.6
KIK_SWE,-77.9653,42.8537,1194,5/25/25,0.26,48.3
KIK_SWE,-77.9653,42.8537,1194,5/26/25,0.02,51.5
KIK_SWE,-77.9653,42.8537,1194,5/27/25,0,57.3
KIK_SWE,-77.9653,42.8537,1194,5/28/25,0,59
KIK_SWE,-77.9653,42.8537,1194,5/29/25,0.83,55.4
KIK_SWE,-77.9653,42.8537,1194,5/30/25,0,60
KIK_SWE,-77.9653,42.8537,1194,5/31/25,0.08,59.7
KIK_SWE,-77.9653,42.8537,1194,6/1/25,0.03,46.3
KIK_SWE,-77.9653,42.8537,1194,6/2/25,0,50.2
KIK_SWE,-77.9653,42.8537,1194,6/3/25,0,58.9
KIK_SWE,-77.9653,42.8537,1194,6/4/25,0,69.4
KIK_SWE,-77.9653,42.8537,1194,6/5/25,0,74
KIK_SWE,-77.9653,42.8537,1194,6/6/25,0.23,69.4
KIK_SWE,-77.9653,42.8537,1194,6/7/25,0.27,63.7
KIK_SWE,-77.9653,42.8537,1194,6/8/25,0,64
KIK_SWE,-77.9653,42.8537,1194,6/9/25,0.15,64.9
KIK_SWE,-77.9653,42.8537,1194,6/10/25,0.55,67.2
KIK_SWE,-77.9653,42.8537,1194,6/11/25,0,63.2
KIK_SWE,-77.9653,42.8537,1194,6/12/25,0,68.6
KIK_SWE,-77.9653,42.8537,1194,6/13/25,0,62.8
KIK_SWE,-77.9653,42.8537,1194,6/14/25,0.21,61.1
KIK_SWE,-77.9653,42.8537,1194,6/15/25,0,61.2
KIK_SWE,-77.9653,42.8537,1194,6/16/25,0,63.7
KIK_SWE,-77.9653,42.8537,1194,6/17/25,0,67.6
KIK_SWE,-77.9653,42.8537,1194,6/18/25,0,71.8
KIK_SWE,-77.9653,42.8537,1194,6/19/25,0.18,73.9
KIK_SWE,-77.9653,42.8537,1194,6/20/25,0.1,67.8
KIK_SWE,-77.9653,42.8537,1194,6/21/25,0,67.8
KIK_SWE,-77.9653,42.8537,1194,6/22/25,0,74.9
KIK_SWE,-77.9653,42.8537,1194,6/23/25,0,81.4
KIK_SWE,-77.9653,42.8537,1194,6/24/25,0,82.8
KIK_SWE,-77.9653,42.8537,1194,6/25/25,0,79.8
KIK_SWE,-77.9653,42.8537,1194,6/26/25,0.24,73
KIK_SWE,-77.9653,42.8537,1194,6/27/25,0.03,64.6
KIK_SWE,-77.9653,42.8537,1194,6/28/25,2.71,73.5
KIK_SWE,-77.9653,42.8537,1194,6/29/25,0,69.6
KIK_SWE,-77.9653,42.8537,1194,6/30/25,0,70.4
,,,,,,
KUH_COL,-75.5186,43.2865,528,1/1/25,0.56,39.8
KUH_COL,-75.5186,43.2865,528,1/2/25,0.11,31.9
KUH_COL,-75.5186,43.2865,528,1/3/25,1.69,28.1
KUH_COL,-75.5186,43.2865,528,1/4/25,0.28,23.1
KUH_COL,-75.5186,43.2865,528,1/5/25,0.92,21.1
KUH_COL,-75.5186,43.2865,528,1/6/25,0.25,17.3
KUH_COL,-75.5186,43.2865,528,1/7/25,0,10.7
KUH_COL,-75.5186,43.2865,528,1/8/25,0.04,17.7
KUH_COL,-75.5186,43.2865,528,1/9/25,0.03,15.1
KUH_COL,-75.5186,43.2865,528,1/10/25,0,18.3
KUH_COL,-75.5186,43.2865,528,1/11/25,0.05,18.4
KUH_COL,-75.5186,43.2865,528,1/12/25,0,22
KUH_COL,-75.5186,43.2865,528,1/13/25,0,26.8
KUH_COL,-75.5186,43.2865,528,1/14/25,0.07,26
KUH_COL,-75.5186,43.2865,528,1/15/25,0.16,18
KUH_COL,-75.5186,43.2865,528,1/16/25,0.02,18.6
KUH_COL,-75.5186,43.2865,528,1/17/25,0.04,20.7
KUH_COL,-75.5186,43.2865,528,1/18/25,0,28.5
KUH_COL,-75.5186,43.2865,528,1/19/25,0.16,29.5
KUH_COL,-75.5186,43.2865,528,1/20/25,0,11.6
KUH_COL,-75.5186,43.2865,528,1/21/25,0.01,6.5
KUH_COL,-75.5186,43.2865,528,1/22/25,0,3.8
KUH_COL,-75.5186,43.2865,528,1/23/25,0,3.9
KUH_COL,-75.5186,43.2865,528,1/24/25,0.04,19.2
KUH_COL,-75.5186,43.2865,528,1/25/25,0,12.9
KUH_COL,-75.5186,43.2865,528,1/26/25,0,17.1
KUH_COL,-75.5186,43.2865,528,1/27/25,0.2,25.5
KUH_COL,-75.5186,43.2865,528,1/28/25,0.12,28.7
KUH_COL,-75.5186,43.2865,528,1/29/25,0.26,22.4
KUH_COL,-75.5186,43.2865,528,1/30/25,0.09,21.5
KUH_COL,-75.5186,43.2865,528,1/31/25,0,20.2
KUH_COL,-75.5186,43.2865,528,2/1/25,0.42,24.1
KUH_COL,-75.5186,43.2865,528,2/2/25,0,3.6
KUH_COL,-75.5186,43.2865,528,2/3/25,0.08,13.7
KUH_COL,-75.5186,43.2865,528,2/4/25,0.24,32.3
KUH_COL,-75.5186,43.2865,528,2/5/25,0,17.9
KUH_COL,-75.5186,43.2865,528,2/6/25,0,13.6
KUH_COL,-75.5186,43.2865,528,2/7/25,0.18,26.7
KUH_COL,-75.5186,43.2865,528,2/8/25,0.03,23
KUH_COL,-75.5186,43.2865,528,2/9/25,0.44,24.3
KUH_COL,-75.5186,43.2865,528,2/10/25,0.19,25.6
KUH_COL,-75.5186,43.2865,528,2/11/25,0.05,18.3
KUH_COL,-75.5186,43.2865,528,2/12/25,0,17.7
KUH_COL,-75.5186,43.2865,528,2/13/25,0.16,19.9
KUH_COL,-75.5186,43.2865,528,2/14/25,0.62,27.1
KUH_COL,-75.5186,43.2865,528,2/15/25,0,18.8
KUH_COL,-75.5186,43.2865,528,2/16/25,0.34,23.6
KUH_COL,-75.5186,43.2865,528,2/17/25,1.5,24.6
KUH_COL,-75.5186,43.2865,528,2/18/25,0.34,15.5
KUH_COL,-75.5186,43.2865,528,2/19/25,0.08,12.4
KUH_COL,-75.5186,43.2865,528,2/20/25,0,9.5
KUH_COL,-75.5186,43.2865,528,2/21/25,0.02,11.4
KUH_COL,-75.5186,43.2865,528,2/22/25,0.02,16.1
KUH_COL,-75.5186,43.2865,528,2/23/25,0.02,25.9
KUH_COL,-75.5186,43.2865,528,2/24/25,0.04,28.5
KUH_COL,-75.5186,43.2865,528,2/25/25,0,37.3
KUH_COL,-75.5186,43.2865,528,2/26/25,0.27,38.1
KUH_COL,-75.5186,43.2865,528,2/27/25,0.12,34.5
KUH_COL,-75.5186,43.2865,528,2/28/25,0.39,34.5
KUH_COL,-75.5186,43.2865,528,3/1/25,0.08,34
KUH_COL,-75.5186,43.2865,528,3/2/25,0.13,21.4
KUH_COL,-75.5186,43.2865,528,3/3/25,0,9.1
KUH_COL,-75.5186,43.2865,528,3/4/25,0,18.8
KUH_COL,-75.5186,43.2865,528,3/5/25,0,36.8
KUH_COL,-75.5186,43.2865,528,3/6/25,0.52,43
KUH_COL,-75.5186,43.2865,528,3/7/25,0.01,31.6
KUH_COL,-75.5186,43.2865,528,3/8/25,0.1,29
KUH_COL,-75.5186,43.2865,528,3/9/25,0,27.7
KUH_COL,-75.5186,43.2865,528,3/10/25,0,34
KUH_COL,-75.5186,43.2865,528,3/11/25,0,42.3
KUH_COL,-75.5186,43.2865,528,3/12/25,0,44.6
KUH_COL,-75.5186,43.2865,528,3/13/25,0,31.2
KUH_COL,-75.5186,43.2865,528,3/14/25,0,41.8
KUH_COL,-75.5186,43.2865,528,3/15/25,0,47.1
KUH_COL,-75.5186,43.2865,528,3/16/25,0,55.9
KUH_COL,-75.5186,43.2865,528,3/17/25,0.44,51.9
KUH_COL,-75.5186,43.2865,528,3/18/25,0,29.8
KUH_COL,-75.5186,43.2865,528,3/19/25,0,41.6
KUH_COL,-75.5186,43.2865,528,3/20/25,0,58.2
KUH_COL,-75.5186,43.2865,528,3/21/25,0.08,49.4
KUH_COL,-75.5186,43.2865,528,3/22/25,0,33.7
KUH_COL,-75.5186,43.2865,528,3/23/25,0.08,33.7
KUH_COL,-75.5186,43.2865,528,3/24/25,0.05,27.7
KUH_COL,-75.5186,43.2865,528,3/25/25,0.13,42.2
KUH_COL,-75.5186,43.2865,528,3/26/25,0,34.1
KUH_COL,-75.5186,43.2865,528,3/27/25,0.03,29.9
KUH_COL,-75.5186,43.2865,528,3/28/25,0,35.4
KUH_COL,-75.5186,43.2865,528,3/29/25,0.36,41.6
KUH_COL,-75.5186,43.2865,528,3/30/25,0.39,39.9
KUH_COL,-75.5186,43.2865,528,3/31/25,0.04,46.5
KUH_COL,-75.5186,43.2865,528,4/1/25,0.1,50.3
KUH_COL,-75.5186,43.2865,528,4/2/25,0,33.7
KUH_COL,-75.5186,43.2865,528,4/3/25,1.11,37.5
KUH_COL,-75.5186,43.2865,528,4/4/25,0,54.9
KUH_COL,-75.5186,43.2865,528,4/5/25,0,44.1
KUH_COL,-75.5186,43.2865,528,4/6/25,0.59,43.3
KUH_COL,-75.5186,43.2865,528,4/7/25,0,38.1
KUH_COL,-75.5186,43.2865,528,4/8/25,0.09,37.5
KUH_COL,-75.5186,43.2865,528,4/9/25,0.04,25.3
KUH_COL,-75.5186,43.2865,528,4/10/25,0,31.3
KUH_COL,-75.5186,43.2865,528,4/11/25,0.18,37.3
KUH_COL,-75.5186,43.2865,528,4/12/25,0.04,40.4
KUH_COL,-75.5186,43.2865,528,4/13/25,0.14,40.4
KUH_COL,-75.5186,43.2865,528,4/14/25,0,44.9
KUH_COL,-75.5186,43.2865,528,4/15/25,0,52
KUH_COL,-75.5186,43.2865,528,4/16/25,0.05,45.8
KUH_COL,-75.5186,43.2865,528,4/17/25,0,35.2
KUH_COL,-75.5186,43.2865,528,4/18/25,0,39.6
KUH_COL,-75.5186,43.2865,528,4/19/25,0,57
KUH_COL,-75.5186,43.2865,528,4/20/25,0.48,56.2
KUH_COL,-75.5186,43.2865,528,4/21/25,0,42.1
KUH_COL,-75.5186,43.2865,528,4/22/25,0.12,51.4
KUH_COL,-75.5186,43.2865,528,4/23/25,0,46.5
KUH_COL,-75.5186,43.2865,528,4/24/25,0,53.3
KUH_COL,-75.5186,43.2865,528,4/25/25,0,62.5
KUH_COL,-75.5186,43.2865,528,4/26/25,1.18,65.8
KUH_COL,-75.5186,43.2865,528,4/27/25,0.09,51.5
KUH_COL,-75.5186,43.2865,528,4/28/25,0.01,47
KUH_COL,-75.5186,43.2865,528,4/29/25,0,58
KUH_COL,-75.5186,43.2865,528,4/30/25,0.72,64.3
KUH_COL,-75.5186,43.2865,528,5/1/25,0,45.7
KUH_COL,-75.5186,43.2865,528,5/2/25,0.15,60.4
KUH_COL,-75.5186,43.2865,528,5/3/25,0.06,62.8
KUH_COL,-75.5186,43.2865,528,5/4/25,0.29,52.8
KUH_COL,-75.5186,43.2865,528,5/5/25,0.38,55.5
KUH_COL,-75.5186,43.2865,528,5/6/25,0.24,60.8
KUH_COL,-75.5186,43.2865,528,5/7/25,1.34,59.9
KUH_COL,-75.5186,43.2865,528,5/8/25,0.1,52.8
KUH_COL,-75.5186,43.2865,528,5/9/25,0,49
KUH_COL,-75.5186,43.2865,528,5/10/25,0.52,47.1
KUH_COL,-75.5186,43.2865,528,5/11/25,0,53.3
KUH_COL,-75.5186,43.2865,528,5/12/25,0,50.1
KUH_COL,-75.5186,43.2865,528,5/13/25,0,65.9
KUH_COL,-75.5186,43.2865,528,5/14/25,0,69.8
KUH_COL,-75.5186,43.2865,528,5/15/25,0,66
KUH_COL,-75.5186,43.2865,528,5/16/25,0,68.3
KUH_COL,-75.5186,43.2865,528,5/17/25,0,71.3
KUH_COL,-75.5186,43.2865,528,5/18/25,1.35,66.2
KUH_COL,-75.5186,43.2865,528,5/19/25,0.16,49.4
KUH_COL,-75.5186,43.2865,528,5/20/25,0,44.7
KUH_COL,-75.5186,43.2865,528,5/21/25,0,49.7
KUH_COL,-75.5186,43.2865,528,5/22/25,0.34,49.4
KUH_COL,-75.5186,43.2865,528,5/23/25,0.37,46.6
KUH_COL,-75.5186,43.2865,528,5/24/25,0.5,47.7
KUH_COL,-75.5186,43.2865,528,5/25/25,0.03,51
KUH_COL,-75.5186,43.2865,528,5/26/25,0.02,51.4
KUH_COL,-75.5186,43.2865,528,5/27/25,0.12,55.8
KUH_COL,-75.5186,43.2865,528,5/28/25,0,61.2
KUH_COL,-75.5186,43.2865,528,5/29/25,0.09,64.7
KUH_COL,-75.5186,43.2865,528,5/30/25,0.07,58.8
KUH_COL,-75.5186,43.2865,528,5/31/25,0.05,63.6
KUH_COL,-75.5186,43.2865,528,6/1/25,0.4,50.7
KUH_COL,-75.5186,43.2865,528,6/2/25,0.04,51.5
KUH_COL,-75.5186,43.2865,528,6/3/25,0,55.9
KUH_COL,-75.5186,43.2865,528,6/4/25,0,64.6
KUH_COL,-75.5186,43.2865,528,6/5/25,0,74.7
KUH_COL,-75.5186,43.2865,528,6/6/25,0.04,73.4
KUH_COL,-75.5186,43.2865,528,6/7/25,0.62,68.2
KUH_COL,-75.5186,43.2865,528,6/8/25,0,66.5
KUH_COL,-75.5186,43.2865,528,6/9/25,0.3,67.1
KUH_COL,-75.5186,43.2865,528,6/10/25,1.38,67.2
KUH_COL,-75.5186,43.2865,528,6/11/25,0.35,62.3
KUH_COL,-75.5186,43.2865,528,6/12/25,0,68.1
KUH_COL,-75.5186,43.2865,528,6/13/25,0,61.6
KUH_COL,-75.5186,43.2865,528,6/14/25,0,63
KUH_COL,-75.5186,43.2865,528,6/15/25,0,62.6
KUH_COL,-75.5186,43.2865,528,6/16/25,0,65.9
KUH_COL,-75.5186,43.2865,528,6/17/25,0.05,68.3
KUH_COL,-75.5186,43.2865,528,6/18/25,0,68
KUH_COL,-75.5186,43.2865,528,6/19/25,0,76.5
KUH_COL,-75.5186,43.2865,528,6/20/25,0.12,72.1
KUH_COL,-75.5186,43.2865,528,6/21/25,0,64.4
KUH_COL,-75.5186,43.2865,528,6/22/25,2.63,74.1
KUH_COL,-75.5186,43.2865,528,6/23/25,0,75.2
KUH_COL,-75.5186,43.2865,528,6/24/25,0,80.9
KUH_COL,-75.5186,43.2865,528,6/25/25,0,81.4
KUH_COL,-75.5186,43.2865,528,6/26/25,0,76.4
KUH_COL,-75.5186,43.2865,528,6/27/25,0.09,65.4
KUH_COL,-75.5186,43.2865,528,6/28/25,0.06,64.7
KUH_COL,-75.5186,43.2865,528,6/29/25,0.04,72.2
KUH_COL,-75.5186,43.2865,528,6/30/25,0,65.7
,,,,,,
LET_MAC,-78.2529,42.8608,1063,1/1/25,0.06,38.9
LET_MAC,-78.2529,42.8608,1063,1/2/25,0.21,32.5
LET_MAC,-78.2529,42.8608,1063,1/3/25,0.02,27.1
LET_MAC,-78.2529,42.8608,1063,1/4/25,0.07,24.5
LET_MAC,-78.2529,42.8608,1063,1/5/25,0,21
LET_MAC,-78.2529,42.8608,1063,1/6/25,0,21.7
LET_MAC,-78.2529,42.8608,1063,1/7/25,0.02,16.6
LET_MAC,-78.2529,42.8608,1063,1/8/25,0.07,17.5
LET_MAC,-78.2529,42.8608,1063,1/9/25,0.01,13.9
LET_MAC,-78.2529,42.8608,1063,1/10/25,0,14.9
LET_MAC,-78.2529,42.8608,1063,1/11/25,0.08,18.8
LET_MAC,-78.2529,42.8608,1063,1/12/25,0,22.9
LET_MAC,-78.2529,42.8608,1063,1/13/25,0,27.9
LET_MAC,-78.2529,42.8608,1063,1/14/25,0.27,23.2
LET_MAC,-78.2529,42.8608,1063,1/15/25,0.07,15.9
LET_MAC,-78.2529,42.8608,1063,1/16/25,0.08,17.8
LET_MAC,-78.2529,42.8608,1063,1/17/25,0.05,22.8
LET_MAC,-78.2529,42.8608,1063,1/18/25,0,32.9
LET_MAC,-78.2529,42.8608,1063,1/19/25,0.28,27.6
LET_MAC,-78.2529,42.8608,1063,1/20/25,0.03,14.5
LET_MAC,-78.2529,42.8608,1063,1/21/25,0.12,6.7
LET_MAC,-78.2529,42.8608,1063,1/22/25,0.1,2.2
LET_MAC,-78.2529,42.8608,1063,1/23/25,0,3.5
LET_MAC,-78.2529,42.8608,1063,1/24/25,0.05,19
LET_MAC,-78.2529,42.8608,1063,1/25/25,0.04,15.5
LET_MAC,-78.2529,42.8608,1063,1/26/25,0.02,20.5
LET_MAC,-78.2529,42.8608,1063,1/27/25,0,25.4
LET_MAC,-78.2529,42.8608,1063,1/28/25,0.07,25.3
LET_MAC,-78.2529,42.8608,1063,1/29/25,0.16,26.2
LET_MAC,-78.2529,42.8608,1063,1/30/25,0.14,24.4
LET_MAC,-78.2529,42.8608,1063,1/31/25,0,26.8
LET_MAC,-78.2529,42.8608,1063,2/1/25,0.42,23.6
LET_MAC,-78.2529,42.8608,1063,2/2/25,0,7.3
LET_MAC,-78.2529,42.8608,1063,2/3/25,0.09,21.2
LET_MAC,-78.2529,42.8608,1063,2/4/25,0.07,34.2
LET_MAC,-78.2529,42.8608,1063,2/5/25,0.07,21.8
LET_MAC,-78.2529,42.8608,1063,2/6/25,0.14,20.6
LET_MAC,-78.2529,42.8608,1063,2/7/25,0.06,26.4
LET_MAC,-78.2529,42.8608,1063,2/8/25,0,18.2
LET_MAC,-78.2529,42.8608,1063,2/9/25,0.15,21.4
LET_MAC,-78.2529,42.8608,1063,2/10/25,0.03,21.9
LET_MAC,-78.2529,42.8608,1063,2/11/25,0.04,18
LET_MAC,-78.2529,42.8608,1063,2/12/25,0,20.9
LET_MAC,-78.2529,42.8608,1063,2/13/25,0.11,27.9
LET_MAC,-78.2529,42.8608,1063,2/14/25,0.09,26.7
LET_MAC,-78.2529,42.8608,1063,2/15/25,0,18.5
LET_MAC,-78.2529,42.8608,1063,2/16/25,0.43,24.8
LET_MAC,-78.2529,42.8608,1063,2/17/25,0.37,23.2
LET_MAC,-78.2529,42.8608,1063,2/18/25,0.02,11.2
LET_MAC,-78.2529,42.8608,1063,2/19/25,0,10.3
LET_MAC,-78.2529,42.8608,1063,2/20/25,0,14.5
LET_MAC,-78.2529,42.8608,1063,2/21/25,0.25,13.9
LET_MAC,-78.2529,42.8608,1063,2/22/25,0,16
LET_MAC,-78.2529,42.8608,1063,2/23/25,0,25.8
LET_MAC,-78.2529,42.8608,1063,2/24/25,0,29.1
LET_MAC,-78.2529,42.8608,1063,2/25/25,0,39.9
LET_MAC,-78.2529,42.8608,1063,2/26/25,0.11,37.1
LET_MAC,-78.2529,42.8608,1063,2/27/25,0.03,36.3
LET_MAC,-78.2529,42.8608,1063,2/28/25,0.16,33.2
LET_MAC,-78.2529,42.8608,1063,3/1/25,0.15,34.9
LET_MAC,-78.2529,42.8608,1063,3/2/25,0.03,16.7
LET_MAC,-78.2529,42.8608,1063,3/3/25,0,12.6
LET_MAC,-78.2529,42.8608,1063,3/4/25,0.01,25.5
LET_MAC,-78.2529,42.8608,1063,3/5/25,0.04,45.9
LET_MAC,-78.2529,42.8608,1063,3/6/25,0.28,44.1
LET_MAC,-78.2529,42.8608,1063,3/7/25,0.05,28.4
LET_MAC,-78.2529,42.8608,1063,3/8/25,0,28.1
LET_MAC,-78.2529,42.8608,1063,3/9/25,0,26.5
LET_MAC,-78.2529,42.8608,1063,3/10/25,0,37.5
LET_MAC,-78.2529,42.8608,1063,3/11/25,0,47
LET_MAC,-78.2529,42.8608,1063,3/12/25,0,41.2
LET_MAC,-78.2529,42.8608,1063,3/13/25,0,30.1
LET_MAC,-78.2529,42.8608,1063,3/14/25,0,42.5
LET_MAC,-78.2529,42.8608,1063,3/15/25,0,51
LET_MAC,-78.2529,42.8608,1063,3/16/25,0.03,55.7
LET_MAC,-78.2529,42.8608,1063,3/17/25,0.71,50.2
LET_MAC,-78.2529,42.8608,1063,3/18/25,0,30.7
LET_MAC,-78.2529,42.8608,1063,3/19/25,0,45.5
LET_MAC,-78.2529,42.8608,1063,3/20/25,0,62.4
LET_MAC,-78.2529,42.8608,1063,3/21/25,0.13,41.1
LET_MAC,-78.2529,42.8608,1063,3/22/25,0,34.7
LET_MAC,-78.2529,42.8608,1063,3/23/25,0.1,34.8
LET_MAC,-78.2529,42.8608,1063,3/24/25,0.04,33.1
LET_MAC,-78.2529,42.8608,1063,3/25/25,0.01,39.5
LET_MAC,-78.2529,42.8608,1063,3/26/25,0.02,30.9
LET_MAC,-78.2529,42.8608,1063,3/27/25,0.08,27.3
LET_MAC,-78.2529,42.8608,1063,3/28/25,0,35.1
LET_MAC,-78.2529,42.8608,1063,3/29/25,0.18,44.5
LET_MAC,-78.2529,42.8608,1063,3/30/25,0.18,39.1
LET_MAC,-78.2529,42.8608,1063,3/31/25,0.26,53
LET_MAC,-78.2529,42.8608,1063,4/1/25,0,43.9
LET_MAC,-78.2529,42.8608,1063,4/2/25,0,32
LET_MAC,-78.2529,42.8608,1063,4/3/25,0.95,42.4
LET_MAC,-78.2529,42.8608,1063,4/4/25,0,51.3
LET_MAC,-78.2529,42.8608,1063,4/5/25,0.04,44.9
LET_MAC,-78.2529,42.8608,1063,4/6/25,0.25,48.1
LET_MAC,-78.2529,42.8608,1063,4/7/25,0,34.7
LET_MAC,-78.2529,42.8608,1063,4/8/25,0.09,35.1
LET_MAC,-78.2529,42.8608,1063,4/9/25,0.06,24.8
LET_MAC,-78.2529,42.8608,1063,4/10/25,0,30
LET_MAC,-78.2529,42.8608,1063,4/11/25,0.27,35.3
LET_MAC,-78.2529,42.8608,1063,4/12/25,0,37.7
LET_MAC,-78.2529,42.8608,1063,4/13/25,0,38.1
LET_MAC,-78.2529,42.8608,1063,4/14/25,0.01,46
LET_MAC,-78.2529,42.8608,1063,4/15/25,0,53.8
LET_MAC,-78.2529,42.8608,1063,4/16/25,0.22,40.8
LET_MAC,-78.2529,42.8608,1063,4/17/25,0.04,33.2
LET_MAC,-78.2529,42.8608,1063,4/18/25,0,41.8
LET_MAC,-78.2529,42.8608,1063,4/19/25,0.27,60.3
LET_MAC,-78.2529,42.8608,1063,4/20/25,0.44,52.5
LET_MAC,-78.2529,42.8608,1063,4/21/25,0,45.4
LET_MAC,-78.2529,42.8608,1063,4/22/25,0.5,57
LET_MAC,-78.2529,42.8608,1063,4/23/25,0,45.9
LET_MAC,-78.2529,42.8608,1063,4/24/25,0,54.8
LET_MAC,-78.2529,42.8608,1063,4/25/25,0.03,65.5
LET_MAC,-78.2529,42.8608,1063,4/26/25,0.32,61.1
LET_MAC,-78.2529,42.8608,1063,4/27/25,0.13,48.5
LET_MAC,-78.2529,42.8608,1063,4/28/25,0,48.5
LET_MAC,-78.2529,42.8608,1063,4/29/25,0,58.8
LET_MAC,-78.2529,42.8608,1063,4/30/25,0.3,58.6
LET_MAC,-78.2529,42.8608,1063,5/1/25,0,46.1
LET_MAC,-78.2529,42.8608,1063,5/2/25,0.93,62
LET_MAC,-78.2529,42.8608,1063,5/3/25,0.31,55.8
LET_MAC,-78.2529,42.8608,1063,5/4/25,0.26,45.8
LET_MAC,-78.2529,42.8608,1063,5/5/25,0.06,49.9
LET_MAC,-78.2529,42.8608,1063,5/6/25,1.53,59.6
LET_MAC,-78.2529,42.8608,1063,5/7/25,0.09,58.5
LET_MAC,-78.2529,42.8608,1063,5/8/25,0,52.7
LET_MAC,-78.2529,42.8608,1063,5/9/25,0,42.2
LET_MAC,-78.2529,42.8608,1063,5/10/25,0,46.6
LET_MAC,-78.2529,42.8608,1063,5/11/25,0,54
LET_MAC,-78.2529,42.8608,1063,5/12/25,0,52.1
LET_MAC,-78.2529,42.8608,1063,5/13/25,0,69.1
LET_MAC,-78.2529,42.8608,1063,5/14/25,0.04,65.1
LET_MAC,-78.2529,42.8608,1063,5/15/25,0,62.3
LET_MAC,-78.2529,42.8608,1063,5/16/25,0.44,67.2
LET_MAC,-78.2529,42.8608,1063,5/17/25,0,68.2
LET_MAC,-78.2529,42.8608,1063,5/18/25,0.45,61.1
LET_MAC,-78.2529,42.8608,1063,5/19/25,0.01,48.6
LET_MAC,-78.2529,42.8608,1063,5/20/25,0,45.8
LET_MAC,-78.2529,42.8608,1063,5/21/25,0,48.2
LET_MAC,-78.2529,42.8608,1063,5/22/25,0.68,47.9
LET_MAC,-78.2529,42.8608,1063,5/23/25,0.35,49
LET_MAC,-78.2529,42.8608,1063,5/24/25,0.04,46
LET_MAC,-78.2529,42.8608,1063,5/25/25,0.25,48.1
LET_MAC,-78.2529,42.8608,1063,5/26/25,0.02,51.5
LET_MAC,-78.2529,42.8608,1063,5/27/25,0,57.2
LET_MAC,-78.2529,42.8608,1063,5/28/25,0,59.3
LET_MAC,-78.2529,42.8608,1063,5/29/25,0.32,55.5
LET_MAC,-78.2529,42.8608,1063,5/30/25,0,59.4
LET_MAC,-78.2529,42.8608,1063,5/31/25,0.08,58.7
LET_MAC,-78.2529,42.8608,1063,6/1/25,0.06,46.1
LET_MAC,-78.2529,42.8608,1063,6/2/25,0,50.3
LET_MAC,-78.2529,42.8608,1063,6/3/25,0,58.2
LET_MAC,-78.2529,42.8608,1063,6/4/25,0,69.6
LET_MAC,-78.2529,42.8608,1063,6/5/25,0,73.8
LET_MAC,-78.2529,42.8608,1063,6/6/25,0.2,69.1
LET_MAC,-78.2529,42.8608,1063,6/7/25,0.27,63.7
LET_MAC,-78.2529,42.8608,1063,6/8/25,0,64.2
LET_MAC,-78.2529,42.8608,1063,6/9/25,0.01,64.6
LET_MAC,-78.2529,42.8608,1063,6/10/25,0.79,66.8
LET_MAC,-78.2529,42.8608,1063,6/11/25,0,63
LET_MAC,-78.2529,42.8608,1063,6/12/25,0,67.7
LET_MAC,-78.2529,42.8608,1063,6/13/25,0,62.7
LET_MAC,-78.2529,42.8608,1063,6/14/25,0.03,61.2
LET_MAC,-78.2529,42.8608,1063,6/15/25,0,61.1
LET_MAC,-78.2529,42.8608,1063,6/16/25,0,64.1
LET_MAC,-78.2529,42.8608,1063,6/17/25,0,68.1
LET_MAC,-78.2529,42.8608,1063,6/18/25,0,72
LET_MAC,-78.2529,42.8608,1063,6/19/25,0.03,73.2
LET_MAC,-78.2529,42.8608,1063,6/20/25,0.32,67
LET_MAC,-78.2529,42.8608,1063,6/21/25,0,67.4
LET_MAC,-78.2529,42.8608,1063,6/22/25,0.02,74.5
LET_MAC,-78.2529,42.8608,1063,6/23/25,0,80.7
LET_MAC,-78.2529,42.8608,1063,6/24/25,0,82.1
LET_MAC,-78.2529,42.8608,1063,6/25/25,0,79.4
LET_MAC,-78.2529,42.8608,1063,6/26/25,0.57,73
LET_MAC,-78.2529,42.8608,1063,6/27/25,0,65.2
LET_MAC,-78.2529,42.8608,1063,6/28/25,1.2,74.7
LET_MAC,-78.2529,42.8608,1063,6/29/25,0,69.2
LET_MAC,-78.2529,42.8608,1063,6/30/25,0,69.8
,,,,,,
LET_STE_1,-77.8821,43.0255,666,1/1/25,0.05,40.8
LET_STE_1,-77.8821,43.0255,666,1/2/25,0.07,34.9
LET_STE_1,-77.8821,43.0255,666,1/3/25,0,29.3
LET_STE_1,-77.8821,43.0255,666,1/4/25,0.03,26.5
LET_STE_1,-77.8821,43.0255,666,1/5/25,0,22.8
LET_STE_1,-77.8821,43.0255,666,1/6/25,0,23.1
LET_STE_1,-77.8821,43.0255,666,1/7/25,0,17
LET_STE_1,-77.8821,43.0255,666,1/8/25,0.06,18.7
LET_STE_1,-77.8821,43.0255,666,1/9/25,0,15.4
LET_STE_1,-77.8821,43.0255,666,1/10/25,0,16.9
LET_STE_1,-77.8821,43.0255,666,1/11/25,0.04,20.1
LET_STE_1,-77.8821,43.0255,666,1/12/25,0,24.1
LET_STE_1,-77.8821,43.0255,666,1/13/25,0,29.5
LET_STE_1,-77.8821,43.0255,666,1/14/25,0.11,25.1
LET_STE_1,-77.8821,43.0255,666,1/15/25,0,18.8
LET_STE_1,-77.8821,43.0255,666,1/16/25,0,20.4
LET_STE_1,-77.8821,43.0255,666,1/17/25,0.08,24.2
LET_STE_1,-77.8821,43.0255,666,1/18/25,0,34.1
LET_STE_1,-77.8821,43.0255,666,1/19/25,0.15,29.1
LET_STE_1,-77.8821,43.0255,666,1/20/25,0.05,16.6
LET_STE_1,-77.8821,43.0255,666,1/21/25,0.03,8.6
LET_STE_1,-77.8821,43.0255,666,1/22/25,0.03,5.3
LET_STE_1,-77.8821,43.0255,666,1/23/25,0,7.1
LET_STE_1,-77.8821,43.0255,666,1/24/25,0,21.4
LET_STE_1,-77.8821,43.0255,666,1/25/25,0,18.6
LET_STE_1,-77.8821,43.0255,666,1/26/25,0,22.9
LET_STE_1,-77.8821,43.0255,666,1/27/25,0,27.9
LET_STE_1,-77.8821,43.0255,666,1/28/25,0.04,26.2
LET_STE_1,-77.8821,43.0255,666,1/29/25,0.11,26.5
LET_STE_1,-77.8821,43.0255,666,1/30/25,0.05,25.7
LET_STE_1,-77.8821,43.0255,666,1/31/25,0,27.7
LET_STE_1,-77.8821,43.0255,666,2/1/25,0.52,25.3
LET_STE_1,-77.8821,43.0255,666,2/2/25,0,7.7
LET_STE_1,-77.8821,43.0255,666,2/3/25,0.01,22.2
LET_STE_1,-77.8821,43.0255,666,2/4/25,0.14,34.6
LET_STE_1,-77.8821,43.0255,666,2/5/25,0,23.7
LET_STE_1,-77.8821,43.0255,666,2/6/25,0.11,21
LET_STE_1,-77.8821,43.0255,666,2/7/25,0.06,29.1
LET_STE_1,-77.8821,43.0255,666,2/8/25,0,20.5
LET_STE_1,-77.8821,43.0255,666,2/9/25,0.22,25.1
LET_STE_1,-77.8821,43.0255,666,2/10/25,0,24.8
LET_STE_1,-77.8821,43.0255,666,2/11/25,0.03,18.9
LET_STE_1,-77.8821,43.0255,666,2/12/25,0,22
LET_STE_1,-77.8821,43.0255,666,2/13/25,0.2,29.8
LET_STE_1,-77.8821,43.0255,666,2/14/25,0.02,29.2
LET_STE_1,-77.8821,43.0255,666,2/15/25,0,21.4
LET_STE_1,-77.8821,43.0255,666,2/16/25,0.42,26.3
LET_STE_1,-77.8821,43.0255,666,2/17/25,0.32,23.6
LET_STE_1,-77.8821,43.0255,666,2/18/25,0,13.6
LET_STE_1,-77.8821,43.0255,666,2/19/25,0,13.1
LET_STE_1,-77.8821,43.0255,666,2/20/25,0.03,16.8
LET_STE_1,-77.8821,43.0255,666,2/21/25,0.05,16.2
LET_STE_1,-77.8821,43.0255,666,2/22/25,0,17.5
LET_STE_1,-77.8821,43.0255,666,2/23/25,0,26.9
LET_STE_1,-77.8821,43.0255,666,2/24/25,0,30.6
LET_STE_1,-77.8821,43.0255,666,2/25/25,0,41.4
LET_STE_1,-77.8821,43.0255,666,2/26/25,0.08,38.3
LET_STE_1,-77.8821,43.0255,666,2/27/25,0,37.1
LET_STE_1,-77.8821,43.0255,666,2/28/25,0.04,33.8
LET_STE_1,-77.8821,43.0255,666,3/1/25,0.05,35.7
LET_STE_1,-77.8821,43.0255,666,3/2/25,0,17.8
LET_STE_1,-77.8821,43.0255,666,3/3/25,0,14.3
LET_STE_1,-77.8821,43.0255,666,3/4/25,0.02,27.7
LET_STE_1,-77.8821,43.0255,666,3/5/25,0.01,45.9
LET_STE_1,-77.8821,43.0255,666,3/6/25,0.31,46.1
LET_STE_1,-77.8821,43.0255,666,3/7/25,0.03,30.5
LET_STE_1,-77.8821,43.0255,666,3/8/25,0.03,30.3
LET_STE_1,-77.8821,43.0255,666,3/9/25,0,28.8
LET_STE_1,-77.8821,43.0255,666,3/10/25,0,39
LET_STE_1,-77.8821,43.0255,666,3/11/25,0,47.7
LET_STE_1,-77.8821,43.0255,666,3/12/25,0,42.8
LET_STE_1,-77.8821,43.0255,666,3/13/25,0,30.6
LET_STE_1,-77.8821,43.0255,666,3/14/25,0,42.1
LET_STE_1,-77.8821,43.0255,666,3/15/25,0,49.3
LET_STE_1,-77.8821,43.0255,666,3/16/25,0.01,56.2
LET_STE_1,-77.8821,43.0255,666,3/17/25,0.47,51.4
LET_STE_1,-77.8821,43.0255,666,3/18/25,0,31.5
LET_STE_1,-77.8821,43.0255,666,3/19/25,0,47.5
LET_STE_1,-77.8821,43.0255,666,3/20/25,0,62.7
LET_STE_1,-77.8821,43.0255,666,3/21/25,0.3,42.6
LET_STE_1,-77.8821,43.0255,666,3/22/25,0,36.7
LET_STE_1,-77.8821,43.0255,666,3/23/25,0.05,36.6
LET_STE_1,-77.8821,43.0255,666,3/24/25,0.02,34.4
LET_STE_1,-77.8821,43.0255,666,3/25/25,0,43.1
LET_STE_1,-77.8821,43.0255,666,3/26/25,0,33
LET_STE_1,-77.8821,43.0255,666,3/27/25,0.02,29.1
LET_STE_1,-77.8821,43.0255,666,3/28/25,0,37.2
LET_STE_1,-77.8821,43.0255,666,3/29/25,0.11,43.1
LET_STE_1,-77.8821,43.0255,666,3/30/25,0.21,34.9
LET_STE_1,-77.8821,43.0255,666,3/31/25,0.15,50.8
LET_STE_1,-77.8821,43.0255,666,4/1/25,0,46.8
LET_STE_1,-77.8821,43.0255,666,4/2/25,0,33.5
LET_STE_1,-77.8821,43.0255,666,4/3/25,0.89,42.8
LET_STE_1,-77.8821,43.0255,666,4/4/25,0,53.2
LET_STE_1,-77.8821,43.0255,666,4/5/25,0.02,45.6
LET_STE_1,-77.8821,43.0255,666,4/6/25,0.15,49.4
LET_STE_1,-77.8821,43.0255,666,4/7/25,0,36.2
LET_STE_1,-77.8821,43.0255,666,4/8/25,0.03,36.5
LET_STE_1,-77.8821,43.0255,666,4/9/25,0.01,26.4
LET_STE_1,-77.8821,43.0255,666,4/10/25,0,32.9
LET_STE_1,-77.8821,43.0255,666,4/11/25,0.28,36
LET_STE_1,-77.8821,43.0255,666,4/12/25,0.03,39.9
LET_STE_1,-77.8821,43.0255,666,4/13/25,0,39.1
LET_STE_1,-77.8821,43.0255,666,4/14/25,0,47.2
LET_STE_1,-77.8821,43.0255,666,4/15/25,0,54.2
LET_STE_1,-77.8821,43.0255,666,4/16/25,0.08,43
LET_STE_1,-77.8821,43.0255,666,4/17/25,0.02,34.7
LET_STE_1,-77.8821,43.0255,666,4/18/25,0,43.8
LET_STE_1,-77.8821,43.0255,666,4/19/25,0.04,59.5
LET_STE_1,-77.8821,43.0255,666,4/20/25,0.22,54.9
LET_STE_1,-77.8821,43.0255,666,4/21/25,0,45.5
LET_STE_1,-77.8821,43.0255,666,4/22/25,0.38,56.2
LET_STE_1,-77.8821,43.0255,666,4/23/25,0,46.5
LET_STE_1,-77.8821,43.0255,666,4/24/25,0,55.7
LET_STE_1,-77.8821,43.0255,666,4/25/25,0.01,65.8
LET_STE_1,-77.8821,43.0255,666,4/26/25,0.21,58.9
LET_STE_1,-77.8821,43.0255,666,4/27/25,0.02,50.5
LET_STE_1,-77.8821,43.0255,666,4/28/25,0,49.5
LET_STE_1,-77.8821,43.0255,666,4/29/25,0,59.8
LET_STE_1,-77.8821,43.0255,666,4/30/25,0.11,60.4
LET_STE_1,-77.8821,43.0255,666,5/1/25,0,47.2
LET_STE_1,-77.8821,43.0255,666,5/2/25,0.74,60.9
LET_STE_1,-77.8821,43.0255,666,5/3/25,0.23,57.6
LET_STE_1,-77.8821,43.0255,666,5/4/25,0.19,45.2
LET_STE_1,-77.8821,43.0255,666,5/5/25,0.01,50.8
LET_STE_1,-77.8821,43.0255,666,5/6/25,0.43,58.8
LET_STE_1,-77.8821,43.0255,666,5/7/25,0.39,60.3
LET_STE_1,-77.8821,43.0255,666,5/8/25,0,54.7
LET_STE_1,-77.8821,43.0255,666,5/9/25,0,42.7
LET_STE_1,-77.8821,43.0255,666,5/10/25,0,48.5
LET_STE_1,-77.8821,43.0255,666,5/11/25,0,55.5
LET_STE_1,-77.8821,43.0255,666,5/12/25,0,51.2
LET_STE_1,-77.8821,43.0255,666,5/13/25,0,67.9
LET_STE_1,-77.8821,43.0255,666,5/14/25,0.09,66.6
LET_STE_1,-77.8821,43.0255,666,5/15/25,0,63.8
LET_STE_1,-77.8821,43.0255,666,5/16/25,0.14,68.1
LET_STE_1,-77.8821,43.0255,666,5/17/25,0,69.8
LET_STE_1,-77.8821,43.0255,666,5/18/25,0.42,64
LET_STE_1,-77.8821,43.0255,666,5/19/25,0.01,51.6
LET_STE_1,-77.8821,43.0255,666,5/20/25,0,47.4
LET_STE_1,-77.8821,43.0255,666,5/21/25,0,50.4
LET_STE_1,-77.8821,43.0255,666,5/22/25,0.98,50
LET_STE_1,-77.8821,43.0255,666,5/23/25,0.4,51.4
LET_STE_1,-77.8821,43.0255,666,5/24/25,0.03,48.5
LET_STE_1,-77.8821,43.0255,666,5/25/25,0.09,50.9
LET_STE_1,-77.8821,43.0255,666,5/26/25,0.18,52.3
LET_STE_1,-77.8821,43.0255,666,5/27/25,0,57.2
LET_STE_1,-77.8821,43.0255,666,5/28/25,0,60.3
LET_STE_1,-77.8821,43.0255,666,5/29/25,0.62,58.5
LET_STE_1,-77.8821,43.0255,666,5/30/25,0,61.8
LET_STE_1,-77.8821,43.0255,666,5/31/25,0.17,60.9
LET_STE_1,-77.8821,43.0255,666,6/1/25,0.01,48.6
LET_STE_1,-77.8821,43.0255,666,6/2/25,0,51.6
LET_STE_1,-77.8821,43.0255,666,6/3/25,0,60.2
LET_STE_1,-77.8821,43.0255,666,6/4/25,0,70.4
LET_STE_1,-77.8821,43.0255,666,6/5/25,0,74
LET_STE_1,-77.8821,43.0255,666,6/6/25,0.1,70.2
LET_STE_1,-77.8821,43.0255,666,6/7/25,0.19,64.5
LET_STE_1,-77.8821,43.0255,666,6/8/25,0,64.6
LET_STE_1,-77.8821,43.0255,666,6/9/25,0.06,66.2
LET_STE_1,-77.8821,43.0255,666,6/10/25,0.51,68.9
LET_STE_1,-77.8821,43.0255,666,6/11/25,0,64.8
LET_STE_1,-77.8821,43.0255,666,6/12/25,0,70.2
LET_STE_1,-77.8821,43.0255,666,6/13/25,0,64.3
LET_STE_1,-77.8821,43.0255,666,6/14/25,0.04,62.4
LET_STE_1,-77.8821,43.0255,666,6/15/25,0,63.4
LET_STE_1,-77.8821,43.0255,666,6/16/25,0,64.5
LET_STE_1,-77.8821,43.0255,666,6/17/25,0,68.6
LET_STE_1,-77.8821,43.0255,666,6/18/25,0,74.2
LET_STE_1,-77.8821,43.0255,666,6/19/25,1.22,75.9
LET_STE_1,-77.8821,43.0255,666,6/20/25,0.07,69.7
LET_STE_1,-77.8821,43.0255,666,6/21/25,0,69.6
LET_STE_1,-77.8821,43.0255,666,6/22/25,0,77.1
LET_STE_1,-77.8821,43.0255,666,6/23/25,0,82.1
LET_STE_1,-77.8821,43.0255,666,6/24/25,0,83.9
LET_STE_1,-77.8821,43.0255,666,6/25/25,0,81.6
LET_STE_1,-77.8821,43.0255,666,6/26/25,0.46,72.9
LET_STE_1,-77.8821,43.0255,666,6/27/25,0.03,64.4
LET_STE_1,-77.8821,43.0255,666,6/28/25,1.11,75.1
LET_STE_1,-77.8821,43.0255,666,6/29/25,0,70.5
LET_STE_1,-77.8821,43.0255,666,6/30/25,0,71
,,,,,,
LET_STE_2,-77.8844,43.0255,666,1/1/25,0.05,40.8
LET_STE_2,-77.8844,43.0255,666,1/2/25,0.07,34.9
LET_STE_2,-77.8844,43.0255,666,1/3/25,0,29.3
LET_STE_2,-77.8844,43.0255,666,1/4/25,0.03,26.5
LET_STE_2,-77.8844,43.0255,666,1/5/25,0,22.8
LET_STE_2,-77.8844,43.0255,666,1/6/25,0,23.1
LET_STE_2,-77.8844,43.0255,666,1/7/25,0,17
LET_STE_2,-77.8844,43.0255,666,1/8/25,0.06,18.7
LET_STE_2,-77.8844,43.0255,666,1/9/25,0,15.4
LET_STE_2,-77.8844,43.0255,666,1/10/25,0,16.9
LET_STE_2,-77.8844,43.0255,666,1/11/25,0.04,20.1
LET_STE_2,-77.8844,43.0255,666,1/12/25,0,24.1
LET_STE_2,-77.8844,43.0255,666,1/13/25,0,29.5
LET_STE_2,-77.8844,43.0255,666,1/14/25,0.11,25.1
LET_STE_2,-77.8844,43.0255,666,1/15/25,0,18.8
LET_STE_2,-77.8844,43.0255,666,1/16/25,0,20.4
LET_STE_2,-77.8844,43.0255,666,1/17/25,0.08,24.2
LET_STE_2,-77.8844,43.0255,666,1/18/25,0,34.1
LET_STE_2,-77.8844,43.0255,666,1/19/25,0.15,29.1
LET_STE_2,-77.8844,43.0255,666,1/20/25,0.05,16.6
LET_STE_2,-77.8844,43.0255,666,1/21/25,0.03,8.6
LET_STE_2,-77.8844,43.0255,666,1/22/25,0.03,5.3
LET_STE_2,-77.8844,43.0255,666,1/23/25,0,7.1
LET_STE_2,-77.8844,43.0255,666,1/24/25,0,21.4
LET_STE_2,-77.8844,43.0255,666,1/25/25,0,18.6
LET_STE_2,-77.8844,43.0255,666,1/26/25,0,22.9
LET_STE_2,-77.8844,43.0255,666,1/27/25,0,27.9
LET_STE_2,-77.8844,43.0255,666,1/28/25,0.04,26.2
LET_STE_2,-77.8844,43.0255,666,1/29/25,0.11,26.5
LET_STE_2,-77.8844,43.0255,666,1/30/25,0.05,25.7
LET_STE_2,-77.8844,43.0255,666,1/31/25,0,27.7
LET_STE_2,-77.8844,43.0255,666,2/1/25,0.52,25.3
LET_STE_2,-77.8844,43.0255,666,2/2/25,0,7.7
LET_STE_2,-77.8844,43.0255,666,2/3/25,0.01,22.2
LET_STE_2,-77.8844,43.0255,666,2/4/25,0.14,34.6
LET_STE_2,-77.8844,43.0255,666,2/5/25,0,23.7
LET_STE_2,-77.8844,43.0255,666,2/6/25,0.11,21
LET_STE_2,-77.8844,43.0255,666,2/7/25,0.06,29.1
LET_STE_2,-77.8844,43.0255,666,2/8/25,0,20.5
LET_STE_2,-77.8844,43.0255,666,2/9/25,0.22,25.1
LET_STE_2,-77.8844,43.0255,666,2/10/25,0,24.8
LET_STE_2,-77.8844,43.0255,666,2/11/25,0.03,18.9
LET_STE_2,-77.8844,43.0255,666,2/12/25,0,22
LET_STE_2,-77.8844,43.0255,666,2/13/25,0.2,29.8
LET_STE_2,-77.8844,43.0255,666,2/14/25,0.02,29.2
LET_STE_2,-77.8844,43.0255,666,2/15/25,0,21.4
LET_STE_2,-77.8844,43.0255,666,2/16/25,0.42,26.3
LET_STE_2,-77.8844,43.0255,666,2/17/25,0.32,23.6
LET_STE_2,-77.8844,43.0255,666,2/18/25,0,13.6
LET_STE_2,-77.8844,43.0255,666,2/19/25,0,13.1
LET_STE_2,-77.8844,43.0255,666,2/20/25,0.03,16.8
LET_STE_2,-77.8844,43.0255,666,2/21/25,0.05,16.2
LET_STE_2,-77.8844,43.0255,666,2/22/25,0,17.5
LET_STE_2,-77.8844,43.0255,666,2/23/25,0,26.9
LET_STE_2,-77.8844,43.0255,666,2/24/25,0,30.6
LET_STE_2,-77.8844,43.0255,666,2/25/25,0,41.4
LET_STE_2,-77.8844,43.0255,666,2/26/25,0.08,38.3
LET_STE_2,-77.8844,43.0255,666,2/27/25,0,37.1
LET_STE_2,-77.8844,43.0255,666,2/28/25,0.04,33.8
LET_STE_2,-77.8844,43.0255,666,3/1/25,0.05,35.7
LET_STE_2,-77.8844,43.0255,666,3/2/25,0,17.8
LET_STE_2,-77.8844,43.0255,666,3/3/25,0,14.3
LET_STE_2,-77.8844,43.0255,666,3/4/25,0.02,27.7
LET_STE_2,-77.8844,43.0255,666,3/5/25,0.01,45.9
LET_STE_2,-77.8844,43.0255,666,3/6/25,0.31,46.1
LET_STE_2,-77.8844,43.0255,666,3/7/25,0.03,30.5
LET_STE_2,-77.8844,43.0255,666,3/8/25,0.03,30.3
LET_STE_2,-77.8844,43.0255,666,3/9/25,0,28.8
LET_STE_2,-77.8844,43.0255,666,3/10/25,0,39
LET_STE_2,-77.8844,43.0255,666,3/11/25,0,47.7
LET_STE_2,-77.8844,43.0255,666,3/12/25,0,42.8
LET_STE_2,-77.8844,43.0255,666,3/13/25,0,30.6
LET_STE_2,-77.8844,43.0255,666,3/14/25,0,42.1
LET_STE_2,-77.8844,43.0255,666,3/15/25,0,49.3
LET_STE_2,-77.8844,43.0255,666,3/16/25,0.01,56.2
LET_STE_2,-77.8844,43.0255,666,3/17/25,0.47,51.4
LET_STE_2,-77.8844,43.0255,666,3/18/25,0,31.5
LET_STE_2,-77.8844,43.0255,666,3/19/25,0,47.5
LET_STE_2,-77.8844,43.0255,666,3/20/25,0,62.7
LET_STE_2,-77.8844,43.0255,666,3/21/25,0.3,42.6
LET_STE_2,-77.8844,43.0255,666,3/22/25,0,36.7
LET_STE_2,-77.8844,43.0255,666,3/23/25,0.05,36.6
LET_STE_2,-77.8844,43.0255,666,3/24/25,0.02,34.4
LET_STE_2,-77.8844,43.0255,666,3/25/25,0,43.1
LET_STE_2,-77.8844,43.0255,666,3/26/25,0,33
LET_STE_2,-77.8844,43.0255,666,3/27/25,0.02,29.1
LET_STE_2,-77.8844,43.0255,666,3/28/25,0,37.2
LET_STE_2,-77.8844,43.0255,666,3/29/25,0.11,43.1
LET_STE_2,-77.8844,43.0255,666,3/30/25,0.21,34.9
LET_STE_2,-77.8844,43.0255,666,3/31/25,0.15,50.8
LET_STE_2,-77.8844,43.0255,666,4/1/25,0,46.8
LET_STE_2,-77.8844,43.0255,666,4/2/25,0,33.5
LET_STE_2,-77.8844,43.0255,666,4/3/25,0.89,42.8
LET_STE_2,-77.8844,43.0255,666,4/4/25,0,53.2
LET_STE_2,-77.8844,43.0255,666,4/5/25,0.02,45.6
LET_STE_2,-77.8844,43.0255,666,4/6/25,0.15,49.4
LET_STE_2,-77.8844,43.0255,666,4/7/25,0,36.2
LET_STE_2,-77.8844,43.0255,666,4/8/25,0.03,36.5
LET_STE_2,-77.8844,43.0255,666,4/9/25,0.01,26.4
LET_STE_2,-77.8844,43.0255,666,4/10/25,0,32.9
LET_STE_2,-77.8844,43.0255,666,4/11/25,0.28,36
LET_STE_2,-77.8844,43.0255,666,4/12/25,0.03,39.9
LET_STE_2,-77.8844,43.0255,666,4/13/25,0,39.1
LET_STE_2,-77.8844,43.0255,666,4/14/25,0,47.2
LET_STE_2,-77.8844,43.0255,666,4/15/25,0,54.2
LET_STE_2,-77.8844,43.0255,666,4/16/25,0.08,43
LET_STE_2,-77.8844,43.0255,666,4/17/25,0.02,34.7
LET_STE_2,-77.8844,43.0255,666,4/18/25,0,43.8
LET_STE_2,-77.8844,43.0255,666,4/19/25,0.04,59.5
LET_STE_2,-77.8844,43.0255,666,4/20/25,0.22,54.9
LET_STE_2,-77.8844,43.0255,666,4/21/25,0,45.5
LET_STE_2,-77.8844,43.0255,666,4/22/25,0.38,56.2
LET_STE_2,-77.8844,43.0255,666,4/23/25,0,46.5
LET_STE_2,-77.8844,43.0255,666,4/24/25,0,55.7
LET_STE_2,-77.8844,43.0255,666,4/25/25,0.01,65.8
LET_STE_2,-77.8844,43.0255,666,4/26/25,0.21,58.9
LET_STE_2,-77.8844,43.0255,666,4/27/25,0.02,50.5
LET_STE_2,-77.8844,43.0255,666,4/28/25,0,49.5
LET_STE_2,-77.8844,43.0255,666,4/29/25,0,59.8
LET_STE_2,-77.8844,43.0255,666,4/30/25,0.11,60.4
LET_STE_2,-77.8844,43.0255,666,5/1/25,0,47.2
LET_STE_2,-77.8844,43.0255,666,5/2/25,0.74,60.9
LET_STE_2,-77.8844,43.0255,666,5/3/25,0.23,57.6
LET_STE_2,-77.8844,43.0255,666,5/4/25,0.19,45.2
LET_STE_2,-77.8844,43.0255,666,5/5/25,0.01,50.8
LET_STE_2,-77.8844,43.0255,666,5/6/25,0.43,58.8
LET_STE_2,-77.8844,43.0255,666,5/7/25,0.39,60.3
LET_STE_2,-77.8844,43.0255,666,5/8/25,0,54.7
LET_STE_2,-77.8844,43.0255,666,5/9/25,0,42.7
LET_STE_2,-77.8844,43.0255,666,5/10/25,0,48.5
LET_STE_2,-77.8844,43.0255,666,5/11/25,0,55.5
LET_STE_2,-77.8844,43.0255,666,5/12/25,0,51.2
LET_STE_2,-77.8844,43.0255,666,5/13/25,0,67.9
LET_STE_2,-77.8844,43.0255,666,5/14/25,0.09,66.6
LET_STE_2,-77.8844,43.0255,666,5/15/25,0,63.8
LET_STE_2,-77.8844,43.0255,666,5/16/25,0.14,68.1
LET_STE_2,-77.8844,43.0255,666,5/17/25,0,69.8
LET_STE_2,-77.8844,43.0255,666,5/18/25,0.42,64
LET_STE_2,-77.8844,43.0255,666,5/19/25,0.01,51.6
LET_STE_2,-77.8844,43.0255,666,5/20/25,0,47.4
LET_STE_2,-77.8844,43.0255,666,5/21/25,0,50.4
LET_STE_2,-77.8844,43.0255,666,5/22/25,0.98,50
LET_STE_2,-77.8844,43.0255,666,5/23/25,0.4,51.4
LET_STE_2,-77.8844,43.0255,666,5/24/25,0.03,48.5
LET_STE_2,-77.8844,43.0255,666,5/25/25,0.09,50.9
LET_STE_2,-77.8844,43.0255,666,5/26/25,0.18,52.3
LET_STE_2,-77.8844,43.0255,666,5/27/25,0,57.2
LET_STE_2,-77.8844,43.0255,666,5/28/25,0,60.3
LET_STE_2,-77.8844,43.0255,666,5/29/25,0.62,58.5
LET_STE_2,-77.8844,43.0255,666,5/30/25,0,61.8
LET_STE_2,-77.8844,43.0255,666,5/31/25,0.17,60.9
LET_STE_2,-77.8844,43.0255,666,6/1/25,0.01,48.6
LET_STE_2,-77.8844,43.0255,666,6/2/25,0,51.6
LET_STE_2,-77.8844,43.0255,666,6/3/25,0,60.2
LET_STE_2,-77.8844,43.0255,666,6/4/25,0,70.4
LET_STE_2,-77.8844,43.0255,666,6/5/25,0,74
LET_STE_2,-77.8844,43.0255,666,6/6/25,0.1,70.2
LET_STE_2,-77.8844,43.0255,666,6/7/25,0.19,64.5
LET_STE_2,-77.8844,43.0255,666,6/8/25,0,64.6
LET_STE_2,-77.8844,43.0255,666,6/9/25,0.06,66.2
LET_STE_2,-77.8844,43.0255,666,6/10/25,0.51,68.9
LET_STE_2,-77.8844,43.0255,666,6/11/25,0,64.8
LET_STE_2,-77.8844,43.0255,666,6/12/25,0,70.2
LET_STE_2,-77.8844,43.0255,666,6/13/25,0,64.3
LET_STE_2,-77.8844,43.0255,666,6/14/25,0.04,62.4
LET_STE_2,-77.8844,43.0255,666,6/15/25,0,63.4
LET_STE_2,-77.8844,43.0255,666,6/16/25,0,64.5
LET_STE_2,-77.8844,43.0255,666,6/17/25,0,68.6
LET_STE_2,-77.8844,43.0255,666,6/18/25,0,74.2
LET_STE_2,-77.8844,43.0255,666,6/19/25,1.22,75.9
LET_STE_2,-77.8844,43.0255,666,6/20/25,0.07,69.7
LET_STE_2,-77.8844,43.0255,666,6/21/25,0,69.6
LET_STE_2,-77.8844,43.0255,666,6/22/25,0,77.1
LET_STE_2,-77.8844,43.0255,666,6/23/25,0,82.1
LET_STE_2,-77.8844,43.0255,666,6/24/25,0,83.9
LET_STE_2,-77.8844,43.0255,666,6/25/25,0,81.6
LET_STE_2,-77.8844,43.0255,666,6/26/25,0.46,72.9
LET_STE_2,-77.8844,43.0255,666,6/27/25,0.03,64.4
LET_STE_2,-77.8844,43.0255,666,6/28/25,1.11,75.1
LET_STE_2,-77.8844,43.0255,666,6/29/25,0,70.5
LET_STE_2,-77.8844,43.0255,666,6/30/25,0,71
,,,,,,
LET_VER,-78.5547,43.2147,427,1/1/25,0.04,39
LET_VER,-78.5547,43.2147,427,1/2/25,0.16,34.5
LET_VER,-78.5547,43.2147,427,1/3/25,0.01,30
LET_VER,-78.5547,43.2147,427,1/4/25,0.03,27.8
LET_VER,-78.5547,43.2147,427,1/5/25,0.15,23.3
LET_VER,-78.5547,43.2147,427,1/6/25,0,23.9
LET_VER,-78.5547,43.2147,427,1/7/25,0.04,18.9
LET_VER,-78.5547,43.2147,427,1/8/25,0.02,20.4
LET_VER,-78.5547,43.2147,427,1/9/25,0,17.2
LET_VER,-78.5547,43.2147,427,1/10/25,0,17.5
LET_VER,-78.5547,43.2147,427,1/11/25,0.2,21.3
LET_VER,-78.5547,43.2147,427,1/12/25,0,24.6
LET_VER,-78.5547,43.2147,427,1/13/25,0,29
LET_VER,-78.5547,43.2147,427,1/14/25,0.01,25.6
LET_VER,-78.5547,43.2147,427,1/15/25,0.05,20
LET_VER,-78.5547,43.2147,427,1/16/25,0.03,21.3
LET_VER,-78.5547,43.2147,427,1/17/25,0.06,25.1
LET_VER,-78.5547,43.2147,427,1/18/25,0,36.1
LET_VER,-78.5547,43.2147,427,1/19/25,0.16,30.2
LET_VER,-78.5547,43.2147,427,1/20/25,0.28,17.7
LET_VER,-78.5547,43.2147,427,1/21/25,0.05,8.5
LET_VER,-78.5547,43.2147,427,1/22/25,0.07,4.7
LET_VER,-78.5547,43.2147,427,1/23/25,0,6.6
LET_VER,-78.5547,43.2147,427,1/24/25,0.08,21.1
LET_VER,-78.5547,43.2147,427,1/25/25,0,18
LET_VER,-78.5547,43.2147,427,1/26/25,0,23.3
LET_VER,-78.5547,43.2147,427,1/27/25,0,28.5
LET_VER,-78.5547,43.2147,427,1/28/25,0.05,26.4
LET_VER,-78.5547,43.2147,427,1/29/25,0.07,27.7
LET_VER,-78.5547,43.2147,427,1/30/25,0.02,27
LET_VER,-78.5547,43.2147,427,1/31/25,0,29
LET_VER,-78.5547,43.2147,427,2/1/25,0.54,24.5
LET_VER,-78.5547,43.2147,427,2/2/25,0,9.2
LET_VER,-78.5547,43.2147,427,2/3/25,0.02,21.8
LET_VER,-78.5547,43.2147,427,2/4/25,0.12,34.3
LET_VER,-78.5547,43.2147,427,2/5/25,0.02,25.5
LET_VER,-78.5547,43.2147,427,2/6/25,0.04,19.6
LET_VER,-78.5547,43.2147,427,2/7/25,0.06,27.6
LET_VER,-78.5547,43.2147,427,2/8/25,0,21.1
LET_VER,-78.5547,43.2147,427,2/9/25,0.33,24.8
LET_VER,-78.5547,43.2147,427,2/10/25,0.06,26.2
LET_VER,-78.5547,43.2147,427,2/11/25,0,18.8
LET_VER,-78.5547,43.2147,427,2/12/25,0,22.2
LET_VER,-78.5547,43.2147,427,2/13/25,0.3,27
LET_VER,-78.5547,43.2147,427,2/14/25,0.02,27.5
LET_VER,-78.5547,43.2147,427,2/15/25,0,21.4
LET_VER,-78.5547,43.2147,427,2/16/25,0.3,25.5
LET_VER,-78.5547,43.2147,427,2/17/25,0.52,22.9
LET_VER,-78.5547,43.2147,427,2/18/25,0.08,13.8
LET_VER,-78.5547,43.2147,427,2/19/25,0,13.8
LET_VER,-78.5547,43.2147,427,2/20/25,0,18.1
LET_VER,-78.5547,43.2147,427,2/21/25,0.18,17.1
LET_VER,-78.5547,43.2147,427,2/22/25,0,17.9
LET_VER,-78.5547,43.2147,427,2/23/25,0.02,26.5
LET_VER,-78.5547,43.2147,427,2/24/25,0,30.6
LET_VER,-78.5547,43.2147,427,2/25/25,0,41.7
LET_VER,-78.5547,43.2147,427,2/26/25,0.11,37.2
LET_VER,-78.5547,43.2147,427,2/27/25,0.02,36.9
LET_VER,-78.5547,43.2147,427,2/28/25,0.09,31.1
LET_VER,-78.5547,43.2147,427,3/1/25,0.08,35.4
LET_VER,-78.5547,43.2147,427,3/2/25,0,17.1
LET_VER,-78.5547,43.2147,427,3/3/25,0,14.9
LET_VER,-78.5547,43.2147,427,3/4/25,0,28.1
LET_VER,-78.5547,43.2147,427,3/5/25,0.05,45.4
LET_VER,-78.5547,43.2147,427,3/6/25,0.33,47
LET_VER,-78.5547,43.2147,427,3/7/25,0.01,30.5
LET_VER,-78.5547,43.2147,427,3/8/25,0,31.1
LET_VER,-78.5547,43.2147,427,3/9/25,0,29.8
LET_VER,-78.5547,43.2147,427,3/10/25,0,38.2
LET_VER,-78.5547,43.2147,427,3/11/25,0,46.1
LET_VER,-78.5547,43.2147,427,3/12/25,0,41.4
LET_VER,-78.5547,43.2147,427,3/13/25,0,31.4
LET_VER,-78.5547,43.2147,427,3/14/25,0,38.5
LET_VER,-78.5547,43.2147,427,3/15/25,0,48.5
LET_VER,-78.5547,43.2147,427,3/16/25,0.13,60
LET_VER,-78.5547,43.2147,427,3/17/25,0.19,53.2
LET_VER,-78.5547,43.2147,427,3/18/25,0,33.3
LET_VER,-78.5547,43.2147,427,3/19/25,0,46.5
LET_VER,-78.5547,43.2147,427,3/20/25,0,61.1
LET_VER,-78.5547,43.2147,427,3/21/25,0.02,41.9
LET_VER,-78.5547,43.2147,427,3/22/25,0,35.8
LET_VER,-78.5547,43.2147,427,3/23/25,0.08,36.1
LET_VER,-78.5547,43.2147,427,3/24/25,0.03,35.6
LET_VER,-78.5547,43.2147,427,3/25/25,0,42
LET_VER,-78.5547,43.2147,427,3/26/25,0,33.6
LET_VER,-78.5547,43.2147,427,3/27/25,0.01,29.1
LET_VER,-78.5547,43.2147,427,3/28/25,0,36.7
LET_VER,-78.5547,43.2147,427,3/29/25,0.13,42.5
LET_VER,-78.5547,43.2147,427,3/30/25,0.46,34.7
LET_VER,-78.5547,43.2147,427,3/31/25,0.07,48.5
LET_VER,-78.5547,43.2147,427,4/1/25,0,44.7
LET_VER,-78.5547,43.2147,427,4/2/25,0,33.5
LET_VER,-78.5547,43.2147,427,4/3/25,1.31,44.8
LET_VER,-78.5547,43.2147,427,4/4/25,0,51.1
LET_VER,-78.5547,43.2147,427,4/5/25,0.02,44.8
LET_VER,-78.5547,43.2147,427,4/6/25,0.11,49.7
LET_VER,-78.5547,43.2147,427,4/7/25,0,35.7
LET_VER,-78.5547,43.2147,427,4/8/25,0.02,37.1
LET_VER,-78.5547,43.2147,427,4/9/25,0.01,26.7
LET_VER,-78.5547,43.2147,427,4/10/25,0,33.2
LET_VER,-78.5547,43.2147,427,4/11/25,0.26,37.7
LET_VER,-78.5547,43.2147,427,4/12/25,0,37.9
LET_VER,-78.5547,43.2147,427,4/13/25,0,39
LET_VER,-78.5547,43.2147,427,4/14/25,0.02,48.6
LET_VER,-78.5547,43.2147,427,4/15/25,0,55
LET_VER,-78.5547,43.2147,427,4/16/25,0.23,43.8
LET_VER,-78.5547,43.2147,427,4/17/25,0,34.2
LET_VER,-78.5547,43.2147,427,4/18/25,0,44.4
LET_VER,-78.5547,43.2147,427,4/19/25,0,61.2
LET_VER,-78.5547,43.2147,427,4/20/25,0.09,52.6
LET_VER,-78.5547,43.2147,427,4/21/25,0,45.7
LET_VER,-78.5547,43.2147,427,4/22/25,0.92,55.7
LET_VER,-78.5547,43.2147,427,4/23/25,0,46
LET_VER,-78.5547,43.2147,427,4/24/25,0,55.5
LET_VER,-78.5547,43.2147,427,4/25/25,0.03,64.8
LET_VER,-78.5547,43.2147,427,4/26/25,0.47,58.7
LET_VER,-78.5547,43.2147,427,4/27/25,0.01,48.1
LET_VER,-78.5547,43.2147,427,4/28/25,0,50.3
LET_VER,-78.5547,43.2147,427,4/29/25,0,58.8
LET_VER,-78.5547,43.2147,427,4/30/25,0.21,58.9
LET_VER,-78.5547,43.2147,427,5/1/25,0,47.5
LET_VER,-78.5547,43.2147,427,5/2/25,0.38,57.5
LET_VER,-78.5547,43.2147,427,5/3/25,0.18,57.1
LET_VER,-78.5547,43.2147,427,5/4/25,0.26,46.2
LET_VER,-78.5547,43.2147,427,5/5/25,0.06,51.9
LET_VER,-78.5547,43.2147,427,5/6/25,0.78,58.7
LET_VER,-78.5547,43.2147,427,5/7/25,0,61.2
LET_VER,-78.5547,43.2147,427,5/8/25,0,56.1
LET_VER,-78.5547,43.2147,427,5/9/25,0,42.5
LET_VER,-78.5547,43.2147,427,5/10/25,0,49.6
LET_VER,-78.5547,43.2147,427,5/11/25,0,55.1
LET_VER,-78.5547,43.2147,427,5/12/25,0,50.5
LET_VER,-78.5547,43.2147,427,5/13/25,0,66.5
LET_VER,-78.5547,43.2147,427,5/14/25,0.1,67.9
LET_VER,-78.5547,43.2147,427,5/15/25,0,66.2
LET_VER,-78.5547,43.2147,427,5/16/25,0.2,68.5
LET_VER,-78.5547,43.2147,427,5/17/25,0,67.6
LET_VER,-78.5547,43.2147,427,5/18/25,0.04,64
LET_VER,-78.5547,43.2147,427,5/19/25,0.03,52.1
LET_VER,-78.5547,43.2147,427,5/20/25,0,47.4
LET_VER,-78.5547,43.2147,427,5/21/25,0,52.9
LET_VER,-78.5547,43.2147,427,5/22/25,0.68,51.4
LET_VER,-78.5547,43.2147,427,5/23/25,0.73,50.8
LET_VER,-78.5547,43.2147,427,5/24/25,0.04,49.7
LET_VER,-78.5547,43.2147,427,5/25/25,0,51.2
LET_VER,-78.5547,43.2147,427,5/26/25,0.05,52.7
LET_VER,-78.5547,43.2147,427,5/27/25,0,56.9
LET_VER,-78.5547,43.2147,427,5/28/25,0,59.7
LET_VER,-78.5547,43.2147,427,5/29/25,0.1,60.4
LET_VER,-78.5547,43.2147,427,5/30/25,0,62.7
LET_VER,-78.5547,43.2147,427,5/31/25,0.03,62.3
LET_VER,-78.5547,43.2147,427,6/1/25,0,48.4
LET_VER,-78.5547,43.2147,427,6/2/25,0,51.7
LET_VER,-78.5547,43.2147,427,6/3/25,0,60.2
LET_VER,-78.5547,43.2147,427,6/4/25,0,69.7
LET_VER,-78.5547,43.2147,427,6/5/25,0,73.8
LET_VER,-78.5547,43.2147,427,6/6/25,0.08,68.4
LET_VER,-78.5547,43.2147,427,6/7/25,0,64.5
LET_VER,-78.5547,43.2147,427,6/8/25,0,65.9
LET_VER,-78.5547,43.2147,427,6/9/25,0.03,65.8
LET_VER,-78.5547,43.2147,427,6/10/25,0.25,66.9
LET_VER,-78.5547,43.2147,427,6/11/25,0,65.6
LET_VER,-78.5547,43.2147,427,6/12/25,0,68.1
LET_VER,-78.5547,43.2147,427,6/13/25,0,65.7
LET_VER,-78.5547,43.2147,427,6/14/25,0,62.9
LET_VER,-78.5547,43.2147,427,6/15/25,0,62.2
LET_VER,-78.5547,43.2147,427,6/16/25,0,64.1
LET_VER,-78.5547,43.2147,427,6/17/25,0,69.2
LET_VER,-78.5547,43.2147,427,6/18/25,0,74.4
LET_VER,-78.5547,43.2147,427,6/19/25,0.14,75.9
LET_VER,-78.5547,43.2147,427,6/20/25,0.03,68.3
LET_VER,-78.5547,43.2147,427,6/21/25,0.07,70.2
LET_VER,-78.5547,43.2147,427,6/22/25,0,75.8
LET_VER,-78.5547,43.2147,427,6/23/25,0,81.8
LET_VER,-78.5547,43.2147,427,6/24/25,0,83.3
LET_VER,-78.5547,43.2147,427,6/25/25,0,80.9
LET_VER,-78.5547,43.2147,427,6/26/25,0.85,73.3
LET_VER,-78.5547,43.2147,427,6/27/25,0.05,64.8
LET_VER,-78.5547,43.2147,427,6/28/25,0.07,77.9
LET_VER,-78.5547,43.2147,427,6/29/25,0,68.9
LET_VER,-78.5547,43.2147,427,6/30/25,0,70.8
,,,,,,
LET_WAT,-77.706,42.943,659,1/1/25,0.07,40.4
LET_WAT,-77.706,42.943,659,1/2/25,0.05,34.5
LET_WAT,-77.706,42.943,659,1/3/25,0,29.2
LET_WAT,-77.706,42.943,659,1/4/25,0.02,26.1
LET_WAT,-77.706,42.943,659,1/5/25,0,22.9
LET_WAT,-77.706,42.943,659,1/6/25,0,22.2
LET_WAT,-77.706,42.943,659,1/7/25,0,16.3
LET_WAT,-77.706,42.943,659,1/8/25,0.06,18.2
LET_WAT,-77.706,42.943,659,1/9/25,0,15
LET_WAT,-77.706,42.943,659,1/10/25,0,16.1
LET_WAT,-77.706,42.943,659,1/11/25,0.08,19
LET_WAT,-77.706,42.943,659,1/12/25,0,23.7
LET_WAT,-77.706,42.943,659,1/13/25,0,29.3
LET_WAT,-77.706,42.943,659,1/14/25,0.04,24.5
LET_WAT,-77.706,42.943,659,1/15/25,0,18.3
LET_WAT,-77.706,42.943,659,1/16/25,0.01,20.1
LET_WAT,-77.706,42.943,659,1/17/25,0.05,23.9
LET_WAT,-77.706,42.943,659,1/18/25,0,33.7
LET_WAT,-77.706,42.943,659,1/19/25,0.09,28.7
LET_WAT,-77.706,42.943,659,1/20/25,0,16.1
LET_WAT,-77.706,42.943,659,1/21/25,0.02,8.6
LET_WAT,-77.706,42.943,659,1/22/25,0,4.8
LET_WAT,-77.706,42.943,659,1/23/25,0,7.7
LET_WAT,-77.706,42.943,659,1/24/25,0,21.6
LET_WAT,-77.706,42.943,659,1/25/25,0,18.4
LET_WAT,-77.706,42.943,659,1/26/25,0,22.9
LET_WAT,-77.706,42.943,659,1/27/25,0,27.1
LET_WAT,-77.706,42.943,659,1/28/25,0.03,26
LET_WAT,-77.706,42.943,659,1/29/25,0.06,26.3
LET_WAT,-77.706,42.943,659,1/30/25,0.04,24.9
LET_WAT,-77.706,42.943,659,1/31/25,0,28.2
LET_WAT,-77.706,42.943,659,2/1/25,0.47,24.4
LET_WAT,-77.706,42.943,659,2/2/25,0,6.8
LET_WAT,-77.706,42.943,659,2/3/25,0.02,24.2
LET_WAT,-77.706,42.943,659,2/4/25,0.09,35
LET_WAT,-77.706,42.943,659,2/5/25,0,23.6
LET_WAT,-77.706,42.943,659,2/6/25,0.06,22.2
LET_WAT,-77.706,42.943,659,2/7/25,0.07,29
LET_WAT,-77.706,42.943,659,2/8/25,0,21.4
LET_WAT,-77.706,42.943,659,2/9/25,0.21,25.1
LET_WAT,-77.706,42.943,659,2/10/25,0,23.9
LET_WAT,-77.706,42.943,659,2/11/25,0,17.9
LET_WAT,-77.706,42.943,659,2/12/25,0,21.4
LET_WAT,-77.706,42.943,659,2/13/25,0.12,29.6
LET_WAT,-77.706,42.943,659,2/14/25,0.02,29.5
LET_WAT,-77.706,42.943,659,2/15/25,0,21.5
LET_WAT,-77.706,42.943,659,2/16/25,0.48,27.2
LET_WAT,-77.706,42.943,659,2/17/25,0.41,23.7
LET_WAT,-77.706,42.943,659,2/18/25,0,13.6
LET_WAT,-77.706,42.943,659,2/19/25,0,13.1
LET_WAT,-77.706,42.943,659,2/20/25,0.02,16.4
LET_WAT,-77.706,42.943,659,2/21/25,0.01,16.1
LET_WAT,-77.706,42.943,659,2/22/25,0,17.9
LET_WAT,-77.706,42.943,659,2/23/25,0,24.8
LET_WAT,-77.706,42.943,659,2/24/25,0,30.8
LET_WAT,-77.706,42.943,659,2/25/25,0,40.1
LET_WAT,-77.706,42.943,659,2/26/25,0.1,37.2
LET_WAT,-77.706,42.943,659,2/27/25,0.02,36.7
LET_WAT,-77.706,42.943,659,2/28/25,0.05,34.1
LET_WAT,-77.706,42.943,659,3/1/25,0.04,35.6
LET_WAT,-77.706,42.943,659,3/2/25,0,18.6
LET_WAT,-77.706,42.943,659,3/3/25,0,14.9
LET_WAT,-77.706,42.943,659,3/4/25,0.01,28.1
LET_WAT,-77.706,42.943,659,3/5/25,0,45.4
LET_WAT,-77.706,42.943,659,3/6/25,0.26,46
LET_WAT,-77.706,42.943,659,3/7/25,0,30.8
LET_WAT,-77.706,42.943,659,3/8/25,0.02,30.5
LET_WAT,-77.706,42.943,659,3/9/25,0,28.9
LET_WAT,-77.706,42.943,659,3/10/25,0,38.3
LET_WAT,-77.706,42.943,659,3/11/25,0,46.8
LET_WAT,-77.706,42.943,659,3/12/25,0,43.3
LET_WAT,-77.706,42.943,659,3/13/25,0,30.4
LET_WAT,-77.706,42.943,659,3/14/25,0,42.1
LET_WAT,-77.706,42.943,659,3/15/25,0,49.8
LET_WAT,-77.706,42.943,659,3/16/25,0,56.2
LET_WAT,-77.706,42.943,659,3/17/25,0.49,51.3
LET_WAT,-77.706,42.943,659,3/18/25,0,30.1
LET_WAT,-77.706,42.943,659,3/19/25,0,46.6
LET_WAT,-77.706,42.943,659,3/20/25,0,60.7
LET_WAT,-77.706,42.943,659,3/21/25,0.54,42.7
LET_WAT,-77.706,42.943,659,3/22/25,0,36.8
LET_WAT,-77.706,42.943,659,3/23/25,0.06,36.9
LET_WAT,-77.706,42.943,659,3/24/25,0.04,33.8
LET_WAT,-77.706,42.943,659,3/25/25,0,44.3
LET_WAT,-77.706,42.943,659,3/26/25,0,32.3
LET_WAT,-77.706,42.943,659,3/27/25,0.04,29.1
LET_WAT,-77.706,42.943,659,3/28/25,0,36.6
LET_WAT,-77.706,42.943,659,3/29/25,0.11,44.2
LET_WAT,-77.706,42.943,659,3/30/25,0.12,35.2
LET_WAT,-77.706,42.943,659,3/31/25,0.17,51.6
LET_WAT,-77.706,42.943,659,4/1/25,0,47.3
LET_WAT,-77.706,42.943,659,4/2/25,0,33.8
LET_WAT,-77.706,42.943,659,4/3/25,0.71,42.4
LET_WAT,-77.706,42.943,659,4/4/25,0,53.1
LET_WAT,-77.706,42.943,659,4/5/25,0.02,45.8
LET_WAT,-77.706,42.943,659,4/6/25,0.21,49.2
LET_WAT,-77.706,42.943,659,4/7/25,0,36.4
LET_WAT,-77.706,42.943,659,4/8/25,0.01,36.5
LET_WAT,-77.706,42.943,659,4/9/25,0,25.9
LET_WAT,-77.706,42.943,659,4/10/25,0,32.8
LET_WAT,-77.706,42.943,659,4/11/25,0.33,36
LET_WAT,-77.706,42.943,659,4/12/25,0.04,40.2
LET_WAT,-77.706,42.943,659,4/13/25,0,38.7
LET_WAT,-77.706,42.943,659,4/14/25,0,46.4
LET_WAT,-77.706,42.943,659,4/15/25,0,53.6
LET_WAT,-77.706,42.943,659,4/16/25,0.08,43
LET_WAT,-77.706,42.943,659,4/17/25,0.04,33.6
LET_WAT,-77.706,42.943,659,4/18/25,0,43.2
LET_WAT,-77.706,42.943,659,4/19/25,0.08,57.7
LET_WAT,-77.706,42.943,659,4/20/25,0.37,55.1
LET_WAT,-77.706,42.943,659,4/21/25,0,44.7
LET_WAT,-77.706,42.943,659,4/22/25,0.28,56.5
LET_WAT,-77.706,42.943,659,4/23/25,0,46.8
LET_WAT,-77.706,42.943,659,4/24/25,0,54
LET_WAT,-77.706,42.943,659,4/25/25,0,66
LET_WAT,-77.706,42.943,659,4/26/25,0.2,60.4
LET_WAT,-77.706,42.943,659,4/27/25,0.06,50.7
LET_WAT,-77.706,42.943,659,4/28/25,0,48.8
LET_WAT,-77.706,42.943,659,4/29/25,0,59.1
LET_WAT,-77.706,42.943,659,4/30/25,0.45,61.4
LET_WAT,-77.706,42.943,659,5/1/25,0,47.9
LET_WAT,-77.706,42.943,659,5/2/25,0.63,63.3
LET_WAT,-77.706,42.943,659,5/3/25,0.2,58.7
LET_WAT,-77.706,42.943,659,5/4/25,0.23,44.3
LET_WAT,-77.706,42.943,659,5/5/25,0.03,51.4
LET_WAT,-77.706,42.943,659,5/6/25,0.33,61.7
LET_WAT,-77.706,42.943,659,5/7/25,0.73,61.4
LET_WAT,-77.706,42.943,659,5/8/25,0,55.9
LET_WAT,-77.706,42.943,659,5/9/25,0,43.4
LET_WAT,-77.706,42.943,659,5/10/25,0,46.9
LET_WAT,-77.706,42.943,659,5/11/25,0,55.6
LET_WAT,-77.706,42.943,659,5/12/25,0,50.7
LET_WAT,-77.706,42.943,659,5/13/25,0,67.3
LET_WAT,-77.706,42.943,659,5/14/25,0.1,66.5
LET_WAT,-77.706,42.943,659,5/15/25,0,63
LET_WAT,-77.706,42.943,659,5/16/25,0.18,67.6
LET_WAT,-77.706,42.943,659,5/17/25,0,69.9
LET_WAT,-77.706,42.943,659,5/18/25,0.51,64.4
LET_WAT,-77.706,42.943,659,5/19/25,0,51.5
LET_WAT,-77.706,42.943,659,5/20/25,0,47.2
LET_WAT,-77.706,42.943,659,5/21/25,0,49.9
LET_WAT,-77.706,42.943,659,5/22/25,0.63,50.4
LET_WAT,-77.706,42.943,659,5/23/25,0.42,51.4
LET_WAT,-77.706,42.943,659,5/24/25,0.03,48.8
LET_WAT,-77.706,42.943,659,5/25/25,0.12,51.8
LET_WAT,-77.706,42.943,659,5/26/25,0.16,51.2
LET_WAT,-77.706,42.943,659,5/27/25,0,56.8
LET_WAT,-77.706,42.943,659,5/28/25,0,59.4
LET_WAT,-77.706,42.943,659,5/29/25,1.13,58.3
LET_WAT,-77.706,42.943,659,5/30/25,0,62
LET_WAT,-77.706,42.943,659,5/31/25,0.03,62
LET_WAT,-77.706,42.943,659,6/1/25,0.05,49.3
LET_WAT,-77.706,42.943,659,6/2/25,0.02,51.7
LET_WAT,-77.706,42.943,659,6/3/25,0,59.6
LET_WAT,-77.706,42.943,659,6/4/25,0,69.2
LET_WAT,-77.706,42.943,659,6/5/25,0,72.9
LET_WAT,-77.706,42.943,659,6/6/25,0.13,71
LET_WAT,-77.706,42.943,659,6/7/25,0.18,64.8
LET_WAT,-77.706,42.943,659,6/8/25,0,64
LET_WAT,-77.706,42.943,659,6/9/25,0.05,66.3
LET_WAT,-77.706,42.943,659,6/10/25,0.53,69.7
LET_WAT,-77.706,42.943,659,6/11/25,0,65
LET_WAT,-77.706,42.943,659,6/12/25,0,70.6
LET_WAT,-77.706,42.943,659,6/13/25,0,64.7
LET_WAT,-77.706,42.943,659,6/14/25,0.18,63.2
LET_WAT,-77.706,42.943,659,6/15/25,0,63.4
LET_WAT,-77.706,42.943,659,6/16/25,0,65
LET_WAT,-77.706,42.943,659,6/17/25,0,67.8
LET_WAT,-77.706,42.943,659,6/18/25,0,73.6
LET_WAT,-77.706,42.943,659,6/19/25,2.26,75.9
LET_WAT,-77.706,42.943,659,6/20/25,0.19,69.9
LET_WAT,-77.706,42.943,659,6/21/25,0,69.6
LET_WAT,-77.706,42.943,659,6/22/25,0,77.7
LET_WAT,-77.706,42.943,659,6/23/25,0,80.9
LET_WAT,-77.706,42.943,659,6/24/25,0,82.7
LET_WAT,-77.706,42.943,659,6/25/25,0,81.6
LET_WAT,-77.706,42.943,659,6/26/25,0.12,73.8
LET_WAT,-77.706,42.943,659,6/27/25,0.05,66.5
LET_WAT,-77.706,42.943,659,6/28/25,2.04,74.4
LET_WAT,-77.706,42.943,659,6/29/25,0,70.9
LET_WAT,-77.706,42.943,659,6/30/25,0,70.7
,,,,,,
MIL_BAR_1,-77.1375,42.05,981,1/1/25,0.05,38.1
MIL_BAR_1,-77.1375,42.05,981,1/2/25,0.15,35.2
MIL_BAR_1,-77.1375,42.05,981,1/3/25,0.05,30
MIL_BAR_1,-77.1375,42.05,981,1/4/25,0,26.1
MIL_BAR_1,-77.1375,42.05,981,1/5/25,0,23.1
MIL_BAR_1,-77.1375,42.05,981,1/6/25,0,23.2
MIL_BAR_1,-77.1375,42.05,981,1/7/25,0.01,18.9
MIL_BAR_1,-77.1375,42.05,981,1/8/25,0,20.7
MIL_BAR_1,-77.1375,42.05,981,1/9/25,0,17.4
MIL_BAR_1,-77.1375,42.05,981,1/10/25,0,18.7
MIL_BAR_1,-77.1375,42.05,981,1/11/25,0.02,20.1
MIL_BAR_1,-77.1375,42.05,981,1/12/25,0,24.3
MIL_BAR_1,-77.1375,42.05,981,1/13/25,0,30.2
MIL_BAR_1,-77.1375,42.05,981,1/14/25,0,27.8
MIL_BAR_1,-77.1375,42.05,981,1/15/25,0,19
MIL_BAR_1,-77.1375,42.05,981,1/16/25,0,20
MIL_BAR_1,-77.1375,42.05,981,1/17/25,0.06,21.1
MIL_BAR_1,-77.1375,42.05,981,1/18/25,0,30.4
MIL_BAR_1,-77.1375,42.05,981,1/19/25,0.01,28.5
MIL_BAR_1,-77.1375,42.05,981,1/20/25,0,15.9
MIL_BAR_1,-77.1375,42.05,981,1/21/25,0,8.4
MIL_BAR_1,-77.1375,42.05,981,1/22/25,0,4.5
MIL_BAR_1,-77.1375,42.05,981,1/23/25,0,4.9
MIL_BAR_1,-77.1375,42.05,981,1/24/25,0,20.5
MIL_BAR_1,-77.1375,42.05,981,1/25/25,0,16.4
MIL_BAR_1,-77.1375,42.05,981,1/26/25,0.01,20.1
MIL_BAR_1,-77.1375,42.05,981,1/27/25,0,24.6
MIL_BAR_1,-77.1375,42.05,981,1/28/25,0.02,26.3
MIL_BAR_1,-77.1375,42.05,981,1/29/25,0,30.1
MIL_BAR_1,-77.1375,42.05,981,1/30/25,0.04,28.5
MIL_BAR_1,-77.1375,42.05,981,1/31/25,0,26.1
MIL_BAR_1,-77.1375,42.05,981,2/1/25,0.56,27.1
MIL_BAR_1,-77.1375,42.05,981,2/2/25,0,14.5
MIL_BAR_1,-77.1375,42.05,981,2/3/25,0,19.9
MIL_BAR_1,-77.1375,42.05,981,2/4/25,0,37.6
MIL_BAR_1,-77.1375,42.05,981,2/5/25,0,25.5
MIL_BAR_1,-77.1375,42.05,981,2/6/25,0.16,23
MIL_BAR_1,-77.1375,42.05,981,2/7/25,0,33
MIL_BAR_1,-77.1375,42.05,981,2/8/25,0,21
MIL_BAR_1,-77.1375,42.05,981,2/9/25,0.25,23
MIL_BAR_1,-77.1375,42.05,981,2/10/25,0,25.5
MIL_BAR_1,-77.1375,42.05,981,2/11/25,0,20.2
MIL_BAR_1,-77.1375,42.05,981,2/12/25,0,22.1
MIL_BAR_1,-77.1375,42.05,981,2/13/25,0.03,25.5
MIL_BAR_1,-77.1375,42.05,981,2/14/25,0.11,30.6
MIL_BAR_1,-77.1375,42.05,981,2/15/25,0,21.9
MIL_BAR_1,-77.1375,42.05,981,2/16/25,0.91,27
MIL_BAR_1,-77.1375,42.05,981,2/17/25,0.25,28.1
MIL_BAR_1,-77.1375,42.05,981,2/18/25,0,14.8
MIL_BAR_1,-77.1375,42.05,981,2/19/25,0,12.9
MIL_BAR_1,-77.1375,42.05,981,2/20/25,0,15.4
MIL_BAR_1,-77.1375,42.05,981,2/21/25,0.07,16
MIL_BAR_1,-77.1375,42.05,981,2/22/25,0,19.3
MIL_BAR_1,-77.1375,42.05,981,2/23/25,0,26.3
MIL_BAR_1,-77.1375,42.05,981,2/24/25,0,32.3
MIL_BAR_1,-77.1375,42.05,981,2/25/25,0,37.7
MIL_BAR_1,-77.1375,42.05,981,2/26/25,0.09,36.7
MIL_BAR_1,-77.1375,42.05,981,2/27/25,0.19,39.1
MIL_BAR_1,-77.1375,42.05,981,2/28/25,0.15,38.9
MIL_BAR_1,-77.1375,42.05,981,3/1/25,0.01,37.6
MIL_BAR_1,-77.1375,42.05,981,3/2/25,0.04,27.5
MIL_BAR_1,-77.1375,42.05,981,3/3/25,0,17.3
MIL_BAR_1,-77.1375,42.05,981,3/4/25,0,25.8
MIL_BAR_1,-77.1375,42.05,981,3/5/25,0.02,45.3
MIL_BAR_1,-77.1375,42.05,981,3/6/25,0.6,44.9
MIL_BAR_1,-77.1375,42.05,981,3/7/25,0,33
MIL_BAR_1,-77.1375,42.05,981,3/8/25,0.01,34.3
MIL_BAR_1,-77.1375,42.05,981,3/9/25,0,28.1
MIL_BAR_1,-77.1375,42.05,981,3/10/25,0,35.7
MIL_BAR_1,-77.1375,42.05,981,3/11/25,0,46.3
MIL_BAR_1,-77.1375,42.05,981,3/12/25,0,47.7
MIL_BAR_1,-77.1375,42.05,981,3/13/25,0,34.2
MIL_BAR_1,-77.1375,42.05,981,3/14/25,0,43.2
MIL_BAR_1,-77.1375,42.05,981,3/15/25,0,48.9
MIL_BAR_1,-77.1375,42.05,981,3/16/25,0,48.3
MIL_BAR_1,-77.1375,42.05,981,3/17/25,0.53,52
MIL_BAR_1,-77.1375,42.05,981,3/18/25,0,29.9
MIL_BAR_1,-77.1375,42.05,981,3/19/25,0,43.5
MIL_BAR_1,-77.1375,42.05,981,3/20/25,0,53.3
MIL_BAR_1,-77.1375,42.05,981,3/21/25,0.04,44.7
MIL_BAR_1,-77.1375,42.05,981,3/22/25,0,37.6
MIL_BAR_1,-77.1375,42.05,981,3/23/25,0,37.5
MIL_BAR_1,-77.1375,42.05,981,3/24/25,0,32.4
MIL_BAR_1,-77.1375,42.05,981,3/25/25,0,46.5
MIL_BAR_1,-77.1375,42.05,981,3/26/25,0.04,36.1
MIL_BAR_1,-77.1375,42.05,981,3/27/25,0.04,28.9
MIL_BAR_1,-77.1375,42.05,981,3/28/25,0,37.5
MIL_BAR_1,-77.1375,42.05,981,3/29/25,0.05,46.4
MIL_BAR_1,-77.1375,42.05,981,3/30/25,0.11,55.4
MIL_BAR_1,-77.1375,42.05,981,3/31/25,0.05,60.7
MIL_BAR_1,-77.1375,42.05,981,4/1/25,0,50.6
MIL_BAR_1,-77.1375,42.05,981,4/2/25,0,35.1
MIL_BAR_1,-77.1375,42.05,981,4/3/25,0.25,39.3
MIL_BAR_1,-77.1375,42.05,981,4/4/25,0,59.1
MIL_BAR_1,-77.1375,42.05,981,4/5/25,0.1,51.7
MIL_BAR_1,-77.1375,42.05,981,4/6/25,0.55,45.1
MIL_BAR_1,-77.1375,42.05,981,4/7/25,0.1,37.5
MIL_BAR_1,-77.1375,42.05,981,4/8/25,0.04,34.4
MIL_BAR_1,-77.1375,42.05,981,4/9/25,0,26.9
MIL_BAR_1,-77.1375,42.05,981,4/10/25,0,34.3
MIL_BAR_1,-77.1375,42.05,981,4/11/25,0.35,36.8
MIL_BAR_1,-77.1375,42.05,981,4/12/25,0.09,38.8
MIL_BAR_1,-77.1375,42.05,981,4/13/25,0.05,40.1
MIL_BAR_1,-77.1375,42.05,981,4/14/25,0,44.7
MIL_BAR_1,-77.1375,42.05,981,4/15/25,0.17,50.7
MIL_BAR_1,-77.1375,42.05,981,4/16/25,0.19,43.3
MIL_BAR_1,-77.1375,42.05,981,4/17/25,0,33.3
MIL_BAR_1,-77.1375,42.05,981,4/18/25,0,44.2
MIL_BAR_1,-77.1375,42.05,981,4/19/25,0,55.7
MIL_BAR_1,-77.1375,42.05,981,4/20/25,0.14,59
MIL_BAR_1,-77.1375,42.05,981,4/21/25,0,46.9
MIL_BAR_1,-77.1375,42.05,981,4/22/25,0.24,55.5
MIL_BAR_1,-77.1375,42.05,981,4/23/25,0,52.6
MIL_BAR_1,-77.1375,42.05,981,4/24/25,0,58.1
MIL_BAR_1,-77.1375,42.05,981,4/25/25,0,66.2
MIL_BAR_1,-77.1375,42.05,981,4/26/25,0.25,64.8
MIL_BAR_1,-77.1375,42.05,981,4/27/25,0,52.8
MIL_BAR_1,-77.1375,42.05,981,4/28/25,0,48.5
MIL_BAR_1,-77.1375,42.05,981,4/29/25,0,58.6
MIL_BAR_1,-77.1375,42.05,981,4/30/25,0.26,63.6
MIL_BAR_1,-77.1375,42.05,981,5/1/25,0,53.6
MIL_BAR_1,-77.1375,42.05,981,5/2/25,0.38,63.8
MIL_BAR_1,-77.1375,42.05,981,5/3/25,0.45,64
MIL_BAR_1,-77.1375,42.05,981,5/4/25,0.56,52.7
MIL_BAR_1,-77.1375,42.05,981,5/5/25,0.2,52.5
MIL_BAR_1,-77.1375,42.05,981,5/6/25,0.69,62.3
MIL_BAR_1,-77.1375,42.05,981,5/7/25,0.53,60.4
MIL_BAR_1,-77.1375,42.05,981,5/8/25,0,60.3
MIL_BAR_1,-77.1375,42.05,981,5/9/25,0.01,47.5
MIL_BAR_1,-77.1375,42.05,981,5/10/25,0.09,42
MIL_BAR_1,-77.1375,42.05,981,5/11/25,0,56.9
MIL_BAR_1,-77.1375,42.05,981,5/12/25,0,51.7
MIL_BAR_1,-77.1375,42.05,981,5/13/25,0,66.3
MIL_BAR_1,-77.1375,42.05,981,5/14/25,0.24,62.5
MIL_BAR_1,-77.1375,42.05,981,5/15/25,0.03,60.9
MIL_BAR_1,-77.1375,42.05,981,5/16/25,0.07,67.4
MIL_BAR_1,-77.1375,42.05,981,5/17/25,0.19,71.2
MIL_BAR_1,-77.1375,42.05,981,5/18/25,0.08,65.8
MIL_BAR_1,-77.1375,42.05,981,5/19/25,0,55.3
MIL_BAR_1,-77.1375,42.05,981,5/20/25,0,50.1
MIL_BAR_1,-77.1375,42.05,981,5/21/25,0.12,51.6
MIL_BAR_1,-77.1375,42.05,981,5/22/25,0.72,48.8
MIL_BAR_1,-77.1375,42.05,981,5/23/25,0.4,50.1
MIL_BAR_1,-77.1375,42.05,981,5/24/25,0.02,52.6
MIL_BAR_1,-77.1375,42.05,981,5/25/25,0.17,50.6
MIL_BAR_1,-77.1375,42.05,981,5/26/25,0,52.3
MIL_BAR_1,-77.1375,42.05,981,5/27/25,0,55.9
MIL_BAR_1,-77.1375,42.05,981,5/28/25,0,58.5
MIL_BAR_1,-77.1375,42.05,981,5/29/25,0.43,54.7
MIL_BAR_1,-77.1375,42.05,981,5/30/25,0,61.2
MIL_BAR_1,-77.1375,42.05,981,5/31/25,0.13,63.7
MIL_BAR_1,-77.1375,42.05,981,6/1/25,0.07,49.8
MIL_BAR_1,-77.1375,42.05,981,6/2/25,0,50.5
MIL_BAR_1,-77.1375,42.05,981,6/3/25,0,56.5
MIL_BAR_1,-77.1375,42.05,981,6/4/25,0,63.5
MIL_BAR_1,-77.1375,42.05,981,6/5/25,0,73.4
MIL_BAR_1,-77.1375,42.05,981,6/6/25,0.68,75
MIL_BAR_1,-77.1375,42.05,981,6/7/25,0.53,67.6
MIL_BAR_1,-77.1375,42.05,981,6/8/25,0.02,63.7
MIL_BAR_1,-77.1375,42.05,981,6/9/25,0.38,64.9
MIL_BAR_1,-77.1375,42.05,981,6/10/25,0.92,70.2
MIL_BAR_1,-77.1375,42.05,981,6/11/25,0,63.1
MIL_BAR_1,-77.1375,42.05,981,6/12/25,0,68.7
MIL_BAR_1,-77.1375,42.05,981,6/13/25,0,66.6
MIL_BAR_1,-77.1375,42.05,981,6/14/25,0.15,65.3
MIL_BAR_1,-77.1375,42.05,981,6/15/25,0.09,61.5
MIL_BAR_1,-77.1375,42.05,981,6/16/25,0,64.2
MIL_BAR_1,-77.1375,42.05,981,6/17/25,0.01,64.7
MIL_BAR_1,-77.1375,42.05,981,6/18/25,0.06,67.7
MIL_BAR_1,-77.1375,42.05,981,6/19/25,0.15,74
MIL_BAR_1,-77.1375,42.05,981,6/20/25,0.08,69.9
MIL_BAR_1,-77.1375,42.05,981,6/21/25,0,68.8
MIL_BAR_1,-77.1375,42.05,981,6/22/25,0.02,74.2
MIL_BAR_1,-77.1375,42.05,981,6/23/25,0,79.1
MIL_BAR_1,-77.1375,42.05,981,6/24/25,0,80.1
MIL_BAR_1,-77.1375,42.05,981,6/25/25,0,80.8
MIL_BAR_1,-77.1375,42.05,981,6/26/25,0.53,77.3
MIL_BAR_1,-77.1375,42.05,981,6/27/25,0.05,74.6
MIL_BAR_1,-77.1375,42.05,981,6/28/25,0,66.4
MIL_BAR_1,-77.1375,42.05,981,6/29/25,0,72.9
MIL_BAR_1,-77.1375,42.05,981,6/30/25,0,71.7
,,,,,,
MIL_BAR_2,-77.0617,42.0519,1667,1/1/25,0.04,38.5
MIL_BAR_2,-77.0617,42.0519,1667,1/2/25,0.14,33.5
MIL_BAR_2,-77.0617,42.0519,1667,1/3/25,0.06,28.7
MIL_BAR_2,-77.0617,42.0519,1667,1/4/25,0,24.5
MIL_BAR_2,-77.0617,42.0519,1667,1/5/25,0,21.4
MIL_BAR_2,-77.0617,42.0519,1667,1/6/25,0,21.9
MIL_BAR_2,-77.0617,42.0519,1667,1/7/25,0.01,17.5
MIL_BAR_2,-77.0617,42.0519,1667,1/8/25,0,19.3
MIL_BAR_2,-77.0617,42.0519,1667,1/9/25,0,15.9
MIL_BAR_2,-77.0617,42.0519,1667,1/10/25,0,17.5
MIL_BAR_2,-77.0617,42.0519,1667,1/11/25,0.03,19.3
MIL_BAR_2,-77.0617,42.0519,1667,1/12/25,0,23.2
MIL_BAR_2,-77.0617,42.0519,1667,1/13/25,0,28.9
MIL_BAR_2,-77.0617,42.0519,1667,1/14/25,0,26.4
MIL_BAR_2,-77.0617,42.0519,1667,1/15/25,0,18
MIL_BAR_2,-77.0617,42.0519,1667,1/16/25,0,19.2
MIL_BAR_2,-77.0617,42.0519,1667,1/17/25,0.07,20.3
MIL_BAR_2,-77.0617,42.0519,1667,1/18/25,0,29.6
MIL_BAR_2,-77.0617,42.0519,1667,1/19/25,0.01,28.2
MIL_BAR_2,-77.0617,42.0519,1667,1/20/25,0,15.8
MIL_BAR_2,-77.0617,42.0519,1667,1/21/25,0,6.9
MIL_BAR_2,-77.0617,42.0519,1667,1/22/25,0,4.1
MIL_BAR_2,-77.0617,42.0519,1667,1/23/25,0,4.5
MIL_BAR_2,-77.0617,42.0519,1667,1/24/25,0,19.4
MIL_BAR_2,-77.0617,42.0519,1667,1/25/25,0,15.3
MIL_BAR_2,-77.0617,42.0519,1667,1/26/25,0,19.6
MIL_BAR_2,-77.0617,42.0519,1667,1/27/25,0,24.3
MIL_BAR_2,-77.0617,42.0519,1667,1/28/25,0.02,26.7
MIL_BAR_2,-77.0617,42.0519,1667,1/29/25,0,29.4
MIL_BAR_2,-77.0617,42.0519,1667,1/30/25,0.03,28.9
MIL_BAR_2,-77.0617,42.0519,1667,1/31/25,0,26.4
MIL_BAR_2,-77.0617,42.0519,1667,2/1/25,0.61,28.4
MIL_BAR_2,-77.0617,42.0519,1667,2/2/25,0,14.7
MIL_BAR_2,-77.0617,42.0519,1667,2/3/25,0.01,19.9
MIL_BAR_2,-77.0617,42.0519,1667,2/4/25,0,37.8
MIL_BAR_2,-77.0617,42.0519,1667,2/5/25,0,25.6
MIL_BAR_2,-77.0617,42.0519,1667,2/6/25,0.18,23.8
MIL_BAR_2,-77.0617,42.0519,1667,2/7/25,0,33.1
MIL_BAR_2,-77.0617,42.0519,1667,2/8/25,0,21.1
MIL_BAR_2,-77.0617,42.0519,1667,2/9/25,0.26,23
MIL_BAR_2,-77.0617,42.0519,1667,2/10/25,0.01,25.4
MIL_BAR_2,-77.0617,42.0519,1667,2/11/25,0,19.6
MIL_BAR_2,-77.0617,42.0519,1667,2/12/25,0,21
MIL_BAR_2,-77.0617,42.0519,1667,2/13/25,0.04,25.5
MIL_BAR_2,-77.0617,42.0519,1667,2/14/25,0.1,30.9
MIL_BAR_2,-77.0617,42.0519,1667,2/15/25,0,22.4
MIL_BAR_2,-77.0617,42.0519,1667,2/16/25,0.93,26.7
MIL_BAR_2,-77.0617,42.0519,1667,2/17/25,0.29,28.6
MIL_BAR_2,-77.0617,42.0519,1667,2/18/25,0,15.3
MIL_BAR_2,-77.0617,42.0519,1667,2/19/25,0,12.4
MIL_BAR_2,-77.0617,42.0519,1667,2/20/25,0,15.8
MIL_BAR_2,-77.0617,42.0519,1667,2/21/25,0.06,15.9
MIL_BAR_2,-77.0617,42.0519,1667,2/22/25,0,19.4
MIL_BAR_2,-77.0617,42.0519,1667,2/23/25,0,25.1
MIL_BAR_2,-77.0617,42.0519,1667,2/24/25,0,32.3
MIL_BAR_2,-77.0617,42.0519,1667,2/25/25,0,37.5
MIL_BAR_2,-77.0617,42.0519,1667,2/26/25,0.09,36.6
MIL_BAR_2,-77.0617,42.0519,1667,2/27/25,0.18,38.6
MIL_BAR_2,-77.0617,42.0519,1667,2/28/25,0.15,38.4
MIL_BAR_2,-77.0617,42.0519,1667,3/1/25,0.02,37
MIL_BAR_2,-77.0617,42.0519,1667,3/2/25,0.05,26.9
MIL_BAR_2,-77.0617,42.0519,1667,3/3/25,0,16.8
MIL_BAR_2,-77.0617,42.0519,1667,3/4/25,0,25.6
MIL_BAR_2,-77.0617,42.0519,1667,3/5/25,0.01,44.8
MIL_BAR_2,-77.0617,42.0519,1667,3/6/25,0.63,44.2
MIL_BAR_2,-77.0617,42.0519,1667,3/7/25,0.01,32.8
MIL_BAR_2,-77.0617,42.0519,1667,3/8/25,0.01,33.9
MIL_BAR_2,-77.0617,42.0519,1667,3/9/25,0,27.4
MIL_BAR_2,-77.0617,42.0519,1667,3/10/25,0,35.1
MIL_BAR_2,-77.0617,42.0519,1667,3/11/25,0,45.5
MIL_BAR_2,-77.0617,42.0519,1667,3/12/25,0,47.3
MIL_BAR_2,-77.0617,42.0519,1667,3/13/25,0,33.9
MIL_BAR_2,-77.0617,42.0519,1667,3/14/25,0,42.5
MIL_BAR_2,-77.0617,42.0519,1667,3/15/25,0,48.6
MIL_BAR_2,-77.0617,42.0519,1667,3/16/25,0,47.7
MIL_BAR_2,-77.0617,42.0519,1667,3/17/25,0.45,51.9
MIL_BAR_2,-77.0617,42.0519,1667,3/18/25,0,29.6
MIL_BAR_2,-77.0617,42.0519,1667,3/19/25,0,43.4
MIL_BAR_2,-77.0617,42.0519,1667,3/20/25,0,52.9
MIL_BAR_2,-77.0617,42.0519,1667,3/21/25,0.04,44.6
MIL_BAR_2,-77.0617,42.0519,1667,3/22/25,0,37
MIL_BAR_2,-77.0617,42.0519,1667,3/23/25,0,37.5
MIL_BAR_2,-77.0617,42.0519,1667,3/24/25,0,32.1
MIL_BAR_2,-77.0617,42.0519,1667,3/25/25,0,46.3
MIL_BAR_2,-77.0617,42.0519,1667,3/26/25,0.04,35.7
MIL_BAR_2,-77.0617,42.0519,1667,3/27/25,0.06,28.4
MIL_BAR_2,-77.0617,42.0519,1667,3/28/25,0,37.1
MIL_BAR_2,-77.0617,42.0519,1667,3/29/25,0.05,45.6
MIL_BAR_2,-77.0617,42.0519,1667,3/30/25,0.09,55.4
MIL_BAR_2,-77.0617,42.0519,1667,3/31/25,0.03,59.3
MIL_BAR_2,-77.0617,42.0519,1667,4/1/25,0,49.6
MIL_BAR_2,-77.0617,42.0519,1667,4/2/25,0,34.6
MIL_BAR_2,-77.0617,42.0519,1667,4/3/25,0.28,38.3
MIL_BAR_2,-77.0617,42.0519,1667,4/4/25,0.02,58.6
MIL_BAR_2,-77.0617,42.0519,1667,4/5/25,0.1,51.1
MIL_BAR_2,-77.0617,42.0519,1667,4/6/25,0.59,44.9
MIL_BAR_2,-77.0617,42.0519,1667,4/7/25,0.11,36.9
MIL_BAR_2,-77.0617,42.0519,1667,4/8/25,0.04,33.7
MIL_BAR_2,-77.0617,42.0519,1667,4/9/25,0,26
MIL_BAR_2,-77.0617,42.0519,1667,4/10/25,0,32.9
MIL_BAR_2,-77.0617,42.0519,1667,4/11/25,0.32,35.9
MIL_BAR_2,-77.0617,42.0519,1667,4/12/25,0.11,38
MIL_BAR_2,-77.0617,42.0519,1667,4/13/25,0.07,39.5
MIL_BAR_2,-77.0617,42.0519,1667,4/14/25,0.01,43.3
MIL_BAR_2,-77.0617,42.0519,1667,4/15/25,0.19,49.4
MIL_BAR_2,-77.0617,42.0519,1667,4/16/25,0.23,42.4
MIL_BAR_2,-77.0617,42.0519,1667,4/17/25,0,32.6
MIL_BAR_2,-77.0617,42.0519,1667,4/18/25,0,43.2
MIL_BAR_2,-77.0617,42.0519,1667,4/19/25,0,53
MIL_BAR_2,-77.0617,42.0519,1667,4/20/25,0.17,58.5
MIL_BAR_2,-77.0617,42.0519,1667,4/21/25,0,46.4
MIL_BAR_2,-77.0617,42.0519,1667,4/22/25,0.16,53.9
MIL_BAR_2,-77.0617,42.0519,1667,4/23/25,0,51.4
MIL_BAR_2,-77.0617,42.0519,1667,4/24/25,0,56.5
MIL_BAR_2,-77.0617,42.0519,1667,4/25/25,0,63.8
MIL_BAR_2,-77.0617,42.0519,1667,4/26/25,0.22,62.8
MIL_BAR_2,-77.0617,42.0519,1667,4/27/25,0,51.6
MIL_BAR_2,-77.0617,42.0519,1667,4/28/25,0,47.9
MIL_BAR_2,-77.0617,42.0519,1667,4/29/25,0,57.9
MIL_BAR_2,-77.0617,42.0519,1667,4/30/25,0.21,62.8
MIL_BAR_2,-77.0617,42.0519,1667,5/1/25,0,52.7
MIL_BAR_2,-77.0617,42.0519,1667,5/2/25,0.42,62.9
MIL_BAR_2,-77.0617,42.0519,1667,5/3/25,0.51,63.5
MIL_BAR_2,-77.0617,42.0519,1667,5/4/25,0.54,52
MIL_BAR_2,-77.0617,42.0519,1667,5/5/25,0.24,51.6
MIL_BAR_2,-77.0617,42.0519,1667,5/6/25,0.72,60.6
MIL_BAR_2,-77.0617,42.0519,1667,5/7/25,0.56,59.1
MIL_BAR_2,-77.0617,42.0519,1667,5/8/25,0,59.6
MIL_BAR_2,-77.0617,42.0519,1667,5/9/25,0,46
MIL_BAR_2,-77.0617,42.0519,1667,5/10/25,0.08,41.6
MIL_BAR_2,-77.0617,42.0519,1667,5/11/25,0,56
MIL_BAR_2,-77.0617,42.0519,1667,5/12/25,0,52.4
MIL_BAR_2,-77.0617,42.0519,1667,5/13/25,0.01,66.4
MIL_BAR_2,-77.0617,42.0519,1667,5/14/25,0.26,61
MIL_BAR_2,-77.0617,42.0519,1667,5/15/25,0.03,58.9
MIL_BAR_2,-77.0617,42.0519,1667,5/16/25,0.08,66.1
MIL_BAR_2,-77.0617,42.0519,1667,5/17/25,0.28,70
MIL_BAR_2,-77.0617,42.0519,1667,5/18/25,0.11,63.9
MIL_BAR_2,-77.0617,42.0519,1667,5/19/25,0,53.5
MIL_BAR_2,-77.0617,42.0519,1667,5/20/25,0,49
MIL_BAR_2,-77.0617,42.0519,1667,5/21/25,0.21,50.3
MIL_BAR_2,-77.0617,42.0519,1667,5/22/25,0.82,47.5
MIL_BAR_2,-77.0617,42.0519,1667,5/23/25,0.4,48.5
MIL_BAR_2,-77.0617,42.0519,1667,5/24/25,0.02,51.1
MIL_BAR_2,-77.0617,42.0519,1667,5/25/25,0.23,49
MIL_BAR_2,-77.0617,42.0519,1667,5/26/25,0.01,51.4
MIL_BAR_2,-77.0617,42.0519,1667,5/27/25,0,55.8
MIL_BAR_2,-77.0617,42.0519,1667,5/28/25,0,57.7
MIL_BAR_2,-77.0617,42.0519,1667,5/29/25,0.38,53.1
MIL_BAR_2,-77.0617,42.0519,1667,5/30/25,0,60.5
MIL_BAR_2,-77.0617,42.0519,1667,5/31/25,0.16,62
MIL_BAR_2,-77.0617,42.0519,1667,6/1/25,0.09,47.8
MIL_BAR_2,-77.0617,42.0519,1667,6/2/25,0,49.6
MIL_BAR_2,-77.0617,42.0519,1667,6/3/25,0,56.5
MIL_BAR_2,-77.0617,42.0519,1667,6/4/25,0,64.5
MIL_BAR_2,-77.0617,42.0519,1667,6/5/25,0,73.2
MIL_BAR_2,-77.0617,42.0519,1667,6/6/25,0.56,73.6
MIL_BAR_2,-77.0617,42.0519,1667,6/7/25,0.35,65.7
MIL_BAR_2,-77.0617,42.0519,1667,6/8/25,0.02,63.2
MIL_BAR_2,-77.0617,42.0519,1667,6/9/25,0.33,63.9
MIL_BAR_2,-77.0617,42.0519,1667,6/10/25,1.01,68.4
MIL_BAR_2,-77.0617,42.0519,1667,6/11/25,0,63
MIL_BAR_2,-77.0617,42.0519,1667,6/12/25,0,68.3
MIL_BAR_2,-77.0617,42.0519,1667,6/13/25,0,65.7
MIL_BAR_2,-77.0617,42.0519,1667,6/14/25,0.12,64
MIL_BAR_2,-77.0617,42.0519,1667,6/15/25,0.08,60.2
MIL_BAR_2,-77.0617,42.0519,1667,6/16/25,0,62.4
MIL_BAR_2,-77.0617,42.0519,1667,6/17/25,0.01,62.7
MIL_BAR_2,-77.0617,42.0519,1667,6/18/25,0.06,65.9
MIL_BAR_2,-77.0617,42.0519,1667,6/19/25,0.12,73.1
MIL_BAR_2,-77.0617,42.0519,1667,6/20/25,0.07,68.3
MIL_BAR_2,-77.0617,42.0519,1667,6/21/25,0,67.8
MIL_BAR_2,-77.0617,42.0519,1667,6/22/25,0,73.9
MIL_BAR_2,-77.0617,42.0519,1667,6/23/25,0,79.8
MIL_BAR_2,-77.0617,42.0519,1667,6/24/25,0,80.6
MIL_BAR_2,-77.0617,42.0519,1667,6/25/25,0,80.5
MIL_BAR_2,-77.0617,42.0519,1667,6/26/25,0.61,76.1
MIL_BAR_2,-77.0617,42.0519,1667,6/27/25,0.05,73.2
MIL_BAR_2,-77.0617,42.0519,1667,6/28/25,0,65
MIL_BAR_2,-77.0617,42.0519,1667,6/29/25,0,71.4
MIL_BAR_2,-77.0617,42.0519,1667,6/30/25,0,71
,,,,,,
MIL_COB,-78.7122,42.4614,1355,1/1/25,0.22,38.2
MIL_COB,-78.7122,42.4614,1355,1/2/25,0.39,30.2
MIL_COB,-78.7122,42.4614,1355,1/3/25,0.04,25.4
MIL_COB,-78.7122,42.4614,1355,1/4/25,0.17,21.8
MIL_COB,-78.7122,42.4614,1355,1/5/25,0.04,18.4
MIL_COB,-78.7122,42.4614,1355,1/6/25,0,18.7
MIL_COB,-78.7122,42.4614,1355,1/7/25,0.06,16.3
MIL_COB,-78.7122,42.4614,1355,1/8/25,0.11,17.2
MIL_COB,-78.7122,42.4614,1355,1/9/25,0,13.3
MIL_COB,-78.7122,42.4614,1355,1/10/25,0,14
MIL_COB,-78.7122,42.4614,1355,1/11/25,0.08,18.8
MIL_COB,-78.7122,42.4614,1355,1/12/25,0,22.2
MIL_COB,-78.7122,42.4614,1355,1/13/25,0,27
MIL_COB,-78.7122,42.4614,1355,1/14/25,0.2,21
MIL_COB,-78.7122,42.4614,1355,1/15/25,0.36,14.7
MIL_COB,-78.7122,42.4614,1355,1/16/25,0.14,15.8
MIL_COB,-78.7122,42.4614,1355,1/17/25,0.18,20.7
MIL_COB,-78.7122,42.4614,1355,1/18/25,0,31.5
MIL_COB,-78.7122,42.4614,1355,1/19/25,0.14,24.9
MIL_COB,-78.7122,42.4614,1355,1/20/25,0.05,13.3
MIL_COB,-78.7122,42.4614,1355,1/21/25,0.12,4.7
MIL_COB,-78.7122,42.4614,1355,1/22/25,0.01,0.2
MIL_COB,-78.7122,42.4614,1355,1/23/25,0,1.6
MIL_COB,-78.7122,42.4614,1355,1/24/25,0.15,16.8
MIL_COB,-78.7122,42.4614,1355,1/25/25,0.05,11.7
MIL_COB,-78.7122,42.4614,1355,1/26/25,0.01,19.6
MIL_COB,-78.7122,42.4614,1355,1/27/25,0,21.9
MIL_COB,-78.7122,42.4614,1355,1/28/25,0.06,24
MIL_COB,-78.7122,42.4614,1355,1/29/25,0.05,27.5
MIL_COB,-78.7122,42.4614,1355,1/30/25,0.06,24.7
MIL_COB,-78.7122,42.4614,1355,1/31/25,0,27.4
MIL_COB,-78.7122,42.4614,1355,2/1/25,0.5,23.3
MIL_COB,-78.7122,42.4614,1355,2/2/25,0,9
MIL_COB,-78.7122,42.4614,1355,2/3/25,0.05,23.3
MIL_COB,-78.7122,42.4614,1355,2/4/25,0.01,34.7
MIL_COB,-78.7122,42.4614,1355,2/5/25,0,20.5
MIL_COB,-78.7122,42.4614,1355,2/6/25,0.17,21.6
MIL_COB,-78.7122,42.4614,1355,2/7/25,0.07,25.9
MIL_COB,-78.7122,42.4614,1355,2/8/25,0,14.9
MIL_COB,-78.7122,42.4614,1355,2/9/25,0.16,20.6
MIL_COB,-78.7122,42.4614,1355,2/10/25,0.04,20.3
MIL_COB,-78.7122,42.4614,1355,2/11/25,0.02,17.6
MIL_COB,-78.7122,42.4614,1355,2/12/25,0,20.1
MIL_COB,-78.7122,42.4614,1355,2/13/25,0.13,26.5
MIL_COB,-78.7122,42.4614,1355,2/14/25,0.23,24.6
MIL_COB,-78.7122,42.4614,1355,2/15/25,0,18.2
MIL_COB,-78.7122,42.4614,1355,2/16/25,0.55,27.9
MIL_COB,-78.7122,42.4614,1355,2/17/25,0.48,23.3
MIL_COB,-78.7122,42.4614,1355,2/18/25,0.1,10
MIL_COB,-78.7122,42.4614,1355,2/19/25,0,7.2
MIL_COB,-78.7122,42.4614,1355,2/20/25,0,11.1
MIL_COB,-78.7122,42.4614,1355,2/21/25,0.19,13.3
MIL_COB,-78.7122,42.4614,1355,2/22/25,0,16.4
MIL_COB,-78.7122,42.4614,1355,2/23/25,0,24.8
MIL_COB,-78.7122,42.4614,1355,2/24/25,0,28.5
MIL_COB,-78.7122,42.4614,1355,2/25/25,0.04,38.7
MIL_COB,-78.7122,42.4614,1355,2/26/25,0.07,36.4
MIL_COB,-78.7122,42.4614,1355,2/27/25,0.07,36.4
MIL_COB,-78.7122,42.4614,1355,2/28/25,0.18,33.8
MIL_COB,-78.7122,42.4614,1355,3/1/25,0.1,34.7
MIL_COB,-78.7122,42.4614,1355,3/2/25,0.09,16.1
MIL_COB,-78.7122,42.4614,1355,3/3/25,0,13.1
MIL_COB,-78.7122,42.4614,1355,3/4/25,0,24.8
MIL_COB,-78.7122,42.4614,1355,3/5/25,0.09,45.2
MIL_COB,-78.7122,42.4614,1355,3/6/25,0.29,42.1
MIL_COB,-78.7122,42.4614,1355,3/7/25,0.12,26.3
MIL_COB,-78.7122,42.4614,1355,3/8/25,0,27.4
MIL_COB,-78.7122,42.4614,1355,3/9/25,0,25.5
MIL_COB,-78.7122,42.4614,1355,3/10/25,0,37
MIL_COB,-78.7122,42.4614,1355,3/11/25,0,45.2
MIL_COB,-78.7122,42.4614,1355,3/12/25,0,41.4
MIL_COB,-78.7122,42.4614,1355,3/13/25,0,32.1
MIL_COB,-78.7122,42.4614,1355,3/14/25,0,41.9
MIL_COB,-78.7122,42.4614,1355,3/15/25,0,51.6
MIL_COB,-78.7122,42.4614,1355,3/16/25,0.04,54.2
MIL_COB,-78.7122,42.4614,1355,3/17/25,0.34,47.9
MIL_COB,-78.7122,42.4614,1355,3/18/25,0,28.5
MIL_COB,-78.7122,42.4614,1355,3/19/25,0,45.5
MIL_COB,-78.7122,42.4614,1355,3/20/25,0,58.5
MIL_COB,-78.7122,42.4614,1355,3/21/25,0.11,40.6
MIL_COB,-78.7122,42.4614,1355,3/22/25,0,35.4
MIL_COB,-78.7122,42.4614,1355,3/23/25,0.06,31.2
MIL_COB,-78.7122,42.4614,1355,3/24/25,0.05,31.5
MIL_COB,-78.7122,42.4614,1355,3/25/25,0,38.5
MIL_COB,-78.7122,42.4614,1355,3/26/25,0.06,30.5
MIL_COB,-78.7122,42.4614,1355,3/27/25,0.04,24.8
MIL_COB,-78.7122,42.4614,1355,3/28/25,0,34.8
MIL_COB,-78.7122,42.4614,1355,3/29/25,0.27,47.2
MIL_COB,-78.7122,42.4614,1355,3/30/25,0.19,50.5
MIL_COB,-78.7122,42.4614,1355,3/31/25,0.41,54.9
MIL_COB,-78.7122,42.4614,1355,4/1/25,0,42.7
MIL_COB,-78.7122,42.4614,1355,4/2/25,0,32.7
MIL_COB,-78.7122,42.4614,1355,4/3/25,0.82,43.3
MIL_COB,-78.7122,42.4614,1355,4/4/25,0.02,52.2
MIL_COB,-78.7122,42.4614,1355,4/5/25,0.18,46.3
MIL_COB,-78.7122,42.4614,1355,4/6/25,0.34,46.8
MIL_COB,-78.7122,42.4614,1355,4/7/25,0,33.1
MIL_COB,-78.7122,42.4614,1355,4/8/25,0.06,34
MIL_COB,-78.7122,42.4614,1355,4/9/25,0.03,23.8
MIL_COB,-78.7122,42.4614,1355,4/10/25,0,29.9
MIL_COB,-78.7122,42.4614,1355,4/11/25,0.34,34.8
MIL_COB,-78.7122,42.4614,1355,4/12/25,0,35.5
MIL_COB,-78.7122,42.4614,1355,4/13/25,0,37
MIL_COB,-78.7122,42.4614,1355,4/14/25,0.03,44.2
MIL_COB,-78.7122,42.4614,1355,4/15/25,0,54.3
MIL_COB,-78.7122,42.4614,1355,4/16/25,0.39,39.4
MIL_COB,-78.7122,42.4614,1355,4/17/25,0.03,29.3
MIL_COB,-78.7122,42.4614,1355,4/18/25,0,41.4
MIL_COB,-78.7122,42.4614,1355,4/19/25,0.35,58.8
MIL_COB,-78.7122,42.4614,1355,4/20/25,0.33,51.6
MIL_COB,-78.7122,42.4614,1355,4/21/25,0,45.8
MIL_COB,-78.7122,42.4614,1355,4/22/25,1.03,56.9
MIL_COB,-78.7122,42.4614,1355,4/23/25,0,47
MIL_COB,-78.7122,42.4614,1355,4/24/25,0,54.9
MIL_COB,-78.7122,42.4614,1355,4/25/25,0,64.2
MIL_COB,-78.7122,42.4614,1355,4/26/25,0.61,59.7
MIL_COB,-78.7122,42.4614,1355,4/27/25,0.06,45.6
MIL_COB,-78.7122,42.4614,1355,4/28/25,0,45.6
MIL_COB,-78.7122,42.4614,1355,4/29/25,0,56.3
MIL_COB,-78.7122,42.4614,1355,4/30/25,0.71,58.3
MIL_COB,-78.7122,42.4614,1355,5/1/25,0,46.9
MIL_COB,-78.7122,42.4614,1355,5/2/25,0.46,62.9
MIL_COB,-78.7122,42.4614,1355,5/3/25,0.49,56.9
MIL_COB,-78.7122,42.4614,1355,5/4/25,0.29,48
MIL_COB,-78.7122,42.4614,1355,5/5/25,0.08,52.2
MIL_COB,-78.7122,42.4614,1355,5/6/25,0.49,60.4
MIL_COB,-78.7122,42.4614,1355,5/7/25,0,56.9
MIL_COB,-78.7122,42.4614,1355,5/8/25,0,55.2
MIL_COB,-78.7122,42.4614,1355,5/9/25,0,41
MIL_COB,-78.7122,42.4614,1355,5/10/25,0,44.6
MIL_COB,-78.7122,42.4614,1355,5/11/25,0,53
MIL_COB,-78.7122,42.4614,1355,5/12/25,0,54.2
MIL_COB,-78.7122,42.4614,1355,5/13/25,0.02,67.9
MIL_COB,-78.7122,42.4614,1355,5/14/25,0.06,64.2
MIL_COB,-78.7122,42.4614,1355,5/15/25,0,61.6
MIL_COB,-78.7122,42.4614,1355,5/16/25,1,66.6
MIL_COB,-78.7122,42.4614,1355,5/17/25,0.02,68.2
MIL_COB,-78.7122,42.4614,1355,5/18/25,0.27,60.7
MIL_COB,-78.7122,42.4614,1355,5/19/25,0,49
MIL_COB,-78.7122,42.4614,1355,5/20/25,0,44.8
MIL_COB,-78.7122,42.4614,1355,5/21/25,0.3,48.8
MIL_COB,-78.7122,42.4614,1355,5/22/25,0.81,50.3
MIL_COB,-78.7122,42.4614,1355,5/23/25,0.29,48
MIL_COB,-78.7122,42.4614,1355,5/24/25,0.06,46.6
MIL_COB,-78.7122,42.4614,1355,5/25/25,0.03,44.1
MIL_COB,-78.7122,42.4614,1355,5/26/25,0,49.3
MIL_COB,-78.7122,42.4614,1355,5/27/25,0,54.1
MIL_COB,-78.7122,42.4614,1355,5/28/25,0,58.6
MIL_COB,-78.7122,42.4614,1355,5/29/25,0.35,52.8
MIL_COB,-78.7122,42.4614,1355,5/30/25,0,57.4
MIL_COB,-78.7122,42.4614,1355,5/31/25,0.05,57.6
MIL_COB,-78.7122,42.4614,1355,6/1/25,0.12,43.6
MIL_COB,-78.7122,42.4614,1355,6/2/25,0,48.1
MIL_COB,-78.7122,42.4614,1355,6/3/25,0,55.3
MIL_COB,-78.7122,42.4614,1355,6/4/25,0,68
MIL_COB,-78.7122,42.4614,1355,6/5/25,0,71.8
MIL_COB,-78.7122,42.4614,1355,6/6/25,0.43,69.4
MIL_COB,-78.7122,42.4614,1355,6/7/25,0.09,64.9
MIL_COB,-78.7122,42.4614,1355,6/8/25,0,63.2
MIL_COB,-78.7122,42.4614,1355,6/9/25,0.09,64.8
MIL_COB,-78.7122,42.4614,1355,6/10/25,1.04,64.8
MIL_COB,-78.7122,42.4614,1355,6/11/25,0,61.5
MIL_COB,-78.7122,42.4614,1355,6/12/25,0,66.6
MIL_COB,-78.7122,42.4614,1355,6/13/25,0,62.3
MIL_COB,-78.7122,42.4614,1355,6/14/25,0.26,63.8
MIL_COB,-78.7122,42.4614,1355,6/15/25,0,61.7
MIL_COB,-78.7122,42.4614,1355,6/16/25,0,66.1
MIL_COB,-78.7122,42.4614,1355,6/17/25,0,68.3
MIL_COB,-78.7122,42.4614,1355,6/18/25,0,70
MIL_COB,-78.7122,42.4614,1355,6/19/25,0.55,70.8
MIL_COB,-78.7122,42.4614,1355,6/20/25,0.45,66.7
MIL_COB,-78.7122,42.4614,1355,6/21/25,0.05,66.5
MIL_COB,-78.7122,42.4614,1355,6/22/25,0.02,73.8
MIL_COB,-78.7122,42.4614,1355,6/23/25,0,78.1
MIL_COB,-78.7122,42.4614,1355,6/24/25,0,78.5
MIL_COB,-78.7122,42.4614,1355,6/25/25,0,77.6
MIL_COB,-78.7122,42.4614,1355,6/26/25,0,74.8
MIL_COB,-78.7122,42.4614,1355,6/27/25,0.14,73.2
MIL_COB,-78.7122,42.4614,1355,6/28/25,0.15,75.1
MIL_COB,-78.7122,42.4614,1355,6/29/25,0,68.2
MIL_COB,-78.7122,42.4614,1355,6/30/25,0,68.8
,,,,,,
MIL_CRO_1,-79.1719,42.3617,1430,1/1/25,0.28,38.4
MIL_CRO_1,-79.1719,42.3617,1430,1/2/25,0.55,30.7
MIL_CRO_1,-79.1719,42.3617,1430,1/3/25,0.23,25.6
MIL_CRO_1,-79.1719,42.3617,1430,1/4/25,0.32,22.1
MIL_CRO_1,-79.1719,42.3617,1430,1/5/25,0.05,18.5
MIL_CRO_1,-79.1719,42.3617,1430,1/6/25,0.03,18.4
MIL_CRO_1,-79.1719,42.3617,1430,1/7/25,0.04,17.5
MIL_CRO_1,-79.1719,42.3617,1430,1/8/25,0.04,18.5
MIL_CRO_1,-79.1719,42.3617,1430,1/9/25,0.05,14.5
MIL_CRO_1,-79.1719,42.3617,1430,1/10/25,0,15.6
MIL_CRO_1,-79.1719,42.3617,1430,1/11/25,0.11,19.2
MIL_CRO_1,-79.1719,42.3617,1430,1/12/25,0.01,20.9
MIL_CRO_1,-79.1719,42.3617,1430,1/13/25,0,26.9
MIL_CRO_1,-79.1719,42.3617,1430,1/14/25,0.21,20.4
MIL_CRO_1,-79.1719,42.3617,1430,1/15/25,0.3,15.4
MIL_CRO_1,-79.1719,42.3617,1430,1/16/25,0.12,16.3
MIL_CRO_1,-79.1719,42.3617,1430,1/17/25,0.27,20.4
MIL_CRO_1,-79.1719,42.3617,1430,1/18/25,0.03,31.5
MIL_CRO_1,-79.1719,42.3617,1430,1/19/25,0.2,24.6
MIL_CRO_1,-79.1719,42.3617,1430,1/20/25,0.16,13.9
MIL_CRO_1,-79.1719,42.3617,1430,1/21/25,0.21,4.1
MIL_CRO_1,-79.1719,42.3617,1430,1/22/25,0.02,0.3
MIL_CRO_1,-79.1719,42.3617,1430,1/23/25,0,2
MIL_CRO_1,-79.1719,42.3617,1430,1/24/25,0.05,16.4
MIL_CRO_1,-79.1719,42.3617,1430,1/25/25,0.03,11.3
MIL_CRO_1,-79.1719,42.3617,1430,1/26/25,0.01,20.2
MIL_CRO_1,-79.1719,42.3617,1430,1/27/25,0,21.7
MIL_CRO_1,-79.1719,42.3617,1430,1/28/25,0.12,23.6
MIL_CRO_1,-79.1719,42.3617,1430,1/29/25,0.04,28.3
MIL_CRO_1,-79.1719,42.3617,1430,1/30/25,0.06,25.3
MIL_CRO_1,-79.1719,42.3617,1430,1/31/25,0.03,28.2
MIL_CRO_1,-79.1719,42.3617,1430,2/1/25,0.71,24.2
MIL_CRO_1,-79.1719,42.3617,1430,2/2/25,0,11.3
MIL_CRO_1,-79.1719,42.3617,1430,2/3/25,0.08,24.6
MIL_CRO_1,-79.1719,42.3617,1430,2/4/25,0,35.5
MIL_CRO_1,-79.1719,42.3617,1430,2/5/25,0,21.3
MIL_CRO_1,-79.1719,42.3617,1430,2/6/25,0.23,23
MIL_CRO_1,-79.1719,42.3617,1430,2/7/25,0.08,26.1
MIL_CRO_1,-79.1719,42.3617,1430,2/8/25,0,14.6
MIL_CRO_1,-79.1719,42.3617,1430,2/9/25,0.17,19.6
MIL_CRO_1,-79.1719,42.3617,1430,2/10/25,0.03,20.2
MIL_CRO_1,-79.1719,42.3617,1430,2/11/25,0,18.1
MIL_CRO_1,-79.1719,42.3617,1430,2/12/25,0,20.1
MIL_CRO_1,-79.1719,42.3617,1430,2/13/25,0.28,26.2
MIL_CRO_1,-79.1719,42.3617,1430,2/14/25,0.22,24.8
MIL_CRO_1,-79.1719,42.3617,1430,2/15/25,0.02,19.5
MIL_CRO_1,-79.1719,42.3617,1430,2/16/25,0.56,27.8
MIL_CRO_1,-79.1719,42.3617,1430,2/17/25,0.38,23.9
MIL_CRO_1,-79.1719,42.3617,1430,2/18/25,0.11,10.5
MIL_CRO_1,-79.1719,42.3617,1430,2/19/25,0,7.2
MIL_CRO_1,-79.1719,42.3617,1430,2/20/25,0.03,10.6
MIL_CRO_1,-79.1719,42.3617,1430,2/21/25,0.19,14.7
MIL_CRO_1,-79.1719,42.3617,1430,2/22/25,0.03,16.8
MIL_CRO_1,-79.1719,42.3617,1430,2/23/25,0,25.4
MIL_CRO_1,-79.1719,42.3617,1430,2/24/25,0,28.8
MIL_CRO_1,-79.1719,42.3617,1430,2/25/25,0.05,38.5
MIL_CRO_1,-79.1719,42.3617,1430,2/26/25,0.05,36
MIL_CRO_1,-79.1719,42.3617,1430,2/27/25,0.12,36
MIL_CRO_1,-79.1719,42.3617,1430,2/28/25,0.29,34.5
MIL_CRO_1,-79.1719,42.3617,1430,3/1/25,0.11,35
MIL_CRO_1,-79.1719,42.3617,1430,3/2/25,0.06,16.4
MIL_CRO_1,-79.1719,42.3617,1430,3/3/25,0,14.7
MIL_CRO_1,-79.1719,42.3617,1430,3/4/25,0,26.7
MIL_CRO_1,-79.1719,42.3617,1430,3/5/25,0.24,46.3
MIL_CRO_1,-79.1719,42.3617,1430,3/6/25,0.27,42.9
MIL_CRO_1,-79.1719,42.3617,1430,3/7/25,0.07,26.6
MIL_CRO_1,-79.1719,42.3617,1430,3/8/25,0,28.2
MIL_CRO_1,-79.1719,42.3617,1430,3/9/25,0,26.4
MIL_CRO_1,-79.1719,42.3617,1430,3/10/25,0,37.7
MIL_CRO_1,-79.1719,42.3617,1430,3/11/25,0,45.3
MIL_CRO_1,-79.1719,42.3617,1430,3/12/25,0,41.7
MIL_CRO_1,-79.1719,42.3617,1430,3/13/25,0,32.4
MIL_CRO_1,-79.1719,42.3617,1430,3/14/25,0,40.2
MIL_CRO_1,-79.1719,42.3617,1430,3/15/25,0,51.8
MIL_CRO_1,-79.1719,42.3617,1430,3/16/25,0.06,56
MIL_CRO_1,-79.1719,42.3617,1430,3/17/25,0.23,48.8
MIL_CRO_1,-79.1719,42.3617,1430,3/18/25,0,28.8
MIL_CRO_1,-79.1719,42.3617,1430,3/19/25,0,46.9
MIL_CRO_1,-79.1719,42.3617,1430,3/20/25,0,59.7
MIL_CRO_1,-79.1719,42.3617,1430,3/21/25,0.07,40.9
MIL_CRO_1,-79.1719,42.3617,1430,3/22/25,0,36.7
MIL_CRO_1,-79.1719,42.3617,1430,3/23/25,0.18,31.1
MIL_CRO_1,-79.1719,42.3617,1430,3/24/25,0.13,32
MIL_CRO_1,-79.1719,42.3617,1430,3/25/25,0,38.7
MIL_CRO_1,-79.1719,42.3617,1430,3/26/25,0.07,31.7
MIL_CRO_1,-79.1719,42.3617,1430,3/27/25,0.08,25.5
MIL_CRO_1,-79.1719,42.3617,1430,3/28/25,0.02,35.9
MIL_CRO_1,-79.1719,42.3617,1430,3/29/25,0.37,48.6
MIL_CRO_1,-79.1719,42.3617,1430,3/30/25,0.27,50.3
MIL_CRO_1,-79.1719,42.3617,1430,3/31/25,0.51,53.5
MIL_CRO_1,-79.1719,42.3617,1430,4/1/25,0.01,42.7
MIL_CRO_1,-79.1719,42.3617,1430,4/2/25,0,33.6
MIL_CRO_1,-79.1719,42.3617,1430,4/3/25,0.98,45.3
MIL_CRO_1,-79.1719,42.3617,1430,4/4/25,0,53.4
MIL_CRO_1,-79.1719,42.3617,1430,4/5/25,0.23,47.5
MIL_CRO_1,-79.1719,42.3617,1430,4/6/25,0.37,47.4
MIL_CRO_1,-79.1719,42.3617,1430,4/7/25,0.04,32.9
MIL_CRO_1,-79.1719,42.3617,1430,4/8/25,0.09,34.4
MIL_CRO_1,-79.1719,42.3617,1430,4/9/25,0,25.1
MIL_CRO_1,-79.1719,42.3617,1430,4/10/25,0.05,31.5
MIL_CRO_1,-79.1719,42.3617,1430,4/11/25,0.32,36
MIL_CRO_1,-79.1719,42.3617,1430,4/12/25,0,35.7
MIL_CRO_1,-79.1719,42.3617,1430,4/13/25,0,35.9
MIL_CRO_1,-79.1719,42.3617,1430,4/14/25,0.03,44.3
MIL_CRO_1,-79.1719,42.3617,1430,4/15/25,0,55.3
MIL_CRO_1,-79.1719,42.3617,1430,4/16/25,0.42,39.9
MIL_CRO_1,-79.1719,42.3617,1430,4/17/25,0.01,31.1
MIL_CRO_1,-79.1719,42.3617,1430,4/18/25,0,42.2
MIL_CRO_1,-79.1719,42.3617,1430,4/19/25,0.26,59.6
MIL_CRO_1,-79.1719,42.3617,1430,4/20/25,0.32,52.6
MIL_CRO_1,-79.1719,42.3617,1430,4/21/25,0,47.4
MIL_CRO_1,-79.1719,42.3617,1430,4/22/25,0.55,57.3
MIL_CRO_1,-79.1719,42.3617,1430,4/23/25,0,47.5
MIL_CRO_1,-79.1719,42.3617,1430,4/24/25,0,55.6
MIL_CRO_1,-79.1719,42.3617,1430,4/25/25,0,65.3
MIL_CRO_1,-79.1719,42.3617,1430,4/26/25,0.85,59.3
MIL_CRO_1,-79.1719,42.3617,1430,4/27/25,0,44.8
MIL_CRO_1,-79.1719,42.3617,1430,4/28/25,0,46.1
MIL_CRO_1,-79.1719,42.3617,1430,4/29/25,0,57.1
MIL_CRO_1,-79.1719,42.3617,1430,4/30/25,0.43,58.5
MIL_CRO_1,-79.1719,42.3617,1430,5/1/25,0,47.7
MIL_CRO_1,-79.1719,42.3617,1430,5/2/25,0.4,62.5
MIL_CRO_1,-79.1719,42.3617,1430,5/3/25,0.48,56.9
MIL_CRO_1,-79.1719,42.3617,1430,5/4/25,0.53,48.8
MIL_CRO_1,-79.1719,42.3617,1430,5/5/25,0.13,53.6
MIL_CRO_1,-79.1719,42.3617,1430,5/6/25,0.24,60.8
MIL_CRO_1,-79.1719,42.3617,1430,5/7/25,0.01,56.8
MIL_CRO_1,-79.1719,42.3617,1430,5/8/25,0,55.1
MIL_CRO_1,-79.1719,42.3617,1430,5/9/25,0,41.8
MIL_CRO_1,-79.1719,42.3617,1430,5/10/25,0,45
MIL_CRO_1,-79.1719,42.3617,1430,5/11/25,0,54
MIL_CRO_1,-79.1719,42.3617,1430,5/12/25,0,55.5
MIL_CRO_1,-79.1719,42.3617,1430,5/13/25,0,67.3
MIL_CRO_1,-79.1719,42.3617,1430,5/14/25,0.14,65.2
MIL_CRO_1,-79.1719,42.3617,1430,5/15/25,0,63
MIL_CRO_1,-79.1719,42.3617,1430,5/16/25,0.76,67.9
MIL_CRO_1,-79.1719,42.3617,1430,5/17/25,0.04,69.1
MIL_CRO_1,-79.1719,42.3617,1430,5/18/25,0.07,61.3
MIL_CRO_1,-79.1719,42.3617,1430,5/19/25,0,49.8
MIL_CRO_1,-79.1719,42.3617,1430,5/20/25,0,45.5
MIL_CRO_1,-79.1719,42.3617,1430,5/21/25,0.52,49.6
MIL_CRO_1,-79.1719,42.3617,1430,5/22/25,0.77,52
MIL_CRO_1,-79.1719,42.3617,1430,5/23/25,0.44,48.3
MIL_CRO_1,-79.1719,42.3617,1430,5/24/25,0.1,47.9
MIL_CRO_1,-79.1719,42.3617,1430,5/25/25,0.02,44.5
MIL_CRO_1,-79.1719,42.3617,1430,5/26/25,0,49.4
MIL_CRO_1,-79.1719,42.3617,1430,5/27/25,0,54.4
MIL_CRO_1,-79.1719,42.3617,1430,5/28/25,0,59.2
MIL_CRO_1,-79.1719,42.3617,1430,5/29/25,0.38,53.1
MIL_CRO_1,-79.1719,42.3617,1430,5/30/25,0,57.6
MIL_CRO_1,-79.1719,42.3617,1430,5/31/25,0.09,57.5
MIL_CRO_1,-79.1719,42.3617,1430,6/1/25,0.29,45.4
MIL_CRO_1,-79.1719,42.3617,1430,6/2/25,0,48.1
MIL_CRO_1,-79.1719,42.3617,1430,6/3/25,0,55.7
MIL_CRO_1,-79.1719,42.3617,1430,6/4/25,0,67.7
MIL_CRO_1,-79.1719,42.3617,1430,6/5/25,0,72.1
MIL_CRO_1,-79.1719,42.3617,1430,6/6/25,0.99,69.4
MIL_CRO_1,-79.1719,42.3617,1430,6/7/25,0.06,65.9
MIL_CRO_1,-79.1719,42.3617,1430,6/8/25,0,63.4
MIL_CRO_1,-79.1719,42.3617,1430,6/9/25,0.09,63.8
MIL_CRO_1,-79.1719,42.3617,1430,6/10/25,1.21,65
MIL_CRO_1,-79.1719,42.3617,1430,6/11/25,0,61.5
MIL_CRO_1,-79.1719,42.3617,1430,6/12/25,0,67
MIL_CRO_1,-79.1719,42.3617,1430,6/13/25,0,63.6
MIL_CRO_1,-79.1719,42.3617,1430,6/14/25,0.25,65
MIL_CRO_1,-79.1719,42.3617,1430,6/15/25,0,63.8
MIL_CRO_1,-79.1719,42.3617,1430,6/16/25,0,67.3
MIL_CRO_1,-79.1719,42.3617,1430,6/17/25,0,68
MIL_CRO_1,-79.1719,42.3617,1430,6/18/25,0.02,70.7
MIL_CRO_1,-79.1719,42.3617,1430,6/19/25,2.5,71.2
MIL_CRO_1,-79.1719,42.3617,1430,6/20/25,0.44,66.7
MIL_CRO_1,-79.1719,42.3617,1430,6/21/25,0,66.6
MIL_CRO_1,-79.1719,42.3617,1430,6/22/25,0,74.8
MIL_CRO_1,-79.1719,42.3617,1430,6/23/25,0,78
MIL_CRO_1,-79.1719,42.3617,1430,6/24/25,0,78.5
MIL_CRO_1,-79.1719,42.3617,1430,6/25/25,0,77.8
MIL_CRO_1,-79.1719,42.3617,1430,6/26/25,0,75.6
MIL_CRO_1,-79.1719,42.3617,1430,6/27/25,0.09,74.4
MIL_CRO_1,-79.1719,42.3617,1430,6/28/25,0.86,76.4
MIL_CRO_1,-79.1719,42.3617,1430,6/29/25,0,68.1
MIL_CRO_1,-79.1719,42.3617,1430,6/30/25,0,69.5
,,,,,,
MIL_CRO_2,-79.1458,42.3747,1483,1/1/25,0.28,38.2
MIL_CRO_2,-79.1458,42.3747,1483,1/2/25,0.52,30.6
MIL_CRO_2,-79.1458,42.3747,1483,1/3/25,0.18,25.5
MIL_CRO_2,-79.1458,42.3747,1483,1/4/25,0.35,21.7
MIL_CRO_2,-79.1458,42.3747,1483,1/5/25,0.05,18
MIL_CRO_2,-79.1458,42.3747,1483,1/6/25,0.02,18.1
MIL_CRO_2,-79.1458,42.3747,1483,1/7/25,0.03,17.3
MIL_CRO_2,-79.1458,42.3747,1483,1/8/25,0.03,18
MIL_CRO_2,-79.1458,42.3747,1483,1/9/25,0.04,14.1
MIL_CRO_2,-79.1458,42.3747,1483,1/10/25,0,15.1
MIL_CRO_2,-79.1458,42.3747,1483,1/11/25,0.1,19.1
MIL_CRO_2,-79.1458,42.3747,1483,1/12/25,0.01,20.7
MIL_CRO_2,-79.1458,42.3747,1483,1/13/25,0,26.5
MIL_CRO_2,-79.1458,42.3747,1483,1/14/25,0.22,20.2
MIL_CRO_2,-79.1458,42.3747,1483,1/15/25,0.31,15.2
MIL_CRO_2,-79.1458,42.3747,1483,1/16/25,0.13,16.1
MIL_CRO_2,-79.1458,42.3747,1483,1/17/25,0.27,20.1
MIL_CRO_2,-79.1458,42.3747,1483,1/18/25,0.03,31.2
MIL_CRO_2,-79.1458,42.3747,1483,1/19/25,0.2,24.4
MIL_CRO_2,-79.1458,42.3747,1483,1/20/25,0.16,13.5
MIL_CRO_2,-79.1458,42.3747,1483,1/21/25,0.24,3.7
MIL_CRO_2,-79.1458,42.3747,1483,1/22/25,0.03,0.1
MIL_CRO_2,-79.1458,42.3747,1483,1/23/25,0,1.8
MIL_CRO_2,-79.1458,42.3747,1483,1/24/25,0.06,16.1
MIL_CRO_2,-79.1458,42.3747,1483,1/25/25,0.03,11.2
MIL_CRO_2,-79.1458,42.3747,1483,1/26/25,0.02,19.9
MIL_CRO_2,-79.1458,42.3747,1483,1/27/25,0,21.4
MIL_CRO_2,-79.1458,42.3747,1483,1/28/25,0.11,23.3
MIL_CRO_2,-79.1458,42.3747,1483,1/29/25,0.03,27.9
MIL_CRO_2,-79.1458,42.3747,1483,1/30/25,0.06,25.2
MIL_CRO_2,-79.1458,42.3747,1483,1/31/25,0.05,28.1
MIL_CRO_2,-79.1458,42.3747,1483,2/1/25,0.72,24.1
MIL_CRO_2,-79.1458,42.3747,1483,2/2/25,0,11
MIL_CRO_2,-79.1458,42.3747,1483,2/3/25,0.07,24.4
MIL_CRO_2,-79.1458,42.3747,1483,2/4/25,0,35.3
MIL_CRO_2,-79.1458,42.3747,1483,2/5/25,0,21
MIL_CRO_2,-79.1458,42.3747,1483,2/6/25,0.21,22.7
MIL_CRO_2,-79.1458,42.3747,1483,2/7/25,0.08,25.9
MIL_CRO_2,-79.1458,42.3747,1483,2/8/25,0,14.2
MIL_CRO_2,-79.1458,42.3747,1483,2/9/25,0.19,19.3
MIL_CRO_2,-79.1458,42.3747,1483,2/10/25,0.04,19.9
MIL_CRO_2,-79.1458,42.3747,1483,2/11/25,0,17.6
MIL_CRO_2,-79.1458,42.3747,1483,2/12/25,0,19.9
MIL_CRO_2,-79.1458,42.3747,1483,2/13/25,0.27,25.9
MIL_CRO_2,-79.1458,42.3747,1483,2/14/25,0.21,24.8
MIL_CRO_2,-79.1458,42.3747,1483,2/15/25,0.01,19.2
MIL_CRO_2,-79.1458,42.3747,1483,2/16/25,0.6,27.8
MIL_CRO_2,-79.1458,42.3747,1483,2/17/25,0.39,23.7
MIL_CRO_2,-79.1458,42.3747,1483,2/18/25,0.13,10.1
MIL_CRO_2,-79.1458,42.3747,1483,2/19/25,0,6.8
MIL_CRO_2,-79.1458,42.3747,1483,2/20/25,0.03,10.3
MIL_CRO_2,-79.1458,42.3747,1483,2/21/25,0.22,14.4
MIL_CRO_2,-79.1458,42.3747,1483,2/22/25,0.03,16.6
MIL_CRO_2,-79.1458,42.3747,1483,2/23/25,0,25.2
MIL_CRO_2,-79.1458,42.3747,1483,2/24/25,0,28.7
MIL_CRO_2,-79.1458,42.3747,1483,2/25/25,0.04,38.4
MIL_CRO_2,-79.1458,42.3747,1483,2/26/25,0.04,35.9
MIL_CRO_2,-79.1458,42.3747,1483,2/27/25,0.11,36
MIL_CRO_2,-79.1458,42.3747,1483,2/28/25,0.29,34.5
MIL_CRO_2,-79.1458,42.3747,1483,3/1/25,0.1,34.8
MIL_CRO_2,-79.1458,42.3747,1483,3/2/25,0.06,16.2
MIL_CRO_2,-79.1458,42.3747,1483,3/3/25,0,14.5
MIL_CRO_2,-79.1458,42.3747,1483,3/4/25,0,26.2
MIL_CRO_2,-79.1458,42.3747,1483,3/5/25,0.23,45.6
MIL_CRO_2,-79.1458,42.3747,1483,3/6/25,0.26,42.8
MIL_CRO_2,-79.1458,42.3747,1483,3/7/25,0.07,26.5
MIL_CRO_2,-79.1458,42.3747,1483,3/8/25,0,28
MIL_CRO_2,-79.1458,42.3747,1483,3/9/25,0,26.3
MIL_CRO_2,-79.1458,42.3747,1483,3/10/25,0,37.3
MIL_CRO_2,-79.1458,42.3747,1483,3/11/25,0,45.2
MIL_CRO_2,-79.1458,42.3747,1483,3/12/25,0,41.5
MIL_CRO_2,-79.1458,42.3747,1483,3/13/25,0,32.6
MIL_CRO_2,-79.1458,42.3747,1483,3/14/25,0,40.4
MIL_CRO_2,-79.1458,42.3747,1483,3/15/25,0,51.6
MIL_CRO_2,-79.1458,42.3747,1483,3/16/25,0.05,55.6
MIL_CRO_2,-79.1458,42.3747,1483,3/17/25,0.22,48.5
MIL_CRO_2,-79.1458,42.3747,1483,3/18/25,0,28.6
MIL_CRO_2,-79.1458,42.3747,1483,3/19/25,0,46.5
MIL_CRO_2,-79.1458,42.3747,1483,3/20/25,0,59.1
MIL_CRO_2,-79.1458,42.3747,1483,3/21/25,0.06,40.7
MIL_CRO_2,-79.1458,42.3747,1483,3/22/25,0,36.5
MIL_CRO_2,-79.1458,42.3747,1483,3/23/25,0.19,30.8
MIL_CRO_2,-79.1458,42.3747,1483,3/24/25,0.13,31.7
MIL_CRO_2,-79.1458,42.3747,1483,3/25/25,0,38.6
MIL_CRO_2,-79.1458,42.3747,1483,3/26/25,0.06,31.5
MIL_CRO_2,-79.1458,42.3747,1483,3/27/25,0.07,25.3
MIL_CRO_2,-79.1458,42.3747,1483,3/28/25,0.02,35.6
MIL_CRO_2,-79.1458,42.3747,1483,3/29/25,0.35,48.2
MIL_CRO_2,-79.1458,42.3747,1483,3/30/25,0.25,50.1
MIL_CRO_2,-79.1458,42.3747,1483,3/31/25,0.48,53.6
MIL_CRO_2,-79.1458,42.3747,1483,4/1/25,0.02,42.5
MIL_CRO_2,-79.1458,42.3747,1483,4/2/25,0,33.3
MIL_CRO_2,-79.1458,42.3747,1483,4/3/25,0.99,44.9
MIL_CRO_2,-79.1458,42.3747,1483,4/4/25,0,53.2
MIL_CRO_2,-79.1458,42.3747,1483,4/5/25,0.23,47.2
MIL_CRO_2,-79.1458,42.3747,1483,4/6/25,0.35,47
MIL_CRO_2,-79.1458,42.3747,1483,4/7/25,0.04,32.9
MIL_CRO_2,-79.1458,42.3747,1483,4/8/25,0.11,34.2
MIL_CRO_2,-79.1458,42.3747,1483,4/9/25,0,25
MIL_CRO_2,-79.1458,42.3747,1483,4/10/25,0.05,31
MIL_CRO_2,-79.1458,42.3747,1483,4/11/25,0.31,35.8
MIL_CRO_2,-79.1458,42.3747,1483,4/12/25,0,35.6
MIL_CRO_2,-79.1458,42.3747,1483,4/13/25,0,36
MIL_CRO_2,-79.1458,42.3747,1483,4/14/25,0.02,44.1
MIL_CRO_2,-79.1458,42.3747,1483,4/15/25,0,55
MIL_CRO_2,-79.1458,42.3747,1483,4/16/25,0.39,39.7
MIL_CRO_2,-79.1458,42.3747,1483,4/17/25,0,30.7
MIL_CRO_2,-79.1458,42.3747,1483,4/18/25,0,41.7
MIL_CRO_2,-79.1458,42.3747,1483,4/19/25,0.25,58.8
MIL_CRO_2,-79.1458,42.3747,1483,4/20/25,0.29,52.3
MIL_CRO_2,-79.1458,42.3747,1483,4/21/25,0,47.1
MIL_CRO_2,-79.1458,42.3747,1483,4/22/25,0.58,57.1
MIL_CRO_2,-79.1458,42.3747,1483,4/23/25,0,47.5
MIL_CRO_2,-79.1458,42.3747,1483,4/24/25,0,55
MIL_CRO_2,-79.1458,42.3747,1483,4/25/25,0,64.9
MIL_CRO_2,-79.1458,42.3747,1483,4/26/25,0.79,59.1
MIL_CRO_2,-79.1458,42.3747,1483,4/27/25,0,44.4
MIL_CRO_2,-79.1458,42.3747,1483,4/28/25,0,45.7
MIL_CRO_2,-79.1458,42.3747,1483,4/29/25,0,56.5
MIL_CRO_2,-79.1458,42.3747,1483,4/30/25,0.33,58.3
MIL_CRO_2,-79.1458,42.3747,1483,5/1/25,0,47.6
MIL_CRO_2,-79.1458,42.3747,1483,5/2/25,0.41,62.1
MIL_CRO_2,-79.1458,42.3747,1483,5/3/25,0.49,56.7
MIL_CRO_2,-79.1458,42.3747,1483,5/4/25,0.51,48.6
MIL_CRO_2,-79.1458,42.3747,1483,5/5/25,0.16,53.5
MIL_CRO_2,-79.1458,42.3747,1483,5/6/25,0.18,60.8
MIL_CRO_2,-79.1458,42.3747,1483,5/7/25,0.01,56.7
MIL_CRO_2,-79.1458,42.3747,1483,5/8/25,0,54.9
MIL_CRO_2,-79.1458,42.3747,1483,5/9/25,0,41.6
MIL_CRO_2,-79.1458,42.3747,1483,5/10/25,0,44.8
MIL_CRO_2,-79.1458,42.3747,1483,5/11/25,0,53.6
MIL_CRO_2,-79.1458,42.3747,1483,5/12/25,0,55.2
MIL_CRO_2,-79.1458,42.3747,1483,5/13/25,0,67.1
MIL_CRO_2,-79.1458,42.3747,1483,5/14/25,0.19,64.7
MIL_CRO_2,-79.1458,42.3747,1483,5/15/25,0,62.7
MIL_CRO_2,-79.1458,42.3747,1483,5/16/25,0.86,67.7
MIL_CRO_2,-79.1458,42.3747,1483,5/17/25,0.06,68.8
MIL_CRO_2,-79.1458,42.3747,1483,5/18/25,0.07,61.1
MIL_CRO_2,-79.1458,42.3747,1483,5/19/25,0,49.7
MIL_CRO_2,-79.1458,42.3747,1483,5/20/25,0,45.2
MIL_CRO_2,-79.1458,42.3747,1483,5/21/25,0.54,49.4
MIL_CRO_2,-79.1458,42.3747,1483,5/22/25,0.77,51.8
MIL_CRO_2,-79.1458,42.3747,1483,5/23/25,0.45,48.3
MIL_CRO_2,-79.1458,42.3747,1483,5/24/25,0.11,47.8
MIL_CRO_2,-79.1458,42.3747,1483,5/25/25,0.03,44.3
MIL_CRO_2,-79.1458,42.3747,1483,5/26/25,0,49.3
MIL_CRO_2,-79.1458,42.3747,1483,5/27/25,0,54.2
MIL_CRO_2,-79.1458,42.3747,1483,5/28/25,0,59.2
MIL_CRO_2,-79.1458,42.3747,1483,5/29/25,0.37,53
MIL_CRO_2,-79.1458,42.3747,1483,5/30/25,0,57.5
MIL_CRO_2,-79.1458,42.3747,1483,5/31/25,0.12,57.3
MIL_CRO_2,-79.1458,42.3747,1483,6/1/25,0.31,45
MIL_CRO_2,-79.1458,42.3747,1483,6/2/25,0,47.9
MIL_CRO_2,-79.1458,42.3747,1483,6/3/25,0,55.5
MIL_CRO_2,-79.1458,42.3747,1483,6/4/25,0,67.6
MIL_CRO_2,-79.1458,42.3747,1483,6/5/25,0,71.8
MIL_CRO_2,-79.1458,42.3747,1483,6/6/25,1.04,69.3
MIL_CRO_2,-79.1458,42.3747,1483,6/7/25,0.06,65.8
MIL_CRO_2,-79.1458,42.3747,1483,6/8/25,0,63.2
MIL_CRO_2,-79.1458,42.3747,1483,6/9/25,0.06,63.5
MIL_CRO_2,-79.1458,42.3747,1483,6/10/25,1.23,64.7
MIL_CRO_2,-79.1458,42.3747,1483,6/11/25,0,61.2
MIL_CRO_2,-79.1458,42.3747,1483,6/12/25,0,66.7
MIL_CRO_2,-79.1458,42.3747,1483,6/13/25,0,63.2
MIL_CRO_2,-79.1458,42.3747,1483,6/14/25,0.18,65
MIL_CRO_2,-79.1458,42.3747,1483,6/15/25,0,63.6
MIL_CRO_2,-79.1458,42.3747,1483,6/16/25,0,67.3
MIL_CRO_2,-79.1458,42.3747,1483,6/17/25,0,68.1
MIL_CRO_2,-79.1458,42.3747,1483,6/18/25,0.01,70.4
MIL_CRO_2,-79.1458,42.3747,1483,6/19/25,2.73,70.9
MIL_CRO_2,-79.1458,42.3747,1483,6/20/25,0.43,66.6
MIL_CRO_2,-79.1458,42.3747,1483,6/21/25,0,66.5
MIL_CRO_2,-79.1458,42.3747,1483,6/22/25,0,74.8
MIL_CRO_2,-79.1458,42.3747,1483,6/23/25,0,77.8
MIL_CRO_2,-79.1458,42.3747,1483,6/24/25,0,78.1
MIL_CRO_2,-79.1458,42.3747,1483,6/25/25,0,77.7
MIL_CRO_2,-79.1458,42.3747,1483,6/26/25,0,75.3
MIL_CRO_2,-79.1458,42.3747,1483,6/27/25,0.13,74.2
MIL_CRO_2,-79.1458,42.3747,1483,6/28/25,1.25,76.3
MIL_CRO_2,-79.1458,42.3747,1483,6/29/25,0,68.2
MIL_CRO_2,-79.1458,42.3747,1483,6/30/25,0,69.2
,,,,,,
MIL_TEL,-78.7161,42.3294,1588,1/1/25,0.25,37.5
MIL_TEL,-78.7161,42.3294,1588,1/2/25,0.36,29.6
MIL_TEL,-78.7161,42.3294,1588,1/3/25,0.08,23.7
MIL_TEL,-78.7161,42.3294,1588,1/4/25,0.23,20.2
MIL_TEL,-78.7161,42.3294,1588,1/5/25,0.16,16.9
MIL_TEL,-78.7161,42.3294,1588,1/6/25,0.02,17
MIL_TEL,-78.7161,42.3294,1588,1/7/25,0.02,15.1
MIL_TEL,-78.7161,42.3294,1588,1/8/25,0.11,16.6
MIL_TEL,-78.7161,42.3294,1588,1/9/25,0.02,12.2
MIL_TEL,-78.7161,42.3294,1588,1/10/25,0,13.7
MIL_TEL,-78.7161,42.3294,1588,1/11/25,0.1,18.6
MIL_TEL,-78.7161,42.3294,1588,1/12/25,0,21.1
MIL_TEL,-78.7161,42.3294,1588,1/13/25,0,26.5
MIL_TEL,-78.7161,42.3294,1588,1/14/25,0.16,20.1
MIL_TEL,-78.7161,42.3294,1588,1/15/25,0.25,13.8
MIL_TEL,-78.7161,42.3294,1588,1/16/25,0.12,15.1
MIL_TEL,-78.7161,42.3294,1588,1/17/25,0.19,19.7
MIL_TEL,-78.7161,42.3294,1588,1/18/25,0,30.5
MIL_TEL,-78.7161,42.3294,1588,1/19/25,0.18,24.3
MIL_TEL,-78.7161,42.3294,1588,1/20/25,0.04,11.8
MIL_TEL,-78.7161,42.3294,1588,1/21/25,0.04,3.5
MIL_TEL,-78.7161,42.3294,1588,1/22/25,0,-1.6
MIL_TEL,-78.7161,42.3294,1588,1/23/25,0,0
MIL_TEL,-78.7161,42.3294,1588,1/24/25,0.05,16.1
MIL_TEL,-78.7161,42.3294,1588,1/25/25,0.07,9.8
MIL_TEL,-78.7161,42.3294,1588,1/26/25,0.02,18.7
MIL_TEL,-78.7161,42.3294,1588,1/27/25,0,20.6
MIL_TEL,-78.7161,42.3294,1588,1/28/25,0.08,23
MIL_TEL,-78.7161,42.3294,1588,1/29/25,0.06,26.9
MIL_TEL,-78.7161,42.3294,1588,1/30/25,0.07,24.7
MIL_TEL,-78.7161,42.3294,1588,1/31/25,0,27
MIL_TEL,-78.7161,42.3294,1588,2/1/25,0.52,23.3
MIL_TEL,-78.7161,42.3294,1588,2/2/25,0,9.3
MIL_TEL,-78.7161,42.3294,1588,2/3/25,0.06,22.8
MIL_TEL,-78.7161,42.3294,1588,2/4/25,0,35
MIL_TEL,-78.7161,42.3294,1588,2/5/25,0,19.6
MIL_TEL,-78.7161,42.3294,1588,2/6/25,0.18,21.2
MIL_TEL,-78.7161,42.3294,1588,2/7/25,0.06,26
MIL_TEL,-78.7161,42.3294,1588,2/8/25,0,12.7
MIL_TEL,-78.7161,42.3294,1588,2/9/25,0.11,19.3
MIL_TEL,-78.7161,42.3294,1588,2/10/25,0.03,19.3
MIL_TEL,-78.7161,42.3294,1588,2/11/25,0,16.9
MIL_TEL,-78.7161,42.3294,1588,2/12/25,0,20.1
MIL_TEL,-78.7161,42.3294,1588,2/13/25,0.14,24.7
MIL_TEL,-78.7161,42.3294,1588,2/14/25,0.34,24.4
MIL_TEL,-78.7161,42.3294,1588,2/15/25,0,18.3
MIL_TEL,-78.7161,42.3294,1588,2/16/25,0.62,28.9
MIL_TEL,-78.7161,42.3294,1588,2/17/25,0.45,22.9
MIL_TEL,-78.7161,42.3294,1588,2/18/25,0.04,8.9
MIL_TEL,-78.7161,42.3294,1588,2/19/25,0,5
MIL_TEL,-78.7161,42.3294,1588,2/20/25,0.01,8.4
MIL_TEL,-78.7161,42.3294,1588,2/21/25,0.17,12.8
MIL_TEL,-78.7161,42.3294,1588,2/22/25,0,15.7
MIL_TEL,-78.7161,42.3294,1588,2/23/25,0,23.6
MIL_TEL,-78.7161,42.3294,1588,2/24/25,0,27.9
MIL_TEL,-78.7161,42.3294,1588,2/25/25,0.03,38.2
MIL_TEL,-78.7161,42.3294,1588,2/26/25,0.05,36
MIL_TEL,-78.7161,42.3294,1588,2/27/25,0.1,36.2
MIL_TEL,-78.7161,42.3294,1588,2/28/25,0.11,34.3
MIL_TEL,-78.7161,42.3294,1588,3/1/25,0.2,34.3
MIL_TEL,-78.7161,42.3294,1588,3/2/25,0.1,15.9
MIL_TEL,-78.7161,42.3294,1588,3/3/25,0,12.9
MIL_TEL,-78.7161,42.3294,1588,3/4/25,0,23.7
MIL_TEL,-78.7161,42.3294,1588,3/5/25,0.1,44.9
MIL_TEL,-78.7161,42.3294,1588,3/6/25,0.36,41.3
MIL_TEL,-78.7161,42.3294,1588,3/7/25,0.07,25.5
MIL_TEL,-78.7161,42.3294,1588,3/8/25,0,26.9
MIL_TEL,-78.7161,42.3294,1588,3/9/25,0,24.9
MIL_TEL,-78.7161,42.3294,1588,3/10/25,0,36
MIL_TEL,-78.7161,42.3294,1588,3/11/25,0,44
MIL_TEL,-78.7161,42.3294,1588,3/12/25,0,41.4
MIL_TEL,-78.7161,42.3294,1588,3/13/25,0,31.8
MIL_TEL,-78.7161,42.3294,1588,3/14/25,0,42.1
MIL_TEL,-78.7161,42.3294,1588,3/15/25,0,50.1
MIL_TEL,-78.7161,42.3294,1588,3/16/25,0.06,52.2
MIL_TEL,-78.7161,42.3294,1588,3/17/25,0.74,46.3
MIL_TEL,-78.7161,42.3294,1588,3/18/25,0,27.2
MIL_TEL,-78.7161,42.3294,1588,3/19/25,0,44
MIL_TEL,-78.7161,42.3294,1588,3/20/25,0,55.3
MIL_TEL,-78.7161,42.3294,1588,3/21/25,0.22,39.9
MIL_TEL,-78.7161,42.3294,1588,3/22/25,0,35.1
MIL_TEL,-78.7161,42.3294,1588,3/23/25,0.05,29.8
MIL_TEL,-78.7161,42.3294,1588,3/24/25,0.08,30.2
MIL_TEL,-78.7161,42.3294,1588,3/25/25,0.02,39.3
MIL_TEL,-78.7161,42.3294,1588,3/26/25,0.07,30.5
MIL_TEL,-78.7161,42.3294,1588,3/27/25,0.08,23.5
MIL_TEL,-78.7161,42.3294,1588,3/28/25,0,34.3
MIL_TEL,-78.7161,42.3294,1588,3/29/25,0.25,46.5
MIL_TEL,-78.7161,42.3294,1588,3/30/25,0.14,52.2
MIL_TEL,-78.7161,42.3294,1588,3/31/25,0.28,55.5
MIL_TEL,-78.7161,42.3294,1588,4/1/25,0,42.3
MIL_TEL,-78.7161,42.3294,1588,4/2/25,0,32.6
MIL_TEL,-78.7161,42.3294,1588,4/3/25,0.78,42.6
MIL_TEL,-78.7161,42.3294,1588,4/4/25,0.04,52.5
MIL_TEL,-78.7161,42.3294,1588,4/5/25,0.22,47.4
MIL_TEL,-78.7161,42.3294,1588,4/6/25,0.33,46.9
MIL_TEL,-78.7161,42.3294,1588,4/7/25,0.04,32.8
MIL_TEL,-78.7161,42.3294,1588,4/8/25,0.09,34
MIL_TEL,-78.7161,42.3294,1588,4/9/25,0.04,22.6
MIL_TEL,-78.7161,42.3294,1588,4/10/25,0.02,29.5
MIL_TEL,-78.7161,42.3294,1588,4/11/25,0.36,34.7
MIL_TEL,-78.7161,42.3294,1588,4/12/25,0,35.8
MIL_TEL,-78.7161,42.3294,1588,4/13/25,0,37.7
MIL_TEL,-78.7161,42.3294,1588,4/14/25,0.03,44
MIL_TEL,-78.7161,42.3294,1588,4/15/25,0.03,53.1
MIL_TEL,-78.7161,42.3294,1588,4/16/25,0.33,38.5
MIL_TEL,-78.7161,42.3294,1588,4/17/25,0.02,27.8
MIL_TEL,-78.7161,42.3294,1588,4/18/25,0,40
MIL_TEL,-78.7161,42.3294,1588,4/19/25,0.25,56.7
MIL_TEL,-78.7161,42.3294,1588,4/20/25,0.98,52.1
MIL_TEL,-78.7161,42.3294,1588,4/21/25,0,46.5
MIL_TEL,-78.7161,42.3294,1588,4/22/25,0.63,57.1
MIL_TEL,-78.7161,42.3294,1588,4/23/25,0,46.6
MIL_TEL,-78.7161,42.3294,1588,4/24/25,0,53.8
MIL_TEL,-78.7161,42.3294,1588,4/25/25,0,62.5
MIL_TEL,-78.7161,42.3294,1588,4/26/25,0.71,58.7
MIL_TEL,-78.7161,42.3294,1588,4/27/25,0.02,45.4
MIL_TEL,-78.7161,42.3294,1588,4/28/25,0,44.4
MIL_TEL,-78.7161,42.3294,1588,4/29/25,0,53.5
MIL_TEL,-78.7161,42.3294,1588,4/30/25,0.19,58.3
MIL_TEL,-78.7161,42.3294,1588,5/1/25,0,48.5
MIL_TEL,-78.7161,42.3294,1588,5/2/25,0.75,62.2
MIL_TEL,-78.7161,42.3294,1588,5/3/25,0.6,58
MIL_TEL,-78.7161,42.3294,1588,5/4/25,0.44,49.1
MIL_TEL,-78.7161,42.3294,1588,5/5/25,0.08,52.4
MIL_TEL,-78.7161,42.3294,1588,5/6/25,0.49,60.2
MIL_TEL,-78.7161,42.3294,1588,5/7/25,0.04,56.2
MIL_TEL,-78.7161,42.3294,1588,5/8/25,0,55.8
MIL_TEL,-78.7161,42.3294,1588,5/9/25,0,40.8
MIL_TEL,-78.7161,42.3294,1588,5/10/25,0,43.2
MIL_TEL,-78.7161,42.3294,1588,5/11/25,0,52.4
MIL_TEL,-78.7161,42.3294,1588,5/12/25,0,53.6
MIL_TEL,-78.7161,42.3294,1588,5/13/25,0,67.3
MIL_TEL,-78.7161,42.3294,1588,5/14/25,0.09,63.2
MIL_TEL,-78.7161,42.3294,1588,5/15/25,0,61
MIL_TEL,-78.7161,42.3294,1588,5/16/25,0.69,66
MIL_TEL,-78.7161,42.3294,1588,5/17/25,0.02,68.3
MIL_TEL,-78.7161,42.3294,1588,5/18/25,0.13,60.6
MIL_TEL,-78.7161,42.3294,1588,5/19/25,0,49
MIL_TEL,-78.7161,42.3294,1588,5/20/25,0,44.9
MIL_TEL,-78.7161,42.3294,1588,5/21/25,0.32,49.1
MIL_TEL,-78.7161,42.3294,1588,5/22/25,0.78,50
MIL_TEL,-78.7161,42.3294,1588,5/23/25,0.18,47.8
MIL_TEL,-78.7161,42.3294,1588,5/24/25,0.06,46.9
MIL_TEL,-78.7161,42.3294,1588,5/25/25,0.04,43.6
MIL_TEL,-78.7161,42.3294,1588,5/26/25,0,47.9
MIL_TEL,-78.7161,42.3294,1588,5/27/25,0,53.1
MIL_TEL,-78.7161,42.3294,1588,5/28/25,0,57.4
MIL_TEL,-78.7161,42.3294,1588,5/29/25,0.37,52
MIL_TEL,-78.7161,42.3294,1588,5/30/25,0,56.2
MIL_TEL,-78.7161,42.3294,1588,5/31/25,0.06,57.6
MIL_TEL,-78.7161,42.3294,1588,6/1/25,0.11,42.2
MIL_TEL,-78.7161,42.3294,1588,6/2/25,0,47
MIL_TEL,-78.7161,42.3294,1588,6/3/25,0,53.2
MIL_TEL,-78.7161,42.3294,1588,6/4/25,0,65.3
MIL_TEL,-78.7161,42.3294,1588,6/5/25,0,69.9
MIL_TEL,-78.7161,42.3294,1588,6/6/25,1.42,69.4
MIL_TEL,-78.7161,42.3294,1588,6/7/25,0.41,65
MIL_TEL,-78.7161,42.3294,1588,6/8/25,0,62.1
MIL_TEL,-78.7161,42.3294,1588,6/9/25,0.28,64
MIL_TEL,-78.7161,42.3294,1588,6/10/25,1.14,64.5
MIL_TEL,-78.7161,42.3294,1588,6/11/25,0,60.3
MIL_TEL,-78.7161,42.3294,1588,6/12/25,0,66
MIL_TEL,-78.7161,42.3294,1588,6/13/25,0,62.8
MIL_TEL,-78.7161,42.3294,1588,6/14/25,0.3,64.2
MIL_TEL,-78.7161,42.3294,1588,6/15/25,0.02,61.7
MIL_TEL,-78.7161,42.3294,1588,6/16/25,0,66.2
MIL_TEL,-78.7161,42.3294,1588,6/17/25,0,67.9
MIL_TEL,-78.7161,42.3294,1588,6/18/25,0.09,68.8
MIL_TEL,-78.7161,42.3294,1588,6/19/25,0.84,70.4
MIL_TEL,-78.7161,42.3294,1588,6/20/25,0.55,66.5
MIL_TEL,-78.7161,42.3294,1588,6/21/25,0,66.3
MIL_TEL,-78.7161,42.3294,1588,6/22/25,0.01,73.5
MIL_TEL,-78.7161,42.3294,1588,6/23/25,0,77.1
MIL_TEL,-78.7161,42.3294,1588,6/24/25,0,77.5
MIL_TEL,-78.7161,42.3294,1588,6/25/25,0,77.6
MIL_TEL,-78.7161,42.3294,1588,6/26/25,0.05,75.1
MIL_TEL,-78.7161,42.3294,1588,6/27/25,0.19,73.9
MIL_TEL,-78.7161,42.3294,1588,6/28/25,0.49,73.9
MIL_TEL,-78.7161,42.3294,1588,6/29/25,0,68.8
MIL_TEL,-78.7161,42.3294,1588,6/30/25,0,68.5
,,,,,,
MIL_ZIT_1,-78.8081,42.6886,915,1/1/25,0.19,39.8
MIL_ZIT_1,-78.8081,42.6886,915,1/2/25,0.17,32.6
MIL_ZIT_1,-78.8081,42.6886,915,1/3/25,0,28.2
MIL_ZIT_1,-78.8081,42.6886,915,1/4/25,0,24.8
MIL_ZIT_1,-78.8081,42.6886,915,1/5/25,0,21.6
MIL_ZIT_1,-78.8081,42.6886,915,1/6/25,0,22.3
MIL_ZIT_1,-78.8081,42.6886,915,1/7/25,0.04,18.5
MIL_ZIT_1,-78.8081,42.6886,915,1/8/25,0.03,19.1
MIL_ZIT_1,-78.8081,42.6886,915,1/9/25,0,15.7
MIL_ZIT_1,-78.8081,42.6886,915,1/10/25,0,15.9
MIL_ZIT_1,-78.8081,42.6886,915,1/11/25,0.12,19.4
MIL_ZIT_1,-78.8081,42.6886,915,1/12/25,0,24.8
MIL_ZIT_1,-78.8081,42.6886,915,1/13/25,0,29
MIL_ZIT_1,-78.8081,42.6886,915,1/14/25,0.26,23.3
MIL_ZIT_1,-78.8081,42.6886,915,1/15/25,0.18,17
MIL_ZIT_1,-78.8081,42.6886,915,1/16/25,0.09,18.1
MIL_ZIT_1,-78.8081,42.6886,915,1/17/25,0.15,23.4
MIL_ZIT_1,-78.8081,42.6886,915,1/18/25,0,34.3
MIL_ZIT_1,-78.8081,42.6886,915,1/19/25,0.24,27.3
MIL_ZIT_1,-78.8081,42.6886,915,1/20/25,0.05,16
MIL_ZIT_1,-78.8081,42.6886,915,1/21/25,0.54,7.9
MIL_ZIT_1,-78.8081,42.6886,915,1/22/25,0.35,3.2
MIL_ZIT_1,-78.8081,42.6886,915,1/23/25,0,3.9
MIL_ZIT_1,-78.8081,42.6886,915,1/24/25,0.09,18.7
MIL_ZIT_1,-78.8081,42.6886,915,1/25/25,0.24,14.9
MIL_ZIT_1,-78.8081,42.6886,915,1/26/25,0,21.7
MIL_ZIT_1,-78.8081,42.6886,915,1/27/25,0,25.2
MIL_ZIT_1,-78.8081,42.6886,915,1/28/25,0.04,26.2
MIL_ZIT_1,-78.8081,42.6886,915,1/29/25,0.01,28.7
MIL_ZIT_1,-78.8081,42.6886,915,1/30/25,0.01,25.4
MIL_ZIT_1,-78.8081,42.6886,915,1/31/25,0,28.7
MIL_ZIT_1,-78.8081,42.6886,915,2/1/25,0.44,24
MIL_ZIT_1,-78.8081,42.6886,915,2/2/25,0,10.2
MIL_ZIT_1,-78.8081,42.6886,915,2/3/25,0.1,23.7
MIL_ZIT_1,-78.8081,42.6886,915,2/4/25,0.04,35.2
MIL_ZIT_1,-78.8081,42.6886,915,2/5/25,0,22.5
MIL_ZIT_1,-78.8081,42.6886,915,2/6/25,0.15,22.3
MIL_ZIT_1,-78.8081,42.6886,915,2/7/25,0.02,27
MIL_ZIT_1,-78.8081,42.6886,915,2/8/25,0,18.7
MIL_ZIT_1,-78.8081,42.6886,915,2/9/25,0.12,23.4
MIL_ZIT_1,-78.8081,42.6886,915,2/10/25,0.04,22.8
MIL_ZIT_1,-78.8081,42.6886,915,2/11/25,0.03,18.6
MIL_ZIT_1,-78.8081,42.6886,915,2/12/25,0,20.7
MIL_ZIT_1,-78.8081,42.6886,915,2/13/25,0.31,28.7
MIL_ZIT_1,-78.8081,42.6886,915,2/14/25,0.06,26
MIL_ZIT_1,-78.8081,42.6886,915,2/15/25,0,18.9
MIL_ZIT_1,-78.8081,42.6886,915,2/16/25,0.38,27.5
MIL_ZIT_1,-78.8081,42.6886,915,2/17/25,0.37,24.6
MIL_ZIT_1,-78.8081,42.6886,915,2/18/25,0.01,12
MIL_ZIT_1,-78.8081,42.6886,915,2/19/25,0,10.4
MIL_ZIT_1,-78.8081,42.6886,915,2/20/25,0,14.6
MIL_ZIT_1,-78.8081,42.6886,915,2/21/25,0.12,14.6
MIL_ZIT_1,-78.8081,42.6886,915,2/22/25,0,17.6
MIL_ZIT_1,-78.8081,42.6886,915,2/23/25,0,25.6
MIL_ZIT_1,-78.8081,42.6886,915,2/24/25,0,29.4
MIL_ZIT_1,-78.8081,42.6886,915,2/25/25,0,40.4
MIL_ZIT_1,-78.8081,42.6886,915,2/26/25,0.07,36.9
MIL_ZIT_1,-78.8081,42.6886,915,2/27/25,0.04,36.7
MIL_ZIT_1,-78.8081,42.6886,915,2/28/25,0.25,33.6
MIL_ZIT_1,-78.8081,42.6886,915,3/1/25,0.12,35.2
MIL_ZIT_1,-78.8081,42.6886,915,3/2/25,0,16.7
MIL_ZIT_1,-78.8081,42.6886,915,3/3/25,0,14.9
MIL_ZIT_1,-78.8081,42.6886,915,3/4/25,0,27.6
MIL_ZIT_1,-78.8081,42.6886,915,3/5/25,0.15,46.6
MIL_ZIT_1,-78.8081,42.6886,915,3/6/25,0.33,44.3
MIL_ZIT_1,-78.8081,42.6886,915,3/7/25,0.08,28.2
MIL_ZIT_1,-78.8081,42.6886,915,3/8/25,0,29.2
MIL_ZIT_1,-78.8081,42.6886,915,3/9/25,0,27.6
MIL_ZIT_1,-78.8081,42.6886,915,3/10/25,0,38
MIL_ZIT_1,-78.8081,42.6886,915,3/11/25,0,45.5
MIL_ZIT_1,-78.8081,42.6886,915,3/12/25,0,41.9
MIL_ZIT_1,-78.8081,42.6886,915,3/13/25,0,33.2
MIL_ZIT_1,-78.8081,42.6886,915,3/14/25,0,40.2
MIL_ZIT_1,-78.8081,42.6886,915,3/15/25,0,52.9
MIL_ZIT_1,-78.8081,42.6886,915,3/16/25,0.02,57.9
MIL_ZIT_1,-78.8081,42.6886,915,3/17/25,0.35,51.1
MIL_ZIT_1,-78.8081,42.6886,915,3/18/25,0,31
MIL_ZIT_1,-78.8081,42.6886,915,3/19/25,0,46.8
MIL_ZIT_1,-78.8081,42.6886,915,3/20/25,0,61.8
MIL_ZIT_1,-78.8081,42.6886,915,3/21/25,0.03,42
MIL_ZIT_1,-78.8081,42.6886,915,3/22/25,0,36.4
MIL_ZIT_1,-78.8081,42.6886,915,3/23/25,0.12,34.1
MIL_ZIT_1,-78.8081,42.6886,915,3/24/25,0.08,34.3
MIL_ZIT_1,-78.8081,42.6886,915,3/25/25,0,38.9
MIL_ZIT_1,-78.8081,42.6886,915,3/26/25,0.02,32
MIL_ZIT_1,-78.8081,42.6886,915,3/27/25,0.04,27.6
MIL_ZIT_1,-78.8081,42.6886,915,3/28/25,0,36.2
MIL_ZIT_1,-78.8081,42.6886,915,3/29/25,0.19,46.4
MIL_ZIT_1,-78.8081,42.6886,915,3/30/25,0.25,44.4
MIL_ZIT_1,-78.8081,42.6886,915,3/31/25,0.25,52
MIL_ZIT_1,-78.8081,42.6886,915,4/1/25,0,43.6
MIL_ZIT_1,-78.8081,42.6886,915,4/2/25,0,34.1
MIL_ZIT_1,-78.8081,42.6886,915,4/3/25,0.99,45.3
MIL_ZIT_1,-78.8081,42.6886,915,4/4/25,0,52
MIL_ZIT_1,-78.8081,42.6886,915,4/5/25,0.1,46.1
MIL_ZIT_1,-78.8081,42.6886,915,4/6/25,0.32,48.5
MIL_ZIT_1,-78.8081,42.6886,915,4/7/25,0,35.7
MIL_ZIT_1,-78.8081,42.6886,915,4/8/25,0.03,34.1
MIL_ZIT_1,-78.8081,42.6886,915,4/9/25,0,26.7
MIL_ZIT_1,-78.8081,42.6886,915,4/10/25,0,32.3
MIL_ZIT_1,-78.8081,42.6886,915,4/11/25,0.29,35.7
MIL_ZIT_1,-78.8081,42.6886,915,4/12/25,0,36
MIL_ZIT_1,-78.8081,42.6886,915,4/13/25,0,38.1
MIL_ZIT_1,-78.8081,42.6886,915,4/14/25,0.02,45.2
MIL_ZIT_1,-78.8081,42.6886,915,4/15/25,0,54.9
MIL_ZIT_1,-78.8081,42.6886,915,4/16/25,0.13,41.2
MIL_ZIT_1,-78.8081,42.6886,915,4/17/25,0,33.1
MIL_ZIT_1,-78.8081,42.6886,915,4/18/25,0,43.6
MIL_ZIT_1,-78.8081,42.6886,915,4/19/25,0.51,61.7
MIL_ZIT_1,-78.8081,42.6886,915,4/20/25,0.38,51.7
MIL_ZIT_1,-78.8081,42.6886,915,4/21/25,0.1,46.3
MIL_ZIT_1,-78.8081,42.6886,915,4/22/25,0.33,57
MIL_ZIT_1,-78.8081,42.6886,915,4/23/25,0,46.7
MIL_ZIT_1,-78.8081,42.6886,915,4/24/25,0,58.1
MIL_ZIT_1,-78.8081,42.6886,915,4/25/25,0,66.4
MIL_ZIT_1,-78.8081,42.6886,915,4/26/25,0.42,61.3
MIL_ZIT_1,-78.8081,42.6886,915,4/27/25,0.04,47.3
MIL_ZIT_1,-78.8081,42.6886,915,4/28/25,0,47.8
MIL_ZIT_1,-78.8081,42.6886,915,4/29/25,0,59.9
MIL_ZIT_1,-78.8081,42.6886,915,4/30/25,0.15,58.3
MIL_ZIT_1,-78.8081,42.6886,915,5/1/25,0,46.7
MIL_ZIT_1,-78.8081,42.6886,915,5/2/25,0.81,64.7
MIL_ZIT_1,-78.8081,42.6886,915,5/3/25,0.34,55.5
MIL_ZIT_1,-78.8081,42.6886,915,5/4/25,0.17,47.6
MIL_ZIT_1,-78.8081,42.6886,915,5/5/25,0.09,52.6
MIL_ZIT_1,-78.8081,42.6886,915,5/6/25,0.39,61.8
MIL_ZIT_1,-78.8081,42.6886,915,5/7/25,0.06,57.9
MIL_ZIT_1,-78.8081,42.6886,915,5/8/25,0,53.9
MIL_ZIT_1,-78.8081,42.6886,915,5/9/25,0,42
MIL_ZIT_1,-78.8081,42.6886,915,5/10/25,0,47.8
MIL_ZIT_1,-78.8081,42.6886,915,5/11/25,0,53.8
MIL_ZIT_1,-78.8081,42.6886,915,5/12/25,0,55.2
MIL_ZIT_1,-78.8081,42.6886,915,5/13/25,0.02,69
MIL_ZIT_1,-78.8081,42.6886,915,5/14/25,0.06,66.5
MIL_ZIT_1,-78.8081,42.6886,915,5/15/25,0,63.3
MIL_ZIT_1,-78.8081,42.6886,915,5/16/25,0.27,68.4
MIL_ZIT_1,-78.8081,42.6886,915,5/17/25,0.02,67.3
MIL_ZIT_1,-78.8081,42.6886,915,5/18/25,0.36,61
MIL_ZIT_1,-78.8081,42.6886,915,5/19/25,0,50.6
MIL_ZIT_1,-78.8081,42.6886,915,5/20/25,0,46.1
MIL_ZIT_1,-78.8081,42.6886,915,5/21/25,0.1,50.5
MIL_ZIT_1,-78.8081,42.6886,915,5/22/25,0.77,51.5
MIL_ZIT_1,-78.8081,42.6886,915,5/23/25,0.48,48.9
MIL_ZIT_1,-78.8081,42.6886,915,5/24/25,0.01,47.1
MIL_ZIT_1,-78.8081,42.6886,915,5/25/25,0.03,47.2
MIL_ZIT_1,-78.8081,42.6886,915,5/26/25,0,51.5
MIL_ZIT_1,-78.8081,42.6886,915,5/27/25,0,55.5
MIL_ZIT_1,-78.8081,42.6886,915,5/28/25,0,61.1
MIL_ZIT_1,-78.8081,42.6886,915,5/29/25,0.24,55.7
MIL_ZIT_1,-78.8081,42.6886,915,5/30/25,0,59.2
MIL_ZIT_1,-78.8081,42.6886,915,5/31/25,0.02,57.9
MIL_ZIT_1,-78.8081,42.6886,915,6/1/25,0.11,47.2
MIL_ZIT_1,-78.8081,42.6886,915,6/2/25,0,50.1
MIL_ZIT_1,-78.8081,42.6886,915,6/3/25,0,57.7
MIL_ZIT_1,-78.8081,42.6886,915,6/4/25,0,69
MIL_ZIT_1,-78.8081,42.6886,915,6/5/25,0,72.8
MIL_ZIT_1,-78.8081,42.6886,915,6/6/25,0.17,68.9
MIL_ZIT_1,-78.8081,42.6886,915,6/7/25,0.06,65.9
MIL_ZIT_1,-78.8081,42.6886,915,6/8/25,0,65.3
MIL_ZIT_1,-78.8081,42.6886,915,6/9/25,0.05,66.2
MIL_ZIT_1,-78.8081,42.6886,915,6/10/25,1.01,65.5
MIL_ZIT_1,-78.8081,42.6886,915,6/11/25,0,62.6
MIL_ZIT_1,-78.8081,42.6886,915,6/12/25,0,66.9
MIL_ZIT_1,-78.8081,42.6886,915,6/13/25,0,63.1
MIL_ZIT_1,-78.8081,42.6886,915,6/14/25,0.06,64.6
MIL_ZIT_1,-78.8081,42.6886,915,6/15/25,0,63.9
MIL_ZIT_1,-78.8081,42.6886,915,6/16/25,0,66.8
MIL_ZIT_1,-78.8081,42.6886,915,6/17/25,0,69.9
MIL_ZIT_1,-78.8081,42.6886,915,6/18/25,0,72.9
MIL_ZIT_1,-78.8081,42.6886,915,6/19/25,0.1,71.7
MIL_ZIT_1,-78.8081,42.6886,915,6/20/25,0.55,68.1
MIL_ZIT_1,-78.8081,42.6886,915,6/21/25,0.02,67.4
MIL_ZIT_1,-78.8081,42.6886,915,6/22/25,0.03,75.1
MIL_ZIT_1,-78.8081,42.6886,915,6/23/25,0,79
MIL_ZIT_1,-78.8081,42.6886,915,6/24/25,0,78.9
MIL_ZIT_1,-78.8081,42.6886,915,6/25/25,0,77.9
MIL_ZIT_1,-78.8081,42.6886,915,6/26/25,0,74.4
MIL_ZIT_1,-78.8081,42.6886,915,6/27/25,0,71.9
MIL_ZIT_1,-78.8081,42.6886,915,6/28/25,0.61,77.4
MIL_ZIT_1,-78.8081,42.6886,915,6/29/25,0,68.6
MIL_ZIT_1,-78.8081,42.6886,915,6/30/25,0,70.6
,,,,,,
MIL_ZIT_2,-78.8072,42.6797,974,1/1/25,0.2,39.6
MIL_ZIT_2,-78.8072,42.6797,974,1/2/25,0.19,32.3
MIL_ZIT_2,-78.8072,42.6797,974,1/3/25,0,28
MIL_ZIT_2,-78.8072,42.6797,974,1/4/25,0.01,24.7
MIL_ZIT_2,-78.8072,42.6797,974,1/5/25,0,21.4
MIL_ZIT_2,-78.8072,42.6797,974,1/6/25,0,22.1
MIL_ZIT_2,-78.8072,42.6797,974,1/7/25,0.05,18.3
MIL_ZIT_2,-78.8072,42.6797,974,1/8/25,0.04,18.7
MIL_ZIT_2,-78.8072,42.6797,974,1/9/25,0,15.4
MIL_ZIT_2,-78.8072,42.6797,974,1/10/25,0,15.4
MIL_ZIT_2,-78.8072,42.6797,974,1/11/25,0.12,19.2
MIL_ZIT_2,-78.8072,42.6797,974,1/12/25,0,24.6
MIL_ZIT_2,-78.8072,42.6797,974,1/13/25,0,28.8
MIL_ZIT_2,-78.8072,42.6797,974,1/14/25,0.28,23.1
MIL_ZIT_2,-78.8072,42.6797,974,1/15/25,0.22,16.5
MIL_ZIT_2,-78.8072,42.6797,974,1/16/25,0.1,18
MIL_ZIT_2,-78.8072,42.6797,974,1/17/25,0.15,23.3
MIL_ZIT_2,-78.8072,42.6797,974,1/18/25,0,34.2
MIL_ZIT_2,-78.8072,42.6797,974,1/19/25,0.25,27.1
MIL_ZIT_2,-78.8072,42.6797,974,1/20/25,0.06,15.7
MIL_ZIT_2,-78.8072,42.6797,974,1/21/25,0.57,7.5
MIL_ZIT_2,-78.8072,42.6797,974,1/22/25,0.36,2.8
MIL_ZIT_2,-78.8072,42.6797,974,1/23/25,0,3.6
MIL_ZIT_2,-78.8072,42.6797,974,1/24/25,0.09,18.5
MIL_ZIT_2,-78.8072,42.6797,974,1/25/25,0.25,14.6
MIL_ZIT_2,-78.8072,42.6797,974,1/26/25,0,21.4
MIL_ZIT_2,-78.8072,42.6797,974,1/27/25,0,24.8
MIL_ZIT_2,-78.8072,42.6797,974,1/28/25,0.04,25.9
MIL_ZIT_2,-78.8072,42.6797,974,1/29/25,0.01,28.5
MIL_ZIT_2,-78.8072,42.6797,974,1/30/25,0.02,25.3
MIL_ZIT_2,-78.8072,42.6797,974,1/31/25,0,28.6
MIL_ZIT_2,-78.8072,42.6797,974,2/1/25,0.44,23.8
MIL_ZIT_2,-78.8072,42.6797,974,2/2/25,0,10
MIL_ZIT_2,-78.8072,42.6797,974,2/3/25,0.11,23.6
MIL_ZIT_2,-78.8072,42.6797,974,2/4/25,0.04,35
MIL_ZIT_2,-78.8072,42.6797,974,2/5/25,0,22.4
MIL_ZIT_2,-78.8072,42.6797,974,2/6/25,0.15,22.2
MIL_ZIT_2,-78.8072,42.6797,974,2/7/25,0.02,26.8
MIL_ZIT_2,-78.8072,42.6797,974,2/8/25,0,18.6
MIL_ZIT_2,-78.8072,42.6797,974,2/9/25,0.12,23.2
MIL_ZIT_2,-78.8072,42.6797,974,2/10/25,0.04,22.6
MIL_ZIT_2,-78.8072,42.6797,974,2/11/25,0.03,18.7
MIL_ZIT_2,-78.8072,42.6797,974,2/12/25,0,20.7
MIL_ZIT_2,-78.8072,42.6797,974,2/13/25,0.3,28.6
MIL_ZIT_2,-78.8072,42.6797,974,2/14/25,0.06,25.7
MIL_ZIT_2,-78.8072,42.6797,974,2/15/25,0,18.7
MIL_ZIT_2,-78.8072,42.6797,974,2/16/25,0.38,27.4
MIL_ZIT_2,-78.8072,42.6797,974,2/17/25,0.38,24.5
MIL_ZIT_2,-78.8072,42.6797,974,2/18/25,0.01,11.8
MIL_ZIT_2,-78.8072,42.6797,974,2/19/25,0,10.2
MIL_ZIT_2,-78.8072,42.6797,974,2/20/25,0,14.4
MIL_ZIT_2,-78.8072,42.6797,974,2/21/25,0.13,14.5
MIL_ZIT_2,-78.8072,42.6797,974,2/22/25,0,17.4
MIL_ZIT_2,-78.8072,42.6797,974,2/23/25,0,25.5
MIL_ZIT_2,-78.8072,42.6797,974,2/24/25,0,29.3
MIL_ZIT_2,-78.8072,42.6797,974,2/25/25,0,40.3
MIL_ZIT_2,-78.8072,42.6797,974,2/26/25,0.07,36.9
MIL_ZIT_2,-78.8072,42.6797,974,2/27/25,0.05,36.7
MIL_ZIT_2,-78.8072,42.6797,974,2/28/25,0.26,33.6
MIL_ZIT_2,-78.8072,42.6797,974,3/1/25,0.13,35.1
MIL_ZIT_2,-78.8072,42.6797,974,3/2/25,0,16.6
MIL_ZIT_2,-78.8072,42.6797,974,3/3/25,0,14.7
MIL_ZIT_2,-78.8072,42.6797,974,3/4/25,0,27.4
MIL_ZIT_2,-78.8072,42.6797,974,3/5/25,0.15,46.4
MIL_ZIT_2,-78.8072,42.6797,974,3/6/25,0.33,44
MIL_ZIT_2,-78.8072,42.6797,974,3/7/25,0.09,28.1
MIL_ZIT_2,-78.8072,42.6797,974,3/8/25,0,29
MIL_ZIT_2,-78.8072,42.6797,974,3/9/25,0,27.4
MIL_ZIT_2,-78.8072,42.6797,974,3/10/25,0,38
MIL_ZIT_2,-78.8072,42.6797,974,3/11/25,0,45.5
MIL_ZIT_2,-78.8072,42.6797,974,3/12/25,0,41.8
MIL_ZIT_2,-78.8072,42.6797,974,3/13/25,0,33
MIL_ZIT_2,-78.8072,42.6797,974,3/14/25,0,40.2
MIL_ZIT_2,-78.8072,42.6797,974,3/15/25,0,53
MIL_ZIT_2,-78.8072,42.6797,974,3/16/25,0.02,57.8
MIL_ZIT_2,-78.8072,42.6797,974,3/17/25,0.37,50.9
MIL_ZIT_2,-78.8072,42.6797,974,3/18/25,0,30.8
MIL_ZIT_2,-78.8072,42.6797,974,3/19/25,0,46.6
MIL_ZIT_2,-78.8072,42.6797,974,3/20/25,0,61.6
MIL_ZIT_2,-78.8072,42.6797,974,3/21/25,0.03,41.8
MIL_ZIT_2,-78.8072,42.6797,974,3/22/25,0,36.2
MIL_ZIT_2,-78.8072,42.6797,974,3/23/25,0.13,33.9
MIL_ZIT_2,-78.8072,42.6797,974,3/24/25,0.08,34
MIL_ZIT_2,-78.8072,42.6797,974,3/25/25,0,38.7
MIL_ZIT_2,-78.8072,42.6797,974,3/26/25,0.02,31.8
MIL_ZIT_2,-78.8072,42.6797,974,3/27/25,0.05,27.5
MIL_ZIT_2,-78.8072,42.6797,974,3/28/25,0,36.2
MIL_ZIT_2,-78.8072,42.6797,974,3/29/25,0.2,46.2
MIL_ZIT_2,-78.8072,42.6797,974,3/30/25,0.27,44.4
MIL_ZIT_2,-78.8072,42.6797,974,3/31/25,0.27,52
MIL_ZIT_2,-78.8072,42.6797,974,4/1/25,0,43.5
MIL_ZIT_2,-78.8072,42.6797,974,4/2/25,0,34.1
MIL_ZIT_2,-78.8072,42.6797,974,4/3/25,1,45.2
MIL_ZIT_2,-78.8072,42.6797,974,4/4/25,0,52
MIL_ZIT_2,-78.8072,42.6797,974,4/5/25,0.1,46.1
MIL_ZIT_2,-78.8072,42.6797,974,4/6/25,0.32,48.4
MIL_ZIT_2,-78.8072,42.6797,974,4/7/25,0,35.5
MIL_ZIT_2,-78.8072,42.6797,974,4/8/25,0.03,33.8
MIL_ZIT_2,-78.8072,42.6797,974,4/9/25,0,26.4
MIL_ZIT_2,-78.8072,42.6797,974,4/10/25,0,32
MIL_ZIT_2,-78.8072,42.6797,974,4/11/25,0.29,35.4
MIL_ZIT_2,-78.8072,42.6797,974,4/12/25,0,35.9
MIL_ZIT_2,-78.8072,42.6797,974,4/13/25,0,38.1
MIL_ZIT_2,-78.8072,42.6797,974,4/14/25,0.02,45.1
MIL_ZIT_2,-78.8072,42.6797,974,4/15/25,0,54.9
MIL_ZIT_2,-78.8072,42.6797,974,4/16/25,0.16,41.1
MIL_ZIT_2,-78.8072,42.6797,974,4/17/25,0,33
MIL_ZIT_2,-78.8072,42.6797,974,4/18/25,0,43.4
MIL_ZIT_2,-78.8072,42.6797,974,4/19/25,0.53,61.6
MIL_ZIT_2,-78.8072,42.6797,974,4/20/25,0.41,51.7
MIL_ZIT_2,-78.8072,42.6797,974,4/21/25,0.09,46.2
MIL_ZIT_2,-78.8072,42.6797,974,4/22/25,0.33,56.9
MIL_ZIT_2,-78.8072,42.6797,974,4/23/25,0,46.8
MIL_ZIT_2,-78.8072,42.6797,974,4/24/25,0,58
MIL_ZIT_2,-78.8072,42.6797,974,4/25/25,0,66.4
MIL_ZIT_2,-78.8072,42.6797,974,4/26/25,0.44,61.5
MIL_ZIT_2,-78.8072,42.6797,974,4/27/25,0.04,47.2
MIL_ZIT_2,-78.8072,42.6797,974,4/28/25,0,47.7
MIL_ZIT_2,-78.8072,42.6797,974,4/29/25,0,59.8
MIL_ZIT_2,-78.8072,42.6797,974,4/30/25,0.16,58.1
MIL_ZIT_2,-78.8072,42.6797,974,5/1/25,0,46.5
MIL_ZIT_2,-78.8072,42.6797,974,5/2/25,0.85,64.5
MIL_ZIT_2,-78.8072,42.6797,974,5/3/25,0.34,55.4
MIL_ZIT_2,-78.8072,42.6797,974,5/4/25,0.17,47.6
MIL_ZIT_2,-78.8072,42.6797,974,5/5/25,0.09,52.5
MIL_ZIT_2,-78.8072,42.6797,974,5/6/25,0.41,61.6
MIL_ZIT_2,-78.8072,42.6797,974,5/7/25,0.06,57.8
MIL_ZIT_2,-78.8072,42.6797,974,5/8/25,0,53.7
MIL_ZIT_2,-78.8072,42.6797,974,5/9/25,0,41.9
MIL_ZIT_2,-78.8072,42.6797,974,5/10/25,0,47.5
MIL_ZIT_2,-78.8072,42.6797,974,5/11/25,0,53.6
MIL_ZIT_2,-78.8072,42.6797,974,5/12/25,0,55
MIL_ZIT_2,-78.8072,42.6797,974,5/13/25,0.02,68.8
MIL_ZIT_2,-78.8072,42.6797,974,5/14/25,0.07,66.3
MIL_ZIT_2,-78.8072,42.6797,974,5/15/25,0,63.1
MIL_ZIT_2,-78.8072,42.6797,974,5/16/25,0.27,68.2
MIL_ZIT_2,-78.8072,42.6797,974,5/17/25,0.02,67.2
MIL_ZIT_2,-78.8072,42.6797,974,5/18/25,0.41,60.7
MIL_ZIT_2,-78.8072,42.6797,974,5/19/25,0,50.2
MIL_ZIT_2,-78.8072,42.6797,974,5/20/25,0,45.9
MIL_ZIT_2,-78.8072,42.6797,974,5/21/25,0.1,50.2
MIL_ZIT_2,-78.8072,42.6797,974,5/22/25,0.78,51.3
MIL_ZIT_2,-78.8072,42.6797,974,5/23/25,0.48,48.7
MIL_ZIT_2,-78.8072,42.6797,974,5/24/25,0.02,46.9
MIL_ZIT_2,-78.8072,42.6797,974,5/25/25,0.04,47
MIL_ZIT_2,-78.8072,42.6797,974,5/26/25,0,51.4
MIL_ZIT_2,-78.8072,42.6797,974,5/27/25,0,55.4
MIL_ZIT_2,-78.8072,42.6797,974,5/28/25,0,60.9
MIL_ZIT_2,-78.8072,42.6797,974,5/29/25,0.24,55.6
MIL_ZIT_2,-78.8072,42.6797,974,5/30/25,0,59.2
MIL_ZIT_2,-78.8072,42.6797,974,5/31/25,0.02,57.8
MIL_ZIT_2,-78.8072,42.6797,974,6/1/25,0.12,47
MIL_ZIT_2,-78.8072,42.6797,974,6/2/25,0,49.8
MIL_ZIT_2,-78.8072,42.6797,974,6/3/25,0,57.6
MIL_ZIT_2,-78.8072,42.6797,974,6/4/25,0,69
MIL_ZIT_2,-78.8072,42.6797,974,6/5/25,0,72.8
MIL_ZIT_2,-78.8072,42.6797,974,6/6/25,0.18,68.8
MIL_ZIT_2,-78.8072,42.6797,974,6/7/25,0.06,65.8
MIL_ZIT_2,-78.8072,42.6797,974,6/8/25,0,65.2
MIL_ZIT_2,-78.8072,42.6797,974,6/9/25,0.05,66
MIL_ZIT_2,-78.8072,42.6797,974,6/10/25,0.98,65.4
MIL_ZIT_2,-78.8072,42.6797,974,6/11/25,0,62.6
MIL_ZIT_2,-78.8072,42.6797,974,6/12/25,0,66.8
MIL_ZIT_2,-78.8072,42.6797,974,6/13/25,0,62.8
MIL_ZIT_2,-78.8072,42.6797,974,6/14/25,0.07,64.5
MIL_ZIT_2,-78.8072,42.6797,974,6/15/25,0,63.6
MIL_ZIT_2,-78.8072,42.6797,974,6/16/25,0,66.7
MIL_ZIT_2,-78.8072,42.6797,974,6/17/25,0,69.8
MIL_ZIT_2,-78.8072,42.6797,974,6/18/25,0,72.6
MIL_ZIT_2,-78.8072,42.6797,974,6/19/25,0.1,71.5
MIL_ZIT_2,-78.8072,42.6797,974,6/20/25,0.55,67.9
MIL_ZIT_2,-78.8072,42.6797,974,6/21/25,0.02,67.2
MIL_ZIT_2,-78.8072,42.6797,974,6/22/25,0.02,74.9
MIL_ZIT_2,-78.8072,42.6797,974,6/23/25,0,79
MIL_ZIT_2,-78.8072,42.6797,974,6/24/25,0,78.8
MIL_ZIT_2,-78.8072,42.6797,974,6/25/25,0,77.9
MIL_ZIT_2,-78.8072,42.6797,974,6/26/25,0,74.3
MIL_ZIT_2,-78.8072,42.6797,974,6/27/25,0,71.9
MIL_ZIT_2,-78.8072,42.6797,974,6/28/25,0.6,77.2
MIL_ZIT_2,-78.8072,42.6797,974,6/29/25,0,68.5
MIL_ZIT_2,-78.8072,42.6797,974,6/30/25,0,70.5
,,,,,,
MIL_ZIT_3,-78.8103,42.6891,915,1/1/25,0.19,39.8
MIL_ZIT_3,-78.8103,42.6891,915,1/2/25,0.17,32.6
MIL_ZIT_3,-78.8103,42.6891,915,1/3/25,0,28.2
MIL_ZIT_3,-78.8103,42.6891,915,1/4/25,0,24.8
MIL_ZIT_3,-78.8103,42.6891,915,1/5/25,0,21.6
MIL_ZIT_3,-78.8103,42.6891,915,1/6/25,0,22.3
MIL_ZIT_3,-78.8103,42.6891,915,1/7/25,0.04,18.5
MIL_ZIT_3,-78.8103,42.6891,915,1/8/25,0.03,19.1
MIL_ZIT_3,-78.8103,42.6891,915,1/9/25,0,15.7
MIL_ZIT_3,-78.8103,42.6891,915,1/10/25,0,15.9
MIL_ZIT_3,-78.8103,42.6891,915,1/11/25,0.12,19.4
MIL_ZIT_3,-78.8103,42.6891,915,1/12/25,0,24.8
MIL_ZIT_3,-78.8103,42.6891,915,1/13/25,0,29
MIL_ZIT_3,-78.8103,42.6891,915,1/14/25,0.26,23.3
MIL_ZIT_3,-78.8103,42.6891,915,1/15/25,0.18,17
MIL_ZIT_3,-78.8103,42.6891,915,1/16/25,0.09,18.1
MIL_ZIT_3,-78.8103,42.6891,915,1/17/25,0.15,23.4
MIL_ZIT_3,-78.8103,42.6891,915,1/18/25,0,34.3
MIL_ZIT_3,-78.8103,42.6891,915,1/19/25,0.24,27.3
MIL_ZIT_3,-78.8103,42.6891,915,1/20/25,0.05,16
MIL_ZIT_3,-78.8103,42.6891,915,1/21/25,0.54,7.9
MIL_ZIT_3,-78.8103,42.6891,915,1/22/25,0.35,3.2
MIL_ZIT_3,-78.8103,42.6891,915,1/23/25,0,3.9
MIL_ZIT_3,-78.8103,42.6891,915,1/24/25,0.09,18.7
MIL_ZIT_3,-78.8103,42.6891,915,1/25/25,0.24,14.9
MIL_ZIT_3,-78.8103,42.6891,915,1/26/25,0,21.7
MIL_ZIT_3,-78.8103,42.6891,915,1/27/25,0,25.2
MIL_ZIT_3,-78.8103,42.6891,915,1/28/25,0.04,26.2
MIL_ZIT_3,-78.8103,42.6891,915,1/29/25,0.01,28.7
MIL_ZIT_3,-78.8103,42.6891,915,1/30/25,0.01,25.4
MIL_ZIT_3,-78.8103,42.6891,915,1/31/25,0,28.7
MIL_ZIT_3,-78.8103,42.6891,915,2/1/25,0.44,24
MIL_ZIT_3,-78.8103,42.6891,915,2/2/25,0,10.2
MIL_ZIT_3,-78.8103,42.6891,915,2/3/25,0.1,23.7
MIL_ZIT_3,-78.8103,42.6891,915,2/4/25,0.04,35.2
MIL_ZIT_3,-78.8103,42.6891,915,2/5/25,0,22.5
MIL_ZIT_3,-78.8103,42.6891,915,2/6/25,0.15,22.3
MIL_ZIT_3,-78.8103,42.6891,915,2/7/25,0.02,27
MIL_ZIT_3,-78.8103,42.6891,915,2/8/25,0,18.7
MIL_ZIT_3,-78.8103,42.6891,915,2/9/25,0.12,23.4
MIL_ZIT_3,-78.8103,42.6891,915,2/10/25,0.04,22.8
MIL_ZIT_3,-78.8103,42.6891,915,2/11/25,0.03,18.6
MIL_ZIT_3,-78.8103,42.6891,915,2/12/25,0,20.7
MIL_ZIT_3,-78.8103,42.6891,915,2/13/25,0.31,28.7
MIL_ZIT_3,-78.8103,42.6891,915,2/14/25,0.06,26
MIL_ZIT_3,-78.8103,42.6891,915,2/15/25,0,18.9
MIL_ZIT_3,-78.8103,42.6891,915,2/16/25,0.38,27.5
MIL_ZIT_3,-78.8103,42.6891,915,2/17/25,0.37,24.6
MIL_ZIT_3,-78.8103,42.6891,915,2/18/25,0.01,12
MIL_ZIT_3,-78.8103,42.6891,915,2/19/25,0,10.4
MIL_ZIT_3,-78.8103,42.6891,915,2/20/25,0,14.6
MIL_ZIT_3,-78.8103,42.6891,915,2/21/25,0.12,14.6
MIL_ZIT_3,-78.8103,42.6891,915,2/22/25,0,17.6
MIL_ZIT_3,-78.8103,42.6891,915,2/23/25,0,25.6
MIL_ZIT_3,-78.8103,42.6891,915,2/24/25,0,29.4
MIL_ZIT_3,-78.8103,42.6891,915,2/25/25,0,40.4
MIL_ZIT_3,-78.8103,42.6891,915,2/26/25,0.07,36.9
MIL_ZIT_3,-78.8103,42.6891,915,2/27/25,0.04,36.7
MIL_ZIT_3,-78.8103,42.6891,915,2/28/25,0.25,33.6
MIL_ZIT_3,-78.8103,42.6891,915,3/1/25,0.12,35.2
MIL_ZIT_3,-78.8103,42.6891,915,3/2/25,0,16.7
MIL_ZIT_3,-78.8103,42.6891,915,3/3/25,0,14.9
MIL_ZIT_3,-78.8103,42.6891,915,3/4/25,0,27.6
MIL_ZIT_3,-78.8103,42.6891,915,3/5/25,0.15,46.6
MIL_ZIT_3,-78.8103,42.6891,915,3/6/25,0.33,44.3
MIL_ZIT_3,-78.8103,42.6891,915,3/7/25,0.08,28.2
MIL_ZIT_3,-78.8103,42.6891,915,3/8/25,0,29.2
MIL_ZIT_3,-78.8103,42.6891,915,3/9/25,0,27.6
MIL_ZIT_3,-78.8103,42.6891,915,3/10/25,0,38
MIL_ZIT_3,-78.8103,42.6891,915,3/11/25,0,45.5
MIL_ZIT_3,-78.8103,42.6891,915,3/12/25,0,41.9
MIL_ZIT_3,-78.8103,42.6891,915,3/13/25,0,33.2
MIL_ZIT_3,-78.8103,42.6891,915,3/14/25,0,40.2
MIL_ZIT_3,-78.8103,42.6891,915,3/15/25,0,52.9
MIL_ZIT_3,-78.8103,42.6891,915,3/16/25,0.02,57.9
MIL_ZIT_3,-78.8103,42.6891,915,3/17/25,0.35,51.1
MIL_ZIT_3,-78.8103,42.6891,915,3/18/25,0,31
MIL_ZIT_3,-78.8103,42.6891,915,3/19/25,0,46.8
MIL_ZIT_3,-78.8103,42.6891,915,3/20/25,0,61.8
MIL_ZIT_3,-78.8103,42.6891,915,3/21/25,0.03,42
MIL_ZIT_3,-78.8103,42.6891,915,3/22/25,0,36.4
MIL_ZIT_3,-78.8103,42.6891,915,3/23/25,0.12,34.1
MIL_ZIT_3,-78.8103,42.6891,915,3/24/25,0.08,34.3
MIL_ZIT_3,-78.8103,42.6891,915,3/25/25,0,38.9
MIL_ZIT_3,-78.8103,42.6891,915,3/26/25,0.02,32
MIL_ZIT_3,-78.8103,42.6891,915,3/27/25,0.04,27.6
MIL_ZIT_3,-78.8103,42.6891,915,3/28/25,0,36.2
MIL_ZIT_3,-78.8103,42.6891,915,3/29/25,0.19,46.4
MIL_ZIT_3,-78.8103,42.6891,915,3/30/25,0.25,44.4
MIL_ZIT_3,-78.8103,42.6891,915,3/31/25,0.25,52
MIL_ZIT_3,-78.8103,42.6891,915,4/1/25,0,43.6
MIL_ZIT_3,-78.8103,42.6891,915,4/2/25,0,34.1
MIL_ZIT_3,-78.8103,42.6891,915,4/3/25,0.99,45.3
MIL_ZIT_3,-78.8103,42.6891,915,4/4/25,0,52
MIL_ZIT_3,-78.8103,42.6891,915,4/5/25,0.1,46.1
MIL_ZIT_3,-78.8103,42.6891,915,4/6/25,0.32,48.5
MIL_ZIT_3,-78.8103,42.6891,915,4/7/25,0,35.7
MIL_ZIT_3,-78.8103,42.6891,915,4/8/25,0.03,34.1
MIL_ZIT_3,-78.8103,42.6891,915,4/9/25,0,26.7
MIL_ZIT_3,-78.8103,42.6891,915,4/10/25,0,32.3
MIL_ZIT_3,-78.8103,42.6891,915,4/11/25,0.29,35.7
MIL_ZIT_3,-78.8103,42.6891,915,4/12/25,0,36
MIL_ZIT_3,-78.8103,42.6891,915,4/13/25,0,38.1
MIL_ZIT_3,-78.8103,42.6891,915,4/14/25,0.02,45.2
MIL_ZIT_3,-78.8103,42.6891,915,4/15/25,0,54.9
MIL_ZIT_3,-78.8103,42.6891,915,4/16/25,0.13,41.2
MIL_ZIT_3,-78.8103,42.6891,915,4/17/25,0,33.1
MIL_ZIT_3,-78.8103,42.6891,915,4/18/25,0,43.6
MIL_ZIT_3,-78.8103,42.6891,915,4/19/25,0.51,61.7
MIL_ZIT_3,-78.8103,42.6891,915,4/20/25,0.38,51.7
MIL_ZIT_3,-78.8103,42.6891,915,4/21/25,0.1,46.3
MIL_ZIT_3,-78.8103,42.6891,915,4/22/25,0.33,57
MIL_ZIT_3,-78.8103,42.6891,915,4/23/25,0,46.7
MIL_ZIT_3,-78.8103,42.6891,915,4/24/25,0,58.1
MIL_ZIT_3,-78.8103,42.6891,915,4/25/25,0,66.4
MIL_ZIT_3,-78.8103,42.6891,915,4/26/25,0.42,61.3
MIL_ZIT_3,-78.8103,42.6891,915,4/27/25,0.04,47.3
MIL_ZIT_3,-78.8103,42.6891,915,4/28/25,0,47.8
MIL_ZIT_3,-78.8103,42.6891,915,4/29/25,0,59.9
MIL_ZIT_3,-78.8103,42.6891,915,4/30/25,0.15,58.3
MIL_ZIT_3,-78.8103,42.6891,915,5/1/25,0,46.7
MIL_ZIT_3,-78.8103,42.6891,915,5/2/25,0.81,64.7
MIL_ZIT_3,-78.8103,42.6891,915,5/3/25,0.34,55.5
MIL_ZIT_3,-78.8103,42.6891,915,5/4/25,0.17,47.6
MIL_ZIT_3,-78.8103,42.6891,915,5/5/25,0.09,52.6
MIL_ZIT_3,-78.8103,42.6891,915,5/6/25,0.39,61.8
MIL_ZIT_3,-78.8103,42.6891,915,5/7/25,0.06,57.9
MIL_ZIT_3,-78.8103,42.6891,915,5/8/25,0,53.9
MIL_ZIT_3,-78.8103,42.6891,915,5/9/25,0,42
MIL_ZIT_3,-78.8103,42.6891,915,5/10/25,0,47.8
MIL_ZIT_3,-78.8103,42.6891,915,5/11/25,0,53.8
MIL_ZIT_3,-78.8103,42.6891,915,5/12/25,0,55.2
MIL_ZIT_3,-78.8103,42.6891,915,5/13/25,0.02,69
MIL_ZIT_3,-78.8103,42.6891,915,5/14/25,0.06,66.5
MIL_ZIT_3,-78.8103,42.6891,915,5/15/25,0,63.3
MIL_ZIT_3,-78.8103,42.6891,915,5/16/25,0.27,68.4
MIL_ZIT_3,-78.8103,42.6891,915,5/17/25,0.02,67.3
MIL_ZIT_3,-78.8103,42.6891,915,5/18/25,0.36,61
MIL_ZIT_3,-78.8103,42.6891,915,5/19/25,0,50.6
MIL_ZIT_3,-78.8103,42.6891,915,5/20/25,0,46.1
MIL_ZIT_3,-78.8103,42.6891,915,5/21/25,0.1,50.5
MIL_ZIT_3,-78.8103,42.6891,915,5/22/25,0.77,51.5
MIL_ZIT_3,-78.8103,42.6891,915,5/23/25,0.48,48.9
MIL_ZIT_3,-78.8103,42.6891,915,5/24/25,0.01,47.1
MIL_ZIT_3,-78.8103,42.6891,915,5/25/25,0.03,47.2
MIL_ZIT_3,-78.8103,42.6891,915,5/26/25,0,51.5
MIL_ZIT_3,-78.8103,42.6891,915,5/27/25,0,55.5
MIL_ZIT_3,-78.8103,42.6891,915,5/28/25,0,61.1
MIL_ZIT_3,-78.8103,42.6891,915,5/29/25,0.24,55.7
MIL_ZIT_3,-78.8103,42.6891,915,5/30/25,0,59.2
MIL_ZIT_3,-78.8103,42.6891,915,5/31/25,0.02,57.9
MIL_ZIT_3,-78.8103,42.6891,915,6/1/25,0.11,47.2
MIL_ZIT_3,-78.8103,42.6891,915,6/2/25,0,50.1
MIL_ZIT_3,-78.8103,42.6891,915,6/3/25,0,57.7
MIL_ZIT_3,-78.8103,42.6891,915,6/4/25,0,69
MIL_ZIT_3,-78.8103,42.6891,915,6/5/25,0,72.8
MIL_ZIT_3,-78.8103,42.6891,915,6/6/25,0.17,68.9
MIL_ZIT_3,-78.8103,42.6891,915,6/7/25,0.06,65.9
MIL_ZIT_3,-78.8103,42.6891,915,6/8/25,0,65.3
MIL_ZIT_3,-78.8103,42.6891,915,6/9/25,0.05,66.2
MIL_ZIT_3,-78.8103,42.6891,915,6/10/25,1.01,65.5
MIL_ZIT_3,-78.8103,42.6891,915,6/11/25,0,62.6
MIL_ZIT_3,-78.8103,42.6891,915,6/12/25,0,66.9
MIL_ZIT_3,-78.8103,42.6891,915,6/13/25,0,63.1
MIL_ZIT_3,-78.8103,42.6891,915,6/14/25,0.06,64.6
MIL_ZIT_3,-78.8103,42.6891,915,6/15/25,0,63.9
MIL_ZIT_3,-78.8103,42.6891,915,6/16/25,0,66.8
MIL_ZIT_3,-78.8103,42.6891,915,6/17/25,0,69.9
MIL_ZIT_3,-78.8103,42.6891,915,6/18/25,0,72.9
MIL_ZIT_3,-78.8103,42.6891,915,6/19/25,0.1,71.7
MIL_ZIT_3,-78.8103,42.6891,915,6/20/25,0.55,68.1
MIL_ZIT_3,-78.8103,42.6891,915,6/21/25,0.02,67.4
MIL_ZIT_3,-78.8103,42.6891,915,6/22/25,0.03,75.1
MIL_ZIT_3,-78.8103,42.6891,915,6/23/25,0,79
MIL_ZIT_3,-78.8103,42.6891,915,6/24/25,0,78.9
MIL_ZIT_3,-78.8103,42.6891,915,6/25/25,0,77.9
MIL_ZIT_3,-78.8103,42.6891,915,6/26/25,0,74.4
MIL_ZIT_3,-78.8103,42.6891,915,6/27/25,0,71.9
MIL_ZIT_3,-78.8103,42.6891,915,6/28/25,0.61,77.4
MIL_ZIT_3,-78.8103,42.6891,915,6/29/25,0,68.6
MIL_ZIT_3,-78.8103,42.6891,915,6/30/25,0,70.6
,,,,,,
SMI_ARN_1,-74.0357,42.983,837,1/1/25,0.51,39
SMI_ARN_1,-74.0357,42.983,837,1/2/25,0,34
SMI_ARN_1,-74.0357,42.983,837,1/3/25,0.2,30.1
SMI_ARN_1,-74.0357,42.983,837,1/4/25,0.02,22.9
SMI_ARN_1,-74.0357,42.983,837,1/5/25,0,19.6
SMI_ARN_1,-74.0357,42.983,837,1/6/25,0,17
SMI_ARN_1,-74.0357,42.983,837,1/7/25,0,12.3
SMI_ARN_1,-74.0357,42.983,837,1/8/25,0,16.9
SMI_ARN_1,-74.0357,42.983,837,1/9/25,0,15.9
SMI_ARN_1,-74.0357,42.983,837,1/10/25,0,17.7
SMI_ARN_1,-74.0357,42.983,837,1/11/25,0.08,23.2
SMI_ARN_1,-74.0357,42.983,837,1/12/25,0.01,22.3
SMI_ARN_1,-74.0357,42.983,837,1/13/25,0,26.8
SMI_ARN_1,-74.0357,42.983,837,1/14/25,0.02,25.7
SMI_ARN_1,-74.0357,42.983,837,1/15/25,0,17.8
SMI_ARN_1,-74.0357,42.983,837,1/16/25,0,17.4
SMI_ARN_1,-74.0357,42.983,837,1/17/25,0,19.9
SMI_ARN_1,-74.0357,42.983,837,1/18/25,0,23.2
SMI_ARN_1,-74.0357,42.983,837,1/19/25,0.09,31.4
SMI_ARN_1,-74.0357,42.983,837,1/20/25,0.09,17
SMI_ARN_1,-74.0357,42.983,837,1/21/25,0,6.7
SMI_ARN_1,-74.0357,42.983,837,1/22/25,0,2.4
SMI_ARN_1,-74.0357,42.983,837,1/23/25,0,4.1
SMI_ARN_1,-74.0357,42.983,837,1/24/25,0,15
SMI_ARN_1,-74.0357,42.983,837,1/25/25,0,13.9
SMI_ARN_1,-74.0357,42.983,837,1/26/25,0,13.7
SMI_ARN_1,-74.0357,42.983,837,1/27/25,0.01,25.4
SMI_ARN_1,-74.0357,42.983,837,1/28/25,0.02,27.5
SMI_ARN_1,-74.0357,42.983,837,1/29/25,0.23,20.6
SMI_ARN_1,-74.0357,42.983,837,1/30/25,0.08,22.1
SMI_ARN_1,-74.0357,42.983,837,1/31/25,0,16.9
SMI_ARN_1,-74.0357,42.983,837,2/1/25,0.44,22.8
SMI_ARN_1,-74.0357,42.983,837,2/2/25,0,4.6
SMI_ARN_1,-74.0357,42.983,837,2/3/25,0.14,5.8
SMI_ARN_1,-74.0357,42.983,837,2/4/25,0.11,29.8
SMI_ARN_1,-74.0357,42.983,837,2/5/25,0,18
SMI_ARN_1,-74.0357,42.983,837,2/6/25,0,11.2
SMI_ARN_1,-74.0357,42.983,837,2/7/25,0.28,22.2
SMI_ARN_1,-74.0357,42.983,837,2/8/25,0,21.2
SMI_ARN_1,-74.0357,42.983,837,2/9/25,0.65,22
SMI_ARN_1,-74.0357,42.983,837,2/10/25,0,24.3
SMI_ARN_1,-74.0357,42.983,837,2/11/25,0.01,16
SMI_ARN_1,-74.0357,42.983,837,2/12/25,0,15.2
SMI_ARN_1,-74.0357,42.983,837,2/13/25,0.19,16.4
SMI_ARN_1,-74.0357,42.983,837,2/14/25,0.36,25.3
SMI_ARN_1,-74.0357,42.983,837,2/15/25,0,17.4
SMI_ARN_1,-74.0357,42.983,837,2/16/25,0.33,17.1
SMI_ARN_1,-74.0357,42.983,837,2/17/25,0.83,22.8
SMI_ARN_1,-74.0357,42.983,837,2/18/25,0.03,14.2
SMI_ARN_1,-74.0357,42.983,837,2/19/25,0,11.1
SMI_ARN_1,-74.0357,42.983,837,2/20/25,0,8.5
SMI_ARN_1,-74.0357,42.983,837,2/21/25,0,9.4
SMI_ARN_1,-74.0357,42.983,837,2/22/25,0,13.7
SMI_ARN_1,-74.0357,42.983,837,2/23/25,0,21.9
SMI_ARN_1,-74.0357,42.983,837,2/24/25,0,27.2
SMI_ARN_1,-74.0357,42.983,837,2/25/25,0,34.7
SMI_ARN_1,-74.0357,42.983,837,2/26/25,0.13,38.3
SMI_ARN_1,-74.0357,42.983,837,2/27/25,0.08,34.6
SMI_ARN_1,-74.0357,42.983,837,2/28/25,0.1,35.2
SMI_ARN_1,-74.0357,42.983,837,3/1/25,0.01,32.1
SMI_ARN_1,-74.0357,42.983,837,3/2/25,0.03,24.9
SMI_ARN_1,-74.0357,42.983,837,3/3/25,0,7.6
SMI_ARN_1,-74.0357,42.983,837,3/4/25,0,14.1
SMI_ARN_1,-74.0357,42.983,837,3/5/25,0,30.3
SMI_ARN_1,-74.0357,42.983,837,3/6/25,0.34,40.9
SMI_ARN_1,-74.0357,42.983,837,3/7/25,0,32.8
SMI_ARN_1,-74.0357,42.983,837,3/8/25,0,28.6
SMI_ARN_1,-74.0357,42.983,837,3/9/25,0.01,27.3
SMI_ARN_1,-74.0357,42.983,837,3/10/25,0,31.3
SMI_ARN_1,-74.0357,42.983,837,3/11/25,0,38.1
SMI_ARN_1,-74.0357,42.983,837,3/12/25,0,45.8
SMI_ARN_1,-74.0357,42.983,837,3/13/25,0,31.8
SMI_ARN_1,-74.0357,42.983,837,3/14/25,0,38.4
SMI_ARN_1,-74.0357,42.983,837,3/15/25,0,43.5
SMI_ARN_1,-74.0357,42.983,837,3/16/25,0,46
SMI_ARN_1,-74.0357,42.983,837,3/17/25,0.91,54.1
SMI_ARN_1,-74.0357,42.983,837,3/18/25,0.09,33.2
SMI_ARN_1,-74.0357,42.983,837,3/19/25,0,38.4
SMI_ARN_1,-74.0357,42.983,837,3/20/25,0,49.4
SMI_ARN_1,-74.0357,42.983,837,3/21/25,0.2,46.9
SMI_ARN_1,-74.0357,42.983,837,3/22/25,0,33.2
SMI_ARN_1,-74.0357,42.983,837,3/23/25,0.02,36.2
SMI_ARN_1,-74.0357,42.983,837,3/24/25,0.01,28.6
SMI_ARN_1,-74.0357,42.983,837,3/25/25,0.04,35.4
SMI_ARN_1,-74.0357,42.983,837,3/26/25,0,31.5
SMI_ARN_1,-74.0357,42.983,837,3/27/25,0,32.9
SMI_ARN_1,-74.0357,42.983,837,3/28/25,0,34.9
SMI_ARN_1,-74.0357,42.983,837,3/29/25,0.18,41.3
SMI_ARN_1,-74.0357,42.983,837,3/30/25,0.35,32.6
SMI_ARN_1,-74.0357,42.983,837,3/31/25,0.12,38.4
SMI_ARN_1,-74.0357,42.983,837,4/1/25,0,51.7
SMI_ARN_1,-74.0357,42.983,837,4/2/25,0,35.1
SMI_ARN_1,-74.0357,42.983,837,4/3/25,1.02,33.3
SMI_ARN_1,-74.0357,42.983,837,4/4/25,0.08,53.7
SMI_ARN_1,-74.0357,42.983,837,4/5/25,0,48.3
SMI_ARN_1,-74.0357,42.983,837,4/6/25,0.56,41.6
SMI_ARN_1,-74.0357,42.983,837,4/7/25,0.03,40.6
SMI_ARN_1,-74.0357,42.983,837,4/8/25,0.02,32.8
SMI_ARN_1,-74.0357,42.983,837,4/9/25,0,26.5
SMI_ARN_1,-74.0357,42.983,837,4/10/25,0,29.4
SMI_ARN_1,-74.0357,42.983,837,4/11/25,0.33,37
SMI_ARN_1,-74.0357,42.983,837,4/12/25,0.34,38.3
SMI_ARN_1,-74.0357,42.983,837,4/13/25,0.12,37
SMI_ARN_1,-74.0357,42.983,837,4/14/25,0,45.4
SMI_ARN_1,-74.0357,42.983,837,4/15/25,0.11,53.4
SMI_ARN_1,-74.0357,42.983,837,4/16/25,0.02,47.1
SMI_ARN_1,-74.0357,42.983,837,4/17/25,0,36.6
SMI_ARN_1,-74.0357,42.983,837,4/18/25,0,40.3
SMI_ARN_1,-74.0357,42.983,837,4/19/25,0,53.2
SMI_ARN_1,-74.0357,42.983,837,4/20/25,0.38,58
SMI_ARN_1,-74.0357,42.983,837,4/21/25,0,43.9
SMI_ARN_1,-74.0357,42.983,837,4/22/25,0.13,47.5
SMI_ARN_1,-74.0357,42.983,837,4/23/25,0,50.6
SMI_ARN_1,-74.0357,42.983,837,4/24/25,0,52.2
SMI_ARN_1,-74.0357,42.983,837,4/25/25,0,61
SMI_ARN_1,-74.0357,42.983,837,4/26/25,0.49,62.4
SMI_ARN_1,-74.0357,42.983,837,4/27/25,0.31,52.6
SMI_ARN_1,-74.0357,42.983,837,4/28/25,0.02,45.9
SMI_ARN_1,-74.0357,42.983,837,4/29/25,0,56.7
SMI_ARN_1,-74.0357,42.983,837,4/30/25,0.82,64.2
SMI_ARN_1,-74.0357,42.983,837,5/1/25,0,48.6
SMI_ARN_1,-74.0357,42.983,837,5/2/25,0.17,57.5
SMI_ARN_1,-74.0357,42.983,837,5/3/25,0.02,64.6
SMI_ARN_1,-74.0357,42.983,837,5/4/25,0.33,58.3
SMI_ARN_1,-74.0357,42.983,837,5/5/25,0.99,54.2
SMI_ARN_1,-74.0357,42.983,837,5/6/25,0.65,56.1
SMI_ARN_1,-74.0357,42.983,837,5/7/25,0.37,58.3
SMI_ARN_1,-74.0357,42.983,837,5/8/25,0.02,56.5
SMI_ARN_1,-74.0357,42.983,837,5/9/25,0.21,50.5
SMI_ARN_1,-74.0357,42.983,837,5/10/25,1.46,46.6
SMI_ARN_1,-74.0357,42.983,837,5/11/25,0,54.3
SMI_ARN_1,-74.0357,42.983,837,5/12/25,0,52.3
SMI_ARN_1,-74.0357,42.983,837,5/13/25,0,63.8
SMI_ARN_1,-74.0357,42.983,837,5/14/25,0,67.6
SMI_ARN_1,-74.0357,42.983,837,5/15/25,0.02,65.5
SMI_ARN_1,-74.0357,42.983,837,5/16/25,0.18,66.9
SMI_ARN_1,-74.0357,42.983,837,5/17/25,0.01,70.2
SMI_ARN_1,-74.0357,42.983,837,5/18/25,0.07,65.5
SMI_ARN_1,-74.0357,42.983,837,5/19/25,0,52.2
SMI_ARN_1,-74.0357,42.983,837,5/20/25,0,48.7
SMI_ARN_1,-74.0357,42.983,837,5/21/25,0,51.4
SMI_ARN_1,-74.0357,42.983,837,5/22/25,0.16,47.9
SMI_ARN_1,-74.0357,42.983,837,5/23/25,0.06,45.9
SMI_ARN_1,-74.0357,42.983,837,5/24/25,0.18,46.5
SMI_ARN_1,-74.0357,42.983,837,5/25/25,0.09,52.3
SMI_ARN_1,-74.0357,42.983,837,5/26/25,0.03,52.6
SMI_ARN_1,-74.0357,42.983,837,5/27/25,0.09,55.4
SMI_ARN_1,-74.0357,42.983,837,5/28/25,0,61.1
SMI_ARN_1,-74.0357,42.983,837,5/29/25,0,64.4
SMI_ARN_1,-74.0357,42.983,837,5/30/25,0,58.7
SMI_ARN_1,-74.0357,42.983,837,5/31/25,0.64,63
SMI_ARN_1,-74.0357,42.983,837,6/1/25,1.13,50.2
SMI_ARN_1,-74.0357,42.983,837,6/2/25,0.04,49.7
SMI_ARN_1,-74.0357,42.983,837,6/3/25,0,54.5
SMI_ARN_1,-74.0357,42.983,837,6/4/25,0,64.6
SMI_ARN_1,-74.0357,42.983,837,6/5/25,0,72.4
SMI_ARN_1,-74.0357,42.983,837,6/6/25,0.15,75.5
SMI_ARN_1,-74.0357,42.983,837,6/7/25,1.12,69.2
SMI_ARN_1,-74.0357,42.983,837,6/8/25,0.76,63.9
SMI_ARN_1,-74.0357,42.983,837,6/9/25,0.28,66.8
SMI_ARN_1,-74.0357,42.983,837,6/10/25,0.56,61.1
SMI_ARN_1,-74.0357,42.983,837,6/11/25,0.42,61.5
SMI_ARN_1,-74.0357,42.983,837,6/12/25,0,66.9
SMI_ARN_1,-74.0357,42.983,837,6/13/25,0,62.3
SMI_ARN_1,-74.0357,42.983,837,6/14/25,0.12,61.2
SMI_ARN_1,-74.0357,42.983,837,6/15/25,0,58.2
SMI_ARN_1,-74.0357,42.983,837,6/16/25,0,62.9
SMI_ARN_1,-74.0357,42.983,837,6/17/25,0.06,65.6
SMI_ARN_1,-74.0357,42.983,837,6/18/25,0.17,62.4
SMI_ARN_1,-74.0357,42.983,837,6/19/25,0.03,72.3
SMI_ARN_1,-74.0357,42.983,837,6/20/25,0.1,72.8
SMI_ARN_1,-74.0357,42.983,837,6/21/25,0,63.6
SMI_ARN_1,-74.0357,42.983,837,6/22/25,0.12,73.8
SMI_ARN_1,-74.0357,42.983,837,6/23/25,0,75.3
SMI_ARN_1,-74.0357,42.983,837,6/24/25,0,81.6
SMI_ARN_1,-74.0357,42.983,837,6/25/25,0,82.3
SMI_ARN_1,-74.0357,42.983,837,6/26/25,0,76.3
SMI_ARN_1,-74.0357,42.983,837,6/27/25,0.06,62.9
SMI_ARN_1,-74.0357,42.983,837,6/28/25,0.01,64.2
SMI_ARN_1,-74.0357,42.983,837,6/29/25,0.05,71.3
SMI_ARN_1,-74.0357,42.983,837,6/30/25,0,65.6
,,,,,,
SMI_ARN_2,-74.0259,42.9702,699,1/1/25,0.52,39.4
SMI_ARN_2,-74.0259,42.9702,699,1/2/25,0,34.8
SMI_ARN_2,-74.0259,42.9702,699,1/3/25,0.2,30.4
SMI_ARN_2,-74.0259,42.9702,699,1/4/25,0.03,23.7
SMI_ARN_2,-74.0259,42.9702,699,1/5/25,0,20.3
SMI_ARN_2,-74.0259,42.9702,699,1/6/25,0,17.9
SMI_ARN_2,-74.0259,42.9702,699,1/7/25,0,12.4
SMI_ARN_2,-74.0259,42.9702,699,1/8/25,0,17.3
SMI_ARN_2,-74.0259,42.9702,699,1/9/25,0,16.3
SMI_ARN_2,-74.0259,42.9702,699,1/10/25,0,18.2
SMI_ARN_2,-74.0259,42.9702,699,1/11/25,0.08,23.6
SMI_ARN_2,-74.0259,42.9702,699,1/12/25,0.02,22.6
SMI_ARN_2,-74.0259,42.9702,699,1/13/25,0,27
SMI_ARN_2,-74.0259,42.9702,699,1/14/25,0.02,26.2
SMI_ARN_2,-74.0259,42.9702,699,1/15/25,0,18.5
SMI_ARN_2,-74.0259,42.9702,699,1/16/25,0,18.1
SMI_ARN_2,-74.0259,42.9702,699,1/17/25,0,20
SMI_ARN_2,-74.0259,42.9702,699,1/18/25,0.01,24
SMI_ARN_2,-74.0259,42.9702,699,1/19/25,0.08,32
SMI_ARN_2,-74.0259,42.9702,699,1/20/25,0.09,17.5
SMI_ARN_2,-74.0259,42.9702,699,1/21/25,0,6.7
SMI_ARN_2,-74.0259,42.9702,699,1/22/25,0,2.9
SMI_ARN_2,-74.0259,42.9702,699,1/23/25,0,4.1
SMI_ARN_2,-74.0259,42.9702,699,1/24/25,0,15.5
SMI_ARN_2,-74.0259,42.9702,699,1/25/25,0,14.6
SMI_ARN_2,-74.0259,42.9702,699,1/26/25,0,14.6
SMI_ARN_2,-74.0259,42.9702,699,1/27/25,0.01,25.6
SMI_ARN_2,-74.0259,42.9702,699,1/28/25,0.01,27.6
SMI_ARN_2,-74.0259,42.9702,699,1/29/25,0.21,21.4
SMI_ARN_2,-74.0259,42.9702,699,1/30/25,0.08,22.9
SMI_ARN_2,-74.0259,42.9702,699,1/31/25,0,17.7
SMI_ARN_2,-74.0259,42.9702,699,2/1/25,0.44,23.5
SMI_ARN_2,-74.0259,42.9702,699,2/2/25,0,5.1
SMI_ARN_2,-74.0259,42.9702,699,2/3/25,0.14,6.2
SMI_ARN_2,-74.0259,42.9702,699,2/4/25,0.1,30.1
SMI_ARN_2,-74.0259,42.9702,699,2/5/25,0,19
SMI_ARN_2,-74.0259,42.9702,699,2/6/25,0,12
SMI_ARN_2,-74.0259,42.9702,699,2/7/25,0.28,22.9
SMI_ARN_2,-74.0259,42.9702,699,2/8/25,0,22.4
SMI_ARN_2,-74.0259,42.9702,699,2/9/25,0.63,22.8
SMI_ARN_2,-74.0259,42.9702,699,2/10/25,0,25.4
SMI_ARN_2,-74.0259,42.9702,699,2/11/25,0.01,16
SMI_ARN_2,-74.0259,42.9702,699,2/12/25,0,16.3
SMI_ARN_2,-74.0259,42.9702,699,2/13/25,0.18,16.8
SMI_ARN_2,-74.0259,42.9702,699,2/14/25,0.34,26.1
SMI_ARN_2,-74.0259,42.9702,699,2/15/25,0,18.3
SMI_ARN_2,-74.0259,42.9702,699,2/16/25,0.33,17.7
SMI_ARN_2,-74.0259,42.9702,699,2/17/25,0.82,23.5
SMI_ARN_2,-74.0259,42.9702,699,2/18/25,0.03,15.2
SMI_ARN_2,-74.0259,42.9702,699,2/19/25,0,11.9
SMI_ARN_2,-74.0259,42.9702,699,2/20/25,0,9.3
SMI_ARN_2,-74.0259,42.9702,699,2/21/25,0,10.2
SMI_ARN_2,-74.0259,42.9702,699,2/22/25,0,14.6
SMI_ARN_2,-74.0259,42.9702,699,2/23/25,0,22.6
SMI_ARN_2,-74.0259,42.9702,699,2/24/25,0,28.1
SMI_ARN_2,-74.0259,42.9702,699,2/25/25,0,35.3
SMI_ARN_2,-74.0259,42.9702,699,2/26/25,0.13,39.1
SMI_ARN_2,-74.0259,42.9702,699,2/27/25,0.08,35.3
SMI_ARN_2,-74.0259,42.9702,699,2/28/25,0.1,35.6
SMI_ARN_2,-74.0259,42.9702,699,3/1/25,0,32.9
SMI_ARN_2,-74.0259,42.9702,699,3/2/25,0.03,25.7
SMI_ARN_2,-74.0259,42.9702,699,3/3/25,0,8.3
SMI_ARN_2,-74.0259,42.9702,699,3/4/25,0,14.9
SMI_ARN_2,-74.0259,42.9702,699,3/5/25,0,31.1
SMI_ARN_2,-74.0259,42.9702,699,3/6/25,0.33,41.6
SMI_ARN_2,-74.0259,42.9702,699,3/7/25,0,33.5
SMI_ARN_2,-74.0259,42.9702,699,3/8/25,0,29.3
SMI_ARN_2,-74.0259,42.9702,699,3/9/25,0.01,28
SMI_ARN_2,-74.0259,42.9702,699,3/10/25,0,31.9
SMI_ARN_2,-74.0259,42.9702,699,3/11/25,0,38.8
SMI_ARN_2,-74.0259,42.9702,699,3/12/25,0,46.5
SMI_ARN_2,-74.0259,42.9702,699,3/13/25,0,32.3
SMI_ARN_2,-74.0259,42.9702,699,3/14/25,0,38.8
SMI_ARN_2,-74.0259,42.9702,699,3/15/25,0,43.9
SMI_ARN_2,-74.0259,42.9702,699,3/16/25,0,46.7
SMI_ARN_2,-74.0259,42.9702,699,3/17/25,0.93,54.8
SMI_ARN_2,-74.0259,42.9702,699,3/18/25,0.08,34.1
SMI_ARN_2,-74.0259,42.9702,699,3/19/25,0,39
SMI_ARN_2,-74.0259,42.9702,699,3/20/25,0,49.9
SMI_ARN_2,-74.0259,42.9702,699,3/21/25,0.2,47.6
SMI_ARN_2,-74.0259,42.9702,699,3/22/25,0,33.7
SMI_ARN_2,-74.0259,42.9702,699,3/23/25,0.02,37
SMI_ARN_2,-74.0259,42.9702,699,3/24/25,0.01,29.2
SMI_ARN_2,-74.0259,42.9702,699,3/25/25,0.04,36.1
SMI_ARN_2,-74.0259,42.9702,699,3/26/25,0,32
SMI_ARN_2,-74.0259,42.9702,699,3/27/25,0,33.6
SMI_ARN_2,-74.0259,42.9702,699,3/28/25,0,35.6
SMI_ARN_2,-74.0259,42.9702,699,3/29/25,0.17,42
SMI_ARN_2,-74.0259,42.9702,699,3/30/25,0.34,33.3
SMI_ARN_2,-74.0259,42.9702,699,3/31/25,0.12,39
SMI_ARN_2,-74.0259,42.9702,699,4/1/25,0,52.7
SMI_ARN_2,-74.0259,42.9702,699,4/2/25,0,35.2
SMI_ARN_2,-74.0259,42.9702,699,4/3/25,1.01,33.8
SMI_ARN_2,-74.0259,42.9702,699,4/4/25,0.08,54.2
SMI_ARN_2,-74.0259,42.9702,699,4/5/25,0,48.9
SMI_ARN_2,-74.0259,42.9702,699,4/6/25,0.56,41.8
SMI_ARN_2,-74.0259,42.9702,699,4/7/25,0.03,41
SMI_ARN_2,-74.0259,42.9702,699,4/8/25,0.02,33.3
SMI_ARN_2,-74.0259,42.9702,699,4/9/25,0,27.1
SMI_ARN_2,-74.0259,42.9702,699,4/10/25,0,30.2
SMI_ARN_2,-74.0259,42.9702,699,4/11/25,0.33,37.5
SMI_ARN_2,-74.0259,42.9702,699,4/12/25,0.34,39
SMI_ARN_2,-74.0259,42.9702,699,4/13/25,0.12,37.2
SMI_ARN_2,-74.0259,42.9702,699,4/14/25,0,45.6
SMI_ARN_2,-74.0259,42.9702,699,4/15/25,0.12,54
SMI_ARN_2,-74.0259,42.9702,699,4/16/25,0.02,48
SMI_ARN_2,-74.0259,42.9702,699,4/17/25,0,37.3
SMI_ARN_2,-74.0259,42.9702,699,4/18/25,0,40.6
SMI_ARN_2,-74.0259,42.9702,699,4/19/25,0,53.6
SMI_ARN_2,-74.0259,42.9702,699,4/20/25,0.39,59
SMI_ARN_2,-74.0259,42.9702,699,4/21/25,0,44.4
SMI_ARN_2,-74.0259,42.9702,699,4/22/25,0.14,48.1
SMI_ARN_2,-74.0259,42.9702,699,4/23/25,0,51.6
SMI_ARN_2,-74.0259,42.9702,699,4/24/25,0,53.1
SMI_ARN_2,-74.0259,42.9702,699,4/25/25,0,61.4
SMI_ARN_2,-74.0259,42.9702,699,4/26/25,0.5,63.1
SMI_ARN_2,-74.0259,42.9702,699,4/27/25,0.32,53.3
SMI_ARN_2,-74.0259,42.9702,699,4/28/25,0.02,46.4
SMI_ARN_2,-74.0259,42.9702,699,4/29/25,0,57
SMI_ARN_2,-74.0259,42.9702,699,4/30/25,0.83,64.7
SMI_ARN_2,-74.0259,42.9702,699,5/1/25,0,49.3
SMI_ARN_2,-74.0259,42.9702,699,5/2/25,0.17,58.3
SMI_ARN_2,-74.0259,42.9702,699,5/3/25,0.02,65.8
SMI_ARN_2,-74.0259,42.9702,699,5/4/25,0.34,58.5
SMI_ARN_2,-74.0259,42.9702,699,5/5/25,0.99,54.3
SMI_ARN_2,-74.0259,42.9702,699,5/6/25,0.67,56.5
SMI_ARN_2,-74.0259,42.9702,699,5/7/25,0.37,58.6
SMI_ARN_2,-74.0259,42.9702,699,5/8/25,0.02,57
SMI_ARN_2,-74.0259,42.9702,699,5/9/25,0.22,50.8
SMI_ARN_2,-74.0259,42.9702,699,5/10/25,1.45,46.8
SMI_ARN_2,-74.0259,42.9702,699,5/11/25,0,55.2
SMI_ARN_2,-74.0259,42.9702,699,5/12/25,0,52.8
SMI_ARN_2,-74.0259,42.9702,699,5/13/25,0,64.3
SMI_ARN_2,-74.0259,42.9702,699,5/14/25,0,68.2
SMI_ARN_2,-74.0259,42.9702,699,5/15/25,0.02,65.9
SMI_ARN_2,-74.0259,42.9702,699,5/16/25,0.15,68
SMI_ARN_2,-74.0259,42.9702,699,5/17/25,0.01,71
SMI_ARN_2,-74.0259,42.9702,699,5/18/25,0.07,66.2
SMI_ARN_2,-74.0259,42.9702,699,5/19/25,0.01,52.5
SMI_ARN_2,-74.0259,42.9702,699,5/20/25,0,48.9
SMI_ARN_2,-74.0259,42.9702,699,5/21/25,0,51.6
SMI_ARN_2,-74.0259,42.9702,699,5/22/25,0.17,48.2
SMI_ARN_2,-74.0259,42.9702,699,5/23/25,0.06,46
SMI_ARN_2,-74.0259,42.9702,699,5/24/25,0.17,46.9
SMI_ARN_2,-74.0259,42.9702,699,5/25/25,0.08,52.8
SMI_ARN_2,-74.0259,42.9702,699,5/26/25,0.03,53.5
SMI_ARN_2,-74.0259,42.9702,699,5/27/25,0.09,56.3
SMI_ARN_2,-74.0259,42.9702,699,5/28/25,0,62
SMI_ARN_2,-74.0259,42.9702,699,5/29/25,0,65
SMI_ARN_2,-74.0259,42.9702,699,5/30/25,0,59.1
SMI_ARN_2,-74.0259,42.9702,699,5/31/25,0.62,63.7
SMI_ARN_2,-74.0259,42.9702,699,6/1/25,1.11,50.9
SMI_ARN_2,-74.0259,42.9702,699,6/2/25,0.03,50.1
SMI_ARN_2,-74.0259,42.9702,699,6/3/25,0,55.6
SMI_ARN_2,-74.0259,42.9702,699,6/4/25,0,65.1
SMI_ARN_2,-74.0259,42.9702,699,6/5/25,0,72.9
SMI_ARN_2,-74.0259,42.9702,699,6/6/25,0.15,76.6
SMI_ARN_2,-74.0259,42.9702,699,6/7/25,1.09,70
SMI_ARN_2,-74.0259,42.9702,699,6/8/25,0.79,64.3
SMI_ARN_2,-74.0259,42.9702,699,6/9/25,0.28,67.7
SMI_ARN_2,-74.0259,42.9702,699,6/10/25,0.58,61.6
SMI_ARN_2,-74.0259,42.9702,699,6/11/25,0.4,61.9
SMI_ARN_2,-74.0259,42.9702,699,6/12/25,0,67.3
SMI_ARN_2,-74.0259,42.9702,699,6/13/25,0,63.3
SMI_ARN_2,-74.0259,42.9702,699,6/14/25,0.13,62
SMI_ARN_2,-74.0259,42.9702,699,6/15/25,0,58.8
SMI_ARN_2,-74.0259,42.9702,699,6/16/25,0,63.2
SMI_ARN_2,-74.0259,42.9702,699,6/17/25,0.07,66.4
SMI_ARN_2,-74.0259,42.9702,699,6/18/25,0.18,62.9
SMI_ARN_2,-74.0259,42.9702,699,6/19/25,0.03,72.4
SMI_ARN_2,-74.0259,42.9702,699,6/20/25,0.09,73.7
SMI_ARN_2,-74.0259,42.9702,699,6/21/25,0,64.4
SMI_ARN_2,-74.0259,42.9702,699,6/22/25,0.13,74.4
SMI_ARN_2,-74.0259,42.9702,699,6/23/25,0,75.5
SMI_ARN_2,-74.0259,42.9702,699,6/24/25,0,82.1
SMI_ARN_2,-74.0259,42.9702,699,6/25/25,0,83.1
SMI_ARN_2,-74.0259,42.9702,699,6/26/25,0,77.3
SMI_ARN_2,-74.0259,42.9702,699,6/27/25,0.06,63.7
SMI_ARN_2,-74.0259,42.9702,699,6/28/25,0.01,64.8
SMI_ARN_2,-74.0259,42.9702,699,6/29/25,0.03,72
SMI_ARN_2,-74.0259,42.9702,699,6/30/25,0,66.2
,,,,,,
SMI_BUR,-75.0354,43.2314,1024,1/1/25,0.84,37.1
SMI_BUR,-75.0354,43.2314,1024,1/2/25,0.04,29.1
SMI_BUR,-75.0354,43.2314,1024,1/3/25,1.44,26.1
SMI_BUR,-75.0354,43.2314,1024,1/4/25,0.12,20.1
SMI_BUR,-75.0354,43.2314,1024,1/5/25,0.2,19.3
SMI_BUR,-75.0354,43.2314,1024,1/6/25,0,15.1
SMI_BUR,-75.0354,43.2314,1024,1/7/25,0,9.5
SMI_BUR,-75.0354,43.2314,1024,1/8/25,0.02,14.8
SMI_BUR,-75.0354,43.2314,1024,1/9/25,0.02,12.3
SMI_BUR,-75.0354,43.2314,1024,1/10/25,0,15.6
SMI_BUR,-75.0354,43.2314,1024,1/11/25,0.05,18
SMI_BUR,-75.0354,43.2314,1024,1/12/25,0,21.1
SMI_BUR,-75.0354,43.2314,1024,1/13/25,0,25.6
SMI_BUR,-75.0354,43.2314,1024,1/14/25,0.12,23.9
SMI_BUR,-75.0354,43.2314,1024,1/15/25,0.07,15.6
SMI_BUR,-75.0354,43.2314,1024,1/16/25,0.01,16.5
SMI_BUR,-75.0354,43.2314,1024,1/17/25,0.03,18.7
SMI_BUR,-75.0354,43.2314,1024,1/18/25,0,26.4
SMI_BUR,-75.0354,43.2314,1024,1/19/25,0.2,27.5
SMI_BUR,-75.0354,43.2314,1024,1/20/25,0,11.9
SMI_BUR,-75.0354,43.2314,1024,1/21/25,0,5.7
SMI_BUR,-75.0354,43.2314,1024,1/22/25,0,0.1
SMI_BUR,-75.0354,43.2314,1024,1/23/25,0,-0.2
SMI_BUR,-75.0354,43.2314,1024,1/24/25,0.05,16.9
SMI_BUR,-75.0354,43.2314,1024,1/25/25,0,11.5
SMI_BUR,-75.0354,43.2314,1024,1/26/25,0,16
SMI_BUR,-75.0354,43.2314,1024,1/27/25,0.08,23.9
SMI_BUR,-75.0354,43.2314,1024,1/28/25,0.18,26.8
SMI_BUR,-75.0354,43.2314,1024,1/29/25,0.38,19.6
SMI_BUR,-75.0354,43.2314,1024,1/30/25,0.15,18.1
SMI_BUR,-75.0354,43.2314,1024,1/31/25,0,18.1
SMI_BUR,-75.0354,43.2314,1024,2/1/25,0.38,22.1
SMI_BUR,-75.0354,43.2314,1024,2/2/25,0,0.9
SMI_BUR,-75.0354,43.2314,1024,2/3/25,0.06,10.7
SMI_BUR,-75.0354,43.2314,1024,2/4/25,0.16,30.4
SMI_BUR,-75.0354,43.2314,1024,2/5/25,0,15.3
SMI_BUR,-75.0354,43.2314,1024,2/6/25,0,10.8
SMI_BUR,-75.0354,43.2314,1024,2/7/25,0.12,23.7
SMI_BUR,-75.0354,43.2314,1024,2/8/25,0,20.5
SMI_BUR,-75.0354,43.2314,1024,2/9/25,0.5,22.3
SMI_BUR,-75.0354,43.2314,1024,2/10/25,0.04,22.8
SMI_BUR,-75.0354,43.2314,1024,2/11/25,0.03,17.8
SMI_BUR,-75.0354,43.2314,1024,2/12/25,0,14.4
SMI_BUR,-75.0354,43.2314,1024,2/13/25,0.04,16.4
SMI_BUR,-75.0354,43.2314,1024,2/14/25,0.57,24.2
SMI_BUR,-75.0354,43.2314,1024,2/15/25,0,16.5
SMI_BUR,-75.0354,43.2314,1024,2/16/25,0.3,21
SMI_BUR,-75.0354,43.2314,1024,2/17/25,1.33,21.5
SMI_BUR,-75.0354,43.2314,1024,2/18/25,0.05,12.6
SMI_BUR,-75.0354,43.2314,1024,2/19/25,0.01,9
SMI_BUR,-75.0354,43.2314,1024,2/20/25,0,7.1
SMI_BUR,-75.0354,43.2314,1024,2/21/25,0,7.8
SMI_BUR,-75.0354,43.2314,1024,2/22/25,0.02,12.4
SMI_BUR,-75.0354,43.2314,1024,2/23/25,0,21.4
SMI_BUR,-75.0354,43.2314,1024,2/24/25,0.03,25.4
SMI_BUR,-75.0354,43.2314,1024,2/25/25,0,33.8
SMI_BUR,-75.0354,43.2314,1024,2/26/25,0.27,37.4
SMI_BUR,-75.0354,43.2314,1024,2/27/25,0.11,32.2
SMI_BUR,-75.0354,43.2314,1024,2/28/25,0.29,32.6
SMI_BUR,-75.0354,43.2314,1024,3/1/25,0.09,31.1
SMI_BUR,-75.0354,43.2314,1024,3/2/25,0.07,19.9
SMI_BUR,-75.0354,43.2314,1024,3/3/25,0,4.9
SMI_BUR,-75.0354,43.2314,1024,3/4/25,0,15.2
SMI_BUR,-75.0354,43.2314,1024,3/5/25,0,33.9
SMI_BUR,-75.0354,43.2314,1024,3/6/25,0.51,41
SMI_BUR,-75.0354,43.2314,1024,3/7/25,0,29.3
SMI_BUR,-75.0354,43.2314,1024,3/8/25,0.03,26.6
SMI_BUR,-75.0354,43.2314,1024,3/9/25,0,24.5
SMI_BUR,-75.0354,43.2314,1024,3/10/25,0,31.9
SMI_BUR,-75.0354,43.2314,1024,3/11/25,0,39.7
SMI_BUR,-75.0354,43.2314,1024,3/12/25,0,42.1
SMI_BUR,-75.0354,43.2314,1024,3/13/25,0,29.1
SMI_BUR,-75.0354,43.2314,1024,3/14/25,0,39.2
SMI_BUR,-75.0354,43.2314,1024,3/15/25,0,45.5
SMI_BUR,-75.0354,43.2314,1024,3/16/25,0,51.5
SMI_BUR,-75.0354,43.2314,1024,3/17/25,0.4,49.5
SMI_BUR,-75.0354,43.2314,1024,3/18/25,0.02,28.7
SMI_BUR,-75.0354,43.2314,1024,3/19/25,0,38
SMI_BUR,-75.0354,43.2314,1024,3/20/25,0,54.3
SMI_BUR,-75.0354,43.2314,1024,3/21/25,0.14,47
SMI_BUR,-75.0354,43.2314,1024,3/22/25,0,30.9
SMI_BUR,-75.0354,43.2314,1024,3/23/25,0.06,31.7
SMI_BUR,-75.0354,43.2314,1024,3/24/25,0.05,24.6
SMI_BUR,-75.0354,43.2314,1024,3/25/25,0.07,38.7
SMI_BUR,-75.0354,43.2314,1024,3/26/25,0,32.4
SMI_BUR,-75.0354,43.2314,1024,3/27/25,0,28.9
SMI_BUR,-75.0354,43.2314,1024,3/28/25,0,33.1
SMI_BUR,-75.0354,43.2314,1024,3/29/25,0.45,39.5
SMI_BUR,-75.0354,43.2314,1024,3/30/25,0.29,37.9
SMI_BUR,-75.0354,43.2314,1024,3/31/25,0.05,43.5
SMI_BUR,-75.0354,43.2314,1024,4/1/25,0.15,49
SMI_BUR,-75.0354,43.2314,1024,4/2/25,0,31.6
SMI_BUR,-75.0354,43.2314,1024,4/3/25,1.27,33.6
SMI_BUR,-75.0354,43.2314,1024,4/4/25,0.04,53
SMI_BUR,-75.0354,43.2314,1024,4/5/25,0,43.2
SMI_BUR,-75.0354,43.2314,1024,4/6/25,0.42,40.5
SMI_BUR,-75.0354,43.2314,1024,4/7/25,0,36.7
SMI_BUR,-75.0354,43.2314,1024,4/8/25,0.04,32.7
SMI_BUR,-75.0354,43.2314,1024,4/9/25,0,22.4
SMI_BUR,-75.0354,43.2314,1024,4/10/25,0,27.8
SMI_BUR,-75.0354,43.2314,1024,4/11/25,0.1,36.2
SMI_BUR,-75.0354,43.2314,1024,4/12/25,0.07,38.9
SMI_BUR,-75.0354,43.2314,1024,4/13/25,0.15,38.8
SMI_BUR,-75.0354,43.2314,1024,4/14/25,0,42.7
SMI_BUR,-75.0354,43.2314,1024,4/15/25,0,50.9
SMI_BUR,-75.0354,43.2314,1024,4/16/25,0.03,43.5
SMI_BUR,-75.0354,43.2314,1024,4/17/25,0,32.8
SMI_BUR,-75.0354,43.2314,1024,4/18/25,0,37.2
SMI_BUR,-75.0354,43.2314,1024,4/19/25,0,54.5
SMI_BUR,-75.0354,43.2314,1024,4/20/25,0.36,53.5
SMI_BUR,-75.0354,43.2314,1024,4/21/25,0,39.6
SMI_BUR,-75.0354,43.2314,1024,4/22/25,0.09,48.1
SMI_BUR,-75.0354,43.2314,1024,4/23/25,0,45.9
SMI_BUR,-75.0354,43.2314,1024,4/24/25,0,50.5
SMI_BUR,-75.0354,43.2314,1024,4/25/25,0,59.2
SMI_BUR,-75.0354,43.2314,1024,4/26/25,0.69,62.9
SMI_BUR,-75.0354,43.2314,1024,4/27/25,0.11,49.5
SMI_BUR,-75.0354,43.2314,1024,4/28/25,0.01,44.5
SMI_BUR,-75.0354,43.2314,1024,4/29/25,0,56.6
SMI_BUR,-75.0354,43.2314,1024,4/30/25,0.61,62.4
SMI_BUR,-75.0354,43.2314,1024,5/1/25,0,44.4
SMI_BUR,-75.0354,43.2314,1024,5/2/25,0.24,58.1
SMI_BUR,-75.0354,43.2314,1024,5/3/25,0.06,63
SMI_BUR,-75.0354,43.2314,1024,5/4/25,0.3,53.8
SMI_BUR,-75.0354,43.2314,1024,5/5/25,0.36,55.1
SMI_BUR,-75.0354,43.2314,1024,5/6/25,0.06,58.1
SMI_BUR,-75.0354,43.2314,1024,5/7/25,1.37,59
SMI_BUR,-75.0354,43.2314,1024,5/8/25,0.08,52.3
SMI_BUR,-75.0354,43.2314,1024,5/9/25,0.08,49.6
SMI_BUR,-75.0354,43.2314,1024,5/10/25,0.93,46.4
SMI_BUR,-75.0354,43.2314,1024,5/11/25,0,52.2
SMI_BUR,-75.0354,43.2314,1024,5/12/25,0,49.4
SMI_BUR,-75.0354,43.2314,1024,5/13/25,0,65.2
SMI_BUR,-75.0354,43.2314,1024,5/14/25,0,67.7
SMI_BUR,-75.0354,43.2314,1024,5/15/25,0,64.5
SMI_BUR,-75.0354,43.2314,1024,5/16/25,0,66.9
SMI_BUR,-75.0354,43.2314,1024,5/17/25,0.02,70.4
SMI_BUR,-75.0354,43.2314,1024,5/18/25,0.97,65.5
SMI_BUR,-75.0354,43.2314,1024,5/19/25,0.09,47.5
SMI_BUR,-75.0354,43.2314,1024,5/20/25,0,42.5
SMI_BUR,-75.0354,43.2314,1024,5/21/25,0,47
SMI_BUR,-75.0354,43.2314,1024,5/22/25,0.22,47.8
SMI_BUR,-75.0354,43.2314,1024,5/23/25,0.22,44.1
SMI_BUR,-75.0354,43.2314,1024,5/24/25,0.4,45.8
SMI_BUR,-75.0354,43.2314,1024,5/25/25,0.09,49.1
SMI_BUR,-75.0354,43.2314,1024,5/26/25,0.18,49.9
SMI_BUR,-75.0354,43.2314,1024,5/27/25,0.01,53.8
SMI_BUR,-75.0354,43.2314,1024,5/28/25,0,59.6
SMI_BUR,-75.0354,43.2314,1024,5/29/25,0.02,64
SMI_BUR,-75.0354,43.2314,1024,5/30/25,0.05,56.9
SMI_BUR,-75.0354,43.2314,1024,5/31/25,0.1,60.8
SMI_BUR,-75.0354,43.2314,1024,6/1/25,0.2,48.9
SMI_BUR,-75.0354,43.2314,1024,6/2/25,0.02,50.2
SMI_BUR,-75.0354,43.2314,1024,6/3/25,0,53.1
SMI_BUR,-75.0354,43.2314,1024,6/4/25,0,63.7
SMI_BUR,-75.0354,43.2314,1024,6/5/25,0,73.4
SMI_BUR,-75.0354,43.2314,1024,6/6/25,0,73.3
SMI_BUR,-75.0354,43.2314,1024,6/7/25,0.72,66.8
SMI_BUR,-75.0354,43.2314,1024,6/8/25,0.13,63.9
SMI_BUR,-75.0354,43.2314,1024,6/9/25,0.38,65.5
SMI_BUR,-75.0354,43.2314,1024,6/10/25,0.61,63
SMI_BUR,-75.0354,43.2314,1024,6/11/25,0.32,61
SMI_BUR,-75.0354,43.2314,1024,6/12/25,0,66.2
SMI_BUR,-75.0354,43.2314,1024,6/13/25,0,59.4
SMI_BUR,-75.0354,43.2314,1024,6/14/25,0.02,61
SMI_BUR,-75.0354,43.2314,1024,6/15/25,0,58.3
SMI_BUR,-75.0354,43.2314,1024,6/16/25,0,62.9
SMI_BUR,-75.0354,43.2314,1024,6/17/25,0.05,66.3
SMI_BUR,-75.0354,43.2314,1024,6/18/25,0,63.7
SMI_BUR,-75.0354,43.2314,1024,6/19/25,0.01,74.2
SMI_BUR,-75.0354,43.2314,1024,6/20/25,0.27,70.6
SMI_BUR,-75.0354,43.2314,1024,6/21/25,0,61.3
SMI_BUR,-75.0354,43.2314,1024,6/22/25,1.04,72.3
SMI_BUR,-75.0354,43.2314,1024,6/23/25,0,73.4
SMI_BUR,-75.0354,43.2314,1024,6/24/25,0,78.8
SMI_BUR,-75.0354,43.2314,1024,6/25/25,0,79.8
SMI_BUR,-75.0354,43.2314,1024,6/26/25,0,74
SMI_BUR,-75.0354,43.2314,1024,6/27/25,0.09,63
SMI_BUR,-75.0354,43.2314,1024,6/28/25,0.07,62.2
SMI_BUR,-75.0354,43.2314,1024,6/29/25,0.29,69.1
SMI_BUR,-75.0354,43.2314,1024,6/30/25,0,62.4
,,,,,,
SMI_COB,-74.5153,42.6638,997,1/1/25,0.33,40.5
SMI_COB,-74.5153,42.6638,997,1/2/25,0.06,35.7
SMI_COB,-74.5153,42.6638,997,1/3/25,0.05,30
SMI_COB,-74.5153,42.6638,997,1/4/25,0.06,24.7
SMI_COB,-74.5153,42.6638,997,1/5/25,0.01,21.8
SMI_COB,-74.5153,42.6638,997,1/6/25,0,21.1
SMI_COB,-74.5153,42.6638,997,1/7/25,0,13.8
SMI_COB,-74.5153,42.6638,997,1/8/25,0.02,17.8
SMI_COB,-74.5153,42.6638,997,1/9/25,0,15.9
SMI_COB,-74.5153,42.6638,997,1/10/25,0,19.3
SMI_COB,-74.5153,42.6638,997,1/11/25,0.06,24
SMI_COB,-74.5153,42.6638,997,1/12/25,0,22.6
SMI_COB,-74.5153,42.6638,997,1/13/25,0,28.9
SMI_COB,-74.5153,42.6638,997,1/14/25,0.04,26.4
SMI_COB,-74.5153,42.6638,997,1/15/25,0,18.4
SMI_COB,-74.5153,42.6638,997,1/16/25,0,17.6
SMI_COB,-74.5153,42.6638,997,1/17/25,0.01,21.1
SMI_COB,-74.5153,42.6638,997,1/18/25,0.01,28.7
SMI_COB,-74.5153,42.6638,997,1/19/25,0.03,33.9
SMI_COB,-74.5153,42.6638,997,1/20/25,0.19,15.4
SMI_COB,-74.5153,42.6638,997,1/21/25,0,6.9
SMI_COB,-74.5153,42.6638,997,1/22/25,0,2.3
SMI_COB,-74.5153,42.6638,997,1/23/25,0,3.6
SMI_COB,-74.5153,42.6638,997,1/24/25,0,19.5
SMI_COB,-74.5153,42.6638,997,1/25/25,0.01,14.2
SMI_COB,-74.5153,42.6638,997,1/26/25,0,20.1
SMI_COB,-74.5153,42.6638,997,1/27/25,0,24.5
SMI_COB,-74.5153,42.6638,997,1/28/25,0.04,28.4
SMI_COB,-74.5153,42.6638,997,1/29/25,0.14,24.2
SMI_COB,-74.5153,42.6638,997,1/30/25,0.11,26.3
SMI_COB,-74.5153,42.6638,997,1/31/25,0,24.6
SMI_COB,-74.5153,42.6638,997,2/1/25,0.35,28.1
SMI_COB,-74.5153,42.6638,997,2/2/25,0,6.8
SMI_COB,-74.5153,42.6638,997,2/3/25,0.1,11.8
SMI_COB,-74.5153,42.6638,997,2/4/25,0.01,36.9
SMI_COB,-74.5153,42.6638,997,2/5/25,0.03,21.3
SMI_COB,-74.5153,42.6638,997,2/6/25,0.01,13.6
SMI_COB,-74.5153,42.6638,997,2/7/25,0.11,27.1
SMI_COB,-74.5153,42.6638,997,2/8/25,0,21.4
SMI_COB,-74.5153,42.6638,997,2/9/25,0.24,22.2
SMI_COB,-74.5153,42.6638,997,2/10/25,0,26
SMI_COB,-74.5153,42.6638,997,2/11/25,0,19.3
SMI_COB,-74.5153,42.6638,997,2/12/25,0,17.4
SMI_COB,-74.5153,42.6638,997,2/13/25,0.06,18.8
SMI_COB,-74.5153,42.6638,997,2/14/25,0.2,31.9
SMI_COB,-74.5153,42.6638,997,2/15/25,0.11,18.3
SMI_COB,-74.5153,42.6638,997,2/16/25,0.3,19.9
SMI_COB,-74.5153,42.6638,997,2/17/25,0.44,25.7
SMI_COB,-74.5153,42.6638,997,2/18/25,0,15.5
SMI_COB,-74.5153,42.6638,997,2/19/25,0,13
SMI_COB,-74.5153,42.6638,997,2/20/25,0,12.8
SMI_COB,-74.5153,42.6638,997,2/21/25,0.04,12.2
SMI_COB,-74.5153,42.6638,997,2/22/25,0,16.5
SMI_COB,-74.5153,42.6638,997,2/23/25,0,26.3
SMI_COB,-74.5153,42.6638,997,2/24/25,0,28.3
SMI_COB,-74.5153,42.6638,997,2/25/25,0,36.8
SMI_COB,-74.5153,42.6638,997,2/26/25,0.12,41.8
SMI_COB,-74.5153,42.6638,997,2/27/25,0.08,35
SMI_COB,-74.5153,42.6638,997,2/28/25,0.06,39.8
SMI_COB,-74.5153,42.6638,997,3/1/25,0,36.2
SMI_COB,-74.5153,42.6638,997,3/2/25,0.06,27.7
SMI_COB,-74.5153,42.6638,997,3/3/25,0,12.7
SMI_COB,-74.5153,42.6638,997,3/4/25,0,22
SMI_COB,-74.5153,42.6638,997,3/5/25,0.01,39.1
SMI_COB,-74.5153,42.6638,997,3/6/25,0.28,45.2
SMI_COB,-74.5153,42.6638,997,3/7/25,0.04,33.5
SMI_COB,-74.5153,42.6638,997,3/8/25,0.07,29.9
SMI_COB,-74.5153,42.6638,997,3/9/25,0,26.3
SMI_COB,-74.5153,42.6638,997,3/10/25,0,34.4
SMI_COB,-74.5153,42.6638,997,3/11/25,0,42.9
SMI_COB,-74.5153,42.6638,997,3/12/25,0,46.9
SMI_COB,-74.5153,42.6638,997,3/13/25,0,34.3
SMI_COB,-74.5153,42.6638,997,3/14/25,0,41.2
SMI_COB,-74.5153,42.6638,997,3/15/25,0,46.5
SMI_COB,-74.5153,42.6638,997,3/16/25,0,53.5
SMI_COB,-74.5153,42.6638,997,3/17/25,0.75,55.3
SMI_COB,-74.5153,42.6638,997,3/18/25,0.04,32.4
SMI_COB,-74.5153,42.6638,997,3/19/25,0,41.3
SMI_COB,-74.5153,42.6638,997,3/20/25,0,55.5
SMI_COB,-74.5153,42.6638,997,3/21/25,0.33,49.8
SMI_COB,-74.5153,42.6638,997,3/22/25,0,34.5
SMI_COB,-74.5153,42.6638,997,3/23/25,0.05,36.8
SMI_COB,-74.5153,42.6638,997,3/24/25,0.01,28.4
SMI_COB,-74.5153,42.6638,997,3/25/25,0.1,41.4
SMI_COB,-74.5153,42.6638,997,3/26/25,0,32.7
SMI_COB,-74.5153,42.6638,997,3/27/25,0.02,31.7
SMI_COB,-74.5153,42.6638,997,3/28/25,0.05,35.8
SMI_COB,-74.5153,42.6638,997,3/29/25,0.12,42.1
SMI_COB,-74.5153,42.6638,997,3/30/25,0.2,38.6
SMI_COB,-74.5153,42.6638,997,3/31/25,0.05,44.8
SMI_COB,-74.5153,42.6638,997,4/1/25,0,52.3
SMI_COB,-74.5153,42.6638,997,4/2/25,0,32.6
SMI_COB,-74.5153,42.6638,997,4/3/25,0.42,36.8
SMI_COB,-74.5153,42.6638,997,4/4/25,0.01,57
SMI_COB,-74.5153,42.6638,997,4/5/25,0.01,45.8
SMI_COB,-74.5153,42.6638,997,4/6/25,0.49,42.5
SMI_COB,-74.5153,42.6638,997,4/7/25,0.03,38.4
SMI_COB,-74.5153,42.6638,997,4/8/25,0.02,32.9
SMI_COB,-74.5153,42.6638,997,4/9/25,0.02,26.1
SMI_COB,-74.5153,42.6638,997,4/10/25,0,31.2
SMI_COB,-74.5153,42.6638,997,4/11/25,0.07,37.2
SMI_COB,-74.5153,42.6638,997,4/12/25,0.25,41.5
SMI_COB,-74.5153,42.6638,997,4/13/25,0.14,36.1
SMI_COB,-74.5153,42.6638,997,4/14/25,0,44.4
SMI_COB,-74.5153,42.6638,997,4/15/25,0.11,52.1
SMI_COB,-74.5153,42.6638,997,4/16/25,0.06,47.6
SMI_COB,-74.5153,42.6638,997,4/17/25,0,35
SMI_COB,-74.5153,42.6638,997,4/18/25,0,39.8
SMI_COB,-74.5153,42.6638,997,4/19/25,0,53.3
SMI_COB,-74.5153,42.6638,997,4/20/25,0.22,59.1
SMI_COB,-74.5153,42.6638,997,4/21/25,0,41.1
SMI_COB,-74.5153,42.6638,997,4/22/25,0.04,48.9
SMI_COB,-74.5153,42.6638,997,4/23/25,0,51.3
SMI_COB,-74.5153,42.6638,997,4/24/25,0,52.9
SMI_COB,-74.5153,42.6638,997,4/25/25,0.02,61.1
SMI_COB,-74.5153,42.6638,997,4/26/25,0.21,64.6
SMI_COB,-74.5153,42.6638,997,4/27/25,0.35,52.9
SMI_COB,-74.5153,42.6638,997,4/28/25,0.02,45.9
SMI_COB,-74.5153,42.6638,997,4/29/25,0,58.4
SMI_COB,-74.5153,42.6638,997,4/30/25,0.47,63
SMI_COB,-74.5153,42.6638,997,5/1/25,0,47.4
SMI_COB,-74.5153,42.6638,997,5/2/25,0.24,58.7
SMI_COB,-74.5153,42.6638,997,5/3/25,0.07,64.8
SMI_COB,-74.5153,42.6638,997,5/4/25,0.46,58.1
SMI_COB,-74.5153,42.6638,997,5/5/25,0.51,54.1
SMI_COB,-74.5153,42.6638,997,5/6/25,0.23,56.9
SMI_COB,-74.5153,42.6638,997,5/7/25,0.63,58.7
SMI_COB,-74.5153,42.6638,997,5/8/25,0.01,56.1
SMI_COB,-74.5153,42.6638,997,5/9/25,0.2,51.2
SMI_COB,-74.5153,42.6638,997,5/10/25,1.31,46.4
SMI_COB,-74.5153,42.6638,997,5/11/25,0,53
SMI_COB,-74.5153,42.6638,997,5/12/25,0,50.3
SMI_COB,-74.5153,42.6638,997,5/13/25,0,63.3
SMI_COB,-74.5153,42.6638,997,5/14/25,0,67.8
SMI_COB,-74.5153,42.6638,997,5/15/25,0.05,62.6
SMI_COB,-74.5153,42.6638,997,5/16/25,0.26,67.8
SMI_COB,-74.5153,42.6638,997,5/17/25,0.11,70.8
SMI_COB,-74.5153,42.6638,997,5/18/25,0.14,66.2
SMI_COB,-74.5153,42.6638,997,5/19/25,0.05,51
SMI_COB,-74.5153,42.6638,997,5/20/25,0,44.6
SMI_COB,-74.5153,42.6638,997,5/21/25,0,48.6
SMI_COB,-74.5153,42.6638,997,5/22/25,0.31,47.2
SMI_COB,-74.5153,42.6638,997,5/23/25,0.16,44
SMI_COB,-74.5153,42.6638,997,5/24/25,0.21,46.3
SMI_COB,-74.5153,42.6638,997,5/25/25,0.02,51.5
SMI_COB,-74.5153,42.6638,997,5/26/25,0.05,50.7
SMI_COB,-74.5153,42.6638,997,5/27/25,0.03,55.5
SMI_COB,-74.5153,42.6638,997,5/28/25,0,60.6
SMI_COB,-74.5153,42.6638,997,5/29/25,0.05,63.2
SMI_COB,-74.5153,42.6638,997,5/30/25,0,59.5
SMI_COB,-74.5153,42.6638,997,5/31/25,0.48,62.4
SMI_COB,-74.5153,42.6638,997,6/1/25,0.74,50.4
SMI_COB,-74.5153,42.6638,997,6/2/25,0.02,50.8
SMI_COB,-74.5153,42.6638,997,6/3/25,0,55
SMI_COB,-74.5153,42.6638,997,6/4/25,0,64.9
SMI_COB,-74.5153,42.6638,997,6/5/25,0,75
SMI_COB,-74.5153,42.6638,997,6/6/25,0.41,74.7
SMI_COB,-74.5153,42.6638,997,6/7/25,0.73,69.3
SMI_COB,-74.5153,42.6638,997,6/8/25,0.88,64.4
SMI_COB,-74.5153,42.6638,997,6/9/25,0.05,66.4
SMI_COB,-74.5153,42.6638,997,6/10/25,0.29,64.6
SMI_COB,-74.5153,42.6638,997,6/11/25,0.17,64.4
SMI_COB,-74.5153,42.6638,997,6/12/25,0,68.3
SMI_COB,-74.5153,42.6638,997,6/13/25,0,62.9
SMI_COB,-74.5153,42.6638,997,6/14/25,0.06,62.7
SMI_COB,-74.5153,42.6638,997,6/15/25,0,57
SMI_COB,-74.5153,42.6638,997,6/16/25,0,62.6
SMI_COB,-74.5153,42.6638,997,6/17/25,0.08,65.4
SMI_COB,-74.5153,42.6638,997,6/18/25,0.31,64.8
SMI_COB,-74.5153,42.6638,997,6/19/25,0.05,73.5
SMI_COB,-74.5153,42.6638,997,6/20/25,0.12,72.3
SMI_COB,-74.5153,42.6638,997,6/21/25,0,65.7
SMI_COB,-74.5153,42.6638,997,6/22/25,0.34,74.5
SMI_COB,-74.5153,42.6638,997,6/23/25,0,74.9
SMI_COB,-74.5153,42.6638,997,6/24/25,0,81
SMI_COB,-74.5153,42.6638,997,6/25/25,0,81.6
SMI_COB,-74.5153,42.6638,997,6/26/25,0,75.6
SMI_COB,-74.5153,42.6638,997,6/27/25,0.16,63.4
SMI_COB,-74.5153,42.6638,997,6/28/25,0,64.8
SMI_COB,-74.5153,42.6638,997,6/29/25,0.07,71.6
SMI_COB,-74.5153,42.6638,997,6/30/25,0,66.7
,,,,,,
SMI_CON_1,-74.5775,42.8264,932,1/1/25,0.46,40.1
SMI_CON_1,-74.5775,42.8264,932,1/2/25,0.04,34.8
SMI_CON_1,-74.5775,42.8264,932,1/3/25,0.12,29.1
SMI_CON_1,-74.5775,42.8264,932,1/4/25,0.09,23.9
SMI_CON_1,-74.5775,42.8264,932,1/5/25,0.01,20.5
SMI_CON_1,-74.5775,42.8264,932,1/6/25,0.01,20.4
SMI_CON_1,-74.5775,42.8264,932,1/7/25,0,12.5
SMI_CON_1,-74.5775,42.8264,932,1/8/25,0.02,17.2
SMI_CON_1,-74.5775,42.8264,932,1/9/25,0,15
SMI_CON_1,-74.5775,42.8264,932,1/10/25,0,18.3
SMI_CON_1,-74.5775,42.8264,932,1/11/25,0.06,22
SMI_CON_1,-74.5775,42.8264,932,1/12/25,0,22
SMI_CON_1,-74.5775,42.8264,932,1/13/25,0,26.8
SMI_CON_1,-74.5775,42.8264,932,1/14/25,0.04,25.8
SMI_CON_1,-74.5775,42.8264,932,1/15/25,0,18.4
SMI_CON_1,-74.5775,42.8264,932,1/16/25,0,18
SMI_CON_1,-74.5775,42.8264,932,1/17/25,0.01,20.3
SMI_CON_1,-74.5775,42.8264,932,1/18/25,0.01,27.2
SMI_CON_1,-74.5775,42.8264,932,1/19/25,0.04,32.5
SMI_CON_1,-74.5775,42.8264,932,1/20/25,0.14,15
SMI_CON_1,-74.5775,42.8264,932,1/21/25,0,7.6
SMI_CON_1,-74.5775,42.8264,932,1/22/25,0,2.2
SMI_CON_1,-74.5775,42.8264,932,1/23/25,0,2.5
SMI_CON_1,-74.5775,42.8264,932,1/24/25,0.01,17.7
SMI_CON_1,-74.5775,42.8264,932,1/25/25,0,14.5
SMI_CON_1,-74.5775,42.8264,932,1/26/25,0,17.9
SMI_CON_1,-74.5775,42.8264,932,1/27/25,0,26.1
SMI_CON_1,-74.5775,42.8264,932,1/28/25,0.03,28.3
SMI_CON_1,-74.5775,42.8264,932,1/29/25,0.2,21.7
SMI_CON_1,-74.5775,42.8264,932,1/30/25,0.11,24.4
SMI_CON_1,-74.5775,42.8264,932,1/31/25,0,19.8
SMI_CON_1,-74.5775,42.8264,932,2/1/25,0.35,25.2
SMI_CON_1,-74.5775,42.8264,932,2/2/25,0,5
SMI_CON_1,-74.5775,42.8264,932,2/3/25,0.15,9.3
SMI_CON_1,-74.5775,42.8264,932,2/4/25,0.06,31.7
SMI_CON_1,-74.5775,42.8264,932,2/5/25,0.02,20.3
SMI_CON_1,-74.5775,42.8264,932,2/6/25,0,12.7
SMI_CON_1,-74.5775,42.8264,932,2/7/25,0.16,24
SMI_CON_1,-74.5775,42.8264,932,2/8/25,0.01,20.9
SMI_CON_1,-74.5775,42.8264,932,2/9/25,0.35,22.3
SMI_CON_1,-74.5775,42.8264,932,2/10/25,0,25.4
SMI_CON_1,-74.5775,42.8264,932,2/11/25,0,18.4
SMI_CON_1,-74.5775,42.8264,932,2/12/25,0,16.2
SMI_CON_1,-74.5775,42.8264,932,2/13/25,0.02,18
SMI_CON_1,-74.5775,42.8264,932,2/14/25,0.18,29.3
SMI_CON_1,-74.5775,42.8264,932,2/15/25,0.05,18.2
SMI_CON_1,-74.5775,42.8264,932,2/16/25,0.29,19.3
SMI_CON_1,-74.5775,42.8264,932,2/17/25,0.66,24.1
SMI_CON_1,-74.5775,42.8264,932,2/18/25,0.02,15.2
SMI_CON_1,-74.5775,42.8264,932,2/19/25,0,12.3
SMI_CON_1,-74.5775,42.8264,932,2/20/25,0,11.2
SMI_CON_1,-74.5775,42.8264,932,2/21/25,0,11.7
SMI_CON_1,-74.5775,42.8264,932,2/22/25,0,15
SMI_CON_1,-74.5775,42.8264,932,2/23/25,0,25.6
SMI_CON_1,-74.5775,42.8264,932,2/24/25,0,27.9
SMI_CON_1,-74.5775,42.8264,932,2/25/25,0,36.9
SMI_CON_1,-74.5775,42.8264,932,2/26/25,0.19,39.5
SMI_CON_1,-74.5775,42.8264,932,2/27/25,0.08,34.5
SMI_CON_1,-74.5775,42.8264,932,2/28/25,0.1,36.9
SMI_CON_1,-74.5775,42.8264,932,3/1/25,0,35.2
SMI_CON_1,-74.5775,42.8264,932,3/2/25,0.07,25.2
SMI_CON_1,-74.5775,42.8264,932,3/3/25,0,10.4
SMI_CON_1,-74.5775,42.8264,932,3/4/25,0,18.1
SMI_CON_1,-74.5775,42.8264,932,3/5/25,0,33.3
SMI_CON_1,-74.5775,42.8264,932,3/6/25,0.4,42.3
SMI_CON_1,-74.5775,42.8264,932,3/7/25,0.01,32.3
SMI_CON_1,-74.5775,42.8264,932,3/8/25,0.05,29.2
SMI_CON_1,-74.5775,42.8264,932,3/9/25,0,26.2
SMI_CON_1,-74.5775,42.8264,932,3/10/25,0,33.2
SMI_CON_1,-74.5775,42.8264,932,3/11/25,0,40.3
SMI_CON_1,-74.5775,42.8264,932,3/12/25,0,46.2
SMI_CON_1,-74.5775,42.8264,932,3/13/25,0,32.9
SMI_CON_1,-74.5775,42.8264,932,3/14/25,0,39.9
SMI_CON_1,-74.5775,42.8264,932,3/15/25,0,45.3
SMI_CON_1,-74.5775,42.8264,932,3/16/25,0,51.6
SMI_CON_1,-74.5775,42.8264,932,3/17/25,0.55,54.2
SMI_CON_1,-74.5775,42.8264,932,3/18/25,0.04,31.6
SMI_CON_1,-74.5775,42.8264,932,3/19/25,0,40
SMI_CON_1,-74.5775,42.8264,932,3/20/25,0,53.7
SMI_CON_1,-74.5775,42.8264,932,3/21/25,0.4,49.2
SMI_CON_1,-74.5775,42.8264,932,3/22/25,0,31.7
SMI_CON_1,-74.5775,42.8264,932,3/23/25,0.03,35.9
SMI_CON_1,-74.5775,42.8264,932,3/24/25,0.01,27.1
SMI_CON_1,-74.5775,42.8264,932,3/25/25,0.1,38.8
SMI_CON_1,-74.5775,42.8264,932,3/26/25,0,32.6
SMI_CON_1,-74.5775,42.8264,932,3/27/25,0,32.1
SMI_CON_1,-74.5775,42.8264,932,3/28/25,0.05,35.4
SMI_CON_1,-74.5775,42.8264,932,3/29/25,0.16,41.7
SMI_CON_1,-74.5775,42.8264,932,3/30/25,0.18,35.9
SMI_CON_1,-74.5775,42.8264,932,3/31/25,0.08,41.3
SMI_CON_1,-74.5775,42.8264,932,4/1/25,0.01,51.7
SMI_CON_1,-74.5775,42.8264,932,4/2/25,0,32.6
SMI_CON_1,-74.5775,42.8264,932,4/3/25,0.75,34.7
SMI_CON_1,-74.5775,42.8264,932,4/4/25,0.03,55.4
SMI_CON_1,-74.5775,42.8264,932,4/5/25,0,45.3
SMI_CON_1,-74.5775,42.8264,932,4/6/25,0.51,41.7
SMI_CON_1,-74.5775,42.8264,932,4/7/25,0.01,38.2
SMI_CON_1,-74.5775,42.8264,932,4/8/25,0.04,32.8
SMI_CON_1,-74.5775,42.8264,932,4/9/25,0,25.5
SMI_CON_1,-74.5775,42.8264,932,4/10/25,0,29.9
SMI_CON_1,-74.5775,42.8264,932,4/11/25,0.08,37.3
SMI_CON_1,-74.5775,42.8264,932,4/12/25,0.25,40
SMI_CON_1,-74.5775,42.8264,932,4/13/25,0.13,36.6
SMI_CON_1,-74.5775,42.8264,932,4/14/25,0,45.5
SMI_CON_1,-74.5775,42.8264,932,4/15/25,0.07,52.3
SMI_CON_1,-74.5775,42.8264,932,4/16/25,0.04,46.8
SMI_CON_1,-74.5775,42.8264,932,4/17/25,0,34.9
SMI_CON_1,-74.5775,42.8264,932,4/18/25,0,39.4
SMI_CON_1,-74.5775,42.8264,932,4/19/25,0,53.4
SMI_CON_1,-74.5775,42.8264,932,4/20/25,0.16,58.2
SMI_CON_1,-74.5775,42.8264,932,4/21/25,0,41.9
SMI_CON_1,-74.5775,42.8264,932,4/22/25,0.08,49.3
SMI_CON_1,-74.5775,42.8264,932,4/23/25,0,50.5
SMI_CON_1,-74.5775,42.8264,932,4/24/25,0,52.1
SMI_CON_1,-74.5775,42.8264,932,4/25/25,0,61.2
SMI_CON_1,-74.5775,42.8264,932,4/26/25,0.26,63.7
SMI_CON_1,-74.5775,42.8264,932,4/27/25,0.36,51.8
SMI_CON_1,-74.5775,42.8264,932,4/28/25,0.02,46.6
SMI_CON_1,-74.5775,42.8264,932,4/29/25,0,56.8
SMI_CON_1,-74.5775,42.8264,932,4/30/25,0.78,63.1
SMI_CON_1,-74.5775,42.8264,932,5/1/25,0,46.8
SMI_CON_1,-74.5775,42.8264,932,5/2/25,0.09,57.6
SMI_CON_1,-74.5775,42.8264,932,5/3/25,0.04,64.6
SMI_CON_1,-74.5775,42.8264,932,5/4/25,0.18,56.6
SMI_CON_1,-74.5775,42.8264,932,5/5/25,0.55,54.6
SMI_CON_1,-74.5775,42.8264,932,5/6/25,0.22,57
SMI_CON_1,-74.5775,42.8264,932,5/7/25,0.52,59.2
SMI_CON_1,-74.5775,42.8264,932,5/8/25,0,57.3
SMI_CON_1,-74.5775,42.8264,932,5/9/25,0.14,51.3
SMI_CON_1,-74.5775,42.8264,932,5/10/25,1.06,46.8
SMI_CON_1,-74.5775,42.8264,932,5/11/25,0,53.4
SMI_CON_1,-74.5775,42.8264,932,5/12/25,0,50.3
SMI_CON_1,-74.5775,42.8264,932,5/13/25,0,63.9
SMI_CON_1,-74.5775,42.8264,932,5/14/25,0,67.5
SMI_CON_1,-74.5775,42.8264,932,5/15/25,0.03,63.2
SMI_CON_1,-74.5775,42.8264,932,5/16/25,0.16,67.1
SMI_CON_1,-74.5775,42.8264,932,5/17/25,0.03,71.2
SMI_CON_1,-74.5775,42.8264,932,5/18/25,0.22,66.7
SMI_CON_1,-74.5775,42.8264,932,5/19/25,0.06,50.3
SMI_CON_1,-74.5775,42.8264,932,5/20/25,0,44.5
SMI_CON_1,-74.5775,42.8264,932,5/21/25,0,49
SMI_CON_1,-74.5775,42.8264,932,5/22/25,0.32,47.9
SMI_CON_1,-74.5775,42.8264,932,5/23/25,0.14,44.6
SMI_CON_1,-74.5775,42.8264,932,5/24/25,0.24,46.3
SMI_CON_1,-74.5775,42.8264,932,5/25/25,0.04,51.2
SMI_CON_1,-74.5775,42.8264,932,5/26/25,0.06,51.4
SMI_CON_1,-74.5775,42.8264,932,5/27/25,0.15,55.7
SMI_CON_1,-74.5775,42.8264,932,5/28/25,0,60.4
SMI_CON_1,-74.5775,42.8264,932,5/29/25,0.05,63.7
SMI_CON_1,-74.5775,42.8264,932,5/30/25,0,58.8
SMI_CON_1,-74.5775,42.8264,932,5/31/25,0.52,62
SMI_CON_1,-74.5775,42.8264,932,6/1/25,0.62,50.3
SMI_CON_1,-74.5775,42.8264,932,6/2/25,0.02,51.1
SMI_CON_1,-74.5775,42.8264,932,6/3/25,0,54.6
SMI_CON_1,-74.5775,42.8264,932,6/4/25,0,65
SMI_CON_1,-74.5775,42.8264,932,6/5/25,0,74.9
SMI_CON_1,-74.5775,42.8264,932,6/6/25,0.23,74.9
SMI_CON_1,-74.5775,42.8264,932,6/7/25,1.57,68.1
SMI_CON_1,-74.5775,42.8264,932,6/8/25,0.74,64.9
SMI_CON_1,-74.5775,42.8264,932,6/9/25,0.13,66.3
SMI_CON_1,-74.5775,42.8264,932,6/10/25,0.41,64
SMI_CON_1,-74.5775,42.8264,932,6/11/25,0.07,64.1
SMI_CON_1,-74.5775,42.8264,932,6/12/25,0,68.3
SMI_CON_1,-74.5775,42.8264,932,6/13/25,0,62
SMI_CON_1,-74.5775,42.8264,932,6/14/25,0.21,62.2
SMI_CON_1,-74.5775,42.8264,932,6/15/25,0,57.5
SMI_CON_1,-74.5775,42.8264,932,6/16/25,0,63.1
SMI_CON_1,-74.5775,42.8264,932,6/17/25,0.06,65.6
SMI_CON_1,-74.5775,42.8264,932,6/18/25,0.05,64.1
SMI_CON_1,-74.5775,42.8264,932,6/19/25,0.06,74.1
SMI_CON_1,-74.5775,42.8264,932,6/20/25,0.21,72.3
SMI_CON_1,-74.5775,42.8264,932,6/21/25,0,64.7
SMI_CON_1,-74.5775,42.8264,932,6/22/25,0.3,74.1
SMI_CON_1,-74.5775,42.8264,932,6/23/25,0,74.8
SMI_CON_1,-74.5775,42.8264,932,6/24/25,0,81.3
SMI_CON_1,-74.5775,42.8264,932,6/25/25,0,82
SMI_CON_1,-74.5775,42.8264,932,6/26/25,0,75.9
SMI_CON_1,-74.5775,42.8264,932,6/27/25,0.32,63.4
SMI_CON_1,-74.5775,42.8264,932,6/28/25,0.1,64.2
SMI_CON_1,-74.5775,42.8264,932,6/29/25,0,71.8
SMI_CON_1,-74.5775,42.8264,932,6/30/25,0,65.4
,,,,,,
SMI_CON_2,-74.6135,42.8393,705,1/1/25,0.46,40.6
SMI_CON_2,-74.6135,42.8393,705,1/2/25,0.04,35.9
SMI_CON_2,-74.6135,42.8393,705,1/3/25,0.13,30.1
SMI_CON_2,-74.6135,42.8393,705,1/4/25,0.08,25.2
SMI_CON_2,-74.6135,42.8393,705,1/5/25,0,21.8
SMI_CON_2,-74.6135,42.8393,705,1/6/25,0.01,21.7
SMI_CON_2,-74.6135,42.8393,705,1/7/25,0,13.3
SMI_CON_2,-74.6135,42.8393,705,1/8/25,0.01,18.4
SMI_CON_2,-74.6135,42.8393,705,1/9/25,0,16.2
SMI_CON_2,-74.6135,42.8393,705,1/10/25,0,19.6
SMI_CON_2,-74.6135,42.8393,705,1/11/25,0.06,23.4
SMI_CON_2,-74.6135,42.8393,705,1/12/25,0,22.7
SMI_CON_2,-74.6135,42.8393,705,1/13/25,0,27.5
SMI_CON_2,-74.6135,42.8393,705,1/14/25,0.04,26.9
SMI_CON_2,-74.6135,42.8393,705,1/15/25,0,19.7
SMI_CON_2,-74.6135,42.8393,705,1/16/25,0.01,19.2
SMI_CON_2,-74.6135,42.8393,705,1/17/25,0.02,21.2
SMI_CON_2,-74.6135,42.8393,705,1/18/25,0,28
SMI_CON_2,-74.6135,42.8393,705,1/19/25,0.05,33.7
SMI_CON_2,-74.6135,42.8393,705,1/20/25,0.13,15.7
SMI_CON_2,-74.6135,42.8393,705,1/21/25,0,8.7
SMI_CON_2,-74.6135,42.8393,705,1/22/25,0,2.6
SMI_CON_2,-74.6135,42.8393,705,1/23/25,0,3
SMI_CON_2,-74.6135,42.8393,705,1/24/25,0.01,18.3
SMI_CON_2,-74.6135,42.8393,705,1/25/25,0,15.1
SMI_CON_2,-74.6135,42.8393,705,1/26/25,0,18.8
SMI_CON_2,-74.6135,42.8393,705,1/27/25,0,26.2
SMI_CON_2,-74.6135,42.8393,705,1/28/25,0.04,29.4
SMI_CON_2,-74.6135,42.8393,705,1/29/25,0.2,21.9
SMI_CON_2,-74.6135,42.8393,705,1/30/25,0.11,26
SMI_CON_2,-74.6135,42.8393,705,1/31/25,0,21
SMI_CON_2,-74.6135,42.8393,705,2/1/25,0.34,25.3
SMI_CON_2,-74.6135,42.8393,705,2/2/25,0,5.5
SMI_CON_2,-74.6135,42.8393,705,2/3/25,0.15,9.3
SMI_CON_2,-74.6135,42.8393,705,2/4/25,0.08,31.5
SMI_CON_2,-74.6135,42.8393,705,2/5/25,0,21.5
SMI_CON_2,-74.6135,42.8393,705,2/6/25,0,13.3
SMI_CON_2,-74.6135,42.8393,705,2/7/25,0.16,24.4
SMI_CON_2,-74.6135,42.8393,705,2/8/25,0.01,21.1
SMI_CON_2,-74.6135,42.8393,705,2/9/25,0.33,23.1
SMI_CON_2,-74.6135,42.8393,705,2/10/25,0,25.9
SMI_CON_2,-74.6135,42.8393,705,2/11/25,0,19.3
SMI_CON_2,-74.6135,42.8393,705,2/12/25,0,16.9
SMI_CON_2,-74.6135,42.8393,705,2/13/25,0.01,18.2
SMI_CON_2,-74.6135,42.8393,705,2/14/25,0.17,30.4
SMI_CON_2,-74.6135,42.8393,705,2/15/25,0.03,18.6
SMI_CON_2,-74.6135,42.8393,705,2/16/25,0.29,19.5
SMI_CON_2,-74.6135,42.8393,705,2/17/25,0.68,24.8
SMI_CON_2,-74.6135,42.8393,705,2/18/25,0.01,16.4
SMI_CON_2,-74.6135,42.8393,705,2/19/25,0,13.3
SMI_CON_2,-74.6135,42.8393,705,2/20/25,0,12
SMI_CON_2,-74.6135,42.8393,705,2/21/25,0,12.4
SMI_CON_2,-74.6135,42.8393,705,2/22/25,0,16
SMI_CON_2,-74.6135,42.8393,705,2/23/25,0,27
SMI_CON_2,-74.6135,42.8393,705,2/24/25,0,28.9
SMI_CON_2,-74.6135,42.8393,705,2/25/25,0,37.6
SMI_CON_2,-74.6135,42.8393,705,2/26/25,0.18,40.1
SMI_CON_2,-74.6135,42.8393,705,2/27/25,0.07,35
SMI_CON_2,-74.6135,42.8393,705,2/28/25,0.11,37.7
SMI_CON_2,-74.6135,42.8393,705,3/1/25,0,36
SMI_CON_2,-74.6135,42.8393,705,3/2/25,0.07,25.9
SMI_CON_2,-74.6135,42.8393,705,3/3/25,0,11.2
SMI_CON_2,-74.6135,42.8393,705,3/4/25,0,18.8
SMI_CON_2,-74.6135,42.8393,705,3/5/25,0,33.1
SMI_CON_2,-74.6135,42.8393,705,3/6/25,0.43,42.9
SMI_CON_2,-74.6135,42.8393,705,3/7/25,0,33.2
SMI_CON_2,-74.6135,42.8393,705,3/8/25,0.05,29.9
SMI_CON_2,-74.6135,42.8393,705,3/9/25,0,27.1
SMI_CON_2,-74.6135,42.8393,705,3/10/25,0,33.9
SMI_CON_2,-74.6135,42.8393,705,3/11/25,0,41.2
SMI_CON_2,-74.6135,42.8393,705,3/12/25,0,47.1
SMI_CON_2,-74.6135,42.8393,705,3/13/25,0,33.8
SMI_CON_2,-74.6135,42.8393,705,3/14/25,0,40.8
SMI_CON_2,-74.6135,42.8393,705,3/15/25,0,46.1
SMI_CON_2,-74.6135,42.8393,705,3/16/25,0,52.7
SMI_CON_2,-74.6135,42.8393,705,3/17/25,0.48,54.9
SMI_CON_2,-74.6135,42.8393,705,3/18/25,0.04,32.4
SMI_CON_2,-74.6135,42.8393,705,3/19/25,0,41
SMI_CON_2,-74.6135,42.8393,705,3/20/25,0,54.6
SMI_CON_2,-74.6135,42.8393,705,3/21/25,0.31,50.1
SMI_CON_2,-74.6135,42.8393,705,3/22/25,0,32.4
SMI_CON_2,-74.6135,42.8393,705,3/23/25,0.03,36.8
SMI_CON_2,-74.6135,42.8393,705,3/24/25,0.01,27.9
SMI_CON_2,-74.6135,42.8393,705,3/25/25,0.09,39.6
SMI_CON_2,-74.6135,42.8393,705,3/26/25,0,33.7
SMI_CON_2,-74.6135,42.8393,705,3/27/25,0,33
SMI_CON_2,-74.6135,42.8393,705,3/28/25,0.04,36.4
SMI_CON_2,-74.6135,42.8393,705,3/29/25,0.17,42.6
SMI_CON_2,-74.6135,42.8393,705,3/30/25,0.18,37.3
SMI_CON_2,-74.6135,42.8393,705,3/31/25,0.07,42
SMI_CON_2,-74.6135,42.8393,705,4/1/25,0.01,52.7
SMI_CON_2,-74.6135,42.8393,705,4/2/25,0,33.1
SMI_CON_2,-74.6135,42.8393,705,4/3/25,0.84,35
SMI_CON_2,-74.6135,42.8393,705,4/4/25,0.02,56.3
SMI_CON_2,-74.6135,42.8393,705,4/5/25,0,45.4
SMI_CON_2,-74.6135,42.8393,705,4/6/25,0.51,42
SMI_CON_2,-74.6135,42.8393,705,4/7/25,0,38.9
SMI_CON_2,-74.6135,42.8393,705,4/8/25,0.05,33.7
SMI_CON_2,-74.6135,42.8393,705,4/9/25,0,26.9
SMI_CON_2,-74.6135,42.8393,705,4/10/25,0,30.3
SMI_CON_2,-74.6135,42.8393,705,4/11/25,0.07,37.7
SMI_CON_2,-74.6135,42.8393,705,4/12/25,0.24,40.8
SMI_CON_2,-74.6135,42.8393,705,4/13/25,0.14,37.3
SMI_CON_2,-74.6135,42.8393,705,4/14/25,0,46.1
SMI_CON_2,-74.6135,42.8393,705,4/15/25,0.07,53.3
SMI_CON_2,-74.6135,42.8393,705,4/16/25,0.04,47.9
SMI_CON_2,-74.6135,42.8393,705,4/17/25,0,35.8
SMI_CON_2,-74.6135,42.8393,705,4/18/25,0,39.3
SMI_CON_2,-74.6135,42.8393,705,4/19/25,0,53.7
SMI_CON_2,-74.6135,42.8393,705,4/20/25,0.22,59.7
SMI_CON_2,-74.6135,42.8393,705,4/21/25,0,42
SMI_CON_2,-74.6135,42.8393,705,4/22/25,0.08,49.6
SMI_CON_2,-74.6135,42.8393,705,4/23/25,0,51
SMI_CON_2,-74.6135,42.8393,705,4/24/25,0,52.6
SMI_CON_2,-74.6135,42.8393,705,4/25/25,0,62
SMI_CON_2,-74.6135,42.8393,705,4/26/25,0.28,64.4
SMI_CON_2,-74.6135,42.8393,705,4/27/25,0.36,52.7
SMI_CON_2,-74.6135,42.8393,705,4/28/25,0.02,47.4
SMI_CON_2,-74.6135,42.8393,705,4/29/25,0,57.3
SMI_CON_2,-74.6135,42.8393,705,4/30/25,0.89,64.4
SMI_CON_2,-74.6135,42.8393,705,5/1/25,0,46.9
SMI_CON_2,-74.6135,42.8393,705,5/2/25,0.1,58.2
SMI_CON_2,-74.6135,42.8393,705,5/3/25,0.02,65.5
SMI_CON_2,-74.6135,42.8393,705,5/4/25,0.19,57
SMI_CON_2,-74.6135,42.8393,705,5/5/25,0.57,55.1
SMI_CON_2,-74.6135,42.8393,705,5/6/25,0.19,57.4
SMI_CON_2,-74.6135,42.8393,705,5/7/25,0.45,60.1
SMI_CON_2,-74.6135,42.8393,705,5/8/25,0,58
SMI_CON_2,-74.6135,42.8393,705,5/9/25,0.11,52.1
SMI_CON_2,-74.6135,42.8393,705,5/10/25,0.96,47.5
SMI_CON_2,-74.6135,42.8393,705,5/11/25,0,54.3
SMI_CON_2,-74.6135,42.8393,705,5/12/25,0,50.8
SMI_CON_2,-74.6135,42.8393,705,5/13/25,0,64.3
SMI_CON_2,-74.6135,42.8393,705,5/14/25,0,68.1
SMI_CON_2,-74.6135,42.8393,705,5/15/25,0.02,64
SMI_CON_2,-74.6135,42.8393,705,5/16/25,0.07,67.5
SMI_CON_2,-74.6135,42.8393,705,5/17/25,0,72.2
SMI_CON_2,-74.6135,42.8393,705,5/18/25,0.22,67.5
SMI_CON_2,-74.6135,42.8393,705,5/19/25,0.05,51.3
SMI_CON_2,-74.6135,42.8393,705,5/20/25,0,45.1
SMI_CON_2,-74.6135,42.8393,705,5/21/25,0,49.9
SMI_CON_2,-74.6135,42.8393,705,5/22/25,0.34,48.4
SMI_CON_2,-74.6135,42.8393,705,5/23/25,0.15,45.2
SMI_CON_2,-74.6135,42.8393,705,5/24/25,0.25,46.8
SMI_CON_2,-74.6135,42.8393,705,5/25/25,0.03,52.1
SMI_CON_2,-74.6135,42.8393,705,5/26/25,0.08,52.1
SMI_CON_2,-74.6135,42.8393,705,5/27/25,0.17,56.2
SMI_CON_2,-74.6135,42.8393,705,5/28/25,0,60.7
SMI_CON_2,-74.6135,42.8393,705,5/29/25,0.05,64.5
SMI_CON_2,-74.6135,42.8393,705,5/30/25,0,59.4
SMI_CON_2,-74.6135,42.8393,705,5/31/25,0.44,62.8
SMI_CON_2,-74.6135,42.8393,705,6/1/25,0.5,51.2
SMI_CON_2,-74.6135,42.8393,705,6/2/25,0.02,52.2
SMI_CON_2,-74.6135,42.8393,705,6/3/25,0,55.2
SMI_CON_2,-74.6135,42.8393,705,6/4/25,0,65
SMI_CON_2,-74.6135,42.8393,705,6/5/25,0,75.2
SMI_CON_2,-74.6135,42.8393,705,6/6/25,0.19,75.8
SMI_CON_2,-74.6135,42.8393,705,6/7/25,1.71,68.6
SMI_CON_2,-74.6135,42.8393,705,6/8/25,0.76,65.9
SMI_CON_2,-74.6135,42.8393,705,6/9/25,0.15,67.1
SMI_CON_2,-74.6135,42.8393,705,6/10/25,0.42,64.4
SMI_CON_2,-74.6135,42.8393,705,6/11/25,0.06,64.7
SMI_CON_2,-74.6135,42.8393,705,6/12/25,0,68.8
SMI_CON_2,-74.6135,42.8393,705,6/13/25,0,62.6
SMI_CON_2,-74.6135,42.8393,705,6/14/25,0.21,62.9
SMI_CON_2,-74.6135,42.8393,705,6/15/25,0,58.3
SMI_CON_2,-74.6135,42.8393,705,6/16/25,0,63.7
SMI_CON_2,-74.6135,42.8393,705,6/17/25,0.06,65.9
SMI_CON_2,-74.6135,42.8393,705,6/18/25,0.03,64.4
SMI_CON_2,-74.6135,42.8393,705,6/19/25,0.07,74.7
SMI_CON_2,-74.6135,42.8393,705,6/20/25,0.26,73.5
SMI_CON_2,-74.6135,42.8393,705,6/21/25,0,65.2
SMI_CON_2,-74.6135,42.8393,705,6/22/25,0.39,74.7
SMI_CON_2,-74.6135,42.8393,705,6/23/25,0,75.6
SMI_CON_2,-74.6135,42.8393,705,6/24/25,0,82.3
SMI_CON_2,-74.6135,42.8393,705,6/25/25,0,82.7
SMI_CON_2,-74.6135,42.8393,705,6/26/25,0,76.8
SMI_CON_2,-74.6135,42.8393,705,6/27/25,0.33,64.2
SMI_CON_2,-74.6135,42.8393,705,6/28/25,0.12,64.6
SMI_CON_2,-74.6135,42.8393,705,6/29/25,0.03,72.5
SMI_CON_2,-74.6135,42.8393,705,6/30/25,0,65.9
,,,,,,
SMI_DOU,-74.8352,43.053,994,1/1/25,0.62,38.2
SMI_DOU,-74.8352,43.053,994,1/2/25,0.06,31.3
SMI_DOU,-74.8352,43.053,994,1/3/25,0.84,27.7
SMI_DOU,-74.8352,43.053,994,1/4/25,0,21.2
SMI_DOU,-74.8352,43.053,994,1/5/25,0.06,18.5
SMI_DOU,-74.8352,43.053,994,1/6/25,0,16.8
SMI_DOU,-74.8352,43.053,994,1/7/25,0,10.4
SMI_DOU,-74.8352,43.053,994,1/8/25,0.02,15
SMI_DOU,-74.8352,43.053,994,1/9/25,0.02,13
SMI_DOU,-74.8352,43.053,994,1/10/25,0,16.2
SMI_DOU,-74.8352,43.053,994,1/11/25,0.06,19
SMI_DOU,-74.8352,43.053,994,1/12/25,0,21.6
SMI_DOU,-74.8352,43.053,994,1/13/25,0,25.5
SMI_DOU,-74.8352,43.053,994,1/14/25,0.06,24.5
SMI_DOU,-74.8352,43.053,994,1/15/25,0,16.5
SMI_DOU,-74.8352,43.053,994,1/16/25,0.01,16.7
SMI_DOU,-74.8352,43.053,994,1/17/25,0.03,20.1
SMI_DOU,-74.8352,43.053,994,1/18/25,0,26.4
SMI_DOU,-74.8352,43.053,994,1/19/25,0.1,29.9
SMI_DOU,-74.8352,43.053,994,1/20/25,0.01,13.9
SMI_DOU,-74.8352,43.053,994,1/21/25,0,6.3
SMI_DOU,-74.8352,43.053,994,1/22/25,0,0
SMI_DOU,-74.8352,43.053,994,1/23/25,0,1.1
SMI_DOU,-74.8352,43.053,994,1/24/25,0.02,16.3
SMI_DOU,-74.8352,43.053,994,1/25/25,0.01,12.3
SMI_DOU,-74.8352,43.053,994,1/26/25,0,15.9
SMI_DOU,-74.8352,43.053,994,1/27/25,0.02,24.2
SMI_DOU,-74.8352,43.053,994,1/28/25,0.07,26.9
SMI_DOU,-74.8352,43.053,994,1/29/25,0.24,19.6
SMI_DOU,-74.8352,43.053,994,1/30/25,0.11,20.5
SMI_DOU,-74.8352,43.053,994,1/31/25,0,17.6
SMI_DOU,-74.8352,43.053,994,2/1/25,0.37,22.5
SMI_DOU,-74.8352,43.053,994,2/2/25,0,3.3
SMI_DOU,-74.8352,43.053,994,2/3/25,0.12,8.1
SMI_DOU,-74.8352,43.053,994,2/4/25,0.15,29.5
SMI_DOU,-74.8352,43.053,994,2/5/25,0,17.4
SMI_DOU,-74.8352,43.053,994,2/6/25,0,11.1
SMI_DOU,-74.8352,43.053,994,2/7/25,0.17,22.2
SMI_DOU,-74.8352,43.053,994,2/8/25,0,21.7
SMI_DOU,-74.8352,43.053,994,2/9/25,0.47,22.7
SMI_DOU,-74.8352,43.053,994,2/10/25,0,24.4
SMI_DOU,-74.8352,43.053,994,2/11/25,0.02,17.3
SMI_DOU,-74.8352,43.053,994,2/12/25,0,14.9
SMI_DOU,-74.8352,43.053,994,2/13/25,0.05,16.1
SMI_DOU,-74.8352,43.053,994,2/14/25,0.32,26.2
SMI_DOU,-74.8352,43.053,994,2/15/25,0,18.2
SMI_DOU,-74.8352,43.053,994,2/16/25,0.3,19.8
SMI_DOU,-74.8352,43.053,994,2/17/25,0.91,22.7
SMI_DOU,-74.8352,43.053,994,2/18/25,0,13.4
SMI_DOU,-74.8352,43.053,994,2/19/25,0,10.2
SMI_DOU,-74.8352,43.053,994,2/20/25,0,8.5
SMI_DOU,-74.8352,43.053,994,2/21/25,0,9.3
SMI_DOU,-74.8352,43.053,994,2/22/25,0,13.6
SMI_DOU,-74.8352,43.053,994,2/23/25,0,24
SMI_DOU,-74.8352,43.053,994,2/24/25,0.01,26.5
SMI_DOU,-74.8352,43.053,994,2/25/25,0,35.5
SMI_DOU,-74.8352,43.053,994,2/26/25,0.26,37.8
SMI_DOU,-74.8352,43.053,994,2/27/25,0.08,33.8
SMI_DOU,-74.8352,43.053,994,2/28/25,0.14,34.5
SMI_DOU,-74.8352,43.053,994,3/1/25,0.04,31.8
SMI_DOU,-74.8352,43.053,994,3/2/25,0.01,21.6
SMI_DOU,-74.8352,43.053,994,3/3/25,0,8.8
SMI_DOU,-74.8352,43.053,994,3/4/25,0,15.3
SMI_DOU,-74.8352,43.053,994,3/5/25,0,28.4
SMI_DOU,-74.8352,43.053,994,3/6/25,0.41,38.1
SMI_DOU,-74.8352,43.053,994,3/7/25,0,30.8
SMI_DOU,-74.8352,43.053,994,3/8/25,0.02,28.2
SMI_DOU,-74.8352,43.053,994,3/9/25,0,26.2
SMI_DOU,-74.8352,43.053,994,3/10/25,0,31.1
SMI_DOU,-74.8352,43.053,994,3/11/25,0,38.2
SMI_DOU,-74.8352,43.053,994,3/12/25,0,44.1
SMI_DOU,-74.8352,43.053,994,3/13/25,0,31.2
SMI_DOU,-74.8352,43.053,994,3/14/25,0,37.6
SMI_DOU,-74.8352,43.053,994,3/15/25,0,43.2
SMI_DOU,-74.8352,43.053,994,3/16/25,0,48.4
SMI_DOU,-74.8352,43.053,994,3/17/25,0.3,51.8
SMI_DOU,-74.8352,43.053,994,3/18/25,0.01,29.9
SMI_DOU,-74.8352,43.053,994,3/19/25,0,38.4
SMI_DOU,-74.8352,43.053,994,3/20/25,0,52.6
SMI_DOU,-74.8352,43.053,994,3/21/25,0.17,49.1
SMI_DOU,-74.8352,43.053,994,3/22/25,0,31
SMI_DOU,-74.8352,43.053,994,3/23/25,0.05,33.9
SMI_DOU,-74.8352,43.053,994,3/24/25,0.03,26.5
SMI_DOU,-74.8352,43.053,994,3/25/25,0.09,37
SMI_DOU,-74.8352,43.053,994,3/26/25,0,31.3
SMI_DOU,-74.8352,43.053,994,3/27/25,0,31.1
SMI_DOU,-74.8352,43.053,994,3/28/25,0,34.4
SMI_DOU,-74.8352,43.053,994,3/29/25,0.19,41.8
SMI_DOU,-74.8352,43.053,994,3/30/25,0.34,36
SMI_DOU,-74.8352,43.053,994,3/31/25,0.06,39.6
SMI_DOU,-74.8352,43.053,994,4/1/25,0.03,50.1
SMI_DOU,-74.8352,43.053,994,4/2/25,0,33.2
SMI_DOU,-74.8352,43.053,994,4/3/25,1.22,32.8
SMI_DOU,-74.8352,43.053,994,4/4/25,0.04,53.8
SMI_DOU,-74.8352,43.053,994,4/5/25,0,45.2
SMI_DOU,-74.8352,43.053,994,4/6/25,0.52,41.1
SMI_DOU,-74.8352,43.053,994,4/7/25,0.01,38.7
SMI_DOU,-74.8352,43.053,994,4/8/25,0.03,33.6
SMI_DOU,-74.8352,43.053,994,4/9/25,0,24.6
SMI_DOU,-74.8352,43.053,994,4/10/25,0,29.2
SMI_DOU,-74.8352,43.053,994,4/11/25,0.14,36.5
SMI_DOU,-74.8352,43.053,994,4/12/25,0.18,39.8
SMI_DOU,-74.8352,43.053,994,4/13/25,0.15,38.3
SMI_DOU,-74.8352,43.053,994,4/14/25,0,44.6
SMI_DOU,-74.8352,43.053,994,4/15/25,0.04,51.6
SMI_DOU,-74.8352,43.053,994,4/16/25,0.02,45.4
SMI_DOU,-74.8352,43.053,994,4/17/25,0,34.4
SMI_DOU,-74.8352,43.053,994,4/18/25,0,39.2
SMI_DOU,-74.8352,43.053,994,4/19/25,0,53.5
SMI_DOU,-74.8352,43.053,994,4/20/25,0.34,55.3
SMI_DOU,-74.8352,43.053,994,4/21/25,0,42.5
SMI_DOU,-74.8352,43.053,994,4/22/25,0.18,47.2
SMI_DOU,-74.8352,43.053,994,4/23/25,0,48.5
SMI_DOU,-74.8352,43.053,994,4/24/25,0.01,51.7
SMI_DOU,-74.8352,43.053,994,4/25/25,0,61.2
SMI_DOU,-74.8352,43.053,994,4/26/25,0.59,63.7
SMI_DOU,-74.8352,43.053,994,4/27/25,0.14,50.6
SMI_DOU,-74.8352,43.053,994,4/28/25,0.02,46.1
SMI_DOU,-74.8352,43.053,994,4/29/25,0,56.4
SMI_DOU,-74.8352,43.053,994,4/30/25,0.78,62.8
SMI_DOU,-74.8352,43.053,994,5/1/25,0,45.5
SMI_DOU,-74.8352,43.053,994,5/2/25,0.26,56.1
SMI_DOU,-74.8352,43.053,994,5/3/25,0.11,63.9
SMI_DOU,-74.8352,43.053,994,5/4/25,0.28,55.5
SMI_DOU,-74.8352,43.053,994,5/5/25,0.5,54.5
SMI_DOU,-74.8352,43.053,994,5/6/25,0.1,57.7
SMI_DOU,-74.8352,43.053,994,5/7/25,0.61,58.7
SMI_DOU,-74.8352,43.053,994,5/8/25,0.06,55.1
SMI_DOU,-74.8352,43.053,994,5/9/25,0.13,51.6
SMI_DOU,-74.8352,43.053,994,5/10/25,0.93,46.8
SMI_DOU,-74.8352,43.053,994,5/11/25,0,52.5
SMI_DOU,-74.8352,43.053,994,5/12/25,0,50.6
SMI_DOU,-74.8352,43.053,994,5/13/25,0,64.3
SMI_DOU,-74.8352,43.053,994,5/14/25,0,66.6
SMI_DOU,-74.8352,43.053,994,5/15/25,0.01,64.1
SMI_DOU,-74.8352,43.053,994,5/16/25,0.03,66.8
SMI_DOU,-74.8352,43.053,994,5/17/25,0.02,70.7
SMI_DOU,-74.8352,43.053,994,5/18/25,0.51,65.4
SMI_DOU,-74.8352,43.053,994,5/19/25,0.06,48.8
SMI_DOU,-74.8352,43.053,994,5/20/25,0,44.5
SMI_DOU,-74.8352,43.053,994,5/21/25,0,48.9
SMI_DOU,-74.8352,43.053,994,5/22/25,0.31,47.8
SMI_DOU,-74.8352,43.053,994,5/23/25,0.25,44.5
SMI_DOU,-74.8352,43.053,994,5/24/25,0.3,45.9
SMI_DOU,-74.8352,43.053,994,5/25/25,0.09,50.1
SMI_DOU,-74.8352,43.053,994,5/26/25,0.21,50.7
SMI_DOU,-74.8352,43.053,994,5/27/25,0.12,54.7
SMI_DOU,-74.8352,43.053,994,5/28/25,0,60.1
SMI_DOU,-74.8352,43.053,994,5/29/25,0.05,63.7
SMI_DOU,-74.8352,43.053,994,5/30/25,0.04,57.6
SMI_DOU,-74.8352,43.053,994,5/31/25,0.19,61.6
SMI_DOU,-74.8352,43.053,994,6/1/25,0.2,49
SMI_DOU,-74.8352,43.053,994,6/2/25,0.02,50.2
SMI_DOU,-74.8352,43.053,994,6/3/25,0,53.8
SMI_DOU,-74.8352,43.053,994,6/4/25,0,64.5
SMI_DOU,-74.8352,43.053,994,6/5/25,0,73.5
SMI_DOU,-74.8352,43.053,994,6/6/25,0.05,74.6
SMI_DOU,-74.8352,43.053,994,6/7/25,1.27,66.4
SMI_DOU,-74.8352,43.053,994,6/8/25,0.24,63.6
SMI_DOU,-74.8352,43.053,994,6/9/25,0.34,65.3
SMI_DOU,-74.8352,43.053,994,6/10/25,0.63,62.3
SMI_DOU,-74.8352,43.053,994,6/11/25,0.13,62.3
SMI_DOU,-74.8352,43.053,994,6/12/25,0,66.1
SMI_DOU,-74.8352,43.053,994,6/13/25,0,60.5
SMI_DOU,-74.8352,43.053,994,6/14/25,0.15,62
SMI_DOU,-74.8352,43.053,994,6/15/25,0,57.3
SMI_DOU,-74.8352,43.053,994,6/16/25,0,62.9
SMI_DOU,-74.8352,43.053,994,6/17/25,0.04,65.9
SMI_DOU,-74.8352,43.053,994,6/18/25,0,63.1
SMI_DOU,-74.8352,43.053,994,6/19/25,0,73.7
SMI_DOU,-74.8352,43.053,994,6/20/25,0.11,71.4
SMI_DOU,-74.8352,43.053,994,6/21/25,0,62.6
SMI_DOU,-74.8352,43.053,994,6/22/25,0.76,72.3
SMI_DOU,-74.8352,43.053,994,6/23/25,0,73.6
SMI_DOU,-74.8352,43.053,994,6/24/25,0,80.2
SMI_DOU,-74.8352,43.053,994,6/25/25,0,80.4
SMI_DOU,-74.8352,43.053,994,6/26/25,0,75.4
SMI_DOU,-74.8352,43.053,994,6/27/25,0.15,62.9
SMI_DOU,-74.8352,43.053,994,6/28/25,0.2,62.4
SMI_DOU,-74.8352,43.053,994,6/29/25,0.22,69.8
SMI_DOU,-74.8352,43.053,994,6/30/25,0,64
,,,,,,
SMI_HOF_1,-75.7133,42.3444,974,1/1/25,0.46,40
SMI_HOF_1,-75.7133,42.3444,974,1/2/25,0.16,36.6
SMI_HOF_1,-75.7133,42.3444,974,1/3/25,0.06,30.4
SMI_HOF_1,-75.7133,42.3444,974,1/4/25,0.09,24.9
SMI_HOF_1,-75.7133,42.3444,974,1/5/25,0.15,23.2
SMI_HOF_1,-75.7133,42.3444,974,1/6/25,0.03,23.3
SMI_HOF_1,-75.7133,42.3444,974,1/7/25,0.03,16.5
SMI_HOF_1,-75.7133,42.3444,974,1/8/25,0.09,18.7
SMI_HOF_1,-75.7133,42.3444,974,1/9/25,0.04,15.8
SMI_HOF_1,-75.7133,42.3444,974,1/10/25,0.01,18
SMI_HOF_1,-75.7133,42.3444,974,1/11/25,0.1,22.3
SMI_HOF_1,-75.7133,42.3444,974,1/12/25,0.02,23.5
SMI_HOF_1,-75.7133,42.3444,974,1/13/25,0,27.4
SMI_HOF_1,-75.7133,42.3444,974,1/14/25,0,27
SMI_HOF_1,-75.7133,42.3444,974,1/15/25,0.02,19.3
SMI_HOF_1,-75.7133,42.3444,974,1/16/25,0.02,17.3
SMI_HOF_1,-75.7133,42.3444,974,1/17/25,0.03,19.1
SMI_HOF_1,-75.7133,42.3444,974,1/18/25,0,28.3
SMI_HOF_1,-75.7133,42.3444,974,1/19/25,0.04,28.2
SMI_HOF_1,-75.7133,42.3444,974,1/20/25,0.01,13
SMI_HOF_1,-75.7133,42.3444,974,1/21/25,0,5.7
SMI_HOF_1,-75.7133,42.3444,974,1/22/25,0,1.9
SMI_HOF_1,-75.7133,42.3444,974,1/23/25,0,2.3
SMI_HOF_1,-75.7133,42.3444,974,1/24/25,0,16.2
SMI_HOF_1,-75.7133,42.3444,974,1/25/25,0.02,16
SMI_HOF_1,-75.7133,42.3444,974,1/26/25,0,19.1
SMI_HOF_1,-75.7133,42.3444,974,1/27/25,0,22.3
SMI_HOF_1,-75.7133,42.3444,974,1/28/25,0.04,25.7
SMI_HOF_1,-75.7133,42.3444,974,1/29/25,0.07,27.7
SMI_HOF_1,-75.7133,42.3444,974,1/30/25,0.1,28.4
SMI_HOF_1,-75.7133,42.3444,974,1/31/25,0,22.3
SMI_HOF_1,-75.7133,42.3444,974,2/1/25,0.46,27
SMI_HOF_1,-75.7133,42.3444,974,2/2/25,0,10.3
SMI_HOF_1,-75.7133,42.3444,974,2/3/25,0.15,14.8
SMI_HOF_1,-75.7133,42.3444,974,2/4/25,0,34.1
SMI_HOF_1,-75.7133,42.3444,974,2/5/25,0.09,23.4
SMI_HOF_1,-75.7133,42.3444,974,2/6/25,0.08,18.3
SMI_HOF_1,-75.7133,42.3444,974,2/7/25,0.05,30.6
SMI_HOF_1,-75.7133,42.3444,974,2/8/25,0,19.6
SMI_HOF_1,-75.7133,42.3444,974,2/9/25,0.28,20.1
SMI_HOF_1,-75.7133,42.3444,974,2/10/25,0.05,25.1
SMI_HOF_1,-75.7133,42.3444,974,2/11/25,0,19.5
SMI_HOF_1,-75.7133,42.3444,974,2/12/25,0,20.1
SMI_HOF_1,-75.7133,42.3444,974,2/13/25,0.05,22
SMI_HOF_1,-75.7133,42.3444,974,2/14/25,0.16,30.5
SMI_HOF_1,-75.7133,42.3444,974,2/15/25,0,20.9
SMI_HOF_1,-75.7133,42.3444,974,2/16/25,0.74,24.8
SMI_HOF_1,-75.7133,42.3444,974,2/17/25,0.67,27.6
SMI_HOF_1,-75.7133,42.3444,974,2/18/25,0.06,15
SMI_HOF_1,-75.7133,42.3444,974,2/19/25,0,12.8
SMI_HOF_1,-75.7133,42.3444,974,2/20/25,0.01,14.3
SMI_HOF_1,-75.7133,42.3444,974,2/21/25,0.13,14.4
SMI_HOF_1,-75.7133,42.3444,974,2/22/25,0.08,16.5
SMI_HOF_1,-75.7133,42.3444,974,2/23/25,0,25
SMI_HOF_1,-75.7133,42.3444,974,2/24/25,0,31
SMI_HOF_1,-75.7133,42.3444,974,2/25/25,0,36.9
SMI_HOF_1,-75.7133,42.3444,974,2/26/25,0.15,37.5
SMI_HOF_1,-75.7133,42.3444,974,2/27/25,0.17,37.5
SMI_HOF_1,-75.7133,42.3444,974,2/28/25,0.16,38.6
SMI_HOF_1,-75.7133,42.3444,974,3/1/25,0,35.7
SMI_HOF_1,-75.7133,42.3444,974,3/2/25,0.04,26.6
SMI_HOF_1,-75.7133,42.3444,974,3/3/25,0,14.1
SMI_HOF_1,-75.7133,42.3444,974,3/4/25,0,25.2
SMI_HOF_1,-75.7133,42.3444,974,3/5/25,0,37.4
SMI_HOF_1,-75.7133,42.3444,974,3/6/25,0.53,43.9
SMI_HOF_1,-75.7133,42.3444,974,3/7/25,0.09,32.7
SMI_HOF_1,-75.7133,42.3444,974,3/8/25,0.03,31.1
SMI_HOF_1,-75.7133,42.3444,974,3/9/25,0,26.1
SMI_HOF_1,-75.7133,42.3444,974,3/10/25,0,34.2
SMI_HOF_1,-75.7133,42.3444,974,3/11/25,0,45.1
SMI_HOF_1,-75.7133,42.3444,974,3/12/25,0,47
SMI_HOF_1,-75.7133,42.3444,974,3/13/25,0,35.8
SMI_HOF_1,-75.7133,42.3444,974,3/14/25,0,42
SMI_HOF_1,-75.7133,42.3444,974,3/15/25,0,48.1
SMI_HOF_1,-75.7133,42.3444,974,3/16/25,0,52.8
SMI_HOF_1,-75.7133,42.3444,974,3/17/25,0.99,53.8
SMI_HOF_1,-75.7133,42.3444,974,3/18/25,0.02,31
SMI_HOF_1,-75.7133,42.3444,974,3/19/25,0,42
SMI_HOF_1,-75.7133,42.3444,974,3/20/25,0,53.3
SMI_HOF_1,-75.7133,42.3444,974,3/21/25,0.19,48.9
SMI_HOF_1,-75.7133,42.3444,974,3/22/25,0,34
SMI_HOF_1,-75.7133,42.3444,974,3/23/25,0.07,37.2
SMI_HOF_1,-75.7133,42.3444,974,3/24/25,0,30.5
SMI_HOF_1,-75.7133,42.3444,974,3/25/25,0,44.1
SMI_HOF_1,-75.7133,42.3444,974,3/26/25,0,34.3
SMI_HOF_1,-75.7133,42.3444,974,3/27/25,0.05,29.6
SMI_HOF_1,-75.7133,42.3444,974,3/28/25,0,36.7
SMI_HOF_1,-75.7133,42.3444,974,3/29/25,0.09,44.4
SMI_HOF_1,-75.7133,42.3444,974,3/30/25,0.22,54
SMI_HOF_1,-75.7133,42.3444,974,3/31/25,0.01,51.1
SMI_HOF_1,-75.7133,42.3444,974,4/1/25,0,50.8
SMI_HOF_1,-75.7133,42.3444,974,4/2/25,0,33.2
SMI_HOF_1,-75.7133,42.3444,974,4/3/25,0.24,37.1
SMI_HOF_1,-75.7133,42.3444,974,4/4/25,0,58.2
SMI_HOF_1,-75.7133,42.3444,974,4/5/25,0.03,49.1
SMI_HOF_1,-75.7133,42.3444,974,4/6/25,0.78,42.4
SMI_HOF_1,-75.7133,42.3444,974,4/7/25,0.02,38.6
SMI_HOF_1,-75.7133,42.3444,974,4/8/25,0.02,33.1
SMI_HOF_1,-75.7133,42.3444,974,4/9/25,0.03,25.4
SMI_HOF_1,-75.7133,42.3444,974,4/10/25,0,33.8
SMI_HOF_1,-75.7133,42.3444,974,4/11/25,0.24,36.8
SMI_HOF_1,-75.7133,42.3444,974,4/12/25,0.24,41.3
SMI_HOF_1,-75.7133,42.3444,974,4/13/25,0.14,39.1
SMI_HOF_1,-75.7133,42.3444,974,4/14/25,0,43.2
SMI_HOF_1,-75.7133,42.3444,974,4/15/25,0.05,47.8
SMI_HOF_1,-75.7133,42.3444,974,4/16/25,0.19,45.9
SMI_HOF_1,-75.7133,42.3444,974,4/17/25,0.02,33.1
SMI_HOF_1,-75.7133,42.3444,974,4/18/25,0,40.8
SMI_HOF_1,-75.7133,42.3444,974,4/19/25,0,51.9
SMI_HOF_1,-75.7133,42.3444,974,4/20/25,0.08,58.8
SMI_HOF_1,-75.7133,42.3444,974,4/21/25,0,42.6
SMI_HOF_1,-75.7133,42.3444,974,4/22/25,0.07,50.6
SMI_HOF_1,-75.7133,42.3444,974,4/23/25,0,51.8
SMI_HOF_1,-75.7133,42.3444,974,4/24/25,0,55.5
SMI_HOF_1,-75.7133,42.3444,974,4/25/25,0,64.8
SMI_HOF_1,-75.7133,42.3444,974,4/26/25,0.6,66.1
SMI_HOF_1,-75.7133,42.3444,974,4/27/25,0.26,53.4
SMI_HOF_1,-75.7133,42.3444,974,4/28/25,0.03,45.4
SMI_HOF_1,-75.7133,42.3444,974,4/29/25,0,56.1
SMI_HOF_1,-75.7133,42.3444,974,4/30/25,0.29,62.1
SMI_HOF_1,-75.7133,42.3444,974,5/1/25,0,48.7
SMI_HOF_1,-75.7133,42.3444,974,5/2/25,0.16,61.5
SMI_HOF_1,-75.7133,42.3444,974,5/3/25,0.4,64.6
SMI_HOF_1,-75.7133,42.3444,974,5/4/25,0.54,57.7
SMI_HOF_1,-75.7133,42.3444,974,5/5/25,0.36,56.7
SMI_HOF_1,-75.7133,42.3444,974,5/6/25,0.31,61.7
SMI_HOF_1,-75.7133,42.3444,974,5/7/25,1.33,59.2
SMI_HOF_1,-75.7133,42.3444,974,5/8/25,0.13,59.6
SMI_HOF_1,-75.7133,42.3444,974,5/9/25,0.03,50.4
SMI_HOF_1,-75.7133,42.3444,974,5/10/25,0.61,45.7
SMI_HOF_1,-75.7133,42.3444,974,5/11/25,0,53.8
SMI_HOF_1,-75.7133,42.3444,974,5/12/25,0,51.4
SMI_HOF_1,-75.7133,42.3444,974,5/13/25,0,64.7
SMI_HOF_1,-75.7133,42.3444,974,5/14/25,0.05,63.9
SMI_HOF_1,-75.7133,42.3444,974,5/15/25,0.05,61.5
SMI_HOF_1,-75.7133,42.3444,974,5/16/25,0.08,66.1
SMI_HOF_1,-75.7133,42.3444,974,5/17/25,0.12,69.8
SMI_HOF_1,-75.7133,42.3444,974,5/18/25,0.17,66.1
SMI_HOF_1,-75.7133,42.3444,974,5/19/25,0.05,51.7
SMI_HOF_1,-75.7133,42.3444,974,5/20/25,0,47.4
SMI_HOF_1,-75.7133,42.3444,974,5/21/25,0,48.1
SMI_HOF_1,-75.7133,42.3444,974,5/22/25,0.45,47.8
SMI_HOF_1,-75.7133,42.3444,974,5/23/25,0.21,47.2
SMI_HOF_1,-75.7133,42.3444,974,5/24/25,0.18,49.6
SMI_HOF_1,-75.7133,42.3444,974,5/25/25,0.13,50.6
SMI_HOF_1,-75.7133,42.3444,974,5/26/25,0.01,51.9
SMI_HOF_1,-75.7133,42.3444,974,5/27/25,0,55.9
SMI_HOF_1,-75.7133,42.3444,974,5/28/25,0,59.1
SMI_HOF_1,-75.7133,42.3444,974,5/29/25,0.01,58.4
SMI_HOF_1,-75.7133,42.3444,974,5/30/25,0.02,61.4
SMI_HOF_1,-75.7133,42.3444,974,5/31/25,0.35,62.8
SMI_HOF_1,-75.7133,42.3444,974,6/1/25,0.27,49.2
SMI_HOF_1,-75.7133,42.3444,974,6/2/25,0.03,50.9
SMI_HOF_1,-75.7133,42.3444,974,6/3/25,0,55
SMI_HOF_1,-75.7133,42.3444,974,6/4/25,0,63.2
SMI_HOF_1,-75.7133,42.3444,974,6/5/25,0,73.6
SMI_HOF_1,-75.7133,42.3444,974,6/6/25,1.14,75.4
SMI_HOF_1,-75.7133,42.3444,974,6/7/25,1.04,67.9
SMI_HOF_1,-75.7133,42.3444,974,6/8/25,0.26,64.9
SMI_HOF_1,-75.7133,42.3444,974,6/9/25,0.13,66.8
SMI_HOF_1,-75.7133,42.3444,974,6/10/25,0.29,66.5
SMI_HOF_1,-75.7133,42.3444,974,6/11/25,0.2,63.5
SMI_HOF_1,-75.7133,42.3444,974,6/12/25,0,67.7
SMI_HOF_1,-75.7133,42.3444,974,6/13/25,0,63.5
SMI_HOF_1,-75.7133,42.3444,974,6/14/25,0.11,66.5
SMI_HOF_1,-75.7133,42.3444,974,6/15/25,0,60.9
SMI_HOF_1,-75.7133,42.3444,974,6/16/25,0,64.7
SMI_HOF_1,-75.7133,42.3444,974,6/17/25,0.05,63.5
SMI_HOF_1,-75.7133,42.3444,974,6/18/25,0.06,65.9
SMI_HOF_1,-75.7133,42.3444,974,6/19/25,0.08,73.7
SMI_HOF_1,-75.7133,42.3444,974,6/20/25,0.29,71
SMI_HOF_1,-75.7133,42.3444,974,6/21/25,0.05,67.5
SMI_HOF_1,-75.7133,42.3444,974,6/22/25,1.49,74.3
SMI_HOF_1,-75.7133,42.3444,974,6/23/25,1.3,76.4
SMI_HOF_1,-75.7133,42.3444,974,6/24/25,0,80.1
SMI_HOF_1,-75.7133,42.3444,974,6/25/25,0,80.3
SMI_HOF_1,-75.7133,42.3444,974,6/26/25,0,76.3
SMI_HOF_1,-75.7133,42.3444,974,6/27/25,0.06,64.5
SMI_HOF_1,-75.7133,42.3444,974,6/28/25,0,61.8
SMI_HOF_1,-75.7133,42.3444,974,6/29/25,0,71.2
SMI_HOF_1,-75.7133,42.3444,974,6/30/25,0,68.7
,,,,,,
SMI_HOF_2,-74.571,42.751,1509,1/1/25,0.46,39.1
SMI_HOF_2,-74.571,42.751,1509,1/2/25,0.07,33.1
SMI_HOF_2,-74.571,42.751,1509,1/3/25,0.08,27.2
SMI_HOF_2,-74.571,42.751,1509,1/4/25,0.09,21.7
SMI_HOF_2,-74.571,42.751,1509,1/5/25,0.03,18.8
SMI_HOF_2,-74.571,42.751,1509,1/6/25,0.01,18.8
SMI_HOF_2,-74.571,42.751,1509,1/7/25,0,10.8
SMI_HOF_2,-74.571,42.751,1509,1/8/25,0.02,15.2
SMI_HOF_2,-74.571,42.751,1509,1/9/25,0,13.1
SMI_HOF_2,-74.571,42.751,1509,1/10/25,0,16.8
SMI_HOF_2,-74.571,42.751,1509,1/11/25,0.06,20.8
SMI_HOF_2,-74.571,42.751,1509,1/12/25,0,20.7
SMI_HOF_2,-74.571,42.751,1509,1/13/25,0,26.1
SMI_HOF_2,-74.571,42.751,1509,1/14/25,0.04,24.1
SMI_HOF_2,-74.571,42.751,1509,1/15/25,0,16.2
SMI_HOF_2,-74.571,42.751,1509,1/16/25,0.01,15.7
SMI_HOF_2,-74.571,42.751,1509,1/17/25,0.02,19.7
SMI_HOF_2,-74.571,42.751,1509,1/18/25,0.01,26.5
SMI_HOF_2,-74.571,42.751,1509,1/19/25,0.04,30.8
SMI_HOF_2,-74.571,42.751,1509,1/20/25,0.17,13.5
SMI_HOF_2,-74.571,42.751,1509,1/21/25,0,7
SMI_HOF_2,-74.571,42.751,1509,1/22/25,0,3
SMI_HOF_2,-74.571,42.751,1509,1/23/25,0,3.9
SMI_HOF_2,-74.571,42.751,1509,1/24/25,0,17.2
SMI_HOF_2,-74.571,42.751,1509,1/25/25,0,14.7
SMI_HOF_2,-74.571,42.751,1509,1/26/25,0,18.8
SMI_HOF_2,-74.571,42.751,1509,1/27/25,0,24.8
SMI_HOF_2,-74.571,42.751,1509,1/28/25,0.05,26.4
SMI_HOF_2,-74.571,42.751,1509,1/29/25,0.21,22.1
SMI_HOF_2,-74.571,42.751,1509,1/30/25,0.13,22.7
SMI_HOF_2,-74.571,42.751,1509,1/31/25,0,19.9
SMI_HOF_2,-74.571,42.751,1509,2/1/25,0.36,26.9
SMI_HOF_2,-74.571,42.751,1509,2/2/25,0,4.6
SMI_HOF_2,-74.571,42.751,1509,2/3/25,0.14,11.2
SMI_HOF_2,-74.571,42.751,1509,2/4/25,0.02,34
SMI_HOF_2,-74.571,42.751,1509,2/5/25,0.04,18.8
SMI_HOF_2,-74.571,42.751,1509,2/6/25,0,12.3
SMI_HOF_2,-74.571,42.751,1509,2/7/25,0.16,24.8
SMI_HOF_2,-74.571,42.751,1509,2/8/25,0.01,19.3
SMI_HOF_2,-74.571,42.751,1509,2/9/25,0.34,21.1
SMI_HOF_2,-74.571,42.751,1509,2/10/25,0,23.9
SMI_HOF_2,-74.571,42.751,1509,2/11/25,0,18.1
SMI_HOF_2,-74.571,42.751,1509,2/12/25,0,16.7
SMI_HOF_2,-74.571,42.751,1509,2/13/25,0.05,19.5
SMI_HOF_2,-74.571,42.751,1509,2/14/25,0.26,28.7
SMI_HOF_2,-74.571,42.751,1509,2/15/25,0.13,17
SMI_HOF_2,-74.571,42.751,1509,2/16/25,0.3,19.2
SMI_HOF_2,-74.571,42.751,1509,2/17/25,0.61,23.7
SMI_HOF_2,-74.571,42.751,1509,2/18/25,0.01,13
SMI_HOF_2,-74.571,42.751,1509,2/19/25,0,10.8
SMI_HOF_2,-74.571,42.751,1509,2/20/25,0,10.9
SMI_HOF_2,-74.571,42.751,1509,2/21/25,0.04,11.2
SMI_HOF_2,-74.571,42.751,1509,2/22/25,0,13.4
SMI_HOF_2,-74.571,42.751,1509,2/23/25,0,23.9
SMI_HOF_2,-74.571,42.751,1509,2/24/25,0,26.3
SMI_HOF_2,-74.571,42.751,1509,2/25/25,0,35.5
SMI_HOF_2,-74.571,42.751,1509,2/26/25,0.17,39
SMI_HOF_2,-74.571,42.751,1509,2/27/25,0.08,33.4
SMI_HOF_2,-74.571,42.751,1509,2/28/25,0.11,36.6
SMI_HOF_2,-74.571,42.751,1509,3/1/25,0,33.9
SMI_HOF_2,-74.571,42.751,1509,3/2/25,0.07,24.6
SMI_HOF_2,-74.571,42.751,1509,3/3/25,0,9.9
SMI_HOF_2,-74.571,42.751,1509,3/4/25,0,18.4
SMI_HOF_2,-74.571,42.751,1509,3/5/25,0.01,34.5
SMI_HOF_2,-74.571,42.751,1509,3/6/25,0.35,42
SMI_HOF_2,-74.571,42.751,1509,3/7/25,0.03,31
SMI_HOF_2,-74.571,42.751,1509,3/8/25,0.08,27.5
SMI_HOF_2,-74.571,42.751,1509,3/9/25,0.01,24.3
SMI_HOF_2,-74.571,42.751,1509,3/10/25,0,31.8
SMI_HOF_2,-74.571,42.751,1509,3/11/25,0,40.1
SMI_HOF_2,-74.571,42.751,1509,3/12/25,0,44.7
SMI_HOF_2,-74.571,42.751,1509,3/13/25,0,31.6
SMI_HOF_2,-74.571,42.751,1509,3/14/25,0,38.7
SMI_HOF_2,-74.571,42.751,1509,3/15/25,0,44.4
SMI_HOF_2,-74.571,42.751,1509,3/16/25,0,51
SMI_HOF_2,-74.571,42.751,1509,3/17/25,0.7,52.8
SMI_HOF_2,-74.571,42.751,1509,3/18/25,0.04,30.1
SMI_HOF_2,-74.571,42.751,1509,3/19/25,0,39
SMI_HOF_2,-74.571,42.751,1509,3/20/25,0,52.9
SMI_HOF_2,-74.571,42.751,1509,3/21/25,0.32,47.3
SMI_HOF_2,-74.571,42.751,1509,3/22/25,0,31.2
SMI_HOF_2,-74.571,42.751,1509,3/23/25,0.04,34.4
SMI_HOF_2,-74.571,42.751,1509,3/24/25,0.02,26.1
SMI_HOF_2,-74.571,42.751,1509,3/25/25,0.09,38.3
SMI_HOF_2,-74.571,42.751,1509,3/26/25,0,30.9
SMI_HOF_2,-74.571,42.751,1509,3/27/25,0,29.9
SMI_HOF_2,-74.571,42.751,1509,3/28/25,0.09,33.8
SMI_HOF_2,-74.571,42.751,1509,3/29/25,0.14,40.3
SMI_HOF_2,-74.571,42.751,1509,3/30/25,0.2,35.6
SMI_HOF_2,-74.571,42.751,1509,3/31/25,0.07,41.7
SMI_HOF_2,-74.571,42.751,1509,4/1/25,0,49.3
SMI_HOF_2,-74.571,42.751,1509,4/2/25,0,31.3
SMI_HOF_2,-74.571,42.751,1509,4/3/25,0.6,35.6
SMI_HOF_2,-74.571,42.751,1509,4/4/25,0.02,54.7
SMI_HOF_2,-74.571,42.751,1509,4/5/25,0.01,44.6
SMI_HOF_2,-74.571,42.751,1509,4/6/25,0.5,42
SMI_HOF_2,-74.571,42.751,1509,4/7/25,0.03,37.1
SMI_HOF_2,-74.571,42.751,1509,4/8/25,0.04,31.2
SMI_HOF_2,-74.571,42.751,1509,4/9/25,0.02,23.7
SMI_HOF_2,-74.571,42.751,1509,4/10/25,0,29.3
SMI_HOF_2,-74.571,42.751,1509,4/11/25,0.09,36.1
SMI_HOF_2,-74.571,42.751,1509,4/12/25,0.26,39.4
SMI_HOF_2,-74.571,42.751,1509,4/13/25,0.13,35.2
SMI_HOF_2,-74.571,42.751,1509,4/14/25,0,43.3
SMI_HOF_2,-74.571,42.751,1509,4/15/25,0.15,50.5
SMI_HOF_2,-74.571,42.751,1509,4/16/25,0.08,44.8
SMI_HOF_2,-74.571,42.751,1509,4/17/25,0,33.5
SMI_HOF_2,-74.571,42.751,1509,4/18/25,0,38.9
SMI_HOF_2,-74.571,42.751,1509,4/19/25,0,52.1
SMI_HOF_2,-74.571,42.751,1509,4/20/25,0.25,56.9
SMI_HOF_2,-74.571,42.751,1509,4/21/25,0,40.9
SMI_HOF_2,-74.571,42.751,1509,4/22/25,0.06,48.4
SMI_HOF_2,-74.571,42.751,1509,4/23/25,0,49.9
SMI_HOF_2,-74.571,42.751,1509,4/24/25,0,51.4
SMI_HOF_2,-74.571,42.751,1509,4/25/25,0,59.6
SMI_HOF_2,-74.571,42.751,1509,4/26/25,0.26,63
SMI_HOF_2,-74.571,42.751,1509,4/27/25,0.36,51
SMI_HOF_2,-74.571,42.751,1509,4/28/25,0.03,44.5
SMI_HOF_2,-74.571,42.751,1509,4/29/25,0,56.5
SMI_HOF_2,-74.571,42.751,1509,4/30/25,0.65,61.4
SMI_HOF_2,-74.571,42.751,1509,5/1/25,0,46.4
SMI_HOF_2,-74.571,42.751,1509,5/2/25,0.11,57
SMI_HOF_2,-74.571,42.751,1509,5/3/25,0.06,62.9
SMI_HOF_2,-74.571,42.751,1509,5/4/25,0.24,56.4
SMI_HOF_2,-74.571,42.751,1509,5/5/25,0.56,54
SMI_HOF_2,-74.571,42.751,1509,5/6/25,0.24,56.3
SMI_HOF_2,-74.571,42.751,1509,5/7/25,0.68,57.8
SMI_HOF_2,-74.571,42.751,1509,5/8/25,0.02,55.6
SMI_HOF_2,-74.571,42.751,1509,5/9/25,0.19,49.8
SMI_HOF_2,-74.571,42.751,1509,5/10/25,1.18,45.7
SMI_HOF_2,-74.571,42.751,1509,5/11/25,0,52
SMI_HOF_2,-74.571,42.751,1509,5/12/25,0,49.3
SMI_HOF_2,-74.571,42.751,1509,5/13/25,0,62.3
SMI_HOF_2,-74.571,42.751,1509,5/14/25,0,66.1
SMI_HOF_2,-74.571,42.751,1509,5/15/25,0.04,61.7
SMI_HOF_2,-74.571,42.751,1509,5/16/25,0.16,66
SMI_HOF_2,-74.571,42.751,1509,5/17/25,0.1,69.6
SMI_HOF_2,-74.571,42.751,1509,5/18/25,0.22,64.8
SMI_HOF_2,-74.571,42.751,1509,5/19/25,0.08,49.5
SMI_HOF_2,-74.571,42.751,1509,5/20/25,0,43.5
SMI_HOF_2,-74.571,42.751,1509,5/21/25,0,47.7
SMI_HOF_2,-74.571,42.751,1509,5/22/25,0.35,46.6
SMI_HOF_2,-74.571,42.751,1509,5/23/25,0.17,43.5
SMI_HOF_2,-74.571,42.751,1509,5/24/25,0.22,45.4
SMI_HOF_2,-74.571,42.751,1509,5/25/25,0.02,50
SMI_HOF_2,-74.571,42.751,1509,5/26/25,0.04,49.9
SMI_HOF_2,-74.571,42.751,1509,5/27/25,0.11,54.5
SMI_HOF_2,-74.571,42.751,1509,5/28/25,0,59.3
SMI_HOF_2,-74.571,42.751,1509,5/29/25,0.07,62
SMI_HOF_2,-74.571,42.751,1509,5/30/25,0,58.3
SMI_HOF_2,-74.571,42.751,1509,5/31/25,0.56,60.7
SMI_HOF_2,-74.571,42.751,1509,6/1/25,0.74,48.8
SMI_HOF_2,-74.571,42.751,1509,6/2/25,0.03,49.3
SMI_HOF_2,-74.571,42.751,1509,6/3/25,0,53.4
SMI_HOF_2,-74.571,42.751,1509,6/4/25,0,64.1
SMI_HOF_2,-74.571,42.751,1509,6/5/25,0,73.7
SMI_HOF_2,-74.571,42.751,1509,6/6/25,0.32,73.4
SMI_HOF_2,-74.571,42.751,1509,6/7/25,1.49,67.1
SMI_HOF_2,-74.571,42.751,1509,6/8/25,0.72,63.4
SMI_HOF_2,-74.571,42.751,1509,6/9/25,0.08,64.7
SMI_HOF_2,-74.571,42.751,1509,6/10/25,0.35,63.6
SMI_HOF_2,-74.571,42.751,1509,6/11/25,0.15,62.8
SMI_HOF_2,-74.571,42.751,1509,6/12/25,0,66.8
SMI_HOF_2,-74.571,42.751,1509,6/13/25,0,61.2
SMI_HOF_2,-74.571,42.751,1509,6/14/25,0.12,61.3
SMI_HOF_2,-74.571,42.751,1509,6/15/25,0,56.3
SMI_HOF_2,-74.571,42.751,1509,6/16/25,0,61.3
SMI_HOF_2,-74.571,42.751,1509,6/17/25,0.08,64.4
SMI_HOF_2,-74.571,42.751,1509,6/18/25,0.16,64.1
SMI_HOF_2,-74.571,42.751,1509,6/19/25,0.08,72.6
SMI_HOF_2,-74.571,42.751,1509,6/20/25,0.25,70.4
SMI_HOF_2,-74.571,42.751,1509,6/21/25,0,64.1
SMI_HOF_2,-74.571,42.751,1509,6/22/25,0.36,72.9
SMI_HOF_2,-74.571,42.751,1509,6/23/25,0,73.9
SMI_HOF_2,-74.571,42.751,1509,6/24/25,0,79.6
SMI_HOF_2,-74.571,42.751,1509,6/25/25,0,80.1
SMI_HOF_2,-74.571,42.751,1509,6/26/25,0,74.4
SMI_HOF_2,-74.571,42.751,1509,6/27/25,0.32,62.5
SMI_HOF_2,-74.571,42.751,1509,6/28/25,0.07,63.4
SMI_HOF_2,-74.571,42.751,1509,6/29/25,0.01,70.4
SMI_HOF_2,-74.571,42.751,1509,6/30/25,0,65
,,,,,,
SMI_LAT,-75.5684,42.7094,1247,1/1/25,0.52,39.7
SMI_LAT,-75.5684,42.7094,1247,1/2/25,0.29,34.8
SMI_LAT,-75.5684,42.7094,1247,1/3/25,0.05,29.1
SMI_LAT,-75.5684,42.7094,1247,1/4/25,0.13,23.3
SMI_LAT,-75.5684,42.7094,1247,1/5/25,0.11,21.4
SMI_LAT,-75.5684,42.7094,1247,1/6/25,0.01,20.5
SMI_LAT,-75.5684,42.7094,1247,1/7/25,0,12.7
SMI_LAT,-75.5684,42.7094,1247,1/8/25,0.09,17
SMI_LAT,-75.5684,42.7094,1247,1/9/25,0.02,14.9
SMI_LAT,-75.5684,42.7094,1247,1/10/25,0.03,17.9
SMI_LAT,-75.5684,42.7094,1247,1/11/25,0.11,20.9
SMI_LAT,-75.5684,42.7094,1247,1/12/25,0,21.7
SMI_LAT,-75.5684,42.7094,1247,1/13/25,0,25.4
SMI_LAT,-75.5684,42.7094,1247,1/14/25,0.04,24.6
SMI_LAT,-75.5684,42.7094,1247,1/15/25,0.01,18.4
SMI_LAT,-75.5684,42.7094,1247,1/16/25,0.01,17.4
SMI_LAT,-75.5684,42.7094,1247,1/17/25,0.03,18.3
SMI_LAT,-75.5684,42.7094,1247,1/18/25,0,27.8
SMI_LAT,-75.5684,42.7094,1247,1/19/25,0.07,27.8
SMI_LAT,-75.5684,42.7094,1247,1/20/25,0,10.9
SMI_LAT,-75.5684,42.7094,1247,1/21/25,0,4.3
SMI_LAT,-75.5684,42.7094,1247,1/22/25,0,0.7
SMI_LAT,-75.5684,42.7094,1247,1/23/25,0,1
SMI_LAT,-75.5684,42.7094,1247,1/24/25,0,16.1
SMI_LAT,-75.5684,42.7094,1247,1/25/25,0.02,12.4
SMI_LAT,-75.5684,42.7094,1247,1/26/25,0,14.9
SMI_LAT,-75.5684,42.7094,1247,1/27/25,0.01,21
SMI_LAT,-75.5684,42.7094,1247,1/28/25,0.08,25.5
SMI_LAT,-75.5684,42.7094,1247,1/29/25,0.2,22.4
SMI_LAT,-75.5684,42.7094,1247,1/30/25,0.1,24.4
SMI_LAT,-75.5684,42.7094,1247,1/31/25,0,21.4
SMI_LAT,-75.5684,42.7094,1247,2/1/25,0.41,24.9
SMI_LAT,-75.5684,42.7094,1247,2/2/25,0,4.6
SMI_LAT,-75.5684,42.7094,1247,2/3/25,0.16,11.8
SMI_LAT,-75.5684,42.7094,1247,2/4/25,0.04,33.5
SMI_LAT,-75.5684,42.7094,1247,2/5/25,0.05,20.2
SMI_LAT,-75.5684,42.7094,1247,2/6/25,0.07,14.4
SMI_LAT,-75.5684,42.7094,1247,2/7/25,0.15,29.2
SMI_LAT,-75.5684,42.7094,1247,2/8/25,0.02,20
SMI_LAT,-75.5684,42.7094,1247,2/9/25,0.26,21.4
SMI_LAT,-75.5684,42.7094,1247,2/10/25,0.01,24.7
SMI_LAT,-75.5684,42.7094,1247,2/11/25,0,17.8
SMI_LAT,-75.5684,42.7094,1247,2/12/25,0,16.3
SMI_LAT,-75.5684,42.7094,1247,2/13/25,0.05,18.6
SMI_LAT,-75.5684,42.7094,1247,2/14/25,0.14,29.3
SMI_LAT,-75.5684,42.7094,1247,2/15/25,0,18.9
SMI_LAT,-75.5684,42.7094,1247,2/16/25,0.42,22.6
SMI_LAT,-75.5684,42.7094,1247,2/17/25,0.77,26.1
SMI_LAT,-75.5684,42.7094,1247,2/18/25,0,14.4
SMI_LAT,-75.5684,42.7094,1247,2/19/25,0,12.8
SMI_LAT,-75.5684,42.7094,1247,2/20/25,0,13.9
SMI_LAT,-75.5684,42.7094,1247,2/21/25,0.06,13
SMI_LAT,-75.5684,42.7094,1247,2/22/25,0.01,15.7
SMI_LAT,-75.5684,42.7094,1247,2/23/25,0,24.9
SMI_LAT,-75.5684,42.7094,1247,2/24/25,0,27.8
SMI_LAT,-75.5684,42.7094,1247,2/25/25,0,35.9
SMI_LAT,-75.5684,42.7094,1247,2/26/25,0.2,37.6
SMI_LAT,-75.5684,42.7094,1247,2/27/25,0.09,35.3
SMI_LAT,-75.5684,42.7094,1247,2/28/25,0.22,37.2
SMI_LAT,-75.5684,42.7094,1247,3/1/25,0.05,33.7
SMI_LAT,-75.5684,42.7094,1247,3/2/25,0.08,23.2
SMI_LAT,-75.5684,42.7094,1247,3/3/25,0,11.8
SMI_LAT,-75.5684,42.7094,1247,3/4/25,0,21.5
SMI_LAT,-75.5684,42.7094,1247,3/5/25,0.02,36.7
SMI_LAT,-75.5684,42.7094,1247,3/6/25,0.6,43.6
SMI_LAT,-75.5684,42.7094,1247,3/7/25,0.11,30.9
SMI_LAT,-75.5684,42.7094,1247,3/8/25,0.07,28
SMI_LAT,-75.5684,42.7094,1247,3/9/25,0,25.9
SMI_LAT,-75.5684,42.7094,1247,3/10/25,0,33
SMI_LAT,-75.5684,42.7094,1247,3/11/25,0,43.1
SMI_LAT,-75.5684,42.7094,1247,3/12/25,0,45.7
SMI_LAT,-75.5684,42.7094,1247,3/13/25,0,31.7
SMI_LAT,-75.5684,42.7094,1247,3/14/25,0,41.5
SMI_LAT,-75.5684,42.7094,1247,3/15/25,0,48.2
SMI_LAT,-75.5684,42.7094,1247,3/16/25,0,53.4
SMI_LAT,-75.5684,42.7094,1247,3/17/25,1.1,51
SMI_LAT,-75.5684,42.7094,1247,3/18/25,0.01,29.6
SMI_LAT,-75.5684,42.7094,1247,3/19/25,0,41.7
SMI_LAT,-75.5684,42.7094,1247,3/20/25,0,55.6
SMI_LAT,-75.5684,42.7094,1247,3/21/25,0.16,48.1
SMI_LAT,-75.5684,42.7094,1247,3/22/25,0,32.8
SMI_LAT,-75.5684,42.7094,1247,3/23/25,0.06,34.5
SMI_LAT,-75.5684,42.7094,1247,3/24/25,0.04,28.4
SMI_LAT,-75.5684,42.7094,1247,3/25/25,0.12,42
SMI_LAT,-75.5684,42.7094,1247,3/26/25,0,31.2
SMI_LAT,-75.5684,42.7094,1247,3/27/25,0.04,29.5
SMI_LAT,-75.5684,42.7094,1247,3/28/25,0.08,35.1
SMI_LAT,-75.5684,42.7094,1247,3/29/25,0.06,43.2
SMI_LAT,-75.5684,42.7094,1247,3/30/25,0.2,45.6
SMI_LAT,-75.5684,42.7094,1247,3/31/25,0.01,50.4
SMI_LAT,-75.5684,42.7094,1247,4/1/25,0.05,49.5
SMI_LAT,-75.5684,42.7094,1247,4/2/25,0,30.8
SMI_LAT,-75.5684,42.7094,1247,4/3/25,0.49,35.4
SMI_LAT,-75.5684,42.7094,1247,4/4/25,0.03,55.5
SMI_LAT,-75.5684,42.7094,1247,4/5/25,0.02,44
SMI_LAT,-75.5684,42.7094,1247,4/6/25,0.46,41.7
SMI_LAT,-75.5684,42.7094,1247,4/7/25,0.04,37.1
SMI_LAT,-75.5684,42.7094,1247,4/8/25,0.02,32.9
SMI_LAT,-75.5684,42.7094,1247,4/9/25,0.1,23.1
SMI_LAT,-75.5684,42.7094,1247,4/10/25,0,29.8
SMI_LAT,-75.5684,42.7094,1247,4/11/25,0.15,34.9
SMI_LAT,-75.5684,42.7094,1247,4/12/25,0.15,40.8
SMI_LAT,-75.5684,42.7094,1247,4/13/25,0.13,38.1
SMI_LAT,-75.5684,42.7094,1247,4/14/25,0,42.7
SMI_LAT,-75.5684,42.7094,1247,4/15/25,0.08,47.5
SMI_LAT,-75.5684,42.7094,1247,4/16/25,0.12,44
SMI_LAT,-75.5684,42.7094,1247,4/17/25,0.03,32.4
SMI_LAT,-75.5684,42.7094,1247,4/18/25,0,39.3
SMI_LAT,-75.5684,42.7094,1247,4/19/25,0,51.5
SMI_LAT,-75.5684,42.7094,1247,4/20/25,0.28,56.4
SMI_LAT,-75.5684,42.7094,1247,4/21/25,0,40.3
SMI_LAT,-75.5684,42.7094,1247,4/22/25,0.07,50.2
SMI_LAT,-75.5684,42.7094,1247,4/23/25,0,48.2
SMI_LAT,-75.5684,42.7094,1247,4/24/25,0,52.1
SMI_LAT,-75.5684,42.7094,1247,4/25/25,0.04,63.3
SMI_LAT,-75.5684,42.7094,1247,4/26/25,0.33,65.8
SMI_LAT,-75.5684,42.7094,1247,4/27/25,0.23,51.4
SMI_LAT,-75.5684,42.7094,1247,4/28/25,0,44.3
SMI_LAT,-75.5684,42.7094,1247,4/29/25,0,55.9
SMI_LAT,-75.5684,42.7094,1247,4/30/25,0.93,60.8
SMI_LAT,-75.5684,42.7094,1247,5/1/25,0,46.3
SMI_LAT,-75.5684,42.7094,1247,5/2/25,0.19,60.8
SMI_LAT,-75.5684,42.7094,1247,5/3/25,0.15,63.4
SMI_LAT,-75.5684,42.7094,1247,5/4/25,0.43,53.5
SMI_LAT,-75.5684,42.7094,1247,5/5/25,0.5,54.7
SMI_LAT,-75.5684,42.7094,1247,5/6/25,0.45,60.2
SMI_LAT,-75.5684,42.7094,1247,5/7/25,1.46,57.4
SMI_LAT,-75.5684,42.7094,1247,5/8/25,0.11,56.3
SMI_LAT,-75.5684,42.7094,1247,5/9/25,0.05,48.1
SMI_LAT,-75.5684,42.7094,1247,5/10/25,0.57,44.7
SMI_LAT,-75.5684,42.7094,1247,5/11/25,0,52.7
SMI_LAT,-75.5684,42.7094,1247,5/12/25,0,49.3
SMI_LAT,-75.5684,42.7094,1247,5/13/25,0,65.3
SMI_LAT,-75.5684,42.7094,1247,5/14/25,0.01,66.6
SMI_LAT,-75.5684,42.7094,1247,5/15/25,0.07,62.1
SMI_LAT,-75.5684,42.7094,1247,5/16/25,0.04,66.7
SMI_LAT,-75.5684,42.7094,1247,5/17/25,0.49,70.5
SMI_LAT,-75.5684,42.7094,1247,5/18/25,0.43,64.7
SMI_LAT,-75.5684,42.7094,1247,5/19/25,0.05,49.1
SMI_LAT,-75.5684,42.7094,1247,5/20/25,0,44.3
SMI_LAT,-75.5684,42.7094,1247,5/21/25,0,46.9
SMI_LAT,-75.5684,42.7094,1247,5/22/25,0.34,47.2
SMI_LAT,-75.5684,42.7094,1247,5/23/25,0.11,46.5
SMI_LAT,-75.5684,42.7094,1247,5/24/25,0.2,47.5
SMI_LAT,-75.5684,42.7094,1247,5/25/25,0.16,50
SMI_LAT,-75.5684,42.7094,1247,5/26/25,0,49.3
SMI_LAT,-75.5684,42.7094,1247,5/27/25,0,54.9
SMI_LAT,-75.5684,42.7094,1247,5/28/25,0,59.1
SMI_LAT,-75.5684,42.7094,1247,5/29/25,0.13,61
SMI_LAT,-75.5684,42.7094,1247,5/30/25,0.01,59.3
SMI_LAT,-75.5684,42.7094,1247,5/31/25,0.2,62
SMI_LAT,-75.5684,42.7094,1247,6/1/25,0.27,48.5
SMI_LAT,-75.5684,42.7094,1247,6/2/25,0.06,47.8
SMI_LAT,-75.5684,42.7094,1247,6/3/25,0,53.7
SMI_LAT,-75.5684,42.7094,1247,6/4/25,0,64.6
SMI_LAT,-75.5684,42.7094,1247,6/5/25,0,74
SMI_LAT,-75.5684,42.7094,1247,6/6/25,0.31,74.4
SMI_LAT,-75.5684,42.7094,1247,6/7/25,1.84,67.2
SMI_LAT,-75.5684,42.7094,1247,6/8/25,0.18,63.6
SMI_LAT,-75.5684,42.7094,1247,6/9/25,0.21,66.2
SMI_LAT,-75.5684,42.7094,1247,6/10/25,0.54,66
SMI_LAT,-75.5684,42.7094,1247,6/11/25,0.25,62.1
SMI_LAT,-75.5684,42.7094,1247,6/12/25,0,67.1
SMI_LAT,-75.5684,42.7094,1247,6/13/25,0,61.8
SMI_LAT,-75.5684,42.7094,1247,6/14/25,0.28,63
SMI_LAT,-75.5684,42.7094,1247,6/15/25,0,59.1
SMI_LAT,-75.5684,42.7094,1247,6/16/25,0,64.3
SMI_LAT,-75.5684,42.7094,1247,6/17/25,0.03,65.4
SMI_LAT,-75.5684,42.7094,1247,6/18/25,0.02,65.9
SMI_LAT,-75.5684,42.7094,1247,6/19/25,0.02,74
SMI_LAT,-75.5684,42.7094,1247,6/20/25,0.39,70.2
SMI_LAT,-75.5684,42.7094,1247,6/21/25,0.03,65.2
SMI_LAT,-75.5684,42.7094,1247,6/22/25,3.32,73
SMI_LAT,-75.5684,42.7094,1247,6/23/25,0.31,74.4
SMI_LAT,-75.5684,42.7094,1247,6/24/25,0,78.8
SMI_LAT,-75.5684,42.7094,1247,6/25/25,0,79.3
SMI_LAT,-75.5684,42.7094,1247,6/26/25,0,74.5
SMI_LAT,-75.5684,42.7094,1247,6/27/25,0.56,62.9
SMI_LAT,-75.5684,42.7094,1247,6/28/25,0.07,62.7
SMI_LAT,-75.5684,42.7094,1247,6/29/25,0.1,69.8
SMI_LAT,-75.5684,42.7094,1247,6/30/25,0,66.3
,,,,,,
SMI_MCC,-74.8422,43.1153,1237,1/1/25,0.71,37
SMI_MCC,-74.8422,43.1153,1237,1/2/25,0.07,30
SMI_MCC,-74.8422,43.1153,1237,1/3/25,1.18,26.3
SMI_MCC,-74.8422,43.1153,1237,1/4/25,0.04,19
SMI_MCC,-74.8422,43.1153,1237,1/5/25,0.13,16.8
SMI_MCC,-74.8422,43.1153,1237,1/6/25,0,14.7
SMI_MCC,-74.8422,43.1153,1237,1/7/25,0,9.1
SMI_MCC,-74.8422,43.1153,1237,1/8/25,0.02,13.2
SMI_MCC,-74.8422,43.1153,1237,1/9/25,0.02,11.5
SMI_MCC,-74.8422,43.1153,1237,1/10/25,0,14.5
SMI_MCC,-74.8422,43.1153,1237,1/11/25,0.07,17.8
SMI_MCC,-74.8422,43.1153,1237,1/12/25,0,20.1
SMI_MCC,-74.8422,43.1153,1237,1/13/25,0,24.4
SMI_MCC,-74.8422,43.1153,1237,1/14/25,0.07,22.8
SMI_MCC,-74.8422,43.1153,1237,1/15/25,0.02,14.7
SMI_MCC,-74.8422,43.1153,1237,1/16/25,0.01,15.1
SMI_MCC,-74.8422,43.1153,1237,1/17/25,0.03,17.7
SMI_MCC,-74.8422,43.1153,1237,1/18/25,0,24.6
SMI_MCC,-74.8422,43.1153,1237,1/19/25,0.15,28
SMI_MCC,-74.8422,43.1153,1237,1/20/25,0,12.4
SMI_MCC,-74.8422,43.1153,1237,1/21/25,0,4.1
SMI_MCC,-74.8422,43.1153,1237,1/22/25,0,-1.7
SMI_MCC,-74.8422,43.1153,1237,1/23/25,0,-1.5
SMI_MCC,-74.8422,43.1153,1237,1/24/25,0.04,14.6
SMI_MCC,-74.8422,43.1153,1237,1/25/25,0,10.8
SMI_MCC,-74.8422,43.1153,1237,1/26/25,0,14.6
SMI_MCC,-74.8422,43.1153,1237,1/27/25,0.02,23.1
SMI_MCC,-74.8422,43.1153,1237,1/28/25,0.12,25.3
SMI_MCC,-74.8422,43.1153,1237,1/29/25,0.32,18.5
SMI_MCC,-74.8422,43.1153,1237,1/30/25,0.13,18.5
SMI_MCC,-74.8422,43.1153,1237,1/31/25,0,16.1
SMI_MCC,-74.8422,43.1153,1237,2/1/25,0.38,22.8
SMI_MCC,-74.8422,43.1153,1237,2/2/25,0,1.3
SMI_MCC,-74.8422,43.1153,1237,2/3/25,0.12,8.8
SMI_MCC,-74.8422,43.1153,1237,2/4/25,0.13,29.7
SMI_MCC,-74.8422,43.1153,1237,2/5/25,0,15.4
SMI_MCC,-74.8422,43.1153,1237,2/6/25,0,10.1
SMI_MCC,-74.8422,43.1153,1237,2/7/25,0.15,22.3
SMI_MCC,-74.8422,43.1153,1237,2/8/25,0,19.4
SMI_MCC,-74.8422,43.1153,1237,2/9/25,0.45,21
SMI_MCC,-74.8422,43.1153,1237,2/10/25,0,22.8
SMI_MCC,-74.8422,43.1153,1237,2/11/25,0.02,17
SMI_MCC,-74.8422,43.1153,1237,2/12/25,0,13
SMI_MCC,-74.8422,43.1153,1237,2/13/25,0.05,15.7
SMI_MCC,-74.8422,43.1153,1237,2/14/25,0.39,24.1
SMI_MCC,-74.8422,43.1153,1237,2/15/25,0,16.3
SMI_MCC,-74.8422,43.1153,1237,2/16/25,0.3,19
SMI_MCC,-74.8422,43.1153,1237,2/17/25,0.98,21.7
SMI_MCC,-74.8422,43.1153,1237,2/18/25,0,11.7
SMI_MCC,-74.8422,43.1153,1237,2/19/25,0,8.3
SMI_MCC,-74.8422,43.1153,1237,2/20/25,0,7.1
SMI_MCC,-74.8422,43.1153,1237,2/21/25,0,7.9
SMI_MCC,-74.8422,43.1153,1237,2/22/25,0.01,12.1
SMI_MCC,-74.8422,43.1153,1237,2/23/25,0,21.7
SMI_MCC,-74.8422,43.1153,1237,2/24/25,0.02,24.7
SMI_MCC,-74.8422,43.1153,1237,2/25/25,0,34.2
SMI_MCC,-74.8422,43.1153,1237,2/26/25,0.27,37
SMI_MCC,-74.8422,43.1153,1237,2/27/25,0.09,32.4
SMI_MCC,-74.8422,43.1153,1237,2/28/25,0.16,33.6
SMI_MCC,-74.8422,43.1153,1237,3/1/25,0.09,30.3
SMI_MCC,-74.8422,43.1153,1237,3/2/25,0.02,20.4
SMI_MCC,-74.8422,43.1153,1237,3/3/25,0,6.7
SMI_MCC,-74.8422,43.1153,1237,3/4/25,0,14.2
SMI_MCC,-74.8422,43.1153,1237,3/5/25,0,29.1
SMI_MCC,-74.8422,43.1153,1237,3/6/25,0.44,37.9
SMI_MCC,-74.8422,43.1153,1237,3/7/25,0,29.4
SMI_MCC,-74.8422,43.1153,1237,3/8/25,0.02,26.8
SMI_MCC,-74.8422,43.1153,1237,3/9/25,0,24.8
SMI_MCC,-74.8422,43.1153,1237,3/10/25,0,30.5
SMI_MCC,-74.8422,43.1153,1237,3/11/25,0,37.7
SMI_MCC,-74.8422,43.1153,1237,3/12/25,0,42.8
SMI_MCC,-74.8422,43.1153,1237,3/13/25,0,29.8
SMI_MCC,-74.8422,43.1153,1237,3/14/25,0,37
SMI_MCC,-74.8422,43.1153,1237,3/15/25,0,42.8
SMI_MCC,-74.8422,43.1153,1237,3/16/25,0,48.4
SMI_MCC,-74.8422,43.1153,1237,3/17/25,0.41,50.4
SMI_MCC,-74.8422,43.1153,1237,3/18/25,0.01,28.8
SMI_MCC,-74.8422,43.1153,1237,3/19/25,0,37.4
SMI_MCC,-74.8422,43.1153,1237,3/20/25,0,52.4
SMI_MCC,-74.8422,43.1153,1237,3/21/25,0.17,47.3
SMI_MCC,-74.8422,43.1153,1237,3/22/25,0,30
SMI_MCC,-74.8422,43.1153,1237,3/23/25,0.05,32.4
SMI_MCC,-74.8422,43.1153,1237,3/24/25,0.04,25
SMI_MCC,-74.8422,43.1153,1237,3/25/25,0.1,36.4
SMI_MCC,-74.8422,43.1153,1237,3/26/25,0,30.9
SMI_MCC,-74.8422,43.1153,1237,3/27/25,0,29.6
SMI_MCC,-74.8422,43.1153,1237,3/28/25,0,33.4
SMI_MCC,-74.8422,43.1153,1237,3/29/25,0.25,40.2
SMI_MCC,-74.8422,43.1153,1237,3/30/25,0.28,35.7
SMI_MCC,-74.8422,43.1153,1237,3/31/25,0.07,39.9
SMI_MCC,-74.8422,43.1153,1237,4/1/25,0.04,48.4
SMI_MCC,-74.8422,43.1153,1237,4/2/25,0,31.7
SMI_MCC,-74.8422,43.1153,1237,4/3/25,1.05,32.3
SMI_MCC,-74.8422,43.1153,1237,4/4/25,0.04,52.2
SMI_MCC,-74.8422,43.1153,1237,4/5/25,0,43.8
SMI_MCC,-74.8422,43.1153,1237,4/6/25,0.54,40.6
SMI_MCC,-74.8422,43.1153,1237,4/7/25,0.02,37.6
SMI_MCC,-74.8422,43.1153,1237,4/8/25,0.02,32.3
SMI_MCC,-74.8422,43.1153,1237,4/9/25,0,22.8
SMI_MCC,-74.8422,43.1153,1237,4/10/25,0,27.4
SMI_MCC,-74.8422,43.1153,1237,4/11/25,0.15,35.2
SMI_MCC,-74.8422,43.1153,1237,4/12/25,0.17,38.5
SMI_MCC,-74.8422,43.1153,1237,4/13/25,0.15,37.6
SMI_MCC,-74.8422,43.1153,1237,4/14/25,0,43.5
SMI_MCC,-74.8422,43.1153,1237,4/15/25,0.05,50.4
SMI_MCC,-74.8422,43.1153,1237,4/16/25,0,43.9
SMI_MCC,-74.8422,43.1153,1237,4/17/25,0.02,33.1
SMI_MCC,-74.8422,43.1153,1237,4/18/25,0,37.8
SMI_MCC,-74.8422,43.1153,1237,4/19/25,0,52.8
SMI_MCC,-74.8422,43.1153,1237,4/20/25,0.36,53.6
SMI_MCC,-74.8422,43.1153,1237,4/21/25,0,41.1
SMI_MCC,-74.8422,43.1153,1237,4/22/25,0.22,46.6
SMI_MCC,-74.8422,43.1153,1237,4/23/25,0,47.5
SMI_MCC,-74.8422,43.1153,1237,4/24/25,0,50.2
SMI_MCC,-74.8422,43.1153,1237,4/25/25,0,59.3
SMI_MCC,-74.8422,43.1153,1237,4/26/25,0.81,61.8
SMI_MCC,-74.8422,43.1153,1237,4/27/25,0.15,49.5
SMI_MCC,-74.8422,43.1153,1237,4/28/25,0.02,44.9
SMI_MCC,-74.8422,43.1153,1237,4/29/25,0,55.3
SMI_MCC,-74.8422,43.1153,1237,4/30/25,0.81,61.7
SMI_MCC,-74.8422,43.1153,1237,5/1/25,0,44.7
SMI_MCC,-74.8422,43.1153,1237,5/2/25,0.25,55.2
SMI_MCC,-74.8422,43.1153,1237,5/3/25,0.1,62.8
SMI_MCC,-74.8422,43.1153,1237,5/4/25,0.28,54.8
SMI_MCC,-74.8422,43.1153,1237,5/5/25,0.46,54.3
SMI_MCC,-74.8422,43.1153,1237,5/6/25,0.09,56.6
SMI_MCC,-74.8422,43.1153,1237,5/7/25,0.6,57.8
SMI_MCC,-74.8422,43.1153,1237,5/8/25,0.05,53.8
SMI_MCC,-74.8422,43.1153,1237,5/9/25,0.16,50.5
SMI_MCC,-74.8422,43.1153,1237,5/10/25,0.99,45.9
SMI_MCC,-74.8422,43.1153,1237,5/11/25,0,51.7
SMI_MCC,-74.8422,43.1153,1237,5/12/25,0,49.6
SMI_MCC,-74.8422,43.1153,1237,5/13/25,0,63.8
SMI_MCC,-74.8422,43.1153,1237,5/14/25,0,66.1
SMI_MCC,-74.8422,43.1153,1237,5/15/25,0,63.2
SMI_MCC,-74.8422,43.1153,1237,5/16/25,0,66
SMI_MCC,-74.8422,43.1153,1237,5/17/25,0,69.7
SMI_MCC,-74.8422,43.1153,1237,5/18/25,0.6,64.3
SMI_MCC,-74.8422,43.1153,1237,5/19/25,0.07,47.8
SMI_MCC,-74.8422,43.1153,1237,5/20/25,0,43.5
SMI_MCC,-74.8422,43.1153,1237,5/21/25,0,47.7
SMI_MCC,-74.8422,43.1153,1237,5/22/25,0.28,46.9
SMI_MCC,-74.8422,43.1153,1237,5/23/25,0.21,43.8
SMI_MCC,-74.8422,43.1153,1237,5/24/25,0.28,45.1
SMI_MCC,-74.8422,43.1153,1237,5/25/25,0.12,49.1
SMI_MCC,-74.8422,43.1153,1237,5/26/25,0.22,49.8
SMI_MCC,-74.8422,43.1153,1237,5/27/25,0.08,53.6
SMI_MCC,-74.8422,43.1153,1237,5/28/25,0,58.7
SMI_MCC,-74.8422,43.1153,1237,5/29/25,0.04,62.8
SMI_MCC,-74.8422,43.1153,1237,5/30/25,0.03,56.9
SMI_MCC,-74.8422,43.1153,1237,5/31/25,0.18,60.4
SMI_MCC,-74.8422,43.1153,1237,6/1/25,0.2,48.3
SMI_MCC,-74.8422,43.1153,1237,6/2/25,0.02,49
SMI_MCC,-74.8422,43.1153,1237,6/3/25,0,52.4
SMI_MCC,-74.8422,43.1153,1237,6/4/25,0,63.4
SMI_MCC,-74.8422,43.1153,1237,6/5/25,0,72.3
SMI_MCC,-74.8422,43.1153,1237,6/6/25,0.05,73.2
SMI_MCC,-74.8422,43.1153,1237,6/7/25,1,65.9
SMI_MCC,-74.8422,43.1153,1237,6/8/25,0.16,62.6
SMI_MCC,-74.8422,43.1153,1237,6/9/25,0.36,64.4
SMI_MCC,-74.8422,43.1153,1237,6/10/25,0.58,61.5
SMI_MCC,-74.8422,43.1153,1237,6/11/25,0.19,61.1
SMI_MCC,-74.8422,43.1153,1237,6/12/25,0,65.3
SMI_MCC,-74.8422,43.1153,1237,6/13/25,0,59.3
SMI_MCC,-74.8422,43.1153,1237,6/14/25,0.13,60.7
SMI_MCC,-74.8422,43.1153,1237,6/15/25,0,56.6
SMI_MCC,-74.8422,43.1153,1237,6/16/25,0,62
SMI_MCC,-74.8422,43.1153,1237,6/17/25,0.04,65.1
SMI_MCC,-74.8422,43.1153,1237,6/18/25,0,62.7
SMI_MCC,-74.8422,43.1153,1237,6/19/25,0.02,73
SMI_MCC,-74.8422,43.1153,1237,6/20/25,0.09,70.3
SMI_MCC,-74.8422,43.1153,1237,6/21/25,0,61.3
SMI_MCC,-74.8422,43.1153,1237,6/22/25,0.78,71.3
SMI_MCC,-74.8422,43.1153,1237,6/23/25,0,72.9
SMI_MCC,-74.8422,43.1153,1237,6/24/25,0,79
SMI_MCC,-74.8422,43.1153,1237,6/25/25,0,79.3
SMI_MCC,-74.8422,43.1153,1237,6/26/25,0,74.1
SMI_MCC,-74.8422,43.1153,1237,6/27/25,0.15,62.3
SMI_MCC,-74.8422,43.1153,1237,6/28/25,0.22,61.8
SMI_MCC,-74.8422,43.1153,1237,6/29/25,0.61,68.8
SMI_MCC,-74.8422,43.1153,1237,6/30/25,0,62.7
,,,,,,
STA_BLO,-77.5712,42.8921,873,1/1/25,0.05,40.7
STA_BLO,-77.5712,42.8921,873,1/2/25,0.07,35
STA_BLO,-77.5712,42.8921,873,1/3/25,0,28.7
STA_BLO,-77.5712,42.8921,873,1/4/25,0.02,25.9
STA_BLO,-77.5712,42.8921,873,1/5/25,0,22.6
STA_BLO,-77.5712,42.8921,873,1/6/25,0,21.9
STA_BLO,-77.5712,42.8921,873,1/7/25,0.03,16.4
STA_BLO,-77.5712,42.8921,873,1/8/25,0.03,18.1
STA_BLO,-77.5712,42.8921,873,1/9/25,0,15
STA_BLO,-77.5712,42.8921,873,1/10/25,0,16.3
STA_BLO,-77.5712,42.8921,873,1/11/25,0.08,19.7
STA_BLO,-77.5712,42.8921,873,1/12/25,0,24
STA_BLO,-77.5712,42.8921,873,1/13/25,0,29.4
STA_BLO,-77.5712,42.8921,873,1/14/25,0.02,24.7
STA_BLO,-77.5712,42.8921,873,1/15/25,0,18.6
STA_BLO,-77.5712,42.8921,873,1/16/25,0,20.2
STA_BLO,-77.5712,42.8921,873,1/17/25,0.08,24
STA_BLO,-77.5712,42.8921,873,1/18/25,0,33.8
STA_BLO,-77.5712,42.8921,873,1/19/25,0.11,28.7
STA_BLO,-77.5712,42.8921,873,1/20/25,0,16.6
STA_BLO,-77.5712,42.8921,873,1/21/25,0.03,8.8
STA_BLO,-77.5712,42.8921,873,1/22/25,0,5.3
STA_BLO,-77.5712,42.8921,873,1/23/25,0,7.3
STA_BLO,-77.5712,42.8921,873,1/24/25,0,22.2
STA_BLO,-77.5712,42.8921,873,1/25/25,0,18.3
STA_BLO,-77.5712,42.8921,873,1/26/25,0,22
STA_BLO,-77.5712,42.8921,873,1/27/25,0,26.8
STA_BLO,-77.5712,42.8921,873,1/28/25,0.06,26.6
STA_BLO,-77.5712,42.8921,873,1/29/25,0.08,26.1
STA_BLO,-77.5712,42.8921,873,1/30/25,0.05,25.6
STA_BLO,-77.5712,42.8921,873,1/31/25,0,27.9
STA_BLO,-77.5712,42.8921,873,2/1/25,0.47,25.9
STA_BLO,-77.5712,42.8921,873,2/2/25,0,7.9
STA_BLO,-77.5712,42.8921,873,2/3/25,0.03,22
STA_BLO,-77.5712,42.8921,873,2/4/25,0.08,35.4
STA_BLO,-77.5712,42.8921,873,2/5/25,0,23
STA_BLO,-77.5712,42.8921,873,2/6/25,0.05,21.1
STA_BLO,-77.5712,42.8921,873,2/7/25,0.05,29.6
STA_BLO,-77.5712,42.8921,873,2/8/25,0,20.7
STA_BLO,-77.5712,42.8921,873,2/9/25,0.65,24.5
STA_BLO,-77.5712,42.8921,873,2/10/25,0,24.4
STA_BLO,-77.5712,42.8921,873,2/11/25,0,20.4
STA_BLO,-77.5712,42.8921,873,2/12/25,0,22.5
STA_BLO,-77.5712,42.8921,873,2/13/25,0.09,29.2
STA_BLO,-77.5712,42.8921,873,2/14/25,0.01,30.1
STA_BLO,-77.5712,42.8921,873,2/15/25,0,21.8
STA_BLO,-77.5712,42.8921,873,2/16/25,0.51,27
STA_BLO,-77.5712,42.8921,873,2/17/25,0.4,23.9
STA_BLO,-77.5712,42.8921,873,2/18/25,0,14
STA_BLO,-77.5712,42.8921,873,2/19/25,0,13.1
STA_BLO,-77.5712,42.8921,873,2/20/25,0,16.8
STA_BLO,-77.5712,42.8921,873,2/21/25,0.02,16
STA_BLO,-77.5712,42.8921,873,2/22/25,0,16.7
STA_BLO,-77.5712,42.8921,873,2/23/25,0,27.5
STA_BLO,-77.5712,42.8921,873,2/24/25,0,30.8
STA_BLO,-77.5712,42.8921,873,2/25/25,0,41.7
STA_BLO,-77.5712,42.8921,873,2/26/25,0.09,39.2
STA_BLO,-77.5712,42.8921,873,2/27/25,0.03,37.3
STA_BLO,-77.5712,42.8921,873,2/28/25,0.11,35.4
STA_BLO,-77.5712,42.8921,873,3/1/25,0.07,35.6
STA_BLO,-77.5712,42.8921,873,3/2/25,0,19
STA_BLO,-77.5712,42.8921,873,3/3/25,0,14.6
STA_BLO,-77.5712,42.8921,873,3/4/25,0,27.5
STA_BLO,-77.5712,42.8921,873,3/5/25,0.01,45.5
STA_BLO,-77.5712,42.8921,873,3/6/25,0.22,46
STA_BLO,-77.5712,42.8921,873,3/7/25,0,31
STA_BLO,-77.5712,42.8921,873,3/8/25,0.02,30.7
STA_BLO,-77.5712,42.8921,873,3/9/25,0,28.8
STA_BLO,-77.5712,42.8921,873,3/10/25,0,38.2
STA_BLO,-77.5712,42.8921,873,3/11/25,0,47.9
STA_BLO,-77.5712,42.8921,873,3/12/25,0,43.4
STA_BLO,-77.5712,42.8921,873,3/13/25,0,30.6
STA_BLO,-77.5712,42.8921,873,3/14/25,0,43
STA_BLO,-77.5712,42.8921,873,3/15/25,0,50.1
STA_BLO,-77.5712,42.8921,873,3/16/25,0,56
STA_BLO,-77.5712,42.8921,873,3/17/25,0.34,51.1
STA_BLO,-77.5712,42.8921,873,3/18/25,0,29.6
STA_BLO,-77.5712,42.8921,873,3/19/25,0,47
STA_BLO,-77.5712,42.8921,873,3/20/25,0,60.7
STA_BLO,-77.5712,42.8921,873,3/21/25,0.45,42.5
STA_BLO,-77.5712,42.8921,873,3/22/25,0,36.9
STA_BLO,-77.5712,42.8921,873,3/23/25,0.02,36.6
STA_BLO,-77.5712,42.8921,873,3/24/25,0.03,33.6
STA_BLO,-77.5712,42.8921,873,3/25/25,0,44.8
STA_BLO,-77.5712,42.8921,873,3/26/25,0,32.7
STA_BLO,-77.5712,42.8921,873,3/27/25,0.02,29.4
STA_BLO,-77.5712,42.8921,873,3/28/25,0,37.1
STA_BLO,-77.5712,42.8921,873,3/29/25,0.08,44.9
STA_BLO,-77.5712,42.8921,873,3/30/25,0.12,36.3
STA_BLO,-77.5712,42.8921,873,3/31/25,0.16,52.3
STA_BLO,-77.5712,42.8921,873,4/1/25,0,47.4
STA_BLO,-77.5712,42.8921,873,4/2/25,0,33.4
STA_BLO,-77.5712,42.8921,873,4/3/25,0.67,42.5
STA_BLO,-77.5712,42.8921,873,4/4/25,0,53.4
STA_BLO,-77.5712,42.8921,873,4/5/25,0.03,46.1
STA_BLO,-77.5712,42.8921,873,4/6/25,0.33,48.6
STA_BLO,-77.5712,42.8921,873,4/7/25,0,36.1
STA_BLO,-77.5712,42.8921,873,4/8/25,0.06,36.9
STA_BLO,-77.5712,42.8921,873,4/9/25,0,26.2
STA_BLO,-77.5712,42.8921,873,4/10/25,0,33
STA_BLO,-77.5712,42.8921,873,4/11/25,0.4,36.9
STA_BLO,-77.5712,42.8921,873,4/12/25,0.04,40.2
STA_BLO,-77.5712,42.8921,873,4/13/25,0.03,38.8
STA_BLO,-77.5712,42.8921,873,4/14/25,0,46.8
STA_BLO,-77.5712,42.8921,873,4/15/25,0,55.6
STA_BLO,-77.5712,42.8921,873,4/16/25,0.07,43.4
STA_BLO,-77.5712,42.8921,873,4/17/25,0.04,33.8
STA_BLO,-77.5712,42.8921,873,4/18/25,0,43.7
STA_BLO,-77.5712,42.8921,873,4/19/25,0.13,60.4
STA_BLO,-77.5712,42.8921,873,4/20/25,0.35,55.2
STA_BLO,-77.5712,42.8921,873,4/21/25,0,44.9
STA_BLO,-77.5712,42.8921,873,4/22/25,0.23,58.3
STA_BLO,-77.5712,42.8921,873,4/23/25,0,47.9
STA_BLO,-77.5712,42.8921,873,4/24/25,0,56.3
STA_BLO,-77.5712,42.8921,873,4/25/25,0.01,66.3
STA_BLO,-77.5712,42.8921,873,4/26/25,0.23,62.2
STA_BLO,-77.5712,42.8921,873,4/27/25,0.05,50.6
STA_BLO,-77.5712,42.8921,873,4/28/25,0,49.7
STA_BLO,-77.5712,42.8921,873,4/29/25,0,60.4
STA_BLO,-77.5712,42.8921,873,4/30/25,0.42,61.8
STA_BLO,-77.5712,42.8921,873,5/1/25,0,47.8
STA_BLO,-77.5712,42.8921,873,5/2/25,0.41,63
STA_BLO,-77.5712,42.8921,873,5/3/25,0.22,58.5
STA_BLO,-77.5712,42.8921,873,5/4/25,0.22,46.5
STA_BLO,-77.5712,42.8921,873,5/5/25,0.06,51.3
STA_BLO,-77.5712,42.8921,873,5/6/25,0.28,62.6
STA_BLO,-77.5712,42.8921,873,5/7/25,0.82,61.6
STA_BLO,-77.5712,42.8921,873,5/8/25,0,55.7
STA_BLO,-77.5712,42.8921,873,5/9/25,0,43.3
STA_BLO,-77.5712,42.8921,873,5/10/25,0,46.3
STA_BLO,-77.5712,42.8921,873,5/11/25,0,55.5
STA_BLO,-77.5712,42.8921,873,5/12/25,0,51.7
STA_BLO,-77.5712,42.8921,873,5/13/25,0,69.9
STA_BLO,-77.5712,42.8921,873,5/14/25,0.1,66.8
STA_BLO,-77.5712,42.8921,873,5/15/25,0,62.7
STA_BLO,-77.5712,42.8921,873,5/16/25,0.16,68.2
STA_BLO,-77.5712,42.8921,873,5/17/25,0,70.8
STA_BLO,-77.5712,42.8921,873,5/18/25,0.23,64.9
STA_BLO,-77.5712,42.8921,873,5/19/25,0,51.2
STA_BLO,-77.5712,42.8921,873,5/20/25,0,46.5
STA_BLO,-77.5712,42.8921,873,5/21/25,0,49.5
STA_BLO,-77.5712,42.8921,873,5/22/25,0.65,49.8
STA_BLO,-77.5712,42.8921,873,5/23/25,0.38,50.9
STA_BLO,-77.5712,42.8921,873,5/24/25,0.05,48.3
STA_BLO,-77.5712,42.8921,873,5/25/25,0.16,50
STA_BLO,-77.5712,42.8921,873,5/26/25,0.17,51.3
STA_BLO,-77.5712,42.8921,873,5/27/25,0,57.5
STA_BLO,-77.5712,42.8921,873,5/28/25,0,60.1
STA_BLO,-77.5712,42.8921,873,5/29/25,1.25,58.5
STA_BLO,-77.5712,42.8921,873,5/30/25,0,62.2
STA_BLO,-77.5712,42.8921,873,5/31/25,0.02,62.6
STA_BLO,-77.5712,42.8921,873,6/1/25,0.04,48.8
STA_BLO,-77.5712,42.8921,873,6/2/25,0,51.5
STA_BLO,-77.5712,42.8921,873,6/3/25,0,60.1
STA_BLO,-77.5712,42.8921,873,6/4/25,0,70.7
STA_BLO,-77.5712,42.8921,873,6/5/25,0,74.8
STA_BLO,-77.5712,42.8921,873,6/6/25,0.1,71.1
STA_BLO,-77.5712,42.8921,873,6/7/25,0.19,64.7
STA_BLO,-77.5712,42.8921,873,6/8/25,0,64.2
STA_BLO,-77.5712,42.8921,873,6/9/25,0.07,67.3
STA_BLO,-77.5712,42.8921,873,6/10/25,0.88,69.9
STA_BLO,-77.5712,42.8921,873,6/11/25,0,65.6
STA_BLO,-77.5712,42.8921,873,6/12/25,0,71
STA_BLO,-77.5712,42.8921,873,6/13/25,0,63.8
STA_BLO,-77.5712,42.8921,873,6/14/25,0.35,62.6
STA_BLO,-77.5712,42.8921,873,6/15/25,0,63
STA_BLO,-77.5712,42.8921,873,6/16/25,0,65.1
STA_BLO,-77.5712,42.8921,873,6/17/25,0,66.9
STA_BLO,-77.5712,42.8921,873,6/18/25,0,73.8
STA_BLO,-77.5712,42.8921,873,6/19/25,1.96,76.2
STA_BLO,-77.5712,42.8921,873,6/20/25,0.14,70.1
STA_BLO,-77.5712,42.8921,873,6/21/25,0,69.5
STA_BLO,-77.5712,42.8921,873,6/22/25,0,77.4
STA_BLO,-77.5712,42.8921,873,6/23/25,0,81.4
STA_BLO,-77.5712,42.8921,873,6/24/25,0,83
STA_BLO,-77.5712,42.8921,873,6/25/25,0,81.1
STA_BLO,-77.5712,42.8921,873,6/26/25,0.03,73.9
STA_BLO,-77.5712,42.8921,873,6/27/25,0.02,66.3
STA_BLO,-77.5712,42.8921,873,6/28/25,0.45,74
STA_BLO,-77.5712,42.8921,873,6/29/25,0,71
STA_BLO,-77.5712,42.8921,873,6/30/25,0,69.8
,,,,,,
STA_FRE,-76.8167,42.8069,682,1/1/25,0.06,42
STA_FRE,-76.8167,42.8069,682,1/2/25,0.02,38
STA_FRE,-76.8167,42.8069,682,1/3/25,0,31.7
STA_FRE,-76.8167,42.8069,682,1/4/25,0,28.1
STA_FRE,-76.8167,42.8069,682,1/5/25,0,24.9
STA_FRE,-76.8167,42.8069,682,1/6/25,0,22.7
STA_FRE,-76.8167,42.8069,682,1/7/25,0.03,17.1
STA_FRE,-76.8167,42.8069,682,1/8/25,0.05,20.3
STA_FRE,-76.8167,42.8069,682,1/9/25,0,17.3
STA_FRE,-76.8167,42.8069,682,1/10/25,0,19.8
STA_FRE,-76.8167,42.8069,682,1/11/25,0.08,22.6
STA_FRE,-76.8167,42.8069,682,1/12/25,0,26.4
STA_FRE,-76.8167,42.8069,682,1/13/25,0,32.6
STA_FRE,-76.8167,42.8069,682,1/14/25,0,27.7
STA_FRE,-76.8167,42.8069,682,1/15/25,0,21.4
STA_FRE,-76.8167,42.8069,682,1/16/25,0,22.1
STA_FRE,-76.8167,42.8069,682,1/17/25,0.01,25
STA_FRE,-76.8167,42.8069,682,1/18/25,0,33.8
STA_FRE,-76.8167,42.8069,682,1/19/25,0,28.8
STA_FRE,-76.8167,42.8069,682,1/20/25,0,16.8
STA_FRE,-76.8167,42.8069,682,1/21/25,0.04,11.8
STA_FRE,-76.8167,42.8069,682,1/22/25,0,8.9
STA_FRE,-76.8167,42.8069,682,1/23/25,0,10
STA_FRE,-76.8167,42.8069,682,1/24/25,0,23.3
STA_FRE,-76.8167,42.8069,682,1/25/25,0,18.7
STA_FRE,-76.8167,42.8069,682,1/26/25,0.01,24
STA_FRE,-76.8167,42.8069,682,1/27/25,0,28.4
STA_FRE,-76.8167,42.8069,682,1/28/25,0.03,30.8
STA_FRE,-76.8167,42.8069,682,1/29/25,0.03,28.7
STA_FRE,-76.8167,42.8069,682,1/30/25,0.03,28.1
STA_FRE,-76.8167,42.8069,682,1/31/25,0,28
STA_FRE,-76.8167,42.8069,682,2/1/25,0.27,26.7
STA_FRE,-76.8167,42.8069,682,2/2/25,0,10.3
STA_FRE,-76.8167,42.8069,682,2/3/25,0.05,21.9
STA_FRE,-76.8167,42.8069,682,2/4/25,0.03,35.9
STA_FRE,-76.8167,42.8069,682,2/5/25,0,24
STA_FRE,-76.8167,42.8069,682,2/6/25,0.06,21.4
STA_FRE,-76.8167,42.8069,682,2/7/25,0.06,32.2
STA_FRE,-76.8167,42.8069,682,2/8/25,0,23.5
STA_FRE,-76.8167,42.8069,682,2/9/25,0.21,25.3
STA_FRE,-76.8167,42.8069,682,2/10/25,0,26.8
STA_FRE,-76.8167,42.8069,682,2/11/25,0,22.9
STA_FRE,-76.8167,42.8069,682,2/12/25,0,23.1
STA_FRE,-76.8167,42.8069,682,2/13/25,0.06,27.4
STA_FRE,-76.8167,42.8069,682,2/14/25,0.04,32.1
STA_FRE,-76.8167,42.8069,682,2/15/25,0,23.6
STA_FRE,-76.8167,42.8069,682,2/16/25,0.31,27.5
STA_FRE,-76.8167,42.8069,682,2/17/25,0.53,25.3
STA_FRE,-76.8167,42.8069,682,2/18/25,0,16.8
STA_FRE,-76.8167,42.8069,682,2/19/25,0,15.4
STA_FRE,-76.8167,42.8069,682,2/20/25,0,18.4
STA_FRE,-76.8167,42.8069,682,2/21/25,0.03,17.9
STA_FRE,-76.8167,42.8069,682,2/22/25,0,18.4
STA_FRE,-76.8167,42.8069,682,2/23/25,0,29
STA_FRE,-76.8167,42.8069,682,2/24/25,0,32.1
STA_FRE,-76.8167,42.8069,682,2/25/25,0,40.8
STA_FRE,-76.8167,42.8069,682,2/26/25,0.08,39.2
STA_FRE,-76.8167,42.8069,682,2/27/25,0.07,37.9
STA_FRE,-76.8167,42.8069,682,2/28/25,0.2,37.5
STA_FRE,-76.8167,42.8069,682,3/1/25,0.01,36.2
STA_FRE,-76.8167,42.8069,682,3/2/25,0,24.3
STA_FRE,-76.8167,42.8069,682,3/3/25,0,15.8
STA_FRE,-76.8167,42.8069,682,3/4/25,0,27.5
STA_FRE,-76.8167,42.8069,682,3/5/25,0,42.1
STA_FRE,-76.8167,42.8069,682,3/6/25,0.56,47.2
STA_FRE,-76.8167,42.8069,682,3/7/25,0,33.9
STA_FRE,-76.8167,42.8069,682,3/8/25,0.02,31.4
STA_FRE,-76.8167,42.8069,682,3/9/25,0,29.8
STA_FRE,-76.8167,42.8069,682,3/10/25,0,38.1
STA_FRE,-76.8167,42.8069,682,3/11/25,0,48.3
STA_FRE,-76.8167,42.8069,682,3/12/25,0,46.9
STA_FRE,-76.8167,42.8069,682,3/13/25,0,32.2
STA_FRE,-76.8167,42.8069,682,3/14/25,0,43.6
STA_FRE,-76.8167,42.8069,682,3/15/25,0,49.5
STA_FRE,-76.8167,42.8069,682,3/16/25,0,53.2
STA_FRE,-76.8167,42.8069,682,3/17/25,0.13,51.3
STA_FRE,-76.8167,42.8069,682,3/18/25,0,29.4
STA_FRE,-76.8167,42.8069,682,3/19/25,0,45.3
STA_FRE,-76.8167,42.8069,682,3/20/25,0,59.5
STA_FRE,-76.8167,42.8069,682,3/21/25,0.06,45.8
STA_FRE,-76.8167,42.8069,682,3/22/25,0,37.1
STA_FRE,-76.8167,42.8069,682,3/23/25,0,37.4
STA_FRE,-76.8167,42.8069,682,3/24/25,0.03,33.5
STA_FRE,-76.8167,42.8069,682,3/25/25,0,46.2
STA_FRE,-76.8167,42.8069,682,3/26/25,0,33.3
STA_FRE,-76.8167,42.8069,682,3/27/25,0.04,31.5
STA_FRE,-76.8167,42.8069,682,3/28/25,0,38.2
STA_FRE,-76.8167,42.8069,682,3/29/25,0.07,45.7
STA_FRE,-76.8167,42.8069,682,3/30/25,0.15,38.2
STA_FRE,-76.8167,42.8069,682,3/31/25,0.06,54.5
STA_FRE,-76.8167,42.8069,682,4/1/25,0,50.2
STA_FRE,-76.8167,42.8069,682,4/2/25,0,33.4
STA_FRE,-76.8167,42.8069,682,4/3/25,0.5,40.3
STA_FRE,-76.8167,42.8069,682,4/4/25,0,55
STA_FRE,-76.8167,42.8069,682,4/5/25,0,44.8
STA_FRE,-76.8167,42.8069,682,4/6/25,0.36,46.1
STA_FRE,-76.8167,42.8069,682,4/7/25,0,37
STA_FRE,-76.8167,42.8069,682,4/8/25,0.05,36.6
STA_FRE,-76.8167,42.8069,682,4/9/25,0,27
STA_FRE,-76.8167,42.8069,682,4/10/25,0,33.4
STA_FRE,-76.8167,42.8069,682,4/11/25,0.36,36.7
STA_FRE,-76.8167,42.8069,682,4/12/25,0.11,40.5
STA_FRE,-76.8167,42.8069,682,4/13/25,0.04,40.8
STA_FRE,-76.8167,42.8069,682,4/14/25,0,46.4
STA_FRE,-76.8167,42.8069,682,4/15/25,0,52.7
STA_FRE,-76.8167,42.8069,682,4/16/25,0.01,44.5
STA_FRE,-76.8167,42.8069,682,4/17/25,0.03,35.6
STA_FRE,-76.8167,42.8069,682,4/18/25,0,44.4
STA_FRE,-76.8167,42.8069,682,4/19/25,0,57.7
STA_FRE,-76.8167,42.8069,682,4/20/25,0.24,56.4
STA_FRE,-76.8167,42.8069,682,4/21/25,0,43
STA_FRE,-76.8167,42.8069,682,4/22/25,0.07,54.2
STA_FRE,-76.8167,42.8069,682,4/23/25,0,49.5
STA_FRE,-76.8167,42.8069,682,4/24/25,0.03,55
STA_FRE,-76.8167,42.8069,682,4/25/25,0,65.2
STA_FRE,-76.8167,42.8069,682,4/26/25,0.7,64.6
STA_FRE,-76.8167,42.8069,682,4/27/25,0.12,52.4
STA_FRE,-76.8167,42.8069,682,4/28/25,0,49.5
STA_FRE,-76.8167,42.8069,682,4/29/25,0,58.6
STA_FRE,-76.8167,42.8069,682,4/30/25,0.96,62.5
STA_FRE,-76.8167,42.8069,682,5/1/25,0,47.2
STA_FRE,-76.8167,42.8069,682,5/2/25,0.09,61.5
STA_FRE,-76.8167,42.8069,682,5/3/25,0.25,60.3
STA_FRE,-76.8167,42.8069,682,5/4/25,0.3,48
STA_FRE,-76.8167,42.8069,682,5/5/25,0.16,52.1
STA_FRE,-76.8167,42.8069,682,5/6/25,0.32,62.6
STA_FRE,-76.8167,42.8069,682,5/7/25,1.58,62.3
STA_FRE,-76.8167,42.8069,682,5/8/25,0.09,55.3
STA_FRE,-76.8167,42.8069,682,5/9/25,0,43.5
STA_FRE,-76.8167,42.8069,682,5/10/25,0.05,44.2
STA_FRE,-76.8167,42.8069,682,5/11/25,0,56.7
STA_FRE,-76.8167,42.8069,682,5/12/25,0,49.7
STA_FRE,-76.8167,42.8069,682,5/13/25,0,67.7
STA_FRE,-76.8167,42.8069,682,5/14/25,0.07,65.1
STA_FRE,-76.8167,42.8069,682,5/15/25,0.02,61.9
STA_FRE,-76.8167,42.8069,682,5/16/25,0.19,67.8
STA_FRE,-76.8167,42.8069,682,5/17/25,0.1,71.4
STA_FRE,-76.8167,42.8069,682,5/18/25,0.24,66.5
STA_FRE,-76.8167,42.8069,682,5/19/25,0,52.2
STA_FRE,-76.8167,42.8069,682,5/20/25,0,46.1
STA_FRE,-76.8167,42.8069,682,5/21/25,0,48.5
STA_FRE,-76.8167,42.8069,682,5/22/25,0.56,49.9
STA_FRE,-76.8167,42.8069,682,5/23/25,0.14,50
STA_FRE,-76.8167,42.8069,682,5/24/25,0.15,49.4
STA_FRE,-76.8167,42.8069,682,5/25/25,0.12,50.9
STA_FRE,-76.8167,42.8069,682,5/26/25,0,51.8
STA_FRE,-76.8167,42.8069,682,5/27/25,0,56.7
STA_FRE,-76.8167,42.8069,682,5/28/25,0,60.3
STA_FRE,-76.8167,42.8069,682,5/29/25,0.69,58.7
STA_FRE,-76.8167,42.8069,682,5/30/25,0,62.1
STA_FRE,-76.8167,42.8069,682,5/31/25,0.03,64.4
STA_FRE,-76.8167,42.8069,682,6/1/25,0.03,50.3
STA_FRE,-76.8167,42.8069,682,6/2/25,0.03,51.7
STA_FRE,-76.8167,42.8069,682,6/3/25,0,59
STA_FRE,-76.8167,42.8069,682,6/4/25,0,67.3
STA_FRE,-76.8167,42.8069,682,6/5/25,0,75.5
STA_FRE,-76.8167,42.8069,682,6/6/25,0.56,71.6
STA_FRE,-76.8167,42.8069,682,6/7/25,0.5,65.8
STA_FRE,-76.8167,42.8069,682,6/8/25,0,64.2
STA_FRE,-76.8167,42.8069,682,6/9/25,0.16,67
STA_FRE,-76.8167,42.8069,682,6/10/25,1.39,70.4
STA_FRE,-76.8167,42.8069,682,6/11/25,0.02,66.5
STA_FRE,-76.8167,42.8069,682,6/12/25,0,72.5
STA_FRE,-76.8167,42.8069,682,6/13/25,0,65
STA_FRE,-76.8167,42.8069,682,6/14/25,0.21,63.5
STA_FRE,-76.8167,42.8069,682,6/15/25,0,62.4
STA_FRE,-76.8167,42.8069,682,6/16/25,0,66.5
STA_FRE,-76.8167,42.8069,682,6/17/25,0,67.1
STA_FRE,-76.8167,42.8069,682,6/18/25,0,72.1
STA_FRE,-76.8167,42.8069,682,6/19/25,0.22,75.2
STA_FRE,-76.8167,42.8069,682,6/20/25,0.16,72.2
STA_FRE,-76.8167,42.8069,682,6/21/25,0.05,69.5
STA_FRE,-76.8167,42.8069,682,6/22/25,0,76.9
STA_FRE,-76.8167,42.8069,682,6/23/25,0,81.1
STA_FRE,-76.8167,42.8069,682,6/24/25,0,83.1
STA_FRE,-76.8167,42.8069,682,6/25/25,0,83.5
STA_FRE,-76.8167,42.8069,682,6/26/25,0,76.8
STA_FRE,-76.8167,42.8069,682,6/27/25,0.15,66.9
STA_FRE,-76.8167,42.8069,682,6/28/25,0.07,68
STA_FRE,-76.8167,42.8069,682,6/29/25,0,72.6
STA_FRE,-76.8167,42.8069,682,6/30/25,0,69.8
,,,,,,
STA_KRE,-77.5666,43.0494,630,1/1/25,0.07,40.4
STA_KRE,-77.5666,43.0494,630,1/2/25,0.08,35.9
STA_KRE,-77.5666,43.0494,630,1/3/25,0,29.5
STA_KRE,-77.5666,43.0494,630,1/4/25,0,27.3
STA_KRE,-77.5666,43.0494,630,1/5/25,0,23.4
STA_KRE,-77.5666,43.0494,630,1/6/25,0,22.8
STA_KRE,-77.5666,43.0494,630,1/7/25,0.01,16.8
STA_KRE,-77.5666,43.0494,630,1/8/25,0.08,18.8
STA_KRE,-77.5666,43.0494,630,1/9/25,0,15.5
STA_KRE,-77.5666,43.0494,630,1/10/25,0,17.1
STA_KRE,-77.5666,43.0494,630,1/11/25,0.07,20.2
STA_KRE,-77.5666,43.0494,630,1/12/25,0,24.4
STA_KRE,-77.5666,43.0494,630,1/13/25,0,30
STA_KRE,-77.5666,43.0494,630,1/14/25,0,25.4
STA_KRE,-77.5666,43.0494,630,1/15/25,0.02,19.4
STA_KRE,-77.5666,43.0494,630,1/16/25,0,20.6
STA_KRE,-77.5666,43.0494,630,1/17/25,0.09,23.7
STA_KRE,-77.5666,43.0494,630,1/18/25,0,34.1
STA_KRE,-77.5666,43.0494,630,1/19/25,0.17,29.3
STA_KRE,-77.5666,43.0494,630,1/20/25,0,17.4
STA_KRE,-77.5666,43.0494,630,1/21/25,0.04,9.4
STA_KRE,-77.5666,43.0494,630,1/22/25,0,5.9
STA_KRE,-77.5666,43.0494,630,1/23/25,0,7.3
STA_KRE,-77.5666,43.0494,630,1/24/25,0,22.8
STA_KRE,-77.5666,43.0494,630,1/25/25,0,19.6
STA_KRE,-77.5666,43.0494,630,1/26/25,0,23
STA_KRE,-77.5666,43.0494,630,1/27/25,0,28.3
STA_KRE,-77.5666,43.0494,630,1/28/25,0.08,27.6
STA_KRE,-77.5666,43.0494,630,1/29/25,0.15,26.9
STA_KRE,-77.5666,43.0494,630,1/30/25,0.03,26.1
STA_KRE,-77.5666,43.0494,630,1/31/25,0,27.7
STA_KRE,-77.5666,43.0494,630,2/1/25,0.56,26.2
STA_KRE,-77.5666,43.0494,630,2/2/25,0,8.6
STA_KRE,-77.5666,43.0494,630,2/3/25,0.03,21.1
STA_KRE,-77.5666,43.0494,630,2/4/25,0.15,35.2
STA_KRE,-77.5666,43.0494,630,2/5/25,0,23.5
STA_KRE,-77.5666,43.0494,630,2/6/25,0.07,19.7
STA_KRE,-77.5666,43.0494,630,2/7/25,0.09,29.6
STA_KRE,-77.5666,43.0494,630,2/8/25,0,20.9
STA_KRE,-77.5666,43.0494,630,2/9/25,0.26,25.5
STA_KRE,-77.5666,43.0494,630,2/10/25,0,26
STA_KRE,-77.5666,43.0494,630,2/11/25,0,19.3
STA_KRE,-77.5666,43.0494,630,2/12/25,0,22
STA_KRE,-77.5666,43.0494,630,2/13/25,0.19,29.6
STA_KRE,-77.5666,43.0494,630,2/14/25,0.02,30.3
STA_KRE,-77.5666,43.0494,630,2/15/25,0,22.9
STA_KRE,-77.5666,43.0494,630,2/16/25,0.48,26.3
STA_KRE,-77.5666,43.0494,630,2/17/25,0.57,23.9
STA_KRE,-77.5666,43.0494,630,2/18/25,0,14.4
STA_KRE,-77.5666,43.0494,630,2/19/25,0,14
STA_KRE,-77.5666,43.0494,630,2/20/25,0.02,17.7
STA_KRE,-77.5666,43.0494,630,2/21/25,0.06,17.2
STA_KRE,-77.5666,43.0494,630,2/22/25,0,15.8
STA_KRE,-77.5666,43.0494,630,2/23/25,0,26
STA_KRE,-77.5666,43.0494,630,2/24/25,0,31
STA_KRE,-77.5666,43.0494,630,2/25/25,0,42.1
STA_KRE,-77.5666,43.0494,630,2/26/25,0.15,38.4
STA_KRE,-77.5666,43.0494,630,2/27/25,0.04,37.2
STA_KRE,-77.5666,43.0494,630,2/28/25,0.06,34.4
STA_KRE,-77.5666,43.0494,630,3/1/25,0.01,35.9
STA_KRE,-77.5666,43.0494,630,3/2/25,0,19.3
STA_KRE,-77.5666,43.0494,630,3/3/25,0,15.2
STA_KRE,-77.5666,43.0494,630,3/4/25,0,28.1
STA_KRE,-77.5666,43.0494,630,3/5/25,0,44.7
STA_KRE,-77.5666,43.0494,630,3/6/25,0.48,46.6
STA_KRE,-77.5666,43.0494,630,3/7/25,0.01,31.6
STA_KRE,-77.5666,43.0494,630,3/8/25,0.03,31.1
STA_KRE,-77.5666,43.0494,630,3/9/25,0,29.6
STA_KRE,-77.5666,43.0494,630,3/10/25,0,38.8
STA_KRE,-77.5666,43.0494,630,3/11/25,0,47
STA_KRE,-77.5666,43.0494,630,3/12/25,0,44.3
STA_KRE,-77.5666,43.0494,630,3/13/25,0,31.3
STA_KRE,-77.5666,43.0494,630,3/14/25,0,41.9
STA_KRE,-77.5666,43.0494,630,3/15/25,0,48.7
STA_KRE,-77.5666,43.0494,630,3/16/25,0.01,57
STA_KRE,-77.5666,43.0494,630,3/17/25,0.47,52.1
STA_KRE,-77.5666,43.0494,630,3/18/25,0,29.7
STA_KRE,-77.5666,43.0494,630,3/19/25,0,46.7
STA_KRE,-77.5666,43.0494,630,3/20/25,0,61.6
STA_KRE,-77.5666,43.0494,630,3/21/25,0.47,43.4
STA_KRE,-77.5666,43.0494,630,3/22/25,0,37.5
STA_KRE,-77.5666,43.0494,630,3/23/25,0.04,37
STA_KRE,-77.5666,43.0494,630,3/24/25,0.03,34.3
STA_KRE,-77.5666,43.0494,630,3/25/25,0,45.2
STA_KRE,-77.5666,43.0494,630,3/26/25,0,33.2
STA_KRE,-77.5666,43.0494,630,3/27/25,0.02,29.9
STA_KRE,-77.5666,43.0494,630,3/28/25,0,38
STA_KRE,-77.5666,43.0494,630,3/29/25,0.08,42.7
STA_KRE,-77.5666,43.0494,630,3/30/25,0.23,33.9
STA_KRE,-77.5666,43.0494,630,3/31/25,0.18,50.2
STA_KRE,-77.5666,43.0494,630,4/1/25,0,48
STA_KRE,-77.5666,43.0494,630,4/2/25,0,34
STA_KRE,-77.5666,43.0494,630,4/3/25,1.21,43.2
STA_KRE,-77.5666,43.0494,630,4/4/25,0,53.9
STA_KRE,-77.5666,43.0494,630,4/5/25,0,45.5
STA_KRE,-77.5666,43.0494,630,4/6/25,0.24,50
STA_KRE,-77.5666,43.0494,630,4/7/25,0,37.1
STA_KRE,-77.5666,43.0494,630,4/8/25,0.04,37.1
STA_KRE,-77.5666,43.0494,630,4/9/25,0,25.9
STA_KRE,-77.5666,43.0494,630,4/10/25,0,33.4
STA_KRE,-77.5666,43.0494,630,4/11/25,0.37,36.4
STA_KRE,-77.5666,43.0494,630,4/12/25,0.04,40.8
STA_KRE,-77.5666,43.0494,630,4/13/25,0.02,38.1
STA_KRE,-77.5666,43.0494,630,4/14/25,0,47.5
STA_KRE,-77.5666,43.0494,630,4/15/25,0.01,55
STA_KRE,-77.5666,43.0494,630,4/16/25,0.05,44.1
STA_KRE,-77.5666,43.0494,630,4/17/25,0.02,34.7
STA_KRE,-77.5666,43.0494,630,4/18/25,0,44.1
STA_KRE,-77.5666,43.0494,630,4/19/25,0.05,58.3
STA_KRE,-77.5666,43.0494,630,4/20/25,0.34,56
STA_KRE,-77.5666,43.0494,630,4/21/25,0,45.2
STA_KRE,-77.5666,43.0494,630,4/22/25,0.28,56.7
STA_KRE,-77.5666,43.0494,630,4/23/25,0,47.4
STA_KRE,-77.5666,43.0494,630,4/24/25,0,55.4
STA_KRE,-77.5666,43.0494,630,4/25/25,0,66.2
STA_KRE,-77.5666,43.0494,630,4/26/25,0.16,60.4
STA_KRE,-77.5666,43.0494,630,4/27/25,0.03,51.4
STA_KRE,-77.5666,43.0494,630,4/28/25,0,50.1
STA_KRE,-77.5666,43.0494,630,4/29/25,0,60.2
STA_KRE,-77.5666,43.0494,630,4/30/25,0.2,61.8
STA_KRE,-77.5666,43.0494,630,5/1/25,0,46.9
STA_KRE,-77.5666,43.0494,630,5/2/25,0.51,61.2
STA_KRE,-77.5666,43.0494,630,5/3/25,0.2,59.2
STA_KRE,-77.5666,43.0494,630,5/4/25,0.24,46.2
STA_KRE,-77.5666,43.0494,630,5/5/25,0.02,51.8
STA_KRE,-77.5666,43.0494,630,5/6/25,0.06,60.5
STA_KRE,-77.5666,43.0494,630,5/7/25,0.97,62.1
STA_KRE,-77.5666,43.0494,630,5/8/25,0,56
STA_KRE,-77.5666,43.0494,630,5/9/25,0,43.5
STA_KRE,-77.5666,43.0494,630,5/10/25,0,47.3
STA_KRE,-77.5666,43.0494,630,5/11/25,0,56.6
STA_KRE,-77.5666,43.0494,630,5/12/25,0,50.7
STA_KRE,-77.5666,43.0494,630,5/13/25,0,68
STA_KRE,-77.5666,43.0494,630,5/14/25,0.1,68.2
STA_KRE,-77.5666,43.0494,630,5/15/25,0,63.6
STA_KRE,-77.5666,43.0494,630,5/16/25,0.25,68.6
STA_KRE,-77.5666,43.0494,630,5/17/25,0,71
STA_KRE,-77.5666,43.0494,630,5/18/25,0.42,65.8
STA_KRE,-77.5666,43.0494,630,5/19/25,0,52.8
STA_KRE,-77.5666,43.0494,630,5/20/25,0,47.8
STA_KRE,-77.5666,43.0494,630,5/21/25,0,50.2
STA_KRE,-77.5666,43.0494,630,5/22/25,0.78,50.4
STA_KRE,-77.5666,43.0494,630,5/23/25,0.4,51.9
STA_KRE,-77.5666,43.0494,630,5/24/25,0.09,49.1
STA_KRE,-77.5666,43.0494,630,5/25/25,0.12,51
STA_KRE,-77.5666,43.0494,630,5/26/25,0,52.8
STA_KRE,-77.5666,43.0494,630,5/27/25,0,57.2
STA_KRE,-77.5666,43.0494,630,5/28/25,0,61
STA_KRE,-77.5666,43.0494,630,5/29/25,1.08,60.5
STA_KRE,-77.5666,43.0494,630,5/30/25,0,62.9
STA_KRE,-77.5666,43.0494,630,5/31/25,0,63.6
STA_KRE,-77.5666,43.0494,630,6/1/25,0.1,49.2
STA_KRE,-77.5666,43.0494,630,6/2/25,0.02,51.9
STA_KRE,-77.5666,43.0494,630,6/3/25,0,60.4
STA_KRE,-77.5666,43.0494,630,6/4/25,0,70.3
STA_KRE,-77.5666,43.0494,630,6/5/25,0,75.2
STA_KRE,-77.5666,43.0494,630,6/6/25,0.05,70.7
STA_KRE,-77.5666,43.0494,630,6/7/25,0.1,66.1
STA_KRE,-77.5666,43.0494,630,6/8/25,0,64.5
STA_KRE,-77.5666,43.0494,630,6/9/25,0.04,67.6
STA_KRE,-77.5666,43.0494,630,6/10/25,0.67,70.2
STA_KRE,-77.5666,43.0494,630,6/11/25,0,65.9
STA_KRE,-77.5666,43.0494,630,6/12/25,0,71.6
STA_KRE,-77.5666,43.0494,630,6/13/25,0,65.2
STA_KRE,-77.5666,43.0494,630,6/14/25,0.05,63.3
STA_KRE,-77.5666,43.0494,630,6/15/25,0,64.3
STA_KRE,-77.5666,43.0494,630,6/16/25,0,65.2
STA_KRE,-77.5666,43.0494,630,6/17/25,0,66.9
STA_KRE,-77.5666,43.0494,630,6/18/25,0,75.1
STA_KRE,-77.5666,43.0494,630,6/19/25,3.29,76.6
STA_KRE,-77.5666,43.0494,630,6/20/25,0.09,71.2
STA_KRE,-77.5666,43.0494,630,6/21/25,0.12,69.7
STA_KRE,-77.5666,43.0494,630,6/22/25,0.02,77.7
STA_KRE,-77.5666,43.0494,630,6/23/25,0,82.4
STA_KRE,-77.5666,43.0494,630,6/24/25,0,83.4
STA_KRE,-77.5666,43.0494,630,6/25/25,0,82.4
STA_KRE,-77.5666,43.0494,630,6/26/25,0.22,73.7
STA_KRE,-77.5666,43.0494,630,6/27/25,0.1,65
STA_KRE,-77.5666,43.0494,630,6/28/25,0.15,73.9
STA_KRE,-77.5666,43.0494,630,6/29/25,0,72.2
STA_KRE,-77.5666,43.0494,630,6/30/25,0,70.2
,,,,,,
STA_MAC,-77.7358,42.7642,1037,1/1/25,0.08,40.3
STA_MAC,-77.7358,42.7642,1037,1/2/25,0.15,34.8
STA_MAC,-77.7358,42.7642,1037,1/3/25,0,27.6
STA_MAC,-77.7358,42.7642,1037,1/4/25,0.02,25.1
STA_MAC,-77.7358,42.7642,1037,1/5/25,0,21.8
STA_MAC,-77.7358,42.7642,1037,1/6/25,0,21.9
STA_MAC,-77.7358,42.7642,1037,1/7/25,0,16.5
STA_MAC,-77.7358,42.7642,1037,1/8/25,0.07,18.1
STA_MAC,-77.7358,42.7642,1037,1/9/25,0,14.4
STA_MAC,-77.7358,42.7642,1037,1/10/25,0,15.4
STA_MAC,-77.7358,42.7642,1037,1/11/25,0.07,19.2
STA_MAC,-77.7358,42.7642,1037,1/12/25,0,23.4
STA_MAC,-77.7358,42.7642,1037,1/13/25,0,28.8
STA_MAC,-77.7358,42.7642,1037,1/14/25,0.03,24.3
STA_MAC,-77.7358,42.7642,1037,1/15/25,0,17.3
STA_MAC,-77.7358,42.7642,1037,1/16/25,0.01,19.8
STA_MAC,-77.7358,42.7642,1037,1/17/25,0.06,23.7
STA_MAC,-77.7358,42.7642,1037,1/18/25,0,32.7
STA_MAC,-77.7358,42.7642,1037,1/19/25,0.06,28.3
STA_MAC,-77.7358,42.7642,1037,1/20/25,0,16.1
STA_MAC,-77.7358,42.7642,1037,1/21/25,0.04,7.9
STA_MAC,-77.7358,42.7642,1037,1/22/25,0,4.8
STA_MAC,-77.7358,42.7642,1037,1/23/25,0,6.6
STA_MAC,-77.7358,42.7642,1037,1/24/25,0,21.3
STA_MAC,-77.7358,42.7642,1037,1/25/25,0,17.3
STA_MAC,-77.7358,42.7642,1037,1/26/25,0,21.5
STA_MAC,-77.7358,42.7642,1037,1/27/25,0,25.8
STA_MAC,-77.7358,42.7642,1037,1/28/25,0.05,26.9
STA_MAC,-77.7358,42.7642,1037,1/29/25,0.09,26
STA_MAC,-77.7358,42.7642,1037,1/30/25,0.13,25.3
STA_MAC,-77.7358,42.7642,1037,1/31/25,0,27.3
STA_MAC,-77.7358,42.7642,1037,2/1/25,0.44,26.1
STA_MAC,-77.7358,42.7642,1037,2/2/25,0,8.1
STA_MAC,-77.7358,42.7642,1037,2/3/25,0.04,22.2
STA_MAC,-77.7358,42.7642,1037,2/4/25,0.05,36
STA_MAC,-77.7358,42.7642,1037,2/5/25,0.02,23.2
STA_MAC,-77.7358,42.7642,1037,2/6/25,0.1,21.6
STA_MAC,-77.7358,42.7642,1037,2/7/25,0.05,29.1
STA_MAC,-77.7358,42.7642,1037,2/8/25,0,20.2
STA_MAC,-77.7358,42.7642,1037,2/9/25,0.22,24
STA_MAC,-77.7358,42.7642,1037,2/10/25,0,23.6
STA_MAC,-77.7358,42.7642,1037,2/11/25,0,20.7
STA_MAC,-77.7358,42.7642,1037,2/12/25,0,22.7
STA_MAC,-77.7358,42.7642,1037,2/13/25,0.11,29
STA_MAC,-77.7358,42.7642,1037,2/14/25,0.03,29.5
STA_MAC,-77.7358,42.7642,1037,2/15/25,0,20.8
STA_MAC,-77.7358,42.7642,1037,2/16/25,0.56,27.4
STA_MAC,-77.7358,42.7642,1037,2/17/25,0.4,24.5
STA_MAC,-77.7358,42.7642,1037,2/18/25,0,12.8
STA_MAC,-77.7358,42.7642,1037,2/19/25,0,11.8
STA_MAC,-77.7358,42.7642,1037,2/20/25,0,16
STA_MAC,-77.7358,42.7642,1037,2/21/25,0.04,15.1
STA_MAC,-77.7358,42.7642,1037,2/22/25,0,17.2
STA_MAC,-77.7358,42.7642,1037,2/23/25,0,27.7
STA_MAC,-77.7358,42.7642,1037,2/24/25,0,30.3
STA_MAC,-77.7358,42.7642,1037,2/25/25,0.02,41
STA_MAC,-77.7358,42.7642,1037,2/26/25,0.05,39
STA_MAC,-77.7358,42.7642,1037,2/27/25,0.05,37.7
STA_MAC,-77.7358,42.7642,1037,2/28/25,0.1,35.2
STA_MAC,-77.7358,42.7642,1037,3/1/25,0.09,35.4
STA_MAC,-77.7358,42.7642,1037,3/2/25,0,19
STA_MAC,-77.7358,42.7642,1037,3/3/25,0,14.1
STA_MAC,-77.7358,42.7642,1037,3/4/25,0,26.9
STA_MAC,-77.7358,42.7642,1037,3/5/25,0.02,45.8
STA_MAC,-77.7358,42.7642,1037,3/6/25,0.26,45.1
STA_MAC,-77.7358,42.7642,1037,3/7/25,0,30.2
STA_MAC,-77.7358,42.7642,1037,3/8/25,0.02,29.7
STA_MAC,-77.7358,42.7642,1037,3/9/25,0,28
STA_MAC,-77.7358,42.7642,1037,3/10/25,0,37.6
STA_MAC,-77.7358,42.7642,1037,3/11/25,0,48
STA_MAC,-77.7358,42.7642,1037,3/12/25,0,43.3
STA_MAC,-77.7358,42.7642,1037,3/13/25,0,30.6
STA_MAC,-77.7358,42.7642,1037,3/14/25,0,43.7
STA_MAC,-77.7358,42.7642,1037,3/15/25,0,51.1
STA_MAC,-77.7358,42.7642,1037,3/16/25,0,54.5
STA_MAC,-77.7358,42.7642,1037,3/17/25,0.36,50.2
STA_MAC,-77.7358,42.7642,1037,3/18/25,0,29.7
STA_MAC,-77.7358,42.7642,1037,3/19/25,0,46.5
STA_MAC,-77.7358,42.7642,1037,3/20/25,0,60.4
STA_MAC,-77.7358,42.7642,1037,3/21/25,0.44,42
STA_MAC,-77.7358,42.7642,1037,3/22/25,0,36.1
STA_MAC,-77.7358,42.7642,1037,3/23/25,0.04,36.2
STA_MAC,-77.7358,42.7642,1037,3/24/25,0.03,33.1
STA_MAC,-77.7358,42.7642,1037,3/25/25,0,44.2
STA_MAC,-77.7358,42.7642,1037,3/26/25,0,32.3
STA_MAC,-77.7358,42.7642,1037,3/27/25,0.02,28.9
STA_MAC,-77.7358,42.7642,1037,3/28/25,0,36.3
STA_MAC,-77.7358,42.7642,1037,3/29/25,0.14,46
STA_MAC,-77.7358,42.7642,1037,3/30/25,0.11,36.9
STA_MAC,-77.7358,42.7642,1037,3/31/25,0.16,53.8
STA_MAC,-77.7358,42.7642,1037,4/1/25,0,46.6
STA_MAC,-77.7358,42.7642,1037,4/2/25,0,33.2
STA_MAC,-77.7358,42.7642,1037,4/3/25,0.64,42.5
STA_MAC,-77.7358,42.7642,1037,4/4/25,0,53.5
STA_MAC,-77.7358,42.7642,1037,4/5/25,0.07,46.7
STA_MAC,-77.7358,42.7642,1037,4/6/25,0.4,48
STA_MAC,-77.7358,42.7642,1037,4/7/25,0,35.6
STA_MAC,-77.7358,42.7642,1037,4/8/25,0.05,36.4
STA_MAC,-77.7358,42.7642,1037,4/9/25,0.01,25.9
STA_MAC,-77.7358,42.7642,1037,4/10/25,0,32.8
STA_MAC,-77.7358,42.7642,1037,4/11/25,0.4,37.1
STA_MAC,-77.7358,42.7642,1037,4/12/25,0.01,40.1
STA_MAC,-77.7358,42.7642,1037,4/13/25,0.02,39
STA_MAC,-77.7358,42.7642,1037,4/14/25,0.01,46.9
STA_MAC,-77.7358,42.7642,1037,4/15/25,0,55.5
STA_MAC,-77.7358,42.7642,1037,4/16/25,0.06,42.7
STA_MAC,-77.7358,42.7642,1037,4/17/25,0.03,33.4
STA_MAC,-77.7358,42.7642,1037,4/18/25,0,43.7
STA_MAC,-77.7358,42.7642,1037,4/19/25,0.16,60.9
STA_MAC,-77.7358,42.7642,1037,4/20/25,0.37,55
STA_MAC,-77.7358,42.7642,1037,4/21/25,0,45.1
STA_MAC,-77.7358,42.7642,1037,4/22/25,0.19,58.4
STA_MAC,-77.7358,42.7642,1037,4/23/25,0,48.2
STA_MAC,-77.7358,42.7642,1037,4/24/25,0.01,56.3
STA_MAC,-77.7358,42.7642,1037,4/25/25,0.01,66.3
STA_MAC,-77.7358,42.7642,1037,4/26/25,0.33,62.9
STA_MAC,-77.7358,42.7642,1037,4/27/25,0.03,50.3
STA_MAC,-77.7358,42.7642,1037,4/28/25,0,49.4
STA_MAC,-77.7358,42.7642,1037,4/29/25,0,60.8
STA_MAC,-77.7358,42.7642,1037,4/30/25,0.17,61.3
STA_MAC,-77.7358,42.7642,1037,5/1/25,0,48.1
STA_MAC,-77.7358,42.7642,1037,5/2/25,0.53,63.9
STA_MAC,-77.7358,42.7642,1037,5/3/25,0.26,58
STA_MAC,-77.7358,42.7642,1037,5/4/25,0.22,46.6
STA_MAC,-77.7358,42.7642,1037,5/5/25,0.08,51
STA_MAC,-77.7358,42.7642,1037,5/6/25,0.57,62.2
STA_MAC,-77.7358,42.7642,1037,5/7/25,0.55,60.6
STA_MAC,-77.7358,42.7642,1037,5/8/25,0,55.5
STA_MAC,-77.7358,42.7642,1037,5/9/25,0,43.2
STA_MAC,-77.7358,42.7642,1037,5/10/25,0,46.2
STA_MAC,-77.7358,42.7642,1037,5/11/25,0,55.1
STA_MAC,-77.7358,42.7642,1037,5/12/25,0,52.3
STA_MAC,-77.7358,42.7642,1037,5/13/25,0,70
STA_MAC,-77.7358,42.7642,1037,5/14/25,0.1,65.8
STA_MAC,-77.7358,42.7642,1037,5/15/25,0,62.7
STA_MAC,-77.7358,42.7642,1037,5/16/25,0.19,68
STA_MAC,-77.7358,42.7642,1037,5/17/25,0,70.4
STA_MAC,-77.7358,42.7642,1037,5/18/25,0.22,64.2
STA_MAC,-77.7358,42.7642,1037,5/19/25,0,50.7
STA_MAC,-77.7358,42.7642,1037,5/20/25,0,46.7
STA_MAC,-77.7358,42.7642,1037,5/21/25,0,49.7
STA_MAC,-77.7358,42.7642,1037,5/22/25,0.57,49.9
STA_MAC,-77.7358,42.7642,1037,5/23/25,0.31,50.8
STA_MAC,-77.7358,42.7642,1037,5/24/25,0.05,48.5
STA_MAC,-77.7358,42.7642,1037,5/25/25,0.2,49.6
STA_MAC,-77.7358,42.7642,1037,5/26/25,0.13,51.1
STA_MAC,-77.7358,42.7642,1037,5/27/25,0,57.7
STA_MAC,-77.7358,42.7642,1037,5/28/25,0,59.7
STA_MAC,-77.7358,42.7642,1037,5/29/25,1.13,57.2
STA_MAC,-77.7358,42.7642,1037,5/30/25,0,61.6
STA_MAC,-77.7358,42.7642,1037,5/31/25,0.06,61.8
STA_MAC,-77.7358,42.7642,1037,6/1/25,0.09,48.5
STA_MAC,-77.7358,42.7642,1037,6/2/25,0.03,51.1
STA_MAC,-77.7358,42.7642,1037,6/3/25,0,60.1
STA_MAC,-77.7358,42.7642,1037,6/4/25,0,70.4
STA_MAC,-77.7358,42.7642,1037,6/5/25,0,75
STA_MAC,-77.7358,42.7642,1037,6/6/25,0.32,71.1
STA_MAC,-77.7358,42.7642,1037,6/7/25,0.4,64.1
STA_MAC,-77.7358,42.7642,1037,6/8/25,0,64.1
STA_MAC,-77.7358,42.7642,1037,6/9/25,0.14,67
STA_MAC,-77.7358,42.7642,1037,6/10/25,0.92,69.1
STA_MAC,-77.7358,42.7642,1037,6/11/25,0,64.9
STA_MAC,-77.7358,42.7642,1037,6/12/25,0,70.8
STA_MAC,-77.7358,42.7642,1037,6/13/25,0,64.1
STA_MAC,-77.7358,42.7642,1037,6/14/25,0.53,62.7
STA_MAC,-77.7358,42.7642,1037,6/15/25,0,62.6
STA_MAC,-77.7358,42.7642,1037,6/16/25,0,65.4
STA_MAC,-77.7358,42.7642,1037,6/17/25,0,67.6
STA_MAC,-77.7358,42.7642,1037,6/18/25,0,72.9
STA_MAC,-77.7358,42.7642,1037,6/19/25,1.22,75.3
STA_MAC,-77.7358,42.7642,1037,6/20/25,0.16,69.6
STA_MAC,-77.7358,42.7642,1037,6/21/25,0,69.2
STA_MAC,-77.7358,42.7642,1037,6/22/25,0,77
STA_MAC,-77.7358,42.7642,1037,6/23/25,0,81.3
STA_MAC,-77.7358,42.7642,1037,6/24/25,0,83.1
STA_MAC,-77.7358,42.7642,1037,6/25/25,0,80.9
STA_MAC,-77.7358,42.7642,1037,6/26/25,0.03,74.2
STA_MAC,-77.7358,42.7642,1037,6/27/25,0,67
STA_MAC,-77.7358,42.7642,1037,6/28/25,1.47,74.2
STA_MAC,-77.7358,42.7642,1037,6/29/25,0,71
STA_MAC,-77.7358,42.7642,1037,6/30/25,0,71.2
,,,,,,
STA_MAR,-77.0414,42.7282,846,1/1/25,0,40.8
STA_MAR,-77.0414,42.7282,846,1/2/25,0,37.5
STA_MAR,-77.0414,42.7282,846,1/3/25,0,30.4
STA_MAR,-77.0414,42.7282,846,1/4/25,0.02,27.2
STA_MAR,-77.0414,42.7282,846,1/5/25,0,23.9
STA_MAR,-77.0414,42.7282,846,1/6/25,0,22.3
STA_MAR,-77.0414,42.7282,846,1/7/25,0.03,16.6
STA_MAR,-77.0414,42.7282,846,1/8/25,0.02,19.5
STA_MAR,-77.0414,42.7282,846,1/9/25,0,16.4
STA_MAR,-77.0414,42.7282,846,1/10/25,0,19
STA_MAR,-77.0414,42.7282,846,1/11/25,0.06,22
STA_MAR,-77.0414,42.7282,846,1/12/25,0,25.9
STA_MAR,-77.0414,42.7282,846,1/13/25,0,31.4
STA_MAR,-77.0414,42.7282,846,1/14/25,0.01,26.6
STA_MAR,-77.0414,42.7282,846,1/15/25,0,20.5
STA_MAR,-77.0414,42.7282,846,1/16/25,0,21.2
STA_MAR,-77.0414,42.7282,846,1/17/25,0.03,24.4
STA_MAR,-77.0414,42.7282,846,1/18/25,0,33.2
STA_MAR,-77.0414,42.7282,846,1/19/25,0.02,28.2
STA_MAR,-77.0414,42.7282,846,1/20/25,0,15.8
STA_MAR,-77.0414,42.7282,846,1/21/25,0,10
STA_MAR,-77.0414,42.7282,846,1/22/25,0,7.2
STA_MAR,-77.0414,42.7282,846,1/23/25,0,8.9
STA_MAR,-77.0414,42.7282,846,1/24/25,0,22.9
STA_MAR,-77.0414,42.7282,846,1/25/25,0,18.6
STA_MAR,-77.0414,42.7282,846,1/26/25,0,23.2
STA_MAR,-77.0414,42.7282,846,1/27/25,0,26.5
STA_MAR,-77.0414,42.7282,846,1/28/25,0.1,29.7
STA_MAR,-77.0414,42.7282,846,1/29/25,0.01,28
STA_MAR,-77.0414,42.7282,846,1/30/25,0.12,27.3
STA_MAR,-77.0414,42.7282,846,1/31/25,0,27.3
STA_MAR,-77.0414,42.7282,846,2/1/25,0.32,26.2
STA_MAR,-77.0414,42.7282,846,2/2/25,0,9.9
STA_MAR,-77.0414,42.7282,846,2/3/25,0.03,21.6
STA_MAR,-77.0414,42.7282,846,2/4/25,0.03,36.1
STA_MAR,-77.0414,42.7282,846,2/5/25,0,23.7
STA_MAR,-77.0414,42.7282,846,2/6/25,0.12,21.4
STA_MAR,-77.0414,42.7282,846,2/7/25,0.05,32
STA_MAR,-77.0414,42.7282,846,2/8/25,0,22.4
STA_MAR,-77.0414,42.7282,846,2/9/25,0.22,24.5
STA_MAR,-77.0414,42.7282,846,2/10/25,0,25.8
STA_MAR,-77.0414,42.7282,846,2/11/25,0,21.7
STA_MAR,-77.0414,42.7282,846,2/12/25,0,22.5
STA_MAR,-77.0414,42.7282,846,2/13/25,0.08,27.4
STA_MAR,-77.0414,42.7282,846,2/14/25,0.03,31.5
STA_MAR,-77.0414,42.7282,846,2/15/25,0,22.5
STA_MAR,-77.0414,42.7282,846,2/16/25,0.46,27.6
STA_MAR,-77.0414,42.7282,846,2/17/25,0.45,25.4
STA_MAR,-77.0414,42.7282,846,2/18/25,0,15.2
STA_MAR,-77.0414,42.7282,846,2/19/25,0,14
STA_MAR,-77.0414,42.7282,846,2/20/25,0.04,17.4
STA_MAR,-77.0414,42.7282,846,2/21/25,0.05,17
STA_MAR,-77.0414,42.7282,846,2/22/25,0,18.2
STA_MAR,-77.0414,42.7282,846,2/23/25,0,28.7
STA_MAR,-77.0414,42.7282,846,2/24/25,0,31.8
STA_MAR,-77.0414,42.7282,846,2/25/25,0,40.5
STA_MAR,-77.0414,42.7282,846,2/26/25,0.03,39.4
STA_MAR,-77.0414,42.7282,846,2/27/25,0.07,37.5
STA_MAR,-77.0414,42.7282,846,2/28/25,0.14,37.6
STA_MAR,-77.0414,42.7282,846,3/1/25,0,36.1
STA_MAR,-77.0414,42.7282,846,3/2/25,0.02,22.8
STA_MAR,-77.0414,42.7282,846,3/3/25,0,15
STA_MAR,-77.0414,42.7282,846,3/4/25,0,27.7
STA_MAR,-77.0414,42.7282,846,3/5/25,0,42.8
STA_MAR,-77.0414,42.7282,846,3/6/25,0.39,46.8
STA_MAR,-77.0414,42.7282,846,3/7/25,0,33.1
STA_MAR,-77.0414,42.7282,846,3/8/25,0.01,31
STA_MAR,-77.0414,42.7282,846,3/9/25,0,29
STA_MAR,-77.0414,42.7282,846,3/10/25,0,38.2
STA_MAR,-77.0414,42.7282,846,3/11/25,0,48.1
STA_MAR,-77.0414,42.7282,846,3/12/25,0,46.6
STA_MAR,-77.0414,42.7282,846,3/13/25,0,31.6
STA_MAR,-77.0414,42.7282,846,3/14/25,0,43.8
STA_MAR,-77.0414,42.7282,846,3/15/25,0,49.7
STA_MAR,-77.0414,42.7282,846,3/16/25,0.06,52.3
STA_MAR,-77.0414,42.7282,846,3/17/25,0.17,50.7
STA_MAR,-77.0414,42.7282,846,3/18/25,0,29.2
STA_MAR,-77.0414,42.7282,846,3/19/25,0,46
STA_MAR,-77.0414,42.7282,846,3/20/25,0,59.4
STA_MAR,-77.0414,42.7282,846,3/21/25,0.12,44.3
STA_MAR,-77.0414,42.7282,846,3/22/25,0,37.1
STA_MAR,-77.0414,42.7282,846,3/23/25,0,37.7
STA_MAR,-77.0414,42.7282,846,3/24/25,0.02,33.4
STA_MAR,-77.0414,42.7282,846,3/25/25,0,46.2
STA_MAR,-77.0414,42.7282,846,3/26/25,0,33.4
STA_MAR,-77.0414,42.7282,846,3/27/25,0,30.5
STA_MAR,-77.0414,42.7282,846,3/28/25,0,38.3
STA_MAR,-77.0414,42.7282,846,3/29/25,0.05,46.2
STA_MAR,-77.0414,42.7282,846,3/30/25,0.15,38.2
STA_MAR,-77.0414,42.7282,846,3/31/25,0.08,53.5
STA_MAR,-77.0414,42.7282,846,4/1/25,0,49.4
STA_MAR,-77.0414,42.7282,846,4/2/25,0,33.6
STA_MAR,-77.0414,42.7282,846,4/3/25,0.46,41.1
STA_MAR,-77.0414,42.7282,846,4/4/25,0,55.9
STA_MAR,-77.0414,42.7282,846,4/5/25,0,45.3
STA_MAR,-77.0414,42.7282,846,4/6/25,0.31,46.7
STA_MAR,-77.0414,42.7282,846,4/7/25,0,37
STA_MAR,-77.0414,42.7282,846,4/8/25,0.07,36.6
STA_MAR,-77.0414,42.7282,846,4/9/25,0,27.1
STA_MAR,-77.0414,42.7282,846,4/10/25,0,33.7
STA_MAR,-77.0414,42.7282,846,4/11/25,0.47,36.8
STA_MAR,-77.0414,42.7282,846,4/12/25,0.12,40.5
STA_MAR,-77.0414,42.7282,846,4/13/25,0.04,40.4
STA_MAR,-77.0414,42.7282,846,4/14/25,0,46.5
STA_MAR,-77.0414,42.7282,846,4/15/25,0.03,53.3
STA_MAR,-77.0414,42.7282,846,4/16/25,0,44.1
STA_MAR,-77.0414,42.7282,846,4/17/25,0.02,35.4
STA_MAR,-77.0414,42.7282,846,4/18/25,0,44.3
STA_MAR,-77.0414,42.7282,846,4/19/25,0.04,57.7
STA_MAR,-77.0414,42.7282,846,4/20/25,0.26,56.9
STA_MAR,-77.0414,42.7282,846,4/21/25,0,43.7
STA_MAR,-77.0414,42.7282,846,4/22/25,0.11,55.3
STA_MAR,-77.0414,42.7282,846,4/23/25,0,49.8
STA_MAR,-77.0414,42.7282,846,4/24/25,0.06,55.4
STA_MAR,-77.0414,42.7282,846,4/25/25,0,64.9
STA_MAR,-77.0414,42.7282,846,4/26/25,0.75,64
STA_MAR,-77.0414,42.7282,846,4/27/25,0.03,52.2
STA_MAR,-77.0414,42.7282,846,4/28/25,0,49.8
STA_MAR,-77.0414,42.7282,846,4/29/25,0,59.1
STA_MAR,-77.0414,42.7282,846,4/30/25,0.86,62.5
STA_MAR,-77.0414,42.7282,846,5/1/25,0,48
STA_MAR,-77.0414,42.7282,846,5/2/25,0.06,61.8
STA_MAR,-77.0414,42.7282,846,5/3/25,0.31,60.1
STA_MAR,-77.0414,42.7282,846,5/4/25,0.39,47.8
STA_MAR,-77.0414,42.7282,846,5/5/25,0.14,51.6
STA_MAR,-77.0414,42.7282,846,5/6/25,0.25,62.3
STA_MAR,-77.0414,42.7282,846,5/7/25,1.19,62.5
STA_MAR,-77.0414,42.7282,846,5/8/25,0,56.1
STA_MAR,-77.0414,42.7282,846,5/9/25,0,43.6
STA_MAR,-77.0414,42.7282,846,5/10/25,0,45.7
STA_MAR,-77.0414,42.7282,846,5/11/25,0,56.3
STA_MAR,-77.0414,42.7282,846,5/12/25,0,50.3
STA_MAR,-77.0414,42.7282,846,5/13/25,0,68.2
STA_MAR,-77.0414,42.7282,846,5/14/25,0.07,65.2
STA_MAR,-77.0414,42.7282,846,5/15/25,0,61.7
STA_MAR,-77.0414,42.7282,846,5/16/25,0.32,68.1
STA_MAR,-77.0414,42.7282,846,5/17/25,0.02,71.3
STA_MAR,-77.0414,42.7282,846,5/18/25,0.16,66
STA_MAR,-77.0414,42.7282,846,5/19/25,0,52.8
STA_MAR,-77.0414,42.7282,846,5/20/25,0,46.3
STA_MAR,-77.0414,42.7282,846,5/21/25,0,48.1
STA_MAR,-77.0414,42.7282,846,5/22/25,0.65,49.3
STA_MAR,-77.0414,42.7282,846,5/23/25,0.23,50.3
STA_MAR,-77.0414,42.7282,846,5/24/25,0.07,49.6
STA_MAR,-77.0414,42.7282,846,5/25/25,0.11,50.9
STA_MAR,-77.0414,42.7282,846,5/26/25,0.11,51.8
STA_MAR,-77.0414,42.7282,846,5/27/25,0,56.8
STA_MAR,-77.0414,42.7282,846,5/28/25,0,59.9
STA_MAR,-77.0414,42.7282,846,5/29/25,0.85,58
STA_MAR,-77.0414,42.7282,846,5/30/25,0,62.3
STA_MAR,-77.0414,42.7282,846,5/31/25,0.07,63.9
STA_MAR,-77.0414,42.7282,846,6/1/25,0,49.9
STA_MAR,-77.0414,42.7282,846,6/2/25,0.07,52.2
STA_MAR,-77.0414,42.7282,846,6/3/25,0,59.7
STA_MAR,-77.0414,42.7282,846,6/4/25,0,68.1
STA_MAR,-77.0414,42.7282,846,6/5/25,0,75.8
STA_MAR,-77.0414,42.7282,846,6/6/25,1.27,71.9
STA_MAR,-77.0414,42.7282,846,6/7/25,1.12,65.2
STA_MAR,-77.0414,42.7282,846,6/8/25,0,64.2
STA_MAR,-77.0414,42.7282,846,6/9/25,0.2,66.9
STA_MAR,-77.0414,42.7282,846,6/10/25,0.42,70.5
STA_MAR,-77.0414,42.7282,846,6/11/25,0,66.5
STA_MAR,-77.0414,42.7282,846,6/12/25,0,72.5
STA_MAR,-77.0414,42.7282,846,6/13/25,0,64.8
STA_MAR,-77.0414,42.7282,846,6/14/25,0.22,63
STA_MAR,-77.0414,42.7282,846,6/15/25,0,61.8
STA_MAR,-77.0414,42.7282,846,6/16/25,0,66
STA_MAR,-77.0414,42.7282,846,6/17/25,0,66.8
STA_MAR,-77.0414,42.7282,846,6/18/25,0,72.4
STA_MAR,-77.0414,42.7282,846,6/19/25,0.36,75.2
STA_MAR,-77.0414,42.7282,846,6/20/25,0.09,71.7
STA_MAR,-77.0414,42.7282,846,6/21/25,0,70.2
STA_MAR,-77.0414,42.7282,846,6/22/25,0,77.2
STA_MAR,-77.0414,42.7282,846,6/23/25,0,82.3
STA_MAR,-77.0414,42.7282,846,6/24/25,0,84.1
STA_MAR,-77.0414,42.7282,846,6/25/25,0,83.3
STA_MAR,-77.0414,42.7282,846,6/26/25,0,76.4
STA_MAR,-77.0414,42.7282,846,6/27/25,0.03,66.6
STA_MAR,-77.0414,42.7282,846,6/28/25,0.02,69.4
STA_MAR,-77.0414,42.7282,846,6/29/25,0,72.4
STA_MAR,-77.0414,42.7282,846,6/30/25,0,70.6
,,,,,,
STA_REE_1,-76.7792,43.1297,456,1/1/25,0.11,40.8
STA_REE_1,-76.7792,43.1297,456,1/2/25,0.11,36.2
STA_REE_1,-76.7792,43.1297,456,1/3/25,0,30.9
STA_REE_1,-76.7792,43.1297,456,1/4/25,0.09,26.8
STA_REE_1,-76.7792,43.1297,456,1/5/25,0,23.9
STA_REE_1,-76.7792,43.1297,456,1/6/25,0,21.2
STA_REE_1,-76.7792,43.1297,456,1/7/25,0.05,16.3
STA_REE_1,-76.7792,43.1297,456,1/8/25,0,19.8
STA_REE_1,-76.7792,43.1297,456,1/9/25,0.03,17.3
STA_REE_1,-76.7792,43.1297,456,1/10/25,0.02,19.1
STA_REE_1,-76.7792,43.1297,456,1/11/25,0.01,20.6
STA_REE_1,-76.7792,43.1297,456,1/12/25,0,25.1
STA_REE_1,-76.7792,43.1297,456,1/13/25,0,30
STA_REE_1,-76.7792,43.1297,456,1/14/25,0,27.1
STA_REE_1,-76.7792,43.1297,456,1/15/25,0.14,20.5
STA_REE_1,-76.7792,43.1297,456,1/16/25,0,21.4
STA_REE_1,-76.7792,43.1297,456,1/17/25,0,23.6
STA_REE_1,-76.7792,43.1297,456,1/18/25,0,32.9
STA_REE_1,-76.7792,43.1297,456,1/19/25,0.15,28.7
STA_REE_1,-76.7792,43.1297,456,1/20/25,0.02,15.9
STA_REE_1,-76.7792,43.1297,456,1/21/25,0.05,10.7
STA_REE_1,-76.7792,43.1297,456,1/22/25,0,7.6
STA_REE_1,-76.7792,43.1297,456,1/23/25,0,8.5
STA_REE_1,-76.7792,43.1297,456,1/24/25,0,21.5
STA_REE_1,-76.7792,43.1297,456,1/25/25,0.02,16.1
STA_REE_1,-76.7792,43.1297,456,1/26/25,0,21
STA_REE_1,-76.7792,43.1297,456,1/27/25,0,27.8
STA_REE_1,-76.7792,43.1297,456,1/28/25,0.08,29.4
STA_REE_1,-76.7792,43.1297,456,1/29/25,0.15,27.3
STA_REE_1,-76.7792,43.1297,456,1/30/25,0.08,26.7
STA_REE_1,-76.7792,43.1297,456,1/31/25,0,26.9
STA_REE_1,-76.7792,43.1297,456,2/1/25,0.49,26.2
STA_REE_1,-76.7792,43.1297,456,2/2/25,0,6.1
STA_REE_1,-76.7792,43.1297,456,2/3/25,0.05,18.8
STA_REE_1,-76.7792,43.1297,456,2/4/25,0.21,34.4
STA_REE_1,-76.7792,43.1297,456,2/5/25,0,22.3
STA_REE_1,-76.7792,43.1297,456,2/6/25,0,16.9
STA_REE_1,-76.7792,43.1297,456,2/7/25,0.1,30
STA_REE_1,-76.7792,43.1297,456,2/8/25,0,22.4
STA_REE_1,-76.7792,43.1297,456,2/9/25,0.32,24.7
STA_REE_1,-76.7792,43.1297,456,2/10/25,0,26.2
STA_REE_1,-76.7792,43.1297,456,2/11/25,0,21.4
STA_REE_1,-76.7792,43.1297,456,2/12/25,0,21
STA_REE_1,-76.7792,43.1297,456,2/13/25,0.06,24.9
STA_REE_1,-76.7792,43.1297,456,2/14/25,0.11,30.8
STA_REE_1,-76.7792,43.1297,456,2/15/25,0,21.8
STA_REE_1,-76.7792,43.1297,456,2/16/25,0.4,24.8
STA_REE_1,-76.7792,43.1297,456,2/17/25,0.64,24.7
STA_REE_1,-76.7792,43.1297,456,2/18/25,0,15.6
STA_REE_1,-76.7792,43.1297,456,2/19/25,0.06,14.2
STA_REE_1,-76.7792,43.1297,456,2/20/25,0,17.1
STA_REE_1,-76.7792,43.1297,456,2/21/25,0.22,17.2
STA_REE_1,-76.7792,43.1297,456,2/22/25,0,17.2
STA_REE_1,-76.7792,43.1297,456,2/23/25,0,26.6
STA_REE_1,-76.7792,43.1297,456,2/24/25,0,30
STA_REE_1,-76.7792,43.1297,456,2/25/25,0,39.3
STA_REE_1,-76.7792,43.1297,456,2/26/25,0.09,38.1
STA_REE_1,-76.7792,43.1297,456,2/27/25,0.05,35.5
STA_REE_1,-76.7792,43.1297,456,2/28/25,0.11,35.6
STA_REE_1,-76.7792,43.1297,456,3/1/25,0.04,35.2
STA_REE_1,-76.7792,43.1297,456,3/2/25,0,21.7
STA_REE_1,-76.7792,43.1297,456,3/3/25,0,14.9
STA_REE_1,-76.7792,43.1297,456,3/4/25,0,26.1
STA_REE_1,-76.7792,43.1297,456,3/5/25,0,39.8
STA_REE_1,-76.7792,43.1297,456,3/6/25,0.48,45.9
STA_REE_1,-76.7792,43.1297,456,3/7/25,0,33
STA_REE_1,-76.7792,43.1297,456,3/8/25,0,30.1
STA_REE_1,-76.7792,43.1297,456,3/9/25,0,29
STA_REE_1,-76.7792,43.1297,456,3/10/25,0,37.9
STA_REE_1,-76.7792,43.1297,456,3/11/25,0,43.9
STA_REE_1,-76.7792,43.1297,456,3/12/25,0,45.5
STA_REE_1,-76.7792,43.1297,456,3/13/25,0,30.1
STA_REE_1,-76.7792,43.1297,456,3/14/25,0,41.5
STA_REE_1,-76.7792,43.1297,456,3/15/25,0,46.7
STA_REE_1,-76.7792,43.1297,456,3/16/25,0.03,53.7
STA_REE_1,-76.7792,43.1297,456,3/17/25,0.19,50.4
STA_REE_1,-76.7792,43.1297,456,3/18/25,0,28.7
STA_REE_1,-76.7792,43.1297,456,3/19/25,0,43.8
STA_REE_1,-76.7792,43.1297,456,3/20/25,0,59.7
STA_REE_1,-76.7792,43.1297,456,3/21/25,0.15,44.8
STA_REE_1,-76.7792,43.1297,456,3/22/25,0,36
STA_REE_1,-76.7792,43.1297,456,3/23/25,0,37.1
STA_REE_1,-76.7792,43.1297,456,3/24/25,0.02,32.9
STA_REE_1,-76.7792,43.1297,456,3/25/25,0,44.2
STA_REE_1,-76.7792,43.1297,456,3/26/25,0,33.2
STA_REE_1,-76.7792,43.1297,456,3/27/25,0.01,30.8
STA_REE_1,-76.7792,43.1297,456,3/28/25,0,37.9
STA_REE_1,-76.7792,43.1297,456,3/29/25,0.02,41.5
STA_REE_1,-76.7792,43.1297,456,3/30/25,0.33,34
STA_REE_1,-76.7792,43.1297,456,3/31/25,0.12,49.2
STA_REE_1,-76.7792,43.1297,456,4/1/25,0.02,49.3
STA_REE_1,-76.7792,43.1297,456,4/2/25,0,32.7
STA_REE_1,-76.7792,43.1297,456,4/3/25,0.89,40.1
STA_REE_1,-76.7792,43.1297,456,4/4/25,0,54.2
STA_REE_1,-76.7792,43.1297,456,4/5/25,0,43.5
STA_REE_1,-76.7792,43.1297,456,4/6/25,0.18,46.2
STA_REE_1,-76.7792,43.1297,456,4/7/25,0,36.9
STA_REE_1,-76.7792,43.1297,456,4/8/25,0.02,36.7
STA_REE_1,-76.7792,43.1297,456,4/9/25,0,26.6
STA_REE_1,-76.7792,43.1297,456,4/10/25,0,32.6
STA_REE_1,-76.7792,43.1297,456,4/11/25,0.43,36.1
STA_REE_1,-76.7792,43.1297,456,4/12/25,0.07,40.5
STA_REE_1,-76.7792,43.1297,456,4/13/25,0,40.2
STA_REE_1,-76.7792,43.1297,456,4/14/25,0,45.6
STA_REE_1,-76.7792,43.1297,456,4/15/25,0,52
STA_REE_1,-76.7792,43.1297,456,4/16/25,0.02,44.7
STA_REE_1,-76.7792,43.1297,456,4/17/25,0,36
STA_REE_1,-76.7792,43.1297,456,4/18/25,0,42.4
STA_REE_1,-76.7792,43.1297,456,4/19/25,0,57.2
STA_REE_1,-76.7792,43.1297,456,4/20/25,0.28,56.4
STA_REE_1,-76.7792,43.1297,456,4/21/25,0,42.2
STA_REE_1,-76.7792,43.1297,456,4/22/25,0.14,53.9
STA_REE_1,-76.7792,43.1297,456,4/23/25,0,47.3
STA_REE_1,-76.7792,43.1297,456,4/24/25,0,53.1
STA_REE_1,-76.7792,43.1297,456,4/25/25,0,63.8
STA_REE_1,-76.7792,43.1297,456,4/26/25,0.36,61.3
STA_REE_1,-76.7792,43.1297,456,4/27/25,0.04,51.1
STA_REE_1,-76.7792,43.1297,456,4/28/25,0,49.3
STA_REE_1,-76.7792,43.1297,456,4/29/25,0,57.8
STA_REE_1,-76.7792,43.1297,456,4/30/25,0.24,63
STA_REE_1,-76.7792,43.1297,456,5/1/25,0,45.7
STA_REE_1,-76.7792,43.1297,456,5/2/25,0.17,59.8
STA_REE_1,-76.7792,43.1297,456,5/3/25,0.12,60
STA_REE_1,-76.7792,43.1297,456,5/4/25,0.38,47.2
STA_REE_1,-76.7792,43.1297,456,5/5/25,0.22,51.8
STA_REE_1,-76.7792,43.1297,456,5/6/25,0.16,61.5
STA_REE_1,-76.7792,43.1297,456,5/7/25,1.88,62.4
STA_REE_1,-76.7792,43.1297,456,5/8/25,0.04,55
STA_REE_1,-76.7792,43.1297,456,5/9/25,0,43.6
STA_REE_1,-76.7792,43.1297,456,5/10/25,0.09,44.6
STA_REE_1,-76.7792,43.1297,456,5/11/25,0,56.8
STA_REE_1,-76.7792,43.1297,456,5/12/25,0,48.7
STA_REE_1,-76.7792,43.1297,456,5/13/25,0,66.4
STA_REE_1,-76.7792,43.1297,456,5/14/25,0.22,66.8
STA_REE_1,-76.7792,43.1297,456,5/15/25,0,62.9
STA_REE_1,-76.7792,43.1297,456,5/16/25,0.15,67.8
STA_REE_1,-76.7792,43.1297,456,5/17/25,0.07,70.7
STA_REE_1,-76.7792,43.1297,456,5/18/25,0.28,66.5
STA_REE_1,-76.7792,43.1297,456,5/19/25,0,51.5
STA_REE_1,-76.7792,43.1297,456,5/20/25,0,47
STA_REE_1,-76.7792,43.1297,456,5/21/25,0,49.1
STA_REE_1,-76.7792,43.1297,456,5/22/25,0.61,50.8
STA_REE_1,-76.7792,43.1297,456,5/23/25,0.24,50
STA_REE_1,-76.7792,43.1297,456,5/24/25,0.27,49
STA_REE_1,-76.7792,43.1297,456,5/25/25,0,51.5
STA_REE_1,-76.7792,43.1297,456,5/26/25,0,52.4
STA_REE_1,-76.7792,43.1297,456,5/27/25,0,56
STA_REE_1,-76.7792,43.1297,456,5/28/25,0,60.9
STA_REE_1,-76.7792,43.1297,456,5/29/25,0.53,60.2
STA_REE_1,-76.7792,43.1297,456,5/30/25,0,61.5
STA_REE_1,-76.7792,43.1297,456,5/31/25,0.03,64.1
STA_REE_1,-76.7792,43.1297,456,6/1/25,0.26,50.4
STA_REE_1,-76.7792,43.1297,456,6/2/25,0,51.5
STA_REE_1,-76.7792,43.1297,456,6/3/25,0,58.1
STA_REE_1,-76.7792,43.1297,456,6/4/25,0,67.2
STA_REE_1,-76.7792,43.1297,456,6/5/25,0,75.1
STA_REE_1,-76.7792,43.1297,456,6/6/25,0,69.9
STA_REE_1,-76.7792,43.1297,456,6/7/25,0.21,66.2
STA_REE_1,-76.7792,43.1297,456,6/8/25,0,63.6
STA_REE_1,-76.7792,43.1297,456,6/9/25,0.04,66.4
STA_REE_1,-76.7792,43.1297,456,6/10/25,0.92,70.3
STA_REE_1,-76.7792,43.1297,456,6/11/25,0,66.3
STA_REE_1,-76.7792,43.1297,456,6/12/25,0,71.5
STA_REE_1,-76.7792,43.1297,456,6/13/25,0,63.9
STA_REE_1,-76.7792,43.1297,456,6/14/25,0,62.4
STA_REE_1,-76.7792,43.1297,456,6/15/25,0,63.5
STA_REE_1,-76.7792,43.1297,456,6/16/25,0,66.3
STA_REE_1,-76.7792,43.1297,456,6/17/25,0,67.5
STA_REE_1,-76.7792,43.1297,456,6/18/25,0,72.9
STA_REE_1,-76.7792,43.1297,456,6/19/25,0.5,75.5
STA_REE_1,-76.7792,43.1297,456,6/20/25,0.08,71.7
STA_REE_1,-76.7792,43.1297,456,6/21/25,0,67.8
STA_REE_1,-76.7792,43.1297,456,6/22/25,0.01,76.3
STA_REE_1,-76.7792,43.1297,456,6/23/25,0,81
STA_REE_1,-76.7792,43.1297,456,6/24/25,0,83.8
STA_REE_1,-76.7792,43.1297,456,6/25/25,0,83
STA_REE_1,-76.7792,43.1297,456,6/26/25,0.03,75.3
STA_REE_1,-76.7792,43.1297,456,6/27/25,0.15,66.4
STA_REE_1,-76.7792,43.1297,456,6/28/25,0.04,67.9
STA_REE_1,-76.7792,43.1297,456,6/29/25,0,72.3
STA_REE_1,-76.7792,43.1297,456,6/30/25,0,68.3
,,,,,,
STA_REE_2,-76.7868,43.097,390,1/1/25,0.1,41
STA_REE_2,-76.7868,43.097,390,1/2/25,0.06,36.3
STA_REE_2,-76.7868,43.097,390,1/3/25,0,30.7
STA_REE_2,-76.7868,43.097,390,1/4/25,0.07,26.7
STA_REE_2,-76.7868,43.097,390,1/5/25,0,23.6
STA_REE_2,-76.7868,43.097,390,1/6/25,0,21.1
STA_REE_2,-76.7868,43.097,390,1/7/25,0.05,16.3
STA_REE_2,-76.7868,43.097,390,1/8/25,0.01,19.6
STA_REE_2,-76.7868,43.097,390,1/9/25,0.02,17
STA_REE_2,-76.7868,43.097,390,1/10/25,0,18.7
STA_REE_2,-76.7868,43.097,390,1/11/25,0.02,20.3
STA_REE_2,-76.7868,43.097,390,1/12/25,0,24.7
STA_REE_2,-76.7868,43.097,390,1/13/25,0,29.7
STA_REE_2,-76.7868,43.097,390,1/14/25,0,26.9
STA_REE_2,-76.7868,43.097,390,1/15/25,0.13,20.3
STA_REE_2,-76.7868,43.097,390,1/16/25,0,21.1
STA_REE_2,-76.7868,43.097,390,1/17/25,0,23.3
STA_REE_2,-76.7868,43.097,390,1/18/25,0,32.8
STA_REE_2,-76.7868,43.097,390,1/19/25,0.14,28.4
STA_REE_2,-76.7868,43.097,390,1/20/25,0,15.5
STA_REE_2,-76.7868,43.097,390,1/21/25,0.04,10.7
STA_REE_2,-76.7868,43.097,390,1/22/25,0,7.2
STA_REE_2,-76.7868,43.097,390,1/23/25,0,8.2
STA_REE_2,-76.7868,43.097,390,1/24/25,0,21.4
STA_REE_2,-76.7868,43.097,390,1/25/25,0.02,16
STA_REE_2,-76.7868,43.097,390,1/26/25,0,20.9
STA_REE_2,-76.7868,43.097,390,1/27/25,0,27.5
STA_REE_2,-76.7868,43.097,390,1/28/25,0.07,29.3
STA_REE_2,-76.7868,43.097,390,1/29/25,0.14,27.2
STA_REE_2,-76.7868,43.097,390,1/30/25,0.07,26.4
STA_REE_2,-76.7868,43.097,390,1/31/25,0,26.9
STA_REE_2,-76.7868,43.097,390,2/1/25,0.49,26
STA_REE_2,-76.7868,43.097,390,2/2/25,0,5.9
STA_REE_2,-76.7868,43.097,390,2/3/25,0.06,18.7
STA_REE_2,-76.7868,43.097,390,2/4/25,0.21,34.1
STA_REE_2,-76.7868,43.097,390,2/5/25,0,22
STA_REE_2,-76.7868,43.097,390,2/6/25,0,16.5
STA_REE_2,-76.7868,43.097,390,2/7/25,0.1,29.9
STA_REE_2,-76.7868,43.097,390,2/8/25,0,22
STA_REE_2,-76.7868,43.097,390,2/9/25,0.32,24.3
STA_REE_2,-76.7868,43.097,390,2/10/25,0,25.8
STA_REE_2,-76.7868,43.097,390,2/11/25,0,21.1
STA_REE_2,-76.7868,43.097,390,2/12/25,0,20.6
STA_REE_2,-76.7868,43.097,390,2/13/25,0.06,24.5
STA_REE_2,-76.7868,43.097,390,2/14/25,0.09,30.7
STA_REE_2,-76.7868,43.097,390,2/15/25,0,21.7
STA_REE_2,-76.7868,43.097,390,2/16/25,0.42,24.8
STA_REE_2,-76.7868,43.097,390,2/17/25,0.62,24.6
STA_REE_2,-76.7868,43.097,390,2/18/25,0,15.4
STA_REE_2,-76.7868,43.097,390,2/19/25,0.04,14.1
STA_REE_2,-76.7868,43.097,390,2/20/25,0,16.8
STA_REE_2,-76.7868,43.097,390,2/21/25,0.21,17
STA_REE_2,-76.7868,43.097,390,2/22/25,0,17.1
STA_REE_2,-76.7868,43.097,390,2/23/25,0,26.5
STA_REE_2,-76.7868,43.097,390,2/24/25,0,29.9
STA_REE_2,-76.7868,43.097,390,2/25/25,0,39
STA_REE_2,-76.7868,43.097,390,2/26/25,0.09,37.9
STA_REE_2,-76.7868,43.097,390,2/27/25,0.05,35.5
STA_REE_2,-76.7868,43.097,390,2/28/25,0.14,35.6
STA_REE_2,-76.7868,43.097,390,3/1/25,0.04,35.1
STA_REE_2,-76.7868,43.097,390,3/2/25,0,21.9
STA_REE_2,-76.7868,43.097,390,3/3/25,0,14.7
STA_REE_2,-76.7868,43.097,390,3/4/25,0,26
STA_REE_2,-76.7868,43.097,390,3/5/25,0,39.7
STA_REE_2,-76.7868,43.097,390,3/6/25,0.51,45.9
STA_REE_2,-76.7868,43.097,390,3/7/25,0,32.8
STA_REE_2,-76.7868,43.097,390,3/8/25,0,30
STA_REE_2,-76.7868,43.097,390,3/9/25,0,28.9
STA_REE_2,-76.7868,43.097,390,3/10/25,0,37.8
STA_REE_2,-76.7868,43.097,390,3/11/25,0,44.4
STA_REE_2,-76.7868,43.097,390,3/12/25,0,45.4
STA_REE_2,-76.7868,43.097,390,3/13/25,0,30.1
STA_REE_2,-76.7868,43.097,390,3/14/25,0,41.4
STA_REE_2,-76.7868,43.097,390,3/15/25,0,46.9
STA_REE_2,-76.7868,43.097,390,3/16/25,0.03,53.6
STA_REE_2,-76.7868,43.097,390,3/17/25,0.16,50.4
STA_REE_2,-76.7868,43.097,390,3/18/25,0,28.4
STA_REE_2,-76.7868,43.097,390,3/19/25,0,43.6
STA_REE_2,-76.7868,43.097,390,3/20/25,0,59.5
STA_REE_2,-76.7868,43.097,390,3/21/25,0.16,44.8
STA_REE_2,-76.7868,43.097,390,3/22/25,0,36
STA_REE_2,-76.7868,43.097,390,3/23/25,0,37
STA_REE_2,-76.7868,43.097,390,3/24/25,0.01,32.8
STA_REE_2,-76.7868,43.097,390,3/25/25,0,44.2
STA_REE_2,-76.7868,43.097,390,3/26/25,0,33
STA_REE_2,-76.7868,43.097,390,3/27/25,0,30.7
STA_REE_2,-76.7868,43.097,390,3/28/25,0,37.9
STA_REE_2,-76.7868,43.097,390,3/29/25,0.02,41.8
STA_REE_2,-76.7868,43.097,390,3/30/25,0.28,34.3
STA_REE_2,-76.7868,43.097,390,3/31/25,0.13,49.6
STA_REE_2,-76.7868,43.097,390,4/1/25,0.02,49.4
STA_REE_2,-76.7868,43.097,390,4/2/25,0,32.6
STA_REE_2,-76.7868,43.097,390,4/3/25,0.87,40
STA_REE_2,-76.7868,43.097,390,4/4/25,0,54.2
STA_REE_2,-76.7868,43.097,390,4/5/25,0,43.6
STA_REE_2,-76.7868,43.097,390,4/6/25,0.22,46
STA_REE_2,-76.7868,43.097,390,4/7/25,0,36.9
STA_REE_2,-76.7868,43.097,390,4/8/25,0.03,36.7
STA_REE_2,-76.7868,43.097,390,4/9/25,0,26.6
STA_REE_2,-76.7868,43.097,390,4/10/25,0,32.3
STA_REE_2,-76.7868,43.097,390,4/11/25,0.47,36.1
STA_REE_2,-76.7868,43.097,390,4/12/25,0.08,40.4
STA_REE_2,-76.7868,43.097,390,4/13/25,0.01,40.2
STA_REE_2,-76.7868,43.097,390,4/14/25,0,45.6
STA_REE_2,-76.7868,43.097,390,4/15/25,0,52
STA_REE_2,-76.7868,43.097,390,4/16/25,0.01,44.7
STA_REE_2,-76.7868,43.097,390,4/17/25,0,35.9
STA_REE_2,-76.7868,43.097,390,4/18/25,0,42.5
STA_REE_2,-76.7868,43.097,390,4/19/25,0,56.9
STA_REE_2,-76.7868,43.097,390,4/20/25,0.32,56.3
STA_REE_2,-76.7868,43.097,390,4/21/25,0,42.2
STA_REE_2,-76.7868,43.097,390,4/22/25,0.06,53.7
STA_REE_2,-76.7868,43.097,390,4/23/25,0,47.4
STA_REE_2,-76.7868,43.097,390,4/24/25,0,53
STA_REE_2,-76.7868,43.097,390,4/25/25,0,63.9
STA_REE_2,-76.7868,43.097,390,4/26/25,0.35,61.6
STA_REE_2,-76.7868,43.097,390,4/27/25,0.04,51.1
STA_REE_2,-76.7868,43.097,390,4/28/25,0,49.3
STA_REE_2,-76.7868,43.097,390,4/29/25,0,57.5
STA_REE_2,-76.7868,43.097,390,4/30/25,0.22,63
STA_REE_2,-76.7868,43.097,390,5/1/25,0,46
STA_REE_2,-76.7868,43.097,390,5/2/25,0.16,59.6
STA_REE_2,-76.7868,43.097,390,5/3/25,0.13,60.1
STA_REE_2,-76.7868,43.097,390,5/4/25,0.39,47.2
STA_REE_2,-76.7868,43.097,390,5/5/25,0.22,51.7
STA_REE_2,-76.7868,43.097,390,5/6/25,0.21,61.6
STA_REE_2,-76.7868,43.097,390,5/7/25,1.92,62.3
STA_REE_2,-76.7868,43.097,390,5/8/25,0.07,55
STA_REE_2,-76.7868,43.097,390,5/9/25,0,43.6
STA_REE_2,-76.7868,43.097,390,5/10/25,0.08,44.5
STA_REE_2,-76.7868,43.097,390,5/11/25,0,56.7
STA_REE_2,-76.7868,43.097,390,5/12/25,0,48.8
STA_REE_2,-76.7868,43.097,390,5/13/25,0,66.9
STA_REE_2,-76.7868,43.097,390,5/14/25,0.2,66.7
STA_REE_2,-76.7868,43.097,390,5/15/25,0.01,62.9
STA_REE_2,-76.7868,43.097,390,5/16/25,0.14,67.8
STA_REE_2,-76.7868,43.097,390,5/17/25,0.06,70.7
STA_REE_2,-76.7868,43.097,390,5/18/25,0.32,66.5
STA_REE_2,-76.7868,43.097,390,5/19/25,0,51.3
STA_REE_2,-76.7868,43.097,390,5/20/25,0,47.1
STA_REE_2,-76.7868,43.097,390,5/21/25,0,49
STA_REE_2,-76.7868,43.097,390,5/22/25,0.62,50.8
STA_REE_2,-76.7868,43.097,390,5/23/25,0.21,49.8
STA_REE_2,-76.7868,43.097,390,5/24/25,0.25,48.9
STA_REE_2,-76.7868,43.097,390,5/25/25,0.02,51.4
STA_REE_2,-76.7868,43.097,390,5/26/25,0,52.4
STA_REE_2,-76.7868,43.097,390,5/27/25,0,56
STA_REE_2,-76.7868,43.097,390,5/28/25,0,60.6
STA_REE_2,-76.7868,43.097,390,5/29/25,0.58,60.1
STA_REE_2,-76.7868,43.097,390,5/30/25,0,61.4
STA_REE_2,-76.7868,43.097,390,5/31/25,0.02,64
STA_REE_2,-76.7868,43.097,390,6/1/25,0.23,50.3
STA_REE_2,-76.7868,43.097,390,6/2/25,0,51.5
STA_REE_2,-76.7868,43.097,390,6/3/25,0,58
STA_REE_2,-76.7868,43.097,390,6/4/25,0,66.7
STA_REE_2,-76.7868,43.097,390,6/5/25,0,75.3
STA_REE_2,-76.7868,43.097,390,6/6/25,0.01,70.1
STA_REE_2,-76.7868,43.097,390,6/7/25,0.21,66.4
STA_REE_2,-76.7868,43.097,390,6/8/25,0,63.6
STA_REE_2,-76.7868,43.097,390,6/9/25,0.06,66.3
STA_REE_2,-76.7868,43.097,390,6/10/25,0.85,70.3
STA_REE_2,-76.7868,43.097,390,6/11/25,0,66.2
STA_REE_2,-76.7868,43.097,390,6/12/25,0,71.4
STA_REE_2,-76.7868,43.097,390,6/13/25,0,63.9
STA_REE_2,-76.7868,43.097,390,6/14/25,0.01,62.5
STA_REE_2,-76.7868,43.097,390,6/15/25,0,63.5
STA_REE_2,-76.7868,43.097,390,6/16/25,0,66.4
STA_REE_2,-76.7868,43.097,390,6/17/25,0,67.3
STA_REE_2,-76.7868,43.097,390,6/18/25,0,72.6
STA_REE_2,-76.7868,43.097,390,6/19/25,0.51,75.6
STA_REE_2,-76.7868,43.097,390,6/20/25,0.09,71.6
STA_REE_2,-76.7868,43.097,390,6/21/25,0,68
STA_REE_2,-76.7868,43.097,390,6/22/25,0.04,76.2
STA_REE_2,-76.7868,43.097,390,6/23/25,0,80.6
STA_REE_2,-76.7868,43.097,390,6/24/25,0,83.5
STA_REE_2,-76.7868,43.097,390,6/25/25,0,82.9
STA_REE_2,-76.7868,43.097,390,6/26/25,0.02,75.6
STA_REE_2,-76.7868,43.097,390,6/27/25,0.12,66.4
STA_REE_2,-76.7868,43.097,390,6/28/25,0.05,67.6
STA_REE_2,-76.7868,43.097,390,6/29/25,0,72.4
STA_REE_2,-76.7868,43.097,390,6/30/25,0,68.2
,,,,,,
STA_STA,-78.2148,43.1239,630,1/1/25,0.03,40
STA_STA,-78.2148,43.1239,630,1/2/25,0.14,34.3
STA_STA,-78.2148,43.1239,630,1/3/25,0,29.3
STA_STA,-78.2148,43.1239,630,1/4/25,0.03,26.6
STA_STA,-78.2148,43.1239,630,1/5/25,0.06,22.5
STA_STA,-78.2148,43.1239,630,1/6/25,0,23.3
STA_STA,-78.2148,43.1239,630,1/7/25,0.02,18.1
STA_STA,-78.2148,43.1239,630,1/8/25,0.06,19.1
STA_STA,-78.2148,43.1239,630,1/9/25,0,16.2
STA_STA,-78.2148,43.1239,630,1/10/25,0,17.2
STA_STA,-78.2148,43.1239,630,1/11/25,0.07,20.8
STA_STA,-78.2148,43.1239,630,1/12/25,0,23.8
STA_STA,-78.2148,43.1239,630,1/13/25,0,29.2
STA_STA,-78.2148,43.1239,630,1/14/25,0.05,25.3
STA_STA,-78.2148,43.1239,630,1/15/25,0.07,18.6
STA_STA,-78.2148,43.1239,630,1/16/25,0.02,20.3
STA_STA,-78.2148,43.1239,630,1/17/25,0.12,24.3
STA_STA,-78.2148,43.1239,630,1/18/25,0,35.1
STA_STA,-78.2148,43.1239,630,1/19/25,0.15,29.5
STA_STA,-78.2148,43.1239,630,1/20/25,0.18,16.7
STA_STA,-78.2148,43.1239,630,1/21/25,0.03,7.6
STA_STA,-78.2148,43.1239,630,1/22/25,0.03,4.2
STA_STA,-78.2148,43.1239,630,1/23/25,0,6.1
STA_STA,-78.2148,43.1239,630,1/24/25,0.06,20.6
STA_STA,-78.2148,43.1239,630,1/25/25,0,18
STA_STA,-78.2148,43.1239,630,1/26/25,0,23.3
STA_STA,-78.2148,43.1239,630,1/27/25,0,27.8
STA_STA,-78.2148,43.1239,630,1/28/25,0.08,25.5
STA_STA,-78.2148,43.1239,630,1/29/25,0.11,26.7
STA_STA,-78.2148,43.1239,630,1/30/25,0.02,26.2
STA_STA,-78.2148,43.1239,630,1/31/25,0,28.2
STA_STA,-78.2148,43.1239,630,2/1/25,0.41,24.8
STA_STA,-78.2148,43.1239,630,2/2/25,0,7.6
STA_STA,-78.2148,43.1239,630,2/3/25,0.04,21.5
STA_STA,-78.2148,43.1239,630,2/4/25,0.15,34.5
STA_STA,-78.2148,43.1239,630,2/5/25,0.06,24.5
STA_STA,-78.2148,43.1239,630,2/6/25,0.13,19.2
STA_STA,-78.2148,43.1239,630,2/7/25,0.08,28.2
STA_STA,-78.2148,43.1239,630,2/8/25,0,20.4
STA_STA,-78.2148,43.1239,630,2/9/25,0.23,24.8
STA_STA,-78.2148,43.1239,630,2/10/25,0.01,25
STA_STA,-78.2148,43.1239,630,2/11/25,0.02,19.2
STA_STA,-78.2148,43.1239,630,2/12/25,0,21.6
STA_STA,-78.2148,43.1239,630,2/13/25,0.36,28.8
STA_STA,-78.2148,43.1239,630,2/14/25,0.02,28.1
STA_STA,-78.2148,43.1239,630,2/15/25,0,20.5
STA_STA,-78.2148,43.1239,630,2/16/25,0.36,25.7
STA_STA,-78.2148,43.1239,630,2/17/25,0.42,23
STA_STA,-78.2148,43.1239,630,2/18/25,0.06,13.4
STA_STA,-78.2148,43.1239,630,2/19/25,0,13
STA_STA,-78.2148,43.1239,630,2/20/25,0.01,17.2
STA_STA,-78.2148,43.1239,630,2/21/25,0.16,16.1
STA_STA,-78.2148,43.1239,630,2/22/25,0,17.4
STA_STA,-78.2148,43.1239,630,2/23/25,0,27.4
STA_STA,-78.2148,43.1239,630,2/24/25,0,30.5
STA_STA,-78.2148,43.1239,630,2/25/25,0,41.9
STA_STA,-78.2148,43.1239,630,2/26/25,0.12,37.4
STA_STA,-78.2148,43.1239,630,2/27/25,0,36.7
STA_STA,-78.2148,43.1239,630,2/28/25,0.05,32.6
STA_STA,-78.2148,43.1239,630,3/1/25,0.06,35.6
STA_STA,-78.2148,43.1239,630,3/2/25,0.02,17.2
STA_STA,-78.2148,43.1239,630,3/3/25,0,14.4
STA_STA,-78.2148,43.1239,630,3/4/25,0.02,27.8
STA_STA,-78.2148,43.1239,630,3/5/25,0.03,45.3
STA_STA,-78.2148,43.1239,630,3/6/25,0.36,46.3
STA_STA,-78.2148,43.1239,630,3/7/25,0.02,30.4
STA_STA,-78.2148,43.1239,630,3/8/25,0.02,30.3
STA_STA,-78.2148,43.1239,630,3/9/25,0,28.7
STA_STA,-78.2148,43.1239,630,3/10/25,0,38.3
STA_STA,-78.2148,43.1239,630,3/11/25,0,46.8
STA_STA,-78.2148,43.1239,630,3/12/25,0,41.8
STA_STA,-78.2148,43.1239,630,3/13/25,0,30.9
STA_STA,-78.2148,43.1239,630,3/14/25,0,40
STA_STA,-78.2148,43.1239,630,3/15/25,0,48.6
STA_STA,-78.2148,43.1239,630,3/16/25,0.07,59
STA_STA,-78.2148,43.1239,630,3/17/25,0.35,52.4
STA_STA,-78.2148,43.1239,630,3/18/25,0,32.2
STA_STA,-78.2148,43.1239,630,3/19/25,0,46.8
STA_STA,-78.2148,43.1239,630,3/20/25,0,62.5
STA_STA,-78.2148,43.1239,630,3/21/25,0.04,42.1
STA_STA,-78.2148,43.1239,630,3/22/25,0,36.2
STA_STA,-78.2148,43.1239,630,3/23/25,0.08,36.2
STA_STA,-78.2148,43.1239,630,3/24/25,0.03,35.1
STA_STA,-78.2148,43.1239,630,3/25/25,0,42.1
STA_STA,-78.2148,43.1239,630,3/26/25,0,33.4
STA_STA,-78.2148,43.1239,630,3/27/25,0.01,29.2
STA_STA,-78.2148,43.1239,630,3/28/25,0,36.9
STA_STA,-78.2148,43.1239,630,3/29/25,0.11,42.8
STA_STA,-78.2148,43.1239,630,3/30/25,0.45,35
STA_STA,-78.2148,43.1239,630,3/31/25,0.11,50
STA_STA,-78.2148,43.1239,630,4/1/25,0,45.4
STA_STA,-78.2148,43.1239,630,4/2/25,0,32.9
STA_STA,-78.2148,43.1239,630,4/3/25,1.22,44.3
STA_STA,-78.2148,43.1239,630,4/4/25,0,52.3
STA_STA,-78.2148,43.1239,630,4/5/25,0.01,44.8
STA_STA,-78.2148,43.1239,630,4/6/25,0.12,49.7
STA_STA,-78.2148,43.1239,630,4/7/25,0,35.4
STA_STA,-78.2148,43.1239,630,4/8/25,0.03,36.7
STA_STA,-78.2148,43.1239,630,4/9/25,0.04,26.7
STA_STA,-78.2148,43.1239,630,4/10/25,0,32.7
STA_STA,-78.2148,43.1239,630,4/11/25,0.24,36.9
STA_STA,-78.2148,43.1239,630,4/12/25,0,38.7
STA_STA,-78.2148,43.1239,630,4/13/25,0,38.9
STA_STA,-78.2148,43.1239,630,4/14/25,0,47.8
STA_STA,-78.2148,43.1239,630,4/15/25,0,55.3
STA_STA,-78.2148,43.1239,630,4/16/25,0.15,43.1
STA_STA,-78.2148,43.1239,630,4/17/25,0,34.6
STA_STA,-78.2148,43.1239,630,4/18/25,0,43.8
STA_STA,-78.2148,43.1239,630,4/19/25,0.02,61.3
STA_STA,-78.2148,43.1239,630,4/20/25,0.11,53.5
STA_STA,-78.2148,43.1239,630,4/21/25,0,45.5
STA_STA,-78.2148,43.1239,630,4/22/25,0.27,56.5
STA_STA,-78.2148,43.1239,630,4/23/25,0,45.6
STA_STA,-78.2148,43.1239,630,4/24/25,0,56.3
STA_STA,-78.2148,43.1239,630,4/25/25,0.02,65.5
STA_STA,-78.2148,43.1239,630,4/26/25,0.36,58.6
STA_STA,-78.2148,43.1239,630,4/27/25,0.02,49.6
STA_STA,-78.2148,43.1239,630,4/28/25,0,50.1
STA_STA,-78.2148,43.1239,630,4/29/25,0,59.8
STA_STA,-78.2148,43.1239,630,4/30/25,0.1,59.4
STA_STA,-78.2148,43.1239,630,5/1/25,0,46.5
STA_STA,-78.2148,43.1239,630,5/2/25,0.72,58.7
STA_STA,-78.2148,43.1239,630,5/3/25,0.28,56.8
STA_STA,-78.2148,43.1239,630,5/4/25,0.19,46.3
STA_STA,-78.2148,43.1239,630,5/5/25,0.02,51.4
STA_STA,-78.2148,43.1239,630,5/6/25,0.84,57.8
STA_STA,-78.2148,43.1239,630,5/7/25,0.04,60.5
STA_STA,-78.2148,43.1239,630,5/8/25,0,54.4
STA_STA,-78.2148,43.1239,630,5/9/25,0,42
STA_STA,-78.2148,43.1239,630,5/10/25,0,49.2
STA_STA,-78.2148,43.1239,630,5/11/25,0,55.2
STA_STA,-78.2148,43.1239,630,5/12/25,0,50.7
STA_STA,-78.2148,43.1239,630,5/13/25,0,67.3
STA_STA,-78.2148,43.1239,630,5/14/25,0.09,67.4
STA_STA,-78.2148,43.1239,630,5/15/25,0.03,65.5
STA_STA,-78.2148,43.1239,630,5/16/25,0.14,68.7
STA_STA,-78.2148,43.1239,630,5/17/25,0,68.8
STA_STA,-78.2148,43.1239,630,5/18/25,0.11,63.8
STA_STA,-78.2148,43.1239,630,5/19/25,0.04,51
STA_STA,-78.2148,43.1239,630,5/20/25,0,46.5
STA_STA,-78.2148,43.1239,630,5/21/25,0,51.4
STA_STA,-78.2148,43.1239,630,5/22/25,0.87,50.9
STA_STA,-78.2148,43.1239,630,5/23/25,0.4,51.4
STA_STA,-78.2148,43.1239,630,5/24/25,0.03,48.6
STA_STA,-78.2148,43.1239,630,5/25/25,0.04,50.3
STA_STA,-78.2148,43.1239,630,5/26/25,0.03,52.6
STA_STA,-78.2148,43.1239,630,5/27/25,0,57
STA_STA,-78.2148,43.1239,630,5/28/25,0,60.4
STA_STA,-78.2148,43.1239,630,5/29/25,0.17,59.4
STA_STA,-78.2148,43.1239,630,5/30/25,0,62.1
STA_STA,-78.2148,43.1239,630,5/31/25,0.25,60.4
STA_STA,-78.2148,43.1239,630,6/1/25,0,48.2
STA_STA,-78.2148,43.1239,630,6/2/25,0,51.7
STA_STA,-78.2148,43.1239,630,6/3/25,0,60.3
STA_STA,-78.2148,43.1239,630,6/4/25,0,70.4
STA_STA,-78.2148,43.1239,630,6/5/25,0,73.9
STA_STA,-78.2148,43.1239,630,6/6/25,0.38,69
STA_STA,-78.2148,43.1239,630,6/7/25,0,64.1
STA_STA,-78.2148,43.1239,630,6/8/25,0,65.1
STA_STA,-78.2148,43.1239,630,6/9/25,0.01,66
STA_STA,-78.2148,43.1239,630,6/10/25,0.84,68.3
STA_STA,-78.2148,43.1239,630,6/11/25,0,65.3
STA_STA,-78.2148,43.1239,630,6/12/25,0,68.3
STA_STA,-78.2148,43.1239,630,6/13/25,0,64.9
STA_STA,-78.2148,43.1239,630,6/14/25,0.05,62.4
STA_STA,-78.2148,43.1239,630,6/15/25,0,62.5
STA_STA,-78.2148,43.1239,630,6/16/25,0,64.1
STA_STA,-78.2148,43.1239,630,6/17/25,0,69.3
STA_STA,-78.2148,43.1239,630,6/18/25,0,74.7
STA_STA,-78.2148,43.1239,630,6/19/25,0.07,76.4
STA_STA,-78.2148,43.1239,630,6/20/25,0.14,69
STA_STA,-78.2148,43.1239,630,6/21/25,0,70
STA_STA,-78.2148,43.1239,630,6/22/25,0.01,76.7
STA_STA,-78.2148,43.1239,630,6/23/25,0,82.1
STA_STA,-78.2148,43.1239,630,6/24/25,0,83.9
STA_STA,-78.2148,43.1239,630,6/25/25,0,81.1
STA_STA,-78.2148,43.1239,630,6/26/25,0.86,72.6
STA_STA,-78.2148,43.1239,630,6/27/25,0.02,63.8
STA_STA,-78.2148,43.1239,630,6/28/25,0.17,76.9
STA_STA,-78.2148,43.1239,630,6/29/25,0,69.1
STA_STA,-78.2148,43.1239,630,6/30/25,0,70.7
,,,,,,
STA_WIL,-76.8254,43.0647,404,1/1/25,0.03,41.2
STA_WIL,-76.8254,43.0647,404,1/2/25,0.01,36.5
STA_WIL,-76.8254,43.0647,404,1/3/25,0,30.7
STA_WIL,-76.8254,43.0647,404,1/4/25,0.02,26.6
STA_WIL,-76.8254,43.0647,404,1/5/25,0,23.7
STA_WIL,-76.8254,43.0647,404,1/6/25,0,21.2
STA_WIL,-76.8254,43.0647,404,1/7/25,0.05,16.1
STA_WIL,-76.8254,43.0647,404,1/8/25,0,19.4
STA_WIL,-76.8254,43.0647,404,1/9/25,0,16.8
STA_WIL,-76.8254,43.0647,404,1/10/25,0,18.6
STA_WIL,-76.8254,43.0647,404,1/11/25,0.02,20.6
STA_WIL,-76.8254,43.0647,404,1/12/25,0,24.6
STA_WIL,-76.8254,43.0647,404,1/13/25,0,30.1
STA_WIL,-76.8254,43.0647,404,1/14/25,0,26.8
STA_WIL,-76.8254,43.0647,404,1/15/25,0.16,20.2
STA_WIL,-76.8254,43.0647,404,1/16/25,0,21
STA_WIL,-76.8254,43.0647,404,1/17/25,0,23.3
STA_WIL,-76.8254,43.0647,404,1/18/25,0,32.9
STA_WIL,-76.8254,43.0647,404,1/19/25,0.15,28.4
STA_WIL,-76.8254,43.0647,404,1/20/25,0,15.5
STA_WIL,-76.8254,43.0647,404,1/21/25,0.05,10.7
STA_WIL,-76.8254,43.0647,404,1/22/25,0,7.1
STA_WIL,-76.8254,43.0647,404,1/23/25,0,8.3
STA_WIL,-76.8254,43.0647,404,1/24/25,0,21.4
STA_WIL,-76.8254,43.0647,404,1/25/25,0,16.2
STA_WIL,-76.8254,43.0647,404,1/26/25,0,21.2
STA_WIL,-76.8254,43.0647,404,1/27/25,0,27.5
STA_WIL,-76.8254,43.0647,404,1/28/25,0.09,29.4
STA_WIL,-76.8254,43.0647,404,1/29/25,0.14,27.2
STA_WIL,-76.8254,43.0647,404,1/30/25,0.08,26.5
STA_WIL,-76.8254,43.0647,404,1/31/25,0,27
STA_WIL,-76.8254,43.0647,404,2/1/25,0.5,26.1
STA_WIL,-76.8254,43.0647,404,2/2/25,0,6.3
STA_WIL,-76.8254,43.0647,404,2/3/25,0.06,19.1
STA_WIL,-76.8254,43.0647,404,2/4/25,0.2,34.2
STA_WIL,-76.8254,43.0647,404,2/5/25,0,22.1
STA_WIL,-76.8254,43.0647,404,2/6/25,0,17.1
STA_WIL,-76.8254,43.0647,404,2/7/25,0.09,30.1
STA_WIL,-76.8254,43.0647,404,2/8/25,0,22.1
STA_WIL,-76.8254,43.0647,404,2/9/25,0.32,24.4
STA_WIL,-76.8254,43.0647,404,2/10/25,0,25.8
STA_WIL,-76.8254,43.0647,404,2/11/25,0,21.2
STA_WIL,-76.8254,43.0647,404,2/12/25,0,20.9
STA_WIL,-76.8254,43.0647,404,2/13/25,0.07,24.9
STA_WIL,-76.8254,43.0647,404,2/14/25,0.09,30.9
STA_WIL,-76.8254,43.0647,404,2/15/25,0,22.1
STA_WIL,-76.8254,43.0647,404,2/16/25,0.41,25
STA_WIL,-76.8254,43.0647,404,2/17/25,0.62,24.8
STA_WIL,-76.8254,43.0647,404,2/18/25,0,15.4
STA_WIL,-76.8254,43.0647,404,2/19/25,0.04,14
STA_WIL,-76.8254,43.0647,404,2/20/25,0,16.9
STA_WIL,-76.8254,43.0647,404,2/21/25,0.23,16.8
STA_WIL,-76.8254,43.0647,404,2/22/25,0,16.9
STA_WIL,-76.8254,43.0647,404,2/23/25,0,26.6
STA_WIL,-76.8254,43.0647,404,2/24/25,0,29.9
STA_WIL,-76.8254,43.0647,404,2/25/25,0,39.1
STA_WIL,-76.8254,43.0647,404,2/26/25,0.09,37.9
STA_WIL,-76.8254,43.0647,404,2/27/25,0.06,35.8
STA_WIL,-76.8254,43.0647,404,2/28/25,0.16,35.7
STA_WIL,-76.8254,43.0647,404,3/1/25,0.04,35.1
STA_WIL,-76.8254,43.0647,404,3/2/25,0,21.9
STA_WIL,-76.8254,43.0647,404,3/3/25,0,14.7
STA_WIL,-76.8254,43.0647,404,3/4/25,0,26
STA_WIL,-76.8254,43.0647,404,3/5/25,0,39.8
STA_WIL,-76.8254,43.0647,404,3/6/25,0.45,46
STA_WIL,-76.8254,43.0647,404,3/7/25,0,32.6
STA_WIL,-76.8254,43.0647,404,3/8/25,0,30.1
STA_WIL,-76.8254,43.0647,404,3/9/25,0,28.9
STA_WIL,-76.8254,43.0647,404,3/10/25,0,37.9
STA_WIL,-76.8254,43.0647,404,3/11/25,0,44.8
STA_WIL,-76.8254,43.0647,404,3/12/25,0,45.5
STA_WIL,-76.8254,43.0647,404,3/13/25,0,30.3
STA_WIL,-76.8254,43.0647,404,3/14/25,0,41.4
STA_WIL,-76.8254,43.0647,404,3/15/25,0,47
STA_WIL,-76.8254,43.0647,404,3/16/25,0.02,53.3
STA_WIL,-76.8254,43.0647,404,3/17/25,0.16,50.3
STA_WIL,-76.8254,43.0647,404,3/18/25,0,28.3
STA_WIL,-76.8254,43.0647,404,3/19/25,0,43.8
STA_WIL,-76.8254,43.0647,404,3/20/25,0,59.6
STA_WIL,-76.8254,43.0647,404,3/21/25,0.17,44.4
STA_WIL,-76.8254,43.0647,404,3/22/25,0,36
STA_WIL,-76.8254,43.0647,404,3/23/25,0,36.9
STA_WIL,-76.8254,43.0647,404,3/24/25,0,32.8
STA_WIL,-76.8254,43.0647,404,3/25/25,0,44.2
STA_WIL,-76.8254,43.0647,404,3/26/25,0,32.8
STA_WIL,-76.8254,43.0647,404,3/27/25,0,30.6
STA_WIL,-76.8254,43.0647,404,3/28/25,0,37.6
STA_WIL,-76.8254,43.0647,404,3/29/25,0.02,41.7
STA_WIL,-76.8254,43.0647,404,3/30/25,0.26,34.1
STA_WIL,-76.8254,43.0647,404,3/31/25,0.12,49.6
STA_WIL,-76.8254,43.0647,404,4/1/25,0.01,49.3
STA_WIL,-76.8254,43.0647,404,4/2/25,0,32.7
STA_WIL,-76.8254,43.0647,404,4/3/25,0.88,39.9
STA_WIL,-76.8254,43.0647,404,4/4/25,0,54.3
STA_WIL,-76.8254,43.0647,404,4/5/25,0,43.8
STA_WIL,-76.8254,43.0647,404,4/6/25,0.26,46.2
STA_WIL,-76.8254,43.0647,404,4/7/25,0,36.9
STA_WIL,-76.8254,43.0647,404,4/8/25,0.03,36.4
STA_WIL,-76.8254,43.0647,404,4/9/25,0,26.5
STA_WIL,-76.8254,43.0647,404,4/10/25,0,32.2
STA_WIL,-76.8254,43.0647,404,4/11/25,0.51,35.5
STA_WIL,-76.8254,43.0647,404,4/12/25,0.09,40.5
STA_WIL,-76.8254,43.0647,404,4/13/25,0.01,40
STA_WIL,-76.8254,43.0647,404,4/14/25,0,45.5
STA_WIL,-76.8254,43.0647,404,4/15/25,0,51.6
STA_WIL,-76.8254,43.0647,404,4/16/25,0,44.5
STA_WIL,-76.8254,43.0647,404,4/17/25,0,35.6
STA_WIL,-76.8254,43.0647,404,4/18/25,0,42.7
STA_WIL,-76.8254,43.0647,404,4/19/25,0,56.8
STA_WIL,-76.8254,43.0647,404,4/20/25,0.41,56.2
STA_WIL,-76.8254,43.0647,404,4/21/25,0,42.2
STA_WIL,-76.8254,43.0647,404,4/22/25,0.06,53.2
STA_WIL,-76.8254,43.0647,404,4/23/25,0,47.8
STA_WIL,-76.8254,43.0647,404,4/24/25,0,52.8
STA_WIL,-76.8254,43.0647,404,4/25/25,0,64
STA_WIL,-76.8254,43.0647,404,4/26/25,0.38,61.9
STA_WIL,-76.8254,43.0647,404,4/27/25,0.04,51.1
STA_WIL,-76.8254,43.0647,404,4/28/25,0,49.2
STA_WIL,-76.8254,43.0647,404,4/29/25,0,57.1
STA_WIL,-76.8254,43.0647,404,4/30/25,0.28,62.7
STA_WIL,-76.8254,43.0647,404,5/1/25,0,46.1
STA_WIL,-76.8254,43.0647,404,5/2/25,0.18,59.7
STA_WIL,-76.8254,43.0647,404,5/3/25,0.17,59.9
STA_WIL,-76.8254,43.0647,404,5/4/25,0.4,47.1
STA_WIL,-76.8254,43.0647,404,5/5/25,0.26,51.5
STA_WIL,-76.8254,43.0647,404,5/6/25,0.24,61.6
STA_WIL,-76.8254,43.0647,404,5/7/25,2.02,62.1
STA_WIL,-76.8254,43.0647,404,5/8/25,0.1,54.8
STA_WIL,-76.8254,43.0647,404,5/9/25,0,43.6
STA_WIL,-76.8254,43.0647,404,5/10/25,0.02,44.5
STA_WIL,-76.8254,43.0647,404,5/11/25,0,56.1
STA_WIL,-76.8254,43.0647,404,5/12/25,0,48.6
STA_WIL,-76.8254,43.0647,404,5/13/25,0,67
STA_WIL,-76.8254,43.0647,404,5/14/25,0.08,66.6
STA_WIL,-76.8254,43.0647,404,5/15/25,0.01,62.8
STA_WIL,-76.8254,43.0647,404,5/16/25,0.13,67.7
STA_WIL,-76.8254,43.0647,404,5/17/25,0.02,70.7
STA_WIL,-76.8254,43.0647,404,5/18/25,0.22,66.2
STA_WIL,-76.8254,43.0647,404,5/19/25,0,51.4
STA_WIL,-76.8254,43.0647,404,5/20/25,0,47.1
STA_WIL,-76.8254,43.0647,404,5/21/25,0,48.9
STA_WIL,-76.8254,43.0647,404,5/22/25,0.63,50.4
STA_WIL,-76.8254,43.0647,404,5/23/25,0.2,49.8
STA_WIL,-76.8254,43.0647,404,5/24/25,0.23,48.9
STA_WIL,-76.8254,43.0647,404,5/25/25,0.05,51.2
STA_WIL,-76.8254,43.0647,404,5/26/25,0,52.1
STA_WIL,-76.8254,43.0647,404,5/27/25,0,55.9
STA_WIL,-76.8254,43.0647,404,5/28/25,0,60.2
STA_WIL,-76.8254,43.0647,404,5/29/25,0.66,59.7
STA_WIL,-76.8254,43.0647,404,5/30/25,0,61.4
STA_WIL,-76.8254,43.0647,404,5/31/25,0.03,63.9
STA_WIL,-76.8254,43.0647,404,6/1/25,0.22,50.2
STA_WIL,-76.8254,43.0647,404,6/2/25,0,51.3
STA_WIL,-76.8254,43.0647,404,6/3/25,0,58.2
STA_WIL,-76.8254,43.0647,404,6/4/25,0,66.8
STA_WIL,-76.8254,43.0647,404,6/5/25,0,75.1
STA_WIL,-76.8254,43.0647,404,6/6/25,0,70.2
STA_WIL,-76.8254,43.0647,404,6/7/25,0.21,66.2
STA_WIL,-76.8254,43.0647,404,6/8/25,0,63.5
STA_WIL,-76.8254,43.0647,404,6/9/25,0.06,66.2
STA_WIL,-76.8254,43.0647,404,6/10/25,0.73,70.2
STA_WIL,-76.8254,43.0647,404,6/11/25,0,66.1
STA_WIL,-76.8254,43.0647,404,6/12/25,0,71.6
STA_WIL,-76.8254,43.0647,404,6/13/25,0,64.2
STA_WIL,-76.8254,43.0647,404,6/14/25,0.02,62.5
STA_WIL,-76.8254,43.0647,404,6/15/25,0,63.4
STA_WIL,-76.8254,43.0647,404,6/16/25,0,66.1
STA_WIL,-76.8254,43.0647,404,6/17/25,0,67
STA_WIL,-76.8254,43.0647,404,6/18/25,0,72.7
STA_WIL,-76.8254,43.0647,404,6/19/25,0.67,75.4
STA_WIL,-76.8254,43.0647,404,6/20/25,0.11,71.5
STA_WIL,-76.8254,43.0647,404,6/21/25,0,68.2
STA_WIL,-76.8254,43.0647,404,6/22/25,0.01,76.2
STA_WIL,-76.8254,43.0647,404,6/23/25,0,80.8
STA_WIL,-76.8254,43.0647,404,6/24/25,0,83.5
STA_WIL,-76.8254,43.0647,404,6/25/25,0,82.8
STA_WIL,-76.8254,43.0647,404,6/26/25,0.02,75.5
STA_WIL,-76.8254,43.0647,404,6/27/25,0.1,66.5
STA_WIL,-76.8254,43.0647,404,6/28/25,0.12,67.7
STA_WIL,-76.8254,43.0647,404,6/29/25,0,72.4
STA_WIL,-76.8254,43.0647,404,6/30/25,0,68.2
,,,,,,
STA_WOO,-78.3658,43.3127,331,1/1/25,0.06,38.5
STA_WOO,-78.3658,43.3127,331,1/2/25,0.15,35.7
STA_WOO,-78.3658,43.3127,331,1/3/25,0,30.4
STA_WOO,-78.3658,43.3127,331,1/4/25,0,28.7
STA_WOO,-78.3658,43.3127,331,1/5/25,0.06,23.6
STA_WOO,-78.3658,43.3127,331,1/6/25,0,24.2
STA_WOO,-78.3658,43.3127,331,1/7/25,0.03,19.3
STA_WOO,-78.3658,43.3127,331,1/8/25,0.04,20.1
STA_WOO,-78.3658,43.3127,331,1/9/25,0,17.8
STA_WOO,-78.3658,43.3127,331,1/10/25,0,18.7
STA_WOO,-78.3658,43.3127,331,1/11/25,0.19,22.2
STA_WOO,-78.3658,43.3127,331,1/12/25,0,24.8
STA_WOO,-78.3658,43.3127,331,1/13/25,0,30.3
STA_WOO,-78.3658,43.3127,331,1/14/25,0,26.5
STA_WOO,-78.3658,43.3127,331,1/15/25,0.05,20.4
STA_WOO,-78.3658,43.3127,331,1/16/25,0.05,21.5
STA_WOO,-78.3658,43.3127,331,1/17/25,0.03,25.7
STA_WOO,-78.3658,43.3127,331,1/18/25,0,36
STA_WOO,-78.3658,43.3127,331,1/19/25,0.15,30.8
STA_WOO,-78.3658,43.3127,331,1/20/25,0.39,18.1
STA_WOO,-78.3658,43.3127,331,1/21/25,0.08,8.7
STA_WOO,-78.3658,43.3127,331,1/22/25,0.01,5.2
STA_WOO,-78.3658,43.3127,331,1/23/25,0,7.1
STA_WOO,-78.3658,43.3127,331,1/24/25,0.08,21.5
STA_WOO,-78.3658,43.3127,331,1/25/25,0.12,18.5
STA_WOO,-78.3658,43.3127,331,1/26/25,0.01,24.9
STA_WOO,-78.3658,43.3127,331,1/27/25,0.02,28.5
STA_WOO,-78.3658,43.3127,331,1/28/25,0.06,26.2
STA_WOO,-78.3658,43.3127,331,1/29/25,0.1,27.6
STA_WOO,-78.3658,43.3127,331,1/30/25,0.01,27.6
STA_WOO,-78.3658,43.3127,331,1/31/25,0,28.8
STA_WOO,-78.3658,43.3127,331,2/1/25,0.47,25.1
STA_WOO,-78.3658,43.3127,331,2/2/25,0,8.2
STA_WOO,-78.3658,43.3127,331,2/3/25,0,21.7
STA_WOO,-78.3658,43.3127,331,2/4/25,0.18,34.5
STA_WOO,-78.3658,43.3127,331,2/5/25,0.01,26
STA_WOO,-78.3658,43.3127,331,2/6/25,0.03,18.9
STA_WOO,-78.3658,43.3127,331,2/7/25,0.06,28.2
STA_WOO,-78.3658,43.3127,331,2/8/25,0,22
STA_WOO,-78.3658,43.3127,331,2/9/25,0.32,25.6
STA_WOO,-78.3658,43.3127,331,2/10/25,0.03,26.5
STA_WOO,-78.3658,43.3127,331,2/11/25,0,19.9
STA_WOO,-78.3658,43.3127,331,2/12/25,0,22.9
STA_WOO,-78.3658,43.3127,331,2/13/25,0.37,27.9
STA_WOO,-78.3658,43.3127,331,2/14/25,0,28.2
STA_WOO,-78.3658,43.3127,331,2/15/25,0,21.5
STA_WOO,-78.3658,43.3127,331,2/16/25,0.18,25.9
STA_WOO,-78.3658,43.3127,331,2/17/25,0.47,23.7
STA_WOO,-78.3658,43.3127,331,2/18/25,0.07,15.1
STA_WOO,-78.3658,43.3127,331,2/19/25,0,14.5
STA_WOO,-78.3658,43.3127,331,2/20/25,0.03,18.1
STA_WOO,-78.3658,43.3127,331,2/21/25,0.32,17.3
STA_WOO,-78.3658,43.3127,331,2/22/25,0,18.2
STA_WOO,-78.3658,43.3127,331,2/23/25,0.01,27.1
STA_WOO,-78.3658,43.3127,331,2/24/25,0,31
STA_WOO,-78.3658,43.3127,331,2/25/25,0,41.8
STA_WOO,-78.3658,43.3127,331,2/26/25,0.11,37.6
STA_WOO,-78.3658,43.3127,331,2/27/25,0.02,36.5
STA_WOO,-78.3658,43.3127,331,2/28/25,0.09,32.1
STA_WOO,-78.3658,43.3127,331,3/1/25,0.09,36.2
STA_WOO,-78.3658,43.3127,331,3/2/25,0,17.9
STA_WOO,-78.3658,43.3127,331,3/3/25,0,15.3
STA_WOO,-78.3658,43.3127,331,3/4/25,0.02,28.7
STA_WOO,-78.3658,43.3127,331,3/5/25,0.02,45
STA_WOO,-78.3658,43.3127,331,3/6/25,0.32,47.1
STA_WOO,-78.3658,43.3127,331,3/7/25,0.01,31.2
STA_WOO,-78.3658,43.3127,331,3/8/25,0.03,31
STA_WOO,-78.3658,43.3127,331,3/9/25,0,29.6
STA_WOO,-78.3658,43.3127,331,3/10/25,0,38.6
STA_WOO,-78.3658,43.3127,331,3/11/25,0,46.2
STA_WOO,-78.3658,43.3127,331,3/12/25,0,41.9
STA_WOO,-78.3658,43.3127,331,3/13/25,0,31.4
STA_WOO,-78.3658,43.3127,331,3/14/25,0,38.4
STA_WOO,-78.3658,43.3127,331,3/15/25,0,47.3
STA_WOO,-78.3658,43.3127,331,3/16/25,0.07,59.8
STA_WOO,-78.3658,43.3127,331,3/17/25,0.21,53.5
STA_WOO,-78.3658,43.3127,331,3/18/25,0,32.9
STA_WOO,-78.3658,43.3127,331,3/19/25,0,46.9
STA_WOO,-78.3658,43.3127,331,3/20/25,0,61.3
STA_WOO,-78.3658,43.3127,331,3/21/25,0.04,42.7
STA_WOO,-78.3658,43.3127,331,3/22/25,0,36.6
STA_WOO,-78.3658,43.3127,331,3/23/25,0.06,36.5
STA_WOO,-78.3658,43.3127,331,3/24/25,0.05,35.9
STA_WOO,-78.3658,43.3127,331,3/25/25,0,42.7
STA_WOO,-78.3658,43.3127,331,3/26/25,0.04,34.2
STA_WOO,-78.3658,43.3127,331,3/27/25,0,29.8
STA_WOO,-78.3658,43.3127,331,3/28/25,0,37.3
STA_WOO,-78.3658,43.3127,331,3/29/25,0.11,41.4
STA_WOO,-78.3658,43.3127,331,3/30/25,0.48,33.4
STA_WOO,-78.3658,43.3127,331,3/31/25,0.05,48.7
STA_WOO,-78.3658,43.3127,331,4/1/25,0.02,45
STA_WOO,-78.3658,43.3127,331,4/2/25,0,32.7
STA_WOO,-78.3658,43.3127,331,4/3/25,1.17,44.7
STA_WOO,-78.3658,43.3127,331,4/4/25,0,51.5
STA_WOO,-78.3658,43.3127,331,4/5/25,0.02,44.1
STA_WOO,-78.3658,43.3127,331,4/6/25,0.04,49.2
STA_WOO,-78.3658,43.3127,331,4/7/25,0,35
STA_WOO,-78.3658,43.3127,331,4/8/25,0.03,35.8
STA_WOO,-78.3658,43.3127,331,4/9/25,0.04,26.1
STA_WOO,-78.3658,43.3127,331,4/10/25,0,32.2
STA_WOO,-78.3658,43.3127,331,4/11/25,0.21,37.2
STA_WOO,-78.3658,43.3127,331,4/12/25,0,37.8
STA_WOO,-78.3658,43.3127,331,4/13/25,0,38.4
STA_WOO,-78.3658,43.3127,331,4/14/25,0.01,47.5
STA_WOO,-78.3658,43.3127,331,4/15/25,0,54.3
STA_WOO,-78.3658,43.3127,331,4/16/25,0.24,42.8
STA_WOO,-78.3658,43.3127,331,4/17/25,0,34.2
STA_WOO,-78.3658,43.3127,331,4/18/25,0,43.6
STA_WOO,-78.3658,43.3127,331,4/19/25,0,60
STA_WOO,-78.3658,43.3127,331,4/20/25,0.24,52.9
STA_WOO,-78.3658,43.3127,331,4/21/25,0,45.1
STA_WOO,-78.3658,43.3127,331,4/22/25,0.74,55.3
STA_WOO,-78.3658,43.3127,331,4/23/25,0,45.1
STA_WOO,-78.3658,43.3127,331,4/24/25,0,54.2
STA_WOO,-78.3658,43.3127,331,4/25/25,0.02,63
STA_WOO,-78.3658,43.3127,331,4/26/25,0.46,57.1
STA_WOO,-78.3658,43.3127,331,4/27/25,0.02,48.3
STA_WOO,-78.3658,43.3127,331,4/28/25,0,49.8
STA_WOO,-78.3658,43.3127,331,4/29/25,0,58.4
STA_WOO,-78.3658,43.3127,331,4/30/25,0.11,58.8
STA_WOO,-78.3658,43.3127,331,5/1/25,0,45.9
STA_WOO,-78.3658,43.3127,331,5/2/25,0.51,56.5
STA_WOO,-78.3658,43.3127,331,5/3/25,0.16,56.6
STA_WOO,-78.3658,43.3127,331,5/4/25,0.26,46.2
STA_WOO,-78.3658,43.3127,331,5/5/25,0.06,51.8
STA_WOO,-78.3658,43.3127,331,5/6/25,0.6,56.8
STA_WOO,-78.3658,43.3127,331,5/7/25,0.02,60.1
STA_WOO,-78.3658,43.3127,331,5/8/25,0,55.2
STA_WOO,-78.3658,43.3127,331,5/9/25,0,42.7
STA_WOO,-78.3658,43.3127,331,5/10/25,0,49.3
STA_WOO,-78.3658,43.3127,331,5/11/25,0,55.3
STA_WOO,-78.3658,43.3127,331,5/12/25,0,49.8
STA_WOO,-78.3658,43.3127,331,5/13/25,0,64.9
STA_WOO,-78.3658,43.3127,331,5/14/25,0.07,67.3
STA_WOO,-78.3658,43.3127,331,5/15/25,0.02,65.5
STA_WOO,-78.3658,43.3127,331,5/16/25,0.18,67.4
STA_WOO,-78.3658,43.3127,331,5/17/25,0,68
STA_WOO,-78.3658,43.3127,331,5/18/25,0.05,63.4
STA_WOO,-78.3658,43.3127,331,5/19/25,0,51.3
STA_WOO,-78.3658,43.3127,331,5/20/25,0,46.7
STA_WOO,-78.3658,43.3127,331,5/21/25,0,51.7
STA_WOO,-78.3658,43.3127,331,5/22/25,0.81,51.2
STA_WOO,-78.3658,43.3127,331,5/23/25,0.61,51
STA_WOO,-78.3658,43.3127,331,5/24/25,0.03,49.2
STA_WOO,-78.3658,43.3127,331,5/25/25,0,50.6
STA_WOO,-78.3658,43.3127,331,5/26/25,0.02,52.5
STA_WOO,-78.3658,43.3127,331,5/27/25,0,56.6
STA_WOO,-78.3658,43.3127,331,5/28/25,0,59.8
STA_WOO,-78.3658,43.3127,331,5/29/25,0.14,60.4
STA_WOO,-78.3658,43.3127,331,5/30/25,0,62.3
STA_WOO,-78.3658,43.3127,331,5/31/25,0.12,61.3
STA_WOO,-78.3658,43.3127,331,6/1/25,0,48.7
STA_WOO,-78.3658,43.3127,331,6/2/25,0,51.5
STA_WOO,-78.3658,43.3127,331,6/3/25,0,59.9
STA_WOO,-78.3658,43.3127,331,6/4/25,0,69.4
STA_WOO,-78.3658,43.3127,331,6/5/25,0,73.6
STA_WOO,-78.3658,43.3127,331,6/6/25,0.09,67.8
STA_WOO,-78.3658,43.3127,331,6/7/25,0,64
STA_WOO,-78.3658,43.3127,331,6/8/25,0,65.1
STA_WOO,-78.3658,43.3127,331,6/9/25,0,65.3
STA_WOO,-78.3658,43.3127,331,6/10/25,0.42,67.3
STA_WOO,-78.3658,43.3127,331,6/11/25,0,65.5
STA_WOO,-78.3658,43.3127,331,6/12/25,0,68
STA_WOO,-78.3658,43.3127,331,6/13/25,0,65.2
STA_WOO,-78.3658,43.3127,331,6/14/25,0,61.9
STA_WOO,-78.3658,43.3127,331,6/15/25,0,61.2
STA_WOO,-78.3658,43.3127,331,6/16/25,0,63.2
STA_WOO,-78.3658,43.3127,331,6/17/25,0,67.8
STA_WOO,-78.3658,43.3127,331,6/18/25,0,73.5
STA_WOO,-78.3658,43.3127,331,6/19/25,0.12,75.6
STA_WOO,-78.3658,43.3127,331,6/20/25,0.01,68.7
STA_WOO,-78.3658,43.3127,331,6/21/25,0.07,70.1
STA_WOO,-78.3658,43.3127,331,6/22/25,0,76.3
STA_WOO,-78.3658,43.3127,331,6/23/25,0,82
STA_WOO,-78.3658,43.3127,331,6/24/25,0,83.6
STA_WOO,-78.3658,43.3127,331,6/25/25,0,80.9
STA_WOO,-78.3658,43.3127,331,6/26/25,0.52,73
STA_WOO,-78.3658,43.3127,331,6/27/25,0.01,63.6
STA_WOO,-78.3658,43.3127,331,6/28/25,0.07,75.8
STA_WOO,-78.3658,43.3127,331,6/29/25,0.04,68.7
STA_WOO,-78.3658,43.3127,331,6/30/25,0,70.4
,,,,,,
ZUE_MYT,-78.1898,43.0199,902,1/1/25,0.03,40.3
ZUE_MYT,-78.1898,43.0199,902,1/2/25,0.11,33.5
ZUE_MYT,-78.1898,43.0199,902,1/3/25,0,27.7
ZUE_MYT,-78.1898,43.0199,902,1/4/25,0.02,25.1
ZUE_MYT,-78.1898,43.0199,902,1/5/25,0.02,21.8
ZUE_MYT,-78.1898,43.0199,902,1/6/25,0,22.5
ZUE_MYT,-78.1898,43.0199,902,1/7/25,0,17.1
ZUE_MYT,-78.1898,43.0199,902,1/8/25,0.04,18
ZUE_MYT,-78.1898,43.0199,902,1/9/25,0,14.6
ZUE_MYT,-78.1898,43.0199,902,1/10/25,0,16.5
ZUE_MYT,-78.1898,43.0199,902,1/11/25,0.06,19.7
ZUE_MYT,-78.1898,43.0199,902,1/12/25,0,23.2
ZUE_MYT,-78.1898,43.0199,902,1/13/25,0,28.6
ZUE_MYT,-78.1898,43.0199,902,1/14/25,0.17,23.9
ZUE_MYT,-78.1898,43.0199,902,1/15/25,0.04,17.2
ZUE_MYT,-78.1898,43.0199,902,1/16/25,0.02,19
ZUE_MYT,-78.1898,43.0199,902,1/17/25,0.08,23.4
ZUE_MYT,-78.1898,43.0199,902,1/18/25,0,34.5
ZUE_MYT,-78.1898,43.0199,902,1/19/25,0.15,28.4
ZUE_MYT,-78.1898,43.0199,902,1/20/25,0.06,15.2
ZUE_MYT,-78.1898,43.0199,902,1/21/25,0.02,7.5
ZUE_MYT,-78.1898,43.0199,902,1/22/25,0.01,3.6
ZUE_MYT,-78.1898,43.0199,902,1/23/25,0,5.2
ZUE_MYT,-78.1898,43.0199,902,1/24/25,0.02,19.8
ZUE_MYT,-78.1898,43.0199,902,1/25/25,0,17.4
ZUE_MYT,-78.1898,43.0199,902,1/26/25,0,21.7
ZUE_MYT,-78.1898,43.0199,902,1/27/25,0,27
ZUE_MYT,-78.1898,43.0199,902,1/28/25,0.04,25.3
ZUE_MYT,-78.1898,43.0199,902,1/29/25,0.09,26.1
ZUE_MYT,-78.1898,43.0199,902,1/30/25,0.09,25.1
ZUE_MYT,-78.1898,43.0199,902,1/31/25,0,28
ZUE_MYT,-78.1898,43.0199,902,2/1/25,0.27,24
ZUE_MYT,-78.1898,43.0199,902,2/2/25,0,8.3
ZUE_MYT,-78.1898,43.0199,902,2/3/25,0.09,21.1
ZUE_MYT,-78.1898,43.0199,902,2/4/25,0.16,34.2
ZUE_MYT,-78.1898,43.0199,902,2/5/25,0.09,23.4
ZUE_MYT,-78.1898,43.0199,902,2/6/25,0.16,20.6
ZUE_MYT,-78.1898,43.0199,902,2/7/25,0.06,28
ZUE_MYT,-78.1898,43.0199,902,2/8/25,0,19.2
ZUE_MYT,-78.1898,43.0199,902,2/9/25,0.17,23.9
ZUE_MYT,-78.1898,43.0199,902,2/10/25,0,23.7
ZUE_MYT,-78.1898,43.0199,902,2/11/25,0.03,19
ZUE_MYT,-78.1898,43.0199,902,2/12/25,0,22.4
ZUE_MYT,-78.1898,43.0199,902,2/13/25,0.38,28.9
ZUE_MYT,-78.1898,43.0199,902,2/14/25,0.03,27.5
ZUE_MYT,-78.1898,43.0199,902,2/15/25,0,20.1
ZUE_MYT,-78.1898,43.0199,902,2/16/25,0.5,25.5
ZUE_MYT,-78.1898,43.0199,902,2/17/25,0.47,22.9
ZUE_MYT,-78.1898,43.0199,902,2/18/25,0.03,12.3
ZUE_MYT,-78.1898,43.0199,902,2/19/25,0,11.9
ZUE_MYT,-78.1898,43.0199,902,2/20/25,0,16.2
ZUE_MYT,-78.1898,43.0199,902,2/21/25,0.11,15.2
ZUE_MYT,-78.1898,43.0199,902,2/22/25,0,16.8
ZUE_MYT,-78.1898,43.0199,902,2/23/25,0,27.6
ZUE_MYT,-78.1898,43.0199,902,2/24/25,0,30
ZUE_MYT,-78.1898,43.0199,902,2/25/25,0,42
ZUE_MYT,-78.1898,43.0199,902,2/26/25,0.1,37.8
ZUE_MYT,-78.1898,43.0199,902,2/27/25,0.01,36.5
ZUE_MYT,-78.1898,43.0199,902,2/28/25,0.06,33.5
ZUE_MYT,-78.1898,43.0199,902,3/1/25,0.1,35.2
ZUE_MYT,-78.1898,43.0199,902,3/2/25,0,16.3
ZUE_MYT,-78.1898,43.0199,902,3/3/25,0,13.4
ZUE_MYT,-78.1898,43.0199,902,3/4/25,0.01,27.2
ZUE_MYT,-78.1898,43.0199,902,3/5/25,0.04,46.4
ZUE_MYT,-78.1898,43.0199,902,3/6/25,0.4,45.4
ZUE_MYT,-78.1898,43.0199,902,3/7/25,0.03,29.3
ZUE_MYT,-78.1898,43.0199,902,3/8/25,0,29.4
ZUE_MYT,-78.1898,43.0199,902,3/9/25,0,27.7
ZUE_MYT,-78.1898,43.0199,902,3/10/25,0,38.7
ZUE_MYT,-78.1898,43.0199,902,3/11/25,0,47.7
ZUE_MYT,-78.1898,43.0199,902,3/12/25,0,41.5
ZUE_MYT,-78.1898,43.0199,902,3/13/25,0,30.4
ZUE_MYT,-78.1898,43.0199,902,3/14/25,0,41.5
ZUE_MYT,-78.1898,43.0199,902,3/15/25,0,50.1
ZUE_MYT,-78.1898,43.0199,902,3/16/25,0.03,58.1
ZUE_MYT,-78.1898,43.0199,902,3/17/25,0.43,51.3
ZUE_MYT,-78.1898,43.0199,902,3/18/25,0,31.7
ZUE_MYT,-78.1898,43.0199,902,3/19/25,0,46.9
ZUE_MYT,-78.1898,43.0199,902,3/20/25,0,62.8
ZUE_MYT,-78.1898,43.0199,902,3/21/25,0.04,41.8
ZUE_MYT,-78.1898,43.0199,902,3/22/25,0,35.7
ZUE_MYT,-78.1898,43.0199,902,3/23/25,0.06,35.5
ZUE_MYT,-78.1898,43.0199,902,3/24/25,0.01,34.4
ZUE_MYT,-78.1898,43.0199,902,3/25/25,0,40.9
ZUE_MYT,-78.1898,43.0199,902,3/26/25,0,32.4
ZUE_MYT,-78.1898,43.0199,902,3/27/25,0,28.6
ZUE_MYT,-78.1898,43.0199,902,3/28/25,0,36.8
ZUE_MYT,-78.1898,43.0199,902,3/29/25,0.15,43.7
ZUE_MYT,-78.1898,43.0199,902,3/30/25,0.33,35.5
ZUE_MYT,-78.1898,43.0199,902,3/31/25,0.08,51.1
ZUE_MYT,-78.1898,43.0199,902,4/1/25,0,44.6
ZUE_MYT,-78.1898,43.0199,902,4/2/25,0,32.4
ZUE_MYT,-78.1898,43.0199,902,4/3/25,1.03,43.6
ZUE_MYT,-78.1898,43.0199,902,4/4/25,0,52.3
ZUE_MYT,-78.1898,43.0199,902,4/5/25,0.03,44.4
ZUE_MYT,-78.1898,43.0199,902,4/6/25,0.17,49.1
ZUE_MYT,-78.1898,43.0199,902,4/7/25,0,35.4
ZUE_MYT,-78.1898,43.0199,902,4/8/25,0.01,35.6
ZUE_MYT,-78.1898,43.0199,902,4/9/25,0.03,25.9
ZUE_MYT,-78.1898,43.0199,902,4/10/25,0,32.2
ZUE_MYT,-78.1898,43.0199,902,4/11/25,0.25,35.9
ZUE_MYT,-78.1898,43.0199,902,4/12/25,0,38.1
ZUE_MYT,-78.1898,43.0199,902,4/13/25,0,39
ZUE_MYT,-78.1898,43.0199,902,4/14/25,0,47.6
ZUE_MYT,-78.1898,43.0199,902,4/15/25,0,54.7
ZUE_MYT,-78.1898,43.0199,902,4/16/25,0.15,41.7
ZUE_MYT,-78.1898,43.0199,902,4/17/25,0.03,34.7
ZUE_MYT,-78.1898,43.0199,902,4/18/25,0,43.6
ZUE_MYT,-78.1898,43.0199,902,4/19/25,0.08,62.5
ZUE_MYT,-78.1898,43.0199,902,4/20/25,0.17,53.3
ZUE_MYT,-78.1898,43.0199,902,4/21/25,0,45.2
ZUE_MYT,-78.1898,43.0199,902,4/22/25,0.68,56.6
ZUE_MYT,-78.1898,43.0199,902,4/23/25,0,45.9
ZUE_MYT,-78.1898,43.0199,902,4/24/25,0,56.3
ZUE_MYT,-78.1898,43.0199,902,4/25/25,0,65.9
ZUE_MYT,-78.1898,43.0199,902,4/26/25,0.32,59.1
ZUE_MYT,-78.1898,43.0199,902,4/27/25,0,49.3
ZUE_MYT,-78.1898,43.0199,902,4/28/25,0,50.1
ZUE_MYT,-78.1898,43.0199,902,4/29/25,0,60.3
ZUE_MYT,-78.1898,43.0199,902,4/30/25,0.16,59
ZUE_MYT,-78.1898,43.0199,902,5/1/25,0,45.7
ZUE_MYT,-78.1898,43.0199,902,5/2/25,0.75,59.3
ZUE_MYT,-78.1898,43.0199,902,5/3/25,0.31,55.7
ZUE_MYT,-78.1898,43.0199,902,5/4/25,0.21,45.7
ZUE_MYT,-78.1898,43.0199,902,5/5/25,0.04,50.3
ZUE_MYT,-78.1898,43.0199,902,5/6/25,1.27,57.9
ZUE_MYT,-78.1898,43.0199,902,5/7/25,0.07,59.5
ZUE_MYT,-78.1898,43.0199,902,5/8/25,0,52.9
ZUE_MYT,-78.1898,43.0199,902,5/9/25,0,41.8
ZUE_MYT,-78.1898,43.0199,902,5/10/25,0,48.4
ZUE_MYT,-78.1898,43.0199,902,5/11/25,0,54.8
ZUE_MYT,-78.1898,43.0199,902,5/12/25,0,52.4
ZUE_MYT,-78.1898,43.0199,902,5/13/25,0,68.8
ZUE_MYT,-78.1898,43.0199,902,5/14/25,0.09,66.4
ZUE_MYT,-78.1898,43.0199,902,5/15/25,0.01,64.1
ZUE_MYT,-78.1898,43.0199,902,5/16/25,0.13,68.5
ZUE_MYT,-78.1898,43.0199,902,5/17/25,0,69.3
ZUE_MYT,-78.1898,43.0199,902,5/18/25,0.15,62.7
ZUE_MYT,-78.1898,43.0199,902,5/19/25,0.02,50.2
ZUE_MYT,-78.1898,43.0199,902,5/20/25,0,46.2
ZUE_MYT,-78.1898,43.0199,902,5/21/25,0,49.8
ZUE_MYT,-78.1898,43.0199,902,5/22/25,0.89,49.6
ZUE_MYT,-78.1898,43.0199,902,5/23/25,0.36,50.6
ZUE_MYT,-78.1898,43.0199,902,5/24/25,0.05,47.3
ZUE_MYT,-78.1898,43.0199,902,5/25/25,0.08,49.8
ZUE_MYT,-78.1898,43.0199,902,5/26/25,0.08,52
ZUE_MYT,-78.1898,43.0199,902,5/27/25,0,57.5
ZUE_MYT,-78.1898,43.0199,902,5/28/25,0,60.7
ZUE_MYT,-78.1898,43.0199,902,5/29/25,0.24,57.8
ZUE_MYT,-78.1898,43.0199,902,5/30/25,0,61.5
ZUE_MYT,-78.1898,43.0199,902,5/31/25,0.29,59.1
ZUE_MYT,-78.1898,43.0199,902,6/1/25,0,47.4
ZUE_MYT,-78.1898,43.0199,902,6/2/25,0,51.2
ZUE_MYT,-78.1898,43.0199,902,6/3/25,0,60.2
ZUE_MYT,-78.1898,43.0199,902,6/4/25,0,71.8
ZUE_MYT,-78.1898,43.0199,902,6/5/25,0,73.8
ZUE_MYT,-78.1898,43.0199,902,6/6/25,0.28,68.5
ZUE_MYT,-78.1898,43.0199,902,6/7/25,0.01,63.6
ZUE_MYT,-78.1898,43.0199,902,6/8/25,0,65
ZUE_MYT,-78.1898,43.0199,902,6/9/25,0.01,66
ZUE_MYT,-78.1898,43.0199,902,6/10/25,0.48,68.1
ZUE_MYT,-78.1898,43.0199,902,6/11/25,0,64.2
ZUE_MYT,-78.1898,43.0199,902,6/12/25,0,68.6
ZUE_MYT,-78.1898,43.0199,902,6/13/25,0,63.9
ZUE_MYT,-78.1898,43.0199,902,6/14/25,0.06,61.6
ZUE_MYT,-78.1898,43.0199,902,6/15/25,0,62.3
ZUE_MYT,-78.1898,43.0199,902,6/16/25,0,64.6
ZUE_MYT,-78.1898,43.0199,902,6/17/25,0,68.6
ZUE_MYT,-78.1898,43.0199,902,6/18/25,0,74.4
ZUE_MYT,-78.1898,43.0199,902,6/19/25,0.03,75.5
ZUE_MYT,-78.1898,43.0199,902,6/20/25,0.28,68.3
ZUE_MYT,-78.1898,43.0199,902,6/21/25,0,69.2
ZUE_MYT,-78.1898,43.0199,902,6/22/25,0.03,76.4
ZUE_MYT,-78.1898,43.0199,902,6/23/25,0,81.8
ZUE_MYT,-78.1898,43.0199,902,6/24/25,0,84
ZUE_MYT,-78.1898,43.0199,902,6/25/25,0,80.8
ZUE_MYT,-78.1898,43.0199,902,6/26/25,0.81,71.4
ZUE_MYT,-78.1898,43.0199,902,6/27/25,0,63.3
ZUE_MYT,-78.1898,43.0199,902,6/28/25,0.54,76.2
ZUE_MYT,-78.1898,43.0199,902,6/29/25,0,69.5
ZUE_MYT,-78.1898,43.0199,902,6/30/25,0,70.7
,,,,,,
ZUE_VOT,-77.5587,42.6258,1801,1/1/25,0.08,38
ZUE_VOT,-77.5587,42.6258,1801,1/2/25,0.23,32.6
ZUE_VOT,-77.5587,42.6258,1801,1/3/25,0.04,24.3
ZUE_VOT,-77.5587,42.6258,1801,1/4/25,0.04,21.6
ZUE_VOT,-77.5587,42.6258,1801,1/5/25,0,18.5
ZUE_VOT,-77.5587,42.6258,1801,1/6/25,0,19.2
ZUE_VOT,-77.5587,42.6258,1801,1/7/25,0.02,14.1
ZUE_VOT,-77.5587,42.6258,1801,1/8/25,0.05,15.5
ZUE_VOT,-77.5587,42.6258,1801,1/9/25,0,11.5
ZUE_VOT,-77.5587,42.6258,1801,1/10/25,0,13.9
ZUE_VOT,-77.5587,42.6258,1801,1/11/25,0.13,17.7
ZUE_VOT,-77.5587,42.6258,1801,1/12/25,0,20.9
ZUE_VOT,-77.5587,42.6258,1801,1/13/25,0,26.8
ZUE_VOT,-77.5587,42.6258,1801,1/14/25,0.02,21.3
ZUE_VOT,-77.5587,42.6258,1801,1/15/25,0.02,14.2
ZUE_VOT,-77.5587,42.6258,1801,1/16/25,0.01,16.4
ZUE_VOT,-77.5587,42.6258,1801,1/17/25,0.04,20.6
ZUE_VOT,-77.5587,42.6258,1801,1/18/25,0,30.3
ZUE_VOT,-77.5587,42.6258,1801,1/19/25,0.1,25.4
ZUE_VOT,-77.5587,42.6258,1801,1/20/25,0,13.4
ZUE_VOT,-77.5587,42.6258,1801,1/21/25,0.02,4.4
ZUE_VOT,-77.5587,42.6258,1801,1/22/25,0,1.3
ZUE_VOT,-77.5587,42.6258,1801,1/23/25,0,4.2
ZUE_VOT,-77.5587,42.6258,1801,1/24/25,0,17.7
ZUE_VOT,-77.5587,42.6258,1801,1/25/25,0,14.1
ZUE_VOT,-77.5587,42.6258,1801,1/26/25,0.03,18.4
ZUE_VOT,-77.5587,42.6258,1801,1/27/25,0,22.7
ZUE_VOT,-77.5587,42.6258,1801,1/28/25,0.09,25.2
ZUE_VOT,-77.5587,42.6258,1801,1/29/25,0.13,23.6
ZUE_VOT,-77.5587,42.6258,1801,1/30/25,0.1,22.7
ZUE_VOT,-77.5587,42.6258,1801,1/31/25,0,25.7
ZUE_VOT,-77.5587,42.6258,1801,2/1/25,0.47,24.9
ZUE_VOT,-77.5587,42.6258,1801,2/2/25,0,8.1
ZUE_VOT,-77.5587,42.6258,1801,2/3/25,0.03,20.1
ZUE_VOT,-77.5587,42.6258,1801,2/4/25,0.04,34.8
ZUE_VOT,-77.5587,42.6258,1801,2/5/25,0.01,20.9
ZUE_VOT,-77.5587,42.6258,1801,2/6/25,0.21,19.9
ZUE_VOT,-77.5587,42.6258,1801,2/7/25,0.04,27.9
ZUE_VOT,-77.5587,42.6258,1801,2/8/25,0,18
ZUE_VOT,-77.5587,42.6258,1801,2/9/25,0.26,21.1
ZUE_VOT,-77.5587,42.6258,1801,2/10/25,0,21.3
ZUE_VOT,-77.5587,42.6258,1801,2/11/25,0,19.3
ZUE_VOT,-77.5587,42.6258,1801,2/12/25,0,21.9
ZUE_VOT,-77.5587,42.6258,1801,2/13/25,0.13,26.3
ZUE_VOT,-77.5587,42.6258,1801,2/14/25,0.08,26.8
ZUE_VOT,-77.5587,42.6258,1801,2/15/25,0,18.2
ZUE_VOT,-77.5587,42.6258,1801,2/16/25,0.59,25.9
ZUE_VOT,-77.5587,42.6258,1801,2/17/25,0.42,23.2
ZUE_VOT,-77.5587,42.6258,1801,2/18/25,0,9.8
ZUE_VOT,-77.5587,42.6258,1801,2/19/25,0,8.6
ZUE_VOT,-77.5587,42.6258,1801,2/20/25,0,13.6
ZUE_VOT,-77.5587,42.6258,1801,2/21/25,0.11,12.7
ZUE_VOT,-77.5587,42.6258,1801,2/22/25,0,15.4
ZUE_VOT,-77.5587,42.6258,1801,2/23/25,0,25.9
ZUE_VOT,-77.5587,42.6258,1801,2/24/25,0,27.9
ZUE_VOT,-77.5587,42.6258,1801,2/25/25,0.03,38.4
ZUE_VOT,-77.5587,42.6258,1801,2/26/25,0.02,36.9
ZUE_VOT,-77.5587,42.6258,1801,2/27/25,0.08,36.2
ZUE_VOT,-77.5587,42.6258,1801,2/28/25,0.12,33.1
ZUE_VOT,-77.5587,42.6258,1801,3/1/25,0.06,33.7
ZUE_VOT,-77.5587,42.6258,1801,3/2/25,0,17.5
ZUE_VOT,-77.5587,42.6258,1801,3/3/25,0,11.7
ZUE_VOT,-77.5587,42.6258,1801,3/4/25,0,24.5
ZUE_VOT,-77.5587,42.6258,1801,3/5/25,0.03,43.2
ZUE_VOT,-77.5587,42.6258,1801,3/6/25,0.2,43.1
ZUE_VOT,-77.5587,42.6258,1801,3/7/25,0,28.4
ZUE_VOT,-77.5587,42.6258,1801,3/8/25,0.02,27.6
ZUE_VOT,-77.5587,42.6258,1801,3/9/25,0,25.3
ZUE_VOT,-77.5587,42.6258,1801,3/10/25,0,35.5
ZUE_VOT,-77.5587,42.6258,1801,3/11/25,0,46
ZUE_VOT,-77.5587,42.6258,1801,3/12/25,0,42.2
ZUE_VOT,-77.5587,42.6258,1801,3/13/25,0,29.2
ZUE_VOT,-77.5587,42.6258,1801,3/14/25,0,42.5
ZUE_VOT,-77.5587,42.6258,1801,3/15/25,0,49.2
ZUE_VOT,-77.5587,42.6258,1801,3/16/25,0,50.4
ZUE_VOT,-77.5587,42.6258,1801,3/17/25,0.43,47.4
ZUE_VOT,-77.5587,42.6258,1801,3/18/25,0,26.8
ZUE_VOT,-77.5587,42.6258,1801,3/19/25,0,44.2
ZUE_VOT,-77.5587,42.6258,1801,3/20/25,0,57.2
ZUE_VOT,-77.5587,42.6258,1801,3/21/25,0.28,39.7
ZUE_VOT,-77.5587,42.6258,1801,3/22/25,0,33.9
ZUE_VOT,-77.5587,42.6258,1801,3/23/25,0.03,33.8
ZUE_VOT,-77.5587,42.6258,1801,3/24/25,0.03,30.4
ZUE_VOT,-77.5587,42.6258,1801,3/25/25,0,42.9
ZUE_VOT,-77.5587,42.6258,1801,3/26/25,0,30.7
ZUE_VOT,-77.5587,42.6258,1801,3/27/25,0.03,26.6
ZUE_VOT,-77.5587,42.6258,1801,3/28/25,0,34
ZUE_VOT,-77.5587,42.6258,1801,3/29/25,0.12,45.7
ZUE_VOT,-77.5587,42.6258,1801,3/30/25,0.18,39.4
ZUE_VOT,-77.5587,42.6258,1801,3/31/25,0.21,55.1
ZUE_VOT,-77.5587,42.6258,1801,4/1/25,0,43.9
ZUE_VOT,-77.5587,42.6258,1801,4/2/25,0,31.9
ZUE_VOT,-77.5587,42.6258,1801,4/3/25,0.63,40.4
ZUE_VOT,-77.5587,42.6258,1801,4/4/25,0,52.4
ZUE_VOT,-77.5587,42.6258,1801,4/5/25,0.06,45.6
ZUE_VOT,-77.5587,42.6258,1801,4/6/25,0.41,46.1
ZUE_VOT,-77.5587,42.6258,1801,4/7/25,0.02,34.5
ZUE_VOT,-77.5587,42.6258,1801,4/8/25,0.08,33.9
ZUE_VOT,-77.5587,42.6258,1801,4/9/25,0,24.2
ZUE_VOT,-77.5587,42.6258,1801,4/10/25,0,31.3
ZUE_VOT,-77.5587,42.6258,1801,4/11/25,0.37,36.1
ZUE_VOT,-77.5587,42.6258,1801,4/12/25,0.04,38.6
ZUE_VOT,-77.5587,42.6258,1801,4/13/25,0.05,38
ZUE_VOT,-77.5587,42.6258,1801,4/14/25,0.04,46.1
ZUE_VOT,-77.5587,42.6258,1801,4/15/25,0.05,54.7
ZUE_VOT,-77.5587,42.6258,1801,4/16/25,0.11,40.7
ZUE_VOT,-77.5587,42.6258,1801,4/17/25,0.03,32.3
ZUE_VOT,-77.5587,42.6258,1801,4/18/25,0,42.8
ZUE_VOT,-77.5587,42.6258,1801,4/19/25,0.15,60.5
ZUE_VOT,-77.5587,42.6258,1801,4/20/25,0.57,53.7
ZUE_VOT,-77.5587,42.6258,1801,4/21/25,0,44.6
ZUE_VOT,-77.5587,42.6258,1801,4/22/25,0.26,56.9
ZUE_VOT,-77.5587,42.6258,1801,4/23/25,0,49.1
ZUE_VOT,-77.5587,42.6258,1801,4/24/25,0,56.5
ZUE_VOT,-77.5587,42.6258,1801,4/25/25,0,66.2
ZUE_VOT,-77.5587,42.6258,1801,4/26/25,0.44,63.8
ZUE_VOT,-77.5587,42.6258,1801,4/27/25,0.03,48.5
ZUE_VOT,-77.5587,42.6258,1801,4/28/25,0,49.6
ZUE_VOT,-77.5587,42.6258,1801,4/29/25,0,60.5
ZUE_VOT,-77.5587,42.6258,1801,4/30/25,0.78,59.5
ZUE_VOT,-77.5587,42.6258,1801,5/1/25,0,47
ZUE_VOT,-77.5587,42.6258,1801,5/2/25,0.23,61.9
ZUE_VOT,-77.5587,42.6258,1801,5/3/25,0.39,57.8
ZUE_VOT,-77.5587,42.6258,1801,5/4/25,0.44,46.9
ZUE_VOT,-77.5587,42.6258,1801,5/5/25,0.09,50.7
ZUE_VOT,-77.5587,42.6258,1801,5/6/25,0.47,60.7
ZUE_VOT,-77.5587,42.6258,1801,5/7/25,0.65,58.9
ZUE_VOT,-77.5587,42.6258,1801,5/8/25,0,54.2
ZUE_VOT,-77.5587,42.6258,1801,5/9/25,0,42.3
ZUE_VOT,-77.5587,42.6258,1801,5/10/25,0,44
ZUE_VOT,-77.5587,42.6258,1801,5/11/25,0,54.2
ZUE_VOT,-77.5587,42.6258,1801,5/12/25,0,52
ZUE_VOT,-77.5587,42.6258,1801,5/13/25,0,69.1
ZUE_VOT,-77.5587,42.6258,1801,5/14/25,0.09,63.6
ZUE_VOT,-77.5587,42.6258,1801,5/15/25,0.01,60.3
ZUE_VOT,-77.5587,42.6258,1801,5/16/25,0.33,66.1
ZUE_VOT,-77.5587,42.6258,1801,5/17/25,0,70.2
ZUE_VOT,-77.5587,42.6258,1801,5/18/25,0.24,62.2
ZUE_VOT,-77.5587,42.6258,1801,5/19/25,0.02,49.7
ZUE_VOT,-77.5587,42.6258,1801,5/20/25,0,45.9
ZUE_VOT,-77.5587,42.6258,1801,5/21/25,0.02,48.1
ZUE_VOT,-77.5587,42.6258,1801,5/22/25,0.6,48
ZUE_VOT,-77.5587,42.6258,1801,5/23/25,0.29,48.7
ZUE_VOT,-77.5587,42.6258,1801,5/24/25,0.06,47.7
ZUE_VOT,-77.5587,42.6258,1801,5/25/25,0.25,47.8
ZUE_VOT,-77.5587,42.6258,1801,5/26/25,0.07,50.3
ZUE_VOT,-77.5587,42.6258,1801,5/27/25,0,57.1
ZUE_VOT,-77.5587,42.6258,1801,5/28/25,0,59.5
ZUE_VOT,-77.5587,42.6258,1801,5/29/25,0.97,55.2
ZUE_VOT,-77.5587,42.6258,1801,5/30/25,0,60.1
ZUE_VOT,-77.5587,42.6258,1801,5/31/25,0.08,60.9
ZUE_VOT,-77.5587,42.6258,1801,6/1/25,0.14,47
ZUE_VOT,-77.5587,42.6258,1801,6/2/25,0.05,49.5
ZUE_VOT,-77.5587,42.6258,1801,6/3/25,0,59.3
ZUE_VOT,-77.5587,42.6258,1801,6/4/25,0,68.9
ZUE_VOT,-77.5587,42.6258,1801,6/5/25,0,74.5
ZUE_VOT,-77.5587,42.6258,1801,6/6/25,0.47,70.2
ZUE_VOT,-77.5587,42.6258,1801,6/7/25,0.26,63.2
ZUE_VOT,-77.5587,42.6258,1801,6/8/25,0,63.9
ZUE_VOT,-77.5587,42.6258,1801,6/9/25,0.29,66
ZUE_VOT,-77.5587,42.6258,1801,6/10/25,0.65,67.7
ZUE_VOT,-77.5587,42.6258,1801,6/11/25,0,63.2
ZUE_VOT,-77.5587,42.6258,1801,6/12/25,0,69.6
ZUE_VOT,-77.5587,42.6258,1801,6/13/25,0,62.2
ZUE_VOT,-77.5587,42.6258,1801,6/14/25,0.35,61.8
ZUE_VOT,-77.5587,42.6258,1801,6/15/25,0,60.8
ZUE_VOT,-77.5587,42.6258,1801,6/16/25,0,64.7
ZUE_VOT,-77.5587,42.6258,1801,6/17/25,0,65
ZUE_VOT,-77.5587,42.6258,1801,6/18/25,0,70
ZUE_VOT,-77.5587,42.6258,1801,6/19/25,0.59,73
ZUE_VOT,-77.5587,42.6258,1801,6/20/25,0.26,67.8
ZUE_VOT,-77.5587,42.6258,1801,6/21/25,0,67.6
ZUE_VOT,-77.5587,42.6258,1801,6/22/25,0,74.4
ZUE_VOT,-77.5587,42.6258,1801,6/23/25,0,80.7
ZUE_VOT,-77.5587,42.6258,1801,6/24/25,0,82.8
ZUE_VOT,-77.5587,42.6258,1801,6/25/25,0,79.9
ZUE_VOT,-77.5587,42.6258,1801,6/26/25,0.04,74.1
ZUE_VOT,-77.5587,42.6258,1801,6/27/25,0,67.7
ZUE_VOT,-77.5587,42.6258,1801,6/28/25,0.08,70.1
ZUE_VOT,-77.5587,42.6258,1801,6/29/25,0,70.4
ZUE_VOT,-77.5587,42.6258,1801,6/30/25,0,70.1