field_id,date,ppt_in,tmin_f,tmean_f,tmax_f,tdmean_f,vpdmin_hPa,vpdmax_hPa
DEG_DIE_HILL,1/1/24,0.02,28,29.9,31.9,27.8,0.12,0.94
DEG_DIE_HILL,1/2/24,0,24.2,26.7,29.2,22.2,0.24,1.22
DEG_DIE_HILL,1/3/24,0,27.2,30.5,33.8,25,0.51,1.79
DEG_DIE_HILL,1/4/24,0.04,30.1,31.7,33.3,28.1,0.43,1.34
DEG_DIE_HILL,1/5/24,0.02,20.3,25.7,31.2,17.6,0.51,1.68
DEG_DIE_HILL,1/6/24,0,15.8,22,28.2,17.2,0.1,1.95
DEG_DIE_HILL,1/7/24,0.68,20.7,24.4,28.1,24.2,0.09,1.38
DEG_DIE_HILL,1/8/24,0.15,26.3,28.8,31.2,26.7,0.1,0.89
DEG_DIE_HILL,1/9/24,0,27.9,30.8,33.8,28.1,0.21,1.25
DEG_DIE_HILL,1/10/24,0.72,31,38.3,45.6,34.4,0.27,2.36
DEG_DIE_HILL,1/11/24,0.02,30.2,34.8,39.4,28.9,0.19,2.63
DEG_DIE_HILL,1/12/24,0.17,29.8,32.6,35.4,29.8,0.11,1.57
DEG_DIE_HILL,1/13/24,0.4,29.4,35.3,41.2,31,0.12,3.48
DEG_DIE_HILL,1/14/24,0.05,27.3,35,42.7,22.9,0.22,3.18
DEG_DIE_HILL,1/15/24,0.08,7.6,18,28.4,6.6,0.35,2.41
DEG_DIE_HILL,1/16/24,0.04,7.5,14,20.5,6.4,0.27,2.14
DEG_DIE_HILL,1/17/24,0.1,6.4,13.2,20.1,9.6,0.29,0.94
DEG_DIE_HILL,1/18/24,0,6.1,11.2,16.3,-0.6,0.62,2.04
DEG_DIE_HILL,1/19/24,0.02,12.9,17.7,22.4,13.9,0.1,1.6
DEG_DIE_HILL,1/20/24,0.04,8.6,15.6,22.6,11,0.15,0.9
DEG_DIE_HILL,1/21/24,0.04,8.8,10.9,13,6.8,0.32,0.7
DEG_DIE_HILL,1/22/24,0.02,5,12.7,20.3,9.5,0.08,1.23
DEG_DIE_HILL,1/23/24,0,4.3,18.3,32.2,15.5,0.07,3.46
DEG_DIE_HILL,1/24/24,0.4,30.1,32.5,34.9,30.9,0.08,1.34
DEG_DIE_HILL,1/25/24,1.07,33.6,38.6,43.5,35.6,0.11,1.28
DEG_DIE_HILL,1/26/24,0.68,36.4,40.2,44.1,39.7,0.03,0.53
DEG_DIE_HILL,1/27/24,0.07,32.7,42.5,52.3,37.1,0.17,2.41
DEG_DIE_HILL,1/28/24,0.09,32.9,35.7,38.5,34.9,0.1,1.03
DEG_DIE_HILL,1/29/24,0.82,29.3,32.7,36,31.4,0.06,0.52
DEG_DIE_HILL,1/30/24,0.01,26,28.4,30.8,25.3,0.39,1.1
DEG_DIE_HILL,1/31/24,0,26,27.8,29.6,25.9,0.42,0.77
DEG_DIE_HILL,2/1/24,0,29.8,32.7,35.7,29.4,0.4,1.59
DEG_DIE_HILL,2/2/24,0,33.2,34.5,35.8,32.6,0.16,1.08
DEG_DIE_HILL,2/3/24,0,26.3,30.2,34.2,27.3,0.31,1.38
DEG_DIE_HILL,2/4/24,0,19.6,25.7,31.8,21.6,0.15,1.84
DEG_DIE_HILL,2/5/24,0,19.8,29.1,38.5,23.9,0.09,4.13
DEG_DIE_HILL,2/6/24,0,15.9,25.8,35.8,19.3,0.3,3.18
DEG_DIE_HILL,2/7/24,0,16.2,26.6,37.1,19.2,0.12,3.65
DEG_DIE_HILL,2/8/24,0,19.6,31.2,42.9,23.3,0.22,5.59
DEG_DIE_HILL,2/9/24,0,27.5,39.9,52.3,24.7,1.02,8.98
DEG_DIE_HILL,2/10/24,0,34.3,45.8,57.2,34.5,0.51,8.56
DEG_DIE_HILL,2/11/24,0.24,32,43.2,54.4,35.8,0.42,4.91
DEG_DIE_HILL,2/12/24,0,30.3,32.4,34.6,27.2,0.84,1.82
DEG_DIE_HILL,2/13/24,0,27.2,30.5,33.7,25.5,0.33,1.83
DEG_DIE_HILL,2/14/24,0.04,18.8,27,35.3,20,0.57,3.11
DEG_DIE_HILL,2/15/24,0.02,15.6,21.1,26.5,12.7,0.44,2.44
DEG_DIE_HILL,2/16/24,0.02,15.7,24.7,33.7,20,0.22,2.82
DEG_DIE_HILL,2/17/24,0.21,21.6,25.9,30.2,18.5,0.17,2.41
DEG_DIE_HILL,2/18/24,0.05,14.3,20.2,26,12,0.36,2
DEG_DIE_HILL,2/19/24,0.01,16.7,22.3,27.8,14.6,0.77,2.13
DEG_DIE_HILL,2/20/24,0,4.8,14.5,24.3,6.2,0.23,2.22
DEG_DIE_HILL,2/21/24,0,5.2,20.6,36.1,13.6,0.19,4.24
DEG_DIE_HILL,2/22/24,0.01,21.4,31.9,42.5,22.9,0.78,5.02
DEG_DIE_HILL,2/23/24,0.52,31.1,33.4,35.7,31.8,0.14,1.1
DEG_DIE_HILL,2/24/24,0,14.7,32.3,49.9,28.3,0.08,5.89
DEG_DIE_HILL,2/25/24,0,8.3,14.8,21.3,6.4,0.13,2.02
DEG_DIE_HILL,2/26/24,0,10.2,25.5,40.7,16.5,0.26,5.93
DEG_DIE_HILL,2/27/24,0,29.1,41.2,53.2,29.3,0.49,8.12
DEG_DIE_HILL,2/28/24,0.13,38.1,51,63.9,41.2,0.89,12.35
DEG_DIE_HILL,2/29/24,0.36,20.3,38.8,57.4,30.5,0.57,3.25
DEG_DIE_HILL,3/1/24,0,14.6,20,25.3,11.7,0.27,2.33
DEG_DIE_HILL,3/2/24,0.16,18.2,32.3,46.5,22.3,0.34,7
DEG_DIE_HILL,3/3/24,0.43,35.3,39.8,44.4,40.4,0.02,0.8
DEG_DIE_HILL,3/4/24,0,35.2,41,46.8,40.1,0.03,2.05
DEG_DIE_HILL,3/5/24,0,38.4,51.6,64.7,43.8,0.21,10.27
DEG_DIE_HILL,3/6/24,0.1,44.5,48.2,51.8,45.2,0.14,2.06
DEG_DIE_HILL,3/7/24,0.6,36.8,45,53.3,44.1,0.09,1.43
DEG_DIE_HILL,3/8/24,0,25.7,35.8,45.9,32.3,0.07,3.47
DEG_DIE_HILL,3/9/24,0,28.1,41.9,55.8,26.6,0.24,10.61
DEG_DIE_HILL,3/10/24,0.96,34,37.9,41.7,34.6,0.08,3.19
DEG_DIE_HILL,3/11/24,0.21,25,30.6,36.3,26.1,0.16,1.71
DEG_DIE_HILL,3/12/24,0,27.1,33.2,39.3,21.7,0.57,4.65
DEG_DIE_HILL,3/13/24,0,28.8,41.8,54.8,32.5,0.01,7.66
DEG_DIE_HILL,3/14/24,0,31.1,49.4,67.7,36.7,0.1,15.01
DEG_DIE_HILL,3/15/24,0.3,32.8,47.8,62.8,36.3,0.13,14.56
DEG_DIE_HILL,3/16/24,0.02,32.3,37.5,42.7,36.7,0.06,1.11
DEG_DIE_HILL,3/17/24,0.16,35.2,43.6,52,31.3,0.27,8.24
DEG_DIE_HILL,3/18/24,0.13,27.2,35.8,44.4,28,0.2,5.22
DEG_DIE_HILL,3/19/24,0.11,24.8,28.6,32.4,21.8,0.24,2.38
DEG_DIE_HILL,3/20/24,0.04,25.4,29.8,34.3,26.2,0.14,2.52
DEG_DIE_HILL,3/21/24,0.12,19.7,28.5,37.4,20.6,0.25,2.35
DEG_DIE_HILL,3/22/24,0.01,12.6,19.2,25.9,11.9,0.32,2.29
DEG_DIE_HILL,3/23/24,0.78,17.7,24.9,32.2,19.3,0.09,2.68
DEG_DIE_HILL,3/24/24,0.22,17.3,24.3,31.4,21.9,0.09,0.83
DEG_DIE_HILL,3/25/24,0,17.1,24.1,31.1,15.9,0.22,3.16
DEG_DIE_HILL,3/26/24,0,24.7,37.6,50.4,21.7,1.11,7.86
DEG_DIE_HILL,3/27/24,0,34.8,45.5,56.1,39.3,1.58,5.58
DEG_DIE_HILL,3/28/24,0,34.4,44.9,55.5,38,0.89,5.29
DEG_DIE_HILL,3/29/24,0,26.8,34.3,41.8,24.2,0.55,4.62
DEG_DIE_HILL,3/30/24,0,30,34,38,24.5,0.94,3.09
DEG_DIE_HILL,3/31/24,0,30.9,38.1,45.3,26.7,1.15,5.68
DEG_DIE_HILL,4/1/24,0,30,38.7,47.4,30.2,0.23,5.14
DEG_DIE_HILL,4/2/24,0,32.6,43.7,54.9,33.6,0.52,7.34
DEG_DIE_HILL,4/3/24,0.58,39.4,41.2,43.1,38,0.49,2.35
DEG_DIE_HILL,4/4/24,1.21,32.3,36.8,41.3,34.8,0.03,1.6
DEG_DIE_HILL,4/5/24,0.12,30.7,33.4,36.1,31.5,0.11,1.12
DEG_DIE_HILL,4/6/24,0.22,30.8,33.3,35.7,32.2,0.14,1.06
DEG_DIE_HILL,4/7/24,0,31.2,38.4,45.7,31.4,0.26,4.39
DEG_DIE_HILL,4/8/24,0,27.3,40.1,53,26.9,0.26,9.53
DEG_DIE_HILL,4/9/24,0,31.8,46,60.1,30,0.29,13.35
DEG_DIE_HILL,4/10/24,0,41.5,57.3,73.2,36.7,1.85,21.47
DEG_DIE_HILL,4/11/24,0.47,51.7,56.7,61.8,52.3,0.23,6.21
DEG_DIE_HILL,4/12/24,0.51,53.5,58.1,62.7,55.3,0.72,4.84
DEG_DIE_HILL,4/13/24,0.45,34.9,46.8,58.8,41.5,0.26,5.78
DEG_DIE_HILL,4/14/24,0.3,33,38,43.1,33.9,0.17,2.83
DEG_DIE_HILL,4/15/24,0.06,36.4,46.5,56.7,41.9,0.04,5.47
DEG_DIE_HILL,4/16/24,0,32.5,44.6,56.8,36.1,0.24,7.79
DEG_DIE_HILL,4/17/24,0,33,46.4,59.7,30.8,0.75,11.68
DEG_DIE_HILL,4/18/24,0.26,43.9,50.1,56.4,43.6,0.49,8.2
DEG_DIE_HILL,4/19/24,0.26,43,47.5,51.9,46,0.09,1.52
DEG_DIE_HILL,4/20/24,0.01,41.4,46.6,51.9,43.6,0.54,3.67
DEG_DIE_HILL,4/21/24,0,33.9,42.8,51.7,27.9,1.91,7.52
DEG_DIE_HILL,4/22/24,0,28.4,35.5,42.6,26,0.44,4.44
DEG_DIE_HILL,4/23/24,0,30,40.3,50.6,25.8,0.63,8.09
DEG_DIE_HILL,4/24/24,0.05,42.6,53.6,64.6,34.8,0.46,14.99
DEG_DIE_HILL,4/25/24,0.05,22.8,36.5,50.2,30,0.3,3.2
DEG_DIE_HILL,4/26/24,0,23,36.2,49.4,18.9,0.49,8.55
DEG_DIE_HILL,4/27/24,0,34,47.3,60.7,23.3,2.13,14.38
DEG_DIE_HILL,4/28/24,0.11,44.4,50,55.6,38.6,0.38,9.72
DEG_DIE_HILL,4/29/24,0.12,50.4,59.6,68.9,57.3,0.14,8.4
DEG_DIE_HILL,4/30/24,0.27,57.7,66.9,76.1,57.5,0.41,14.7
DEG_DIE_HILL,5/1/24,0.1,48.8,62.8,76.9,54.1,0.03,15.82
DEG_DIE_HILL,5/2/24,0,50.3,61.1,71.9,49.1,0.35,15.49
DEG_DIE_HILL,5/3/24,0,41.7,54.5,67.2,44,0.23,12.7
DEG_DIE_HILL,5/4/24,0,51.4,62.7,74,47,2.65,17.6
DEG_DIE_HILL,5/5/24,0.48,46.9,56.2,65.6,44.6,0.66,11
DEG_DIE_HILL,5/6/24,0.04,48,51.3,54.7,50.1,0.51,1.98
DEG_DIE_HILL,5/7/24,0,35.3,51.8,68.3,41.2,0.14,15.74
DEG_DIE_HILL,5/8/24,0.28,46.7,59.6,72.6,43.4,0.23,20.17
DEG_DIE_HILL,5/9/24,0,46.7,60.5,74.2,47.6,0.59,19.46
DEG_DIE_HILL,5/10/24,0.17,46.7,52.6,58.5,43.7,0.27,7.75
DEG_DIE_HILL,5/11/24,0.39,45.4,47.9,50.5,46.1,0.14,2.08
DEG_DIE_HILL,5/12/24,0.22,44.7,50.7,56.8,44.3,0.48,5.95
DEG_DIE_HILL,5/13/24,0,40.5,47.9,55.3,43.5,0.05,5.33
DEG_DIE_HILL,5/14/24,0.05,46.2,55.7,65.2,49.9,0.25,8.06
DEG_DIE_HILL,5/15/24,0.12,55.7,65.8,75.9,53.9,0.17,16.84
DEG_DIE_HILL,5/16/24,0.2,52.6,57.6,62.6,56.2,0.03,3.47
DEG_DIE_HILL,5/17/24,0,51.1,60.4,69.8,54.2,0.14,9.99
DEG_DIE_HILL,5/18/24,0.05,56.9,63.6,70.3,53.6,0.7,11.34
DEG_DIE_HILL,5/19/24,0.07,56.7,60,63.4,57.8,0.37,3.17
DEG_DIE_HILL,5/20/24,0,52.1,64.1,76,55.9,0.12,15.27
DEG_DIE_HILL,5/21/24,0,57.1,69.4,81.8,59.3,0.38,19.5
DEG_DIE_HILL,5/22/24,0,58.5,71.3,84.1,57.6,2.12,24.06
DEG_DIE_HILL,5/23/24,0.04,60.5,72.6,84.7,60.5,0.71,22.47
DEG_DIE_HILL,5/24/24,0,45.4,60.2,75.1,48.8,0.25,18.35
DEG_DIE_HILL,5/25/24,0,45.4,60.9,76.4,46.3,0.44,19.89
DEG_DIE_HILL,5/26/24,0.53,53.9,66.4,78.9,55.3,0.04,19.9
DEG_DIE_HILL,5/27/24,0.04,59.6,68.1,76.6,58,0.8,16.88
DEG_DIE_HILL,5/28/24,0.27,58.3,65.2,72.1,60.3,1.23,7.72
DEG_DIE_HILL,5/29/24,0.12,51.3,59.1,66.9,53.5,0.18,8.09
DEG_DIE_HILL,5/30/24,0,40.1,52.1,64.1,44.6,0.2,10.47
DEG_DIE_HILL,5/31/24,0,36.9,49,61,38,0.17,10.75
DEG_DIE_HILL,6/1/24,0,41.7,55,68.2,39.5,0.44,16.62
DEG_DIE_HILL,6/2/24,0,49.6,62.8,76,42.6,2.1,23.04
DEG_DIE_HILL,6/3/24,0.11,55.2,65.5,75.8,55.6,0.47,16.24
DEG_DIE_HILL,6/4/24,0,54.8,64.5,74.3,58.8,0.1,10.72
DEG_DIE_HILL,6/5/24,0,57.6,69.5,81.5,57.6,1.19,21.71
DEG_DIE_HILL,6/6/24,0.02,65.1,72.1,79,64.5,0.47,12.43
DEG_DIE_HILL,6/7/24,1.87,51,62.5,74,58.8,0.22,11.19
DEG_DIE_HILL,6/8/24,0.27,52.9,60.8,68.7,52.2,0.54,10.38
DEG_DIE_HILL,6/9/24,0.38,51.5,60.1,68.7,50.4,0.22,11.68
DEG_DIE_HILL,6/10/24,0.4,51.1,57.7,64.2,51.1,0.28,8.23
DEG_DIE_HILL,6/11/24,0,50.2,55.2,60.2,49.4,0.6,5.69
DEG_DIE_HILL,6/12/24,0,51.8,55.3,58.8,51.7,0.57,4.34
DEG_DIE_HILL,6/13/24,0,47.8,58.6,69.3,50.9,0.13,11.64
DEG_DIE_HILL,6/14/24,0.03,59.3,70.8,82.3,56.8,2.45,22.3
DEG_DIE_HILL,6/15/24,0,50.9,64,77.1,51.9,0.28,19.81
DEG_DIE_HILL,6/16/24,0,41.5,56.1,70.7,45.9,0.07,14.58
DEG_DIE_HILL,6/17/24,0,53.5,65,76.5,51.4,2.57,18.19
DEG_DIE_HILL,6/18/24,0.09,64,75.6,87.3,64,0.78,23.25
DEG_DIE_HILL,6/19/24,0.08,69.9,78.9,87.8,69.7,1.51,19.2
DEG_DIE_HILL,6/20/24,0,68.3,78.3,88.3,69.9,1.3,19.98
DEG_DIE_HILL,6/21/24,0,65.5,76.6,87.6,68.1,0.73,19.6
DEG_DIE_HILL,6/22/24,0.07,66.2,76,85.9,68,0.22,18.83
DEG_DIE_HILL,6/23/24,0.2,67.1,76.6,86,68,0.76,19.74
DEG_DIE_HILL,6/24/24,0.7,58.7,70.2,81.7,64.1,1.51,12.86
DEG_DIE_HILL,6/25/24,0.1,52.1,62.6,73.1,53.2,0.3,14.41
DEG_DIE_HILL,6/26/24,0,63.3,71.4,79.5,56.3,3.41,22.2
DEG_DIE_HILL,6/27/24,0.25,57.4,69.3,81.1,58.7,0.17,23.74
DEG_DIE_HILL,6/28/24,0.01,43.8,55.2,66.5,48.4,0.19,11.06
DEG_DIE_HILL,6/29/24,0.28,54.6,64,73.4,49.4,0.88,18.2
DEG_DIE_HILL,6/30/24,1.17,62.3,67.5,72.7,66.9,0.78,4.34
DEG_DIE_HILL,7/1/24,0.09,54.5,66.6,78.8,57.6,0.42,12.75
DEG_DIE_HILL,7/2/24,0,46.3,57.8,69.3,50.9,0.14,10.67
DEG_DIE_HILL,7/3/24,0,55.6,66.5,77.4,53.2,2.04,19.75
DEG_DIE_HILL,7/4/24,0,66.2,74,81.9,61.3,3.83,17.77
DEG_DIE_HILL,7/5/24,0,67.9,76.3,84.7,67,1.21,18.47
DEG_DIE_HILL,7/6/24,0.09,69,76,83,69.5,0.35,12.86
DEG_DIE_HILL,7/7/24,0.01,58.8,72.2,85.6,63.7,0.68,21.62
DEG_DIE_HILL,7/8/24,0,60.3,71.4,82.5,61.8,0.24,18.65
DEG_DIE_HILL,7/9/24,0,64,75.2,86.3,64.1,0.57,24.27
DEG_DIE_HILL,7/10/24,0,68.3,77.4,86.4,66.2,1.59,22.8
DEG_DIE_HILL,7/11/24,0.14,65.4,77.2,89,70.3,0.08,19.87
DEG_DIE_HILL,7/12/24,0.03,63.2,69.2,75.3,64.6,0.18,8.37
DEG_DIE_HILL,7/13/24,0,62.1,71.8,81.5,64,0.1,16.55
DEG_DIE_HILL,7/14/24,0,57.5,70.1,82.8,62.2,0.25,18.32
DEG_DIE_HILL,7/15/24,0,63.3,74.7,86,62,1.08,26.37
DEG_DIE_HILL,7/16/24,0.68,62.7,75.1,87.5,66.2,0.21,21.3
DEG_DIE_HILL,7/17/24,0.08,62.6,74.6,86.6,66.2,0.11,17.36
DEG_DIE_HILL,7/18/24,0.03,57.8,68.7,79.7,65,0.04,11.21
DEG_DIE_HILL,7/19/24,0,50.6,61.4,72.3,54.2,0.07,12.05
DEG_DIE_HILL,7/20/24,0,51.9,63.4,75,54.4,0.08,15.28
DEG_DIE_HILL,7/21/24,0,53.4,66.2,79.1,56.2,0.2,18.52
DEG_DIE_HILL,7/22/24,0,57.9,68.5,79.2,59.8,0.5,16.09
DEG_DIE_HILL,7/23/24,0.31,62.6,72,81.4,63,0.1,18.96
DEG_DIE_HILL,7/24/24,0,62.3,71,79.8,63.5,0.19,15.53
DEG_DIE_HILL,7/25/24,0.9,61.1,70.1,79,64.8,0.09,9.81
DEG_DIE_HILL,7/26/24,0,52.4,63.2,73.9,54.5,0.18,14.69
DEG_DIE_HILL,7/27/24,0,48.1,61.3,74.4,50.9,0.22,16.5
DEG_DIE_HILL,7/28/24,0,53.7,66.5,79.3,55.3,0.16,19.13
DEG_DIE_HILL,7/29/24,0,56.3,69.1,81.9,57.8,0.22,21.3
DEG_DIE_HILL,7/30/24,0,60.5,71.8,83.1,62.1,0.53,21.31
DEG_DIE_HILL,7/31/24,0.21,67.8,75.3,82.8,68.3,1.11,13.72
DEG_DIE_HILL,8/1/24,0.16,61.6,70.6,79.6,66.7,0.03,9.94
DEG_DIE_HILL,8/2/24,0.02,66,75.9,85.9,66.2,0.87,20.78
DEG_DIE_HILL,8/3/24,0.49,65.8,73.4,81,67.2,0.21,11.5
DEG_DIE_HILL,8/4/24,0.14,66.2,72.9,79.6,67.9,0.17,11.73
DEG_DIE_HILL,8/5/24,0,58.5,70.6,82.8,63.3,0.1,17.37
DEG_DIE_HILL,8/6/24,1.79,64.6,73.3,82,66.3,0.14,15.64
DEG_DIE_HILL,8/7/24,0.07,57.4,63.9,70.3,61.6,0.62,5.24
DEG_DIE_HILL,8/8/24,0,60.4,67.5,74.5,59.2,1.46,11.8
DEG_DIE_HILL,8/9/24,0.63,62.8,65.7,68.7,63.7,0.75,3.6
DEG_DIE_HILL,8/10/24,1.02,54.9,65.5,76,65.6,0.06,6.05
DEG_DIE_HILL,8/11/24,0,51,62.5,74,54,0.16,13.92
DEG_DIE_HILL,8/12/24,0.11,51.3,61.4,71.4,54.5,0.11,11.2
DEG_DIE_HILL,8/13/24,0.01,54.3,61.1,67.9,55.6,0.22,8.54
DEG_DIE_HILL,8/14/24,0,50.6,62.4,74.2,56,0,12.74
DEG_DIE_HILL,8/15/24,0,52.3,65.2,78.2,57.3,0.08,15.99
DEG_DIE_HILL,8/16/24,0,52.5,66,79.4,57.3,0.16,18.3
DEG_DIE_HILL,8/17/24,0.09,57.1,69.4,81.7,59.8,0.57,20.79
DEG_DIE_HILL,8/18/24,0.09,65.9,68.4,71,63.8,1.79,4.74
DEG_DIE_HILL,8/19/24,0.04,63.6,71,78.4,65.4,0.13,10.64
DEG_DIE_HILL,8/20/24,0.44,51.1,59,66.9,54.9,0.37,3.46
DEG_DIE_HILL,8/21/24,0.07,47.4,53.9,60.4,48.2,0.15,6.63
DEG_DIE_HILL,8/22/24,0.47,48.8,55.1,61.4,50.8,0.16,5.95
DEG_DIE_HILL,8/23/24,0,45.5,57.4,69.3,50.4,0,12.06
DEG_DIE_HILL,8/24/24,0,49.4,61.4,73.4,52.7,0.11,15.2
DEG_DIE_HILL,8/25/24,0,53.5,65.9,78.4,55.9,0.09,18.37
DEG_DIE_HILL,8/26/24,0,52.7,65.7,78.8,56.4,0.09,18.59
DEG_DIE_HILL,8/27/24,0,54.2,66.8,79.3,59.1,0.08,15.68
DEG_DIE_HILL,8/28/24,0,57.3,69.8,82.3,63.3,0.33,20.77
DEG_DIE_HILL,8/29/24,0,60.1,70.4,80.7,64.5,0.44,12.39
DEG_DIE_HILL,8/30/24,0.25,61.9,66.9,71.8,62.1,0.97,7.51
DEG_DIE_HILL,8/31/24,0,63.1,64.9,66.6,61.3,1.18,3.18
DEG_DIE_HILL,9/1/24,0.23,61,65.5,70.1,64.3,0.12,3.44
DEG_DIE_HILL,9/2/24,0.16,49.5,64.5,79.5,56.9,0.12,17.8
DEG_DIE_HILL,9/3/24,0,38.9,50.8,62.7,45.1,0.03,8.87
DEG_DIE_HILL,9/4/24,0,42.7,55.5,68.2,46.3,0,12.99
DEG_DIE_HILL,9/5/24,0,46.4,59.7,73,50.3,0.07,15.08
DEG_DIE_HILL,9/6/24,0,49.1,61.7,74.3,49.5,0.52,18.08
DEG_DIE_HILL,9/7/24,0.01,56.3,66,75.8,56.4,1.52,15.41
DEG_DIE_HILL,9/8/24,0.45,42.5,53.6,64.7,48.2,0.3,8.25
DEG_DIE_HILL,9/9/24,0.05,43.9,52.9,61.8,42.1,0.52,10.8
DEG_DIE_HILL,9/10/24,1.07,51.1,59.6,68.1,53.5,0.16,9.71
DEG_DIE_HILL,9/11/24,0,41.3,54.6,67.9,46.8,0.02,13.82
DEG_DIE_HILL,9/12/24,0,46,61.1,76.3,52,0.07,17
DEG_DIE_HILL,9/13/24,0,51.6,65.2,78.8,56.2,0.07,17.98
DEG_DIE_HILL,9/14/24,0,52.3,65.6,79,57.3,0.06,17.54
DEG_DIE_HILL,9/15/24,0,53.2,67.2,81.2,58.5,0,20.36
DEG_DIE_HILL,9/16/24,0,53.8,67.1,80.4,58.3,0.07,19.22
DEG_DIE_HILL,9/17/24,0,49.8,64.6,79.4,55.7,0.12,19.07
DEG_DIE_HILL,9/18/24,0,50,64,77.9,51.4,0.19,23.06
DEG_DIE_HILL,9/19/24,0,48.9,60.3,71.6,55.4,0.01,11.29
DEG_DIE_HILL,9/20/24,0,50.6,65,79.4,56.1,0.06,19.53
DEG_DIE_HILL,9/21/24,0,52.1,65.8,79.4,56.2,0.05,20.68
DEG_DIE_HILL,9/22/24,0,52.7,65.4,78.1,57.8,0.36,16.64
DEG_DIE_HILL,9/23/24,0.02,56.4,65.2,74,56.7,1.2,11.82
DEG_DIE_HILL,9/24/24,0.12,53.6,55.4,57.2,52.1,0.84,2.45
DEG_DIE_HILL,9/25/24,0.06,55,57.7,60.5,52.1,1.46,4.51
DEG_DIE_HILL,9/26/24,0.22,55.8,59,62.3,56.8,0.26,3.65
DEG_DIE_HILL,9/27/24,0.39,51.6,59.4,67.3,59.3,0.03,4.1
DEG_DIE_HILL,9/28/24,0,51.4,61.9,72.3,55,0,14.9
DEG_DIE_HILL,9/29/24,0.51,58.5,65.7,72.9,59.9,0.22,9.48
DEG_DIE_HILL,9/30/24,0.09,56.9,60,63,58.4,0.13,2.88
DEG_DIE_HILL,10/1/24,0,51.3,61.8,72.3,56.2,0.01,11.58
DEG_DIE_HILL,10/2/24,0.03,52.8,60.5,68.1,52,0.19,10.03
DEG_DIE_HILL,10/3/24,0.1,43.7,50.7,57.7,50.8,0.03,2.11
DEG_DIE_HILL,10/4/24,0,43.7,55.7,67.8,48,0.01,12.39
DEG_DIE_HILL,10/5/24,0,45.2,59.2,73.3,51.4,0.03,15.46
DEG_DIE_HILL,10/6/24,0,36.7,50.3,63.9,43.8,0,10.42
DEG_DIE_HILL,10/7/24,0.24,40.1,55.2,70.3,49.2,0.11,14.42
DEG_DIE_HILL,10/8/24,0,37,47.8,58.7,43.8,0.03,6.16
DEG_DIE_HILL,10/9/24,0.04,32.7,46.2,59.7,39.4,0,9.84
DEG_DIE_HILL,10/10/24,0.2,35.2,45.7,56.2,38.7,0,8.62
DEG_DIE_HILL,10/11/24,0,33,39.8,46.7,37.2,0,3.32
DEG_DIE_HILL,10/12/24,0,36.4,49.9,63.3,43.4,0.09,10.28
DEG_DIE_HILL,10/13/24,0.27,33.2,45.7,58.1,37.2,0.05,9.94
DEG_DIE_HILL,10/14/24,0.28,40.9,42.9,45,42.3,0.06,0.9
DEG_DIE_HILL,10/15/24,0.3,34,39.6,45.2,37.3,0.04,1.58
DEG_DIE_HILL,10/16/24,0.23,35.7,40.8,45.9,35.4,0.12,3.94
DEG_DIE_HILL,10/17/24,0.04,31,38.6,46.3,34.2,0.02,3.59
DEG_DIE_HILL,10/18/24,0,30.1,42,53.9,34.6,0,7.23
DEG_DIE_HILL,10/19/24,0,29.6,45.5,61.3,36.5,0,11.56
DEG_DIE_HILL,10/20/24,0,29.8,48.2,66.6,35.6,0,14.88
DEG_DIE_HILL,10/21/24,0,32.3,50.9,69.5,38.3,0.02,16.93
DEG_DIE_HILL,10/22/24,0,42.1,59.3,76.5,46.6,0.18,18.71
DEG_DIE_HILL,10/23/24,0,45.2,61.2,77.2,45.7,0.63,22.6
DEG_DIE_HILL,10/24/24,0.06,45.6,59.8,74,45.8,0.88,18.75
DEG_DIE_HILL,10/25/24,0,27.2,38.6,50,32.9,0.02,5.45
DEG_DIE_HILL,10/26/24,0,27.9,41.5,55.2,37.8,0.05,8.3
DEG_DIE_HILL,10/27/24,0,25.9,38.8,51.7,32.2,0.03,7.48
DEG_DIE_HILL,10/28/24,0,26.6,37.9,49.3,29.6,0,6.9
DEG_DIE_HILL,10/29/24,0,32,44,56,30,0.43,9.73
DEG_DIE_HILL,10/30/24,0.26,40.3,48.4,56.5,42.3,0.61,6.95
DEG_DIE_HILL,10/31/24,0,43.4,59.3,75.3,49.2,0.15,16.39
DEG_DIE_HILL,11/1/24,0.03,46.5,61,75.6,53.9,0.35,16.34
DEG_DIE_HILL,11/2/24,0,39,51,63,38.8,1.15,8.25
DEG_DIE_HILL,11/3/24,0,25.1,33.5,41.9,30.6,0.07,2.3
DEG_DIE_HILL,11/4/24,0,25.5,37.4,49.4,26.2,0.08,7.51
DEG_DIE_HILL,11/5/24,0.02,40,46.9,53.9,34.5,2.78,8.03
DEG_DIE_HILL,11/6/24,0,50.8,62.3,73.9,52.2,2.13,14.9
DEG_DIE_HILL,11/7/24,0.04,47.8,57.6,67.3,54.9,0.09,6.32
DEG_DIE_HILL,11/8/24,0,30.3,41.3,52.4,37.8,0,4.99
DEG_DIE_HILL,11/9/24,0.01,29.1,42.3,55.5,32.7,0.33,7.33
DEG_DIE_HILL,11/10/24,0,27.1,35.7,44.3,25.1,0.42,5.53
DEG_DIE_HILL,11/11/24,0.44,35.8,44.3,52.9,38.1,0.21,8.4
DEG_DIE_HILL,11/12/24,0.16,34.9,43.6,52.3,41.3,0.41,4.01
DEG_DIE_HILL,11/13/24,0.02,21.4,30.4,39.5,25.9,0.13,3.27
DEG_DIE_HILL,11/14/24,0,21.6,33.1,44.7,20.8,0.15,6.34
DEG_DIE_HILL,11/15/24,0,30.6,36.1,41.6,22,1.4,5.11
DEG_DIE_HILL,11/16/24,0,33.8,41.6,49.4,34.7,0.32,4.94
DEG_DIE_HILL,11/17/24,0,32.3,40.7,49,32.7,0.23,6.22
DEG_DIE_HILL,11/18/24,0.03,33.3,41.8,50.2,36.3,0.15,5.3
DEG_DIE_HILL,11/19/24,0,28.8,41.4,53.9,35.8,0.06,6.75
DEG_DIE_HILL,11/20/24,0.02,29.7,40.4,51.1,37,0.05,5.94
DEG_DIE_HILL,11/21/24,0.5,33.2,43,52.8,42.6,0.09,2.96
DEG_DIE_HILL,11/22/24,0.83,32,35.2,38.4,33.3,0.05,1.02
DEG_DIE_HILL,11/23/24,0.41,32,34.2,36.3,32.7,0.08,0.9
DEG_DIE_HILL,11/24/24,0.15,35.6,38,40.4,35.1,0.25,1.61
DEG_DIE_HILL,11/25/24,0.09,28.7,34.8,40.9,30.9,0.18,3.15
DEG_DIE_HILL,11/26/24,0.41,28.4,36.6,44.8,33.9,0.08,4.5
DEG_DIE_HILL,11/27/24,0.1,32.5,39.5,46.6,32.8,0.12,3.6
DEG_DIE_HILL,11/28/24,0.29,31.5,36.6,41.7,28.5,0.05,4.23
DEG_DIE_HILL,11/29/24,0.25,30.9,32.5,34.2,30.3,0.04,1.52
DEG_DIE_HILL,11/30/24,0.04,23.7,28.5,33.2,22.4,0.54,1.84
DEG_DIE_HILL,12/1/24,0,19.1,23.4,27.6,16.9,0.55,1.67
DEG_DIE_HILL,12/2/24,0,20.9,24.5,28.2,17.5,0.63,1.94
DEG_DIE_HILL,12/3/24,0.05,24.4,27.2,29.9,23.8,0.19,1.76
DEG_DIE_HILL,12/4/24,0.03,11.7,20.8,29.8,17.4,0.12,2.17
DEG_DIE_HILL,12/5/24,0.07,21.4,25.7,30,22.2,0.33,2.07
DEG_DIE_HILL,12/6/24,0.23,19.4,25.2,31.1,21.3,0.16,2.2
DEG_DIE_HILL,12/7/24,0.01,19.5,22.7,25.8,16.5,0.5,2.1
DEG_DIE_HILL,12/8/24,0.12,24.9,30,35.2,22.7,0.19,2.9
DEG_DIE_HILL,12/9/24,0,31.6,36.2,40.8,31.3,0.17,3.07
DEG_DIE_HILL,12/10/24,0.52,33.4,36.8,40.2,37.1,0.06,1.46
DEG_DIE_HILL,12/11/24,0.3,37.8,43.2,48.6,44.2,0.01,1.04
DEG_DIE_HILL,12/12/24,0.8,27.9,37.5,47,32.5,0.09,2.32
DEG_DIE_HILL,12/13/24,0,15.3,21.7,28.1,9,0.82,2.54
DEG_DIE_HILL,12/14/24,0,8.4,16,23.5,7.4,0.18,2.29
DEG_DIE_HILL,12/15/24,0,8.7,18.8,29,12.7,0.24,2.6
DEG_DIE_HILL,12/16/24,0.33,20.2,26.8,33.4,25.8,0.1,2.05
DEG_DIE_HILL,12/17/24,0.19,33.3,38.5,43.7,37.6,0.26,1.25
DEG_DIE_HILL,12/18/24,0,31.1,38.6,46.1,33.3,0.18,3.5
DEG_DIE_HILL,12/19/24,0.25,29.7,33.8,38,31.5,0.04,1.62
DEG_DIE_HILL,12/20/24,0,25.1,27.7,30.3,22.7,0.4,1.71
DEG_DIE_HILL,12/21/24,0.23,16.1,22.6,29.2,22.6,0.11,0.86
DEG_DIE_HILL,12/22/24,0.05,-1.8,7.8,17.5,7.8,0.16,0.9
DEG_DIE_HILL,12/23/24,0,-9.3,0.3,9.9,-4.3,0.11,0.85
DEG_DIE_HILL,12/24/24,0.25,-1,12.1,25.1,11.7,0.13,1.89
DEG_DIE_HILL,12/25/24,0,23.2,27.4,31.6,25.3,0.06,0.95
DEG_DIE_HILL,12/26/24,0,3.6,15.2,26.7,14.4,0.04,1.62
DEG_DIE_HILL,12/27/24,0,8.3,16.8,25.2,13,0.09,1.4
DEG_DIE_HILL,12/28/24,0.02,12.6,24.9,37.1,25.8,0.14,2.5
DEG_DIE_HILL,12/29/24,0.02,34.5,38.8,43.2,37.6,0.02,1.29
DEG_DIE_HILL,12/30/24,0.11,36,46.4,56.8,46.9,0.04,3.5
DEG_DIE_HILL,12/31/24,0.03,30.1,38.3,46.6,32.8,0.24,4.16
,,,,,,,,
DEG_FOU_WOOD,1/1/24,0.02,28.1,29.7,31.3,27.1,0.16,0.95
DEG_FOU_WOOD,1/2/24,0,23.9,26.3,28.6,21.4,0.32,1.25
DEG_FOU_WOOD,1/3/24,0,27,30,33.1,23.8,0.71,1.83
DEG_FOU_WOOD,1/4/24,0.04,30.1,31.4,32.7,26.9,0.54,1.43
DEG_FOU_WOOD,1/5/24,0.02,19.8,25.2,30.6,16.6,0.57,1.64
DEG_FOU_WOOD,1/6/24,0,15,21.4,27.7,15.8,0.16,1.99
DEG_FOU_WOOD,1/7/24,0.6,20.4,24,27.6,23.3,0.13,1.37
DEG_FOU_WOOD,1/8/24,0.13,26.3,28.6,30.9,25.8,0.15,0.95
DEG_FOU_WOOD,1/9/24,0,28,30.6,33.1,27.1,0.31,1.27
DEG_FOU_WOOD,1/10/24,0.65,30.8,38,45.3,33.8,0.29,2.39
DEG_FOU_WOOD,1/11/24,0.01,30,34.5,38.9,28,0.32,2.67
DEG_FOU_WOOD,1/12/24,0.06,29.4,32.1,34.8,28.6,0.23,1.73
DEG_FOU_WOOD,1/13/24,0.32,29,34.9,40.8,30.2,0.15,3.58
DEG_FOU_WOOD,1/14/24,0.04,27,34.7,42.3,21.9,0.25,3.23
DEG_FOU_WOOD,1/15/24,0.05,6.7,17.2,27.7,5.5,0.38,2.36
DEG_FOU_WOOD,1/16/24,0.03,6.5,13,19.5,5.5,0.28,2.09
DEG_FOU_WOOD,1/17/24,0.1,5.6,12.5,19.4,8.6,0.31,0.94
DEG_FOU_WOOD,1/18/24,0,5.7,10.5,15.3,-1.8,0.65,2
DEG_FOU_WOOD,1/19/24,0.02,11.8,16.8,21.7,12.8,0.12,1.57
DEG_FOU_WOOD,1/20/24,0.07,8.5,15.3,22.1,10.1,0.23,0.89
DEG_FOU_WOOD,1/21/24,0.02,8.7,10.4,12.2,5.9,0.38,0.65
DEG_FOU_WOOD,1/22/24,0.02,3.4,11.5,19.6,8.3,0.07,1.2
DEG_FOU_WOOD,1/23/24,0,2.8,17.3,31.8,14.4,0.07,3.46
DEG_FOU_WOOD,1/24/24,0.33,30.1,32.3,34.6,30,0.17,1.37
DEG_FOU_WOOD,1/25/24,1.08,33.6,38.7,43.8,35.1,0.14,1.43
DEG_FOU_WOOD,1/26/24,0.63,37,40.5,44,39.1,0.12,0.65
DEG_FOU_WOOD,1/27/24,0.08,33.2,42.8,52.5,36.6,0.29,2.63
DEG_FOU_WOOD,1/28/24,0.07,33.2,35.6,38,34.2,0.23,1.05
DEG_FOU_WOOD,1/29/24,0.69,29.4,32.5,35.5,30.6,0.12,0.5
DEG_FOU_WOOD,1/30/24,0,25.5,27.9,30.4,24.1,0.44,1.2
DEG_FOU_WOOD,1/31/24,0,25.9,27.5,29,24.9,0.45,0.79
DEG_FOU_WOOD,2/1/24,0,29.7,32.5,35.2,29,0.45,1.56
DEG_FOU_WOOD,2/2/24,0.03,33.2,34.3,35.4,32.3,0.22,1.09
DEG_FOU_WOOD,2/3/24,0,26,29.8,33.7,26.9,0.3,1.3
DEG_FOU_WOOD,2/4/24,0,19.4,25.4,31.4,21.5,0.14,1.73
DEG_FOU_WOOD,2/5/24,0,19.7,29,38.3,23.8,0.07,4
DEG_FOU_WOOD,2/6/24,0,15.6,25.5,35.5,19.4,0.28,3.07
DEG_FOU_WOOD,2/7/24,0,16.1,26.4,36.6,19.2,0.12,3.49
DEG_FOU_WOOD,2/8/24,0,19.8,31.2,42.6,23.1,0.24,5.51
DEG_FOU_WOOD,2/9/24,0,28.2,40,51.8,24.7,1.21,8.74
DEG_FOU_WOOD,2/10/24,0,33.2,45.1,56.9,34.5,0.24,8.41
DEG_FOU_WOOD,2/11/24,0.42,31.4,42.7,54,35.8,0.29,4.78
DEG_FOU_WOOD,2/12/24,0,30.1,32.3,34.5,27.1,0.82,1.82
DEG_FOU_WOOD,2/13/24,0,27.1,30.5,33.8,25.4,0.35,1.88
DEG_FOU_WOOD,2/14/24,0.04,18.1,26.5,35,20,0.51,3.02
DEG_FOU_WOOD,2/15/24,0,15.3,20.6,25.9,12.7,0.42,2.29
DEG_FOU_WOOD,2/16/24,0,15.6,24.6,33.5,20,0.22,2.78
DEG_FOU_WOOD,2/17/24,0.16,21.1,25.6,30.1,18.3,0.14,2.43
DEG_FOU_WOOD,2/18/24,0.02,13.5,19.6,25.7,12,0.34,1.93
DEG_FOU_WOOD,2/19/24,0,16.1,21.8,27.4,14.6,0.71,2.04
DEG_FOU_WOOD,2/20/24,0,4,14.1,24.2,6.2,0.19,2.19
DEG_FOU_WOOD,2/21/24,0,4.6,20.2,35.7,13.7,0.13,4.11
DEG_FOU_WOOD,2/22/24,0.02,21.3,31.7,42.1,22.9,0.76,4.87
DEG_FOU_WOOD,2/23/24,0.6,31,33.2,35.4,31.7,0.12,1.01
DEG_FOU_WOOD,2/24/24,0,14.1,31.8,49.5,28.3,0.04,5.75
DEG_FOU_WOOD,2/25/24,0,7.9,14.4,20.9,6.5,0.07,1.92
DEG_FOU_WOOD,2/26/24,0,9.4,24.9,40.4,16.5,0.19,5.78
DEG_FOU_WOOD,2/27/24,0,28.6,40.8,53,29.3,0.36,8.03
DEG_FOU_WOOD,2/28/24,0.1,37.9,50.6,63.3,41.2,0.81,11.99
DEG_FOU_WOOD,2/29/24,0.36,20.1,38.5,56.8,30.3,0.54,3.06
DEG_FOU_WOOD,3/1/24,0,14.7,20,25.2,11.4,0.3,2.32
DEG_FOU_WOOD,3/2/24,0.15,19,32.7,46.4,22.2,0.37,6.99
DEG_FOU_WOOD,3/3/24,0.44,35.4,39.8,44.1,40.4,0.03,0.68
DEG_FOU_WOOD,3/4/24,0,36.7,41.8,47,40,0.08,2.14
DEG_FOU_WOOD,3/5/24,0,41.6,53.2,64.8,43.6,0.73,10.43
DEG_FOU_WOOD,3/6/24,0.06,44.7,48.5,52.3,45.2,0.15,2.29
DEG_FOU_WOOD,3/7/24,0.53,36.7,45,53.4,43.8,0.14,1.43
DEG_FOU_WOOD,3/8/24,0,26.4,35.7,45,32.3,0.09,3.04
DEG_FOU_WOOD,3/9/24,0,29.8,42.8,55.9,26.6,0.37,10.68
DEG_FOU_WOOD,3/10/24,0.89,33.8,37.4,41.1,34.6,0.06,3.11
DEG_FOU_WOOD,3/11/24,0.19,24.8,30.5,36.2,26,0.13,1.72
DEG_FOU_WOOD,3/12/24,0,27,33,38.9,21.8,0.65,4.54
DEG_FOU_WOOD,3/13/24,0,30.3,42.7,55.1,32.5,0.27,7.77
DEG_FOU_WOOD,3/14/24,0,32.1,49.8,67.6,36.7,0.23,14.91
DEG_FOU_WOOD,3/15/24,0.3,33.3,48.5,63.7,35.8,0.17,15.39
DEG_FOU_WOOD,3/16/24,0.01,31.9,37.1,42.2,36.5,0.06,1.15
DEG_FOU_WOOD,3/17/24,0.14,34.8,43.4,52,31.2,0.25,8.22
DEG_FOU_WOOD,3/18/24,0.07,27.5,35.9,44.3,27.7,0.26,5.23
DEG_FOU_WOOD,3/19/24,0.1,24.5,28.3,32.1,21.6,0.18,2.31
DEG_FOU_WOOD,3/20/24,0.05,25.1,29.6,34.1,26.2,0.09,2.44
DEG_FOU_WOOD,3/21/24,0.11,19.4,28.3,37.2,20.6,0.2,2.31
DEG_FOU_WOOD,3/22/24,0,11.9,18.8,25.8,11.6,0.27,2.26
DEG_FOU_WOOD,3/23/24,0.79,16.9,24.5,32.2,19.8,0.08,2.7
DEG_FOU_WOOD,3/24/24,0.18,17.6,24.7,31.7,22,0.09,0.87
DEG_FOU_WOOD,3/25/24,0,17.9,24.3,30.8,15.9,0.27,3.07
DEG_FOU_WOOD,3/26/24,0,26,38.4,50.8,21.6,1.26,8.1
DEG_FOU_WOOD,3/27/24,0,34.2,45,55.7,39.2,1.53,5.42
DEG_FOU_WOOD,3/28/24,0,34,44.9,55.8,38,0.73,5.51
DEG_FOU_WOOD,3/29/24,0,26.7,34.3,41.9,24.2,0.55,4.65
DEG_FOU_WOOD,3/30/24,0,29.5,33.6,37.8,24.3,0.93,3.07
DEG_FOU_WOOD,3/31/24,0,30.5,38,45.5,27,1.09,5.65
DEG_FOU_WOOD,4/1/24,0,30.2,38.8,47.3,30.4,0.25,5.05
DEG_FOU_WOOD,4/2/24,0,33.1,43.8,54.6,33.8,0.57,7.1
DEG_FOU_WOOD,4/3/24,0.66,39.5,41.3,43.1,38.3,0.45,2.12
DEG_FOU_WOOD,4/4/24,1.29,32.3,36.7,41.1,34.8,0.03,1.58
DEG_FOU_WOOD,4/5/24,0.12,30.4,33.3,36.2,31.5,0.12,1.13
DEG_FOU_WOOD,4/6/24,0.16,30.6,33.1,35.6,32,0.14,1.07
DEG_FOU_WOOD,4/7/24,0,31.3,38.3,45.4,31.7,0.31,4.24
DEG_FOU_WOOD,4/8/24,0,28.3,40.6,52.9,26.7,0.45,9.59
DEG_FOU_WOOD,4/9/24,0,32.5,46.3,60.1,29.8,0.49,13.42
DEG_FOU_WOOD,4/10/24,0,41.1,57.2,73.2,36.4,1.79,21.89
DEG_FOU_WOOD,4/11/24,0.47,51.8,56.9,62.1,52.4,0.27,6.22
DEG_FOU_WOOD,4/12/24,0.41,53.5,58.4,63.4,55.4,0.75,5.33
DEG_FOU_WOOD,4/13/24,0.46,35,46.5,58,41.2,0.31,5.76
DEG_FOU_WOOD,4/14/24,0.31,33.5,38.4,43.4,34,0.23,2.87
DEG_FOU_WOOD,4/15/24,0.06,36.9,47,57.1,41.9,0.11,5.63
DEG_FOU_WOOD,4/16/24,0,32.1,44.4,56.7,36.4,0.14,7.68
DEG_FOU_WOOD,4/17/24,0,33.7,46.9,60,31,0.89,11.73
DEG_FOU_WOOD,4/18/24,0.25,43.5,49.8,56.1,43.8,0.43,8.15
DEG_FOU_WOOD,4/19/24,0.27,42.9,48,53.1,46.4,0.06,1.77
DEG_FOU_WOOD,4/20/24,0,40.5,46.1,51.6,43.5,0.47,3.71
DEG_FOU_WOOD,4/21/24,0,32.8,42.2,51.6,27.6,1.81,7.57
DEG_FOU_WOOD,4/22/24,0,27.6,35.1,42.6,25.8,0.34,4.46
DEG_FOU_WOOD,4/23/24,0,29.9,40.2,50.5,25.6,0.65,8.08
DEG_FOU_WOOD,4/24/24,0.04,43.7,54.2,64.7,34.7,0.65,15.08
DEG_FOU_WOOD,4/25/24,0.05,22.7,36.4,50.1,30,0.28,3.16
DEG_FOU_WOOD,4/26/24,0,22.4,35.9,49.4,18.9,0.42,8.51
DEG_FOU_WOOD,4/27/24,0,33.4,47.1,60.8,23.1,2.09,14.45
DEG_FOU_WOOD,4/28/24,0.09,44.6,50.3,56.1,38.6,0.47,9.99
DEG_FOU_WOOD,4/29/24,0.11,51.2,59.9,68.5,57.3,0.22,8.09
DEG_FOU_WOOD,4/30/24,0.07,57.8,66.6,75.4,57.7,0.43,13.56
DEG_FOU_WOOD,5/1/24,0.08,49.5,62.8,76.1,54.1,0.14,14.81
DEG_FOU_WOOD,5/2/24,0,50.7,61.2,71.7,48.9,0.41,15.23
DEG_FOU_WOOD,5/3/24,0,41.9,54.5,67.1,44,0.25,12.59
DEG_FOU_WOOD,5/4/24,0,51.2,62.6,74,47.1,2.58,17.6
DEG_FOU_WOOD,5/5/24,0.43,47.2,56.3,65.5,44.6,0.77,10.88
DEG_FOU_WOOD,5/6/24,0.04,48.3,51.8,55.2,50.2,0.6,2.21
DEG_FOU_WOOD,5/7/24,0,35.8,51.9,68.1,41.3,0.19,15.3
DEG_FOU_WOOD,5/8/24,0.26,45.9,59.2,72.5,43.2,0.15,20.39
DEG_FOU_WOOD,5/9/24,0,46.6,60.5,74.4,47.5,0.63,19.62
DEG_FOU_WOOD,5/10/24,0.16,46.7,52.7,58.6,43.8,0.29,7.75
DEG_FOU_WOOD,5/11/24,0.38,45.7,48,50.3,46.1,0.22,1.95
DEG_FOU_WOOD,5/12/24,0.26,44.9,51.2,57.5,44.4,0.48,6.53
DEG_FOU_WOOD,5/13/24,0,41.2,48.4,55.6,43.7,0.1,5.36
DEG_FOU_WOOD,5/14/24,0.08,47.5,56.3,65.1,49.9,0.59,7.92
DEG_FOU_WOOD,5/15/24,0.06,55.3,65.7,76.1,53.9,0.1,17.1
DEG_FOU_WOOD,5/16/24,0.17,52.9,57.7,62.4,55.9,0.09,3.56
DEG_FOU_WOOD,5/17/24,0,51.8,60.9,70,54.2,0.22,10.08
DEG_FOU_WOOD,5/18/24,0.11,57.2,63.8,70.5,53.8,0.74,11.47
DEG_FOU_WOOD,5/19/24,0.04,56.7,60.5,64.4,58,0.41,3.4
DEG_FOU_WOOD,5/20/24,0,53.1,64.7,76.3,56,0.26,15.65
DEG_FOU_WOOD,5/21/24,0,57.7,69.8,81.9,59.3,0.66,19.54
DEG_FOU_WOOD,5/22/24,0,59.1,71.6,84,57.5,2.37,23.96
DEG_FOU_WOOD,5/23/24,0.05,61.3,73,84.6,60.4,1.27,22.31
DEG_FOU_WOOD,5/24/24,0,45.2,60.2,75.2,48.6,0.32,18.51
DEG_FOU_WOOD,5/25/24,0,46.1,61.2,76.4,46.4,0.62,19.8
DEG_FOU_WOOD,5/26/24,0.28,53.4,66.2,79,55.3,0.04,19.79
DEG_FOU_WOOD,5/27/24,0.03,59.2,68,76.7,58,0.65,16.67
DEG_FOU_WOOD,5/28/24,0.1,58.9,65.6,72.4,60.2,1.48,7.86
DEG_FOU_WOOD,5/29/24,0.09,51,58.9,66.8,53.5,0.15,8.08
DEG_FOU_WOOD,5/30/24,0,38.7,51,63.4,44.7,0.13,9.4
DEG_FOU_WOOD,5/31/24,0,35.8,48.3,60.8,37.8,0,10.8
DEG_FOU_WOOD,6/1/24,0,40.9,54.4,68,39.5,0.27,16.25
DEG_FOU_WOOD,6/2/24,0,49.1,62.4,75.7,42.8,1.82,22.16
DEG_FOU_WOOD,6/3/24,0.14,55.5,65.9,76.2,55.6,0.47,16.47
DEG_FOU_WOOD,6/4/24,0,54.1,64.2,74.2,58.8,0,10.44
DEG_FOU_WOOD,6/5/24,0,57.9,69.8,81.6,57.7,1.25,21.42
DEG_FOU_WOOD,6/6/24,0.01,65.5,72,78.6,64.5,0.57,11.81
DEG_FOU_WOOD,6/7/24,1.26,50.1,62.1,74,58.5,0.16,11.34
DEG_FOU_WOOD,6/8/24,0.48,53.5,60.7,67.9,52.4,0.7,9.52
DEG_FOU_WOOD,6/9/24,0.49,51.7,60.2,68.6,50.3,0.25,11.56
DEG_FOU_WOOD,6/10/24,0.32,51.3,57.8,64.3,51.1,0.32,8.1
DEG_FOU_WOOD,6/11/24,0,50.3,55.1,60,49.4,0.58,5.36
DEG_FOU_WOOD,6/12/24,0,52.2,55.4,58.7,51.9,0.54,4.05
DEG_FOU_WOOD,6/13/24,0,47,58.1,69.2,50.9,0,11.3
DEG_FOU_WOOD,6/14/24,0.01,59.5,70.9,82.2,56.6,2.71,22.04
DEG_FOU_WOOD,6/15/24,0,50.1,63.4,76.6,52.2,0.26,18.71
DEG_FOU_WOOD,6/16/24,0,41.3,55.9,70.5,46,0.01,14.08
DEG_FOU_WOOD,6/17/24,0,53.5,65.1,76.7,51.5,2.63,18.05
DEG_FOU_WOOD,6/18/24,0.41,63.6,75.4,87.1,64.3,0.31,22.54
DEG_FOU_WOOD,6/19/24,0.13,70.3,79.1,87.9,70,1.59,18.57
DEG_FOU_WOOD,6/20/24,0,68.3,78.3,88.3,69.9,1.21,19.78
DEG_FOU_WOOD,6/21/24,0,64.7,76,87.3,68.3,0.24,19
DEG_FOU_WOOD,6/22/24,0.03,66.3,75.9,85.5,68.4,0.22,17.38
DEG_FOU_WOOD,6/23/24,0.63,67.8,76.8,85.7,68.2,0.93,18.54
DEG_FOU_WOOD,6/24/24,0.66,58.8,70.1,81.5,64.2,1.3,12.27
DEG_FOU_WOOD,6/25/24,0.06,50.8,61.9,72.9,53,0.11,14.22
DEG_FOU_WOOD,6/26/24,0,62.6,71.1,79.5,56.3,3.04,21.96
DEG_FOU_WOOD,6/27/24,0.21,57.7,69.4,81.1,58.7,0.19,23.27
DEG_FOU_WOOD,6/28/24,0,42.7,54.6,66.6,48.4,0.03,11.03
DEG_FOU_WOOD,6/29/24,0.37,54.4,64.1,73.9,49.7,0.83,18.51
DEG_FOU_WOOD,6/30/24,1.18,63.1,67.9,72.7,66.9,0.82,4.26
DEG_FOU_WOOD,7/1/24,0.09,54.4,66.4,78.5,57.5,0.51,12.27
DEG_FOU_WOOD,7/2/24,0,45.4,57.2,69.1,50.6,0.03,10.48
DEG_FOU_WOOD,7/3/24,0,54.5,66.1,77.6,53.2,1.93,19.8
DEG_FOU_WOOD,7/4/24,0,66.4,74.3,82.2,61,3.98,18.31
DEG_FOU_WOOD,7/5/24,0,67.6,76.4,85.1,67,1.01,18.75
DEG_FOU_WOOD,7/6/24,0.05,69.3,76.3,83.3,69.3,0.54,13.48
DEG_FOU_WOOD,7/7/24,0,58.5,72.1,85.6,63.3,0.77,21.72
DEG_FOU_WOOD,7/8/24,0,60.7,71.7,82.6,61.7,0.39,18.7
DEG_FOU_WOOD,7/9/24,0,64.1,75.4,86.7,64,0.61,24.47
DEG_FOU_WOOD,7/10/24,0,68.5,77.5,86.5,66,1.82,22.87
DEG_FOU_WOOD,7/11/24,0.51,65.1,77,88.9,70.2,0.1,19.76
DEG_FOU_WOOD,7/12/24,0.02,62.7,68.9,75.1,64.4,0.13,8.05
DEG_FOU_WOOD,7/13/24,0,62.4,72.1,81.9,63.6,0.26,17.08
DEG_FOU_WOOD,7/14/24,0,57.2,69.9,82.5,62.1,0.24,17.84
DEG_FOU_WOOD,7/15/24,0,63.7,74.9,86.2,61.7,1.35,26.81
DEG_FOU_WOOD,7/16/24,0.78,62.5,75.2,88,66,0.27,22.27
DEG_FOU_WOOD,7/17/24,0.17,61.9,74.1,86.3,65.8,0.11,17.25
DEG_FOU_WOOD,7/18/24,0.04,57.4,68.5,79.7,65,0,10.81
DEG_FOU_WOOD,7/19/24,0,49.3,60.9,72.5,53.9,0,12.39
DEG_FOU_WOOD,7/20/24,0,50.9,63,75.1,54.4,0,15.4
DEG_FOU_WOOD,7/21/24,0,53.6,66.5,79.3,55.9,0.37,18.69
DEG_FOU_WOOD,7/22/24,0,58.3,68.7,79.1,59.8,0.58,15.82
DEG_FOU_WOOD,7/23/24,0.23,62.4,71.9,81.3,62.9,0.15,18.76
DEG_FOU_WOOD,7/24/24,0,62.4,71.5,80.6,63.1,0.35,16.77
DEG_FOU_WOOD,7/25/24,0.92,60.6,69.8,79,64.4,0.09,10.05
DEG_FOU_WOOD,7/26/24,0,51.9,62.8,73.7,54.1,0.17,14.54
DEG_FOU_WOOD,7/27/24,0,48.5,61.7,74.9,51,0.36,16.74
DEG_FOU_WOOD,7/28/24,0,54.4,67.2,79.9,55.2,0.36,19.67
DEG_FOU_WOOD,7/29/24,0,56.4,69.5,82.5,57.5,0.48,22.17
DEG_FOU_WOOD,7/30/24,0,60.7,72.2,83.6,61.9,0.68,21.87
DEG_FOU_WOOD,7/31/24,0.15,68.5,75.5,82.6,68.1,1.7,13.4
DEG_FOU_WOOD,8/1/24,0.12,60.5,69.9,79.3,66.6,0,9.74
DEG_FOU_WOOD,8/2/24,0.02,65.6,75.7,85.7,66.4,0.64,20.31
DEG_FOU_WOOD,8/3/24,0.9,66.2,73.3,80.3,67.3,0.23,10.76
DEG_FOU_WOOD,8/4/24,0.18,66.5,72.7,78.9,68,0.22,10.61
DEG_FOU_WOOD,8/5/24,0,58.4,70.7,82.9,63.3,0.07,17.45
DEG_FOU_WOOD,8/6/24,1.23,64.5,73.3,82.2,66.5,0.11,15.52
DEG_FOU_WOOD,8/7/24,0.08,57.3,63.6,69.9,61.7,0.47,5.06
DEG_FOU_WOOD,8/8/24,0,60,67,74.1,59.4,1.12,10.94
DEG_FOU_WOOD,8/9/24,0.61,62.9,65.8,68.7,63.9,0.67,3.55
DEG_FOU_WOOD,8/10/24,0.9,54.4,65.5,76.6,65.6,0.05,6.22
DEG_FOU_WOOD,8/11/24,0,50.8,62.4,74.1,54.1,0.07,13.88
DEG_FOU_WOOD,8/12/24,0.13,51.1,61.2,71.3,54.3,0.11,11.04
DEG_FOU_WOOD,8/13/24,0,54.1,60.8,67.6,55.7,0.15,7.99
DEG_FOU_WOOD,8/14/24,0,49.9,62,74.1,55.7,0,12.8
DEG_FOU_WOOD,8/15/24,0,51.2,64.5,77.8,57.4,0,15.17
DEG_FOU_WOOD,8/16/24,0,51.9,65.5,79.1,57.5,0,17.51
DEG_FOU_WOOD,8/17/24,0.28,56.8,69.4,82,59.7,0.52,21.13
DEG_FOU_WOOD,8/18/24,0.12,66.5,68.7,70.9,64,2.04,4.51
DEG_FOU_WOOD,8/19/24,0.4,63.3,70.9,78.6,65.2,0.14,11.19
DEG_FOU_WOOD,8/20/24,0.27,52.1,59.1,66.2,55,0.26,3.17
DEG_FOU_WOOD,8/21/24,0.05,47.2,53.9,60.5,48,0.14,6.6
DEG_FOU_WOOD,8/22/24,0.35,48,55,61.9,50.8,0.04,6.35
DEG_FOU_WOOD,8/23/24,0,45.5,57.3,69,50.3,0,11.67
DEG_FOU_WOOD,8/24/24,0,49.1,61.4,73.7,52.6,0.09,15.35
DEG_FOU_WOOD,8/25/24,0,52.3,65.3,78.3,55.7,0,18.33
DEG_FOU_WOOD,8/26/24,0,51.2,64.9,78.7,56.2,0,18.5
DEG_FOU_WOOD,8/27/24,0,53.3,66.2,79,59,0.01,15.29
DEG_FOU_WOOD,8/28/24,0.02,56.3,69.3,82.3,63.5,0.05,20.62
DEG_FOU_WOOD,8/29/24,0,59.7,70.2,80.7,64.7,0.32,12.01
DEG_FOU_WOOD,8/30/24,0.04,61.8,66.7,71.6,62,0.94,7.32
DEG_FOU_WOOD,8/31/24,0.01,63.2,65.1,67.1,61.7,0.96,3.25
DEG_FOU_WOOD,9/1/24,0.24,60.9,65.9,71,64.1,0.12,4.02
DEG_FOU_WOOD,9/2/24,0.05,49.3,64.4,79.5,56.8,0.1,17.86
DEG_FOU_WOOD,9/3/24,0,38.6,50.9,63.1,45.1,0,9.16
DEG_FOU_WOOD,9/4/24,0,43.7,56,68.4,46.4,0.13,13.04
DEG_FOU_WOOD,9/5/24,0,46.3,59.7,73.1,50.1,0.09,15.28
DEG_FOU_WOOD,9/6/24,0,48.8,61.6,74.4,49.5,0.45,18.27
DEG_FOU_WOOD,9/7/24,0.05,56.7,66.3,75.8,56.4,1.62,15.39
DEG_FOU_WOOD,9/8/24,0.46,42.5,53.5,64.4,48.1,0.33,8.07
DEG_FOU_WOOD,9/9/24,0,43.4,52.6,61.8,42.1,0.42,10.81
DEG_FOU_WOOD,9/10/24,0.45,51.3,59.7,68.1,53.6,0.16,9.64
DEG_FOU_WOOD,9/11/24,0,41.9,55,68.2,47,0.04,13.91
DEG_FOU_WOOD,9/12/24,0,45.4,60.8,76.2,52.2,0,16.94
DEG_FOU_WOOD,9/13/24,0,51.4,64.9,78.4,56.3,0,17.5
DEG_FOU_WOOD,9/14/24,0,52.2,65.3,78.4,57.3,0.05,16.75
DEG_FOU_WOOD,9/15/24,0,54.3,67.5,80.8,58.6,0.14,19.51
DEG_FOU_WOOD,9/16/24,0,54.7,67.5,80.4,58.3,0.21,19.31
DEG_FOU_WOOD,9/17/24,0,49.5,64.3,79.1,55.6,0.03,18.82
DEG_FOU_WOOD,9/18/24,0,49.7,63.4,77.1,51.1,0.22,22.02
DEG_FOU_WOOD,9/19/24,0,48.8,60.1,71.4,55.5,0,11.01
DEG_FOU_WOOD,9/20/24,0,51.2,65.2,79.2,56.1,0.05,19.08
DEG_FOU_WOOD,9/21/24,0,52.1,65.7,79.2,56.3,0.05,20.26
DEG_FOU_WOOD,9/22/24,0,52.6,65.3,78,57.7,0.35,16.42
DEG_FOU_WOOD,9/23/24,0.03,56.3,65,73.7,56.9,1.04,11.59
DEG_FOU_WOOD,9/24/24,0.1,53.1,55.5,57.9,52.2,0.63,2.76
DEG_FOU_WOOD,9/25/24,0.07,54.8,57.4,59.9,52.2,1.23,4.17
DEG_FOU_WOOD,9/26/24,0.21,55.5,59,62.4,57,0.19,3.58
DEG_FOU_WOOD,9/27/24,0.19,52.3,59.9,67.4,59.2,0.05,4.28
DEG_FOU_WOOD,9/28/24,0,52.2,62.2,72.1,54.8,0.09,14.85
DEG_FOU_WOOD,9/29/24,0.61,59.4,65.6,71.8,59.7,0.28,8.79
DEG_FOU_WOOD,9/30/24,0.11,57.1,59.9,62.7,58.1,0.18,2.89
DEG_FOU_WOOD,10/1/24,0,52.2,62,71.9,56.2,0.06,11.07
DEG_FOU_WOOD,10/2/24,0.02,53.9,61,68.2,52.4,0.33,9.85
DEG_FOU_WOOD,10/3/24,0.11,43.5,50.6,57.7,50.9,0.01,1.97
DEG_FOU_WOOD,10/4/24,0,43.9,56,68.1,48.1,0.01,12.72
DEG_FOU_WOOD,10/5/24,0.02,45.3,59.3,73.3,51.2,0.04,15.42
DEG_FOU_WOOD,10/6/24,0,38.6,51.2,63.9,43.9,0.05,10.41
DEG_FOU_WOOD,10/7/24,0.14,42.6,56.5,70.3,49.2,0.3,14.43
DEG_FOU_WOOD,10/8/24,0,36.4,47.5,58.6,43.5,0,6.2
DEG_FOU_WOOD,10/9/24,0.05,32.1,45.8,59.6,39.5,0,9.72
DEG_FOU_WOOD,10/10/24,0.15,35.4,45.9,56.4,38.8,0,8.65
DEG_FOU_WOOD,10/11/24,0,32.4,39.6,46.8,37.1,0,3.34
DEG_FOU_WOOD,10/12/24,0,35.3,49.1,62.9,43.5,0.05,9.96
DEG_FOU_WOOD,10/13/24,0.3,33.7,46,58.3,37.5,0.06,9.88
DEG_FOU_WOOD,10/14/24,0.28,41.8,43.6,45.5,42.6,0.08,0.9
DEG_FOU_WOOD,10/15/24,0.31,34.5,39.7,44.9,37.1,0.05,1.62
DEG_FOU_WOOD,10/16/24,0.2,35.8,40.8,45.7,35.5,0.12,3.91
DEG_FOU_WOOD,10/17/24,0.04,31.1,38.6,46.2,34.2,0.02,3.54
DEG_FOU_WOOD,10/18/24,0,29.6,41.8,54,34.6,0,7.19
DEG_FOU_WOOD,10/19/24,0,29.5,45.5,61.5,36.5,0,11.64
DEG_FOU_WOOD,10/20/24,0,31.1,48.7,66.3,35.3,0.11,14.75
DEG_FOU_WOOD,10/21/24,0,33.4,51.4,69.3,38.4,0.19,16.66
DEG_FOU_WOOD,10/22/24,0,41.3,58.8,76.2,46.8,0,18.44
DEG_FOU_WOOD,10/23/24,0,44.6,60.8,76.9,45.7,0.41,22.39
DEG_FOU_WOOD,10/24/24,0.04,45.6,59.7,73.9,45.8,0.91,18.56
DEG_FOU_WOOD,10/25/24,0,27,38.6,50.2,32.9,0,5.54
DEG_FOU_WOOD,10/26/24,0,27.9,41.6,55.3,37.9,0.04,8.4
DEG_FOU_WOOD,10/27/24,0,25.3,38.3,51.3,32.3,0,7.07
DEG_FOU_WOOD,10/28/24,0,27.2,38.1,49.1,29.4,0.04,6.86
DEG_FOU_WOOD,10/29/24,0,31.1,43.4,55.8,29.8,0.28,9.66
DEG_FOU_WOOD,10/30/24,0.28,40.9,48.8,56.7,42.4,0.74,6.99
DEG_FOU_WOOD,10/31/24,0,42.7,58.9,75.1,49.1,0.05,16.39
DEG_FOU_WOOD,11/1/24,0.03,46.7,61.1,75.5,53.7,0.48,16.25
DEG_FOU_WOOD,11/2/24,0,38.8,50.5,62.2,38.6,1.19,7.8
DEG_FOU_WOOD,11/3/24,0,24.1,33.1,42.1,30.1,0.07,2.53
DEG_FOU_WOOD,11/4/24,0,25.2,37.2,49.1,26,0.08,7.39
DEG_FOU_WOOD,11/5/24,0,40.1,46.9,53.8,34.2,2.74,8.08
DEG_FOU_WOOD,11/6/24,0,49.7,61.9,74.2,52,1.57,15.4
DEG_FOU_WOOD,11/7/24,0.06,47.2,57.2,67.2,54.9,0.04,6.41
DEG_FOU_WOOD,11/8/24,0,29,40.2,51.5,37.7,0,4.83
DEG_FOU_WOOD,11/9/24,0,28.8,41.9,54.9,32.4,0.38,7.1
DEG_FOU_WOOD,11/10/24,0,26.9,35.4,44,24.7,0.46,5.44
DEG_FOU_WOOD,11/11/24,0.56,35.2,43.9,52.5,37.9,0.19,8.25
DEG_FOU_WOOD,11/12/24,0.13,34.6,43,51.5,41,0.41,3.75
DEG_FOU_WOOD,11/13/24,0.02,20.8,29.8,38.7,25.5,0.14,3.12
DEG_FOU_WOOD,11/14/24,0,20.9,32.7,44.4,20.2,0.14,6.34
DEG_FOU_WOOD,11/15/24,0,30,35.9,41.8,22.2,1.33,5.14
DEG_FOU_WOOD,11/16/24,0,33.3,40.5,47.8,35,0.21,4.28
DEG_FOU_WOOD,11/17/24,0,30.6,39.6,48.6,32.3,0.13,6.16
DEG_FOU_WOOD,11/18/24,0.03,31.7,40.8,50,35.7,0.12,5.34
DEG_FOU_WOOD,11/19/24,0,27.6,40.6,53.6,35.6,0.04,6.64
DEG_FOU_WOOD,11/20/24,0,28.5,39.6,50.6,36.9,0.05,5.77
DEG_FOU_WOOD,11/21/24,0.45,32.6,42.8,52.9,42.8,0.07,2.84
DEG_FOU_WOOD,11/22/24,0.77,31.7,35,38.3,33.1,0.04,1.08
DEG_FOU_WOOD,11/23/24,0.4,31.6,33.7,35.7,32.2,0.09,0.83
DEG_FOU_WOOD,11/24/24,0.16,35.7,37.7,39.7,34.8,0.31,1.51
DEG_FOU_WOOD,11/25/24,0,27.9,34.4,41,30.6,0.16,3.29
DEG_FOU_WOOD,11/26/24,0.44,27.6,36.2,44.7,34.1,0.1,4.47
DEG_FOU_WOOD,11/27/24,0.04,31.8,39.1,46.3,32.6,0.09,3.55
DEG_FOU_WOOD,11/28/24,0.3,31.2,36.6,42,28.2,0.07,4.34
DEG_FOU_WOOD,11/29/24,0.24,30.8,32.2,33.6,30.1,0.04,1.4
DEG_FOU_WOOD,11/30/24,0.03,23.7,28.2,32.7,22.1,0.55,1.8
DEG_FOU_WOOD,12/1/24,0.01,19.4,23.5,27.5,16.3,0.63,1.69
DEG_FOU_WOOD,12/2/24,0,20.7,24.6,28.4,17.1,0.67,2.07
DEG_FOU_WOOD,12/3/24,0.09,24.5,27.3,30.1,23.5,0.21,1.89
DEG_FOU_WOOD,12/4/24,0.02,11.8,20.9,29.9,17.2,0.15,2.3
DEG_FOU_WOOD,12/5/24,0.04,21.8,25.9,30,21.7,0.38,2.14
DEG_FOU_WOOD,12/6/24,0.24,18.7,24.8,31,20.6,0.15,2.23
DEG_FOU_WOOD,12/7/24,0.01,19.1,22.4,25.6,16.2,0.47,2.14
DEG_FOU_WOOD,12/8/24,0.09,24.9,30.2,35.5,22.1,0.24,3.02
DEG_FOU_WOOD,12/9/24,0,32.1,36.4,40.7,31,0.29,3.09
DEG_FOU_WOOD,12/10/24,0.49,34.1,37.5,40.9,37.2,0.06,1.53
DEG_FOU_WOOD,12/11/24,0.25,38.7,43.6,48.5,44.4,0.03,1.01
DEG_FOU_WOOD,12/12/24,0.69,27.4,37.3,47.2,32.2,0.06,2.43
DEG_FOU_WOOD,12/13/24,0,15.3,21.6,27.8,8.3,0.86,2.57
DEG_FOU_WOOD,12/14/24,0,8.2,15.7,23.3,6.8,0.21,2.3
DEG_FOU_WOOD,12/15/24,0,8.9,19,29,12.2,0.27,2.67
DEG_FOU_WOOD,12/16/24,0.33,20.3,27,33.8,25.4,0.15,2.14
DEG_FOU_WOOD,12/17/24,0.16,33.3,38.5,43.7,37.3,0.26,1.36
DEG_FOU_WOOD,12/18/24,0,30.1,38.1,46.1,33,0.15,3.56
DEG_FOU_WOOD,12/19/24,0.23,29,33.4,37.9,31,0.03,1.68
DEG_FOU_WOOD,12/20/24,0,24.5,27.2,30,21.9,0.42,1.78
DEG_FOU_WOOD,12/21/24,0.19,16.7,23.1,29.6,22.3,0.15,0.99
DEG_FOU_WOOD,12/22/24,0.03,-1,8.3,17.7,7.6,0.18,0.91
DEG_FOU_WOOD,12/23/24,0,-9.4,0.2,9.8,-4.4,0.13,0.85
DEG_FOU_WOOD,12/24/24,0.22,-0.2,12.6,25.5,11.2,0.19,1.97
DEG_FOU_WOOD,12/25/24,0,23.2,27.5,31.8,25,0.13,1.03
DEG_FOU_WOOD,12/26/24,0,4.7,15.8,26.8,14.6,0.07,1.64
DEG_FOU_WOOD,12/27/24,0,9.1,17.1,25.1,13.2,0.1,1.36
DEG_FOU_WOOD,12/28/24,0,13.5,25.6,37.6,25.8,0.16,2.65
DEG_FOU_WOOD,12/29/24,0,34.1,38.7,43.3,37.4,0,1.39
DEG_FOU_WOOD,12/30/24,0.08,37.1,47.1,57.1,46.4,0.08,3.81
DEG_FOU_WOOD,12/31/24,0.03,29.9,38.1,46.3,32.1,0.34,4.21
,,,,,,,,
DEG_PER_STRI,1/1/24,0.03,27.4,29.6,31.7,26.8,0.16,1.13
DEG_PER_STRI,1/2/24,0,23.8,26.2,28.6,21.3,0.34,1.27
DEG_PER_STRI,1/3/24,0,26.7,30.1,33.5,24.1,0.58,1.9
DEG_PER_STRI,1/4/24,0.05,30.1,31.6,33.2,27.3,0.51,1.45
DEG_PER_STRI,1/5/24,0.02,19.7,25.3,30.9,16.4,0.59,1.8
DEG_PER_STRI,1/6/24,0,15.8,21.9,28.1,16.4,0.22,1.99
DEG_PER_STRI,1/7/24,0.73,21.1,24.6,28.1,23.2,0.16,1.47
DEG_PER_STRI,1/8/24,0.17,25.9,28.4,30.9,25.6,0.14,0.98
DEG_PER_STRI,1/9/24,0,26.7,30.1,33.6,27,0.21,1.4
DEG_PER_STRI,1/10/24,0.66,30.4,38,45.6,33.9,0.3,2.42
DEG_PER_STRI,1/11/24,0.05,30.1,34.8,39.5,28.1,0.34,2.83
DEG_PER_STRI,1/12/24,0.17,29.7,32.5,35.2,28.8,0.24,1.76
DEG_PER_STRI,1/13/24,0.41,29.3,35.2,41.1,30.4,0.18,3.59
DEG_PER_STRI,1/14/24,0.07,26.8,34.6,42.5,22.4,0.24,3.22
DEG_PER_STRI,1/15/24,0.11,6.4,17.1,27.8,6.1,0.29,2.43
DEG_PER_STRI,1/16/24,0.03,6.2,13.3,20.3,5.8,0.23,2.13
DEG_PER_STRI,1/17/24,0.09,5.5,12.6,19.7,8.8,0.3,0.97
DEG_PER_STRI,1/18/24,0,4.9,10.4,15.9,-1,0.57,1.97
DEG_PER_STRI,1/19/24,0.02,12.4,17.3,22.2,12.7,0.18,1.63
DEG_PER_STRI,1/20/24,0.03,7.2,14.8,22.4,9.5,0.17,0.98
DEG_PER_STRI,1/21/24,0.04,7.5,10,12.4,5.6,0.32,0.69
DEG_PER_STRI,1/22/24,0.02,4.5,12.4,20.2,8.4,0.15,1.35
DEG_PER_STRI,1/23/24,0,4.3,18.2,32.2,14.9,0.11,3.56
DEG_PER_STRI,1/24/24,0.41,30.1,32.3,34.6,30.1,0.15,1.36
DEG_PER_STRI,1/25/24,0.94,33.5,38.5,43.5,35.3,0.12,1.35
DEG_PER_STRI,1/26/24,0.72,36.5,40.3,44,38.9,0.15,0.73
DEG_PER_STRI,1/27/24,0.08,32.7,42.1,51.4,36.6,0.22,2.3
DEG_PER_STRI,1/28/24,0.07,33,35.7,38.5,34.3,0.17,1.15
DEG_PER_STRI,1/29/24,0.79,28.8,32.4,36,30.8,0.08,0.64
DEG_PER_STRI,1/30/24,0.02,25.5,27.9,30.2,24.4,0.41,1.11
DEG_PER_STRI,1/31/24,0,25.6,27.5,29.4,24.9,0.5,0.86
DEG_PER_STRI,2/1/24,0,29.7,32.7,35.6,29.3,0.44,1.61
DEG_PER_STRI,2/2/24,0.02,32.9,34.3,35.6,32.7,0.12,1.03
DEG_PER_STRI,2/3/24,0,26,30.1,34.1,27.2,0.26,1.34
DEG_PER_STRI,2/4/24,0,19.3,25.5,31.7,21.5,0.13,1.82
DEG_PER_STRI,2/5/24,0,19.7,29,38.3,24,0.08,3.88
DEG_PER_STRI,2/6/24,0,16.2,26,35.7,19.4,0.32,3.16
DEG_PER_STRI,2/7/24,0,16.6,26.7,36.9,19.3,0.15,3.57
DEG_PER_STRI,2/8/24,0,20,31.4,42.7,23.5,0.26,5.41
DEG_PER_STRI,2/9/24,0,27.5,39.8,52.1,24.9,0.98,8.84
DEG_PER_STRI,2/10/24,0,34.6,45.8,57,35,0.51,8.41
DEG_PER_STRI,2/11/24,0.03,32,43.3,54.6,35.9,0.41,5
DEG_PER_STRI,2/12/24,0,30.1,32.6,35,27.1,0.81,1.91
DEG_PER_STRI,2/13/24,0,26.9,30.5,34,25.5,0.31,1.92
DEG_PER_STRI,2/14/24,0.04,18.1,26.8,35.4,20,0.5,3.13
DEG_PER_STRI,2/15/24,0.01,14.1,19.9,25.7,12.5,0.38,2.24
DEG_PER_STRI,2/16/24,0.13,14.7,24.1,33.5,20.1,0.19,2.74
DEG_PER_STRI,2/17/24,0.21,20.5,25.2,30,18.6,0.15,2.33
DEG_PER_STRI,2/18/24,0.05,12.6,19,25.3,12.1,0.33,1.92
DEG_PER_STRI,2/19/24,0.02,16.4,22,27.5,14.6,0.73,2.01
DEG_PER_STRI,2/20/24,0,4.5,14.4,24.2,6.2,0.2,2.18
DEG_PER_STRI,2/21/24,0,5.3,20.7,36,13.6,0.18,4.21
DEG_PER_STRI,2/22/24,0.02,21.8,32.1,42.3,22.7,0.89,4.96
DEG_PER_STRI,2/23/24,0.47,30.9,33.3,35.7,32.1,0.11,1.06
DEG_PER_STRI,2/24/24,0,13.8,31.6,49.5,28.2,0.06,5.62
DEG_PER_STRI,2/25/24,0,8.2,14.5,20.8,6.1,0.14,1.96
DEG_PER_STRI,2/26/24,0,10.2,25.3,40.4,16.4,0.25,5.76
DEG_PER_STRI,2/27/24,0.02,29.4,41.1,52.8,29.1,0.59,7.93
DEG_PER_STRI,2/28/24,0.28,38.7,51.1,63.5,41.3,0.88,12
DEG_PER_STRI,2/29/24,0.71,19.9,38.6,57.2,30.5,0.53,3.19
DEG_PER_STRI,3/1/24,0,14.9,19.8,24.8,11.4,0.33,2.27
DEG_PER_STRI,3/2/24,0.22,18.4,32.4,46.4,21.9,0.41,7.04
DEG_PER_STRI,3/3/24,0.51,35.3,39.9,44.5,40.3,0.03,0.87
DEG_PER_STRI,3/4/24,0,35.4,40.8,46.3,39.9,0.06,1.92
DEG_PER_STRI,3/5/24,0,38.9,51.8,64.6,43.7,0.36,10.2
DEG_PER_STRI,3/6/24,0.05,44.4,48.3,52.2,44.8,0.22,2.42
DEG_PER_STRI,3/7/24,0.69,36.6,44.7,52.9,43.6,0.14,1.34
DEG_PER_STRI,3/8/24,0,25.5,36.3,47.1,31.8,0.09,4.14
DEG_PER_STRI,3/9/24,0,29.2,42.6,56,26.1,0.41,10.9
DEG_PER_STRI,3/10/24,1.01,34.4,38.3,42.2,34.3,0.24,3.65
DEG_PER_STRI,3/11/24,0.21,24.5,30.1,35.6,25.7,0.19,1.67
DEG_PER_STRI,3/12/24,0,26.7,32.9,39.2,21.2,0.62,4.73
DEG_PER_STRI,3/13/24,0,28.3,41.4,54.5,31.7,0.13,7.64
DEG_PER_STRI,3/14/24,0,31.4,49.3,67.1,36.6,0.17,14.46
DEG_PER_STRI,3/15/24,0.38,32.8,47.4,62,36.2,0.16,13.78
DEG_PER_STRI,3/16/24,0.01,32.6,37.6,42.6,36.4,0.13,1.3
DEG_PER_STRI,3/17/24,0.18,35,43.3,51.7,30.8,0.41,8.2
DEG_PER_STRI,3/18/24,0.16,27,35.5,43.9,27.3,0.28,5.26
DEG_PER_STRI,3/19/24,0.13,24.4,28.4,32.4,21,0.35,2.51
DEG_PER_STRI,3/20/24,0.05,25.1,29.6,34.1,25.8,0.17,2.52
DEG_PER_STRI,3/21/24,0.12,19.3,28.2,37.1,20.1,0.24,2.41
DEG_PER_STRI,3/22/24,0.01,12.6,19.2,25.8,11.4,0.38,2.29
DEG_PER_STRI,3/23/24,0.85,17.5,24.6,31.7,18.6,0.11,2.63
DEG_PER_STRI,3/24/24,0.19,16.5,23,29.6,21.1,0.11,0.84
DEG_PER_STRI,3/25/24,0,16.7,23.8,30.9,14.5,0.29,3.27
DEG_PER_STRI,3/26/24,0,25,37.3,49.7,21.1,1.24,7.65
DEG_PER_STRI,3/27/24,0,34.8,45.4,56,38.9,1.72,5.56
DEG_PER_STRI,3/28/24,0,34.4,45.3,56.2,37.6,1.07,5.78
DEG_PER_STRI,3/29/24,0,27,34.5,42,23.8,0.67,4.79
DEG_PER_STRI,3/30/24,0,30.1,34,37.8,23.7,1.17,3.26
DEG_PER_STRI,3/31/24,0,30.7,37.8,44.9,26.1,1.26,5.64
DEG_PER_STRI,4/1/24,0,30,38.5,47.1,29.8,0.3,5.14
DEG_PER_STRI,4/2/24,0,32.8,43.7,54.5,33.2,0.66,7.22
DEG_PER_STRI,4/3/24,0.58,39.4,41.5,43.7,38,0.5,2.61
DEG_PER_STRI,4/4/24,1.29,32.3,36.9,41.5,34.4,0.09,1.76
DEG_PER_STRI,4/5/24,0.18,30.2,33.1,36,31.3,0.11,1.15
DEG_PER_STRI,4/6/24,0.24,30.6,33.3,36,32.2,0.14,1.21
DEG_PER_STRI,4/7/24,0,31.6,38.6,45.7,31.2,0.37,4.48
DEG_PER_STRI,4/8/24,0,27.6,40,52.5,26.6,0.34,9.31
DEG_PER_STRI,4/9/24,0,32.5,46.1,59.6,29.9,0.46,13.04
DEG_PER_STRI,4/10/24,0,41.1,57,72.8,36.9,1.65,21.26
DEG_PER_STRI,4/11/24,0.54,51.6,56.9,62.1,51.9,0.28,6.37
DEG_PER_STRI,4/12/24,0.38,53.6,58.3,63,55.2,0.73,5.15
DEG_PER_STRI,4/13/24,0.59,34.8,46.7,58.7,41.3,0.31,5.88
DEG_PER_STRI,4/14/24,0.38,33.3,38.3,43.2,33.8,0.22,2.92
DEG_PER_STRI,4/15/24,0.03,37.2,46.8,56.4,41.9,0.1,5.39
DEG_PER_STRI,4/16/24,0,32.6,44.5,56.5,35.8,0.34,7.71
DEG_PER_STRI,4/17/24,0,33.5,46.5,59.5,30.4,0.94,11.63
DEG_PER_STRI,4/18/24,0.29,44.3,50.5,56.7,43.6,0.47,8.41
DEG_PER_STRI,4/19/24,0.33,43.2,48,52.9,46,0.12,1.93
DEG_PER_STRI,4/20/24,0,41,46.7,52.4,43.5,0.59,3.91
DEG_PER_STRI,4/21/24,0,33.6,42.3,51,27.5,1.91,7.4
DEG_PER_STRI,4/22/24,0,28.9,35.7,42.5,25.8,0.56,4.52
DEG_PER_STRI,4/23/24,0,30.3,40.3,50.4,25.5,0.7,8.03
DEG_PER_STRI,4/24/24,0.04,43.1,54,64.8,34.7,0.62,15.27
DEG_PER_STRI,4/25/24,0.02,23,36.3,49.6,29.5,0.36,3.08
DEG_PER_STRI,4/26/24,0,22.8,35.9,48.9,18.7,0.49,8.32
DEG_PER_STRI,4/27/24,0,33.9,47.1,60.3,22.8,2.26,14.29
DEG_PER_STRI,4/28/24,0.05,44.8,50.2,55.7,38.6,0.56,9.7
DEG_PER_STRI,4/29/24,0.17,51.5,59.5,67.5,57.2,0.21,7.31
DEG_PER_STRI,4/30/24,0.16,57.4,66,74.7,57.3,0.53,12.47
DEG_PER_STRI,5/1/24,0.11,48.4,61.7,74.9,54,0,12.9
DEG_PER_STRI,5/2/24,0,50.6,61,71.4,49,0.41,14.8
DEG_PER_STRI,5/3/24,0,42.2,54.4,66.6,44.1,0.3,12.36
DEG_PER_STRI,5/4/24,0,51.4,62.8,74.2,47,2.69,17.82
DEG_PER_STRI,5/5/24,0.41,47.1,56.4,65.7,44.9,0.62,10.88
DEG_PER_STRI,5/6/24,0.01,48.2,51.8,55.4,50.2,0.49,2.33
DEG_PER_STRI,5/7/24,0,35.9,52,68,41.2,0.17,15.33
DEG_PER_STRI,5/8/24,0.3,47.1,59.7,72.2,43.5,0.28,19.66
DEG_PER_STRI,5/9/24,0,46.4,60.2,74,47.7,0.45,19.31
DEG_PER_STRI,5/10/24,0.17,46.6,52.5,58.4,43.7,0.25,7.71
DEG_PER_STRI,5/11/24,0.38,45.6,48.1,50.7,46.1,0.19,2.2
DEG_PER_STRI,5/12/24,0.32,44.9,51.2,57.6,44.6,0.44,6.45
DEG_PER_STRI,5/13/24,0,41.1,48.5,55.9,43.6,0.08,5.64
DEG_PER_STRI,5/14/24,0.07,47,56,65.1,49.9,0.46,7.92
DEG_PER_STRI,5/15/24,0.06,55.9,66.1,76.3,53.9,0.24,17.25
DEG_PER_STRI,5/16/24,0.19,52.8,57.8,62.8,56.3,0.04,3.58
DEG_PER_STRI,5/17/24,0.02,51.7,60.7,69.8,54.3,0.18,9.94
DEG_PER_STRI,5/18/24,0.04,56.9,63.9,70.8,53.7,0.61,11.79
DEG_PER_STRI,5/19/24,0.02,56.9,60.6,64.3,58.1,0.43,3.39
DEG_PER_STRI,5/20/24,0,52.8,64.4,76,56.3,0.14,15.1
DEG_PER_STRI,5/21/24,0,58.1,69.9,81.7,59.3,0.7,19.37
DEG_PER_STRI,5/22/24,0.06,59.8,71.9,83.9,57.8,2.43,23.76
DEG_PER_STRI,5/23/24,0.03,60.9,73,85,60.5,1.12,22.9
DEG_PER_STRI,5/24/24,0,46.3,60.5,74.8,48.9,0.4,18.13
DEG_PER_STRI,5/25/24,0,45.5,60.9,76.4,46.5,0.4,19.73
DEG_PER_STRI,5/26/24,0.59,54.2,66.3,78.5,55.4,0.04,19.71
DEG_PER_STRI,5/27/24,0.01,59.6,68,76.5,58.2,0.76,16.45
DEG_PER_STRI,5/28/24,0.14,58.4,65.4,72.4,60.5,1.03,7.66
DEG_PER_STRI,5/29/24,0.16,51.5,59.2,66.8,53.9,0.15,7.99
DEG_PER_STRI,5/30/24,0,40,52.1,64.2,44.7,0.19,10.97
DEG_PER_STRI,5/31/24,0,37.6,49.2,60.8,38.2,0.24,10.59
DEG_PER_STRI,6/1/24,0,42.6,55.5,68.5,39.9,0.61,16.7
DEG_PER_STRI,6/2/24,0,49.4,62.4,75.5,42.7,1.97,21.93
DEG_PER_STRI,6/3/24,0.13,55.7,65.7,75.7,55.8,0.34,15.94
DEG_PER_STRI,6/4/24,0,54.6,64.5,74.3,58.8,0.04,10.75
DEG_PER_STRI,6/5/24,0,58.7,70.2,81.6,58,1.34,21.48
DEG_PER_STRI,6/6/24,0.03,65.3,72.3,79.3,64.8,0.46,12.38
DEG_PER_STRI,6/7/24,1.06,51,62.5,74,59.2,0.2,10.49
DEG_PER_STRI,6/8/24,0.2,52.9,60.4,67.8,52.4,0.62,9.69
DEG_PER_STRI,6/9/24,0.63,51.4,59.9,68.5,50.7,0.18,11.26
DEG_PER_STRI,6/10/24,0.45,51.4,57.9,64.3,51.4,0.32,8.13
DEG_PER_STRI,6/11/24,0,50.1,54.8,59.6,49.7,0.42,5.11
DEG_PER_STRI,6/12/24,0,51.7,55.2,58.7,52,0.36,4.02
DEG_PER_STRI,6/13/24,0,48.7,58.7,68.7,51.3,0.19,10.71
DEG_PER_STRI,6/14/24,0,60.4,71.4,82.4,57.1,2.53,21.98
DEG_PER_STRI,6/15/24,0,51,63.8,76.6,52.3,0.29,18.69
DEG_PER_STRI,6/16/24,0,42.2,56.4,70.6,46.5,0.05,14.12
DEG_PER_STRI,6/17/24,0,54,65.4,76.8,51.6,2.88,18.34
DEG_PER_STRI,6/18/24,0.07,65,76.1,87.1,64.3,1.09,22.65
DEG_PER_STRI,6/19/24,0.03,70.8,79.3,87.8,70.1,1.88,18.61
DEG_PER_STRI,6/20/24,0.02,68.3,78.3,88.3,70.4,1,19.48
DEG_PER_STRI,6/21/24,0,65.2,76.1,87,68.1,0.53,18.85
DEG_PER_STRI,6/22/24,0.1,66.7,76.1,85.6,68.5,0.26,17.43
DEG_PER_STRI,6/23/24,0.41,67.9,76.5,85.2,68.4,0.82,17.69
DEG_PER_STRI,6/24/24,0.76,58.4,70,81.6,64.3,1.16,12.44
DEG_PER_STRI,6/25/24,0.18,52.4,62.6,72.8,53.7,0.26,13.62
DEG_PER_STRI,6/26/24,0,63.5,71.4,79.2,56.7,3.48,21.36
DEG_PER_STRI,6/27/24,0.18,57.9,69.2,80.6,58.8,0.22,22.49
DEG_PER_STRI,6/28/24,0.01,43.9,55.2,66.6,48.7,0.16,11.02
DEG_PER_STRI,6/29/24,0.28,55,64.2,73.4,49.6,0.82,18.07
DEG_PER_STRI,6/30/24,1.29,62.4,67.7,73,67.1,0.64,4.41
DEG_PER_STRI,7/1/24,0.1,54.2,66.2,78.3,57.8,0.4,11.73
DEG_PER_STRI,7/2/24,0,46,57.5,69,51,0.05,10.37
DEG_PER_STRI,7/3/24,0,56.2,66.7,77.3,53.4,2.35,19.3
DEG_PER_STRI,7/4/24,0,66.2,74.1,82,61.4,3.9,17.86
DEG_PER_STRI,7/5/24,0,67.6,76.1,84.5,67.1,0.96,18.25
DEG_PER_STRI,7/6/24,0.02,68.9,75.9,82.8,69.3,0.56,13.07
DEG_PER_STRI,7/7/24,0,58.5,71.9,85.3,63.5,0.59,21.05
DEG_PER_STRI,7/8/24,0,60.2,71,81.7,62,0.26,17.32
DEG_PER_STRI,7/9/24,0,64.4,75.1,85.9,64.3,0.56,23.38
DEG_PER_STRI,7/10/24,0,68.4,77.1,85.8,66.4,1.44,21.56
DEG_PER_STRI,7/11/24,0.7,65.4,77.1,88.9,70.6,0.06,19.3
DEG_PER_STRI,7/12/24,0.02,63.1,68.9,74.7,64.8,0.11,7.37
DEG_PER_STRI,7/13/24,0,62.8,72.1,81.3,64.3,0.17,16.08
DEG_PER_STRI,7/14/24,0,57,69.6,82.1,62.3,0.22,17.16
DEG_PER_STRI,7/15/24,0,63.9,74.7,85.5,62,1.45,25.3
DEG_PER_STRI,7/16/24,0.86,62.6,75,87.4,66.5,0.22,20.69
DEG_PER_STRI,7/17/24,0.03,63,74.6,86.1,66.3,0.2,16.6
DEG_PER_STRI,7/18/24,0.01,57.6,68.2,78.9,65,0,9.93
DEG_PER_STRI,7/19/24,0,50.5,61.3,72,54.3,0.05,11.72
DEG_PER_STRI,7/20/24,0,51.7,63.2,74.6,54.7,0.02,14.83
DEG_PER_STRI,7/21/24,0,53.4,65.9,78.5,56,0.2,18.18
DEG_PER_STRI,7/22/24,0,58,68.3,78.6,60,0.43,15.02
DEG_PER_STRI,7/23/24,0.15,62.8,72.1,81.3,63.1,0.14,18.67
DEG_PER_STRI,7/24/24,0,62.6,71.1,79.6,63.5,0.32,15.24
DEG_PER_STRI,7/25/24,0.99,61.3,70.3,79.2,64.7,0.21,10.22
DEG_PER_STRI,7/26/24,0,52.4,63,73.6,54.4,0.17,14.22
DEG_PER_STRI,7/27/24,0,48.2,61.4,74.7,51,0.21,16.73
DEG_PER_STRI,7/28/24,0,54.1,66.6,79.1,55.5,0.25,18.68
DEG_PER_STRI,7/29/24,0,56.1,69.1,82,57.9,0.22,21.26
DEG_PER_STRI,7/30/24,0,60.8,71.9,82.9,62,0.53,20.83
DEG_PER_STRI,7/31/24,0.11,68.7,75.8,82.8,68.2,1.76,13.7
DEG_PER_STRI,8/1/24,0.1,61.7,70.7,79.7,66.8,0.03,10.04
DEG_PER_STRI,8/2/24,0.04,66,75.8,85.5,66.5,0.69,20.14
DEG_PER_STRI,8/3/24,0.57,65.9,73.3,80.7,67.5,0.18,11.01
DEG_PER_STRI,8/4/24,0.27,66.7,73,79.4,68.2,0.24,11.21
DEG_PER_STRI,8/5/24,0,58.1,70.3,82.6,63.2,0.02,17.05
DEG_PER_STRI,8/6/24,1.3,64.1,72.9,81.7,66.3,0.11,14.98
DEG_PER_STRI,8/7/24,0.07,57.1,63.7,70.3,61.5,0.55,5.36
DEG_PER_STRI,8/8/24,0,60.8,68.2,75.6,59.1,1.55,13.47
DEG_PER_STRI,8/9/24,0.7,62.7,65.9,69,64,0.5,3.7
DEG_PER_STRI,8/10/24,1.14,54.6,64.8,75.1,65.5,0.07,5.24
DEG_PER_STRI,8/11/24,0,50.4,62,73.5,54.2,0,13.35
DEG_PER_STRI,8/12/24,0.06,51,60.9,70.7,54.5,0.05,10.64
DEG_PER_STRI,8/13/24,0.05,54.8,61.6,68.4,55.7,0.31,8.84
DEG_PER_STRI,8/14/24,0,50.3,62.3,74.3,56.1,0,12.83
DEG_PER_STRI,8/15/24,0,51.7,65,78.2,57.5,0,15.69
DEG_PER_STRI,8/16/24,0,52.4,66,79.5,57.3,0.12,18.24
DEG_PER_STRI,8/17/24,0.41,56.3,69.1,81.9,59.8,0.47,21.07
DEG_PER_STRI,8/18/24,0.13,65.9,68.5,71.2,63.9,1.76,4.75
DEG_PER_STRI,8/19/24,0.82,64.3,71.3,78.4,65.4,0.24,10.47
DEG_PER_STRI,8/20/24,0.47,51,58.8,66.7,54.8,0.27,3.07
DEG_PER_STRI,8/21/24,0.12,47.8,54.1,60.5,48.3,0.2,6.53
DEG_PER_STRI,8/22/24,0.74,48.9,55.3,61.6,51.2,0.08,5.95
DEG_PER_STRI,8/23/24,0,45.2,57.3,69.5,50.4,0,12.19
DEG_PER_STRI,8/24/24,0,48.8,61.1,73.4,52.8,0,14.95
DEG_PER_STRI,8/25/24,0,53.1,65.8,78.5,55.9,0.04,18.47
DEG_PER_STRI,8/26/24,0,53.1,65.7,78.3,56.7,0.12,17.62
DEG_PER_STRI,8/27/24,0,54.7,67,79.3,59.1,0.14,15.46
DEG_PER_STRI,8/28/24,0,57.7,70.1,82.5,63.4,0.41,20.8
DEG_PER_STRI,8/29/24,0.02,60,70,80.1,64.4,0.51,11.42
DEG_PER_STRI,8/30/24,0.01,61.3,66.4,71.5,62,0.89,7.33
DEG_PER_STRI,8/31/24,0.05,63.7,65.4,67.1,61.6,1.43,3.25
DEG_PER_STRI,9/1/24,0.13,60.5,65.4,70.4,64.7,0.12,3.29
DEG_PER_STRI,9/2/24,0.18,49.5,64.4,79.3,57.2,0.06,17.19
DEG_PER_STRI,9/3/24,0,39.2,50.7,62.2,45.5,0,8.41
DEG_PER_STRI,9/4/24,0,42.6,55.4,68.3,46.8,0,12.83
DEG_PER_STRI,9/5/24,0,46.6,60.2,73.8,50.6,0.01,15.7
DEG_PER_STRI,9/6/24,0,48.8,61.7,74.6,50,0.38,18.09
DEG_PER_STRI,9/7/24,0.05,55.7,65.9,76.1,57.1,0.92,15.16
DEG_PER_STRI,9/8/24,0.36,43.5,53.9,64.4,48.4,0.4,8.01
DEG_PER_STRI,9/9/24,0.1,43.5,52.6,61.7,42.6,0.19,10.62
DEG_PER_STRI,9/10/24,0.97,50.6,59.1,67.5,53.8,0.15,9.02
DEG_PER_STRI,9/11/24,0,40.9,54.3,67.7,47.1,0,13.31
DEG_PER_STRI,9/12/24,0,46.4,61.8,77.1,52.5,0.04,17.71
DEG_PER_STRI,9/13/24,0,51.4,65.4,79.5,56.7,0,18.38
DEG_PER_STRI,9/14/24,0,52.4,65.6,78.8,57.8,0.06,16.69
DEG_PER_STRI,9/15/24,0,52.9,67.1,81.2,59,0,19.75
DEG_PER_STRI,9/16/24,0,53.6,67.2,80.8,58.7,0,19.48
DEG_PER_STRI,9/17/24,0,50.2,65.1,79.9,56.1,0.07,19.28
DEG_PER_STRI,9/18/24,0,50.2,64.4,78.6,52.1,0.16,23.54
DEG_PER_STRI,9/19/24,0,49.2,60.4,71.6,56.2,0,11.08
DEG_PER_STRI,9/20/24,0,51,65.1,79.1,56.6,0.07,18.68
DEG_PER_STRI,9/21/24,0,52.9,66.2,79.6,56.8,0.09,20.15
DEG_PER_STRI,9/22/24,0,52.1,65.2,78.3,58.3,0,16.5
DEG_PER_STRI,9/23/24,0.02,56.4,65.3,74.3,57.4,0.78,11.72
DEG_PER_STRI,9/24/24,0.13,53.9,55.8,57.7,52.6,0.79,2.55
DEG_PER_STRI,9/25/24,0.06,55,57.8,60.7,52.4,1.27,4.41
DEG_PER_STRI,9/26/24,0.25,55.9,59.2,62.5,57.3,0.2,3.41
DEG_PER_STRI,9/27/24,0.22,49.8,58.5,67.3,59.2,0.03,4.22
DEG_PER_STRI,9/28/24,0,50.3,61.6,72.9,55.4,0,15.29
DEG_PER_STRI,9/29/24,0.12,58.3,65.8,73.2,60,0.27,9.72
DEG_PER_STRI,9/30/24,0.05,57.5,60.7,63.8,58.4,0.2,3.18
DEG_PER_STRI,10/1/24,0,50.8,61.8,72.8,56.2,0,12.17
DEG_PER_STRI,10/2/24,0.02,52,60,68,52.2,0.03,9.84
DEG_PER_STRI,10/3/24,0.15,43.9,51.1,58.2,50.4,0.06,2.73
DEG_PER_STRI,10/4/24,0,42.9,55.5,68.1,47.8,0,12.77
DEG_PER_STRI,10/5/24,0,45.2,59.5,73.9,51.3,0.04,16.1
DEG_PER_STRI,10/6/24,0,36.3,50.1,63.9,43.8,0,10.26
DEG_PER_STRI,10/7/24,0.3,40.4,55.4,70.4,49.2,0.2,14.45
DEG_PER_STRI,10/8/24,0.01,38.5,48.5,58.6,43.7,0.17,6.08
DEG_PER_STRI,10/9/24,0.14,33.5,46.5,59.6,39.9,0,9.55
DEG_PER_STRI,10/10/24,0.24,34.9,45.6,56.4,38.7,0,8.67
DEG_PER_STRI,10/11/24,0,33.9,40.3,46.8,37.3,0.03,3.4
DEG_PER_STRI,10/12/24,0,36.9,50.5,64.1,43.7,0.11,10.8
DEG_PER_STRI,10/13/24,0.21,33.3,45.5,57.7,37.1,0.07,9.74
DEG_PER_STRI,10/14/24,0.27,40.9,42.8,44.7,42.2,0.07,0.84
DEG_PER_STRI,10/15/24,0.39,35.1,40,44.9,37.2,0.06,1.64
DEG_PER_STRI,10/16/24,0.29,36.3,41.2,46,35.7,0.18,3.9
DEG_PER_STRI,10/17/24,0.03,30.6,38.6,46.5,34.2,0,3.75
DEG_PER_STRI,10/18/24,0,30.2,42,53.8,34.5,0.01,7.17
DEG_PER_STRI,10/19/24,0,29,44.9,60.8,36.6,0,10.95
DEG_PER_STRI,10/20/24,0,30,48.5,67.1,35.7,0,15.09
DEG_PER_STRI,10/21/24,0,32.3,51,69.6,38.7,0,16.92
DEG_PER_STRI,10/22/24,0,41.6,58.8,75.9,46.5,0,18.23
DEG_PER_STRI,10/23/24,0,44.3,60.7,77.1,45.7,0.31,22.5
DEG_PER_STRI,10/24/24,0.07,45.8,59.4,73.1,45.7,1.1,17.83
DEG_PER_STRI,10/25/24,0,26,37.9,49.8,32.7,0,5.4
DEG_PER_STRI,10/26/24,0,27,41.1,55.2,37.9,0.01,8.28
DEG_PER_STRI,10/27/24,0.04,26.1,38.8,51.6,32.1,0.04,7.39
DEG_PER_STRI,10/28/24,0,26,37.6,49.1,29.5,0,6.88
DEG_PER_STRI,10/29/24,0,31.8,43.9,55.9,29.9,0.4,9.7
DEG_PER_STRI,10/30/24,0.26,38.6,47.6,56.6,42.3,0.43,6.98
DEG_PER_STRI,10/31/24,0,43.2,59,74.9,49.3,0.06,16.1
DEG_PER_STRI,11/1/24,0.05,47.9,61.7,75.5,54.2,0.53,16.06
DEG_PER_STRI,11/2/24,0,39,50.9,62.8,39.1,1.02,7.91
DEG_PER_STRI,11/3/24,0.02,25,33.3,41.6,30.7,0.08,2.26
DEG_PER_STRI,11/4/24,0,25.7,37.3,48.8,26.6,0.09,7.12
DEG_PER_STRI,11/5/24,0.02,40.2,46.8,53.3,34.5,2.7,7.77
DEG_PER_STRI,11/6/24,0,50.6,62.2,73.8,52.4,1.81,14.76
DEG_PER_STRI,11/7/24,0.06,48.2,57.7,67.2,55.1,0.12,6.16
DEG_PER_STRI,11/8/24,0,31.3,41.6,51.8,38.2,0,5.04
DEG_PER_STRI,11/9/24,0.01,29.4,42.2,55,32.6,0.42,6.98
DEG_PER_STRI,11/10/24,0,27.1,35.6,44.1,24.8,0.48,5.43
DEG_PER_STRI,11/11/24,0.39,36.1,44.3,52.6,38.1,0.28,8.15
DEG_PER_STRI,11/12/24,0.2,34.7,43.3,52,41.4,0.39,3.82
DEG_PER_STRI,11/13/24,0.04,21,30,39,25.7,0.13,3.16
DEG_PER_STRI,11/14/24,0,21,32.7,44.5,20.7,0.12,6.24
DEG_PER_STRI,11/15/24,0,30.8,36,41.3,21.8,1.48,5.02
DEG_PER_STRI,11/16/24,0,33.5,41,48.5,34.7,0.33,4.59
DEG_PER_STRI,11/17/24,0,32.4,40.5,48.6,33,0.22,6.07
DEG_PER_STRI,11/18/24,0.04,33.5,41.9,50.2,36.4,0.18,5.27
DEG_PER_STRI,11/19/24,0,28.4,41.1,53.7,36.1,0.06,6.55
DEG_PER_STRI,11/20/24,0,29.1,40,50.8,37.1,0.05,5.72
DEG_PER_STRI,11/21/24,0.47,32.9,43,53,42.8,0.07,2.87
DEG_PER_STRI,11/22/24,0.92,31.8,35.1,38.3,33.4,0.05,1.04
DEG_PER_STRI,11/23/24,0.53,31.8,34.3,36.8,32.8,0.08,0.95
DEG_PER_STRI,11/24/24,0.25,35.3,37.7,40.1,35.1,0.21,1.53
DEG_PER_STRI,11/25/24,0.16,28.5,34.5,40.5,30.8,0.2,3.05
DEG_PER_STRI,11/26/24,0.47,28.1,36.3,44.6,33.9,0.11,4.42
DEG_PER_STRI,11/27/24,0.11,32.2,39.3,46.4,32.7,0.13,3.65
DEG_PER_STRI,11/28/24,0.31,31.3,36.3,41.4,28.3,0.06,4.12
DEG_PER_STRI,11/29/24,0.26,30.4,32.3,34.3,30.1,0,1.58
DEG_PER_STRI,11/30/24,0.12,23.3,28.3,33.2,22,0.52,1.99
DEG_PER_STRI,12/1/24,0,18.9,23.1,27.4,16.3,0.58,1.66
DEG_PER_STRI,12/2/24,0,20.5,24.2,27.9,17.6,0.62,1.89
DEG_PER_STRI,12/3/24,0.09,24,26.7,29.3,23.5,0.19,1.68
DEG_PER_STRI,12/4/24,0.04,10.4,19.9,29.3,17.5,0.08,2.12
DEG_PER_STRI,12/5/24,0.08,20.5,25.3,30,21.7,0.31,2.12
DEG_PER_STRI,12/6/24,0.22,19.2,25.1,31.1,20.9,0.18,2.2
DEG_PER_STRI,12/7/24,0.01,19.3,22.3,25.2,15.9,0.52,2.05
DEG_PER_STRI,12/8/24,0.14,24.6,30.2,35.8,22.3,0.22,3.08
DEG_PER_STRI,12/9/24,0,31.3,36.1,41,31,0.16,3.18
DEG_PER_STRI,12/10/24,0.55,32.6,36.2,39.9,37.2,0.04,1.5
DEG_PER_STRI,12/11/24,0.29,36.7,42.5,48.3,44.1,0,0.93
DEG_PER_STRI,12/12/24,0.81,28.2,37.3,46.5,32.3,0.15,2.29
DEG_PER_STRI,12/13/24,0,15,21.5,28,8.7,0.81,2.5
DEG_PER_STRI,12/14/24,0,8.2,15.8,23.4,7,0.2,2.32
DEG_PER_STRI,12/15/24,0,8.4,18.7,29,12.2,0.24,2.66
DEG_PER_STRI,12/16/24,0.34,19.5,26.4,33.3,25.3,0.1,2.04
DEG_PER_STRI,12/17/24,0.24,32.9,38.4,43.9,37.5,0.18,1.35
DEG_PER_STRI,12/18/24,0,31.4,38.6,45.8,33.1,0.25,3.56
DEG_PER_STRI,12/19/24,0.27,30.2,34.1,38,31.3,0.11,1.67
DEG_PER_STRI,12/20/24,0,24.9,27.5,30,22.1,0.45,1.79
DEG_PER_STRI,12/21/24,0.22,15.8,22.3,28.9,22,0.14,0.95
DEG_PER_STRI,12/22/24,0.07,-2.1,7.5,17.1,7.3,0.18,0.84
DEG_PER_STRI,12/23/24,0,-11.4,-1,9.4,-4.3,0.09,0.8
DEG_PER_STRI,12/24/24,0.28,-1.7,11.6,25,11.4,0.14,1.84
DEG_PER_STRI,12/25/24,0,22.9,27.2,31.4,24.7,0.21,1.01
DEG_PER_STRI,12/26/24,0,3.2,14.7,26.1,14.2,0.05,1.61
DEG_PER_STRI,12/27/24,0,7.1,16.7,26.3,12.9,0.06,1.59
DEG_PER_STRI,12/28/24,0.01,11,23.9,36.8,25.5,0.12,2.54
DEG_PER_STRI,12/29/24,0.01,33.9,38.3,42.7,37.7,0,1.1
DEG_PER_STRI,12/30/24,0.14,35.5,46.1,56.7,46.7,0.04,3.62
DEG_PER_STRI,12/31/24,0.03,29.1,38,46.8,32.4,0.17,4.38
,,,,,,,,
DEG_VIL,1/1/24,0.02,27.5,30.1,32.7,27.4,0.15,1.25
DEG_VIL,1/2/24,0,24.1,26.8,29.5,21.8,0.34,1.37
DEG_VIL,1/3/24,0,27.3,31.1,34.9,24.7,0.61,2.2
DEG_VIL,1/4/24,0.04,30.5,32.3,34,27.7,0.53,1.6
DEG_VIL,1/5/24,0.02,20.4,26,31.5,17.3,0.59,1.86
DEG_VIL,1/6/24,0,17.9,23.4,29,17.2,0.39,2.07
DEG_VIL,1/7/24,0.71,22,25.4,28.9,23.9,0.16,1.51
DEG_VIL,1/8/24,0.17,26.5,29,31.5,26.3,0.14,0.99
DEG_VIL,1/9/24,0,27.4,31.1,34.7,27.7,0.26,1.55
DEG_VIL,1/10/24,0.72,31.2,38.7,46.1,34.1,0.38,2.55
DEG_VIL,1/11/24,0.03,30.6,35.4,40.3,28.4,0.4,2.98
DEG_VIL,1/12/24,0.16,30,33.1,36.3,29.5,0.22,1.92
DEG_VIL,1/13/24,0.45,29.9,35.8,41.8,30.9,0.2,3.7
DEG_VIL,1/14/24,0.08,27.2,35.2,43.2,22.7,0.28,3.38
DEG_VIL,1/15/24,0.11,8.1,18.3,28.6,6.4,0.44,2.53
DEG_VIL,1/16/24,0.03,7.9,14.8,21.8,6.1,0.33,2.33
DEG_VIL,1/17/24,0.09,6.8,13.6,20.4,9.2,0.33,1.08
DEG_VIL,1/18/24,0,6.3,11.9,17.4,-0.3,0.65,2.12
DEG_VIL,1/19/24,0.02,14.3,18.9,23.5,13.6,0.26,1.71
DEG_VIL,1/20/24,0.03,8.3,15.8,23.2,10.1,0.24,1.04
DEG_VIL,1/21/24,0.06,8.6,11.2,13.8,6.5,0.37,0.77
DEG_VIL,1/22/24,0.02,6.9,14.2,21.5,9.3,0.24,1.49
DEG_VIL,1/23/24,0,7.4,20.2,33.1,15.5,0.23,3.71
DEG_VIL,1/24/24,0.36,30.4,32.8,35.1,30.6,0.15,1.38
DEG_VIL,1/25/24,0.89,33.8,38.5,43.2,35.7,0.12,1.3
DEG_VIL,1/26/24,0.71,36.6,40.6,44.5,39.2,0.13,0.78
DEG_VIL,1/27/24,0.08,33,42.1,51.2,36.8,0.2,2.22
DEG_VIL,1/28/24,0.06,33.3,36.5,39.7,34.9,0.15,1.37
DEG_VIL,1/29/24,0.87,29.3,33.1,37,31.3,0.08,0.79
DEG_VIL,1/30/24,0.02,26.4,28.5,30.7,25.1,0.43,1.09
DEG_VIL,1/31/24,0,26.5,28.4,30.3,25.7,0.53,0.92
DEG_VIL,2/1/24,0,30.5,33.6,36.7,29.7,0.54,1.82
DEG_VIL,2/2/24,0.03,33.6,35,36.3,33.1,0.16,1.16
DEG_VIL,2/3/24,0,26.5,30.9,35.4,27.3,0.3,1.6
DEG_VIL,2/4/24,0,19.9,26.2,32.5,21.8,0.16,1.99
DEG_VIL,2/5/24,0,20.7,29.9,39,24,0.16,4.14
DEG_VIL,2/6/24,0,16.9,26.8,36.7,19.4,0.37,3.44
DEG_VIL,2/7/24,0,17.3,27.7,38.1,19.3,0.22,3.97
DEG_VIL,2/8/24,0,20.6,32,43.4,23.6,0.33,5.62
DEG_VIL,2/9/24,0,28.6,40.6,52.6,25,1.17,9.12
DEG_VIL,2/10/24,0,37.5,47.7,58,35.2,1.22,8.88
DEG_VIL,2/11/24,0.04,33.3,44.4,55.5,36,0.69,5.43
DEG_VIL,2/12/24,0,30.2,33,35.7,26.9,0.87,2.12
DEG_VIL,2/13/24,0,27.2,30.9,34.5,25.4,0.42,2.13
DEG_VIL,2/14/24,0.04,18.8,27.6,36.4,19.8,0.63,3.49
DEG_VIL,2/15/24,0.01,15.1,20.9,26.7,12.3,0.44,2.44
DEG_VIL,2/16/24,0.11,16,25.3,34.5,19.9,0.29,3.1
DEG_VIL,2/17/24,0.22,21.3,26,30.7,18.4,0.22,2.59
DEG_VIL,2/18/24,0.05,13.9,19.9,25.9,12,0.37,1.99
DEG_VIL,2/19/24,0.02,17,22.7,28.4,14.3,0.84,2.23
DEG_VIL,2/20/24,0,5.3,14.9,24.4,6,0.28,2.25
DEG_VIL,2/21/24,0,6.6,21.8,37,13.5,0.29,4.57
DEG_VIL,2/22/24,0.01,23.3,33.3,43.3,22.7,1.1,5.31
DEG_VIL,2/23/24,0.43,31.7,34.2,36.7,32.2,0.2,1.34
DEG_VIL,2/24/24,0,14.4,32.5,50.6,28.2,0.12,6.02
DEG_VIL,2/25/24,0,9.2,15.4,21.6,6,0.25,2.1
DEG_VIL,2/26/24,0.01,11.9,26.7,41.5,16.4,0.39,6.2
DEG_VIL,2/27/24,0.02,30.8,42.2,53.6,29.1,0.93,8.4
DEG_VIL,2/28/24,0.41,40.7,52.6,64.5,41.5,1.08,12.68
DEG_VIL,2/29/24,0.55,20.5,39.2,58,30.8,0.56,3.56
DEG_VIL,3/1/24,0.02,15.9,20.7,25.5,12,0.36,2.33
DEG_VIL,3/2/24,0.2,19.6,33.5,47.4,22,0.48,7.43
DEG_VIL,3/3/24,0.51,36.1,40.8,45.4,40.4,0.06,1.2
DEG_VIL,3/4/24,0,36.9,42.1,47.2,40.1,0.11,2.27
DEG_VIL,3/5/24,0,41.8,53.8,65.9,43.9,0.76,11.1
DEG_VIL,3/6/24,0.05,45,49.1,53.1,45.2,0.34,2.74
DEG_VIL,3/7/24,0.62,36.4,44.9,53.5,44,0.02,1.37
DEG_VIL,3/8/24,0,26.5,37,47.6,32.1,0.13,4.28
DEG_VIL,3/9/24,0,29.7,43.3,56.9,25.9,0.54,11.5
DEG_VIL,3/10/24,1.03,34.1,38.5,42.9,34.7,0.1,3.87
DEG_VIL,3/11/24,0.19,24.7,30.6,36.4,25.8,0.23,1.84
DEG_VIL,3/12/24,0,26.9,33.3,39.7,21.4,0.62,4.82
DEG_VIL,3/13/24,0,31,43,55,31.9,0.5,7.92
DEG_VIL,3/14/24,0,33,50.6,68.2,37,0.4,15.21
DEG_VIL,3/15/24,0.35,34.9,48.9,62.9,36.8,0.24,14.22
DEG_VIL,3/16/24,0.01,33,38.3,43.6,36.7,0.13,1.59
DEG_VIL,3/17/24,0.17,35.2,43.7,52.2,31.2,0.39,8.35
DEG_VIL,3/18/24,0.17,27.7,36.1,44.5,27.6,0.33,5.43
DEG_VIL,3/19/24,0.11,24.7,28.9,33.1,21.4,0.38,2.64
DEG_VIL,3/20/24,0.04,25.9,30.4,34.9,26.3,0.25,2.71
DEG_VIL,3/21/24,0.12,19.7,28.8,38,20.2,0.26,2.69
DEG_VIL,3/22/24,0.01,13.5,19.9,26.4,11.5,0.47,2.39
DEG_VIL,3/23/24,0.82,17.8,24.6,31.3,18.2,0.14,2.61
DEG_VIL,3/24/24,0.19,16.5,23.2,29.9,21,0.13,0.86
DEG_VIL,3/25/24,0,17.2,24.7,32.3,14.4,0.33,3.61
DEG_VIL,3/26/24,0,27.2,39,50.7,21.4,1.62,8.19
DEG_VIL,3/27/24,0,36.4,46.6,56.9,39,1.91,6.08
DEG_VIL,3/28/24,0,34.7,46.1,57.5,37.6,1.11,6.36
DEG_VIL,3/29/24,0,27.4,35,42.5,23.9,0.72,4.95
DEG_VIL,3/30/24,0,29.9,34.2,38.4,24,1.04,3.39
DEG_VIL,3/31/24,0,30.9,38.3,45.7,26.3,1.27,5.94
DEG_VIL,4/1/24,0,30.7,39.2,47.7,29.7,0.49,5.5
DEG_VIL,4/2/24,0,33.6,44.7,55.7,32.9,0.82,7.83
DEG_VIL,4/3/24,0.56,39.6,41.9,44.2,37.8,0.55,3.01
DEG_VIL,4/4/24,1.27,32.4,37.3,42.1,34.6,0.08,1.9
DEG_VIL,4/5/24,0.19,30,33.3,36.6,31.2,0.08,1.34
DEG_VIL,4/6/24,0.27,30.4,33.6,36.8,32.3,0.11,1.44
DEG_VIL,4/7/24,0,31.8,39.2,46.7,31.2,0.41,4.88
DEG_VIL,4/8/24,0,28.4,40.9,53.4,26.6,0.51,9.6
DEG_VIL,4/9/24,0,33.3,46.9,60.5,29.9,0.65,13.67
DEG_VIL,4/10/24,0,43.8,58.9,74,36.9,2.43,22.38
DEG_VIL,4/11/24,0.55,52,57.7,63.4,52,0.39,7.07
DEG_VIL,4/12/24,0.4,53.8,58.6,63.5,55.3,0.81,5.46
DEG_VIL,4/13/24,0.55,35.3,47.6,60,41.6,0.37,6.06
DEG_VIL,4/14/24,0.39,34.2,39,43.8,33.8,0.31,3.17
DEG_VIL,4/15/24,0.05,38,47.4,56.7,41.9,0.18,5.56
DEG_VIL,4/16/24,0,33.9,45.5,57.1,35.7,0.59,8.23
DEG_VIL,4/17/24,0,34.2,47.2,60.2,30.3,1.21,12.07
DEG_VIL,4/18/24,0.29,45.1,51.3,57.5,43.6,0.55,8.9
DEG_VIL,4/19/24,0.32,43.5,48.4,53.2,46,0.14,2.11
DEG_VIL,4/20/24,0.01,41.3,47.3,53.3,43.6,0.61,4.11
DEG_VIL,4/21/24,0,34.6,43.3,52,27.5,1.97,7.82
DEG_VIL,4/22/24,0,29.9,36.5,43.2,25.9,0.72,4.78
DEG_VIL,4/23/24,0,31.7,41.5,51.2,25.4,0.96,8.46
DEG_VIL,4/24/24,0.04,43.7,54.8,65.9,34.9,0.65,16.21
DEG_VIL,4/25/24,0.02,23.2,36.6,50,29.4,0.4,3.37
DEG_VIL,4/26/24,0,23.2,36.4,49.6,18.6,0.55,8.67
DEG_VIL,4/27/24,0,34.8,47.8,60.8,22.5,2.39,14.64
DEG_VIL,4/28/24,0.07,45.2,50.7,56.2,38.9,0.62,9.94
DEG_VIL,4/29/24,0.14,51.8,59.9,67.9,57.5,0.2,7.53
DEG_VIL,4/30/24,0.11,57.2,66.1,75,57.4,0.46,12.67
DEG_VIL,5/1/24,0.1,48.7,62.1,75.4,53.7,0.11,13.72
DEG_VIL,5/2/24,0,51.1,61.5,72,49.3,0.49,15.42
DEG_VIL,5/3/24,0,42.7,54.7,66.7,44.3,0.39,12.39
DEG_VIL,5/4/24,0,51.8,63.6,75.4,47.2,2.73,19.1
DEG_VIL,5/5/24,0.47,47.4,57,66.6,44.8,0.75,11.57
DEG_VIL,5/6/24,0.02,48.3,52.2,56.1,50.4,0.46,2.66
DEG_VIL,5/7/24,0,36.3,52.6,68.8,40.9,0.23,16.26
DEG_VIL,5/8/24,0.32,48.1,60.6,73,43.8,0.31,20.18
DEG_VIL,5/9/24,0,46.5,60.7,74.9,48,0.38,20.08
DEG_VIL,5/10/24,0.18,46.7,52.9,59.1,43.8,0.24,8.12
DEG_VIL,5/11/24,0.38,45.7,48.8,51.8,46.4,0.16,2.73
DEG_VIL,5/12/24,0.31,45,51.8,58.6,44.8,0.43,7.01
DEG_VIL,5/13/24,0,41.1,49.1,57.1,43.8,0.08,6.27
DEG_VIL,5/14/24,0.05,47.8,56.8,65.9,50.2,0.62,8.47
DEG_VIL,5/15/24,0.1,55.9,66.8,77.6,54,0.26,18.64
DEG_VIL,5/16/24,0.23,53.2,58.3,63.3,56.7,0.05,3.79
DEG_VIL,5/17/24,0.02,52.2,61.5,70.8,54.6,0.21,10.82
DEG_VIL,5/18/24,0.01,57.1,64.5,71.9,53.9,0.68,12.69
DEG_VIL,5/19/24,0.03,57.3,61.3,65.3,58.1,0.53,4
DEG_VIL,5/20/24,0,52.8,65,77.2,56.3,0.19,16.14
DEG_VIL,5/21/24,0,59.2,70.8,82.5,59.7,0.96,20.15
DEG_VIL,5/22/24,0.08,61,73,85,58.1,2.67,25.3
DEG_VIL,5/23/24,0.03,61,73.7,86.4,60.6,1.11,24.8
DEG_VIL,5/24/24,0,47.2,61.3,75.4,49.1,0.61,18.64
DEG_VIL,5/25/24,0,45.8,61.3,76.8,46.6,0.48,20.11
DEG_VIL,5/26/24,0.52,54.7,66.8,79,55.5,0.07,20.11
DEG_VIL,5/27/24,0.02,59.6,68.4,77.1,58.1,0.84,17.23
DEG_VIL,5/28/24,0.19,58.4,65.9,73.5,60.5,1.04,8.68
DEG_VIL,5/29/24,0.18,51.8,59.6,67.5,53.9,0.19,8.57
DEG_VIL,5/30/24,0,40.5,52.7,64.9,44.6,0.21,11.87
DEG_VIL,5/31/24,0,38.6,50.2,61.8,38.4,0.43,11.04
DEG_VIL,6/1/24,0,43.6,56.5,69.5,39.7,0.88,17.72
DEG_VIL,6/2/24,0,51.2,63.7,76.2,42.7,2.52,22.88
DEG_VIL,6/3/24,0.14,56.2,66.3,76.3,55.7,0.42,16.84
DEG_VIL,6/4/24,0,55.9,65.7,75.5,58.9,0.24,12.06
DEG_VIL,6/5/24,0,60.8,71.9,83.1,58,2.04,23.24
DEG_VIL,6/6/24,0.03,66,73.5,80.9,64.7,0.78,14.13
DEG_VIL,6/7/24,1.22,53.1,64,74.9,59.4,0.39,10.72
DEG_VIL,6/8/24,0.23,53.4,61.1,68.8,52.5,0.67,10.25
DEG_VIL,6/9/24,0.56,51.6,60.4,69.2,50.6,0.21,11.8
DEG_VIL,6/10/24,0.42,51.4,58.3,65.1,51.2,0.35,8.81
DEG_VIL,6/11/24,0,50.4,54.9,59.3,49.6,0.46,4.92
DEG_VIL,6/12/24,0,51.9,55.5,59,52.1,0.32,4.11
DEG_VIL,6/13/24,0,50.4,59.9,69.4,51.2,0.49,11.25
DEG_VIL,6/14/24,0,62.5,73,83.6,57.1,3.01,23.32
DEG_VIL,6/15/24,0,51.8,64.6,77.4,52.5,0.34,19.53
DEG_VIL,6/16/24,0,43.7,57.3,70.9,46.4,0.26,14.32
DEG_VIL,6/17/24,0,55.3,66.4,77.5,51.4,3.38,19.56
DEG_VIL,6/18/24,0.04,66,77.2,88.4,64.2,1.75,24.59
DEG_VIL,6/19/24,0.02,72.2,80.6,88.9,70.2,2.42,20.08
DEG_VIL,6/20/24,0,68.8,79,89.1,70.4,1.11,20.44
DEG_VIL,6/21/24,0,65.6,76.7,87.9,67.8,0.76,19.97
DEG_VIL,6/22/24,0.07,67.4,76.9,86.4,68.7,0.35,18.19
DEG_VIL,6/23/24,0.45,68.8,77.3,85.8,68.7,1.01,18.21
DEG_VIL,6/24/24,0.73,58.5,70.5,82.5,64.4,1.02,13.31
DEG_VIL,6/25/24,0.16,53.6,63.6,73.6,53.6,0.5,14.48
DEG_VIL,6/26/24,0,64.8,72.4,80,56.5,4.11,22.47
DEG_VIL,6/27/24,0.2,58.5,69.8,81.1,59,0.29,22.86
DEG_VIL,6/28/24,0.01,45.4,56.3,67.2,48.5,0.38,11.42
DEG_VIL,6/29/24,0.3,56.8,65.4,74,49.2,0.9,18.88
DEG_VIL,6/30/24,1.27,62.8,68.3,73.8,67,0.76,5.06
DEG_VIL,7/1/24,0.11,54.4,66.8,79.2,57.8,0.44,12.98
DEG_VIL,7/2/24,0,47.6,58.8,70,51.1,0.32,11.18
DEG_VIL,7/3/24,0,58.1,68.2,78.3,53.3,3.16,20.55
DEG_VIL,7/4/24,0,66.6,74.6,82.7,61.3,4.19,18.83
DEG_VIL,7/5/24,0,68.2,76.7,85.2,67,1.44,19.26
DEG_VIL,7/6/24,0.05,68.6,76.2,83.7,69.3,0.52,14.35
DEG_VIL,7/7/24,0,59.5,72.7,85.9,63.7,0.89,21.93
DEG_VIL,7/8/24,0,61.2,71.9,82.5,61.9,0.5,18.26
DEG_VIL,7/9/24,0,65.2,75.9,86.7,64.2,0.92,24.64
DEG_VIL,7/10/24,0,68.9,77.7,86.6,66.5,1.59,22.7
DEG_VIL,7/11/24,0.91,66.1,77.8,89.6,70.6,0.15,20.56
DEG_VIL,7/12/24,0.02,63.7,69.5,75.4,64.9,0.28,8.18
DEG_VIL,7/13/24,0,64.3,73.3,82.3,64.4,0.51,17.08
DEG_VIL,7/14/24,0,57.4,70,82.5,62.5,0.29,17.74
DEG_VIL,7/15/24,0.01,65.5,75.7,86,62.3,2.25,26.02
DEG_VIL,7/16/24,0.75,63.3,75.6,88,66.6,0.29,21.58
DEG_VIL,7/17/24,0.1,64.7,75.7,86.7,66.6,0.55,17.15
DEG_VIL,7/18/24,0.01,58.8,69.1,79.4,65,0.2,10.61
DEG_VIL,7/19/24,0,51.4,61.9,72.5,54.6,0.15,12.06
DEG_VIL,7/20/24,0,53.1,64.3,75.5,54.7,0.25,15.35
DEG_VIL,7/21/24,0,54.6,67,79.3,56.2,0.4,19.11
DEG_VIL,7/22/24,0,59,69.2,79.4,59.9,0.72,16.21
DEG_VIL,7/23/24,0.15,63.6,73.1,82.7,63,0.26,20.8
DEG_VIL,7/24/24,0,63.4,71.6,79.9,63.8,0.5,15.48
DEG_VIL,7/25/24,0.99,62.2,71.3,80.4,65,0.39,11.4
DEG_VIL,7/26/24,0,53.6,63.9,74.1,54.6,0.43,14.72
DEG_VIL,7/27/24,0,49.5,62.5,75.5,50.9,0.51,17.76
DEG_VIL,7/28/24,0,54.8,67.4,79.9,55.5,0.43,19.68
DEG_VIL,7/29/24,0,57.5,70.4,83.2,58.2,0.58,22.94
DEG_VIL,7/30/24,0,61.7,72.8,84,62.1,0.71,22.31
DEG_VIL,7/31/24,0.17,69.3,76.6,84,68.4,2,15.03
DEG_VIL,8/1/24,0.18,63.2,71.7,80.3,67,0.27,10.71
DEG_VIL,8/2/24,0.04,66.8,76.6,86.3,66.6,0.96,21.04
DEG_VIL,8/3/24,0.34,66,73.8,81.6,67.3,0.25,11.97
DEG_VIL,8/4/24,0.23,66.8,73.5,80.3,68,0.3,12.27
DEG_VIL,8/5/24,0,59.5,71.6,83.6,63.3,0.34,18.45
DEG_VIL,8/6/24,1.14,65.1,73.8,82.4,66.4,0.21,15.87
DEG_VIL,8/7/24,0.07,57,63.8,70.7,61.5,0.55,5.54
DEG_VIL,8/8/24,0,60.8,68.3,75.9,58.9,1.61,14.01
DEG_VIL,8/9/24,0.78,63.2,66.4,69.7,64.1,0.57,4.32
DEG_VIL,8/10/24,1.01,55.4,65.5,75.6,65.6,0.1,5.7
DEG_VIL,8/11/24,0,51.6,63,74.4,54.2,0.23,14.25
DEG_VIL,8/12/24,0.07,52.4,62.1,71.7,54.7,0.25,11.55
DEG_VIL,8/13/24,0.05,55.2,62,68.8,56.2,0.32,8.93
DEG_VIL,8/14/24,0,51.3,63.1,75,56.2,0,13.33
DEG_VIL,8/15/24,0,52.9,66,79,57.7,0.12,16.86
DEG_VIL,8/16/24,0,53.3,66.7,80.2,57.4,0.36,19.06
DEG_VIL,8/17/24,0.23,57.7,70.1,82.5,59.9,0.55,21.8
DEG_VIL,8/18/24,0.12,66,69.1,72.2,64,1.77,5.51
DEG_VIL,8/19/24,0.66,64,71.5,79,65.6,0.24,11.03
DEG_VIL,8/20/24,0.45,50.9,59.2,67.5,55.1,0.29,3.14
DEG_VIL,8/21/24,0.12,48.4,54.9,61.3,48.6,0.28,6.93
DEG_VIL,8/22/24,0.39,50.3,56.2,62,51.5,0.26,6.21
DEG_VIL,8/23/24,0,47.5,58.9,70.3,50.5,0.24,12.96
DEG_VIL,8/24/24,0,49.8,62,74.2,53,0.18,15.62
DEG_VIL,8/25/24,0,54.6,66.7,78.9,56.1,0.24,18.76
DEG_VIL,8/26/24,0,53.8,66.5,79.2,56.9,0.19,18.32
DEG_VIL,8/27/24,0,54.9,67.5,80,59.2,0.18,16.11
DEG_VIL,8/28/24,0,58.2,70.6,83,63.5,0.53,21.48
DEG_VIL,8/29/24,0.01,59.8,70,80.2,64.2,0.58,11.79
DEG_VIL,8/30/24,0.01,61.5,66.8,72,62,0.98,8.01
DEG_VIL,8/31/24,0.02,63.6,65.9,68.1,61.2,1.65,4.08
DEG_VIL,9/1/24,0.14,60.7,66,71.2,64.6,0.15,3.8
DEG_VIL,9/2/24,0.12,50.6,65.3,80,57.1,0.25,18.09
DEG_VIL,9/3/24,0,39.8,51.4,63.1,45.2,0.11,9.04
DEG_VIL,9/4/24,0,43.2,56.1,68.9,46.7,0.02,13.4
DEG_VIL,9/5/24,0,47.9,61.1,74.3,50.3,0.41,16.24
DEG_VIL,9/6/24,0,50.3,62.8,75.4,50,0.82,18.92
DEG_VIL,9/7/24,0.06,56.1,66.5,76.9,56.6,1.22,16.11
DEG_VIL,9/8/24,0.41,43.4,54.2,65.1,48.3,0.43,8.66
DEG_VIL,9/9/24,0.13,44.5,53.4,62.3,42.5,0.66,11.08
DEG_VIL,9/10/24,0.77,51.6,60,68.3,53.6,0.21,9.81
DEG_VIL,9/11/24,0,42.2,55.3,68.3,46.7,0.06,14.12
DEG_VIL,9/12/24,0,47.5,62.4,77.3,52.1,0.28,17.96
DEG_VIL,9/13/24,0,52,66,80,56.5,0.12,18.88
DEG_VIL,9/14/24,0,53,66.3,79.6,57.6,0.09,17.87
DEG_VIL,9/15/24,0,54.1,67.8,81.5,58.9,0.11,20.29
DEG_VIL,9/16/24,0,54.2,67.8,81.3,58.6,0.12,20.04
DEG_VIL,9/17/24,0,51.1,65.9,80.8,56,0.36,19.89
DEG_VIL,9/18/24,0,51.4,65.2,79.1,52.3,0.31,24.01
DEG_VIL,9/19/24,0,50.5,61.4,72.3,55.9,0.1,11.97
DEG_VIL,9/20/24,0,51.3,65.7,80.1,56.5,0.09,20.04
DEG_VIL,9/21/24,0,53.1,66.9,80.6,56.7,0.14,21.71
DEG_VIL,9/22/24,0,52.8,66.3,79.8,57.7,0.34,18.59
DEG_VIL,9/23/24,0.01,56.5,65.9,75.3,56.9,1.13,12.57
DEG_VIL,9/24/24,0.12,53.9,56.1,58.2,52.4,0.83,2.89
DEG_VIL,9/25/24,0.06,55.1,58.4,61.7,52.1,1.43,5.06
DEG_VIL,9/26/24,0.23,56.1,59.6,63.1,57,0.33,4.08
DEG_VIL,9/27/24,0.29,50.6,59,67.4,59,0.04,4.36
DEG_VIL,9/28/24,0,51.5,62.4,73.3,55.1,0.01,15.99
DEG_VIL,9/29/24,0.06,58.5,66.4,74.3,60.1,0.33,10.6
DEG_VIL,9/30/24,0.03,57.3,61.2,65.1,58.2,0.24,3.98
DEG_VIL,10/1/24,0,51.9,62.5,73,55.9,0.09,12.66
DEG_VIL,10/2/24,0.02,53,61,69,52,0.3,10.74
DEG_VIL,10/3/24,0.12,43.9,51.1,58.4,50.2,0.09,3.03
DEG_VIL,10/4/24,0,44,56.1,68.2,47.8,0.05,12.92
DEG_VIL,10/5/24,0.01,45.7,60,74.4,51.4,0.06,16.65
DEG_VIL,10/6/24,0,37.7,51,64.3,44,0.03,10.45
DEG_VIL,10/7/24,0.32,42.3,56.7,71.2,49.3,0.38,15.22
DEG_VIL,10/8/24,0.03,38.9,48.9,58.9,43.8,0.21,6.19
DEG_VIL,10/9/24,0.13,34.6,47.4,60.3,39.9,0.01,10.04
DEG_VIL,10/10/24,0.24,35.9,46.5,57.1,39,0,9.01
DEG_VIL,10/11/24,0,35.7,41.3,46.9,37.7,0.11,3.38
DEG_VIL,10/12/24,0,38.6,51.4,64.1,43.7,0.2,10.76
DEG_VIL,10/13/24,0.22,34.5,46.3,58.1,37.2,0.15,9.94
DEG_VIL,10/14/24,0.3,41,42.8,44.6,42.1,0.09,0.91
DEG_VIL,10/15/24,0.43,35.2,40.2,45.2,37.4,0.07,1.61
DEG_VIL,10/16/24,0.32,36.2,41.6,47,35.7,0.2,4.37
DEG_VIL,10/17/24,0.04,31.5,39.1,46.8,34.4,0.06,3.77
DEG_VIL,10/18/24,0,30.9,42.6,54.2,34.4,0.06,7.38
DEG_VIL,10/19/24,0,31.5,46.4,61.3,36.6,0.07,11.11
DEG_VIL,10/20/24,0,32.1,49.6,67.1,36.1,0.15,14.93
DEG_VIL,10/21/24,0,34.6,52.4,70.3,38.8,0.4,17.53
DEG_VIL,10/22/24,0,43.6,60.2,76.9,46.6,0.47,19.22
DEG_VIL,10/23/24,0,46.3,62.2,78.1,45.9,0.94,23.2
DEG_VIL,10/24/24,0.07,45.6,60.3,74.9,45.9,1.08,19.49
DEG_VIL,10/25/24,0,27.9,39.2,50.5,32.9,0.08,5.59
DEG_VIL,10/26/24,0,29.1,42.4,55.8,38.1,0.13,8.53
DEG_VIL,10/27/24,0.03,26.7,39.7,52.8,31.9,0.12,8.36
DEG_VIL,10/28/24,0,27.7,38.8,49.8,29.7,0.11,7.1
DEG_VIL,10/29/24,0,33.6,45.1,56.7,30.1,0.69,10.11
DEG_VIL,10/30/24,0.22,40.8,48.9,57,42.5,0.74,7.16
DEG_VIL,10/31/24,0,45.5,60.6,75.8,49.8,0.46,16.68
DEG_VIL,11/1/24,0.05,48.8,62.6,76.4,54.4,0.56,16.89
DEG_VIL,11/2/24,0,39.1,50.8,62.4,39.4,0.92,7.67
DEG_VIL,11/3/24,0.03,25.4,33.9,42.4,31.1,0.08,2.48
DEG_VIL,11/4/24,0,26.2,38.1,50.1,26.7,0.09,7.82
DEG_VIL,11/5/24,0.02,40.8,47.8,54.8,34.7,2.67,8.28
DEG_VIL,11/6/24,0,51.4,63.2,75.1,52.7,2,15.81
DEG_VIL,11/7/24,0.05,49,58.6,68.1,55.3,0.18,6.67
DEG_VIL,11/8/24,0,33.7,43.2,52.6,38.6,0.2,5.19
DEG_VIL,11/9/24,0.02,30.3,43.1,55.9,32.8,0.58,7.47
DEG_VIL,11/10/24,0,27.8,36.6,45.3,24.8,0.66,5.89
DEG_VIL,11/11/24,0.38,38,45.8,53.6,38.3,0.41,8.73
DEG_VIL,11/12/24,0.19,35.1,44.2,53.3,41.8,0.38,4.28
DEG_VIL,11/13/24,0.02,21.6,31.1,40.5,26.1,0.15,3.54
DEG_VIL,11/14/24,0,21.7,33.7,45.6,20.9,0.2,6.78
DEG_VIL,11/15/24,0,31.7,37.1,42.4,21.8,1.72,5.45
DEG_VIL,11/16/24,0,33.8,41.6,49.3,34.4,0.43,4.97
DEG_VIL,11/17/24,0,33,41.2,49.4,33.3,0.26,6.25
DEG_VIL,11/18/24,0.04,34.1,42.5,50.8,36.8,0.18,5.51
DEG_VIL,11/19/24,0,28.8,41.7,54.5,36.5,0.06,6.83
DEG_VIL,11/20/24,0,30,40.7,51.4,37.3,0.07,5.9
DEG_VIL,11/21/24,0.51,33.1,43.3,53.5,42.8,0.07,3.32
DEG_VIL,11/22/24,1.1,31.8,35.8,39.7,33.7,0.03,1.42
DEG_VIL,11/23/24,0.53,32.1,34.9,37.7,33.3,0.08,1.09
DEG_VIL,11/24/24,0.18,35.8,38.7,41.6,35.6,0.2,1.93
DEG_VIL,11/25/24,0.49,29.4,35.5,41.7,31.6,0.21,3.27
DEG_VIL,11/26/24,0.42,28.8,37.3,45.8,34.2,0.13,4.74
DEG_VIL,11/27/24,0.11,32.8,40.1,47.5,33.3,0.12,3.83
DEG_VIL,11/28/24,0.3,32,37.5,43,28.4,0.11,4.74
DEG_VIL,11/29/24,0.28,31.2,33.3,35.4,30.4,0.05,1.85
DEG_VIL,11/30/24,0.1,24.4,29.5,34.7,22.3,0.65,2.35
DEG_VIL,12/1/24,0,20.2,24.5,28.7,16.7,0.7,1.87
DEG_VIL,12/2/24,0,22,25.5,29.1,17.8,0.63,2.14
DEG_VIL,12/3/24,0.07,25,27.9,30.8,23.7,0.26,1.99
DEG_VIL,12/4/24,0.08,13.5,22.1,30.7,18,0.19,2.3
DEG_VIL,12/5/24,0.07,23,27.1,31.3,22.1,0.41,2.3
DEG_VIL,12/6/24,0.25,19.4,25.8,32.3,21.4,0.19,2.38
DEG_VIL,12/7/24,0.01,19.4,23,26.6,16.2,0.5,2.28
DEG_VIL,12/8/24,0.12,25.1,31.1,37.1,22.7,0.27,3.35
DEG_VIL,12/9/24,0,32.5,37,41.6,31.3,0.35,3.34
DEG_VIL,12/10/24,0.53,35.2,38.3,41.4,37.4,0.1,1.64
DEG_VIL,12/11/24,0.29,39.5,44.4,49.2,44.3,0.1,1.31
DEG_VIL,12/12/24,0.75,28.5,37.9,47.4,32.5,0.17,2.32
DEG_VIL,12/13/24,0,16,22.4,28.8,9.2,0.9,2.58
DEG_VIL,12/14/24,0,10.6,17.4,24.2,7.4,0.33,2.42
DEG_VIL,12/15/24,0,11.1,20.2,29.3,12.6,0.35,2.7
DEG_VIL,12/16/24,0.3,21.2,27.7,34.2,25.5,0.26,2.23
DEG_VIL,12/17/24,0.22,34,39.5,45.1,37.8,0.31,1.64
DEG_VIL,12/18/24,0,32.7,39.4,46.2,33.5,0.34,3.62
DEG_VIL,12/19/24,0.27,30.2,34.5,38.9,31.7,0.07,1.91
DEG_VIL,12/20/24,0,25.5,28.2,30.8,22.5,0.49,1.88
DEG_VIL,12/21/24,0.22,16.6,23.1,29.6,22.1,0.18,1.06
DEG_VIL,12/22/24,0.08,-0.3,8.9,18.1,7.4,0.21,0.94
DEG_VIL,12/23/24,0,-8.4,0.8,9.9,-4.1,0.13,0.84
DEG_VIL,12/24/24,0.28,0.9,13.4,26,11.7,0.22,1.98
DEG_VIL,12/25/24,0,22.7,27.6,32.4,24.8,0.15,1.23
DEG_VIL,12/26/24,0,6.3,16.9,27.4,14.2,0.11,1.78
DEG_VIL,12/27/24,0,10.5,19.3,28.2,12.9,0.18,1.87
DEG_VIL,12/28/24,0.02,14.9,26.6,38.3,25.6,0.24,2.8
DEG_VIL,12/29/24,0.01,35,39.9,44.9,38,0.04,1.67
DEG_VIL,12/30/24,0.13,37.7,47.8,57.8,47.2,0.1,3.96
DEG_VIL,12/31/24,0.04,31.2,39.7,48.1,32.9,0.42,4.72
,,,,,,,,
DIP_CUR,1/1/24,0.02,28.7,30.9,33,26.4,0.25,1.6
DIP_CUR,1/2/24,0,23.9,26.6,29.2,19.7,0.67,1.52
DIP_CUR,1/3/24,0,27.1,31.5,35.9,21.3,1.33,3.01
DIP_CUR,1/4/24,0.02,30.6,32.1,33.6,24.7,0.99,2.17
DIP_CUR,1/5/24,0.02,20.2,25.7,31.3,14.9,0.93,2.02
DIP_CUR,1/6/24,0,14.2,21.5,28.7,13,0.49,2.36
DIP_CUR,1/7/24,0.57,19.3,23.8,28.3,21.1,0.38,1.53
DIP_CUR,1/8/24,0.15,26.5,28.7,30.9,24.1,0.4,1.16
DIP_CUR,1/9/24,0,25.1,29.9,34.7,25.5,0.4,1.89
DIP_CUR,1/10/24,0.72,30.8,38.9,47,32,0.75,3.07
DIP_CUR,1/11/24,0,30.1,35.1,40.1,26,0.79,3.53
DIP_CUR,1/12/24,0.02,29.9,33.3,36.7,26.3,0.71,2.86
DIP_CUR,1/13/24,0.32,27.4,34.4,41.3,28.5,0.46,4.14
DIP_CUR,1/14/24,0.04,26.7,35.3,43.9,19.7,0.64,4.13
DIP_CUR,1/15/24,0.04,7.3,17.6,28,2.6,0.8,2.59
DIP_CUR,1/16/24,0.04,6.9,13.8,20.7,3.5,0.6,2.33
DIP_CUR,1/17/24,0.11,2.6,10.9,19.3,6.7,0.39,1
DIP_CUR,1/18/24,0,4,10.3,16.6,-4.3,0.71,2.24
DIP_CUR,1/19/24,0.01,9.7,16.4,23,9.9,0.32,1.83
DIP_CUR,1/20/24,0.08,9.2,16,22.7,9.2,0.44,1
DIP_CUR,1/21/24,0.02,9.3,11.6,14,4.9,0.54,0.81
DIP_CUR,1/22/24,0.01,4.1,11.9,19.7,6.3,0.28,1.45
DIP_CUR,1/23/24,0,4.2,18.7,33.3,12.3,0.32,4.08
DIP_CUR,1/24/24,0.25,30.8,32.5,34.2,28.5,0.62,1.6
DIP_CUR,1/25/24,1.05,33.1,38.4,43.7,33.7,0.56,1.57
DIP_CUR,1/26/24,0.53,36.4,40.6,44.8,38,0.43,1.09
DIP_CUR,1/27/24,0.02,33.4,43.7,53.9,35,0.72,3.23
DIP_CUR,1/28/24,0.07,33.5,36.5,39.5,32.5,0.74,1.75
DIP_CUR,1/29/24,0.65,29,33,36.9,28.5,0.57,1.33
DIP_CUR,1/30/24,0,25.5,27.7,29.9,21.6,0.83,1.51
DIP_CUR,1/31/24,0,25.6,27.7,29.9,22.3,0.95,1.43
DIP_CUR,2/1/24,0,29.5,32.4,35.3,26.2,1.07,2.19
DIP_CUR,2/2/24,0.02,32.6,34.6,36.5,30.2,0.68,1.9
DIP_CUR,2/3/24,0,25.9,30.9,35.9,24.7,0.62,2.13
DIP_CUR,2/4/24,0,20.7,26.2,31.7,19.1,0.63,2.22
DIP_CUR,2/5/24,0,22.2,30.5,38.8,20.9,0.5,4.74
DIP_CUR,2/6/24,0,15.7,26.4,37.1,17.4,0.56,3.89
DIP_CUR,2/7/24,0,16,26.9,37.8,17.3,0.36,4.18
DIP_CUR,2/8/24,0,18.3,31.3,44.3,22,0.4,6.06
DIP_CUR,2/9/24,0,27.2,39.7,52.2,23.6,1.18,9.09
DIP_CUR,2/10/24,0,34.7,46.5,58.2,32.6,1.22,9.47
DIP_CUR,2/11/24,0.02,34.6,44.7,54.8,34.2,1.2,5.44
DIP_CUR,2/12/24,0,27.9,32.4,36.8,24.6,0.94,2.74
DIP_CUR,2/13/24,0,25.9,30.3,34.8,22.6,0.81,2.73
DIP_CUR,2/14/24,0.02,18.1,26.9,35.7,17.6,0.85,3.59
DIP_CUR,2/15/24,0,15.6,21.2,26.8,10.6,0.61,2.51
DIP_CUR,2/16/24,0,15.6,25.4,35.2,17.2,0.58,3.45
DIP_CUR,2/17/24,0.18,21.6,26.7,31.9,14.9,0.5,3.55
DIP_CUR,2/18/24,0.08,9.1,16.8,24.5,9.5,0.47,1.88
DIP_CUR,2/19/24,0.01,16.6,22.4,28.2,11.4,1.08,2.57
DIP_CUR,2/20/24,0,3.5,13.6,23.6,3.3,0.43,2.2
DIP_CUR,2/21/24,0,5.3,21,36.7,11.7,0.44,4.57
DIP_CUR,2/22/24,0,21,32.1,43.1,20.3,1.01,5.51
DIP_CUR,2/23/24,0.43,31.1,33.8,36.5,29.7,0.53,1.78
DIP_CUR,2/24/24,0,15.8,33,50.2,26.7,0.39,6.5
DIP_CUR,2/25/24,0,7.9,14.5,21.2,3.7,0.39,2.18
DIP_CUR,2/26/24,0,9.2,25,40.8,14.6,0.4,5.98
DIP_CUR,2/27/24,0,30.7,43,55.2,26.3,1.43,9.97
DIP_CUR,2/28/24,0.12,37.1,50.3,63.6,38.7,1.76,12.93
DIP_CUR,2/29/24,0.28,20,39,57.9,27.8,0.93,4.93
DIP_CUR,3/1/24,0.02,14.9,20.4,25.8,8.4,0.6,2.58
DIP_CUR,3/2/24,0.08,17.4,32.1,46.8,20,0.68,7.36
DIP_CUR,3/3/24,0.31,34.7,39.8,44.9,38.8,0.36,1.31
DIP_CUR,3/4/24,0,34.1,41.2,48.3,38,0.32,3.28
DIP_CUR,3/5/24,0,37.6,51.6,65.5,40.6,0.64,12.86
DIP_CUR,3/6/24,0.11,44.8,48.3,51.7,42.6,1.56,3.05
DIP_CUR,3/7/24,0.62,36.7,45.3,53.9,41.2,1.08,3.04
DIP_CUR,3/8/24,0,23.9,34.3,44.7,30,0.32,3.28
DIP_CUR,3/9/24,0,26.9,41.7,56.5,25.3,0.44,11.27
DIP_CUR,3/10/24,1.07,34.4,37.9,41.5,32.7,0.7,3.96
DIP_CUR,3/11/24,0.2,25.2,31.6,37.9,24.1,0.58,2.73
DIP_CUR,3/12/24,0,28.2,34.1,40.1,19.4,1.21,5.06
DIP_CUR,3/13/24,0,29.8,42.9,56,31,0.53,8.61
DIP_CUR,3/14/24,0,30.1,49.2,68.3,34.2,0.52,16.52
DIP_CUR,3/15/24,0.25,31.9,48.2,64.6,33.6,0.51,16.83
DIP_CUR,3/16/24,0.06,30.5,36.7,42.8,34.3,0.4,1.98
DIP_CUR,3/17/24,0.16,35.6,44.5,53.5,29.2,1.05,9.21
DIP_CUR,3/18/24,0.08,27.9,36.3,44.7,25.7,0.97,5.84
DIP_CUR,3/19/24,0.11,24.5,29.1,33.7,18.8,0.79,2.99
DIP_CUR,3/20/24,0.05,25.1,30.3,35.6,23.1,0.78,3.5
DIP_CUR,3/21/24,0.15,20.3,29.4,38.4,17.3,0.79,3.02
DIP_CUR,3/22/24,0.02,9.5,17.9,26.3,8.4,0.54,2.63
DIP_CUR,3/23/24,0.69,12.7,22.9,33.2,18.1,0.2,2.86
DIP_CUR,3/24/24,0.22,17.7,24.9,32.1,20.5,0.32,0.99
DIP_CUR,3/25/24,0,15.9,23.2,30.4,14.6,0.35,3.05
DIP_CUR,3/26/24,0,24,38.3,52.7,19.6,1.06,9.69
DIP_CUR,3/27/24,0,35.4,46.3,57.2,37.5,2.15,6.99
DIP_CUR,3/28/24,0,35,45.2,55.4,36.8,1.23,5.63
DIP_CUR,3/29/24,0,28.5,35.6,42.7,22.2,1.42,5.23
DIP_CUR,3/30/24,0,30.1,34.4,38.7,22.1,1.58,3.76
DIP_CUR,3/31/24,0,30.9,38.7,46.5,25.2,1.61,6.33
DIP_CUR,4/1/24,0,28.3,38.7,49.2,28.4,0.61,6.44
DIP_CUR,4/2/24,0,33.1,44,55,32.9,0.84,7.26
DIP_CUR,4/3/24,0.85,39,41.4,43.9,37,0.78,2.69
DIP_CUR,4/4/24,1.12,32.8,36.7,40.6,33.3,0.58,1.79
DIP_CUR,4/5/24,0.09,30.4,34.2,38,29.7,0.55,1.78
DIP_CUR,4/6/24,0.24,30.4,33.9,37.4,30.3,0.55,2.1
DIP_CUR,4/7/24,0,30,38.3,46.7,29.7,0.55,5.19
DIP_CUR,4/8/24,0,25.7,39.7,53.6,25.2,0.55,10
DIP_CUR,4/9/24,0,30.6,45.7,60.9,28,0.73,14.12
DIP_CUR,4/10/24,0,39.8,56.8,73.7,34.2,1.58,22.92
DIP_CUR,4/11/24,0.59,51.5,56.7,62,50.3,1.61,6.57
DIP_CUR,4/12/24,0.74,52.8,58.1,63.3,53.4,1.96,6.54
DIP_CUR,4/13/24,0.67,35.8,47.5,59.3,38.9,1.3,6.96
DIP_CUR,4/14/24,0.32,32.6,38.6,44.6,31.7,0.61,4.06
DIP_CUR,4/15/24,0.04,36.7,47.2,57.8,40.6,0.46,6.05
DIP_CUR,4/16/24,0,30.4,44,57.6,35.1,0.51,8.36
DIP_CUR,4/17/24,0,32,46.4,60.7,30.1,0.85,11.96
DIP_CUR,4/18/24,0.3,43.1,49.3,55.5,42.6,0.7,8.15
DIP_CUR,4/19/24,0.22,43.6,47.9,52.2,44.8,0.81,1.85
DIP_CUR,4/20/24,0.01,43,47.8,52.6,42.3,1.05,4.56
DIP_CUR,4/21/24,0,34.8,43.7,52.6,25.6,2.56,8.19
DIP_CUR,4/22/24,0,25.8,34.7,43.5,23,0.67,5.2
DIP_CUR,4/23/24,0,28.3,39.8,51.4,23.9,0.79,8.79
DIP_CUR,4/24/24,0.09,41,53.4,65.8,32.2,1.11,16.74
DIP_CUR,4/25/24,0.09,22.8,37.3,51.8,28.7,0.68,4.43
DIP_CUR,4/26/24,0,20,35.1,50.2,18,0.66,8.76
DIP_CUR,4/27/24,0,31.3,46.1,60.9,22.7,1.68,14.42
DIP_CUR,4/28/24,0.11,45.3,51,56.8,37.2,1.29,10.93
DIP_CUR,4/29/24,0.13,50,60.3,70.6,54.4,1.12,12.33
DIP_CUR,4/30/24,0.03,57.9,67,76.1,55.5,2.28,15.68
DIP_CUR,5/1/24,0.09,47,62.5,78.1,52.6,0.9,19.91
DIP_CUR,5/2/24,0,51.8,62.2,72.5,47.3,1.45,16.61
DIP_CUR,5/3/24,0,40.1,53.9,67.6,42.2,0.83,13.7
DIP_CUR,5/4/24,0,51.5,62.7,74,45.4,2.88,17.89
DIP_CUR,5/5/24,0.19,47.4,57.1,66.9,43.1,1.75,12.08
DIP_CUR,5/6/24,0.07,48.1,51.7,55.4,48.6,1.64,2.89
DIP_CUR,5/7/24,0,33.6,50.9,68.3,41.8,0.51,15.47
DIP_CUR,5/8/24,0.21,44.8,58.9,73,41.5,0.75,21.31
DIP_CUR,5/9/24,0,47.8,61.8,75.7,45.9,1.99,21.56
DIP_CUR,5/10/24,0.17,47.4,53.1,58.8,42.6,1.46,8.33
DIP_CUR,5/11/24,0.35,46.2,48.7,51.1,44.3,1.23,3.22
DIP_CUR,5/12/24,0.25,44.2,51.1,58,42.9,1.09,7.19
DIP_CUR,5/13/24,0,40.6,48.2,55.8,42.1,0.69,5.9
DIP_CUR,5/14/24,0.02,47.2,56.6,66.1,48.5,1.24,9.27
DIP_CUR,5/15/24,0.13,56.4,66.3,76.2,52.4,1.77,18.04
DIP_CUR,5/16/24,0.09,53.6,58.5,63.5,54.6,1.08,5.54
DIP_CUR,5/17/24,0,50.3,60.3,70.3,52.4,0.84,11.52
DIP_CUR,5/18/24,0.13,57,63.9,70.8,52.6,1.65,12.42
DIP_CUR,5/19/24,0.06,57.5,61.1,64.7,56.8,1.83,4.17
DIP_CUR,5/20/24,0,52,64,75.9,54.6,0.98,15.77
DIP_CUR,5/21/24,0,58.2,70.2,82.2,58,1.67,20.88
DIP_CUR,5/22/24,0,58.2,71.4,84.6,56,3.11,26.28
DIP_CUR,5/23/24,0.05,61.9,73.7,85.6,59.5,2.33,24.44
DIP_CUR,5/24/24,0,44.7,60.1,75.5,48,1.24,18.81
DIP_CUR,5/25/24,0,44.5,60.7,76.8,46.1,0.93,20.32
DIP_CUR,5/26/24,0.27,54.8,67.2,79.5,54.4,0.67,20.47
DIP_CUR,5/27/24,0.11,59.1,67.8,76.4,57.3,1.08,16.57
DIP_CUR,5/28/24,0.31,59.5,66.1,72.8,59.5,2.93,8.45
DIP_CUR,5/29/24,0.03,52.7,60.5,68.4,52.2,1.28,10.28
DIP_CUR,5/30/24,0,39.4,52.3,65.3,44.1,0.64,10.41
DIP_CUR,5/31/24,0,36.6,49.2,61.7,36.7,0.73,11.26
DIP_CUR,6/1/24,0,40,54.2,68.5,39.1,0.69,16.23
DIP_CUR,6/2/24,0,48.2,62,75.9,42.5,2.02,22.18
DIP_CUR,6/3/24,0.23,55.3,66.4,77.4,55,0.76,17.93
DIP_CUR,6/4/24,0,54.2,64.2,74.2,57.7,0.74,10.91
DIP_CUR,6/5/24,0,57.3,69.8,82.3,57,1.61,22.22
DIP_CUR,6/6/24,0,65.4,72.8,80.2,63.4,2.14,14.39
DIP_CUR,6/7/24,0.53,52.1,63.6,75.1,57.2,1.05,12.78
DIP_CUR,6/8/24,0.16,54.1,62.1,70.2,50.9,1.73,11.63
DIP_CUR,6/9/24,0.46,51.9,60.9,69.8,49.4,1.18,12.91
DIP_CUR,6/10/24,0.34,51.3,59,66.7,49.8,1.29,10.67
DIP_CUR,6/11/24,0,50.9,56.5,62.2,48.2,1.61,6.04
DIP_CUR,6/12/24,0,52.2,55.9,59.6,50.7,1.16,5.01
DIP_CUR,6/13/24,0,48.7,59.2,69.7,50,0.77,11.73
DIP_CUR,6/14/24,0,59.3,71.1,82.9,55.7,2.71,23.05
DIP_CUR,6/15/24,0,49.7,63.8,77.8,51.2,0.81,19.73
DIP_CUR,6/16/24,0,41.5,56.2,70.8,45,0.61,14.58
DIP_CUR,6/17/24,0,53.2,65.4,77.6,50.8,2.66,19.6
DIP_CUR,6/18/24,0.48,64.2,76.1,87.9,63.2,1.75,24.53
DIP_CUR,6/19/24,0.28,69.4,79,88.6,69.1,2.13,21.2
DIP_CUR,6/20/24,0,69.4,79.4,89.3,68.8,3.26,21.42
DIP_CUR,6/21/24,0,66.5,77.6,88.6,68.3,1.71,20.56
DIP_CUR,6/22/24,0,65.8,76.2,86.6,67.3,1.21,19.52
DIP_CUR,6/23/24,0.28,68,77.5,86.9,67.1,2.03,20.83
DIP_CUR,6/24/24,0.2,58.5,70.2,81.9,63,2.51,13.23
DIP_CUR,6/25/24,0,50.9,62.4,73.9,51.7,0.84,15.92
DIP_CUR,6/26/24,0,61.2,70.9,80.6,55.4,2.79,24.25
DIP_CUR,6/27/24,0.4,58.2,70.2,82.1,58.2,1.1,23.68
DIP_CUR,6/28/24,0,43.6,55.7,67.8,47.7,0.64,11.8
DIP_CUR,6/29/24,0.19,53.5,64.1,74.7,49.5,1.02,18.99
DIP_CUR,6/30/24,0.84,63.4,68.3,73.2,66.1,1.96,4.73
DIP_CUR,7/1/24,0.11,54.6,66.8,79,57,1.22,12.55
DIP_CUR,7/2/24,0,45.6,57.7,69.7,49.9,0.5,11.14
DIP_CUR,7/3/24,0,55.4,66.6,77.8,53.8,1.66,19.09
DIP_CUR,7/4/24,0,66.2,74.3,82.4,60.3,5.04,18.56
DIP_CUR,7/5/24,0,67.7,76.4,85,67,1.47,18.4
DIP_CUR,7/6/24,0.05,69.4,76.2,83.1,69.1,1.72,12.94
DIP_CUR,7/7/24,0,58.1,72.1,86.1,63,1.17,22.19
DIP_CUR,7/8/24,0,58.7,70.8,82.9,61.1,0.81,18.42
DIP_CUR,7/9/24,0,64.4,75.6,86.9,63.6,1.4,23.7
DIP_CUR,7/10/24,0,67.2,77.5,87.8,65.8,1.8,24.43
DIP_CUR,7/11/24,0.06,67.1,78.5,89.9,69.3,1.64,21.28
DIP_CUR,7/12/24,0.03,64.5,70.2,76,63.9,1.27,9.16
DIP_CUR,7/13/24,0,62,72.1,82.3,63.1,0.97,18.11
DIP_CUR,7/14/24,0,55.4,69.5,83.7,61.2,0.77,20.57
DIP_CUR,7/15/24,0.11,63.4,75.4,87.3,61.4,1.61,30.03
DIP_CUR,7/16/24,0.69,61.7,74.9,88.2,65.3,0.94,22.25
DIP_CUR,7/17/24,0.11,62.6,74.7,86.7,65,1.17,18.33
DIP_CUR,7/18/24,0.15,61.3,71.2,81.1,65.3,1.02,12.55
DIP_CUR,7/19/24,0,49,61.3,73.7,53.1,0.49,14.06
DIP_CUR,7/20/24,0,50.7,63.4,76.2,53.6,0.57,16.59
DIP_CUR,7/21/24,0,51.8,66.2,80.6,56,0.63,19.47
DIP_CUR,7/22/24,0,58,69.2,80.4,59,0.99,17.73
DIP_CUR,7/23/24,0.39,63.4,72.5,81.5,62.7,0.84,18
DIP_CUR,7/24/24,0,62.2,71.8,81.4,63.1,0.84,16.78
DIP_CUR,7/25/24,2.75,60.7,70.3,79.9,63.7,0.76,11.05
DIP_CUR,7/26/24,0,50.8,62.7,74.5,53.4,0.56,15.65
DIP_CUR,7/27/24,0,47.5,61.6,75.8,50.8,0.57,17.05
DIP_CUR,7/28/24,0,53.1,66.4,79.6,55.2,0.6,18.74
DIP_CUR,7/29/24,0,54.9,68.6,82.4,57.3,0.66,21.48
DIP_CUR,7/30/24,0,59.5,71.6,83.6,62.7,1.01,20.29
DIP_CUR,7/31/24,0.18,69,76.2,83.3,67.8,2.43,14.4
DIP_CUR,8/1/24,0.3,61.1,70.5,79.9,65.9,0.54,10.8
DIP_CUR,8/2/24,0,65.6,76,86.4,66.2,0.98,21.23
DIP_CUR,8/3/24,0.46,67.4,74.2,81,66.9,1.47,11.03
DIP_CUR,8/4/24,1.69,65.7,72.3,78.9,67.2,0.83,11.08
DIP_CUR,8/5/24,0,58.7,71.2,83.6,62.7,0.72,18.99
DIP_CUR,8/6/24,0.43,64.7,74,83.3,65.9,0.86,16.44
DIP_CUR,8/7/24,0.02,59.5,65.1,70.7,61.5,1.56,5.39
DIP_CUR,8/8/24,0,61.4,67.6,73.7,59.1,2.22,10.58
DIP_CUR,8/9/24,0.87,62.9,65.7,68.6,63.1,1.31,3.94
DIP_CUR,8/10/24,1.07,55.1,66.1,77.2,64.4,0.58,7.03
DIP_CUR,8/11/24,0,50.6,62.8,74.9,53.6,0.58,14.69
DIP_CUR,8/12/24,0.13,50.4,61.1,71.9,53.3,0.54,11.81
DIP_CUR,8/13/24,0,54.8,61.3,67.7,55.1,0.8,8.15
DIP_CUR,8/14/24,0,49.8,62.3,74.7,54.7,0.33,13.67
DIP_CUR,8/15/24,0,50.9,64.6,78.3,56.2,0.35,16.2
DIP_CUR,8/16/24,0,52.5,66,79.5,56.4,0.57,19.01
DIP_CUR,8/17/24,0.21,57.6,69.7,81.9,59.9,0.67,19.91
DIP_CUR,8/18/24,0.13,65.9,68.5,71.1,63.4,1.92,4.87
DIP_CUR,8/19/24,0.02,62.1,70.6,79.1,64.4,0.57,11.87
DIP_CUR,8/20/24,0.18,52.3,59.4,66.6,54.8,1.04,3.37
DIP_CUR,8/21/24,0.01,46.4,53.8,61.3,47.3,0.47,7.25
DIP_CUR,8/22/24,0.21,49.1,55.9,62.8,49.6,0.71,7.34
DIP_CUR,8/23/24,0,44.2,56.6,69.1,49.3,0.25,11.85
DIP_CUR,8/24/24,0,48.9,61.5,74.2,51.8,0.46,15.62
DIP_CUR,8/25/24,0,53.8,66.2,78.6,55.3,0.66,18.47
DIP_CUR,8/26/24,0,50.2,64.6,79.1,55.2,0.25,19.36
DIP_CUR,8/27/24,0,52.3,65.9,79.5,57.7,0.38,16.06
DIP_CUR,8/28/24,0.02,57.1,69.9,82.7,63.7,0.47,20.4
DIP_CUR,8/29/24,0,61,71.2,81.4,64.4,1.64,13.12
DIP_CUR,8/30/24,0.08,62.5,67.3,72,61.7,1.61,7.28
DIP_CUR,8/31/24,0.01,63.3,65.1,67,60.7,1.87,3.69
DIP_CUR,9/1/24,0.04,61.6,66.2,70.8,64,0.77,4.24
DIP_CUR,9/2/24,0.03,48.5,64.3,80,56.5,0.53,17.95
DIP_CUR,9/3/24,0,38,50.8,63.7,44.2,0.35,9.85
DIP_CUR,9/4/24,0,42.3,55.3,68.3,45.5,0.36,13
DIP_CUR,9/5/24,0,46.8,60,73.1,49.6,0.59,14.98
DIP_CUR,9/6/24,0,49,62,75.1,49.2,0.87,18.95
DIP_CUR,9/7/24,0,55.7,65.8,75.9,55.7,1.71,15.81
DIP_CUR,9/8/24,0.35,43,54.3,65.6,47.3,1.03,9.25
DIP_CUR,9/9/24,0,43.3,53,62.6,40.9,1.03,11.53
DIP_CUR,9/10/24,0.42,49.3,59,68.6,52.5,0.54,10.74
DIP_CUR,9/11/24,0,42.1,55.3,68.5,46.8,0.34,13.87
DIP_CUR,9/12/24,0,45.6,60.8,76,51.9,0.45,17.1
DIP_CUR,9/13/24,0,51.5,64.9,78.3,55.5,0.53,17.25
DIP_CUR,9/14/24,0,49.2,63.8,78.4,56.1,0.07,16.92
DIP_CUR,9/15/24,0,53.3,67.2,81,56.8,0.47,21.24
DIP_CUR,9/16/24,0,53.9,67.1,80.4,57.3,0.57,19.87
DIP_CUR,9/17/24,0,47.7,63.5,79.2,54.4,0.52,19.25
DIP_CUR,9/18/24,0,47.7,62.4,77.1,50.7,0.45,21.94
DIP_CUR,9/19/24,0,45.8,59,72.1,54.7,0,11.64
DIP_CUR,9/20/24,0,48.2,64,79.8,54.9,0.19,19.42
DIP_CUR,9/21/24,0,51.6,65.5,79.4,55.7,0.29,19.53
DIP_CUR,9/22/24,0.01,52.9,65.6,78.3,57.2,0.75,16.3
DIP_CUR,9/23/24,0.05,56.5,65.2,73.9,56.3,1.23,12.15
DIP_CUR,9/24/24,0.11,53,55.4,57.8,51.7,1.07,2.97
DIP_CUR,9/25/24,0.02,55,58,61,51.6,1.61,4.88
DIP_CUR,9/26/24,0.13,56.6,60,63.4,56.5,1.27,4.35
DIP_CUR,9/27/24,0.07,52.6,60.4,68.3,58.2,0.42,5.47
DIP_CUR,9/28/24,0,54.1,63.1,72,55.4,0.52,14.02
DIP_CUR,9/29/24,0.57,58.8,65.7,72.7,59.2,1.03,9.61
DIP_CUR,9/30/24,0.15,58.1,60.2,62.3,57.6,0.83,2.78
DIP_CUR,10/1/24,0,52.5,62.2,71.9,56.1,0.41,11.25
DIP_CUR,10/2/24,0,54.5,61.6,68.7,52,0.69,10.63
DIP_CUR,10/3/24,0.09,45.3,52,58.8,50.9,0.26,2.38
DIP_CUR,10/4/24,0,45.9,57.3,68.7,47.9,0.37,13.63
DIP_CUR,10/5/24,0.02,46.8,60.5,74.2,51.3,0.39,16.09
DIP_CUR,10/6/24,0,38.5,51.4,64.2,42.9,0.3,10.95
DIP_CUR,10/7/24,0.03,41,56,71,48.8,0.41,15.2
DIP_CUR,10/8/24,0,35,47.3,59.6,42.2,0.19,6.87
DIP_CUR,10/9/24,0.02,33.1,46.8,60.6,38.4,0.18,10.68
DIP_CUR,10/10/24,0.09,35.3,46.6,57.8,38,0.22,9.64
DIP_CUR,10/11/24,0,30.4,38.7,47,35.2,0.08,3.72
DIP_CUR,10/12/24,0,31.4,47.5,63.5,42.5,0.12,10.68
DIP_CUR,10/13/24,0.48,33.5,46.1,58.7,36.9,0.37,10.15
DIP_CUR,10/14/24,0.22,41,43.7,46.4,42.2,0.34,1.15
DIP_CUR,10/15/24,0.14,32.3,39.5,46.8,36.6,0.1,1.63
DIP_CUR,10/16/24,0.15,37.5,42.2,46.9,34.9,0.67,4.66
DIP_CUR,10/17/24,0.02,32,39.2,46.4,33.3,0.34,3.65
DIP_CUR,10/18/24,0,29.6,42,54.4,34,0.19,7.5
DIP_CUR,10/19/24,0,28.7,45.2,61.8,35.4,0.17,11.59
DIP_CUR,10/20/24,0,30.7,48.6,66.4,34.6,0.23,15.17
DIP_CUR,10/21/24,0,32,51.1,70.2,38.2,0.26,17.57
DIP_CUR,10/22/24,0,42.5,59.7,76.9,46.6,0.46,18.99
DIP_CUR,10/23/24,0,45.1,61.4,77.7,45.7,0.61,23.18
DIP_CUR,10/24/24,0.06,46.6,61.1,75.5,45.9,1.22,19.78
DIP_CUR,10/25/24,0,26.3,38.4,50.6,31.8,0.23,5.8
DIP_CUR,10/26/24,0,28.2,42.2,56.1,37.5,0.28,8.74
DIP_CUR,10/27/24,0,25.2,38.9,52.6,32.1,0.22,7.39
DIP_CUR,10/28/24,0,26.8,38.4,50,28,0.24,7.55
DIP_CUR,10/29/24,0,33.3,44.8,56.2,28.7,0.85,10.18
DIP_CUR,10/30/24,0.19,41,49.5,58.1,41.2,1.24,7.86
DIP_CUR,10/31/24,0,42.7,59.4,76.1,48,0.48,17.89
DIP_CUR,11/1/24,0.03,46.8,61.3,75.9,53.1,0.74,17.33
DIP_CUR,11/2/24,0,39.7,52.2,64.7,38.1,1.76,9.26
DIP_CUR,11/3/24,0,22.4,33,43.6,28.2,0.22,3.32
DIP_CUR,11/4/24,0,23.5,37,50.5,25.5,0.15,8.21
DIP_CUR,11/5/24,0,39.7,47.1,54.5,33.1,3.2,8.71
DIP_CUR,11/6/24,0,51.5,63.1,74.7,50.8,3.4,16.47
DIP_CUR,11/7/24,0.03,48.5,58.5,68.4,53.8,0.63,7.96
DIP_CUR,11/8/24,0,29.4,41.4,53.5,36.1,0.14,4.75
DIP_CUR,11/9/24,0.01,25.6,41.3,56.9,31.4,0.2,8.27
DIP_CUR,11/10/24,0,24.9,35,45,24,0.56,5.97
DIP_CUR,11/11/24,0.43,36.3,45.2,54,36.6,0.78,9.46
DIP_CUR,11/12/24,0.11,34.9,44.1,53.3,39.9,0.84,4.86
DIP_CUR,11/13/24,0.02,20.2,30.2,40.2,24.3,0.3,3.8
DIP_CUR,11/14/24,0,20.6,32.8,44.9,19.4,0.3,6.65
DIP_CUR,11/15/24,0,30.6,36.4,42.3,20.9,1.86,5.29
DIP_CUR,11/16/24,0,33.1,41,49,34.5,0.66,4.8
DIP_CUR,11/17/24,0,30.5,39.6,48.8,31.4,0.33,6.37
DIP_CUR,11/18/24,0.01,32.1,41.6,51.1,34.5,0.3,6.43
DIP_CUR,11/19/24,0,26,40.3,54.7,33.7,0.2,7.62
DIP_CUR,11/20/24,0,26.9,39.5,52.2,35.7,0.21,6.83
DIP_CUR,11/21/24,0.41,34.1,43.3,52.6,41.9,0.46,3.11
DIP_CUR,11/22/24,0.68,32.2,35.8,39.4,31.9,0.34,1.85
DIP_CUR,11/23/24,0.42,31.3,33.5,35.8,30.8,0.33,1.15
DIP_CUR,11/24/24,0.25,35,38.1,41.2,33.2,0.47,2.5
DIP_CUR,11/25/24,0,27.5,34.8,42.1,28.8,0.38,4.18
DIP_CUR,11/26/24,0.47,26.8,36.5,46.1,33.3,0.27,5.13
DIP_CUR,11/27/24,0.08,33,40.7,48.3,31.4,0.62,4.03
DIP_CUR,11/28/24,0.28,31.8,37.9,44,27.1,0.35,5.29
DIP_CUR,11/29/24,0.47,30.9,33,35.1,29,0.33,1.92
DIP_CUR,11/30/24,0.03,24.1,29,33.9,20.2,1.02,2.27
DIP_CUR,12/1/24,0,20.5,24,27.6,13.9,1.14,1.96
DIP_CUR,12/2/24,0,20.7,24.5,28.3,15.1,0.82,2.27
DIP_CUR,12/3/24,0.06,23.9,27.1,30.2,21.9,0.43,2.17
DIP_CUR,12/4/24,0.02,9.9,20.1,30.2,14.6,0.45,2.64
DIP_CUR,12/5/24,0.05,22.3,26.4,30.5,19.1,0.75,2.57
DIP_CUR,12/6/24,0.2,19.4,25.3,31.3,17.8,0.61,2.59
DIP_CUR,12/7/24,0.04,20,23.1,26.2,14.1,0.77,2.54
DIP_CUR,12/8/24,0.1,25,31.1,37.1,19.7,0.83,3.9
DIP_CUR,12/9/24,0,31.3,36.6,41.9,29,0.57,4.13
DIP_CUR,12/10/24,0.4,33.5,37.3,41,35.3,0.5,1.65
DIP_CUR,12/11/24,0.26,38.4,43.7,49.1,42.2,0.5,2
DIP_CUR,12/12/24,0.67,28,38,48.1,30.1,0.76,2.66
DIP_CUR,12/13/24,0,14.7,21.4,28.1,5.7,1.11,2.67
DIP_CUR,12/14/24,0,7.1,15.4,23.6,3.9,0.44,2.53
DIP_CUR,12/15/24,0,7.7,18.1,28.5,10.2,0.47,2.7
DIP_CUR,12/16/24,0.21,20.2,27.1,34,23.3,0.61,2.38
DIP_CUR,12/17/24,0.13,33.9,38.7,43.4,35.4,0.85,1.75
DIP_CUR,12/18/24,0,28.9,38.3,47.7,30.6,0.45,4.38
DIP_CUR,12/19/24,0.25,28.7,33.5,38.2,29.1,0.4,2.1
DIP_CUR,12/20/24,0,22.4,26.7,30.9,19.7,0.59,2.35
DIP_CUR,12/21/24,0.28,17.8,23.7,29.7,20.6,0.52,1.21
DIP_CUR,12/22/24,0.05,2.6,10.7,18.8,5.6,0.45,1.11
DIP_CUR,12/23/24,0,-11.8,-1,9.9,-7.2,0.17,0.97
DIP_CUR,12/24/24,0.21,-3.6,10.4,24.4,8.6,0.28,1.96
DIP_CUR,12/25/24,0,23.6,28.1,32.5,23.3,0.64,1.5
DIP_CUR,12/26/24,0,3.7,15.3,26.8,12.5,0.21,1.82
DIP_CUR,12/27/24,0,7,15.4,23.9,10.9,0.21,1.32
DIP_CUR,12/28/24,0.01,12.1,24.7,37.2,24,0.3,2.82
DIP_CUR,12/29/24,0,36.1,39.6,43.2,36,0.47,1.62
DIP_CUR,12/30/24,0.09,36.7,47.2,57.7,44.8,0.41,4.94
DIP_CUR,12/31/24,0.03,29.4,38.2,46.9,29.9,0.89,4.79
,,,,,,,,
DIP_FLE,1/1/24,0.02,27.9,31.1,34.3,27.8,0.13,1.64
DIP_FLE,1/2/24,0,25.1,27.3,29.4,22.4,0.41,1.3
DIP_FLE,1/3/24,0,27.8,32.3,36.8,24.5,0.72,2.76
DIP_FLE,1/4/24,0.02,31.3,33.2,35,27.3,0.55,2.02
DIP_FLE,1/5/24,0,21,26.5,32,17.3,0.57,1.96
DIP_FLE,1/6/24,0,19.7,25,30.3,16.9,0.6,2.3
DIP_FLE,1/7/24,0.58,23,26.3,29.6,24,0.2,1.54
DIP_FLE,1/8/24,0.13,27.4,29.4,31.4,26.6,0.17,0.83
DIP_FLE,1/9/24,0,28.5,32.4,36.2,27.7,0.39,1.89
DIP_FLE,1/10/24,0.48,32.7,39.8,47,34.5,0.45,2.53
DIP_FLE,1/11/24,0.01,30.9,36,41.1,28.2,0.36,3.33
DIP_FLE,1/12/24,0.04,30.3,34,37.6,29.2,0.27,2.49
DIP_FLE,1/13/24,0.3,30,36.3,42.6,31.1,0.16,4.08
DIP_FLE,1/14/24,0.03,27.3,35.4,43.5,22.1,0.3,3.61
DIP_FLE,1/15/24,0.03,9.4,18.9,28.5,6.1,0.62,2.44
DIP_FLE,1/16/24,0.02,9,15.9,22.9,5.8,0.49,2.48
DIP_FLE,1/17/24,0.1,7.6,14.3,21,8.7,0.37,1.2
DIP_FLE,1/18/24,0,7.6,13.2,18.9,-0.5,0.72,2.32
DIP_FLE,1/19/24,0,16.6,20.9,25.3,13.7,0.43,1.81
DIP_FLE,1/20/24,0.08,10.1,17.1,24.1,11.2,0.3,1
DIP_FLE,1/21/24,0.03,10,12.7,15.4,6.9,0.45,0.83
DIP_FLE,1/22/24,0,9.2,15.8,22.4,9.2,0.39,1.7
DIP_FLE,1/23/24,0,10.8,22.5,34.2,15.7,0.38,4.01
DIP_FLE,1/24/24,0.3,30.9,33.4,36,30.6,0.19,1.4
DIP_FLE,1/25/24,0.9,34.3,39.2,44,36.7,0.1,1.44
DIP_FLE,1/26/24,0.64,36.7,41.3,45.9,39.5,0.12,1.1
DIP_FLE,1/27/24,0.1,33.5,43.6,53.7,37.6,0.24,3.11
DIP_FLE,1/28/24,0.09,34,37.6,41.2,35.7,0.09,1.56
DIP_FLE,1/29/24,0.62,29.6,34.2,38.8,31.6,0.06,1.03
DIP_FLE,1/30/24,0,27.4,29.4,31.5,25.6,0.4,1.07
DIP_FLE,1/31/24,0,27.4,29.5,31.7,26.2,0.56,1.06
DIP_FLE,2/1/24,0,30.3,34.1,37.8,30.3,0.5,2.03
DIP_FLE,2/2/24,0.03,34.4,36.2,38.1,33.9,0.19,1.54
DIP_FLE,2/3/24,0,26.5,31.8,37.1,27.9,0.12,1.88
DIP_FLE,2/4/24,0,20.4,27.3,34.1,22.2,0.19,2.32
DIP_FLE,2/5/24,0,22.7,31.2,39.7,25.1,0.17,4
DIP_FLE,2/6/24,0,17.3,27.1,36.9,20.4,0.32,3.3
DIP_FLE,2/7/24,0,18.2,28.1,38.1,20.1,0.23,3.8
DIP_FLE,2/8/24,0,22,33.8,45.7,23.9,0.38,6.52
DIP_FLE,2/9/24,0,31.8,42.5,53.2,25.5,1.89,9.36
DIP_FLE,2/10/24,0,42.1,50.9,59.8,36.7,2.06,9.59
DIP_FLE,2/11/24,0.16,35.5,46,56.6,36.4,1.05,5.88
DIP_FLE,2/12/24,0,28.9,33.1,37.4,27.3,0.67,2.45
DIP_FLE,2/13/24,0,27.9,31.6,35.3,25.6,0.55,2.37
DIP_FLE,2/14/24,0.02,19.1,27.8,36.5,20.5,0.54,3.41
DIP_FLE,2/15/24,0,15.3,22,28.7,13.5,0.4,2.59
DIP_FLE,2/16/24,0,17.9,27,36,20.4,0.43,3.49
DIP_FLE,2/17/24,0.15,21.4,26.8,32.2,18.5,0.22,3.09
DIP_FLE,2/18/24,0.02,15.9,21.2,26.4,12.8,0.39,1.91
DIP_FLE,2/19/24,0,17.7,23.7,29.6,15.2,0.85,2.37
DIP_FLE,2/20/24,0,7.8,16.6,25.4,6.8,0.39,2.3
DIP_FLE,2/21/24,0,11.7,25.3,39,15.2,0.53,5.03
DIP_FLE,2/22/24,0.02,27,36,45,23.4,1.58,5.84
DIP_FLE,2/23/24,0.51,32.6,35.1,37.5,33.3,0.19,1.41
DIP_FLE,2/24/24,0,15.4,33.9,52.5,28.4,0.1,6.69
DIP_FLE,2/25/24,0,10.7,16.3,21.9,7.1,0.34,2.01
DIP_FLE,2/26/24,0,15.4,29.3,43.2,16.6,0.66,6.8
DIP_FLE,2/27/24,0,33.2,44.3,55.3,30.1,1.27,9.21
DIP_FLE,2/28/24,0.23,45,55.1,65.3,42.3,0.91,13
DIP_FLE,2/29/24,0.29,21.1,40.2,59.3,30.9,0.55,4.21
DIP_FLE,3/1/24,0,17.4,23,28.7,11.9,0.47,2.86
DIP_FLE,3/2/24,0.14,20,34.4,48.8,22.4,0.47,8.02
DIP_FLE,3/3/24,0.23,36.3,41.4,46.4,41.1,0.04,1.23
DIP_FLE,3/4/24,0,37.9,43.9,49.8,40.5,0.11,3.15
DIP_FLE,3/5/24,0,42.8,55,67.2,44.6,0.94,12.03
DIP_FLE,3/6/24,0.13,46.8,51.4,56,46.3,0.34,3.67
DIP_FLE,3/7/24,0.59,36.3,45.3,54.3,43.2,0.13,1.33
DIP_FLE,3/8/24,0,28.3,36.7,45.2,31.6,0.22,3.25
DIP_FLE,3/9/24,0,29.7,43.6,57.5,27.5,0.4,11.58
DIP_FLE,3/10/24,0.73,34.8,39.2,43.7,35.3,0.16,4.31
DIP_FLE,3/11/24,0.18,26.1,32.3,38.4,25.9,0.26,2.47
DIP_FLE,3/12/24,0,28.3,35,41.7,22.1,0.88,5.06
DIP_FLE,3/13/24,0,33.3,45.4,57.5,33.4,0.79,9.23
DIP_FLE,3/14/24,0,35.5,52.5,69.6,37.5,0.74,16.16
DIP_FLE,3/15/24,0.31,36.4,49.8,63.3,36.9,0.21,14.28
DIP_FLE,3/16/24,0.01,33.3,38.3,43.2,36.9,0.11,1.54
DIP_FLE,3/17/24,0.09,35.9,45.3,54.7,31.7,0.47,9.41
DIP_FLE,3/18/24,0.03,28.2,37.7,47.2,27.2,0.4,6.51
DIP_FLE,3/19/24,0.07,26.1,30.3,34.5,21.6,0.5,2.97
DIP_FLE,3/20/24,0.03,26.4,31.7,37,26.3,0.25,3.41
DIP_FLE,3/21/24,0.08,21.3,30.5,39.7,20.2,0.28,3.12
DIP_FLE,3/22/24,0,15.9,22.1,28.2,11.9,0.63,2.65
DIP_FLE,3/23/24,0.69,18.9,25.4,32,19.5,0.13,2.67
DIP_FLE,3/24/24,0.11,20.1,24.7,29.3,21.4,0.15,0.9
DIP_FLE,3/25/24,0,19.6,26.2,32.9,14.7,0.48,3.77
DIP_FLE,3/26/24,0,28.5,41,53.6,21.4,1.75,9.77
DIP_FLE,3/27/24,0,37.9,48,58.1,38.4,2.04,7.99
DIP_FLE,3/28/24,0,35.2,47.2,59.2,37.8,1.14,7.38
DIP_FLE,3/29/24,0,27.9,36.2,44.6,23.7,0.89,5.61
DIP_FLE,3/30/24,0,28.8,34.4,40,24.3,1.06,3.93
DIP_FLE,3/31/24,0,32.4,39.9,47.4,27.2,1.37,6.51
DIP_FLE,4/1/24,0,32.4,41,49.5,30.5,0.66,6.2
DIP_FLE,4/2/24,0,36,45.6,55.3,34,0.93,7.31
DIP_FLE,4/3/24,0.74,38.5,41.6,44.6,39.2,0.27,2.31
DIP_FLE,4/4/24,0.97,34.1,38.3,42.4,35.7,0.18,1.77
DIP_FLE,4/5/24,0.11,30.4,34.8,39.3,32.2,0.09,1.58
DIP_FLE,4/6/24,0.13,30.7,34.1,37.6,33,0.1,1.6
DIP_FLE,4/7/24,0,33.9,41.1,48.4,32.2,0.72,5.47
DIP_FLE,4/8/24,0,31.9,42.7,53.4,27.3,1.05,9.65
DIP_FLE,4/9/24,0,36,48.6,61.2,31.3,1.04,13.92
DIP_FLE,4/10/24,0,44.7,60.1,75.5,37.5,2.87,24.8
DIP_FLE,4/11/24,0.38,53.7,59.4,65.1,53,0.43,7.39
DIP_FLE,4/12/24,0.25,52.3,58.9,65.6,56.1,0,6.81
DIP_FLE,4/13/24,0.31,36.6,48.4,60.1,41.5,0.45,6.56
DIP_FLE,4/14/24,0.21,35.8,40.7,45.5,34.5,0.48,3.76
DIP_FLE,4/15/24,0.06,39.2,49.2,59.3,42.9,0.17,6.58
DIP_FLE,4/16/24,0,35.5,47.1,58.7,36.8,0.71,8.81
DIP_FLE,4/17/24,0,36.6,49.2,61.8,31.8,1.46,12.44
DIP_FLE,4/18/24,0.3,44,50.7,57.3,45,0.37,8.58
DIP_FLE,4/19/24,0.16,43.7,50.1,56.5,48.1,0.05,2.93
DIP_FLE,4/20/24,0,41,47.6,54.2,43.8,0.8,4.62
DIP_FLE,4/21/24,0,35.4,44.3,53.3,27.7,2.15,8.29
DIP_FLE,4/22/24,0,30.6,37.3,44.1,26.5,0.82,5
DIP_FLE,4/23/24,0,33.6,43.4,53.2,26,1.21,9.47
DIP_FLE,4/24/24,0.03,43.3,55.2,67.1,35.7,0.8,17.25
DIP_FLE,4/25/24,0.05,23.9,37.9,51.8,29.9,0.32,3.91
DIP_FLE,4/26/24,0,24.1,36.8,49.5,20.1,0.59,8.22
DIP_FLE,4/27/24,0,33.9,48.2,62.4,24,2.41,15.31
DIP_FLE,4/28/24,0.08,46.3,51.8,57.3,40.2,0.92,10.04
DIP_FLE,4/29/24,0.09,52.3,61.2,70.2,58.2,0.15,8.76
DIP_FLE,4/30/24,0.11,55.4,64.9,74.4,57.8,0.08,11.24
DIP_FLE,5/1/24,0.07,50.2,62.2,74.1,54.3,0.28,11.98
DIP_FLE,5/2/24,0,51.6,62.2,72.7,50.6,0.39,15.11
DIP_FLE,5/3/24,0,45.4,57,68.6,45.6,0.69,13.19
DIP_FLE,5/4/24,0,50.5,63.6,76.8,48.8,2.05,19.78
DIP_FLE,5/5/24,0.37,48,57.5,67.1,46.2,0.6,11.34
DIP_FLE,5/6/24,0.02,48.2,52.8,57.3,51.7,0,2.7
DIP_FLE,5/7/24,0,39.7,54.4,69.1,42.6,0.35,15.74
DIP_FLE,5/8/24,0.37,50,61.7,73.3,44.9,0.25,20.45
DIP_FLE,5/9/24,0,47.3,62,76.7,48.6,0.42,21.53
DIP_FLE,5/10/24,0.16,47.2,53.5,59.7,44.9,0.17,8.11
DIP_FLE,5/11/24,0.36,46.7,49.3,51.8,47.4,0.18,2.09
DIP_FLE,5/12/24,0.48,46.1,53.6,61,46.2,0.29,8.56
DIP_FLE,5/13/24,0,45.4,51.6,57.9,45.9,0.42,5.93
DIP_FLE,5/14/24,0.05,50.4,58.8,67.2,51.3,1.12,8.93
DIP_FLE,5/15/24,0,57,68,79,55,0.41,19.95
DIP_FLE,5/16/24,0.09,55.1,60,64.8,57.7,0.08,4.61
DIP_FLE,5/17/24,0,54.8,63.6,72.4,55.8,0.36,11.97
DIP_FLE,5/18/24,0.18,57.9,65.6,73.3,55.4,0.5,13.18
DIP_FLE,5/19/24,0.01,56.7,62.8,68.9,59.5,0.25,5.27
DIP_FLE,5/20/24,0,55.9,66.9,77.8,57.9,0.43,16.6
DIP_FLE,5/21/24,0,61.6,72.8,84,60.9,1.58,21.09
DIP_FLE,5/22/24,0.05,64.4,75.5,86.7,58.9,3.99,27.84
DIP_FLE,5/23/24,0.03,62.4,75,87.5,61.6,1.96,26.01
DIP_FLE,5/24/24,0,50.4,63.9,77.3,49.2,1.42,20.59
DIP_FLE,5/25/24,0,49.2,63.9,78.6,48,1.14,21.89
DIP_FLE,5/26/24,0.47,55.1,68,80.9,57.1,0.02,20.29
DIP_FLE,5/27/24,0,60.8,69.4,77.9,59.2,0.74,17.12
DIP_FLE,5/28/24,0.14,60.5,67.5,74.4,60.9,1.45,9.17
DIP_FLE,5/29/24,0.06,52.9,60.6,68.4,54.8,0.23,8.89
DIP_FLE,5/30/24,0,42.5,53.8,65.2,45.7,0.35,11.34
DIP_FLE,5/31/24,0,42.2,52.3,62.4,39.2,0.99,11.46
DIP_FLE,6/1/24,0,47.4,59.1,70.8,41.1,1.99,18.05
DIP_FLE,6/2/24,0,55,66.1,77.1,44.4,3.72,22.9
DIP_FLE,6/3/24,0.2,57.5,68.1,78.7,56.8,0.34,18.8
DIP_FLE,6/4/24,0,59.1,67.8,76.5,60.2,0.7,12.5
DIP_FLE,6/5/24,0,64.2,74.3,84.3,59.3,2.91,23.99
DIP_FLE,6/6/24,0,66.6,73.5,80.5,66,0.48,12.8
DIP_FLE,6/7/24,0.7,57.4,66.6,75.8,59.3,0.66,12.99
DIP_FLE,6/8/24,0.18,54.5,61.8,69.1,53.2,0.93,10.11
DIP_FLE,6/9/24,0.67,51.8,61.5,71.2,51.4,0.02,13.15
DIP_FLE,6/10/24,0.34,50,58.4,66.8,52.2,0.11,9.6
DIP_FLE,6/11/24,0,50.8,55.8,60.9,50.4,0.25,5.22
DIP_FLE,6/12/24,0,52,56,60,53.1,0,4.31
DIP_FLE,6/13/24,0,53.2,61.8,70.4,52.4,0.77,11.69
DIP_FLE,6/14/24,0,64.4,74.9,85.4,57.6,4.28,25.7
DIP_FLE,6/15/24,0,52.8,65.6,78.5,53.6,0.45,19.63
DIP_FLE,6/16/24,0,47,59.6,72.2,48.4,0.41,14.66
DIP_FLE,6/17/24,0,56.2,67.5,78.7,52.8,3.57,19.56
DIP_FLE,6/18/24,0.25,66.9,77.9,88.9,65.7,1.11,23.81
DIP_FLE,6/19/24,0.06,72.4,81,89.7,71.4,1.83,19.63
DIP_FLE,6/20/24,0,71.5,80.8,90.1,71.4,2.07,20.84
DIP_FLE,6/21/24,0,68.1,78,88,69.2,0.94,19.65
DIP_FLE,6/22/24,0.07,68.2,77.4,86.7,70,0.26,17.25
DIP_FLE,6/23/24,0.8,70.6,78.9,87.2,70.2,1.19,18.39
DIP_FLE,6/24/24,0.37,59.4,70.9,82.5,64.9,0.85,12.67
DIP_FLE,6/25/24,0.02,55.9,65.6,75.3,54.9,0.79,15.87
DIP_FLE,6/26/24,0,65.2,73.4,81.5,58.1,4.06,23.72
DIP_FLE,6/27/24,0.14,58.1,70.4,82.7,60.1,0.12,23.94
DIP_FLE,6/28/24,0,47.7,57.9,68.1,50,0.42,11.6
DIP_FLE,6/29/24,0.27,57.5,66.6,75.7,51.7,0.96,19.59
DIP_FLE,6/30/24,1.3,64.4,68.9,73.4,68.3,0.39,3.94
DIP_FLE,7/1/24,0.04,53.7,66.5,79.3,59.2,0,11.69
DIP_FLE,7/2/24,0,50.2,60,69.9,51.9,0.65,10.72
DIP_FLE,7/3/24,0,56.7,67.6,78.5,55.1,2.62,19.25
DIP_FLE,7/4/24,0,68.1,75.9,83.8,63.3,3.86,18.66
DIP_FLE,7/5/24,0,69.5,77.9,86.3,68.8,1.04,18.92
DIP_FLE,7/6/24,0.02,67.5,76,84.5,70.3,0,14.61
DIP_FLE,7/7/24,0,62.7,74.7,86.7,65.1,1.47,21.81
DIP_FLE,7/8/24,0,63.1,73,82.9,63.7,0.81,17.48
DIP_FLE,7/9/24,0,66.1,77.1,88.2,65.9,0.7,24.8
DIP_FLE,7/10/24,0,70.8,79.3,87.8,68,2.04,22.83
DIP_FLE,7/11/24,0.6,67.1,79,91,71.8,0.12,21.13
DIP_FLE,7/12/24,0.02,64.7,69.9,75.2,66.1,0.28,6.45
DIP_FLE,7/13/24,0,66.1,74.5,82.9,65.9,0.57,16.75
DIP_FLE,7/14/24,0,60.9,72.2,83.4,64.2,0.73,17.5
DIP_FLE,7/15/24,0,67.6,77.6,87.5,64,2.43,26.76
DIP_FLE,7/16/24,0.98,64,76.8,89.6,67.8,0.3,23.03
DIP_FLE,7/17/24,0.06,67.3,77.4,87.4,67.7,1.23,17.37
DIP_FLE,7/18/24,0.02,60.9,70.6,80.3,66.2,0.27,10.78
DIP_FLE,7/19/24,0,54.4,64.2,74,56.2,0.5,12.66
DIP_FLE,7/20/24,0,55.9,66.1,76.3,56.5,0.49,15.48
DIP_FLE,7/21/24,0,57,68.6,80.3,57.9,0.73,18.74
DIP_FLE,7/22/24,0,61.3,70.9,80.5,61.8,0.84,16.42
DIP_FLE,7/23/24,0.17,64.9,73.8,82.7,64.5,0.32,19.74
DIP_FLE,7/24/24,0.01,66.3,74,81.8,65.3,1.23,16.7
DIP_FLE,7/25/24,0.91,62.5,72.1,81.7,66.2,0.22,12.61
DIP_FLE,7/26/24,0,55.2,65.2,75.2,55.5,0.68,15.25
DIP_FLE,7/27/24,0,52.5,64.5,76.4,52.8,1.02,17.39
DIP_FLE,7/28/24,0,57.2,68.6,80.1,56.7,0.91,19.13
DIP_FLE,7/29/24,0,61,72.4,83.7,59.6,1.6,22.62
DIP_FLE,7/30/24,0,65.7,74.9,84.1,63.9,1.48,20.63
DIP_FLE,7/31/24,0.14,69.7,77,84.3,69.5,1.21,14.54
DIP_FLE,8/1/24,0.47,66.4,73.8,81.1,68.1,0.76,11
DIP_FLE,8/2/24,0.01,68.8,78,87.3,68.6,0.97,20.53
DIP_FLE,8/3/24,0.54,68,74.2,80.5,69.3,0.32,9.58
DIP_FLE,8/4/24,0.03,67.9,73.4,79,69.6,0.32,9.05
DIP_FLE,8/5/24,0,63.8,74.4,85,64.7,1.09,19.54
DIP_FLE,8/6/24,1.17,67.6,75.7,83.8,68.2,0.26,15.93
DIP_FLE,8/7/24,0.09,60.5,65.4,70.2,62.7,0.63,4.83
DIP_FLE,8/8/24,0,62.5,69,75.5,60.5,1.67,12.19
DIP_FLE,8/9/24,0.86,66.1,68.6,71.1,66,0.52,4.22
DIP_FLE,8/10/24,1.13,59.3,68.8,78.2,66.2,0.21,6.93
DIP_FLE,8/11/24,0,56.5,66.4,76.3,55.6,1.22,15.61
DIP_FLE,8/12/24,0.21,56.4,64.9,73.4,56.3,0.69,12.09
DIP_FLE,8/13/24,0,58.9,64.3,69.6,57.8,0.83,8.44
DIP_FLE,8/14/24,0,56.2,66.2,76.2,58,0.64,13.69
DIP_FLE,8/15/24,0,57.2,68.5,79.8,59.4,0.72,16.53
DIP_FLE,8/16/24,0,58,69.4,80.9,59.6,0.85,18.8
DIP_FLE,8/17/24,0.23,62.4,73.3,84.3,61.9,0.75,23.34
DIP_FLE,8/18/24,0.21,66.7,69.9,73,66.3,0.89,4.73
DIP_FLE,8/19/24,0.63,65.1,72.7,80.4,66.6,0.25,12.49
DIP_FLE,8/20/24,0.32,54,60.1,66.3,55.8,0.6,2.78
DIP_FLE,8/21/24,0.06,50.5,56.7,63,49.8,0.54,7.55
DIP_FLE,8/22/24,0.11,52.8,58.5,64.2,52.1,0.74,7.62
DIP_FLE,8/23/24,0,51.5,61.4,71.2,52.1,0.61,13.12
DIP_FLE,8/24/24,0,52.6,64.1,75.6,54.5,0.47,16.31
DIP_FLE,8/25/24,0,56.1,67.8,79.5,57.8,0.25,18.68
DIP_FLE,8/26/24,0,57.7,68.7,79.8,58.8,0.56,18.16
DIP_FLE,8/27/24,0,58.8,69.9,80.9,61,0.44,16.4
DIP_FLE,8/28/24,0.03,64.4,74.5,84.7,66,1.6,21.46
DIP_FLE,8/29/24,0,61.5,71.7,82,65.1,0.94,12.88
DIP_FLE,8/30/24,0,63.5,67.8,72.1,62.8,1.02,7.44
DIP_FLE,8/31/24,0,65.6,67.7,69.8,63.4,1.59,4.18
DIP_FLE,9/1/24,0.2,62,68.2,74.4,66.1,0.18,5.1
DIP_FLE,9/2/24,0.06,53.8,68.1,82.4,58.8,0.48,19.77
DIP_FLE,9/3/24,0,44.5,54.9,65.2,46.9,0.45,9.93
DIP_FLE,9/4/24,0,47.5,59,70.4,48.6,0.46,14.02
DIP_FLE,9/5/24,0,51.9,63.9,75.9,51.9,1.13,17.66
DIP_FLE,9/6/24,0,54.5,66.1,77.6,51.6,1.68,20.74
DIP_FLE,9/7/24,0.14,57.2,68.2,79.2,58.5,0.73,17.06
DIP_FLE,9/8/24,0.49,44,55.5,66.9,49.4,0.36,9.68
DIP_FLE,9/9/24,0,46.5,55.7,64.9,44.1,1.15,12.38
DIP_FLE,9/10/24,0.46,54.6,62.8,71,55.1,0.29,11.32
DIP_FLE,9/11/24,0,48.5,59.3,70.2,49.3,0.32,14.52
DIP_FLE,9/12/24,0,51.9,65.4,79,54.8,0.56,18.72
DIP_FLE,9/13/24,0,57.2,69.3,81.5,58.6,0.86,19.66
DIP_FLE,9/14/24,0,56.2,67.8,79.5,59.5,0.15,16.42
DIP_FLE,9/15/24,0,58.3,70,81.8,61,0.44,19.12
DIP_FLE,9/16/24,0,59,70.7,82.4,60.4,0.77,20.62
DIP_FLE,9/17/24,0,54.7,68.1,81.6,57.4,1.15,20.4
DIP_FLE,9/18/24,0,55.9,67.6,79.2,54.2,0.87,23.66
DIP_FLE,9/19/24,0,55.3,64.2,73.1,58,0.44,11.25
DIP_FLE,9/20/24,0,54.6,67.3,79.9,58.7,0.13,18.22
DIP_FLE,9/21/24,0,57.9,69.3,80.8,59.1,0.34,19.87
DIP_FLE,9/22/24,0,59,70.2,81.4,60.5,1.11,19.45
DIP_FLE,9/23/24,0.04,59.7,68.1,76.6,59.6,1.23,12.74
DIP_FLE,9/24/24,0.07,55.9,58.1,60.4,54.7,0.81,2.91
DIP_FLE,9/25/24,0.18,57.2,59.4,61.5,54.4,1.27,4
DIP_FLE,9/26/24,0.2,58.9,61.7,64.4,59.3,0.5,3.57
DIP_FLE,9/27/24,0.1,55.3,62.6,70,60,0.12,5.63
DIP_FLE,9/28/24,0,57.1,65.4,73.7,57.1,0.7,14.98
DIP_FLE,9/29/24,0.91,59.9,66,72.1,62.2,0.08,7.76
DIP_FLE,9/30/24,0.05,56.8,60.5,64.2,60.1,0.03,2.66
DIP_FLE,10/1/24,0,56.5,64.7,73,58.4,0.25,10.78
DIP_FLE,10/2/24,0.02,55.4,62.7,70.1,54.2,0.4,10.72
DIP_FLE,10/3/24,0.23,47.6,53.2,58.8,51.1,0.22,2.81
DIP_FLE,10/4/24,0,50.3,59.8,69.4,49.4,0.32,13.39
DIP_FLE,10/5/24,0.02,50.5,62.8,75.1,52.6,0.25,16.16
DIP_FLE,10/6/24,0,43.4,54.3,65.2,45.6,0.19,10.9
DIP_FLE,10/7/24,0.11,47.7,60.2,72.6,50.9,0.77,15.3
DIP_FLE,10/8/24,0,43.1,51.5,59.9,45.1,0.66,6.37
DIP_FLE,10/9/24,0.04,42.5,52.2,61.8,41.8,0.73,10.57
DIP_FLE,10/10/24,0.08,41.3,50.2,59,40.4,0.63,9.35
DIP_FLE,10/11/24,0,38,43.1,48.3,38.7,0.25,3.52
DIP_FLE,10/12/24,0,40.3,52.7,65,45.3,0.31,10.76
DIP_FLE,10/13/24,0.19,39.2,49.6,60,39.7,0.32,10.2
DIP_FLE,10/14/24,0.31,42.4,44.1,45.9,43.4,0.09,0.74
DIP_FLE,10/15/24,0.32,37.9,41.7,45.5,38.5,0.14,1.86
DIP_FLE,10/16/24,0.18,39.1,44,48.9,37.3,0.34,4.85
DIP_FLE,10/17/24,0.04,35.9,41.4,46.9,35.9,0.32,3.46
DIP_FLE,10/18/24,0,36.6,45.8,54.9,36.8,0.3,7.11
DIP_FLE,10/19/24,0,37.6,49.6,61.6,39.5,0.25,10.58
DIP_FLE,10/20/24,0,39.7,53,66.3,38,0.91,14.09
DIP_FLE,10/21/24,0,41.6,56.2,70.9,40.5,1.55,17.47
DIP_FLE,10/22/24,0,50.8,64.4,78.1,47.7,2.52,19.65
DIP_FLE,10/23/24,0,53.8,66.6,79.4,47.3,3.56,24.34
DIP_FLE,10/24/24,0,46.9,61.7,76.5,46.8,1.34,20.5
DIP_FLE,10/25/24,0,32.5,42.1,51.8,34.4,0.31,5.94
DIP_FLE,10/26/24,0,33.8,45.9,57.9,39.9,0.4,9.25
DIP_FLE,10/27/24,0,31.6,42.4,53.3,33.9,0.48,7.58
DIP_FLE,10/28/24,0,32.4,42.2,52.1,31.1,0.48,7.89
DIP_FLE,10/29/24,0,39.2,48.6,57.9,31,1.5,10.73
DIP_FLE,10/30/24,0.25,45.7,52.1,58.5,44.9,1.18,6.97
DIP_FLE,10/31/24,0,52.1,64.8,77.5,51.3,2.05,18.02
DIP_FLE,11/1/24,0.03,56.8,67.1,77.4,55.1,1.99,17.53
DIP_FLE,11/2/24,0,39,50.7,62.5,39.7,0.91,7.66
DIP_FLE,11/3/24,0,27.4,35.6,43.7,31.5,0.13,2.95
DIP_FLE,11/4/24,0,29.6,40.1,50.6,27.8,0.18,7.65
DIP_FLE,11/5/24,0.01,42,49.5,56.9,34.5,3.23,9.2
DIP_FLE,11/6/24,0,53.5,65.3,77.1,53.2,3.02,18.08
DIP_FLE,11/7/24,0.02,51.1,60.3,69.4,56.1,0.56,7.39
DIP_FLE,11/8/24,0,37.5,45.3,53.1,39.8,0.55,4.92
DIP_FLE,11/9/24,0,31,44.1,57.1,33,0.8,8.21
DIP_FLE,11/10/24,0,29.5,37.8,46,26.2,0.76,5.86
DIP_FLE,11/11/24,0.46,42.1,48.3,54.5,39,0.49,9.15
DIP_FLE,11/12/24,0.08,35.3,45,54.7,41.7,0.44,5.03
DIP_FLE,11/13/24,0.01,22.3,31.8,41.4,26.8,0.17,3.74
DIP_FLE,11/14/24,0,23.8,34.7,45.6,21.6,0.28,6.65
DIP_FLE,11/15/24,0,34.7,39.2,43.7,23.9,1.66,5.49
DIP_FLE,11/16/24,0,36.3,42.1,47.9,36.5,0.65,3.83
DIP_FLE,11/17/24,0,29.9,40.1,50.3,33.3,0.05,6.63
DIP_FLE,11/18/24,0.02,30.5,40.6,50.8,37.5,0.08,5.17
DIP_FLE,11/19/24,0,30.1,43,55.9,36.9,0.08,7.57
DIP_FLE,11/20/24,0,32.7,42.4,52.1,38.6,0.1,5.96
DIP_FLE,11/21/24,0.47,34.9,44.6,54.4,43.9,0.17,2.85
DIP_FLE,11/22/24,0.75,32.2,37.1,42.1,34.5,0.03,2.36
DIP_FLE,11/23/24,0.41,31.2,35.2,39.1,33.7,0.03,1.16
DIP_FLE,11/24/24,0.02,36.6,40,43.5,36.4,0.19,2.41
DIP_FLE,11/25/24,0,30.4,36.9,43.4,31.8,0.28,3.94
DIP_FLE,11/26/24,0.46,30.3,38.5,46.7,35.6,0.18,4.68
DIP_FLE,11/27/24,0.02,33.4,41.2,49,33.1,0.37,4.16
DIP_FLE,11/28/24,0.31,32.8,38.7,44.6,29.2,0.19,5.11
DIP_FLE,11/29/24,0.17,32.3,34.7,37.1,30.8,0.09,2.1
DIP_FLE,11/30/24,0.02,26,31.1,36.1,22.9,0.68,2.71
DIP_FLE,12/1/24,0,22.9,26.2,29.6,16.8,1.04,2.01
DIP_FLE,12/2/24,0,23.5,26.7,30,18.5,0.73,2.29
DIP_FLE,12/3/24,0.05,26.3,29.3,32.3,24.8,0.26,2.22
DIP_FLE,12/4/24,0.02,19.3,25.7,32.2,19,0.39,2.83
DIP_FLE,12/5/24,0.03,26,28.6,31.3,22.4,0.49,2.23
DIP_FLE,12/6/24,0.11,21.5,27.2,33,21.5,0.31,2.31
DIP_FLE,12/7/24,0,21.1,24.8,28.6,16.9,0.66,2.73
DIP_FLE,12/8/24,0.04,26.4,31.8,37.2,23.2,0.38,3.26
DIP_FLE,12/9/24,0,33.9,38.4,43,32.2,0.48,3.64
DIP_FLE,12/10/24,0.37,36,39.8,43.6,39.3,0.1,1.67
DIP_FLE,12/11/24,0.19,42.3,46.7,51,45.7,0.23,1.79
DIP_FLE,12/12/24,0.62,28.5,38.2,48,32.1,0.19,2.58
DIP_FLE,12/13/24,0,15.6,22.1,28.6,9.2,0.76,2.6
DIP_FLE,12/14/24,0,10,17.3,24.6,7.7,0.29,2.51
DIP_FLE,12/15/24,0,10.8,20.6,30.4,13.2,0.32,2.92
DIP_FLE,12/16/24,0.22,22.2,28.4,34.7,26.2,0.26,2.02
DIP_FLE,12/17/24,0.14,34.7,39,43.4,38.2,0.31,1.15
DIP_FLE,12/18/24,0,31.3,39.4,47.5,33.7,0.24,3.94
DIP_FLE,12/19/24,0.26,30.2,34.7,39.1,31.7,0.09,1.94
DIP_FLE,12/20/24,0,27.1,29.3,31.6,22.2,0.7,2.17
DIP_FLE,12/21/24,0.24,19.5,25.3,31.1,22.8,0.25,1.27
DIP_FLE,12/22/24,0.03,5.1,12.5,19.8,8.4,0.32,1.06
DIP_FLE,12/23/24,0,-3.4,4.3,12,-1.7,0.19,0.98
DIP_FLE,12/24/24,0.14,2.5,14.4,26.3,12.9,0.25,1.88
DIP_FLE,12/25/24,0,25.3,29.2,33,26,0.41,1.17
DIP_FLE,12/26/24,0,17.1,22.9,28.8,17.5,0.31,1.75
DIP_FLE,12/27/24,0,16,21.6,27.3,16.1,0.3,1.52
DIP_FLE,12/28/24,0,18.5,28.7,39,26.8,0.3,2.89
DIP_FLE,12/29/24,0,37,42.1,47.2,38.8,0.11,2.24
DIP_FLE,12/30/24,0.04,39.3,49.1,58.8,47.4,0.11,4.34
DIP_FLE,12/31/24,0.02,32.9,40.2,47.6,32.9,0.7,4.58
,,,,,,,,
DIP_PAT,1/1/24,0,26.9,30.8,34.6,28.5,0.12,1.51
DIP_PAT,1/2/24,0,25.9,27.5,29.2,22.7,0.63,1.29
DIP_PAT,1/3/24,0,28.9,32.8,36.8,25.7,0.72,2.57
DIP_PAT,1/4/24,0,31.5,33.6,35.6,28.8,0.49,1.85
DIP_PAT,1/5/24,0.03,22.7,27.3,31.8,17.9,0.69,2
DIP_PAT,1/6/24,0,26.4,28.2,30.1,19.5,1.3,2.04
DIP_PAT,1/7/24,0.64,26.9,29,31,25.4,0.25,1.69
DIP_PAT,1/8/24,0.09,27.6,29.5,31.4,27.3,0.17,0.84
DIP_PAT,1/9/24,0,29.6,33.1,36.7,28.6,0.44,1.88
DIP_PAT,1/10/24,0.14,34.1,41.1,48,35,0.73,2.97
DIP_PAT,1/11/24,0,31.7,36.9,42,28.8,0.58,3.4
DIP_PAT,1/12/24,0.1,31.6,34.6,37.7,30.7,0.31,2.13
DIP_PAT,1/13/24,0.34,32.3,37.4,42.5,32,0.31,3.77
DIP_PAT,1/14/24,0.02,27.3,35,42.8,23.5,0.37,3.34
DIP_PAT,1/15/24,0,12.2,20.2,28.2,7.8,0.75,2.46
DIP_PAT,1/16/24,0,11.5,17.8,24.2,7,0.59,2.63
DIP_PAT,1/17/24,0.08,8.6,14.8,21,9.5,0.38,1.21
DIP_PAT,1/18/24,0,8.9,14.5,20.1,2.6,0.69,2.27
DIP_PAT,1/19/24,0,19.5,22.9,26.2,17.3,0.39,1.68
DIP_PAT,1/20/24,0.03,10.6,16.9,23.2,11.3,0.37,0.93
DIP_PAT,1/21/24,0.04,10.6,13.2,15.8,8.1,0.46,0.79
DIP_PAT,1/22/24,0,12.7,18.7,24.7,11.3,0.5,1.92
DIP_PAT,1/23/24,0,14.1,24.7,35.3,17.9,0.44,4.13
DIP_PAT,1/24/24,0.21,30.5,33.1,35.7,31.8,0.06,1.17
DIP_PAT,1/25/24,0.56,34.6,39,43.4,37.3,0.06,1.29
DIP_PAT,1/26/24,0.82,34.9,38.8,42.8,38.9,0.04,0.55
DIP_PAT,1/27/24,0.09,33.5,40.8,48.2,37.2,0.12,1.44
DIP_PAT,1/28/24,0.05,33.2,38.1,42.9,36.5,0,2.03
DIP_PAT,1/29/24,0.38,30.4,34.7,39.1,32.4,0.02,1.1
DIP_PAT,1/30/24,0,28.1,29.7,31.3,27.1,0.37,0.72
DIP_PAT,1/31/24,0,28,30.4,32.8,27.5,0.55,1.15
DIP_PAT,2/1/24,0,30.6,35.7,40.8,32.3,0.34,2.43
DIP_PAT,2/2/24,0.03,35.5,36.9,38.3,35.3,0.19,1.2
DIP_PAT,2/3/24,0,28.2,32.2,36.1,28.5,0.32,1.49
DIP_PAT,2/4/24,0,20,27.6,35.2,23.1,0,2.51
DIP_PAT,2/5/24,0,21.6,30.9,40.2,26.8,0.06,3.65
DIP_PAT,2/6/24,0,18.9,27.7,36.5,21.2,0.36,3.09
DIP_PAT,2/7/24,0,18.8,28.2,37.5,21.6,0.1,3.43
DIP_PAT,2/8/24,0,22.6,33.1,43.6,26,0.3,5.04
DIP_PAT,2/9/24,0,30.3,42.4,54.5,26.2,1.41,10.01
DIP_PAT,2/10/24,0,41.5,51.4,61.2,38.6,1.83,9.88
DIP_PAT,2/11/24,0,35.7,46.5,57.2,36.4,1.24,6.16
DIP_PAT,2/12/24,0,31.6,34.2,36.9,27.6,0.96,2.35
DIP_PAT,2/13/24,0,27.3,31.7,36,26.3,0.3,2.46
DIP_PAT,2/14/24,0.02,19,28.6,38.2,21.1,0.51,3.75
DIP_PAT,2/15/24,0,17.7,23.2,28.7,14.1,0.56,2.54
DIP_PAT,2/16/24,0.13,20.9,28.3,35.6,21.8,0.52,3.05
DIP_PAT,2/17/24,0.16,19.7,25.1,30.5,20.3,0.14,2.05
DIP_PAT,2/18/24,0.03,16.3,21.1,26,12.7,0.41,2.08
DIP_PAT,2/19/24,0,17.9,24.1,30.3,15.9,0.81,2.28
DIP_PAT,2/20/24,0,8.6,17.5,26.4,7.6,0.4,2.51
DIP_PAT,2/21/24,0,12.4,25.8,39.3,15.4,0.57,5.11
DIP_PAT,2/22/24,0,27.4,36.6,45.7,24.2,1.7,6.01
DIP_PAT,2/23/24,0.16,32.1,35.3,38.5,34.3,0.09,1.65
DIP_PAT,2/24/24,0,13.9,33.7,53.5,27.5,0.11,7.07
DIP_PAT,2/25/24,0,13.1,17.2,21.4,7.5,0.64,1.96
DIP_PAT,2/26/24,0,17.6,31.6,45.7,17.1,0.9,7.9
DIP_PAT,2/27/24,0,32.6,42.4,52.1,30.8,1.09,6.99
DIP_PAT,2/28/24,0.13,44.8,55.9,67,42.2,1.4,14.23
DIP_PAT,2/29/24,0.39,20.5,40.5,60.5,30.6,0.56,4.94
DIP_PAT,3/1/24,0,18.9,23.3,27.6,13.2,0.5,2.75
DIP_PAT,3/2/24,0.07,22.1,36.1,50.1,23.6,0.59,8.34
DIP_PAT,3/3/24,0.29,37.9,42.6,47.4,41.4,0.08,1.53
DIP_PAT,3/4/24,0,36.8,44.4,52,41,0.08,3.85
DIP_PAT,3/5/24,0,41.9,55.1,68.3,45.5,0.75,12.31
DIP_PAT,3/6/24,0.07,47.7,53.4,59,47,0.51,4.86
DIP_PAT,3/7/24,0.86,37.4,45,52.7,42.8,0.15,1.19
DIP_PAT,3/8/24,0,28.3,38.2,48.2,31.2,0.27,4.95
DIP_PAT,3/9/24,0,30.2,44.4,58.6,29.3,0.47,11.73
DIP_PAT,3/10/24,0.74,37,41.5,45.9,36.7,0.31,4.92
DIP_PAT,3/11/24,0.25,26.9,32.8,38.8,26.3,0.32,2.46
DIP_PAT,3/12/24,0,29.2,36.3,43.4,23.1,0.82,5.59
DIP_PAT,3/13/24,0,31.8,45.8,59.9,34.6,0.6,10.89
DIP_PAT,3/14/24,0,35.9,53.4,70.9,38.5,0.69,16.77
DIP_PAT,3/15/24,0.17,35.5,48.6,61.6,39.2,0.24,11.76
DIP_PAT,3/16/24,0,35.6,42.1,48.7,37.3,0.29,3.99
DIP_PAT,3/17/24,0.06,36.9,45.4,53.9,33.1,0.49,8.73
DIP_PAT,3/18/24,0.02,29.8,39.4,48.9,27.9,0.45,7.19
DIP_PAT,3/19/24,0.02,28.2,32.3,36.4,22.4,0.62,3.41
DIP_PAT,3/20/24,0.03,27.8,32.6,37.3,27.9,0.24,3.03
DIP_PAT,3/21/24,0.17,22.2,31.2,40.2,20.8,0.27,3.48
DIP_PAT,3/22/24,0,19.1,24.4,29.8,12.3,0.95,3.03
DIP_PAT,3/23/24,0.55,21.5,23.9,26.2,18.8,0.24,2.32
DIP_PAT,3/24/24,0.08,18.5,24.1,29.7,20.6,0.22,1.27
DIP_PAT,3/25/24,0,19.3,27.2,35.1,12.3,0.63,4.88
DIP_PAT,3/26/24,0,28.9,41.3,53.7,23.1,1.75,9.47
DIP_PAT,3/27/24,0,39.4,48.9,58.4,38,2.45,8.26
DIP_PAT,3/28/24,0,36,48.2,60.4,37.2,1.78,7.79
DIP_PAT,3/29/24,0,29.9,38.7,47.5,24.3,1.17,6.69
DIP_PAT,3/30/24,0,31.4,36.7,41.9,24.9,1.27,4.87
DIP_PAT,3/31/24,0,33.6,41.3,49,27.6,1.3,7.31
DIP_PAT,4/1/24,0,32.8,41.8,50.7,30.7,0.67,6.77
DIP_PAT,4/2/24,0,36.1,46.3,56.5,33.1,1.05,8.2
DIP_PAT,4/3/24,0.45,40.2,43.4,46.6,39.5,0.37,3.32
DIP_PAT,4/4/24,1.12,34.4,39.8,45.1,36.2,0.21,2.6
DIP_PAT,4/5/24,0.15,31.8,35.3,38.8,32.8,0.16,1.45
DIP_PAT,4/6/24,0.08,32.4,36.1,39.9,33.7,0.23,2.27
DIP_PAT,4/7/24,0,35.8,43.3,50.9,33.3,0.89,6.37
DIP_PAT,4/8/24,0,31.9,43.2,54.4,28,0.88,9.93
DIP_PAT,4/9/24,0,35.5,48.5,61.5,33.2,0.92,13.58
DIP_PAT,4/10/24,0,44,60.1,76.1,39.9,2.11,24.47
DIP_PAT,4/11/24,0.51,54.2,60.9,67.6,52.2,0.48,9.29
DIP_PAT,4/12/24,0.42,52.9,59.9,66.9,56.5,0.13,7.3
DIP_PAT,4/13/24,0.55,38.2,50.4,62.5,42,0.66,7.35
DIP_PAT,4/14/24,0.26,38.1,42.9,47.8,35.2,0.64,4.73
DIP_PAT,4/15/24,0.02,38.8,48.7,58.6,42.6,0.15,6.18
DIP_PAT,4/16/24,0,36.1,48,59.9,36.8,0.75,9.76
DIP_PAT,4/17/24,0,35.7,49.3,62.9,32.8,0.87,13.04
DIP_PAT,4/18/24,0.28,42,49.1,56.2,45.9,0.05,6.95
DIP_PAT,4/19/24,0.07,43.7,51.1,58.6,48.8,0.03,4.05
DIP_PAT,4/20/24,0.04,40.6,48.6,56.7,43.8,0.91,5.23
DIP_PAT,4/21/24,0.02,37.9,46.1,54.4,28.9,2.07,8.55
DIP_PAT,4/22/24,0,32.2,39.3,46.5,28,0.86,5.83
DIP_PAT,4/23/24,0,36.2,45.9,55.6,27.2,1.51,10.67
DIP_PAT,4/24/24,0.08,45.3,57,68.7,37.3,0.6,18.65
DIP_PAT,4/25/24,0,25.6,39,52.5,29.4,0.41,4.24
DIP_PAT,4/26/24,0,24.9,37.3,49.6,20.8,0.5,8.15
DIP_PAT,4/27/24,0,32.9,47.5,62.1,25.9,1.7,15.03
DIP_PAT,4/28/24,0.06,48.4,53.2,58,42,1.3,9.67
DIP_PAT,4/29/24,0.22,53.1,60.7,68.3,58.1,0,7.36
DIP_PAT,4/30/24,0,51.8,61.6,71.5,55,0.35,9.68
DIP_PAT,5/1/24,0.07,50.4,60.9,71.4,53.2,0.07,10.18
DIP_PAT,5/2/24,0,50.1,61.1,72,51.7,0.01,13.6
DIP_PAT,5/3/24,0,45.6,57.1,68.6,46.1,0.55,13.14
DIP_PAT,5/4/24,0,51.6,64.8,78,49.8,2.2,21.1
DIP_PAT,5/5/24,0.38,49.2,58.9,68.7,47.3,0.63,12.2
DIP_PAT,5/6/24,0.05,48.9,54.4,60,52.6,0,3.84
DIP_PAT,5/7/24,0,41.2,56.6,72,41.9,0.55,19.39
DIP_PAT,5/8/24,0.26,51.2,63,74.8,45.7,0.24,21.59
DIP_PAT,5/9/24,0,48.3,62.7,77.1,49.4,0.51,22.14
DIP_PAT,5/10/24,0.03,48.4,55.3,62.2,45,0.46,9.69
DIP_PAT,5/11/24,0.29,47.6,51.4,55.3,48,0.22,4.19
DIP_PAT,5/12/24,0.18,49.2,56.5,63.7,46.8,0.58,10.75
DIP_PAT,5/13/24,0.01,47.7,54.4,61.1,47,0.69,7.61
DIP_PAT,5/14/24,0.02,53.6,60.4,67.2,52,1.34,8.7
DIP_PAT,5/15/24,0,57.1,68.9,80.7,55.6,0.54,22.18
DIP_PAT,5/16/24,0.08,58.6,62.5,66.5,58.7,0.31,5.45
DIP_PAT,5/17/24,0,57.6,66.3,75,57,0.39,14.69
DIP_PAT,5/18/24,0.02,59.6,67.3,75,56.3,0.8,14.45
DIP_PAT,5/19/24,0.05,56.9,64.4,72,59.6,0.35,7.66
DIP_PAT,5/20/24,0,57.8,69.4,81,59.3,0.6,18.98
DIP_PAT,5/21/24,0,62.5,74.4,86.2,61.7,1.55,23.5
DIP_PAT,5/22/24,0.01,66.1,77.5,89,60.5,3.5,31.6
DIP_PAT,5/23/24,0.27,63.4,76.8,90.3,61.8,2.72,30.03
DIP_PAT,5/24/24,0,54.9,67.1,79.3,49,2.63,22.5
DIP_PAT,5/25/24,0,50.2,64.7,79.3,48.3,1.26,22.01
DIP_PAT,5/26/24,0.25,57.4,68,78.5,57.9,0.08,19.54
DIP_PAT,5/27/24,0,62.3,70.1,78,59.8,1.03,16.6
DIP_PAT,5/28/24,0.56,62.6,69.7,76.9,61,1.65,11.52
DIP_PAT,5/29/24,0.45,54.3,61.3,68.4,55.7,0.35,8.45
DIP_PAT,5/30/24,0,44.4,55.2,66.1,45.2,0.54,13.45
DIP_PAT,5/31/24,0,44.3,54.2,64.1,40.2,1.15,12.42
DIP_PAT,6/1/24,0,47.6,60.5,73.5,41.5,2.07,20.51
DIP_PAT,6/2/24,0,55.6,67.4,79.1,44.9,3.32,25.37
DIP_PAT,6/3/24,0.09,59.8,69.3,78.8,57,0.65,19.19
DIP_PAT,6/4/24,0,59.5,69.5,79.5,60.6,0.67,16.1
DIP_PAT,6/5/24,0,64.4,75.3,86.1,59.9,2.82,25.86
DIP_PAT,6/6/24,0,68.8,76,83.2,66.2,1.51,16.02
DIP_PAT,6/7/24,0.48,59.3,69.1,78.9,60,0.78,15.26
DIP_PAT,6/8/24,0.74,56.2,63.6,70.9,53.9,1.32,11.42
DIP_PAT,6/9/24,0.66,53.7,62.9,72,52,0.37,13.51
DIP_PAT,6/10/24,0.3,52.4,60.2,68,52.9,0.41,10.57
DIP_PAT,6/11/24,0,53.3,56.8,60.3,50.8,0.89,4.84
DIP_PAT,6/12/24,0.07,54.6,57.7,60.8,53.5,0.68,4.66
DIP_PAT,6/13/24,0,55.4,63.8,72.2,52.9,1.4,13.52
DIP_PAT,6/14/24,0.02,64.9,76.1,87.3,58.1,3.77,27.81
DIP_PAT,6/15/24,0,57,68.2,79.4,54.1,1.5,20.3
DIP_PAT,6/16/24,0,49.4,61.4,73.3,49.2,0.85,15.5
DIP_PAT,6/17/24,0,58.4,69,79.6,52.4,4.49,21.31
DIP_PAT,6/18/24,0.04,69.7,79.8,89.9,65.8,2.73,25.16
DIP_PAT,6/19/24,0,73.3,81.8,90.3,71.7,2.23,20.91
DIP_PAT,6/20/24,0.09,69.7,80.8,91.9,72.2,1.02,22.59
DIP_PAT,6/21/24,0,67.5,79,90.5,68.2,1.05,25.31
DIP_PAT,6/22/24,0.09,69.1,78.5,88,70,0.81,19.04
DIP_PAT,6/23/24,0.09,71.3,79.1,86.9,70.8,0.94,17.74
DIP_PAT,6/24/24,0.06,60.6,72.3,84.1,64.8,1.12,14.82
DIP_PAT,6/25/24,0.09,59,68,77,56.2,1.44,17.04
DIP_PAT,6/26/24,0,67.5,75,82.6,58.9,4.89,24.64
DIP_PAT,6/27/24,0.1,62.3,72.8,83.3,60.5,1.16,24.68
DIP_PAT,6/28/24,0.04,49.2,59.9,70.5,50.4,0.67,13.96
DIP_PAT,6/29/24,0.43,57.9,66.9,75.9,51.3,0.45,20.29
DIP_PAT,6/30/24,0.94,65.5,70.3,75.1,68.7,0.76,4.87
DIP_PAT,7/1/24,0,56.4,68.7,81,59,0.52,13.56
DIP_PAT,7/2/24,0,51.6,61.8,72.1,52,0.88,13.59
DIP_PAT,7/3/24,0,58.2,69.1,80,55.5,2.99,21.28
DIP_PAT,7/4/24,0,70.3,78.1,85.9,64.4,3.78,21.15
DIP_PAT,7/5/24,0,70.4,78.6,86.8,69,1.43,20.47
DIP_PAT,7/6/24,0,67.9,77.1,86.2,69.4,0.38,18.67
DIP_PAT,7/7/24,0,64.2,76,87.8,65.2,2.06,22.78
DIP_PAT,7/8/24,0,63.9,74.1,84.2,64,1.03,18.63
DIP_PAT,7/9/24,0,66.5,77.8,89.2,66.4,0.72,26.86
DIP_PAT,7/10/24,0.05,71.4,80,88.7,69.4,1.55,23.63
DIP_PAT,7/11/24,0.7,68.9,80.6,92.3,72.4,0.27,23.27
DIP_PAT,7/12/24,0.1,65.7,70.4,75.1,67,0.41,6.13
DIP_PAT,7/13/24,0,68.1,76,84,67.2,0.9,17.35
DIP_PAT,7/14/24,0,62.6,73.6,84.6,64.6,1.29,19.31
DIP_PAT,7/15/24,0,69.1,79.1,89,64.9,3.08,28.35
DIP_PAT,7/16/24,0.78,67.3,78.3,89.4,69.2,0.89,21.36
DIP_PAT,7/17/24,0.04,69.7,78.9,88,68.8,1.56,17.17
DIP_PAT,7/18/24,0,62.5,71.2,80,65.8,0.97,11.56
DIP_PAT,7/19/24,0,57.6,66.2,74.9,57.4,1.09,13.15
DIP_PAT,7/20/24,0,57.9,67.9,78,57.6,0.81,16.44
DIP_PAT,7/21/24,0,60.5,71.2,81.9,58.2,1.73,21.3
DIP_PAT,7/22/24,0,63.5,73,82.4,62.7,1.29,18.42
DIP_PAT,7/23/24,0.07,67,76.3,85.6,65.1,0.67,23.81
DIP_PAT,7/24/24,0.04,67.3,75,82.6,66.6,1.22,16.67
DIP_PAT,7/25/24,0.03,65.1,75.3,85.4,66.8,1.23,18.36
DIP_PAT,7/26/24,0,57.9,67,76.2,56.7,1.24,15.54
DIP_PAT,7/27/24,0,55.5,67,78.5,53.7,1.8,20.28
DIP_PAT,7/28/24,0,58.8,70.4,81.9,57.4,1.33,21.5
DIP_PAT,7/29/24,0,61.9,73.6,85.2,60.6,1.54,24.83
DIP_PAT,7/30/24,0,66,75.6,85.3,64.2,1.53,22.61
DIP_PAT,7/31/24,0.32,71.5,79.9,88.3,69.8,2.88,20.73
DIP_PAT,8/1/24,0.17,68.8,76.4,84.1,69.2,1.48,14.79
DIP_PAT,8/2/24,0,70.9,80,89,69.2,1.65,22.47
DIP_PAT,8/3/24,0.46,68.3,75.2,82,70.1,0.31,10.59
DIP_PAT,8/4/24,0,68.5,75.4,82.2,70.3,0.44,11.88
DIP_PAT,8/5/24,0.06,65.9,76.4,86.8,65.5,1.62,22.44
DIP_PAT,8/6/24,0.46,67.6,76.2,84.9,68.4,0.28,17.18
DIP_PAT,8/7/24,0.07,56.9,63.8,70.7,62.2,0.31,5.37
DIP_PAT,8/8/24,0,61,69.7,78.4,59.8,1.05,17.56
DIP_PAT,8/9/24,0.37,66.2,70.7,75.3,66.7,0.53,7.58
DIP_PAT,8/10/24,1.89,60.2,68.8,77.4,66.5,0.31,6.38
DIP_PAT,8/11/24,0,60.2,68.5,76.8,55.9,2.7,16.41
DIP_PAT,8/12/24,1,59,66.8,74.6,57.7,0.92,12.5
DIP_PAT,8/13/24,0.04,60,66.1,72.2,58.9,0.88,10.24
DIP_PAT,8/14/24,0,58.9,68.4,77.9,59.6,0.94,14.87
DIP_PAT,8/15/24,0,59.8,70.9,81.9,60.7,1.16,18.77
DIP_PAT,8/16/24,0,59.9,71.7,83.5,60.6,1.17,22.25
DIP_PAT,8/17/24,0.08,64.1,74.5,84.9,62.8,1.1,23.4
DIP_PAT,8/18/24,0.03,68.9,73.2,77.6,66.9,2.05,8.22
DIP_PAT,8/19/24,0.46,65.4,72.9,80.5,67.7,0.29,11.17
DIP_PAT,8/20/24,0.72,55.2,60.8,66.5,55.9,0.59,2.77
DIP_PAT,8/21/24,0.06,51.7,58.5,65.3,51.2,0.56,8.78
DIP_PAT,8/22/24,0.05,55.6,61.1,66.6,53.7,1.19,8.87
DIP_PAT,8/23/24,0,54.7,64.6,74.5,53.2,1.25,16.41
DIP_PAT,8/24/24,0,56,67,77.9,56,0.98,18.1
DIP_PAT,8/25/24,0,57.8,68.9,79.9,59.1,0.37,18.52
DIP_PAT,8/26/24,0,58.6,69.9,81.3,60.2,0.55,18.58
DIP_PAT,8/27/24,0,59.6,71.1,82.6,62,0.55,17.72
DIP_PAT,8/28/24,0,61.9,73.9,85.9,67,0.38,22.09
DIP_PAT,8/29/24,0,59.8,69.5,79.3,64.3,0.59,9.85
DIP_PAT,8/30/24,0,62.2,68.5,74.8,62.7,0.8,10.43
DIP_PAT,8/31/24,0.03,68,71.3,74.6,64.3,2.93,7.43
DIP_PAT,9/1/24,0.4,62.2,69.9,77.6,67.1,0.21,7.18
DIP_PAT,9/2/24,0.14,55.4,69,82.6,59.9,0.8,18.61
DIP_PAT,9/3/24,0,46.7,56.2,65.6,48.1,0.62,9.87
DIP_PAT,9/4/24,0,49.7,61.1,72.5,50.1,0.64,15.64
DIP_PAT,9/5/24,0,52.1,64.4,76.7,53.7,0.6,17.64
DIP_PAT,9/6/24,0,57,67.6,78.3,52.9,2.48,20.45
DIP_PAT,9/7/24,0.32,57.9,69.2,80.4,60,0.55,17.59
DIP_PAT,9/8/24,0.22,47.9,57.5,67.1,50.2,0.76,9.21
DIP_PAT,9/9/24,0.03,50.4,57.9,65.4,46.2,1.84,12.13
DIP_PAT,9/10/24,0.54,54.2,62.5,70.8,56.5,0.17,10.17
DIP_PAT,9/11/24,0,48.4,60.3,72.2,49.8,0.31,16.4
DIP_PAT,9/12/24,0,52.1,65.1,78.1,56,0.28,17.05
DIP_PAT,9/13/24,0,58.4,70.1,81.8,60,1.02,19.17
DIP_PAT,9/14/24,0,56.8,69,81.3,60.9,0.16,17.66
DIP_PAT,9/15/24,0,57.4,70.1,82.8,62.8,0,18.61
DIP_PAT,9/16/24,0,59.6,71.6,83.6,61.8,0.7,20.45
DIP_PAT,9/17/24,0,57.2,70.1,83,59.4,1.34,20.93
DIP_PAT,9/18/24,0,56.3,68.5,80.7,56,0.63,23.99
DIP_PAT,9/19/24,0,57.3,65.9,74.4,60,0.39,11.8
DIP_PAT,9/20/24,0,55.8,68.3,80.8,60.3,0.25,17.87
DIP_PAT,9/21/24,0,59.6,70.9,82.2,60.7,0.63,20.44
DIP_PAT,9/22/24,0,60.9,71.7,82.4,61.8,1.31,19.28
DIP_PAT,9/23/24,0,61.8,69.8,77.7,60.9,1.95,12.77
DIP_PAT,9/24/24,0.07,58.6,61.5,64.4,56.5,0.94,4.28
DIP_PAT,9/25/24,0.19,57.9,61.3,64.7,55.8,0.99,5.28
DIP_PAT,9/26/24,0.33,60.8,64.2,67.6,60.3,0.54,5.34
DIP_PAT,9/27/24,0.38,53.7,61.5,69.3,59.4,0.13,5.58
DIP_PAT,9/28/24,0.02,55.1,64.8,74.5,57.6,0.25,15.34
DIP_PAT,9/29/24,0.02,61.1,69,77,63.3,0.2,11.34
DIP_PAT,9/30/24,0,57.1,64.1,71.1,61,0.05,6.86
DIP_PAT,10/1/24,0,56.8,65.4,74.1,59.6,0.19,11.07
DIP_PAT,10/2/24,0,58.1,65.1,72.2,55.3,1.06,12.19
DIP_PAT,10/3/24,0.11,46.4,54.8,63.3,50.8,0.26,7.15
DIP_PAT,10/4/24,0,48.4,59.6,70.8,50,0.26,14.33
DIP_PAT,10/5/24,0.03,49.8,62.9,76,53.8,0.22,16.89
DIP_PAT,10/6/24,0,43,55.1,67.2,47,0.17,11.68
DIP_PAT,10/7/24,0.23,46.5,60.3,74.2,52,0.67,16.27
DIP_PAT,10/8/24,0.04,45.4,52.9,60.5,46.6,0.85,6.49
DIP_PAT,10/9/24,0.07,42.8,52.4,62,43.9,0.6,9.94
DIP_PAT,10/10/24,0.09,41.9,50.6,59.3,42.1,0.48,9.25
DIP_PAT,10/11/24,0,41.7,45.9,50.1,41,0.44,3.87
DIP_PAT,10/12/24,0,43.7,55.4,67.1,46.8,0.56,11.81
DIP_PAT,10/13/24,0.11,39.4,49.5,59.7,40.9,0.31,9.84
DIP_PAT,10/14/24,0.64,43.5,44.5,45.5,43.6,0.17,0.7
DIP_PAT,10/15/24,0.37,37.8,41.8,45.9,39,0.15,2.17
DIP_PAT,10/16/24,0.28,39.6,44.9,50.1,38.6,0.28,5.11
DIP_PAT,10/17/24,0.03,34.9,42,49.1,37.1,0.17,4.17
DIP_PAT,10/18/24,0,35.8,46.8,57.8,37.9,0.19,8.36
DIP_PAT,10/19/24,0,36.6,50.8,65.1,40.8,0.16,11.67
DIP_PAT,10/20/24,0,37.6,52.6,67.5,39.8,0.4,14.64
DIP_PAT,10/21/24,0,40.4,56.6,72.7,42.1,0.82,18.8
DIP_PAT,10/22/24,0,49.6,64,78.4,47.8,1.58,19.75
DIP_PAT,10/23/24,0,51.3,65.6,80,48.4,1.97,24.61
DIP_PAT,10/24/24,0,48.4,62.8,77.2,47.4,2.09,20.89
DIP_PAT,10/25/24,0,34.8,43.3,51.8,36,0.38,5.73
DIP_PAT,10/26/24,0,36.3,46.7,57.1,41.8,0.44,8.24
DIP_PAT,10/27/24,0.02,31.4,43.2,55.1,34,0.37,9.08
DIP_PAT,10/28/24,0,32.7,42.9,53.1,33,0.41,7.86
DIP_PAT,10/29/24,0,37.2,47.5,57.9,33.8,0.82,9.91
DIP_PAT,10/30/24,0.12,48.1,53.4,58.6,46.3,1.61,6.76
DIP_PAT,10/31/24,0,55.7,67.3,79,53,3.01,18.58
DIP_PAT,11/1/24,0.18,55.9,66.9,77.8,56.2,1.07,17.28
DIP_PAT,11/2/24,0,39.7,49.7,59.6,41,0.61,6.22
DIP_PAT,11/3/24,0.06,29.4,37.4,45.5,33.2,0.14,3.4
DIP_PAT,11/4/24,0,30.1,40.7,51.3,29.9,0.23,7.61
DIP_PAT,11/5/24,0,40.9,49.6,58.3,35.1,3.05,9.55
DIP_PAT,11/6/24,0,56.8,67.9,79,53.9,4.54,19.52
DIP_PAT,11/7/24,0.04,52.5,61,69.5,56.4,0.68,7.41
DIP_PAT,11/8/24,0,40.1,47.1,54.1,40.8,0.85,5.66
DIP_PAT,11/9/24,0,32.7,44.6,56.5,33.7,1.12,7.46
DIP_PAT,11/10/24,0,30.4,39.1,47.8,27.3,0.74,6.4
DIP_PAT,11/11/24,0.29,43.1,49.5,56,40,0.66,9.61
DIP_PAT,11/12/24,0.23,37.3,47.1,56.9,42.8,0.56,5.75
DIP_PAT,11/13/24,0.04,25.2,34.3,43.4,27.4,0.36,4.23
DIP_PAT,11/14/24,0,26.2,35.7,45.1,23.2,0.47,6
DIP_PAT,11/15/24,0,34.7,40.3,45.8,24.1,1.66,6.17
DIP_PAT,11/16/24,0,35.5,42.2,48.9,36.3,0.54,4.38
DIP_PAT,11/17/24,0,31.6,41.5,51.4,34.7,0.07,6.83
DIP_PAT,11/18/24,0.06,33.3,41.8,50.4,39.2,0.15,4.3
DIP_PAT,11/19/24,0,31.4,44.2,57.1,38.6,0.09,7.66
DIP_PAT,11/20/24,0,32,41.3,50.6,39.2,0.09,4.86
DIP_PAT,11/21/24,0.44,37.2,46.6,56,43.8,0.37,3.82
DIP_PAT,11/22/24,0.76,34.2,39.6,44.9,35.9,0.13,3.23
DIP_PAT,11/23/24,0.5,33.2,38.1,43.1,35.6,0.14,1.51
DIP_PAT,11/24/24,0.15,37.6,41.6,45.6,37.7,0.21,2.87
DIP_PAT,11/25/24,0.02,30.7,36.7,42.7,33.4,0.23,3.18
DIP_PAT,11/26/24,0.6,29.6,38.5,47.4,36,0.16,4.53
DIP_PAT,11/27/24,0.02,34.7,41.5,48.4,34,0.42,3.96
DIP_PAT,11/28/24,0.33,33.4,39.4,45.5,29.6,0.3,5.37
DIP_PAT,11/29/24,0.2,33.6,35.7,37.8,31.8,0.18,2.15
DIP_PAT,11/30/24,0,26.9,32.9,38.9,22.9,0.83,3.86
DIP_PAT,12/1/24,0,25.7,29.9,34,17.4,1.41,2.94
DIP_PAT,12/2/24,0,25.9,30.3,34.7,20.2,0.6,3.47
DIP_PAT,12/3/24,0.06,27.8,31.4,35,26.2,0.32,2.7
DIP_PAT,12/4/24,0,23.3,28.6,33.9,20.4,0.46,3.24
DIP_PAT,12/5/24,0.09,28.1,31.4,34.6,23.5,0.44,2.84
DIP_PAT,12/6/24,0.1,22.6,29,35.5,22.5,0.28,2.72
DIP_PAT,12/7/24,0,22.4,26.5,30.5,17.6,0.71,2.96
DIP_PAT,12/8/24,0.06,28.7,34.7,40.7,24.7,0.55,3.88
DIP_PAT,12/9/24,0,36.1,39.9,43.6,32.6,0.94,3.65
DIP_PAT,12/10/24,0.46,36.7,41.1,45.5,39.6,0.14,1.76
DIP_PAT,12/11/24,0.23,43.5,48.2,52.8,45.4,0.31,2.87
DIP_PAT,12/12/24,0.55,28.4,37,45.7,32.7,0.15,2.39
DIP_PAT,12/13/24,0,17.9,23.8,29.7,11.3,0.82,2.55
DIP_PAT,12/14/24,0,13.8,20.6,27.5,9.1,0.39,3.05
DIP_PAT,12/15/24,0,15,23,31,14.4,0.46,2.87
DIP_PAT,12/16/24,0.16,26.1,31.7,37.4,26.8,0.56,2.72
DIP_PAT,12/17/24,0.23,37.6,42.6,47.5,38.7,0.85,2.62
DIP_PAT,12/18/24,0,37.5,42,46.6,34.5,0.81,3.6
DIP_PAT,12/19/24,0.31,32.8,36.3,39.8,32.3,0.32,2.15
DIP_PAT,12/20/24,0,28.4,30.9,33.4,23,0.77,2.48
DIP_PAT,12/21/24,0.15,20.5,25,29.5,22.9,0.34,1.03
DIP_PAT,12/22/24,0.06,3.4,11.8,20.2,9,0.26,1.08
DIP_PAT,12/23/24,0,0.3,7.6,15,-0.3,0.25,1.29
DIP_PAT,12/24/24,0.12,8.5,19.2,29.8,14.8,0.38,2.35
DIP_PAT,12/25/24,0,24.2,29.6,35.1,25.8,0.33,1.67
DIP_PAT,12/26/24,0,24.8,26.5,28.3,18.7,0.53,1.66
DIP_PAT,12/27/24,0,17.8,22.9,28,17.9,0.36,1.5
DIP_PAT,12/28/24,0.01,20.5,30.5,40.5,26.8,0.42,2.9
DIP_PAT,12/29/24,0,37,43.3,49.7,39.5,0.13,2.97
DIP_PAT,12/30/24,0.03,39.3,50.1,60.8,47.3,0.15,5.45
DIP_PAT,12/31/24,0.03,35.4,43.1,50.8,33.6,1.02,5.67
,,,,,,,,
GAB_ALL,1/1/24,0,30.8,32.7,34.6,24.5,1.16,2.47
GAB_ALL,1/2/24,0,23,27.9,32.9,19.6,0.78,2.56
GAB_ALL,1/3/24,0,24.6,31,37.5,23,0.77,3.41
GAB_ALL,1/4/24,0,32.7,35.4,38.1,27.7,1.06,2.76
GAB_ALL,1/5/24,0,17.6,29.2,40.8,15.7,0.81,4.23
GAB_ALL,1/6/24,0,20.7,25.9,31.1,18.5,1.08,2.34
GAB_ALL,1/7/24,0.23,29.1,31.4,33.7,23.1,0.95,2.65
GAB_ALL,1/8/24,0.25,27,29.3,31.6,24.1,0.45,1.65
GAB_ALL,1/9/24,0,18,28.4,38.7,21.2,0.2,3.53
GAB_ALL,1/10/24,1.13,23.6,35.3,47,33,0.1,2.15
GAB_ALL,1/11/24,0,37.2,42.2,47.2,29.7,1.32,4.97
GAB_ALL,1/12/24,0,34.6,37.4,40.2,28.7,1.05,3.56
GAB_ALL,1/13/24,0.37,34.6,40.4,46.3,30.1,1.02,5.47
GAB_ALL,1/14/24,0.19,33.1,42,50.9,28.5,0.82,3.87
GAB_ALL,1/15/24,0.02,15.1,25.6,36.2,11.2,0.57,3.85
GAB_ALL,1/16/24,0,14.6,21.5,28.3,9.3,0.64,3.19
GAB_ALL,1/17/24,0.29,14.4,18.7,23,13.5,0.42,1.16
GAB_ALL,1/18/24,0,6,14.3,22.7,1.3,0.47,2.41
GAB_ALL,1/19/24,0,9.1,19.2,29.2,10.8,0.24,3.12
GAB_ALL,1/20/24,0,6.4,15.6,24.8,6.8,0.36,1.79
GAB_ALL,1/21/24,0.02,6.4,10.8,15.2,1.2,0.61,1.42
GAB_ALL,1/22/24,0,5.7,13.7,21.7,3.6,0.32,2.12
GAB_ALL,1/23/24,0,5.8,20.7,35.6,16.1,0.28,3.8
GAB_ALL,1/24/24,0.19,33.5,35.2,37,29.6,0.44,2.35
GAB_ALL,1/25/24,0.53,34.8,37,39.1,35.3,0.22,0.67
GAB_ALL,1/26/24,0.69,35.3,40.2,45.1,37.7,0.1,1.55
GAB_ALL,1/27/24,0.21,36.1,38.5,41,36,0.27,1.31
GAB_ALL,1/28/24,0,34.5,37.5,40.5,33.8,0.22,2.06
GAB_ALL,1/29/24,0.54,32,34.8,37.6,31.9,0.35,1.25
GAB_ALL,1/30/24,0,28.9,30.9,32.9,25.4,0.78,1.56
GAB_ALL,1/31/24,0,29.3,30.8,32.4,25.1,0.69,1.77
GAB_ALL,2/1/24,0,31.4,33.2,35.1,29.5,0.64,1.47
GAB_ALL,2/2/24,0,33.8,35.4,36.9,31.9,0.36,1.46
GAB_ALL,2/3/24,0,28,34.5,41,26.4,0.29,2.74
GAB_ALL,2/4/24,0,19.6,28.2,36.7,16.6,0.69,4.04
GAB_ALL,2/5/24,0,20.8,30.1,39.4,17.5,0.61,4.74
GAB_ALL,2/6/24,0,20.3,28.8,37.4,12.6,0.92,5.01
GAB_ALL,2/7/24,0,19.6,28.9,38.1,17.7,0.46,4.23
GAB_ALL,2/8/24,0,20.3,31.5,42.7,21.3,0.41,5.54
GAB_ALL,2/9/24,0,25,38.2,51.5,23.7,0.52,9.37
GAB_ALL,2/10/24,0,33.8,45.5,57.2,32.6,0.64,9.81
GAB_ALL,2/11/24,0.17,34.3,47.7,61.2,36.7,0.37,9.49
GAB_ALL,2/12/24,0,32.3,38.3,44.3,27.3,1.41,4.58
GAB_ALL,2/13/24,0,27.5,33.2,38.8,25.2,0.55,3.44
GAB_ALL,2/14/24,0,23,31,39,20.7,1.09,4.18
GAB_ALL,2/15/24,0,17.8,24.4,30.9,7.4,1.29,3.8
GAB_ALL,2/16/24,0.06,21.7,28.8,36,14.3,0.56,5.25
GAB_ALL,2/17/24,0.05,25.6,30.9,36.1,15.9,0.55,4.58
GAB_ALL,2/18/24,0,15.9,24.6,33.2,12.9,0.41,3.9
GAB_ALL,2/19/24,0,22.1,27.2,32.4,13.8,1.27,3.55
GAB_ALL,2/20/24,0,10,21.2,32.4,3.2,0.55,4.68
GAB_ALL,2/21/24,0,12.4,25.5,38.6,10.4,0.43,5.49
GAB_ALL,2/22/24,0,17.5,30.7,44,19.5,0.43,6.4
GAB_ALL,2/23/24,0.09,32.1,37.1,42,29.4,0.33,3.98
GAB_ALL,2/24/24,0,25.1,34.9,44.7,32,0.14,2.78
GAB_ALL,2/25/24,0,10.6,20.3,30,6.3,0.6,3.5
GAB_ALL,2/26/24,0,15.4,27.2,39,13.3,1.02,5.53
GAB_ALL,2/27/24,0,26.1,42.2,58.3,25.9,0.43,11.3
GAB_ALL,2/28/24,0,29.3,48,66.6,41.7,0.38,14.2
GAB_ALL,2/29/24,0.29,22.4,40.7,59,35.2,0.73,3.85
GAB_ALL,3/1/24,0,21.1,25.7,30.3,10.3,0.98,3.42
GAB_ALL,3/2/24,0,21.3,33.6,45.8,21,0.93,6.84
GAB_ALL,3/3/24,0.42,38,42.1,46.3,40.2,0.11,3.25
GAB_ALL,3/4/24,0,35.4,43.6,51.7,41.5,0.05,2.95
GAB_ALL,3/5/24,0,37.4,48.8,60.1,43.2,0,6.99
GAB_ALL,3/6/24,0.93,43.8,44.9,46.1,43,0.16,1.98
GAB_ALL,3/7/24,1.28,40,45.3,50.7,43.7,0.1,1.9
GAB_ALL,3/8/24,0,29.1,37.5,45.9,33.5,0.17,3.15
GAB_ALL,3/9/24,0,30.2,42.2,54.2,28.3,0.33,9.52
GAB_ALL,3/10/24,1.49,34.1,39.4,44.7,33.1,0.07,4.58
GAB_ALL,3/11/24,0.13,29.8,36,42.1,27.9,0.26,3.21
GAB_ALL,3/12/24,0,30.2,37.6,45,22.4,1.24,6.51
GAB_ALL,3/13/24,0,30,44.4,58.9,25.2,0.68,12.56
GAB_ALL,3/14/24,0,33.6,49.6,65.7,35.1,0.68,13.83
GAB_ALL,3/15/24,0.27,42.7,55.6,68.5,37.9,0.34,17.36
GAB_ALL,3/16/24,0.03,36.4,42.4,48.5,40.4,0.08,2.54
GAB_ALL,3/17/24,0.04,41.4,48.7,55.9,34.7,0.8,9.03
GAB_ALL,3/18/24,0,32.7,42.5,52.4,29.7,1.24,7.79
GAB_ALL,3/19/24,0,31.2,36.6,42,23.1,1.33,5
GAB_ALL,3/20/24,0,32.1,37.6,43.2,23.8,0.74,5.79
GAB_ALL,3/21/24,0.04,23.3,36.4,49.5,22,0.51,7.52
GAB_ALL,3/22/24,0,19.9,27.1,34.3,9.2,1.57,4.31
GAB_ALL,3/23/24,0.74,21.6,26.8,32,13.6,0.24,4.33
GAB_ALL,3/24/24,1.21,12.1,21.9,31.6,23.6,0.11,0.55
GAB_ALL,3/25/24,0,16.1,26.6,37.1,20.7,0.16,3.51
GAB_ALL,3/26/24,0,22.3,34.8,47.2,21.9,0.5,6.85
GAB_ALL,3/27/24,0,31.6,42.5,53.4,30.7,0.98,7.97
GAB_ALL,3/28/24,0.35,38.7,41.6,44.4,40.4,0.09,1.34
GAB_ALL,3/29/24,0,35.7,40,44.3,33,0.44,3.22
GAB_ALL,3/30/24,0,36.2,44.1,52,23.9,2.34,9.16
GAB_ALL,3/31/24,0,36.9,45.4,53.9,25.7,2.75,8.99
GAB_ALL,4/1/24,0,33.6,43.8,54,29.7,0.97,8.38
GAB_ALL,4/2/24,0,36.3,48.2,60,31.9,1.35,10.32
GAB_ALL,4/3/24,0.12,37.3,43,48.7,36.9,0.41,4.82
GAB_ALL,4/4/24,0.71,32.9,37.4,42,32.6,0.15,3.31
GAB_ALL,4/5/24,0.13,33,35.4,37.8,32,0.14,1.76
GAB_ALL,4/6/24,0.04,35.1,39.7,44.2,32.8,0.33,3.61
GAB_ALL,4/7/24,0,33.9,40.9,48,31,0.79,5.57
GAB_ALL,4/8/24,0,28.6,42.4,56.2,27.5,0.42,10.62
GAB_ALL,4/9/24,0,34.3,50.6,66.8,30.7,0.91,16.86
GAB_ALL,4/10/24,0.07,42.4,58.6,74.9,36.1,1.08,22.17
GAB_ALL,4/11/24,0.13,45.8,53.4,61.1,48.3,0.02,9.01
GAB_ALL,4/12/24,0.28,49.2,57.6,65.9,55,0.05,4.62
GAB_ALL,4/13/24,0.69,45.2,56.9,68.5,50,0.91,6.94
GAB_ALL,4/14/24,0.02,39.7,43.8,47.9,35.3,1.72,4.45
GAB_ALL,4/15/24,0.19,39.2,45.7,52.2,41.5,0.02,5.98
GAB_ALL,4/16/24,0,36.3,49.3,62.4,37.6,0.15,11.2
GAB_ALL,4/17/24,0,39.2,53.2,67.2,32.7,1.85,16.19
GAB_ALL,4/18/24,0.26,43.9,54.4,64.9,40.1,0.57,13.3
GAB_ALL,4/19/24,0.04,44,45.5,47,41.4,0.61,2.76
GAB_ALL,4/20/24,0.02,46.7,54.2,61.6,42.4,1.26,9.87
GAB_ALL,4/21/24,0,31.9,46.8,61.6,30.8,0.97,12.72
GAB_ALL,4/22/24,0,34.7,41.4,48.1,26.6,1.55,6.68
GAB_ALL,4/23/24,0,31.1,44.4,57.6,21,1.08,13.01
GAB_ALL,4/24/24,0,42.4,55.8,69.2,30.1,3.51,19.19
GAB_ALL,4/25/24,0.02,28.4,45,61.5,33.2,0.51,9.44
GAB_ALL,4/26/24,0,30.1,43.1,56,20.5,0.98,11.68
GAB_ALL,4/27/24,0,33.8,47.8,61.9,23.6,1.48,15.24
GAB_ALL,4/28/24,0,45.8,56.6,67.3,35,2.55,16.69
GAB_ALL,4/29/24,0.04,50.2,63.1,76,55.5,0.64,14.95
GAB_ALL,4/30/24,0.11,47.9,55.3,62.8,44.9,0.54,8.87
GAB_ALL,5/1/24,0.52,49.5,61.5,73.6,54.8,0.04,14.26
GAB_ALL,5/2/24,0,51.3,62.2,73,53,0.43,15.66
GAB_ALL,5/3/24,0,49.7,62.9,76.1,48.3,0.79,19.62
GAB_ALL,5/4/24,0,51.8,62.4,73.1,46.9,2.35,16.28
GAB_ALL,5/5/24,0.41,49.1,60.3,71.5,47,0.54,14.85
GAB_ALL,5/6/24,0.8,49.4,51.1,52.7,49.3,0.44,1.18
GAB_ALL,5/7/24,0,45.3,60.6,75.9,47.5,0.52,20.57
GAB_ALL,5/8/24,0.25,53,65.6,78.3,44.8,0.64,24.19
GAB_ALL,5/9/24,0.23,50.5,65.4,80.3,51.1,0.37,24.2
GAB_ALL,5/10/24,0,50.8,58.4,66,44.6,1.85,12.18
GAB_ALL,5/11/24,0,48.4,55,61.6,44.2,0.98,9.55
GAB_ALL,5/12/24,0.14,50,58,66,44.8,1.38,12.56
GAB_ALL,5/13/24,0.01,42.4,50.7,59.1,44.9,0.29,6.51
GAB_ALL,5/14/24,0.03,51.6,61.1,70.6,49.1,1.18,14.98
GAB_ALL,5/15/24,0.23,60.9,71.8,82.8,55.3,0.88,23.87
GAB_ALL,5/16/24,0.21,57.9,62.1,66.3,59.3,0.29,3.97
GAB_ALL,5/17/24,0,50.8,61.9,73,55.4,0.25,12.49
GAB_ALL,5/18/24,0,56.3,66.8,77.2,53.6,1.87,17.28
GAB_ALL,5/19/24,0,54.4,65.1,75.8,53.2,0.96,16.26
GAB_ALL,5/20/24,0,57.2,68.2,79.1,55.6,1.42,18.22
GAB_ALL,5/21/24,0,63.1,73.7,84.3,59,2.32,24.53
GAB_ALL,5/22/24,0,65.2,75.7,86.2,63.9,1.6,21.22
GAB_ALL,5/23/24,0,68.1,79.3,90.5,63.5,2.34,30.38
GAB_ALL,5/24/24,0,53.7,67.1,80.5,56,0.73,21.09
GAB_ALL,5/25/24,0,50,66,82,46.7,1.65,26.17
GAB_ALL,5/26/24,0,59.5,69.9,80.4,55.5,1.09,22.47
GAB_ALL,5/27/24,0,66.5,75.4,84.3,60.3,3.8,25.25
GAB_ALL,5/28/24,0.59,64.6,72.8,81.1,64.6,1.05,15.89
GAB_ALL,5/29/24,0,57.2,66.5,75.7,56,1.47,14.33
GAB_ALL,5/30/24,0,54.5,64.9,75.3,48.8,3.4,19.33
GAB_ALL,5/31/24,0,46.2,58.4,70.5,42.8,1.22,16.98
GAB_ALL,6/1/24,0,50.8,63.8,76.8,42.9,2.48,23.34
GAB_ALL,6/2/24,0,51.7,67.7,83.7,47.9,1.23,29.72
GAB_ALL,6/3/24,0,62.6,73.8,85,54.5,3.28,30.8
GAB_ALL,6/4/24,0,57.8,72.4,87,53.7,1.81,32.32
GAB_ALL,6/5/24,0,64.8,76.8,88.9,60.7,4.15,29.82
GAB_ALL,6/6/24,0,70.5,79.6,88.8,62.6,3.84,31.11
GAB_ALL,6/7/24,0.26,61.9,72,82,65.2,0.19,13.14
GAB_ALL,6/8/24,0.29,54.7,66.6,78.4,57.3,0.4,16.72
GAB_ALL,6/9/24,0.49,55.8,63.3,70.7,53.6,0.47,11.31
GAB_ALL,6/10/24,0.22,53.7,62.4,71.2,52.5,0.27,12.33
GAB_ALL,6/11/24,0,56.7,62,67.4,52,2.27,8.81
GAB_ALL,6/12/24,0,54.7,60.8,67,54,0.53,8.31
GAB_ALL,6/13/24,0,50.6,62.2,73.9,53,0.33,14.32
GAB_ALL,6/14/24,0.04,61.4,73.6,85.8,59.2,2.09,25.08
GAB_ALL,6/15/24,0.06,60.8,73,85.2,58.1,1.26,26.86
GAB_ALL,6/16/24,0,47.5,62.4,77.4,47.6,0.57,20.1
GAB_ALL,6/17/24,0,57.5,67,76.5,50.1,3.47,21.11
GAB_ALL,6/18/24,0,68.1,78.2,88.3,66,2.34,22.01
GAB_ALL,6/19/24,0,75.1,84.7,94.3,70.8,5.94,28.51
GAB_ALL,6/20/24,0.05,74,84.8,95.6,72.9,3.05,28.97
GAB_ALL,6/21/24,0.02,69.9,83,96,71.4,0.59,31.31
GAB_ALL,6/22/24,0.14,67.8,77.6,87.3,69.8,0.3,18.08
GAB_ALL,6/23/24,0.81,70.4,74.7,79.1,71,0.46,7
GAB_ALL,6/24/24,0.51,67.3,76.6,85.9,69.6,0.97,13.29
GAB_ALL,6/25/24,0.15,58.1,65.6,73.2,58.7,0.7,10.57
GAB_ALL,6/26/24,0,69.2,77.9,86.6,59.3,6.3,29.01
GAB_ALL,6/27/24,0,64.2,74.9,85.7,60.2,2.97,26.03
GAB_ALL,6/28/24,0,50.1,64.6,79.2,51.1,1.42,17.98
GAB_ALL,6/29/24,0.13,58.6,67.5,76.3,47.4,1.55,20.74
GAB_ALL,6/30/24,0.55,58.4,67.4,76.4,67.7,0.61,4.55
GAB_ALL,7/1/24,0.09,61.6,74.4,87.3,62.8,1.12,21.32
GAB_ALL,7/2/24,0,53.9,66.3,78.7,54.6,0.71,20.9
GAB_ALL,7/3/24,0,62.9,73.1,83.3,58.3,2.68,23.93
GAB_ALL,7/4/24,0,69.4,76.8,84.2,58,7.2,23.17
GAB_ALL,7/5/24,0,72.1,78.7,85.3,68.9,0.83,16.53
GAB_ALL,7/6/24,0.23,74.6,81.2,87.7,73.1,0.8,17.04
GAB_ALL,7/7/24,0.57,67.7,78.8,89.9,71.8,0.41,18.92
GAB_ALL,7/8/24,0,64.2,76.3,88.4,65.4,0.48,24.88
GAB_ALL,7/9/24,0,70.9,80.7,90.5,67.8,1.95,27.68
GAB_ALL,7/10/24,0,74.6,83.8,93,72.9,1.85,25.25
GAB_ALL,7/11/24,0.25,74.8,84.1,93.5,73.9,1.06,23.16
GAB_ALL,7/12/24,0,72,78.5,85.1,68.6,3.4,17.53
GAB_ALL,7/13/24,0,70.2,77.7,85.3,69.7,1.03,17.41
GAB_ALL,7/14/24,0,64,77.2,90.3,66.3,0.98,26.39
GAB_ALL,7/15/24,0,70.1,79.8,89.4,64.9,2.86,30.7
GAB_ALL,7/16/24,0.16,72.1,82.5,92.9,70.5,1.28,26.35
GAB_ALL,7/17/24,0.79,68,80,92,69.9,0.43,24.76
GAB_ALL,7/18/24,0.86,68.1,78.2,88.4,70.6,0.34,19.99
GAB_ALL,7/19/24,0,58,69.9,81.9,58.4,0.63,20.18
GAB_ALL,7/20/24,0,58.6,70.2,81.8,58.1,0.64,20.89
GAB_ALL,7/21/24,0,59.9,72.6,85.2,62.1,0.56,21.71
GAB_ALL,7/22/24,0.02,63.5,72.9,82.4,63.6,0.34,16.92
GAB_ALL,7/23/24,0.14,66.9,76.2,85.5,66.9,0.41,20.84
GAB_ALL,7/24/24,0.82,67.4,74.8,82.2,67.7,0.3,14.59
GAB_ALL,7/25/24,0.03,69.6,76,82.4,69.6,0.71,12.52
GAB_ALL,7/26/24,0,60.5,70.9,81.2,57.7,2.94,22.15
GAB_ALL,7/27/24,0,57.9,70.6,83.2,58.5,0.44,23.62
GAB_ALL,7/28/24,0,61.4,72.9,84.5,61.3,0.82,22.7
GAB_ALL,7/29/24,0.02,66.2,76,85.7,65.5,0.66,22.94
GAB_ALL,7/30/24,0.36,66.8,74.5,82.3,66.9,0.51,14.99
GAB_ALL,7/31/24,0.02,72.3,80.4,88.5,70.1,1.84,20.84
GAB_ALL,8/1/24,1.34,70.1,78.6,87,72.2,0.57,16.32
GAB_ALL,8/2/24,0,67.6,78.9,90.2,70,0.45,23.96
GAB_ALL,8/3/24,0.32,72,79.4,86.8,72,0.31,15.28
GAB_ALL,8/4/24,0.05,72.4,78.8,85.1,72.6,0.4,15.16
GAB_ALL,8/5/24,0.03,67.4,76.8,86.2,69.7,1.72,15.16
GAB_ALL,8/6/24,0.86,64.4,74.5,84.6,68.8,0.28,17.54
GAB_ALL,8/7/24,0.43,60.6,66.6,72.6,62,0.41,7.66
GAB_ALL,8/8/24,0,58.9,68.8,78.6,59.9,0.27,16.64
GAB_ALL,8/9/24,0.9,63.1,67.7,72.3,63.7,0.27,8.97
GAB_ALL,8/10/24,1.91,66.8,72.8,78.9,71.6,0.18,6.48
GAB_ALL,8/11/24,0,57.1,69.6,82,58.6,0.62,20.96
GAB_ALL,8/12/24,0.08,56.4,68.4,80.4,58.1,0.24,19.47
GAB_ALL,8/13/24,0,56.2,64.8,73.5,57.9,0.51,11.26
GAB_ALL,8/14/24,0,60.3,70.2,80,61.2,0.62,16.29
GAB_ALL,8/15/24,0,59.7,72.1,84.6,62,0.41,21.49
GAB_ALL,8/16/24,0.25,62.3,73.2,84.1,64.2,0.37,18.03
GAB_ALL,8/17/24,0,65.2,75.1,84.9,66.2,0.95,19.43
GAB_ALL,8/18/24,0.11,68.2,74.5,80.8,65.6,2.04,14.12
GAB_ALL,8/19/24,0.18,67.6,71.4,75.3,66.6,0.84,7.31
GAB_ALL,8/20/24,0.62,56.1,69.1,82,62.9,0.3,12.32
GAB_ALL,8/21/24,0.02,52.4,60.6,68.7,50.9,0.78,11.93
GAB_ALL,8/22/24,0.27,53,62.3,71.5,53.2,0.64,12.55
GAB_ALL,8/23/24,0,53.7,64,74.3,55.8,0.31,14.19
GAB_ALL,8/24/24,0,55.6,67.8,80,57,0.37,20.63
GAB_ALL,8/25/24,0.02,58.2,70,81.8,59.6,0.47,20.32
GAB_ALL,8/26/24,0.02,60.6,71.1,81.5,62.6,0.39,17.4
GAB_ALL,8/27/24,0,60.6,71.9,83.2,63.2,0.19,19.24
GAB_ALL,8/28/24,0,62.3,72.9,83.5,64.7,0.38,20.28
GAB_ALL,8/29/24,0.03,59.8,72.9,85.9,62,2.95,16.33
GAB_ALL,8/30/24,0,61.8,68,74.2,58.9,1.78,10.62
GAB_ALL,8/31/24,0,64.2,70.4,76.7,57.3,4.18,15.49
GAB_ALL,9/1/24,0.33,66.6,71.1,75.7,67.1,0.55,7.97
GAB_ALL,9/2/24,0.07,58.9,72.5,86,63.7,0.48,24.97
GAB_ALL,9/3/24,0,46.4,60.3,74.3,48.8,0.39,17.51
GAB_ALL,9/4/24,0,50.6,62.3,74,50.3,0.58,16.95
GAB_ALL,9/5/24,0,52.7,65.7,78.8,54.7,0.36,20.05
GAB_ALL,9/6/24,0,50.4,65.5,80.6,55.1,0.24,20.23
GAB_ALL,9/7/24,0,55.3,67.2,79.1,59.9,0.52,16
GAB_ALL,9/8/24,0.57,49.5,61.4,73.4,55.9,0.17,9.05
GAB_ALL,9/9/24,0,46.6,55.7,64.9,46,0.52,11.22
GAB_ALL,9/10/24,0.04,52.8,62.5,72.3,55.3,0.23,13.34
GAB_ALL,9/11/24,0,46.9,60.8,74.7,48.9,0.23,19.89
GAB_ALL,9/12/24,0,50.8,63.8,76.8,51.9,0.55,19.19
GAB_ALL,9/13/24,0,53.4,67.3,81.2,59.3,0.16,18.57
GAB_ALL,9/14/24,0,57.6,70.2,82.7,61.4,0.34,18.67
GAB_ALL,9/15/24,0,58.8,71.7,84.6,62.4,0.32,21.55
GAB_ALL,9/16/24,0,57.3,70.9,84.5,62.1,0.35,21.7
GAB_ALL,9/17/24,0,54.8,69,83.2,58.4,0.36,22.08
GAB_ALL,9/18/24,0,55.6,67.4,79.1,58.9,0.28,16.7
GAB_ALL,9/19/24,0,57,68.3,79.5,60.9,0.24,16.72
GAB_ALL,9/20/24,0,57.5,71,84.6,59.2,0.34,23.96
GAB_ALL,9/21/24,0,55.7,68,80.2,59.2,0.26,17.46
GAB_ALL,9/22/24,0,52.1,65.4,78.6,55.4,0.31,18.49
GAB_ALL,9/23/24,0,54,64.5,75,52.8,1.2,14.37
GAB_ALL,9/24/24,0,47.9,58.3,68.7,50.7,0.33,11.22
GAB_ALL,9/25/24,0.24,52.1,61.8,71.6,50.7,0.7,14.12
GAB_ALL,9/26/24,0.44,55.1,58.4,61.8,57,0.23,3.31
GAB_ALL,9/27/24,0.49,59.2,62.1,65,62.4,0,0.93
GAB_ALL,9/28/24,0,57.1,65.7,74.4,58.7,0.17,12.7
GAB_ALL,9/29/24,0,58.3,68.5,78.8,60.3,0.75,14.95
GAB_ALL,9/30/24,0,54.7,63.8,72.9,56.8,0.01,11.42
GAB_ALL,10/1/24,0,54.3,64.7,75.1,58.6,0.06,11.63
GAB_ALL,10/2/24,0,55.5,64.2,72.8,53.6,0.88,13.37
GAB_ALL,10/3/24,0,55.9,62.8,69.8,53.3,1.04,11.57
GAB_ALL,10/4/24,0,49.1,61,72.9,52.8,0.09,13.34
GAB_ALL,10/5/24,0.07,50.6,62.3,74.1,55.4,0.09,15.21
GAB_ALL,10/6/24,0,41.5,56,70.4,48.3,0,14.08
GAB_ALL,10/7/24,0,42.8,57.2,71.6,49.7,0.19,15.87
GAB_ALL,10/8/24,0,42.3,56.5,70.8,46.9,0.33,15.63
GAB_ALL,10/9/24,0.02,42.8,53.7,64.6,43,0.12,12.18
GAB_ALL,10/10/24,0.08,39.6,50,60.5,42.2,0.18,9.42
GAB_ALL,10/11/24,0,40.9,49.8,58.7,38.8,0.61,9.35
GAB_ALL,10/12/24,0,43.3,53.3,63.3,44.7,0.57,10.46
GAB_ALL,10/13/24,0.11,39.5,53.3,67.1,36.1,0.23,17.76
GAB_ALL,10/14/24,0.55,43.4,45.2,47.1,44.6,0.15,0.73
GAB_ALL,10/15/24,0.26,35,41.9,48.7,41,0.05,1.05
GAB_ALL,10/16/24,0,38.2,46.1,54,36.7,0.57,7.01
GAB_ALL,10/17/24,0,30,42.2,54.4,33.8,0.09,7.25
GAB_ALL,10/18/24,0,31.3,44.5,57.7,35.3,0.06,9.4
GAB_ALL,10/19/24,0,33.9,49.5,65.2,37.1,0.12,14.24
GAB_ALL,10/20/24,0,33.9,50.8,67.7,38.5,0.14,15.19
GAB_ALL,10/21/24,0,34.8,52.8,70.8,41.6,0.12,17.12
GAB_ALL,10/22/24,0,46.8,62.1,77.4,48.5,0.53,20.38
GAB_ALL,10/23/24,0,50,64.8,79.7,51.7,0.85,20.89
GAB_ALL,10/24/24,0.01,50.7,64.7,78.7,47.8,1.13,24.82
GAB_ALL,10/25/24,0,34.5,47.2,60,40.6,0.22,8.27
GAB_ALL,10/26/24,0,35.8,46.4,57.1,39,0.39,8.66
GAB_ALL,10/27/24,0,31,46.4,61.8,28.8,0.96,13.88
GAB_ALL,10/28/24,0,31.2,42.9,54.6,29.8,0.68,9.47
GAB_ALL,10/29/24,0,31.9,40.6,49.2,30.2,0.7,5.95
GAB_ALL,10/30/24,0.16,39.9,48.2,56.6,46.9,0.3,4.76
GAB_ALL,10/31/24,0,54.1,64.6,75,53.6,1.75,14.16
GAB_ALL,11/1/24,0.01,51.6,65.6,79.5,54.9,0.85,20.16
GAB_ALL,11/2/24,0,45,59.4,73.7,43.6,1.67,16
GAB_ALL,11/3/24,0,27.5,39.9,52.4,33.6,0.12,6.5
GAB_ALL,11/4/24,0,27.8,38.4,48.9,26.4,0.21,7.34
GAB_ALL,11/5/24,0,32.4,43.2,54,39.1,0.88,6.5
GAB_ALL,11/6/24,0,53.3,62.9,72.5,52.8,2.03,13.45
GAB_ALL,11/7/24,0,51.9,63.5,75.2,56,0.6,12.53
GAB_ALL,11/8/24,0,35.5,48.6,61.8,39.7,0.29,9.56
GAB_ALL,11/9/24,0,35.7,47.6,59.4,34,0.92,9.3
GAB_ALL,11/10/24,0,27.3,39.1,51,23.6,0.6,9.36
GAB_ALL,11/11/24,0.09,28,42.2,56.4,35.8,0.49,10.96
GAB_ALL,11/12/24,0,44.6,52.9,61.1,43.4,0.96,8.55
GAB_ALL,11/13/24,0,27.3,36.9,46.6,23.5,1.27,6.04
GAB_ALL,11/14/24,0,22.1,33.1,44,21.4,0.27,6
GAB_ALL,11/15/24,0,23,33.7,44.3,21.3,0.33,6.64
GAB_ALL,11/16/24,0,26.2,37.8,49.4,22.6,0.62,8.35
GAB_ALL,11/17/24,0,30,44.2,58.4,25.7,0.52,12.79
GAB_ALL,11/18/24,0,30.1,42,54,32.4,0.47,8.49
GAB_ALL,11/19/24,0,31,45.4,59.9,35.2,0.36,10.31
GAB_ALL,11/20/24,0,31.6,42.9,54.1,34.5,0.3,7.47
GAB_ALL,11/21/24,0.2,40.5,47.3,54,37.9,0.34,6.43
GAB_ALL,11/22/24,0.82,40.5,42.5,44.6,41.1,0.23,1.43
GAB_ALL,11/23/24,0.19,36.5,40.4,44.4,36.7,0.09,3.12
GAB_ALL,11/24/24,0.03,39.4,43.8,48.3,34.7,0.42,4.57
GAB_ALL,11/25/24,0,29.4,38,46.7,26.8,1.11,5.9
GAB_ALL,11/26/24,0.39,28.4,37.4,46.4,26.8,0.28,6.12
GAB_ALL,11/27/24,0.44,32.9,40.2,47.5,35.3,0.07,3.38
GAB_ALL,11/28/24,0.19,30.7,38.2,45.6,28.4,0.16,5.76
GAB_ALL,11/29/24,0.89,32.7,34.2,35.6,32.5,0.06,1.02
GAB_ALL,11/30/24,0,26,33.7,41.3,25.5,0.37,4.36
GAB_ALL,12/1/24,0,22.5,28.1,33.6,18.5,1.15,2.82
GAB_ALL,12/2/24,0,20.5,26.9,33.3,16.4,0.75,3.29
GAB_ALL,12/3/24,0,20.8,27.6,34.5,20.1,0.47,2.92
GAB_ALL,12/4/24,0,16.8,25.8,34.7,19.5,0.25,3.04
GAB_ALL,12/5/24,0.1,16.7,25.6,34.6,24.2,0.24,3.18
GAB_ALL,12/6/24,0.01,23.7,30.1,36.6,23.5,0.25,2.78
GAB_ALL,12/7/24,0,21,25.4,29.8,13.2,0.73,3.25
GAB_ALL,12/8/24,0.08,25.5,29.5,33.5,24.1,0.37,2.26
GAB_ALL,12/9/24,0,31.6,37.3,43.1,30.7,0.4,4.09
GAB_ALL,12/10/24,0.58,31.1,33.8,36.6,31.9,0.05,1.91
GAB_ALL,12/11/24,0.23,34.4,38.3,42.3,38.1,0,0.68
GAB_ALL,12/12/24,1.48,33.1,39.9,46.6,36.8,0.07,2.29
GAB_ALL,12/13/24,0,19.8,28.5,37.1,14.8,0.91,4.07
GAB_ALL,12/14/24,0,13.8,21.3,28.7,12.6,0.26,2.76
GAB_ALL,12/15/24,0,12.3,21.2,30.1,12.8,0.23,2.85
GAB_ALL,12/16/24,0.16,12,21.3,30.6,20.7,0.14,2.25
GAB_ALL,12/17/24,0.16,29.2,38.3,47.4,36.3,0,1.57
GAB_ALL,12/18/24,0,37.1,45,53,36.3,0.36,5.66
GAB_ALL,12/19/24,0.3,34.7,40.2,45.6,34,0.12,4.11
GAB_ALL,12/20/24,0,24.8,31.5,38.3,21.5,0.85,3.58
GAB_ALL,12/21/24,0.1,21.2,24.3,27.5,20.8,0.35,1.25
GAB_ALL,12/22/24,0,0.8,12.1,23.3,5.3,0.32,1.87
GAB_ALL,12/23/24,0,-5,3.4,11.9,-5.4,0.18,1.37
GAB_ALL,12/24/24,0.06,-5.3,9.7,24.6,5.3,0.2,2.4
GAB_ALL,12/25/24,0.02,21.8,24.7,27.6,20.5,0.42,1.02
GAB_ALL,12/26/24,0,5.6,14.9,24.3,9.3,0.23,1.47
GAB_ALL,12/27/24,0,9.6,14.4,19.1,9.1,0.22,0.7
GAB_ALL,12/28/24,0,10.1,18,25.9,16.3,0.33,1.13
GAB_ALL,12/29/24,0.02,24.6,30.9,37.1,32.2,0,0.99
GAB_ALL,12/30/24,0.18,33.9,46,58.2,44.3,0,3.59
GAB_ALL,12/31/24,0.11,36.4,46.6,56.8,36.5,0.76,7.67
,,,,,,,,
GAB_HEN,1/1/24,0,28.7,31.1,33.5,23.3,0.96,2.37
GAB_HEN,1/2/24,0,19.9,25.5,31.1,18.6,0.43,2.3
GAB_HEN,1/3/24,0,22.8,29.8,36.8,22.6,0.69,3.28
GAB_HEN,1/4/24,0,31.2,34.3,37.5,27.5,0.83,2.57
GAB_HEN,1/5/24,0,13.2,26.9,40.6,15.1,0.42,4.27
GAB_HEN,1/6/24,0,16.9,23.8,30.7,17.9,0.81,2.31
GAB_HEN,1/7/24,0.21,28.7,31.3,33.9,22.1,1.11,2.89
GAB_HEN,1/8/24,0.25,25.1,28.1,31.2,22.7,0.42,1.8
GAB_HEN,1/9/24,0,16.3,27.4,38.5,20,0.21,3.68
GAB_HEN,1/10/24,1.18,21.6,34.1,46.6,31.3,0.13,2.32
GAB_HEN,1/11/24,0,34.3,40.5,46.7,29.5,0.49,4.71
GAB_HEN,1/12/24,0,31.7,35.6,39.4,28.6,0.63,3.32
GAB_HEN,1/13/24,0.3,31.6,39.1,46.6,29,0.62,5.91
GAB_HEN,1/14/24,0.22,31,40.4,49.8,28.3,0.5,3.69
GAB_HEN,1/15/24,0.02,12.4,23.9,35.3,11,0.43,3.65
GAB_HEN,1/16/24,0,12.1,19.9,27.7,8.5,0.48,3.11
GAB_HEN,1/17/24,0.29,12,17.4,22.9,13,0.38,1.2
GAB_HEN,1/18/24,0,-0.4,11,22.4,1.3,0.22,2.33
GAB_HEN,1/19/24,0,5.1,17,28.8,10.3,0.17,3.05
GAB_HEN,1/20/24,0,4,14.5,24.9,6,0.33,1.89
GAB_HEN,1/21/24,0.03,0.9,8,15.1,0.6,0.31,1.44
GAB_HEN,1/22/24,0,0.5,11.3,22.1,2.4,0.21,2.32
GAB_HEN,1/23/24,0,4.8,19.9,34.9,15.8,0.28,3.71
GAB_HEN,1/24/24,0.18,31.7,34.4,37,28.2,0.41,2.65
GAB_HEN,1/25/24,0.59,32.7,35.7,38.8,34.3,0.16,0.77
GAB_HEN,1/26/24,0.67,33.4,38.9,44.4,37.1,0,1.54
GAB_HEN,1/27/24,0.3,34.7,37.7,40.6,34.8,0.23,1.59
GAB_HEN,1/28/24,0,32.5,36.5,40.5,33.1,0.06,2.22
GAB_HEN,1/29/24,0.41,30.7,34.5,38.2,31.4,0.23,1.6
GAB_HEN,1/30/24,0,27.6,30,32.4,24.3,0.76,1.66
GAB_HEN,1/31/24,0,28.2,30.2,32.2,24.2,0.7,1.9
GAB_HEN,2/1/24,0,29.8,32.4,35,28.8,0.52,1.66
GAB_HEN,2/2/24,0,32.9,35.1,37.3,31.8,0.29,1.68
GAB_HEN,2/3/24,0,25.8,33.2,40.5,25.9,0.19,2.7
GAB_HEN,2/4/24,0,17.7,26.6,35.4,15.7,0.59,3.84
GAB_HEN,2/5/24,0,19.1,28.7,38.3,16.7,0.61,4.47
GAB_HEN,2/6/24,0,16.9,26.5,36.2,12,0.59,4.78
GAB_HEN,2/7/24,0,16.4,27.2,37.9,17.2,0.34,4.24
GAB_HEN,2/8/24,0,17.4,29.8,42.1,21.2,0.34,5.39
GAB_HEN,2/9/24,0,23.3,37.7,52.1,23.6,0.32,9.62
GAB_HEN,2/10/24,0,31,44.1,57.3,31.5,0.4,10.1
GAB_HEN,2/11/24,0.2,33.2,47.3,61.3,36,0.32,9.62
GAB_HEN,2/12/24,0,28,36.5,45,26.8,0.63,5.05
GAB_HEN,2/13/24,0,26.6,32.5,38.4,25,0.42,3.34
GAB_HEN,2/14/24,0,21.2,29.3,37.3,20.2,0.85,3.7
GAB_HEN,2/15/24,0,14,22.8,31.5,6.3,0.77,4.07
GAB_HEN,2/16/24,0.11,18.7,27,35.3,13.6,0.4,5.14
GAB_HEN,2/17/24,0.05,22.9,29.2,35.5,15.1,0.48,4.4
GAB_HEN,2/18/24,0,13.6,23.3,33,11.9,0.42,3.94
GAB_HEN,2/19/24,0,19.7,25.7,31.7,13.4,1.09,3.37
GAB_HEN,2/20/24,0,6.1,19.1,32.1,2.8,0.35,4.63
GAB_HEN,2/21/24,0,7.4,23,38.7,10.4,0.29,5.46
GAB_HEN,2/22/24,0,14.2,29.6,45,18.1,0.31,7.09
GAB_HEN,2/23/24,0.12,29.6,36,42.3,29,0.25,4.2
GAB_HEN,2/24/24,0,21.9,32.3,42.7,31.2,0.1,2.15
GAB_HEN,2/25/24,0,8,18.8,29.6,5.6,0.35,3.49
GAB_HEN,2/26/24,0,13,26.3,39.5,12.8,0.84,5.77
GAB_HEN,2/27/24,0,25.6,41.6,57.6,25.6,0.41,10.96
GAB_HEN,2/28/24,0.02,28.5,48.2,68,40.9,0.37,15.47
GAB_HEN,2/29/24,0.32,20.3,39.7,59,34.8,0.6,4.01
GAB_HEN,3/1/24,0,20.4,25.1,29.7,8.1,1.13,3.51
GAB_HEN,3/2/24,0,22.1,33.4,44.6,20.6,1.05,6.39
GAB_HEN,3/3/24,0.43,36.7,41.7,46.6,39.4,0.1,3.63
GAB_HEN,3/4/24,0,36.4,43.5,50.6,41,0.07,2.62
GAB_HEN,3/5/24,0,38.8,48.6,58.5,42.4,0.23,6.33
GAB_HEN,3/6/24,0.81,42.4,44.4,46.5,42.4,0.12,2.36
GAB_HEN,3/7/24,1.3,38.9,45.1,51.2,43.3,0.07,2.15
GAB_HEN,3/8/24,0.02,28,36,43.9,32.9,0.16,2.57
GAB_HEN,3/9/24,0,29.7,41.9,54.1,28.1,0.26,9.41
GAB_HEN,3/10/24,1.42,33.5,39.3,45.1,32.4,0.09,5.04
GAB_HEN,3/11/24,0.23,28.2,34.6,41,28,0.17,2.8
GAB_HEN,3/12/24,0,28.4,36.2,44,21.7,0.92,6.3
GAB_HEN,3/13/24,0,28.1,42.7,57.4,24.9,0.48,11.73
GAB_HEN,3/14/24,0,30.2,46.9,63.7,34,0.36,12.71
GAB_HEN,3/15/24,0.28,37.9,52.2,66.5,37.3,0.27,15.86
GAB_HEN,3/16/24,0.04,35.2,41.5,47.8,39.2,0.13,2.57
GAB_HEN,3/17/24,0.05,39,46.5,54,34.5,0.47,8.18
GAB_HEN,3/18/24,0,31.3,41,50.7,29.1,0.97,7.15
GAB_HEN,3/19/24,0,30.9,36,41,22.9,1.36,4.74
GAB_HEN,3/20/24,0.01,31.1,36.6,42.1,23.4,0.57,5.5
GAB_HEN,3/21/24,0.09,22,35.1,48.2,21.3,0.45,7.17
GAB_HEN,3/22/24,0,18.2,26.2,34.1,8.2,1.46,4.37
GAB_HEN,3/23/24,0.68,20.5,25.9,31.3,13.6,0.24,4.16
GAB_HEN,3/24/24,1.21,10.4,21.1,31.7,22.6,0.12,0.74
GAB_HEN,3/25/24,0,13.9,25.5,37.2,19.3,0.13,3.77
GAB_HEN,3/26/24,0,18.8,33.1,47.4,20.4,0.22,7.37
GAB_HEN,3/27/24,0,28.5,41,53.4,30.5,0.67,7.91
GAB_HEN,3/28/24,0.31,37.5,40.9,44.2,39.5,0.07,1.55
GAB_HEN,3/29/24,0,33.9,38.4,42.9,33.8,0.25,2.41
GAB_HEN,3/30/24,0,34.8,43.1,51.3,23.6,1.69,8.96
GAB_HEN,3/31/24,0,36.1,45.3,54.5,25.7,2.34,9.79
GAB_HEN,4/1/24,0,32.1,43,53.9,29.2,0.8,8.7
GAB_HEN,4/2/24,0,34.3,46.7,59.2,31.6,0.94,10.07
GAB_HEN,4/3/24,0.05,35.2,42.7,50.3,36.1,0.11,5.8
GAB_HEN,4/4/24,0.62,32.4,37.5,42.6,32.5,0.14,3.7
GAB_HEN,4/5/24,0.16,32.3,34.5,36.8,31.3,0.16,1.58
GAB_HEN,4/6/24,0.05,33.6,38.4,43.2,32.1,0.24,3.51
GAB_HEN,4/7/24,0,33,39.8,46.6,30.4,0.7,5.15
GAB_HEN,4/8/24,0,27.6,40.9,54.2,27.3,0.33,9.57
GAB_HEN,4/9/24,0,32.6,49,65.4,30.6,0.61,16.01
GAB_HEN,4/10/24,0.05,41.5,57.3,73.1,35.5,1.23,21.18
GAB_HEN,4/11/24,0.2,46.6,53.7,60.9,47.3,0.35,9.25
GAB_HEN,4/12/24,0.22,48.8,57,65.1,54,0.32,4.53
GAB_HEN,4/13/24,0.7,43.9,56.2,68.5,49.3,0.86,7.28
GAB_HEN,4/14/24,0.02,37.7,43.1,48.5,35.1,1.17,4.92
GAB_HEN,4/15/24,0.14,39.5,45.6,51.7,40.7,0.07,5.85
GAB_HEN,4/16/24,0,34.6,48,61.5,37.4,0.12,10.64
GAB_HEN,4/17/24,0,37.6,52.3,67,32,1.23,16.66
GAB_HEN,4/18/24,0.2,41.9,53.2,64.5,38.4,0.45,13.47
GAB_HEN,4/19/24,0.03,42.9,45.1,47.2,40.1,0.66,3.4
GAB_HEN,4/20/24,0.02,45.7,54.1,62.5,41.7,1.25,10.76
GAB_HEN,4/21/24,0,31.5,46.1,60.6,30.3,0.89,12.43
GAB_HEN,4/22/24,0,33,40.1,47.3,26.3,1.18,6.49
GAB_HEN,4/23/24,0,29.9,43.3,56.6,21,0.81,12.53
GAB_HEN,4/24/24,0,41.5,55.1,68.7,29.9,2.9,18.81
GAB_HEN,4/25/24,0.07,26.6,43.4,60.1,32.4,0.4,8.43
GAB_HEN,4/26/24,0,28.7,41.8,54.9,20,0.88,11.29
GAB_HEN,4/27/24,0,31.3,46.4,61.5,23.4,0.88,15.08
GAB_HEN,4/28/24,0.11,42.9,55,67,34.9,1.73,16.7
GAB_HEN,4/29/24,0.11,49.4,62.6,75.8,54.7,0.62,15.13
GAB_HEN,4/30/24,0.31,47,55,62.9,44.3,0.43,9.32
GAB_HEN,5/1/24,0.62,48.8,60,71.1,53.6,0.11,11.69
GAB_HEN,5/2/24,0,50,60.2,70.4,52.4,0.28,12.39
GAB_HEN,5/3/24,0,47.9,61.8,75.8,47.5,0.56,20.19
GAB_HEN,5/4/24,0,47.6,60,72.3,46.5,0.95,15.87
GAB_HEN,5/5/24,0.29,48.5,58.8,69.1,46.4,0.63,13.2
GAB_HEN,5/6/24,0.96,48.5,50.5,52.5,48.8,0.34,1.21
GAB_HEN,5/7/24,0,43,58.4,73.8,48.4,0.28,16.66
GAB_HEN,5/8/24,0.19,49,62.6,76.3,44.6,0.48,21.83
GAB_HEN,5/9/24,0.41,49.8,64.1,78.3,50.4,0.41,22.09
GAB_HEN,5/10/24,0,49.4,57,64.6,43.5,1.64,11.5
GAB_HEN,5/11/24,0,46.8,53.6,60.5,43.2,0.86,9.49
GAB_HEN,5/12/24,0.09,46.4,55.4,64.4,43.6,0.65,11.52
GAB_HEN,5/13/24,0.01,40.7,49.4,58,44.6,0.12,6.06
GAB_HEN,5/14/24,0.02,48.2,58.9,69.6,48.8,0.52,14.17
GAB_HEN,5/15/24,0.17,58.1,69.9,81.8,54.5,0.69,23
GAB_HEN,5/16/24,0.45,56,60.8,65.7,58.7,0.08,3.86
GAB_HEN,5/17/24,0,48.9,60.9,72.9,54.7,0.09,12.88
GAB_HEN,5/18/24,0,54.8,65.7,76.5,53.1,1.33,16.92
GAB_HEN,5/19/24,0,51.3,63.1,74.9,52.6,0.35,15.78
GAB_HEN,5/20/24,0,54.5,66.3,78.1,55.1,0.72,17.7
GAB_HEN,5/21/24,0,59.4,71.4,83.4,58.7,0.97,23.29
GAB_HEN,5/22/24,0.01,62,73.7,85.3,63.5,0.64,20.09
GAB_HEN,5/23/24,0.05,65.4,77.5,89.5,63.2,1.24,28.78
GAB_HEN,5/24/24,0.01,50.6,65.3,80,55.6,0.29,20.83
GAB_HEN,5/25/24,0,47.7,64.3,80.9,46.6,0.94,25.11
GAB_HEN,5/26/24,0.02,57.7,68.2,78.6,54.8,0.77,20.85
GAB_HEN,5/27/24,0,63.5,73.4,83.3,59.7,2.14,24.2
GAB_HEN,5/28/24,0.53,61.3,70.6,80,64.2,0.51,14.59
GAB_HEN,5/29/24,0.07,55.3,64.9,74.5,55.6,0.9,13.69
GAB_HEN,5/30/24,0,52.9,63.7,74.4,48.5,2.54,18.12
GAB_HEN,5/31/24,0,42.8,55.9,69.1,42.8,0.41,15.77
GAB_HEN,6/1/24,0,47.1,61.8,76.5,42.8,1,22.91
GAB_HEN,6/2/24,0,50.1,66.4,82.7,48.2,0.78,28.21
GAB_HEN,6/3/24,0,58.3,71.2,84,53.7,1.86,29.47
GAB_HEN,6/4/24,0,55.1,70.5,85.9,53.5,0.9,30.43
GAB_HEN,6/5/24,0,61.5,74.7,88,60.2,1.75,28.76
GAB_HEN,6/6/24,0.05,66.6,77.4,88.2,62.1,1.65,30.62
GAB_HEN,6/7/24,0.31,60.2,70.8,81.3,64.3,0.14,13.17
GAB_HEN,6/8/24,0.64,54.7,65.8,76.9,57,0.43,15.38
GAB_HEN,6/9/24,0.42,54.8,62.2,69.5,53.3,0.38,10.57
GAB_HEN,6/10/24,0.29,53.1,61.7,70.2,52.1,0.29,11.8
GAB_HEN,6/11/24,0,55.8,61,66.2,51.8,1.89,8.08
GAB_HEN,6/12/24,0,54.5,60.8,67.1,53.8,0.6,8.59
GAB_HEN,6/13/24,0,49.5,61.5,73.5,52.7,0.22,14.11
GAB_HEN,6/14/24,0.03,58.4,71.8,85.1,58.8,0.49,24.39
GAB_HEN,6/15/24,0.02,58.8,71.4,84.1,57.9,1.16,24.65
GAB_HEN,6/16/24,0,45.1,60.4,75.8,46.9,0.29,18.57
GAB_HEN,6/17/24,0,54.5,65,75.5,49.7,1.61,20
GAB_HEN,6/18/24,0,64.2,75.7,87.1,65.8,0.62,20.43
GAB_HEN,6/19/24,0,71.9,82.4,93,70.8,2.5,26.35
GAB_HEN,6/20/24,0.45,70.7,81.9,93.1,72.4,0.97,23.64
GAB_HEN,6/21/24,0.39,68.4,81.3,94.3,70.9,0.03,27.7
GAB_HEN,6/22/24,0.08,67.9,76.6,85.4,69.2,0.41,15.72
GAB_HEN,6/23/24,0.76,68.6,73.1,77.6,69.8,0.26,6.23
GAB_HEN,6/24/24,0.78,65.3,75.2,85.1,69.1,0.61,12.96
GAB_HEN,6/25/24,0.13,55.4,64,72.7,58.1,0.17,10.32
GAB_HEN,6/26/24,0,63.9,75,86,59.9,2.35,28.02
GAB_HEN,6/27/24,0.02,62.5,73.7,84.8,60.4,1.83,24.5
GAB_HEN,6/28/24,0,47.6,63,78.4,51,0.69,17.19
GAB_HEN,6/29/24,0.07,55.9,66,76.2,47.6,1.04,20.83
GAB_HEN,6/30/24,0.67,57.6,66.7,75.8,67.3,0.56,4.41
GAB_HEN,7/1/24,0.05,60.9,73.7,86.6,62.3,1.08,20.86
GAB_HEN,7/2/24,0,50.8,64.4,78,54.1,0.19,19.73
GAB_HEN,7/3/24,0,58.1,70.6,83.1,57.6,0.22,24.28
GAB_HEN,7/4/24,0,66,74.9,83.8,57.9,4.6,23.01
GAB_HEN,7/5/24,0,71.1,78.2,85.2,68.7,0.65,16.46
GAB_HEN,7/6/24,0.22,73.7,80.6,87.6,72.7,0.74,18.12
GAB_HEN,7/7/24,0.3,66.7,78.1,89.5,71,0.36,19.42
GAB_HEN,7/8/24,0,62.7,75.2,87.6,65.1,0.24,23.97
GAB_HEN,7/9/24,0,67.4,78.7,90,67,0.54,27.61
GAB_HEN,7/10/24,0,72.2,82.1,92,72,1.02,24.9
GAB_HEN,7/11/24,0.33,74,83.4,92.9,73.4,0.9,22.95
GAB_HEN,7/12/24,0,71.1,77.7,84.2,68.6,2.47,16.34
GAB_HEN,7/13/24,0.09,68.9,76.9,84.8,69.3,0.66,17.26
GAB_HEN,7/14/24,0,63.6,76.6,89.6,66.8,0.73,24.98
GAB_HEN,7/15/24,0,67.6,77.9,88.1,64.7,1.67,27.54
GAB_HEN,7/16/24,0.16,69.9,80.8,91.7,70.2,0.46,24.83
GAB_HEN,7/17/24,1.44,66.8,79,91.1,69.5,0.27,23.88
GAB_HEN,7/18/24,0.66,67.2,77.4,87.6,70.1,0.29,19.02
GAB_HEN,7/19/24,0,57,69.4,81.7,58,0.5,20.83
GAB_HEN,7/20/24,0,56.9,69.2,81.6,57.7,0.31,21.15
GAB_HEN,7/21/24,0,58.3,71.5,84.6,61.2,0.29,22.11
GAB_HEN,7/22/24,0.03,60.1,70.6,81.1,62.8,0.13,16.02
GAB_HEN,7/23/24,0.33,63.8,74.4,85.1,66.5,0.1,21.84
GAB_HEN,7/24/24,0.45,66.3,74.3,82.2,67,0.26,15.37
GAB_HEN,7/25/24,0,68.7,75.5,82.4,68.9,0.7,13.3
GAB_HEN,7/26/24,0,60.2,70.3,80.5,57.6,2.54,20.7
GAB_HEN,7/27/24,0,56.6,69.7,82.9,57.9,0.3,23.37
GAB_HEN,7/28/24,0,59.2,72,84.7,60.7,0.39,23.57
GAB_HEN,7/29/24,0,65,75.3,85.6,64.9,0.47,23.44
GAB_HEN,7/30/24,0.17,65.1,73.3,81.5,66.5,0.22,14.36
GAB_HEN,7/31/24,0.01,68.9,78.3,87.6,69.8,0.7,19.06
GAB_HEN,8/1/24,0.44,68.4,77.7,87,71.9,0.2,16.58
GAB_HEN,8/2/24,0,66.5,77.7,88.8,69.5,0.29,21.69
GAB_HEN,8/3/24,0.46,71,79.1,87.1,71.4,0.27,17.57
GAB_HEN,8/4/24,0.04,71.7,78.3,84.9,72.1,0.32,14.99
GAB_HEN,8/5/24,0.03,65.6,75.4,85.2,69.5,0.81,14.17
GAB_HEN,8/6/24,0.73,64.1,73.8,83.6,68.2,0.29,16.25
GAB_HEN,8/7/24,0.38,59.7,66,72.2,61.8,0.29,7.62
GAB_HEN,8/8/24,0,56.9,67.8,78.6,59.2,0.14,17.2
GAB_HEN,8/9/24,0.92,60.5,66.6,72.6,63.1,0.08,10.2
GAB_HEN,8/10/24,1.97,66.5,72.5,78.6,70.9,0.18,6.74
GAB_HEN,8/11/24,0,55.5,68.3,81.1,58.2,0.29,19.98
GAB_HEN,8/12/24,0.05,55,67,79.1,57.6,0.07,18.15
GAB_HEN,8/13/24,0.03,54.1,63.7,73.4,57.6,0.16,11.5
GAB_HEN,8/14/24,0,57.1,68.3,79.4,60.6,0,16.07
GAB_HEN,8/15/24,0,58.5,71.1,83.7,61.6,0.19,20.63
GAB_HEN,8/16/24,0.03,61.2,72,82.7,63.8,0.24,16.32
GAB_HEN,8/17/24,0,64.2,74.1,84,66,0.52,18.34
GAB_HEN,8/18/24,0.06,67.2,74,80.7,65.3,1.52,14.07
GAB_HEN,8/19/24,0.17,66.4,70.6,74.9,65.7,0.67,7.77
GAB_HEN,8/20/24,0.13,55.3,68.5,81.7,61.9,0.35,12.66
GAB_HEN,8/21/24,0.01,50.9,59.3,67.8,51,0.06,11.12
GAB_HEN,8/22/24,0.12,52.5,61.2,69.9,53.2,0.42,10.98
GAB_HEN,8/23/24,0,53.2,63.1,73.1,55.6,0.22,13.08
GAB_HEN,8/24/24,0,54.4,66.9,79.4,57,0.23,19.26
GAB_HEN,8/25/24,0,56.7,69,81.2,59,0.34,19.97
GAB_HEN,8/26/24,0.03,58.8,70.2,81.6,61.9,0.16,18.13
GAB_HEN,8/27/24,0,58.3,70.6,82.9,62.2,0.08,19.25
GAB_HEN,8/28/24,0,60.4,71.8,83.2,64.1,0.05,19.67
GAB_HEN,8/29/24,0.02,57.8,71.1,84.4,61,2.22,16.05
GAB_HEN,8/30/24,0,59.5,67.2,75,58.1,0.73,12.48
GAB_HEN,8/31/24,0,62.5,69.4,76.2,56.7,3.15,15.51
GAB_HEN,9/1/24,0.27,64.9,70.2,75.5,66.5,0.27,8.45
GAB_HEN,9/2/24,0.07,56.5,70.7,84.9,63.1,0.23,22.82
GAB_HEN,9/3/24,0,44.1,59,73.8,48.2,0.16,17.1
GAB_HEN,9/4/24,0,47.1,60.3,73.6,49.3,0.01,17.02
GAB_HEN,9/5/24,0,50.5,64.4,78.3,54.2,0.09,19.59
GAB_HEN,9/6/24,0,49.5,65.1,80.6,54.6,0.17,20.42
GAB_HEN,9/7/24,0,53.8,66.2,78.6,59.2,0.24,15.77
GAB_HEN,9/8/24,0.55,48.1,60.7,73.3,55.2,0.13,9.57
GAB_HEN,9/9/24,0.02,45.9,54.9,63.9,45.5,0.54,10.53
GAB_HEN,9/10/24,0.07,49.4,60.1,70.8,54.9,0,12.15
GAB_HEN,9/11/24,0,45.1,59.8,74.4,48.1,0.09,19.93
GAB_HEN,9/12/24,0,48.1,62.3,76.5,51.2,0.16,19.33
GAB_HEN,9/13/24,0,52.4,66.5,80.5,58.6,0.13,18.19
GAB_HEN,9/14/24,0,55.2,68.8,82.4,60.2,0.16,19.08
GAB_HEN,9/15/24,0,56.8,70.7,84.6,61.5,0.16,21.8
GAB_HEN,9/16/24,0,56.4,70.4,84.3,61.3,0.29,21.8
GAB_HEN,9/17/24,0,53.6,68.3,83,57.6,0.26,22.08
GAB_HEN,9/18/24,0,54.3,67,79.8,58.3,0.17,17.81
GAB_HEN,9/19/24,0,55.4,67.5,79.5,60.4,0.1,16.85
GAB_HEN,9/20/24,0,55.5,69.9,84.4,58.6,0.2,24.35
GAB_HEN,9/21/24,0,53.9,66.6,79.4,58.8,0.14,16.88
GAB_HEN,9/22/24,0,51.4,64.8,78.3,55,0.26,18.18
GAB_HEN,9/23/24,0,51.7,63,74.4,52.1,0.6,14.18
GAB_HEN,9/24/24,0,45.9,57.1,68.3,50,0.15,11.03
GAB_HEN,9/25/24,0.21,48.8,60.2,71.5,50,0.08,14.42
GAB_HEN,9/26/24,0.53,54.2,57.6,61,56,0.2,3.56
GAB_HEN,9/27/24,0.48,57.8,61.1,64.4,61.6,0,0.9
GAB_HEN,9/28/24,0,54.1,64.1,74.2,57.6,0.05,13.21
GAB_HEN,9/29/24,0,55.7,67.1,78.5,59.1,0.34,15.56
GAB_HEN,9/30/24,0,52.6,62.6,72.6,56.1,0.01,11.4
GAB_HEN,10/1/24,0,52.1,63.4,74.6,57.3,0.04,12
GAB_HEN,10/2/24,0,52.9,62.8,72.7,52.9,0.23,13.89
GAB_HEN,10/3/24,0,54.2,61.9,69.6,52.6,0.68,11.84
GAB_HEN,10/4/24,0,47.4,59.7,72.1,51.6,0.06,13.56
GAB_HEN,10/5/24,0.07,49,61.2,73.3,54.3,0.06,15.03
GAB_HEN,10/6/24,0,39.1,54.2,69.4,46.4,0,14.08
GAB_HEN,10/7/24,0,40.9,55.8,70.7,49.1,0.04,15.38
GAB_HEN,10/8/24,0,39.3,54.8,70.4,46.1,0.09,15.62
GAB_HEN,10/9/24,0.02,40.2,51.9,63.6,42.3,0.07,11.6
GAB_HEN,10/10/24,0.05,37.5,48.9,60.3,41.4,0.06,9.85
GAB_HEN,10/11/24,0,38.2,48.1,58.1,38.2,0.25,9.05
GAB_HEN,10/12/24,0,41.2,52,62.8,43.9,0.37,10.48
GAB_HEN,10/13/24,0.12,37.1,51.9,66.7,34.8,0.2,17.58
GAB_HEN,10/14/24,0.64,42,44.2,46.4,43.6,0.12,0.98
GAB_HEN,10/15/24,0.29,33.2,40.7,48.2,40.1,0.02,1.22
GAB_HEN,10/16/24,0,35,44.1,53.2,35.8,0.04,6.96
GAB_HEN,10/17/24,0,28.5,41.6,54.7,33,0.01,7.96
GAB_HEN,10/18/24,0,29.7,43.6,57.5,34.3,0.02,9.43
GAB_HEN,10/19/24,0,31.6,48.1,64.5,36.2,0.02,13.95
GAB_HEN,10/20/24,0,31.9,49.3,66.8,37.5,0.05,14.48
GAB_HEN,10/21/24,0,33.1,51.5,69.9,40.8,0.04,16.73
GAB_HEN,10/22/24,0,43.9,59.9,75.9,47.6,0.25,19.19
GAB_HEN,10/23/24,0,47.1,62.8,78.4,51,0.24,19.67
GAB_HEN,10/24/24,0.03,49.7,64,78.2,47.4,0.86,24.67
GAB_HEN,10/25/24,0,31.9,45.3,58.6,39.3,0.08,7.8
GAB_HEN,10/26/24,0,32.3,44.3,56.3,38.1,0.04,8.49
GAB_HEN,10/27/24,0,27.9,44.5,61,27.9,0.51,13.46
GAB_HEN,10/28/24,0,30.2,42,53.7,29,0.61,9.28
GAB_HEN,10/29/24,0,30.8,39.6,48.4,29.4,0.57,5.96
GAB_HEN,10/30/24,0.14,37.8,46.9,56.1,45.5,0.26,4.92
GAB_HEN,10/31/24,0,50,62.5,74.9,52.9,0.69,14.49
GAB_HEN,11/1/24,0.01,50.3,64.7,79.1,54.2,0.7,20.19
GAB_HEN,11/2/24,0,43.2,57.5,71.8,42.5,1.25,14.87
GAB_HEN,11/3/24,0.02,26,38.7,51.5,32.3,0.1,6.37
GAB_HEN,11/4/24,0,25.9,37.4,49,25.2,0.21,7.63
GAB_HEN,11/5/24,0,32.3,43.1,53.9,37.6,0.75,6.95
GAB_HEN,11/6/24,0,51.5,62,72.6,52.1,1.19,13.91
GAB_HEN,11/7/24,0,50.5,62.7,74.9,55,0.54,12.62
GAB_HEN,11/8/24,0,33.7,47.9,62.1,38.6,0.18,10.42
GAB_HEN,11/9/24,0,33.1,46,58.8,33.1,0.79,9.09
GAB_HEN,11/10/24,0,25.1,37.7,50.4,23,0.28,9.09
GAB_HEN,11/11/24,0.08,27.3,41.9,56.5,34.9,0.47,11.31
GAB_HEN,11/12/24,0.02,42.5,51.6,60.8,42.6,0.71,8.68
GAB_HEN,11/13/24,0,26.1,35.9,45.6,23,0.97,5.9
GAB_HEN,11/14/24,0,20.7,32.4,44.2,20.4,0.23,6.27
GAB_HEN,11/15/24,0,22.5,33.8,45,19.5,0.4,7.46
GAB_HEN,11/16/24,0,25.4,37.3,49.2,21.5,0.62,8.4
GAB_HEN,11/17/24,0,27,42.8,58.5,24.4,0.34,13.23
GAB_HEN,11/18/24,0.02,28.3,41,53.8,31.2,0.37,8.72
GAB_HEN,11/19/24,0,30.3,45.1,60,34.4,0.36,10.66
GAB_HEN,11/20/24,0,30,42,54,33.5,0.24,7.66
GAB_HEN,11/21/24,0.11,38.6,46.3,54.1,37,0.34,6.93
GAB_HEN,11/22/24,0.82,39,41.7,44.4,39.7,0.24,1.62
GAB_HEN,11/23/24,0.16,36.4,40.6,44.8,35.9,0.12,3.78
GAB_HEN,11/24/24,0.04,36.9,42.2,47.5,33.8,0.31,4.49
GAB_HEN,11/25/24,0,27.1,37,47,25.2,0.76,6.4
GAB_HEN,11/26/24,0.25,26.5,36.4,46.4,26.3,0.23,6.17
GAB_HEN,11/27/24,0.48,32.3,39.7,47.1,34.8,0.08,3.51
GAB_HEN,11/28/24,0.14,29.1,37.4,45.8,27.7,0.16,5.97
GAB_HEN,11/29/24,0.9,31.7,33.7,35.7,32.1,0.02,0.99
GAB_HEN,11/30/24,0,26.2,33.3,40.5,25.4,0.3,4.07
GAB_HEN,12/1/24,0,22.3,27.8,33.3,18.7,1.04,2.71
GAB_HEN,12/2/24,0,19.5,26.3,33.1,16.3,0.51,3.28
GAB_HEN,12/3/24,0,19.4,27,34.7,19.8,0.33,3.07
GAB_HEN,12/4/24,0,14.2,24.5,34.7,19,0.18,3.2
GAB_HEN,12/5/24,0.16,14.1,24.4,34.8,23.6,0.16,3.39
GAB_HEN,12/6/24,0.02,23.1,29.6,36.1,23.2,0.23,2.68
GAB_HEN,12/7/24,0,18.8,24.5,30.1,12.4,0.56,3.63
GAB_HEN,12/8/24,0.05,24.9,29.2,33.4,23.4,0.4,2.39
GAB_HEN,12/9/24,0,30.9,36.5,42,30.2,0.37,3.65
GAB_HEN,12/10/24,0.51,30.9,34,37.1,31.2,0.12,2.18
GAB_HEN,12/11/24,0.39,34.6,38.1,41.6,36.7,0.1,0.91
GAB_HEN,12/12/24,1.61,32.6,40.1,47.5,36.9,0.08,2.25
GAB_HEN,12/13/24,0,17.6,27.3,37,14.7,0.62,4.07
GAB_HEN,12/14/24,0,11.4,20.3,29.2,11.3,0.18,3.08
GAB_HEN,12/15/24,0,10.9,20.6,30.3,11.8,0.21,3.03
GAB_HEN,12/16/24,0.15,11.2,20.9,30.6,19.9,0.16,2.49
GAB_HEN,12/17/24,0.16,29.6,38.9,48.2,35.7,0.07,1.91
GAB_HEN,12/18/24,0,34.9,44,53,35.6,0.32,5.59
GAB_HEN,12/19/24,0.3,32.4,38.9,45.3,33.3,0.06,4.21
GAB_HEN,12/20/24,0,24.2,31.4,38.6,21.2,0.71,3.67
GAB_HEN,12/21/24,0.04,20.5,24.3,28,20.4,0.34,1.45
GAB_HEN,12/22/24,0,0.1,12,23.8,4.3,0.31,2.03
GAB_HEN,12/23/24,0,-6.3,2.8,11.9,-6.4,0.17,1.44
GAB_HEN,12/24/24,0.11,-5.8,9.7,25.2,5.3,0.19,2.45
GAB_HEN,12/25/24,0.01,21,24.6,28.3,20,0.37,1.24
GAB_HEN,12/26/24,0,1.3,12.7,24,8.5,0.16,1.46
GAB_HEN,12/27/24,0,5.3,12.6,20,9,0.17,0.9
GAB_HEN,12/28/24,0,7.4,17.1,26.8,16.6,0.2,1.39
GAB_HEN,12/29/24,0.03,26.8,32.2,37.6,31.6,0,1.17
GAB_HEN,12/30/24,0.19,33.7,46.1,58.4,43.1,0,3.46
GAB_HEN,12/31/24,0.14,37.2,47,56.9,36.5,0.81,7.64
,,,,,,,,
GAB_STE,1/1/24,0,26.4,29.3,32.3,22.7,0.68,2.14
GAB_STE,1/2/24,0,18.1,24,29.9,17.9,0.3,2.1
GAB_STE,1/3/24,0,20.4,28.1,35.8,22.4,0.51,2.99
GAB_STE,1/4/24,0,30.4,33.5,36.6,27.2,0.72,2.31
GAB_STE,1/5/24,0,11.5,25.2,38.9,14.5,0.33,3.77
GAB_STE,1/6/24,0,14.9,22.3,29.8,17.6,0.63,2.14
GAB_STE,1/7/24,0.25,25.9,29.2,32.4,21.4,0.69,2.56
GAB_STE,1/8/24,0.25,21.8,25.9,30,22,0.24,1.65
GAB_STE,1/9/24,0,15.6,26.2,36.8,19.5,0.21,3.24
GAB_STE,1/10/24,1.25,19.9,32.8,45.6,30.2,0.12,2.24
GAB_STE,1/11/24,0,32.3,39,45.6,29.3,0.24,4.29
GAB_STE,1/12/24,0,30.1,34.2,38.3,28.3,0.44,2.98
GAB_STE,1/13/24,0.38,29.4,37,44.6,28.3,0.32,5.16
GAB_STE,1/14/24,0.27,29.4,38.8,48.2,28,0.28,3.42
GAB_STE,1/15/24,0.01,11.5,22.9,34.3,10.7,0.4,3.4
GAB_STE,1/16/24,0,10,18,25.9,7.8,0.38,2.77
GAB_STE,1/17/24,0.28,9.1,15.8,22.6,12.5,0.29,1.18
GAB_STE,1/18/24,0,0.9,10.8,20.8,1,0.26,2.11
GAB_STE,1/19/24,0,7.4,17.4,27.4,10.1,0.21,2.78
GAB_STE,1/20/24,0,2.8,13.2,23.6,5.3,0.32,1.72
GAB_STE,1/21/24,0.03,0.3,6.8,13.3,0.4,0.29,1.21
GAB_STE,1/22/24,0,-0.5,10.1,20.7,0.9,0.23,2.15
GAB_STE,1/23/24,0,6.5,20.6,34.6,15.5,0.31,3.68
GAB_STE,1/24/24,0.19,28.8,32.4,36,26.9,0.21,2.58
GAB_STE,1/25/24,0.55,30.2,34.5,38.8,33.6,0.06,0.78
GAB_STE,1/26/24,0.61,33.3,38.2,43,36.4,0.03,1.27
GAB_STE,1/27/24,0.39,33.2,36.5,39.7,34.3,0.11,1.4
GAB_STE,1/28/24,0,32,35.7,39.3,32.8,0.04,1.82
GAB_STE,1/29/24,0.39,29.1,33.2,37.3,31,0.08,1.39
GAB_STE,1/30/24,0,25.8,28.7,31.6,23.7,0.54,1.53
GAB_STE,1/31/24,0,26.1,28.7,31.3,23.6,0.48,1.69
GAB_STE,2/1/24,0,28.8,31.7,34.7,28.6,0.4,1.62
GAB_STE,2/2/24,0.01,32,34.3,36.7,31.4,0.23,1.58
GAB_STE,2/3/24,0,24.4,32.1,39.8,25.4,0.15,2.57
GAB_STE,2/4/24,0,15.5,25,34.4,15.6,0.4,3.55
GAB_STE,2/5/24,0,16.3,27.1,37.8,16.4,0.42,4.37
GAB_STE,2/6/24,0,15.4,25.5,35.5,12.1,0.47,4.57
GAB_STE,2/7/24,0,14.8,26,37.2,16.9,0.29,4.06
GAB_STE,2/8/24,0,16.3,28.7,41.2,20.8,0.32,5.13
GAB_STE,2/9/24,0,22.9,37.1,51.4,23.2,0.34,9.35
GAB_STE,2/10/24,0,30.2,43,55.9,30.9,0.35,9.42
GAB_STE,2/11/24,0.22,31.8,45.7,59.5,35.9,0.22,8.57
GAB_STE,2/12/24,0,26.8,35.5,44.2,26.5,0.43,4.78
GAB_STE,2/13/24,0,25.8,31.7,37.5,24.6,0.3,3.14
GAB_STE,2/14/24,0,19.5,28.2,36.9,20,0.64,3.61
GAB_STE,2/15/24,0,12.7,21.5,30.4,5.5,0.69,3.88
GAB_STE,2/16/24,0.14,15.8,25.1,34.5,13.5,0.33,4.95
GAB_STE,2/17/24,0.05,21,27.6,34.2,14.8,0.39,4.03
GAB_STE,2/18/24,0,11.8,21.7,31.7,10.5,0.39,3.74
GAB_STE,2/19/24,0,17.7,24.3,30.8,13.1,0.88,3.22
GAB_STE,2/20/24,0,4.7,18,31.2,2.1,0.3,4.43
GAB_STE,2/21/24,0,6.3,21.9,37.5,10.1,0.27,5.07
GAB_STE,2/22/24,0,13.2,28.6,44,17.2,0.33,6.81
GAB_STE,2/23/24,0.11,26.3,34,41.7,28.7,0.18,4.1
GAB_STE,2/24/24,0,21.2,31.8,42.4,30.8,0.09,2.16
GAB_STE,2/25/24,0,6.7,17.3,27.9,4.7,0.31,3.2
GAB_STE,2/26/24,0,11,24.7,38.5,12.6,0.67,5.49
GAB_STE,2/27/24,0,25,40.7,56.4,25.3,0.36,10.36
GAB_STE,2/28/24,0.03,28,47.3,66.6,40,0.42,14.63
GAB_STE,2/29/24,0.31,18.8,38.9,58.9,34.2,0.55,4.11
GAB_STE,3/1/24,0,20.9,24.8,28.6,6,1.41,3.45
GAB_STE,3/2/24,0,22.6,33,43.5,20.2,1.09,6.02
GAB_STE,3/3/24,0.39,35.7,40.8,45.9,38.6,0.1,3.54
GAB_STE,3/4/24,0,38.1,44.2,50.3,40.4,0.42,2.73
GAB_STE,3/5/24,0,38.9,48,57.1,41.6,0.27,5.77
GAB_STE,3/6/24,0.8,41.1,43.6,46.2,41.7,0.08,2.44
GAB_STE,3/7/24,1.22,38.5,44.6,50.8,42.5,0.09,2.14
GAB_STE,3/8/24,0.01,28.7,36.1,43.5,32.2,0.17,2.64
GAB_STE,3/9/24,0,29,41.4,53.8,27.8,0.22,9.27
GAB_STE,3/10/24,1.42,33.7,39.5,45.2,31.4,0.17,5.39
GAB_STE,3/11/24,0.29,28.3,34.2,40.1,28,0.17,2.5
GAB_STE,3/12/24,0,28.7,36.1,43.5,20.8,1.17,6.32
GAB_STE,3/13/24,0,28.4,42.4,56.4,24.4,0.59,11.29
GAB_STE,3/14/24,0,30.4,46.4,62.4,33,0.42,12.16
GAB_STE,3/15/24,0.2,36.8,50.8,64.8,36.9,0.25,14.68
GAB_STE,3/16/24,0.04,34.6,41,47.4,37.9,0.2,2.8
GAB_STE,3/17/24,0.05,38.9,45.7,52.4,34.4,0.48,7.53
GAB_STE,3/18/24,0.02,31.3,40.3,49.3,28.3,1.01,6.75
GAB_STE,3/19/24,0,31.3,36,40.6,22.2,1.61,4.7
GAB_STE,3/20/24,0.01,31.5,36.2,40.8,23.1,0.51,5.15
GAB_STE,3/21/24,0.1,22.2,34.6,47.1,20.5,0.49,6.81
GAB_STE,3/22/24,0,19,26.6,34.2,7.1,1.74,4.5
GAB_STE,3/23/24,0.64,20.5,25.5,30.5,13.3,0.25,4.03
GAB_STE,3/24/24,1.19,11.9,21.8,31.6,21.6,0.19,0.84
GAB_STE,3/25/24,0,13.4,25.5,37.6,17.5,0.19,4.19
GAB_STE,3/26/24,0,18,33,48,18.8,0.31,8.15
GAB_STE,3/27/24,0,28.9,41.2,53.6,29.6,0.81,8.18
GAB_STE,3/28/24,0.31,37.6,40.9,44.1,38.4,0.17,1.86
GAB_STE,3/29/24,0,34.2,38.2,42.2,34.5,0.29,1.78
GAB_STE,3/30/24,0,35,42.8,50.5,23.1,1.69,8.73
GAB_STE,3/31/24,0,36.3,45.4,54.5,25.4,2.27,10
GAB_STE,4/1/24,0,31.6,42.3,53,28.7,0.77,8.41
GAB_STE,4/2/24,0,33.8,46.2,58.5,31.3,0.92,9.95
GAB_STE,4/3/24,0.03,35.4,43.3,51.1,35,0.44,6.59
GAB_STE,4/4/24,0.61,32.7,37.8,42.8,32,0.25,4.1
GAB_STE,4/5/24,0.22,32,34.4,36.8,30.7,0.21,1.83
GAB_STE,4/6/24,0.04,33.2,38.1,43,31.6,0.22,3.64
GAB_STE,4/7/24,0,33.8,40.1,46.4,29.9,1.02,5.18
GAB_STE,4/8/24,0,27.5,40.9,54.3,27.1,0.3,9.76
GAB_STE,4/9/24,0,31.8,47.9,64.1,30.5,0.47,15.2
GAB_STE,4/10/24,0.04,39.4,55.5,71.5,35.2,0.8,20.07
GAB_STE,4/11/24,0.16,45.6,53.3,61.1,46.4,0.31,9.71
GAB_STE,4/12/24,0.25,48.2,56.5,64.7,52.9,0.51,4.75
GAB_STE,4/13/24,1.29,44.1,56.4,68.7,49,1.05,7.64
GAB_STE,4/14/24,0.03,37.5,44.1,50.7,34.9,1.14,6.03
GAB_STE,4/15/24,0.11,39.9,45.8,51.6,39.9,0.1,6.02
GAB_STE,4/16/24,0,33.5,47,60.6,37.4,0.08,10.08
GAB_STE,4/17/24,0,36,51.5,67,31.3,0.9,17.22
GAB_STE,4/18/24,0.17,41.3,52.6,64,37,0.58,13.49
GAB_STE,4/19/24,0.07,42.4,44.9,47.4,39.5,0.66,3.91
GAB_STE,4/20/24,0.03,46,54.4,62.8,41.5,1.39,11.1
GAB_STE,4/21/24,0,32.2,46,59.8,29.8,0.98,12.13
GAB_STE,4/22/24,0,33.9,40.3,46.7,25.8,1.63,6.36
GAB_STE,4/23/24,0,27.9,42,56,20.7,0.36,12.35
GAB_STE,4/24/24,0,39.3,53.8,68.2,29.7,1.87,18.54
GAB_STE,4/25/24,0.05,26.4,42.7,59,31.5,0.58,7.8
GAB_STE,4/26/24,0,28.2,41.6,54.9,19.6,0.88,11.39
GAB_STE,4/27/24,0,31.3,46.3,61.3,23.5,0.87,15.12
GAB_STE,4/28/24,0.05,40.4,53.7,66.9,34.8,1.09,16.81
GAB_STE,4/29/24,0.12,49.2,62.6,76,53.7,0.61,15.55
GAB_STE,4/30/24,0.57,46.8,55.2,63.5,43.2,0.76,10.1
GAB_STE,5/1/24,0.76,48.4,58.9,69.3,52.4,0.19,9.92
GAB_STE,5/2/24,0,49.4,59.4,69.3,52,0.22,11.11
GAB_STE,5/3/24,0,46.6,61.1,75.5,46.9,0.44,20.41
GAB_STE,5/4/24,0,45.6,58.7,71.8,46.1,0.37,15.72
GAB_STE,5/5/24,0.25,48.1,57.9,67.7,45.8,0.7,12.38
GAB_STE,5/6/24,0.91,48.1,50.2,52.3,48.6,0.28,1.15
GAB_STE,5/7/24,0,42.1,57.6,73.1,48.7,0.19,15.74
GAB_STE,5/8/24,0.2,47.8,61.7,75.6,44.3,0.41,21.13
GAB_STE,5/9/24,0.46,49.7,63.6,77.5,49.7,0.51,21.39
GAB_STE,5/10/24,0,48.5,56.2,63.8,42.8,1.51,11.25
GAB_STE,5/11/24,0,46.5,53.2,60,42.4,0.92,9.57
GAB_STE,5/12/24,0.08,46.5,55.1,63.6,42.7,0.91,11.21
GAB_STE,5/13/24,0.03,40.5,49,57.6,44.4,0.09,6.02
GAB_STE,5/14/24,0.01,47.5,58.1,68.7,48.6,0.39,13.47
GAB_STE,5/15/24,0.13,57.7,69.4,81,53.9,0.68,22.33
GAB_STE,5/16/24,0.37,54.9,59.9,65,58.1,0.02,3.73
GAB_STE,5/17/24,0,47.1,60,72.9,53.9,0,13.5
GAB_STE,5/18/24,0,54.4,65.2,75.9,52.6,1.3,16.69
GAB_STE,5/19/24,0,49.7,62,74.4,52.1,0.14,15.72
GAB_STE,5/20/24,0,53.4,65.5,77.6,54.5,0.53,17.61
GAB_STE,5/21/24,0,58.1,70.6,83,58.5,0.52,23.09
GAB_STE,5/22/24,0.18,62.1,73.4,84.7,63.2,0.69,19.49
GAB_STE,5/23/24,0.04,64.8,76.8,88.9,63,0.96,28.01
GAB_STE,5/24/24,0.02,48.4,64.2,79.9,55.2,0.02,21.15
GAB_STE,5/25/24,0,46.8,63.6,80.3,46.4,0.7,24.59
GAB_STE,5/26/24,0.02,57.1,67.4,77.8,54.1,0.75,20.55
GAB_STE,5/27/24,0,62.8,72.8,82.8,58.8,2.25,24.33
GAB_STE,5/28/24,0.51,61.4,70.5,79.5,63.7,0.56,14.29
GAB_STE,5/29/24,0.03,53.9,63.9,74,55.1,0.47,13.52
GAB_STE,5/30/24,0,51.4,62.5,73.6,48.2,1.93,17.17
GAB_STE,5/31/24,0,40.5,54.5,68.5,42.5,0.11,15.35
GAB_STE,6/1/24,0,46.4,61.7,77,42.6,0.8,23.58
GAB_STE,6/2/24,0,50.5,66.6,82.7,48.4,0.9,28.31
GAB_STE,6/3/24,0,56.9,70.1,83.3,52.6,1.82,29.16
GAB_STE,6/4/24,0,54.5,70.3,86.2,53.2,0.85,31.17
GAB_STE,6/5/24,0,61.3,74.5,87.7,60.1,1.48,28.68
GAB_STE,6/6/24,0.17,66.6,77.5,88.4,61.4,1.9,32.09
GAB_STE,6/7/24,0.3,60.7,70.9,81.1,63.7,0.25,13.32
GAB_STE,6/8/24,0.59,55.1,65.5,75.9,56.6,0.59,14.77
GAB_STE,6/9/24,0.45,55.1,62.1,69,53.1,0.45,10.35
GAB_STE,6/10/24,0.2,53.1,61.4,69.7,51.7,0.36,11.85
GAB_STE,6/11/24,0,56.1,60.9,65.7,51.8,1.97,7.89
GAB_STE,6/12/24,0,54.6,61.3,68,53.5,0.63,9.4
GAB_STE,6/13/24,0,49.7,61.6,73.5,52.4,0.25,14.46
GAB_STE,6/14/24,0.04,58,71.5,84.9,58.4,0.49,24.43
GAB_STE,6/15/24,0,58.3,70.8,83.3,57.5,1,23.36
GAB_STE,6/16/24,0,44.8,60.3,75.8,46.1,0.48,18.93
GAB_STE,6/17/24,0,53.5,64.2,74.9,49.5,1.05,19.43
GAB_STE,6/18/24,0,63.5,75.3,87.1,65.6,0.5,20.52
GAB_STE,6/19/24,0,71.8,82.1,92.3,70.8,2.45,25.46
GAB_STE,6/20/24,0.54,70.6,81.3,91.9,72.2,1.07,21.36
GAB_STE,6/21/24,0.21,68.5,81.3,94,70.6,0.04,27.57
GAB_STE,6/22/24,0.04,68.5,76.5,84.5,68.4,0.76,15.02
GAB_STE,6/23/24,0.59,68.3,71.9,75.5,68.4,0.35,5.21
GAB_STE,6/24/24,0.67,65.2,75,84.7,68.6,0.9,13.02
GAB_STE,6/25/24,0.25,53.4,62.7,71.9,57.4,0,10
GAB_STE,6/26/24,0,62,73.8,85.6,59.7,1.51,27.77
GAB_STE,6/27/24,0.02,62.1,73.3,84.4,60.4,1.64,24.19
GAB_STE,6/28/24,0,47,62.4,77.8,50.5,0.75,16.86
GAB_STE,6/29/24,0.08,55.1,65.8,76.6,47.7,0.93,21.66
GAB_STE,6/30/24,0.64,57.4,66.1,74.8,66.6,0.7,4.13
GAB_STE,7/1/24,0.05,61.6,74,86.4,61.8,1.57,21.52
GAB_STE,7/2/24,0,50.7,64.6,78.6,53.3,0.33,20.95
GAB_STE,7/3/24,0,56.9,70,83.2,56.8,0,24.98
GAB_STE,7/4/24,0,66.5,75.3,84.2,57.6,4.89,23.97
GAB_STE,7/5/24,0,70.9,77.9,84.8,68.5,0.61,16
GAB_STE,7/6/24,0.14,73.8,80.6,87.4,72,0.99,19.02
GAB_STE,7/7/24,0.2,67.2,78.6,89.9,70.1,0.64,21.2
GAB_STE,7/8/24,0,62.9,75.7,88.5,64.6,0.43,26.33
GAB_STE,7/9/24,0,66.6,78.6,90.6,65.9,0.66,29.95
GAB_STE,7/10/24,0,72.3,82.2,92.1,71,1.64,26.78
GAB_STE,7/11/24,0.55,74.4,83.7,93.1,73,1.35,23.95
GAB_STE,7/12/24,0,71.2,77.5,83.7,68.5,2.45,15.78
GAB_STE,7/13/24,0.12,68.8,77,85.1,69,0.58,18.4
GAB_STE,7/14/24,0,64.3,76.7,89.2,67,0.98,24.33
GAB_STE,7/15/24,0,67.8,77.8,87.9,64.5,2.04,26.96
GAB_STE,7/16/24,0.22,70,80.9,91.8,69.9,0.57,25.56
GAB_STE,7/17/24,1.49,66.9,79.2,91.5,69.2,0.49,24.93
GAB_STE,7/18/24,0.65,67.5,77.4,87.3,69.6,0.38,18.87
GAB_STE,7/19/24,0,56.4,69.3,82.1,57.6,0.43,22.14
GAB_STE,7/20/24,0,57.5,69.8,82,57.3,0.5,22.26
GAB_STE,7/21/24,0,58.6,71.8,84.9,60,0.73,23.74
GAB_STE,7/22/24,0.01,59.4,70.4,81.4,61.6,0.15,17.67
GAB_STE,7/23/24,0.53,63.7,74.2,84.6,65.9,0.12,22.52
GAB_STE,7/24/24,0.22,67.1,74.4,81.6,66.5,0.41,15.45
GAB_STE,7/25/24,0.01,69,76,83,68.4,0.88,14.83
GAB_STE,7/26/24,0,61.4,70.7,79.9,57.6,3.12,19.87
GAB_STE,7/27/24,0,56.9,69.8,82.7,57.3,0.49,23.51
GAB_STE,7/28/24,0,59.6,72,84.5,60.1,0.61,23.64
GAB_STE,7/29/24,0,64.5,75.1,85.8,64.4,0.49,24.19
GAB_STE,7/30/24,0.18,65.6,73.5,81.5,66.1,0.45,14.62
GAB_STE,7/31/24,0,69,78.3,87.7,69.7,0.9,18.91
GAB_STE,8/1/24,0.46,68.4,77.6,86.9,71.2,0.25,17.19
GAB_STE,8/2/24,0.09,67.3,77.5,87.7,69.4,0.4,19.46
GAB_STE,8/3/24,0.36,71.1,79.3,87.5,70.8,0.38,19.16
GAB_STE,8/4/24,0.05,72.3,78.5,84.7,71.7,0.54,14.98
GAB_STE,8/5/24,0.02,65.2,75.5,85.7,68.9,0.81,15.48
GAB_STE,8/6/24,0.79,64.1,73.5,83,67.3,0.32,15.81
GAB_STE,8/7/24,0.27,59.1,65.8,72.4,61.2,0.28,8.61
GAB_STE,8/8/24,0,56.7,68.1,79.6,58.1,0.16,19.75
GAB_STE,8/9/24,0.97,59.7,66.2,72.7,62,0.11,11.41
GAB_STE,8/10/24,1.95,66.4,72,77.7,70.1,0.21,6.33
GAB_STE,8/11/24,0,55.8,68.6,81.3,57.6,0.48,20.82
GAB_STE,8/12/24,0.09,54.9,66.9,78.9,57.3,0.1,18.18
GAB_STE,8/13/24,0.1,54.4,64,73.5,57.3,0.22,11.89
GAB_STE,8/14/24,0,56.3,68.1,79.9,59.8,0.01,17.44
GAB_STE,8/15/24,0,59.1,71.3,83.4,61.2,0.41,20.58
GAB_STE,8/16/24,0.03,61.3,71.9,82.4,63.5,0.28,16.06
GAB_STE,8/17/24,0,64,73.8,83.6,65.6,0.59,17.92
GAB_STE,8/18/24,0.05,67.9,74,80.2,64.9,2.12,13.58
GAB_STE,8/19/24,0.13,66.2,70.2,74.2,64.8,0.84,7.81
GAB_STE,8/20/24,0.2,55.1,68.3,81.4,61.1,0.52,13.05
GAB_STE,8/21/24,0.02,51.1,59.5,68,50.6,0.22,11.69
GAB_STE,8/22/24,0.35,52.6,60.3,68,53.3,0.43,9.24
GAB_STE,8/23/24,0,54.2,63.5,72.7,55.2,0.51,12.98
GAB_STE,8/24/24,0,54.9,67.1,79.3,56.7,0.3,19.03
GAB_STE,8/25/24,0,56.9,69,81.2,58.5,0.49,20.57
GAB_STE,8/26/24,0.02,59.1,70.2,81.4,60.9,0.29,18.54
GAB_STE,8/27/24,0,58.4,70.5,82.7,61.3,0.14,19.48
GAB_STE,8/28/24,0,59.3,70.9,82.4,63.3,0.06,18.62
GAB_STE,8/29/24,0.03,56.2,70.2,84.1,60,1.87,16.52
GAB_STE,8/30/24,0,57.2,66.6,75.9,56.7,0.31,14.72
GAB_STE,8/31/24,0,61.6,68.5,75.3,56.1,2.81,14.83
GAB_STE,9/1/24,0.33,64.6,70.1,75.6,65.7,0.32,9.22
GAB_STE,9/2/24,0.05,56.4,70.5,84.6,62.3,0.32,22.67
GAB_STE,9/3/24,0,44.1,58.7,73.4,47.5,0.22,16.85
GAB_STE,9/4/24,0,47,60.4,73.8,48.6,0.16,17.56
GAB_STE,9/5/24,0,50.9,64.5,78,53.8,0.21,19.37
GAB_STE,9/6/24,0,49.2,64.6,80.1,54.3,0.17,19.98
GAB_STE,9/7/24,0,52.6,65.4,78.1,58.5,0.06,15.59
GAB_STE,9/8/24,0.59,48.2,60.9,73.5,54.7,0.14,10.18
GAB_STE,9/9/24,0.03,47.2,55.3,63.5,45.1,0.95,10.36
GAB_STE,9/10/24,0.15,50.2,59.5,68.7,54.3,0.02,10.45
GAB_STE,9/11/24,0,44.8,59.7,74.6,47.4,0.12,20.78
GAB_STE,9/12/24,0,47,61.5,76.1,50.7,0.09,19.25
GAB_STE,9/13/24,0,51.2,65.4,79.6,58,0.06,17.36
GAB_STE,9/14/24,0,54.9,68.1,81.3,59.3,0.17,18.53
GAB_STE,9/15/24,0,56.2,70.3,84.5,60.7,0.18,22.02
GAB_STE,9/16/24,0,56.6,70.1,83.5,60.6,0.44,21.18
GAB_STE,9/17/24,0,54.3,68.3,82.4,57.5,0.31,20.93
GAB_STE,9/18/24,0,54.5,67,79.6,57.7,0.32,18.01
GAB_STE,9/19/24,0,56.3,67.2,78.2,59.7,0.25,15.46
GAB_STE,9/20/24,0,55.9,70.2,84.5,58.1,0.25,25.13
GAB_STE,9/21/24,0,54,66.5,78.9,58.3,0.23,16.69
GAB_STE,9/22/24,0,51.7,64.8,77.8,54.4,0.46,18.02
GAB_STE,9/23/24,0,52.1,63.3,74.4,51.3,0.98,14.69
GAB_STE,9/24/24,0,45.9,57,68.1,49.3,0.26,11.17
GAB_STE,9/25/24,0.2,47.7,59.6,71.6,49.4,0,14.86
GAB_STE,9/26/24,0.59,54.4,57.2,60,55,0.4,3.61
GAB_STE,9/27/24,0.47,57.5,60.9,64.3,60.5,0.09,1.18
GAB_STE,9/28/24,0,53.1,63.4,73.6,56.1,0.11,13.69
GAB_STE,9/29/24,0,54.5,66.1,77.7,58,0.34,15.4
GAB_STE,9/30/24,0,52.7,62.6,72.4,55.3,0.04,11.78
GAB_STE,10/1/24,0,51,62.4,73.8,56.3,0.03,11.89
GAB_STE,10/2/24,0,52.1,62.9,73.7,52.1,0.24,15.7
GAB_STE,10/3/24,0,55.7,62.2,68.7,52,1,11.35
GAB_STE,10/4/24,0,47.3,59.5,71.6,50.2,0.08,14.21
GAB_STE,10/5/24,0.08,48.8,60.9,72.9,53.1,0.11,15.38
GAB_STE,10/6/24,0,39,54.1,69.2,44.6,0.12,14.95
GAB_STE,10/7/24,0,40.1,54.7,69.2,48.3,0.07,14.31
GAB_STE,10/8/24,0,38.8,54.1,69.3,45.6,0.13,14.76
GAB_STE,10/9/24,0.02,39.3,51,62.7,41.8,0.06,11.13
GAB_STE,10/10/24,0.09,37.8,49,60.1,40.7,0.14,10.25
GAB_STE,10/11/24,0,37.3,47.2,57.1,37.7,0.19,8.59
GAB_STE,10/12/24,0,39.2,50.9,62.6,43.3,0.21,10.64
GAB_STE,10/13/24,0.13,36.3,51.4,66.5,33.7,0.19,17.78
GAB_STE,10/14/24,0.67,41.6,44,46.3,42.7,0.19,1.4
GAB_STE,10/15/24,0.29,32.1,39.7,47.3,39.4,0.01,1.13
GAB_STE,10/16/24,0,34.1,43.1,52.2,35.4,0,6.67
GAB_STE,10/17/24,0,28.7,41.5,54.4,32.3,0.11,8.17
GAB_STE,10/18/24,0,29.6,43.5,57.3,33.4,0.08,9.56
GAB_STE,10/19/24,0,31.6,47.6,63.7,35.2,0.09,13.52
GAB_STE,10/20/24,0,32,48.6,65.2,36.5,0.19,13.22
GAB_STE,10/21/24,0,32.6,50.5,68.4,40.1,0.1,15.65
GAB_STE,10/22/24,0,43.8,59.3,74.9,47.1,0.18,18.31
GAB_STE,10/23/24,0,47.1,61.8,76.4,50.2,0.47,17.79
GAB_STE,10/24/24,0.03,50.2,63.9,77.6,46.6,0.96,24.47
GAB_STE,10/25/24,0,30.7,44.2,57.7,37.9,0.11,7.63
GAB_STE,10/26/24,0,30.9,42.9,54.8,37.6,0,7.77
GAB_STE,10/27/24,0,27.7,43.8,60,27.1,0.63,12.9
GAB_STE,10/28/24,0,28.3,40.5,52.6,28.6,0.36,8.86
GAB_STE,10/29/24,0,30.9,39.3,47.6,28.2,0.8,5.94
GAB_STE,10/30/24,0.13,37,46.1,55.1,44.1,0.21,4.88
GAB_STE,10/31/24,0,50.2,61.9,73.7,52.4,0.84,13.54
GAB_STE,11/1/24,0.02,49.8,64.2,78.6,53.6,0.73,19.84
GAB_STE,11/2/24,0.02,42.1,55.9,69.7,41.4,1.25,13.52
GAB_STE,11/3/24,0.02,25,37.6,50.2,31,0.13,6.03
GAB_STE,11/4/24,0,24.6,36.6,48.7,24,0.21,7.69
GAB_STE,11/5/24,0.03,32.5,42.7,53,36.2,0.69,6.99
GAB_STE,11/6/24,0,50.3,60.9,71.5,51.1,0.95,13.2
GAB_STE,11/7/24,0,50.5,62.3,74.1,54.2,0.74,12.17
GAB_STE,11/8/24,0,33.3,47.4,61.4,37.7,0.26,10.41
GAB_STE,11/9/24,0,32,44.7,57.5,32.3,0.81,8.47
GAB_STE,11/10/24,0,24.3,37.1,49.8,22,0.3,8.94
GAB_STE,11/11/24,0.08,26.2,40.9,55.5,34,0.44,10.91
GAB_STE,11/12/24,0.02,41,50.8,60.5,41.8,0.62,8.83
GAB_STE,11/13/24,0,24.2,34.3,44.5,22.3,0.68,5.65
GAB_STE,11/14/24,0,20.2,32,43.9,19.4,0.28,6.35
GAB_STE,11/15/24,0,21.9,33.4,44.9,18.8,0.37,7.6
GAB_STE,11/16/24,0,24,36.4,48.9,20.5,0.55,8.42
GAB_STE,11/17/24,0,25.3,41.6,57.9,23,0.31,13.1
GAB_STE,11/18/24,0.02,26.8,40,53.1,30.2,0.31,8.64
GAB_STE,11/19/24,0,32.2,45.7,59.2,33.3,0.65,10.52
GAB_STE,11/20/24,0,29.6,41.6,53.6,32.6,0.32,7.68
GAB_STE,11/21/24,0.1,37,45.3,53.7,36.1,0.31,6.99
GAB_STE,11/22/24,0.83,37.7,40.7,43.8,38.6,0.19,1.73
GAB_STE,11/23/24,0.16,35.7,40.1,44.4,35.3,0.11,3.87
GAB_STE,11/24/24,0.04,35.8,41.4,47,33.1,0.28,4.48
GAB_STE,11/25/24,0,26.1,36.3,46.5,23.8,0.75,6.5
GAB_STE,11/26/24,0.15,25.5,35.6,45.6,25.6,0.2,6
GAB_STE,11/27/24,0.52,32.6,39.8,47,34,0.08,3.81
GAB_STE,11/28/24,0.1,27.8,36.4,45,26.8,0.16,5.81
GAB_STE,11/29/24,1.01,31.1,33,34.9,31.5,0.03,0.82
GAB_STE,11/30/24,0,25.5,32.6,39.6,25,0.25,3.87
GAB_STE,12/1/24,0,23.8,28.4,33.1,18.7,1.23,2.67
GAB_STE,12/2/24,0,20,26.4,32.9,16.5,0.44,3.23
GAB_STE,12/3/24,0,19.9,27.1,34.4,19.9,0.32,3.02
GAB_STE,12/4/24,0.03,14.1,24.1,34.2,18.6,0.2,3.2
GAB_STE,12/5/24,0.2,14.6,24.5,34.3,23.4,0.17,3.23
GAB_STE,12/6/24,0.02,23.1,29.4,35.7,23.1,0.18,2.54
GAB_STE,12/7/24,0,19.5,24.8,30.1,11.8,0.69,3.81
GAB_STE,12/8/24,0.07,25.6,29.5,33.5,23.2,0.43,2.46
GAB_STE,12/9/24,0,31.2,36.3,41.4,30,0.38,3.4
GAB_STE,12/10/24,0.58,31.4,34.2,37,30.4,0.18,2.29
GAB_STE,12/11/24,0.46,35.1,37.9,40.8,35.9,0.24,0.91
GAB_STE,12/12/24,1.62,32.8,39.1,45.5,36.3,0.2,2.14
GAB_STE,12/13/24,0,19.3,27.9,36.4,14.9,0.88,3.9
GAB_STE,12/14/24,0,11.4,20.3,29.3,10.6,0.22,3.25
GAB_STE,12/15/24,0,11.6,21,30.4,11.1,0.27,3.17
GAB_STE,12/16/24,0.15,11.7,21,30.3,19.2,0.19,2.58
GAB_STE,12/17/24,0.18,30.4,39.3,48.2,34.6,0.31,1.96
GAB_STE,12/18/24,0,35.9,44.2,52.6,35.1,0.56,5.42
GAB_STE,12/19/24,0.31,32.6,38.5,44.4,33,0.08,3.92
GAB_STE,12/20/24,0,24.5,31.7,39,20.8,0.77,3.83
GAB_STE,12/21/24,0.07,20.3,23.9,27.6,19.8,0.36,1.47
GAB_STE,12/22/24,0,2.8,13.4,24,3.6,0.47,2.09
GAB_STE,12/23/24,0,-3.9,4.3,12.6,-6.8,0.23,1.58
GAB_STE,12/24/24,0.12,-3.8,10.6,25,5.6,0.21,2.38
GAB_STE,12/25/24,0.01,21.2,24.8,28.4,19.5,0.39,1.32
GAB_STE,12/26/24,0,1.3,12.7,24,7.6,0.18,1.55
GAB_STE,12/27/24,0,3.2,11.8,20.3,8.9,0.16,1.01
GAB_STE,12/28/24,0,4.6,15.7,26.8,15.6,0.14,1.66
GAB_STE,12/29/24,0.03,27.9,32.5,37.1,30.8,0.01,1.22
GAB_STE,12/30/24,0.2,33.5,45.1,56.6,41.9,0.01,3.03
GAB_STE,12/31/24,0.16,40.1,48.3,56.6,36.7,1.04,7.42
,,,,,,,,
HUN_PLE_9,1/1/24,0,20.1,23.7,27.2,18.3,0.53,1.44
HUN_PLE_9,1/2/24,0,18.7,23.9,29,17.1,0.47,1.84
HUN_PLE_9,1/3/24,0,29,32.2,35.4,26.3,0.81,2.27
HUN_PLE_9,1/4/24,0.07,25.3,30.5,35.8,29.6,0.14,1.52
HUN_PLE_9,1/5/24,0,9.6,17.8,26.1,9.3,0.32,1.91
HUN_PLE_9,1/6/24,0,16.8,24,31.1,19.4,0.51,2.11
HUN_PLE_9,1/7/24,0.27,18.6,22.9,27.2,15.7,0.3,1.4
HUN_PLE_9,1/8/24,0.11,16.5,21.4,26.4,19.9,0.21,0.94
HUN_PLE_9,1/9/24,0,22.5,27.6,32.8,24.8,0.36,1.7
HUN_PLE_9,1/10/24,0.67,29.2,37.5,45.8,32.2,0.31,2.71
HUN_PLE_9,1/11/24,0.02,29.5,35.7,42,27.2,0.63,3.2
HUN_PLE_9,1/12/24,0.14,24.9,29,33,25.1,0.14,1.55
HUN_PLE_9,1/13/24,0.4,24.4,31.2,38.1,24.7,0.25,2.58
HUN_PLE_9,1/14/24,0.42,26.3,32.8,39.4,24.6,0.24,2.38
HUN_PLE_9,1/15/24,0.29,16.7,22.3,27.9,14.3,0.49,2.25
HUN_PLE_9,1/16/24,0.15,13.7,17.8,21.8,11.3,0.43,1.65
HUN_PLE_9,1/17/24,0.07,5,12.9,20.8,9.4,0.17,1.09
HUN_PLE_9,1/18/24,0.23,9.9,14.7,19.5,6.8,0.47,1.66
HUN_PLE_9,1/19/24,0.11,12.1,18.3,24.6,12.7,0.24,1.87
HUN_PLE_9,1/20/24,0,-5.7,4.1,14,-3.3,0.26,1.1
HUN_PLE_9,1/21/24,0,-3.5,3.5,10.4,0.3,0.22,0.8
HUN_PLE_9,1/22/24,0,-0.5,12,24.6,7.5,0.22,1.76
HUN_PLE_9,1/23/24,0.02,22.9,27.4,31.9,22.4,0.48,2.63
HUN_PLE_9,1/24/24,0.23,25,29.6,34.3,23.9,0.29,1.98
HUN_PLE_9,1/25/24,0.35,25.2,29.6,33.9,27.1,0.12,0.9
HUN_PLE_9,1/26/24,0.39,30.7,32.9,35.1,31.5,0.05,0.56
HUN_PLE_9,1/27/24,0.21,31.9,34.3,36.6,32.2,0.08,0.71
HUN_PLE_9,1/28/24,0,31.6,33.7,35.8,32,0.02,0.93
HUN_PLE_9,1/29/24,0,29.7,32.7,35.7,28.9,0.3,1.5
HUN_PLE_9,1/30/24,0,22.7,26.8,31,22.4,0.38,1.84
HUN_PLE_9,1/31/24,0,26.2,29.2,32.2,22.3,0.76,2.15
HUN_PLE_9,2/1/24,0.03,29.5,33.2,36.9,30.3,0.35,1.66
HUN_PLE_9,2/2/24,0.05,33.3,34.9,36.6,33.8,0.06,1.04
HUN_PLE_9,2/3/24,0.01,25.1,29.8,34.5,23.8,0.65,1.95
HUN_PLE_9,2/4/24,0,22.3,27.2,32,19.4,0.53,2.72
HUN_PLE_9,2/5/24,0,23.5,29.6,35.8,23.9,0.51,2.58
HUN_PLE_9,2/6/24,0,18.6,26.3,33.9,15.8,0.7,3.62
HUN_PLE_9,2/7/24,0,18.2,26.5,34.8,17,0.35,3.51
HUN_PLE_9,2/8/24,0,22.4,29,35.6,23.3,0.52,2.98
HUN_PLE_9,2/9/24,0,27.8,38.1,48.5,25.1,0.94,7.3
HUN_PLE_9,2/10/24,0.04,39.5,46.1,52.7,37.4,1.19,6.33
HUN_PLE_9,2/11/24,0,34.6,43.2,51.8,34,1.28,5.43
HUN_PLE_9,2/12/24,0,32.5,34.6,36.7,26.1,1.45,2.64
HUN_PLE_9,2/13/24,0,26,30.9,35.7,25,0.27,2.76
HUN_PLE_9,2/14/24,0.08,12.4,25.3,38.1,18.3,0.24,4.26
HUN_PLE_9,2/15/24,0,9.9,18.8,27.7,6.9,0.46,2.98
HUN_PLE_9,2/16/24,0.32,13.7,21.9,30.1,16.2,0.21,3
HUN_PLE_9,2/17/24,0.05,15.3,23.3,31.3,15.6,0.31,2.84
HUN_PLE_9,2/18/24,0.12,10.1,17.7,25.4,7.5,0.3,2.6
HUN_PLE_9,2/19/24,0.27,4.9,17.1,29.3,16.5,0.16,1.94
HUN_PLE_9,2/20/24,0,6.9,14.1,21.4,3.5,0.52,2.3
HUN_PLE_9,2/21/24,0,13.7,24.3,34.9,12.5,0.6,4.05
HUN_PLE_9,2/22/24,0,28.8,36.7,44.7,22.9,2.04,5.86
HUN_PLE_9,2/23/24,0,34.3,38.4,42.4,33.3,0.21,3.49
HUN_PLE_9,2/24/24,0,6.9,24.9,42.9,19.3,0.43,3.02
HUN_PLE_9,2/25/24,0,6.1,12.7,19.2,1.3,0.43,2.16
HUN_PLE_9,2/26/24,0,17.4,29.3,41.1,19,0.73,5.62
HUN_PLE_9,2/27/24,0,31.7,39.5,47.3,26.1,1.27,6.83
HUN_PLE_9,2/28/24,0,44.7,54.2,63.8,39.8,1.52,12
HUN_PLE_9,2/29/24,0.26,14.3,36.6,58.8,26.9,0.31,4.39
HUN_PLE_9,3/1/24,0.01,14.5,18.8,23,2.9,0.93,2.62
HUN_PLE_9,3/2/24,0,21.1,32.5,43.8,21.5,0.96,6.09
HUN_PLE_9,3/3/24,0.21,37.4,40.4,43.4,39.2,0.01,2.12
HUN_PLE_9,3/4/24,0,39.1,42.7,46.4,40.7,0.04,1.62
HUN_PLE_9,3/5/24,0,43.4,54.3,65.2,44.2,0.68,9.75
HUN_PLE_9,3/6/24,0.22,42.9,52.4,62,45.1,0.14,8.26
HUN_PLE_9,3/7/24,0.07,37.9,41.1,44.4,37.4,0.13,1.98
HUN_PLE_9,3/8/24,0,26.9,38.1,49.3,26.8,0.72,6.81
HUN_PLE_9,3/9/24,0,29.8,40.9,52,25.8,1.32,8.54
HUN_PLE_9,3/10/24,0.73,36.6,41.5,46.5,35.6,0.25,6.53
HUN_PLE_9,3/11/24,0.16,24.3,30.8,37.3,25.5,0.26,1.86
HUN_PLE_9,3/12/24,0,26.8,35.3,43.8,19.6,0.98,6.85
HUN_PLE_9,3/13/24,0,29.7,40.4,51,26.8,0.48,8.31
HUN_PLE_9,3/14/24,0,29.3,45.1,60.9,34.9,0.16,9.81
HUN_PLE_9,3/15/24,0.52,31.6,42.4,53.2,36.9,0.2,7.33
HUN_PLE_9,3/16/24,0.03,33.9,43.3,52.8,36.9,0.29,6.47
HUN_PLE_9,3/17/24,0.14,35.2,39.9,44.6,34.6,0.25,3.63
HUN_PLE_9,3/18/24,0,30.4,37.2,43.9,28.6,0.51,3.97
HUN_PLE_9,3/19/24,0.11,20.3,28.7,37.1,25.1,0.29,2.16
HUN_PLE_9,3/20/24,0.22,24.4,29.5,34.5,27.6,0.16,2.18
HUN_PLE_9,3/21/24,0.05,17.2,26.4,35.7,16.8,0.47,3.51
HUN_PLE_9,3/22/24,0,9.5,19.4,29.3,4.9,0.63,3.51
HUN_PLE_9,3/23/24,0.18,12.3,18,23.7,13.9,0.3,2.49
HUN_PLE_9,3/24/24,0.07,9.2,17.6,25.9,13.1,0.17,1.39
HUN_PLE_9,3/25/24,0,14.9,23.7,32.6,9.2,0.54,4.4
HUN_PLE_9,3/26/24,0,25.5,39.3,53.1,17.7,1.56,10.68
HUN_PLE_9,3/27/24,0.02,37,49,61.1,38.2,1.56,8.62
HUN_PLE_9,3/28/24,0,37.8,49,60.1,38.3,1.1,7.86
HUN_PLE_9,3/29/24,0,27.3,35.4,43.5,27,0.6,4.88
HUN_PLE_9,3/30/24,0,31.3,38.5,45.6,22.9,1.72,6.57
HUN_PLE_9,3/31/24,0,33.8,39.9,46.1,24.8,1.39,6.56
HUN_PLE_9,4/1/24,0,31.6,39.4,47.2,27.8,0.66,6.2
HUN_PLE_9,4/2/24,0,32.8,43.4,53.9,28.2,0.96,8.65
HUN_PLE_9,4/3/24,0.02,35,44.5,54,32.5,0.88,8.6
HUN_PLE_9,4/4/24,1.25,32.3,37.9,43.4,34,0.09,2.49
HUN_PLE_9,4/5/24,0.09,31.6,33.7,35.7,30.5,0.15,1.51
HUN_PLE_9,4/6/24,0.08,32.7,36.7,40.6,34.3,0.19,1.78
HUN_PLE_9,4/7/24,0,31.9,40.7,49.4,32.5,0.34,5.8
HUN_PLE_9,4/8/24,0,30.1,43.3,56.5,28.3,0.51,10.74
HUN_PLE_9,4/9/24,0,34.5,47.4,60.3,30.2,0.77,13.05
HUN_PLE_9,4/10/24,0.05,44.4,57.4,70.5,41.3,1.09,17.39
HUN_PLE_9,4/11/24,0.02,42.3,51.6,60.9,48.1,0.15,6.49
HUN_PLE_9,4/12/24,1.1,50,57.7,65.5,55,0.17,6.37
HUN_PLE_9,4/13/24,0.59,37.9,52.8,67.6,43.3,0.45,7.14
HUN_PLE_9,4/14/24,0.09,37.5,42,46.6,35.9,0.67,3.56
HUN_PLE_9,4/15/24,0.02,38.9,43.9,49,41.3,0.03,3.25
HUN_PLE_9,4/16/24,0,34.7,44.5,54.3,36,0.28,7.98
HUN_PLE_9,4/17/24,0,35.5,46.8,58,32.1,0.8,10.66
HUN_PLE_9,4/18/24,0.43,40.6,47.6,54.6,37.8,0.41,7.22
HUN_PLE_9,4/19/24,0.21,43.6,47.4,51.2,45.1,0.23,2.19
HUN_PLE_9,4/20/24,0.07,39,46.6,54.2,42.6,0.51,4.14
HUN_PLE_9,4/21/24,0.02,35.3,42.9,50.5,31.1,0.97,6.4
HUN_PLE_9,4/22/24,0,28.4,37,45.6,28.2,0.63,5.48
HUN_PLE_9,4/23/24,0,33.2,41.5,49.8,22,2.23,7.98
HUN_PLE_9,4/24/24,0.2,45.3,55.3,65.3,37.6,0.25,15.21
HUN_PLE_9,4/25/24,0.03,25.5,35.2,44.9,22.7,0.45,5.51
HUN_PLE_9,4/26/24,0,25.9,36.9,47.8,22.2,0.22,7.78
HUN_PLE_9,4/27/24,0,36.4,47.9,59.5,24.3,1.79,13.29
HUN_PLE_9,4/28/24,0.04,50.4,57.3,64.1,42.1,1.73,13.22
HUN_PLE_9,4/29/24,0.02,44.6,57.2,69.8,52.3,0.15,9.25
HUN_PLE_9,4/30/24,0.01,43.6,50.4,57.2,43.9,0.75,5.98
HUN_PLE_9,5/1/24,0.04,42.5,50.8,59,44.8,0.24,5.95
HUN_PLE_9,5/2/24,0,45,54.4,63.8,48.2,0.35,8.68
HUN_PLE_9,5/3/24,0,43.5,52.9,62.3,45.7,0.31,7.78
HUN_PLE_9,5/4/24,0,51.4,61.7,72,50,1.65,14.52
HUN_PLE_9,5/5/24,0.17,51.1,60.2,69.2,48.1,0.73,12.71
HUN_PLE_9,5/6/24,0.29,51.4,54.2,57.1,52,0.24,2.08
HUN_PLE_9,5/7/24,0,40.7,53.7,66.7,43.3,0.19,13.23
HUN_PLE_9,5/8/24,0.07,49,59.8,70.5,43.1,1.03,17.51
HUN_PLE_9,5/9/24,0.33,43.5,50.6,57.6,48.2,0.16,2.79
HUN_PLE_9,5/10/24,0,47.2,54.7,62.3,42.8,0.97,10.88
HUN_PLE_9,5/11/24,0.01,48.4,54.6,60.8,46.2,0.28,9.04
HUN_PLE_9,5/12/24,0.09,48.3,54.1,59.9,47.8,0.37,6.3
HUN_PLE_9,5/13/24,0,46,53.7,61.4,46.2,0.47,7.62
HUN_PLE_9,5/14/24,0.26,52.9,60.3,67.8,52.2,0.45,10.57
HUN_PLE_9,5/15/24,0.02,54.3,62.9,71.5,55.5,0.36,10.49
HUN_PLE_9,5/16/24,0.02,56.3,61.3,66.2,57,0.22,5.93
HUN_PLE_9,5/17/24,0,57.6,66.2,74.8,57.3,0.69,13.22
HUN_PLE_9,5/18/24,0.05,59.6,67.7,75.9,56.6,0.64,16.25
HUN_PLE_9,5/19/24,0,55,65.8,76.6,56.4,0.29,16.16
HUN_PLE_9,5/20/24,0,56.2,67,77.7,58.1,0.18,15.74
HUN_PLE_9,5/21/24,0.02,58.2,68.7,79.1,57,1.37,20.28
HUN_PLE_9,5/22/24,0.04,62.6,73.1,83.6,62.3,1.29,18.96
HUN_PLE_9,5/23/24,0.07,63.5,75.5,87.5,62.5,2.4,25
HUN_PLE_9,5/24/24,0,56,64.8,73.6,51.1,2.5,17.19
HUN_PLE_9,5/25/24,0,46.9,59.2,71.5,46.7,0.57,15.16
HUN_PLE_9,5/26/24,0.01,53.8,62.5,71.2,52.8,0.47,14.08
HUN_PLE_9,5/27/24,0,60,67.7,75.4,56.6,2.33,15.24
HUN_PLE_9,5/28/24,0.7,59.7,68.4,77.1,61.3,0.54,11.72
HUN_PLE_9,5/29/24,0.41,49.2,57.9,66.7,54.9,0.35,6.22
HUN_PLE_9,5/30/24,0,40.6,52.1,63.7,43.3,0.5,10.42
HUN_PLE_9,5/31/24,0,44.3,55.5,66.6,42.2,0.63,14.01
HUN_PLE_9,6/1/24,0,48.8,59.3,69.8,44.9,1.49,16.48
HUN_PLE_9,6/2/24,0,44.9,58.8,72.6,47.6,0.23,16.55
HUN_PLE_9,6/3/24,0,56.2,66.6,77.1,53.9,0.68,19.26
HUN_PLE_9,6/4/24,0,54.9,67.1,79.2,56.6,0.28,19.21
HUN_PLE_9,6/5/24,0,61,71.9,82.7,61,0.65,20.56
HUN_PLE_9,6/6/24,0.12,64.9,75.6,86.3,65.2,0.04,23.8
HUN_PLE_9,6/7/24,1.17,57.9,68.1,78.3,62.4,0.47,9.19
HUN_PLE_9,6/8/24,0.06,56,62.6,69.1,55,0.82,9.57
HUN_PLE_9,6/9/24,0.24,53.1,60,67,53.4,0.19,7.8
HUN_PLE_9,6/10/24,0.24,53.1,58.8,64.6,52.7,0.6,7.47
HUN_PLE_9,6/11/24,0.02,49.3,54.2,59,48.9,0.67,4.61
HUN_PLE_9,6/12/24,0,50.2,54.9,59.7,51.1,0.64,5.02
HUN_PLE_9,6/13/24,0,51,59.3,67.5,51.8,0.69,9.59
HUN_PLE_9,6/14/24,0.99,60.2,71.2,82.1,60.4,0.03,19.47
HUN_PLE_9,6/15/24,0,50.3,62.4,74.6,54.1,0.34,14.17
HUN_PLE_9,6/16/24,0,45,56.1,67.3,45.6,0.32,11.84
HUN_PLE_9,6/17/24,0.28,53.6,63,72.4,50.6,0.97,16.57
HUN_PLE_9,6/18/24,0.08,66.2,75.2,84.1,65.4,0.81,18.39
HUN_PLE_9,6/19/24,0.07,71.9,78.8,85.6,71.2,1.27,15.46
HUN_PLE_9,6/20/24,0.01,71.7,79.2,86.8,72.8,0.96,14.53
HUN_PLE_9,6/21/24,0.01,66.5,75.2,83.9,68,0.62,14.41
HUN_PLE_9,6/22/24,0.01,65.7,72,78.2,63,1.93,12.57
HUN_PLE_9,6/23/24,0.71,65.7,70,74.3,65.7,0.62,6.6
HUN_PLE_9,6/24/24,0.48,59.5,70.8,82.1,64.9,0.51,12.3
HUN_PLE_9,6/25/24,0.27,56.9,67,77,57.6,0.53,16.92
HUN_PLE_9,6/26/24,0.18,65.1,71.7,78.3,61.8,1.13,16.66
HUN_PLE_9,6/27/24,0.09,58.5,68.4,78.2,60.8,0.59,14.33
HUN_PLE_9,6/28/24,0,46,56.7,67.3,47.7,0.25,12.63
HUN_PLE_9,6/29/24,0.34,55.8,65.1,74.4,51.4,0.74,17.87
HUN_PLE_9,6/30/24,0.74,59.8,66.6,73.4,67.4,0.25,3.67
HUN_PLE_9,7/1/24,0.03,55.7,66.8,77.8,58.3,1.09,13.44
HUN_PLE_9,7/2/24,0,53.2,64.9,76.5,52.5,0.39,21.08
HUN_PLE_9,7/3/24,0,64.8,72,79.2,57.3,3.09,20.13
HUN_PLE_9,7/4/24,0.18,67.7,76.4,85.1,65.8,0.32,20.08
HUN_PLE_9,7/5/24,0,68.1,75.7,83.4,66.9,1.38,16.85
HUN_PLE_9,7/6/24,0.24,67.3,76.3,85.4,69.1,0.28,19.32
HUN_PLE_9,7/7/24,0,65.7,74.5,83.2,66.4,1.17,15.09
HUN_PLE_9,7/8/24,0,61,70.7,80.5,64,0.47,14.14
HUN_PLE_9,7/9/24,0,63.1,73.5,84,63.7,0.8,19.18
HUN_PLE_9,7/10/24,0,68.1,76.1,84.1,67.4,0.86,17.47
HUN_PLE_9,7/11/24,3.16,65.5,69.1,72.7,68.2,0.17,2.84
HUN_PLE_9,7/12/24,0.02,65.3,68.8,72.2,67.6,0,3.54
HUN_PLE_9,7/13/24,0,64.6,73.3,81.9,66.7,0.35,15.41
HUN_PLE_9,7/14/24,0,64.3,73.4,82.4,65.3,0.99,16.54
HUN_PLE_9,7/15/24,0.09,68.8,76.6,84.4,65.9,1.51,20.85
HUN_PLE_9,7/16/24,0.04,69.1,76.2,83.3,71.6,0.34,10.67
HUN_PLE_9,7/17/24,0.51,69.7,77,84.3,70,0.65,13.53
HUN_PLE_9,7/18/24,0,59.7,69.7,79.7,64.7,0.85,13.17
HUN_PLE_9,7/19/24,0,55.2,65.2,75.1,56.5,0.28,12.96
HUN_PLE_9,7/20/24,0,57.1,67.4,77.7,56.3,1.06,17.21
HUN_PLE_9,7/21/24,0,61,70.2,79.3,59.9,0.48,17.21
HUN_PLE_9,7/22/24,0,59.5,69.9,80.3,60.6,0.41,18.19
HUN_PLE_9,7/23/24,0.14,64.1,73.4,82.7,65.8,0.16,17.48
HUN_PLE_9,7/24/24,0.09,62.7,71.9,81.1,65.9,0.19,14.1
HUN_PLE_9,7/25/24,0.03,64,73.3,82.7,66.7,0.81,13.89
HUN_PLE_9,7/26/24,0.02,58.6,66.6,74.5,56.7,2.07,11.13
HUN_PLE_9,7/27/24,0,60.1,70.1,80,57.5,0.95,20.93
HUN_PLE_9,7/28/24,0,58.5,69.7,81,60,0.76,18.94
HUN_PLE_9,7/29/24,0,59.8,72.3,84.8,61.6,0.33,22.69
HUN_PLE_9,7/30/24,0,62,71.9,81.9,64.5,0.37,15.9
HUN_PLE_9,7/31/24,0.57,67.4,77.7,88.1,69.4,0.4,20.73
HUN_PLE_9,8/1/24,0.42,68,75.5,83,70.4,0.44,10.94
HUN_PLE_9,8/2/24,0,67,76.3,85.6,69.6,0.55,16.97
HUN_PLE_9,8/3/24,0,69,77.1,85.3,70.3,0.52,16.79
HUN_PLE_9,8/4/24,0,69.5,76.1,82.7,71.5,0.34,10.87
HUN_PLE_9,8/5/24,0.1,65.9,75.1,84.4,68.3,0.69,14.63
HUN_PLE_9,8/6/24,0.29,63,68.9,74.9,64.7,0.4,7.02
HUN_PLE_9,8/7/24,0,55.5,64.2,73,57.5,0.25,11.64
HUN_PLE_9,8/8/24,0,57,67.2,77.4,55.7,0.92,17.44
HUN_PLE_9,8/9/24,0.76,65.1,70.5,75.9,64.3,0.55,12.4
HUN_PLE_9,8/10/24,1.85,61,67.6,74.2,66.9,0.24,3.99
HUN_PLE_9,8/11/24,0.06,60,67.1,74.2,58.1,1.3,12.58
HUN_PLE_9,8/12/24,0.07,58.1,65.4,72.7,57.6,0.66,10.73
HUN_PLE_9,8/13/24,0.04,53.9,62.6,71.3,56.1,0.27,10.2
HUN_PLE_9,8/14/24,0,58.9,69.4,80,61.8,0.2,16.42
HUN_PLE_9,8/15/24,0.03,60.2,71.2,82.1,62.9,0.37,18.22
HUN_PLE_9,8/16/24,0,62.6,72.6,82.7,64,1,16.24
HUN_PLE_9,8/17/24,0.44,66,75.1,84.2,64.4,0.96,20.5
HUN_PLE_9,8/18/24,0.2,67,73.5,80.1,66.7,0.67,10.46
HUN_PLE_9,8/19/24,0.68,61.5,70.5,79.5,67.6,0.12,9.91
HUN_PLE_9,8/20/24,0.66,53.1,57.6,62.1,54.2,0.48,2.42
HUN_PLE_9,8/21/24,0.15,52.3,57,61.8,51.6,0.6,5.87
HUN_PLE_9,8/22/24,0.62,53.7,58.1,62.6,54.7,0.23,4.31
HUN_PLE_9,8/23/24,0,55.5,65.2,74.8,56.9,0.39,14.86
HUN_PLE_9,8/24/24,0,58,66.5,74.9,57.2,1,13.69
HUN_PLE_9,8/25/24,0,58.4,67.9,77.4,59.7,0.48,14.63
HUN_PLE_9,8/26/24,0,60,69.9,79.8,61,0.7,15.54
HUN_PLE_9,8/27/24,0,61.6,71.9,82.3,63.5,0.54,17.33
HUN_PLE_9,8/28/24,0,64.9,74.7,84.4,65,2.18,21.54
HUN_PLE_9,8/29/24,0,57.3,63.9,70.5,56.2,0.84,8.67
HUN_PLE_9,8/30/24,0,55.5,64.4,73.2,56.9,0.44,11.61
HUN_PLE_9,8/31/24,0.29,63.4,69.2,75.1,63.1,0.71,8.37
HUN_PLE_9,9/1/24,0.15,62.9,69.1,75.3,66.9,0.28,5.92
HUN_PLE_9,9/2/24,0.02,53.7,65.8,77.9,59.7,0.58,12.55
HUN_PLE_9,9/3/24,0,45.7,55.3,64.9,45.4,0.49,11.29
HUN_PLE_9,9/4/24,0,51.5,62.4,73.3,51,0.8,15.86
HUN_PLE_9,9/5/24,0,55.4,65.4,75.3,54.6,0.89,15.28
HUN_PLE_9,9/6/24,0,58.1,68,78,54.9,1.93,19.23
HUN_PLE_9,9/7/24,0.49,59.8,69.4,79,59.7,0.72,17.27
HUN_PLE_9,9/8/24,0.18,45.3,54.7,64.1,50.4,0.47,5.5
HUN_PLE_9,9/9/24,0,52.3,56.9,61.5,45.3,2.41,8.78
HUN_PLE_9,9/10/24,0.02,45.3,55.7,66.2,55,0,6.45
HUN_PLE_9,9/11/24,0,48,58.5,69,48.6,0.29,14
HUN_PLE_9,9/12/24,0,49,62.4,75.8,53.4,0.01,16.18
HUN_PLE_9,9/13/24,0,54.7,65.6,76.4,59.1,0.22,12.07
HUN_PLE_9,9/14/24,0,56.4,68.4,80.4,60.8,0.17,16.21
HUN_PLE_9,9/15/24,0,57.9,69.8,81.6,61.8,0.18,18.57
HUN_PLE_9,9/16/24,0,57.6,69.9,82.1,62.2,0.2,18.51
HUN_PLE_9,9/17/24,0,57.9,70.1,82.4,61.8,0.31,18.95
HUN_PLE_9,9/18/24,0,56.6,68.6,80.6,60.1,0.31,18.63
HUN_PLE_9,9/19/24,0,57.5,68.6,79.7,60.9,0.19,17.39
HUN_PLE_9,9/20/24,0,55.4,68.2,80.9,58.3,0.3,18.99
HUN_PLE_9,9/21/24,0,58,69.5,81.1,60,0.65,18.9
HUN_PLE_9,9/22/24,0,55,68.2,81.4,59.4,0.36,20.07
HUN_PLE_9,9/23/24,0.01,59.5,69,78.4,58.6,1.55,14.23
HUN_PLE_9,9/24/24,0.01,57.1,63.8,70.4,54.1,2.3,9.53
HUN_PLE_9,9/25/24,0.02,56.2,63.5,70.7,53,0.96,12.79
HUN_PLE_9,9/26/24,0.27,58.2,62.8,67.4,57.7,0.45,6.3
HUN_PLE_9,9/27/24,0.04,51.1,61.7,72.3,55.3,0.6,12.66
HUN_PLE_9,9/28/24,0,52.6,63.1,73.7,53.7,0.51,14.59
HUN_PLE_9,9/29/24,0,55.7,66.1,76.6,57.2,0.41,14.4
HUN_PLE_9,9/30/24,0,51.5,62.5,73.5,57.1,0.21,9.83
HUN_PLE_9,10/1/24,0,53.6,64.3,74.9,56.6,0.26,12.84
HUN_PLE_9,10/2/24,0,57.2,66.2,75.2,54.3,1.39,16.02
HUN_PLE_9,10/3/24,0.17,47.5,54.9,62.3,51.4,0.31,5.41
HUN_PLE_9,10/4/24,0,49.5,58.5,67.6,50.1,0.66,10.33
HUN_PLE_9,10/5/24,0.02,45.8,58.7,71.7,52.1,0.05,12.09
HUN_PLE_9,10/6/24,0,41.3,53.2,65,42.4,0.62,12.28
HUN_PLE_9,10/7/24,0.25,47.5,60.4,73.2,50.8,0.34,17.01
HUN_PLE_9,10/8/24,0,38.9,50.1,61.3,43,0.29,8.1
HUN_PLE_9,10/9/24,0.17,37.7,48.6,59.4,41.7,0.31,8.06
HUN_PLE_9,10/10/24,0.11,37.2,45.8,54.5,40.6,0.17,5.58
HUN_PLE_9,10/11/24,0,35.2,43.7,52.2,37.5,0.17,5.45
HUN_PLE_9,10/12/24,0,40.5,52.2,63.9,47.5,0.53,8.32
HUN_PLE_9,10/13/24,0,38.6,48.2,57.8,36.5,0.45,10.67
HUN_PLE_9,10/14/24,0.2,40.1,44.8,49.5,39.2,0.56,3.96
HUN_PLE_9,10/15/24,0.46,36.9,42.3,47.8,36.2,0.51,4.32
HUN_PLE_9,10/16/24,0.42,36.4,42.2,48,37,0.3,3.91
HUN_PLE_9,10/17/24,0,30.6,40.2,49.7,33.5,0.1,5.33
HUN_PLE_9,10/18/24,0,33.4,44.5,55.6,36.1,0.08,8.3
HUN_PLE_9,10/19/24,0,36.8,49.5,62.1,40.6,0.08,10.65
HUN_PLE_9,10/20/24,0,39.3,50.9,62.4,42.4,0.25,9.29
HUN_PLE_9,10/21/24,0,47.5,56.5,65.4,46,2.07,11
HUN_PLE_9,10/22/24,0,51.4,60.2,69,50.3,1.15,11.82
HUN_PLE_9,10/23/24,0,53,63.8,74.6,50,1.92,17.09
HUN_PLE_9,10/24/24,0,41.4,57.2,72.9,46,1.09,16.77
HUN_PLE_9,10/25/24,0,31.8,41.3,50.7,34,0.15,5.36
HUN_PLE_9,10/26/24,0,33.6,43.8,54,38.9,0.4,7.16
HUN_PLE_9,10/27/24,0,29.7,41.3,52.9,28,0.92,9.43
HUN_PLE_9,10/28/24,0,31.9,42.2,52.6,31,0.6,8.63
HUN_PLE_9,10/29/24,0,34.7,41.2,47.7,28,1.13,6.49
HUN_PLE_9,10/30/24,0.22,46.6,53.4,60.2,45.3,1.04,7.4
HUN_PLE_9,10/31/24,0,58.9,66,73.1,53.9,4.6,12.06
HUN_PLE_9,11/1/24,0.15,58.4,67,75.7,56.4,0.97,15.42
HUN_PLE_9,11/2/24,0.06,35.9,47.6,59.3,40.1,0.56,7.05
HUN_PLE_9,11/3/24,0,26,33.8,41.6,27.5,0.21,3.68
HUN_PLE_9,11/4/24,0,28.2,37.3,46.5,25.5,0.71,6.68
HUN_PLE_9,11/5/24,0.02,44.6,50.6,56.6,36.9,2.6,7.56
HUN_PLE_9,11/6/24,0.02,55.4,64.6,73.9,53.7,2.93,14.22
HUN_PLE_9,11/7/24,0.02,46,56.1,66.3,53.4,0.41,6.31
HUN_PLE_9,11/8/24,0,43.2,47.5,51.7,39.7,0.87,5.64
HUN_PLE_9,11/9/24,0,31.2,43.4,55.6,31.3,1.33,7.97
HUN_PLE_9,11/10/24,0,29.8,37.8,45.8,25.9,0.64,6.02
HUN_PLE_9,11/11/24,0.11,37,45.9,54.9,38.5,0.34,9.45
HUN_PLE_9,11/12/24,0.13,36.4,45.8,55.3,42.2,0.79,4.44
HUN_PLE_9,11/13/24,0,24.4,33.6,42.7,23.4,0.51,5.01
HUN_PLE_9,11/14/24,0,23.5,32.8,42.2,21.6,0.43,5.24
HUN_PLE_9,11/15/24,0,26.2,35.2,44.3,21.6,0.84,6.53
HUN_PLE_9,11/16/24,0,28,37.4,46.7,21.4,1.2,7.33
HUN_PLE_9,11/17/24,0,26,40.1,54.2,24.2,0.51,10.58
HUN_PLE_9,11/18/24,0.03,27.9,38.5,49,36.2,0.25,5.73
HUN_PLE_9,11/19/24,0,30.7,42.6,54.4,36.1,0.22,6.36
HUN_PLE_9,11/20/24,0,32.8,40.9,49.1,35.9,0.3,4.69
HUN_PLE_9,11/21/24,0.15,40.2,45.9,51.6,38.2,0.57,5.21
HUN_PLE_9,11/22/24,1.1,37.9,39.9,41.9,38.1,0.14,0.92
HUN_PLE_9,11/23/24,0.19,37.2,41.6,45.9,37.6,0.39,2.44
HUN_PLE_9,11/24/24,0.05,33.7,38.7,43.6,34.8,0.33,2.83
HUN_PLE_9,11/25/24,0,22.7,32.7,42.8,24,0.39,4.49
HUN_PLE_9,11/26/24,0.16,24.2,32.7,41.1,27.8,0.29,4.02
HUN_PLE_9,11/27/24,0.13,34,40.4,46.8,33.5,0.17,3.61
HUN_PLE_9,11/28/24,0.05,31.4,36.3,41.2,27.6,0.3,3.97
HUN_PLE_9,11/29/24,0.19,32.5,34.4,36.3,32.5,0.13,1.22
HUN_PLE_9,11/30/24,0,29.7,33,36.4,25.2,0.85,2.71
HUN_PLE_9,12/1/24,0.11,26.4,30.8,35.2,23.8,0.52,2.52
HUN_PLE_9,12/2/24,0.15,19.2,25.8,32.4,22.4,0.15,1.74
HUN_PLE_9,12/3/24,0.02,21,25.4,29.8,20.6,0.34,1.76
HUN_PLE_9,12/4/24,0.14,16.5,23.4,30.3,19.5,0.19,1.9
HUN_PLE_9,12/5/24,0.11,27.9,31.2,34.5,25.7,0.33,2.26
HUN_PLE_9,12/6/24,0.01,17.1,25.9,34.8,21.3,0.32,2.05
HUN_PLE_9,12/7/24,0,15.1,20.8,26.5,15.4,0.32,1.76
HUN_PLE_9,12/8/24,0.33,24.4,31.7,39,25.6,0.2,2.53
HUN_PLE_9,12/9/24,0,21.3,31.7,42,26.3,0.34,2.91
HUN_PLE_9,12/10/24,0.27,24.9,30.1,35.4,28,0.05,1.36
HUN_PLE_9,12/11/24,0.38,34.7,41.1,47.5,40,0.08,2.13
HUN_PLE_9,12/12/24,0.48,30.5,34.8,39.1,33,0.05,1.33
HUN_PLE_9,12/13/24,0.07,15.2,23.1,31,13.9,0.44,3.02
HUN_PLE_9,12/14/24,0,10.9,19.2,27.4,11.3,0.29,2.64
HUN_PLE_9,12/15/24,0,10.8,18.8,26.9,10.4,0.33,2.22
HUN_PLE_9,12/16/24,0,16.8,26.2,35.6,22.5,0.45,2.9
HUN_PLE_9,12/17/24,0.33,36,42.1,48.2,37.4,0.45,2.45
HUN_PLE_9,12/18/24,0,36.7,40.7,44.8,34.4,1,2.65
HUN_PLE_9,12/19/24,0.23,30,34.4,38.7,31.8,0.06,2.01
HUN_PLE_9,12/20/24,0,16.6,23.2,29.7,15.9,0.37,1.63
HUN_PLE_9,12/21/24,0.09,12.6,16.8,21,14.6,0.32,0.65
HUN_PLE_9,12/22/24,0,0.4,7.2,14,-0.5,0.33,1.04
HUN_PLE_9,12/23/24,0,-3.1,3.1,9.3,-4.4,0.19,0.97
HUN_PLE_9,12/24/24,0.26,8.5,17.4,26.3,14.3,0.26,1.68
HUN_PLE_9,12/25/24,0.04,14.8,21.1,27.4,17.4,0.23,1
HUN_PLE_9,12/26/24,0,9.7,16.8,23.9,11.9,0.21,1.34
HUN_PLE_9,12/27/24,0,16.9,20.7,24.5,15.7,0.39,1.18
HUN_PLE_9,12/28/24,0,17.2,24.7,32.1,19.6,0.39,2.14
HUN_PLE_9,12/29/24,0,29.9,36.5,43.1,34.9,0.05,1.64
HUN_PLE_9,12/30/24,0.28,36.8,46.6,56.5,44,0.07,3.84
HUN_PLE_9,12/31/24,0.12,37.6,43.4,49.3,35.6,0.52,4.36
,,,,,,,,
KAT_HAB_3,1/1/24,0.06,29.1,32.9,36.7,29.7,0.19,1.81
KAT_HAB_3,1/2/24,0,26.3,29.5,32.6,24.4,0.44,1.56
KAT_HAB_3,1/3/24,0,28.4,32,35.6,25.5,0.69,2.4
KAT_HAB_3,1/4/24,0.2,26.8,31.1,35.4,27.6,0.22,2.01
KAT_HAB_3,1/5/24,0,22.7,25.2,27.7,15.9,1.18,2
KAT_HAB_3,1/6/24,0,21.2,26.2,31.1,18.3,0.85,2.48
KAT_HAB_3,1/7/24,0.2,23.7,29.3,34.9,24.7,0.16,2.89
KAT_HAB_3,1/8/24,0.14,28,31.4,34.8,28.1,0.23,1.39
KAT_HAB_3,1/9/24,0,31.2,34.9,38.5,26.8,0.79,3.15
KAT_HAB_3,1/10/24,0.21,32.1,40.8,49.6,35.4,0.59,3.43
KAT_HAB_3,1/11/24,0.24,30.2,32.9,35.5,27,0.51,1.99
KAT_HAB_3,1/12/24,0.21,30.4,34.3,38.3,29.8,0.32,2.31
KAT_HAB_3,1/13/24,0.27,31.3,36.8,42.3,30.9,0.44,4.01
KAT_HAB_3,1/14/24,0.18,19.5,28.2,36.8,20.6,0.03,2.24
KAT_HAB_3,1/15/24,0.03,7,13.8,20.6,4,0.59,1.27
KAT_HAB_3,1/16/24,0,6.9,12.9,18.9,3.8,0.52,1.72
KAT_HAB_3,1/17/24,0.26,6.8,14,21.2,3.8,0.47,1.69
KAT_HAB_3,1/18/24,0.08,6.9,15.4,23.9,4.2,0.57,2.56
KAT_HAB_3,1/19/24,0.08,15.2,21.2,27.3,16.1,0.2,2.15
KAT_HAB_3,1/20/24,0.26,7.7,15.9,24.2,10.2,0.34,1.27
KAT_HAB_3,1/21/24,0.1,8.2,15.9,23.6,8.6,0.39,1.67
KAT_HAB_3,1/22/24,0,12.5,20.3,28.1,11.6,0.57,2.48
KAT_HAB_3,1/23/24,0.04,17.4,26.6,35.9,19,0.48,4.26
KAT_HAB_3,1/24/24,0.44,31.7,34.4,37,32.1,0.24,0.91
KAT_HAB_3,1/25/24,0.39,35.8,42.2,48.5,39,0.11,1.87
KAT_HAB_3,1/26/24,0.37,36.1,40.3,44.5,39.1,0.24,0.95
KAT_HAB_3,1/27/24,0.06,33.9,38.3,42.7,37.3,0.17,0.78
KAT_HAB_3,1/28/24,0.21,33.8,37.2,40.5,36.5,0.12,0.9
KAT_HAB_3,1/29/24,0.42,30,34.2,38.3,31.3,0.15,1.16
KAT_HAB_3,1/30/24,0,29.8,32.3,34.8,27.4,0.56,1.97
KAT_HAB_3,1/31/24,0,29.2,35.2,41.2,28.4,0.49,3.74
KAT_HAB_3,2/1/24,0,29.9,35.2,40.5,30.8,0.36,2.58
KAT_HAB_3,2/2/24,0.09,32.6,36.4,40.2,33.8,0,1.74
KAT_HAB_3,2/3/24,0,28.8,32.4,35.9,27.3,0.58,1.97
KAT_HAB_3,2/4/24,0,22.8,29.6,36.4,23.5,0.32,3
KAT_HAB_3,2/5/24,0,22.9,31.7,40.6,23.6,0.28,4.19
KAT_HAB_3,2/6/24,0,19.4,26.2,33.1,22.2,0.35,1.89
KAT_HAB_3,2/7/24,0,21,29.3,37.6,20.6,0.44,3.94
KAT_HAB_3,2/8/24,0,25.1,34.8,44.6,23,0.76,6.12
KAT_HAB_3,2/9/24,0.06,31.9,42.9,53.9,26.4,1.56,9.85
KAT_HAB_3,2/10/24,0,41.4,49.6,57.7,40.7,1.09,7.52
KAT_HAB_3,2/11/24,0.09,32.8,40.8,48.8,35.3,0.79,3.23
KAT_HAB_3,2/12/24,0,28.8,31.9,35,25.9,1.08,2.26
KAT_HAB_3,2/13/24,0,24.8,31.1,37.5,23.4,0.29,3.58
KAT_HAB_3,2/14/24,0.01,21.6,30.5,39.4,18.8,0.69,4.01
KAT_HAB_3,2/15/24,0,18.1,24.3,30.4,12.6,0.72,3.19
KAT_HAB_3,2/16/24,0.02,19.7,29.3,38.8,21.1,0.42,4.3
KAT_HAB_3,2/17/24,0.23,20.8,25.7,30.6,16.9,0.55,2.83
KAT_HAB_3,2/18/24,0.02,17.1,21.8,26.5,11.4,0.6,2.41
KAT_HAB_3,2/19/24,0.02,16.2,23.5,30.8,15.8,0.89,2.55
KAT_HAB_3,2/20/24,0,14.6,22.3,30.1,11.3,0.67,3.12
KAT_HAB_3,2/21/24,0,16.2,29.4,42.6,18,0.68,6.21
KAT_HAB_3,2/22/24,0,30.4,41.2,52,26.4,1.74,8.66
KAT_HAB_3,2/23/24,0.25,34.3,42.2,50,36.7,0.1,6.56
KAT_HAB_3,2/24/24,0,17,31.9,46.7,25.9,0.47,4.68
KAT_HAB_3,2/25/24,0,15,22.6,30.1,7.9,0.89,3.64
KAT_HAB_3,2/26/24,0,18.6,33.9,49.2,17.9,0.63,9.2
KAT_HAB_3,2/27/24,0,34.6,47.2,59.7,30.1,1.74,11.51
KAT_HAB_3,2/28/24,0.37,44.8,55.3,65.8,44,0.63,14.16
KAT_HAB_3,2/29/24,0.29,20.9,42.5,64.1,26.9,0.56,5.89
KAT_HAB_3,3/1/24,0.02,20,25.4,30.8,12.7,0.83,3.09
KAT_HAB_3,3/2/24,0,24.1,38.6,53,23,0.8,9.96
KAT_HAB_3,3/3/24,0.04,38.2,44.2,50.3,41,0.04,3.19
KAT_HAB_3,3/4/24,0,37.4,45.3,53.2,40.7,0.17,4.83
KAT_HAB_3,3/5/24,0,42.8,57.6,72.5,44.2,1.06,17.24
KAT_HAB_3,3/6/24,0.12,43.3,59,74.7,47.7,0.08,18.42
KAT_HAB_3,3/7/24,0.16,36.1,41.6,47,41.1,0.03,0.59
KAT_HAB_3,3/8/24,0,34.8,44.7,54.6,31,1.2,7.74
KAT_HAB_3,3/9/24,0.11,37.2,52.3,67.3,36.1,1.31,17.15
KAT_HAB_3,3/10/24,0.13,32.3,41.6,50.9,38.1,0.09,3.78
KAT_HAB_3,3/11/24,0.26,26.8,29.4,32,24.5,0.32,1.54
KAT_HAB_3,3/12/24,0,29.5,40.3,51.1,25.3,1.21,7.83
KAT_HAB_3,3/13/24,0,36.4,48.5,60.6,35.3,1.07,10.86
KAT_HAB_3,3/14/24,0,34.5,50.9,67.2,37.5,0.46,13.88
KAT_HAB_3,3/15/24,0.54,36.1,51.1,66,40.9,0.21,16.48
KAT_HAB_3,3/16/24,0,30.9,37.5,44.1,35.9,0,2.02
KAT_HAB_3,3/17/24,0.43,33.1,44.6,56.1,33,0.41,9.97
KAT_HAB_3,3/18/24,0.06,27.8,35.7,43.6,26.1,0.6,4.84
KAT_HAB_3,3/19/24,0.19,27.2,30.6,34,21.6,0.62,2.66
KAT_HAB_3,3/20/24,0.16,27.9,31.5,35.1,26.1,0.36,2.5
KAT_HAB_3,3/21/24,0.24,21.1,28,35,16.8,0.41,2.65
KAT_HAB_3,3/22/24,0,11.9,20.2,28.5,11.8,0.27,2.64
KAT_HAB_3,3/23/24,0.33,16.9,24.1,31.2,19.4,0.15,2.71
KAT_HAB_3,3/24/24,0,14.2,23.2,32.2,17.3,0.27,2.66
KAT_HAB_3,3/25/24,0,17,25.6,34.2,12.7,0.71,4.13
KAT_HAB_3,3/26/24,0,32.8,46.5,60.1,21.8,3.24,13.44
KAT_HAB_3,3/27/24,0.08,42.1,49.4,56.7,35.1,1.32,10.08
KAT_HAB_3,3/28/24,0,31.2,40.3,49.3,32.5,0.98,3.54
KAT_HAB_3,3/29/24,0,28,36.8,45.6,23.6,0.7,6.09
KAT_HAB_3,3/30/24,0,25.7,32.3,38.9,24.5,0.51,3.51
KAT_HAB_3,3/31/24,0.25,28.4,38.5,48.6,32.5,0.32,6.82
KAT_HAB_3,4/1/24,0,34.2,39.9,45.6,33.7,0.35,3.74
KAT_HAB_3,4/2/24,0,36.1,45.8,55.5,33.9,0.5,8.29
KAT_HAB_3,4/3/24,0.33,40.6,46.2,51.9,41.9,0.37,3.71
KAT_HAB_3,4/4/24,0.85,31.3,39.8,48.2,36.6,0.12,2.79
KAT_HAB_3,4/5/24,0.14,30.2,36.9,43.5,32.4,0.11,2.64
KAT_HAB_3,4/6/24,0.15,30.5,35.4,40.2,32.4,0.12,2.8
KAT_HAB_3,4/7/24,0,29.6,41.4,53.1,30.9,0.36,8.21
KAT_HAB_3,4/8/24,0,32.8,45.8,58.8,25.4,1.03,12.38
KAT_HAB_3,4/9/24,0,40,52.2,64.4,33.2,1.85,14.13
KAT_HAB_3,4/10/24,0,45.7,63.3,81,45.7,1.5,28.4
KAT_HAB_3,4/11/24,0.3,51,57.8,64.5,47.4,0.38,11.65
KAT_HAB_3,4/12/24,1.27,45.5,58.4,71.2,55.9,0.33,10.11
KAT_HAB_3,4/13/24,0.75,36.5,42.4,48.3,38.9,0.51,2.53
KAT_HAB_3,4/14/24,0.06,37.1,43.3,49.4,34.6,0.79,5.39
KAT_HAB_3,4/15/24,0.1,41,56.8,72.7,44.3,0.48,17.05
KAT_HAB_3,4/16/24,0,38.1,50.4,62.7,35.5,1.17,13.18
KAT_HAB_3,4/17/24,0.1,44.7,55,65.4,33,2.45,14.91
KAT_HAB_3,4/18/24,0.34,47,59.7,72.4,50,0.37,12.54
KAT_HAB_3,4/19/24,0.02,41.5,50.7,59.8,44.8,0.27,6.73
KAT_HAB_3,4/20/24,0.02,42,52.3,62.5,41,1.54,7.05
KAT_HAB_3,4/21/24,0.04,36.6,43.2,49.8,27.4,1.83,6.52
KAT_HAB_3,4/22/24,0,30.7,39.9,49,27.4,0.84,7.73
KAT_HAB_3,4/23/24,0,34.1,44.9,55.7,25.1,1.66,11.26
KAT_HAB_3,4/24/24,0.26,42.7,55.3,68,39.3,0.23,17.74
KAT_HAB_3,4/25/24,0.22,27.3,36.6,45.8,34,0.23,1.63
KAT_HAB_3,4/26/24,0,29.3,41.3,53.3,22.5,1.18,9.93
KAT_HAB_3,4/27/24,0,38.1,53,67.8,29.1,3.5,18.01
KAT_HAB_3,4/28/24,0.22,47.9,55.6,63.4,49.7,0.63,6.86
KAT_HAB_3,4/29/24,0.16,51,60.5,70,57.1,0.04,8.62
KAT_HAB_3,4/30/24,0,50.5,65,79.6,54.4,0.59,19.21
KAT_HAB_3,5/1/24,0.03,43,55.3,67.5,49,0.16,9.95
KAT_HAB_3,5/2/24,0,44.6,61.9,79.1,46.9,0.1,24.4
KAT_HAB_3,5/3/24,0,48.3,59,69.7,44.2,1.68,15.29
KAT_HAB_3,5/4/24,0,52.2,67.4,82.5,50.7,1.05,27.8
KAT_HAB_3,5/5/24,0.48,51.6,64.5,77.3,52.3,0.74,15.53
KAT_HAB_3,5/6/24,0.12,52.1,59.5,66.9,55.4,0.32,5.59
KAT_HAB_3,5/7/24,0,40.3,54.1,67.9,41.6,0.69,15.15
KAT_HAB_3,5/8/24,0.1,47,61.6,76.2,49.4,0,21.36
KAT_HAB_3,5/9/24,0,44.5,59.7,74.9,47.3,0.41,19.44
KAT_HAB_3,5/10/24,0,46.2,55,63.8,41.9,0.96,11.37
KAT_HAB_3,5/11/24,0,40.5,50.6,60.6,42.3,0.4,9.53
KAT_HAB_3,5/12/24,0.22,45.4,54.4,63.4,45.5,0.13,11.1
KAT_HAB_3,5/13/24,0.02,45.4,52.5,59.5,45.9,0.28,6.94
KAT_HAB_3,5/14/24,0.1,52,64.4,76.7,49.8,1.94,19.29
KAT_HAB_3,5/15/24,0.02,54.9,66.4,78,55,0.1,18.19
KAT_HAB_3,5/16/24,0.07,55.9,64.6,73.4,57,0.3,11.11
KAT_HAB_3,5/17/24,0,54.3,63.2,72,56.3,0.19,10.93
KAT_HAB_3,5/18/24,0.4,55.9,63.5,71.1,59.5,0,8.5
KAT_HAB_3,5/19/24,0,54,63.6,73.1,58.8,0.09,9.79
KAT_HAB_3,5/20/24,0,54.8,66.3,77.8,56.6,0.36,18.29
KAT_HAB_3,5/21/24,0,59.5,72.9,86.3,59,0.83,25.77
KAT_HAB_3,5/22/24,0,64.5,75.2,85.8,59.9,3.48,25.79
KAT_HAB_3,5/23/24,0.34,57.1,71.3,85.6,61.8,0.36,22.98
KAT_HAB_3,5/24/24,0,53.2,64.4,75.7,48.1,2.21,19.6
KAT_HAB_3,5/25/24,0,51.3,64.5,77.7,47.1,2.14,21.82
KAT_HAB_3,5/26/24,0.14,53.4,65.7,77.9,58,0.13,14.25
KAT_HAB_3,5/27/24,0.07,57.9,67.5,77,57.7,0.05,17.88
KAT_HAB_3,5/28/24,0.49,56.5,65.8,75.1,58.3,0.27,11.42
KAT_HAB_3,5/29/24,0.19,50.4,57.1,63.9,54.6,0.01,5.38
KAT_HAB_3,5/30/24,0.15,43.1,54.8,66.5,47.4,0.17,11.65
KAT_HAB_3,5/31/24,0,41.5,52.5,63.6,40.1,0.43,12.58
KAT_HAB_3,6/1/24,0,41.7,55.6,69.4,39.5,1.04,16.13
KAT_HAB_3,6/2/24,0,53.3,65.1,77,43.2,2.87,23.98
KAT_HAB_3,6/3/24,0.23,59.1,64.8,70.5,59.4,0.03,10.8
KAT_HAB_3,6/4/24,0,57.4,68.8,80.2,60.5,0.35,17.3
KAT_HAB_3,6/5/24,0,62.3,74.1,86,60,1.6,25.27
KAT_HAB_3,6/6/24,0.71,62.4,70.4,78.4,65.5,0.14,9.91
KAT_HAB_3,6/7/24,0.03,57.4,66.5,75.5,57.2,0.46,15.05
KAT_HAB_3,6/8/24,0.25,53.7,60.4,67,52.6,1.06,9.01
KAT_HAB_3,6/9/24,0.41,52.2,61.7,71.2,51.3,0.19,14.18
KAT_HAB_3,6/10/24,0.2,50.9,59.7,68.5,51.1,0.67,11.66
KAT_HAB_3,6/11/24,0,50.7,55.2,59.7,48.6,0.64,5.26
KAT_HAB_3,6/12/24,0,45,52.9,60.9,49.2,0,5.73
KAT_HAB_3,6/13/24,0,49.6,62.9,76.1,50.1,0.44,18.99
KAT_HAB_3,6/14/24,0,59.5,72.7,85.8,58.3,0.88,25.88
KAT_HAB_3,6/15/24,0,50.9,64.4,78,51.9,0.67,19.95
KAT_HAB_3,6/16/24,0,49.3,61.4,73.6,49,0.93,16.6
KAT_HAB_3,6/17/24,0,55.7,69.3,82.9,56.7,1.42,24.44
KAT_HAB_3,6/18/24,0.11,68.8,78.5,88.1,66.6,2.3,21.45
KAT_HAB_3,6/19/24,0,70.7,81.1,91.5,69.9,2.03,23.75
KAT_HAB_3,6/20/24,0,68.8,78.8,88.9,71.3,1.1,17.75
KAT_HAB_3,6/21/24,0,67,77.2,87.5,68.4,0.58,19.87
KAT_HAB_3,6/22/24,0,68.4,78.3,88.2,69.3,0.85,20.68
KAT_HAB_3,6/23/24,0,73.3,81.7,90,69.1,3.84,25.94
KAT_HAB_3,6/24/24,0.22,60.1,70.5,80.8,62.9,1.33,12.27
KAT_HAB_3,6/25/24,0,58.7,68.1,77.6,57.3,0.96,16.65
KAT_HAB_3,6/26/24,0.03,62.3,72,81.7,62.3,1.12,18.36
KAT_HAB_3,6/27/24,0.61,58.4,70.5,82.6,61,0.17,21.91
KAT_HAB_3,6/28/24,0,53.8,62.6,71.4,51.8,1.54,13.57
KAT_HAB_3,6/29/24,0.24,58.5,68.3,78.1,57.6,0.73,18.12
KAT_HAB_3,6/30/24,1.19,67.2,72.7,78.2,70.2,0.28,6.79
KAT_HAB_3,7/1/24,0,51.4,62.7,74,54.5,0.58,8.83
KAT_HAB_3,7/2/24,0,47.9,60.5,73.1,47.9,0.56,17.1
KAT_HAB_3,7/3/24,0,54.8,67.8,80.9,55.6,1.64,20.58
KAT_HAB_3,7/4/24,0.11,68.2,77.7,87.1,68.1,0,20.42
KAT_HAB_3,7/5/24,0,67.1,74.6,82.1,66.9,0.79,16.31
KAT_HAB_3,7/6/24,0.42,66.2,76.4,86.5,67.2,0.28,21.23
KAT_HAB_3,7/7/24,0,61.6,71.1,80.5,63.4,0.84,15.45
KAT_HAB_3,7/8/24,0,59.5,71.2,82.9,60.6,0.72,20.93
KAT_HAB_3,7/9/24,0,62,74.1,86.1,61.6,0.82,24.57
KAT_HAB_3,7/10/24,0.06,67.4,76.3,85.3,68.1,0.65,18.14
KAT_HAB_3,7/11/24,0.75,65.2,75.9,86.6,68.7,0.38,15.61
KAT_HAB_3,7/12/24,0.26,60.6,67.9,75.1,64.4,0.01,8.26
KAT_HAB_3,7/13/24,0,61.6,71.4,81.2,64.5,0.32,15.41
KAT_HAB_3,7/14/24,0,59.7,72.3,85,61.7,0.73,22.09
KAT_HAB_3,7/15/24,0.16,66.1,76.6,87.1,67,0.42,22.86
KAT_HAB_3,7/16/24,0.37,64.7,75.4,86.2,67.6,0.4,17.23
KAT_HAB_3,7/17/24,0.27,65.7,74.4,83.1,67.4,0.22,14.26
KAT_HAB_3,7/18/24,0,58,69.1,80.2,62.2,0.62,17.92
KAT_HAB_3,7/19/24,0,54.4,64.1,73.8,54.9,0.83,14.22
KAT_HAB_3,7/20/24,0,52.3,64.2,76,53.2,0.6,17.38
KAT_HAB_3,7/21/24,0,56.8,69,81.3,56.4,0.54,20.69
KAT_HAB_3,7/22/24,0,58.5,67.2,76,60.1,0.33,13.45
KAT_HAB_3,7/23/24,0.08,61.2,72.1,83.1,63.3,0,20.18
KAT_HAB_3,7/24/24,0.06,64.3,72.9,81.5,63.9,0.89,17.82
KAT_HAB_3,7/25/24,0.51,61.6,72.3,82.9,64.6,1.01,16.79
KAT_HAB_3,7/26/24,0,52.8,64.3,75.8,54.4,0.38,17.16
KAT_HAB_3,7/27/24,0,54.7,67.4,80.2,53.9,1.4,21.68
KAT_HAB_3,7/28/24,0,57.8,71.5,85.2,55.5,1.55,28.51
KAT_HAB_3,7/29/24,0,61.8,74.8,87.7,59.6,1.54,29.05
KAT_HAB_3,7/30/24,0,66.7,77.3,88,64.5,1.1,26.99
KAT_HAB_3,7/31/24,0.48,68.3,77.4,86.5,69.2,0.27,19.28
KAT_HAB_3,8/1/24,0,66.1,75.2,84.3,67.9,0.77,17.26
KAT_HAB_3,8/2/24,0.05,67.6,77.3,86.9,70.5,0,17.63
KAT_HAB_3,8/3/24,0.35,65.8,70,74.2,68.4,0.15,4.07
KAT_HAB_3,8/4/24,0.13,64.7,72.4,80.1,67.5,0.25,11.87
KAT_HAB_3,8/5/24,0,62.9,73.2,83.5,64,1.01,19.98
KAT_HAB_3,8/6/24,0.2,66.1,75.1,84,68.9,0.22,14.78
KAT_HAB_3,8/7/24,0.36,57.8,66.3,74.8,61.2,0.4,5.25
KAT_HAB_3,8/8/24,0,60,69.6,79.1,58.9,1.04,18.58
KAT_HAB_3,8/9/24,0.15,63.6,73.6,83.6,67.8,0,14.58
KAT_HAB_3,8/10/24,0.78,59.1,67.8,76.5,63.9,0.46,8.73
KAT_HAB_3,8/11/24,0.02,56.4,64.7,73,54.6,1.34,14.2
KAT_HAB_3,8/12/24,0.41,56,64.5,73,56.4,0.27,12.42
KAT_HAB_3,8/13/24,0.05,55,63.7,72.4,57,0.29,11.65
KAT_HAB_3,8/14/24,0,55.8,66,76.2,58,0.4,14.08
KAT_HAB_3,8/15/24,0,56,67.7,79.5,58.3,0.3,18.62
KAT_HAB_3,8/16/24,0,57.4,70.1,82.8,58.7,0.52,22.62
KAT_HAB_3,8/17/24,0.01,64.5,72.7,80.9,64.7,0.76,16.89
KAT_HAB_3,8/18/24,1.44,65.9,75,84.2,66.2,1.18,16.89
KAT_HAB_3,8/19/24,0.46,59.6,69.6,79.6,65.2,0.4,12.45
KAT_HAB_3,8/20/24,0.16,50.3,55.9,61.5,53.2,0.3,3.7
KAT_HAB_3,8/21/24,0,48.6,56.9,65.3,47.8,0.55,10.39
KAT_HAB_3,8/22/24,0,48.4,58.7,69.1,49.2,0.35,12.94
KAT_HAB_3,8/23/24,0,51.8,62,72.1,52.2,0.57,14.11
KAT_HAB_3,8/24/24,0,51.8,62.6,73.3,53.3,0.54,14.34
KAT_HAB_3,8/25/24,0,53.3,66,78.7,55.5,0.15,19.41
KAT_HAB_3,8/26/24,0,56.4,68.6,80.8,58.1,0.51,19.7
KAT_HAB_3,8/27/24,0,58.8,70.9,83.1,61,0.2,20.76
KAT_HAB_3,8/28/24,0.02,64,76,88.1,67.8,1,21.99
KAT_HAB_3,8/29/24,0,63.4,72.6,81.7,66.8,0.6,11.82
KAT_HAB_3,8/30/24,0,59.4,67.1,74.8,62.1,0.24,8.4
KAT_HAB_3,8/31/24,0.05,61.6,73.3,84.9,66.5,0.01,20.17
KAT_HAB_3,9/1/24,0.01,59.8,69.4,78.9,65.2,0.42,10.25
KAT_HAB_3,9/2/24,0.2,51.7,65.5,79.3,56.4,1.16,16.04
KAT_HAB_3,9/3/24,0,43.1,54.5,65.9,44.9,0.57,11.99
KAT_HAB_3,9/4/24,0,46.7,59.2,71.7,47.2,0.65,16.02
KAT_HAB_3,9/5/24,0,50.5,64.3,78.1,50.9,0.99,21.15
KAT_HAB_3,9/6/24,0,57.6,69.1,80.5,52.3,2.69,23.1
KAT_HAB_3,9/7/24,1.53,53.4,67.3,81.3,59.4,0.08,18.96
KAT_HAB_3,9/8/24,0.14,46.4,55.4,64.4,47.4,1.05,8.85
KAT_HAB_3,9/9/24,0,48.7,56.1,63.4,45.4,1.72,11.1
KAT_HAB_3,9/10/24,0,51,60.7,70.4,56,0.42,9.93
KAT_HAB_3,9/11/24,0,49.9,61.3,72.6,51.3,0.51,15.86
KAT_HAB_3,9/12/24,0,54.2,65.9,77.5,56,0.77,17.56
KAT_HAB_3,9/13/24,0,56.1,69.2,82.3,58.7,0.96,21.3
KAT_HAB_3,9/14/24,0,55.8,68.4,81.1,58.1,0.96,19.52
KAT_HAB_3,9/15/24,0,57.3,69.8,82.2,59.5,0.78,20.21
KAT_HAB_3,9/16/24,0,56.2,69.5,82.8,58.2,1.25,22.05
KAT_HAB_3,9/17/24,0,55.1,69,82.8,56,1.4,23.34
KAT_HAB_3,9/18/24,0,57.3,69.2,81.1,57.6,1.08,20.84
KAT_HAB_3,9/19/24,0,58.6,68.9,79.2,60.7,0.51,16.62
KAT_HAB_3,9/20/24,0,55.5,67.9,80.4,58.4,0.94,20.03
KAT_HAB_3,9/21/24,0,57.8,70.2,82.6,58.3,1.54,23.75
KAT_HAB_3,9/22/24,0.34,59.2,71.6,84,61,0.49,20.94
KAT_HAB_3,9/23/24,0.14,59.9,70.4,80.9,63.5,0.47,16.85
KAT_HAB_3,9/24/24,0.24,60.3,66.9,73.4,62.4,0.41,7.17
KAT_HAB_3,9/25/24,0.04,60.4,63.6,66.8,58.5,1.29,5.35
KAT_HAB_3,9/26/24,0.26,61.7,66.2,70.6,62.3,0.24,6.48
KAT_HAB_3,9/27/24,0,54.1,63.4,72.7,57.9,0.34,10.66
KAT_HAB_3,9/28/24,0,55.6,65,74.3,57.6,0.24,14.75
KAT_HAB_3,9/29/24,0.02,62.5,70.2,77.9,64.1,0.43,11.4
KAT_HAB_3,9/30/24,0,57.8,66.3,74.9,62,0.35,9.01
KAT_HAB_3,10/1/24,0,58.8,66.2,73.6,59.4,0.71,10.91
KAT_HAB_3,10/2/24,0.21,52.1,62.7,73.2,57.4,0.15,10.88
KAT_HAB_3,10/3/24,0,44.1,53.9,63.7,46.3,0.48,9.53
KAT_HAB_3,10/4/24,0,45.1,58.1,71.1,48.8,0.22,14.58
KAT_HAB_3,10/5/24,0.01,46.8,60.2,73.7,50.7,0.44,15.51
KAT_HAB_3,10/6/24,0,44.2,54.5,64.7,43.1,0.73,12.12
KAT_HAB_3,10/7/24,0.43,49,64.3,79.6,52.9,0.75,18.41
KAT_HAB_3,10/8/24,0,42.4,50.9,59.3,42.3,0.86,7.65
KAT_HAB_3,10/9/24,0.15,41.7,51.8,62,42.2,0.71,11.03
KAT_HAB_3,10/10/24,0.03,41.2,49.9,58.5,39.1,0.86,9.39
KAT_HAB_3,10/11/24,0,38.6,46.7,54.8,38.2,0.5,6.55
KAT_HAB_3,10/12/24,0,40.4,54,67.5,45.9,0.58,13.24
KAT_HAB_3,10/13/24,0.5,41.4,51.9,62.4,40.3,0.41,12.33
KAT_HAB_3,10/14/24,0.87,39,44.5,50,44.9,0.06,1.1
KAT_HAB_3,10/15/24,1.01,35,41.8,48.5,35.9,0.14,5.18
KAT_HAB_3,10/16/24,0.13,36.6,43.1,49.6,36.9,0.03,5.33
KAT_HAB_3,10/17/24,0.02,32.9,40.6,48.3,34.4,0.46,4.64
KAT_HAB_3,10/18/24,0,32.7,44.1,55.5,36.8,0.17,7.68
KAT_HAB_3,10/19/24,0,37.2,49.1,60.9,40.6,0.34,9.4
KAT_HAB_3,10/20/24,0,39.1,52.5,65.9,38.7,0.72,14.01
KAT_HAB_3,10/21/24,0,41.8,56,70.3,41.3,1.66,17.42
KAT_HAB_3,10/22/24,0,50.6,62.7,74.8,45.6,2.77,17.89
KAT_HAB_3,10/23/24,0,51.5,63.9,76.3,45.9,2.15,22.03
KAT_HAB_3,10/24/24,0.09,43,58,73,45.9,1.09,16.08
KAT_HAB_3,10/25/24,0,32.7,42.7,52.6,34.2,0.45,6.33
KAT_HAB_3,10/26/24,0.03,33.7,45.8,58,41.8,0.49,8.15
KAT_HAB_3,10/27/24,0.09,29.5,42.2,55,32.9,0.41,7.93
KAT_HAB_3,10/28/24,0,30.5,42.2,53.9,32.7,0.39,8.55
KAT_HAB_3,10/29/24,0,38.2,49.6,61.1,35.2,1.26,12.82
KAT_HAB_3,10/30/24,0.3,46.1,56.9,67.7,51.5,0.55,9.08
KAT_HAB_3,10/31/24,0,57.1,66.6,76.2,52.6,3.03,16.91
KAT_HAB_3,11/1/24,0.18,51.4,64.1,76.7,55.8,1.12,15.24
KAT_HAB_3,11/2/24,0,35.3,44.5,53.7,37.1,0.65,5.14
KAT_HAB_3,11/3/24,0,29.1,37.8,46.5,30.3,0.44,4.74
KAT_HAB_3,11/4/24,0,30.5,44.1,57.8,27.6,0.78,11.51
KAT_HAB_3,11/5/24,0,47.3,58.1,68.9,41.8,4.28,13.52
KAT_HAB_3,11/6/24,0.19,58,67.4,76.9,54,1.81,17.79
KAT_HAB_3,11/7/24,0.1,49.3,57.2,65.1,55.3,0.27,4.37
KAT_HAB_3,11/8/24,0,42.9,48.3,53.7,41.5,0.78,5.3
KAT_HAB_3,11/9/24,0,29.6,42.2,54.8,34.1,0.73,6.89
KAT_HAB_3,11/10/24,0,29.5,40.1,50.7,26.5,0.82,7.99
KAT_HAB_3,11/11/24,0.67,41.5,49.8,58.2,44.9,0.38,8.61
KAT_HAB_3,11/12/24,0.2,35.3,44.8,54.4,40.3,0.54,4.87
KAT_HAB_3,11/13/24,0,25.5,34.3,43.2,27,0.32,4.38
KAT_HAB_3,11/14/24,0,25.6,38.6,51.6,19.5,0.53,9.55
KAT_HAB_3,11/15/24,0.16,39.9,44.3,48.8,32.6,0.47,7.44
KAT_HAB_3,11/16/24,0.01,40.3,44.5,48.7,41.4,0.36,2.43
KAT_HAB_3,11/17/24,0,40.6,43.6,46.6,37.9,0.91,3.17
KAT_HAB_3,11/18/24,0,41.7,47.7,53.7,40.6,1.01,5.55
KAT_HAB_3,11/19/24,0,35.4,44.4,53.4,38.7,0.23,5.64
KAT_HAB_3,11/20/24,0.02,37.5,47.6,57.7,42.7,0.22,9.23
KAT_HAB_3,11/21/24,0.55,34.3,47.1,60,43.6,0.14,5.24
KAT_HAB_3,11/22/24,0.44,32.4,38.4,44.5,33,0,4.43
KAT_HAB_3,11/23/24,0.49,34.1,38.1,42,37.1,0.11,1.3
KAT_HAB_3,11/24/24,0.05,35.3,40.9,46.5,36.9,0.06,3.01
KAT_HAB_3,11/25/24,0,31.6,37.9,44.3,32.8,0.35,3.62
KAT_HAB_3,11/26/24,0.24,32.6,42.9,53.3,40.7,0.17,5.84
KAT_HAB_3,11/27/24,0.1,33,39,45,31.3,0.84,3.35
KAT_HAB_3,11/28/24,0.28,33,38.3,43.7,31,0.25,4.21
KAT_HAB_3,11/29/24,0.08,30.1,34.7,39.4,28.9,0.15,2.9
KAT_HAB_3,11/30/24,0.85,23.5,28.8,34,21.3,0.5,2.78
KAT_HAB_3,12/1/24,0.46,20.5,23.3,26.1,17.8,0.32,1.27
KAT_HAB_3,12/2/24,0.33,20.2,25.4,30.5,21,0.01,2.09
KAT_HAB_3,12/3/24,0.03,24.2,29.4,34.7,24.6,0.25,2.68
KAT_HAB_3,12/4/24,0.11,23.5,28.6,33.6,21.7,0.19,3.08
KAT_HAB_3,12/5/24,0.2,20.1,27.2,34.3,23.2,0,2.61
KAT_HAB_3,12/6/24,0.09,16.6,24,31.5,19.1,0.15,2
KAT_HAB_3,12/7/24,0.41,16.1,23.6,31.1,18.5,0.28,2.7
KAT_HAB_3,12/8/24,0,22.4,31.6,40.7,22.2,0,3.63
KAT_HAB_3,12/9/24,0,30.4,36.8,43.2,32.9,0,3.24
KAT_HAB_3,12/10/24,0.48,35.2,40.6,45.9,40.8,0.02,1.25
KAT_HAB_3,12/11/24,0.33,37.3,42.2,47,42.5,0.02,1
KAT_HAB_3,12/12/24,0.44,19,29.5,40,27.7,0,1.95
KAT_HAB_3,12/13/24,0.28,14.8,18.5,22.2,8.2,0.51,1.95
KAT_HAB_3,12/14/24,0.02,8.3,16.9,25.5,8.1,0.32,2.54
KAT_HAB_3,12/15/24,0,10.7,22,33.3,11.4,0.58,4.07
KAT_HAB_3,12/16/24,0.15,27.3,32.8,38.2,29,0.68,2.72
KAT_HAB_3,12/17/24,0.21,34.8,42.7,50.6,39.3,0,2.8
KAT_HAB_3,12/18/24,0,35.6,38.5,41.4,32.9,0.96,2.13
KAT_HAB_3,12/19/24,0.3,29.4,33.8,38.3,30.4,0.09,2.09
KAT_HAB_3,12/20/24,0.02,27.2,29.2,31.1,22.5,0.47,2.07
KAT_HAB_3,12/21/24,0.18,17.7,24.5,31.2,23.1,0.18,1.04
KAT_HAB_3,12/22/24,0.06,5.2,12.6,19.9,7.2,0.33,1.45
KAT_HAB_3,12/23/24,0,1.4,9.4,17.4,2.7,0.2,1.38
KAT_HAB_3,12/24/24,0.24,15.2,25,34.8,20.3,0.33,3.44
KAT_HAB_3,12/25/24,0,24.4,30.1,35.7,29.4,0,1.26
KAT_HAB_3,12/26/24,0,26.5,29.2,31.9,23.5,0.44,2.03
KAT_HAB_3,12/27/24,0,26.5,31.8,37.2,26.5,0.44,2.62
KAT_HAB_3,12/28/24,0,30.5,39.9,49.2,31.7,0.51,5.9
KAT_HAB_3,12/29/24,0.04,38.2,47,55.8,43.2,0.21,4.09
KAT_HAB_3,12/30/24,0.45,35.9,49,62.1,45.8,0.04,5.86
KAT_HAB_3,12/31/24,0.21,32.6,36.9,41.3,33.7,0.32,2.32
,,,,,,,,
KAT_HAB_4,1/1/24,0.07,28.5,31.8,35.1,29.1,0.16,1.68
KAT_HAB_4,1/2/24,0,25,28.1,31.2,24,0.33,1.33
KAT_HAB_4,1/3/24,0,27.4,30.6,33.8,25,0.54,2.03
KAT_HAB_4,1/4/24,0.18,26.2,29.7,33.1,27.3,0.15,1.43
KAT_HAB_4,1/5/24,0,21.2,24,26.7,15.5,0.97,1.86
KAT_HAB_4,1/6/24,0,20.5,25.2,29.8,17.9,0.75,2.28
KAT_HAB_4,1/7/24,0.21,23.1,27.8,32.5,24.4,0.15,2.3
KAT_HAB_4,1/8/24,0.15,26.9,30.1,33.4,27.6,0.15,1.16
KAT_HAB_4,1/9/24,0,30.2,33.7,37.1,26.2,0.68,2.8
KAT_HAB_4,1/10/24,0.21,31.7,40.2,48.7,34.9,0.45,3.2
KAT_HAB_4,1/11/24,0.22,29.5,32.8,36,26.5,0.43,2.18
KAT_HAB_4,1/12/24,0.24,29.5,32.6,35.7,29.3,0.27,1.52
KAT_HAB_4,1/13/24,0.26,29.6,35.6,41.5,30.6,0.31,3.74
KAT_HAB_4,1/14/24,0.32,19.5,27.2,34.9,20.2,0.14,1.96
KAT_HAB_4,1/15/24,0.04,5.8,13.7,21.7,3.8,0.48,1.43
KAT_HAB_4,1/16/24,0,5.4,11.4,17.5,3.6,0.45,1.48
KAT_HAB_4,1/17/24,0.34,5.6,12.5,19.4,3.4,0.45,1.51
KAT_HAB_4,1/18/24,0.16,5.4,13,20.6,4.2,0.45,2.01
KAT_HAB_4,1/19/24,0.18,15.2,20,24.8,15.7,0.21,1.57
KAT_HAB_4,1/20/24,0.18,6.2,14.4,22.7,9.7,0.31,1.06
KAT_HAB_4,1/21/24,0.08,6.2,12.1,18,8,0.35,1.09
KAT_HAB_4,1/22/24,0,11,18.3,25.7,11,0.5,2.07
KAT_HAB_4,1/23/24,0.05,15.1,24.3,33.5,18.8,0.39,3.55
KAT_HAB_4,1/24/24,0.48,30.4,34.9,39.5,31.9,0.14,1.45
KAT_HAB_4,1/25/24,0.44,36,40.2,44.4,38.5,0.15,0.94
KAT_HAB_4,1/26/24,0.45,35.5,40.3,45.1,38.5,0.19,1.03
KAT_HAB_4,1/27/24,0.08,33.7,38.8,43.9,36.8,0.15,1.01
KAT_HAB_4,1/28/24,0.18,33.3,36.6,39.9,36.1,0.09,0.82
KAT_HAB_4,1/29/24,0.44,28.9,33.4,37.9,31,0.1,1.06
KAT_HAB_4,1/30/24,0,28.8,30.9,32.9,27,0.44,1.34
KAT_HAB_4,1/31/24,0,27.9,32.2,36.5,28.1,0.44,2.05
KAT_HAB_4,2/1/24,0,28.3,33.4,38.5,30.5,0.27,1.97
KAT_HAB_4,2/2/24,0.14,31.8,34.9,38,33.3,0,1.29
KAT_HAB_4,2/3/24,0,26.8,31,35.2,26.8,0.23,1.85
KAT_HAB_4,2/4/24,0,22,29.2,36.4,23.1,0.23,3.08
KAT_HAB_4,2/5/24,0,21.9,31,40,22.5,0.23,4.23
KAT_HAB_4,2/6/24,0,18.4,25.5,32.7,21.4,0.3,1.92
KAT_HAB_4,2/7/24,0,19.7,28.6,37.5,19.7,0.4,4.03
KAT_HAB_4,2/8/24,0,24.2,34,43.8,22.3,0.69,5.94
KAT_HAB_4,2/9/24,0.07,30.6,42,53.4,24.8,1.61,9.89
KAT_HAB_4,2/10/24,0,39.7,48.7,57.6,39.7,0.94,7.7
KAT_HAB_4,2/11/24,0.05,31.2,39.9,48.7,34.5,0.69,3.25
KAT_HAB_4,2/12/24,0,26.4,30.5,34.6,25.4,0.67,2.2
KAT_HAB_4,2/13/24,0,23.6,29.4,35.2,23.1,0.08,3.18
KAT_HAB_4,2/14/24,0.01,19.4,27.7,36.1,18.1,0.56,3.58
KAT_HAB_4,2/15/24,0,17,23.2,29.4,11.8,0.69,3.06
KAT_HAB_4,2/16/24,0.06,18,27.8,37.7,20.2,0.34,3.96
KAT_HAB_4,2/17/24,0.26,18.7,24.1,29.4,16.2,0.33,2.63
KAT_HAB_4,2/18/24,0.03,15.2,20.2,25.3,10.5,0.51,2.24
KAT_HAB_4,2/19/24,0.04,13.1,21.5,30,14.9,0.77,2.51
KAT_HAB_4,2/20/24,0,11.8,20.5,29.2,10.8,0.41,2.98
KAT_HAB_4,2/21/24,0,14.2,28.1,42.1,17.3,0.54,6.12
KAT_HAB_4,2/22/24,0,28.3,39.8,51.3,26.1,1.25,8.34
KAT_HAB_4,2/23/24,0.29,34.1,40.5,46.8,35.5,0.2,5.01
KAT_HAB_4,2/24/24,0,15.2,29.7,44.1,25.1,0.33,4.14
KAT_HAB_4,2/25/24,0,13.5,19.8,26.2,7.4,0.74,2.87
KAT_HAB_4,2/26/24,0,16.7,31.3,45.8,17.7,0.57,7.85
KAT_HAB_4,2/27/24,0,33.3,44.9,56.5,29.3,1.8,9.99
KAT_HAB_4,2/28/24,0.35,44.3,54.7,65.2,43.2,0.67,13.95
KAT_HAB_4,2/29/24,0.27,19.2,40.3,61.5,26.3,0.46,4.94
KAT_HAB_4,3/1/24,0.01,17.9,23.1,28.3,12.1,0.56,2.61
KAT_HAB_4,3/2/24,0.02,22.2,37.2,52.1,22.8,0.67,9.5
KAT_HAB_4,3/3/24,0.05,38,43.6,49.3,40.7,0.1,2.78
KAT_HAB_4,3/4/24,0,38,45.5,53,40.2,0.13,4.85
KAT_HAB_4,3/5/24,0,42.2,56.8,71.5,43.8,0.94,16.35
KAT_HAB_4,3/6/24,0.12,45.2,58.7,72.2,47.2,0.21,16.18
KAT_HAB_4,3/7/24,0.15,34.1,41,47.9,40.4,0.17,0.94
KAT_HAB_4,3/8/24,0,33.1,43.1,53.2,30.3,0.92,7.12
KAT_HAB_4,3/9/24,0.17,36,51.1,66.2,35,1.17,16.36
KAT_HAB_4,3/10/24,0.15,31.2,40.4,49.6,37.5,0.08,3.49
KAT_HAB_4,3/11/24,0.33,24.2,28.9,33.5,23.8,0.18,2.03
KAT_HAB_4,3/12/24,0,26.9,37.7,48.4,24,1.17,6.84
KAT_HAB_4,3/13/24,0,35.4,47.1,58.9,35,1.04,10.05
KAT_HAB_4,3/14/24,0,34.5,48.8,63.1,37,0.53,11.14
KAT_HAB_4,3/15/24,0.57,35.6,50.2,64.8,40.1,0.31,15.82
KAT_HAB_4,3/16/24,0.01,29.7,36.8,43.9,35.6,0.02,2.05
KAT_HAB_4,3/17/24,0.47,30.6,42.7,54.9,31.8,0.28,9.58
KAT_HAB_4,3/18/24,0.09,25.4,33.6,41.8,25.7,0.22,4.28
KAT_HAB_4,3/19/24,0.23,24.6,28.5,32.4,21,0.35,2.46
KAT_HAB_4,3/20/24,0.23,25.1,30.2,35.3,25.5,0.26,2.68
KAT_HAB_4,3/21/24,0.23,17.9,26.6,35.2,16.5,0.31,2.78
KAT_HAB_4,3/22/24,0,8,17.8,27.7,10.9,0.15,2.58
KAT_HAB_4,3/23/24,0.34,13.1,21.7,30.3,18.7,0.06,2.57
KAT_HAB_4,3/24/24,0,11.8,22,32.1,16.9,0.18,2.68
KAT_HAB_4,3/25/24,0,14.5,25.3,36.1,12,0.5,4.75
KAT_HAB_4,3/26/24,0,32.2,46.7,61.2,21.4,3.04,14.11
KAT_HAB_4,3/27/24,0.09,40.3,49,57.6,33.7,1.33,10.74
KAT_HAB_4,3/28/24,0,30.5,39.6,48.6,32,1,3.32
KAT_HAB_4,3/29/24,0,26.3,34.8,43.3,22.7,0.56,5.33
KAT_HAB_4,3/30/24,0,23.9,31.1,38.3,23.9,0.34,3.46
KAT_HAB_4,3/31/24,0.25,25.1,36.2,47.4,31.8,0.08,6.42
KAT_HAB_4,4/1/24,0,32.9,38.9,44.9,33.3,0.19,3.52
KAT_HAB_4,4/2/24,0,35.3,44.8,54.2,33.3,0.41,7.73
KAT_HAB_4,4/3/24,0.35,39.2,45,50.7,41.6,0.14,3.31
KAT_HAB_4,4/4/24,0.82,30.5,39.2,47.8,36,0.08,2.76
KAT_HAB_4,4/5/24,0.23,29,36.1,43.1,31.8,0.05,2.65
KAT_HAB_4,4/6/24,0.25,28.9,34,39,31.6,0.03,2.55
KAT_HAB_4,4/7/24,0,30.1,40.8,51.5,30.2,0.36,7.54
KAT_HAB_4,4/8/24,0,32.9,45.5,58.1,24.5,1.09,12.07
KAT_HAB_4,4/9/24,0,40.3,51.6,62.9,32.8,2.02,13.28
KAT_HAB_4,4/10/24,0,46,62.6,79.1,45,1.47,26.16
KAT_HAB_4,4/11/24,0.38,50.9,57.2,63.4,46.9,0.34,10.83
KAT_HAB_4,4/12/24,1.39,45.1,57.4,69.7,55.6,0.27,9.06
KAT_HAB_4,4/13/24,0.91,34.8,41.4,48.1,38.3,0.31,2.53
KAT_HAB_4,4/14/24,0.06,34.7,41.6,48.6,33.7,0.32,5.23
KAT_HAB_4,4/15/24,0.12,39.6,54.6,69.6,43.9,0.36,14.06
KAT_HAB_4,4/16/24,0,38,49.4,60.8,34.5,1.09,11.95
KAT_HAB_4,4/17/24,0.17,43.8,54.2,64.5,32.4,2.36,14.38
KAT_HAB_4,4/18/24,0.39,45.3,57.2,69.2,49.5,0.18,10.09
KAT_HAB_4,4/19/24,0.04,41.3,49,56.7,44.4,0.22,5.17
KAT_HAB_4,4/20/24,0.02,39.2,50.1,61.1,40.6,1.01,6.45
KAT_HAB_4,4/21/24,0.03,34.1,41.1,48,26.6,1.25,5.89
KAT_HAB_4,4/22/24,0,29.2,37.6,46.1,26,0.7,6.37
KAT_HAB_4,4/23/24,0,31.3,42.9,54.4,24,1.15,10.64
KAT_HAB_4,4/24/24,0.26,41.5,54,66.5,37.9,0.23,16.79
KAT_HAB_4,4/25/24,0.22,26.1,36.2,46.3,33.5,0.17,2
KAT_HAB_4,4/26/24,0,28.9,40.4,52,21.2,1.17,9.33
KAT_HAB_4,4/27/24,0,37,51.9,66.8,28.5,3.31,17.34
KAT_HAB_4,4/28/24,0.2,46.7,54.7,62.8,48.5,0.64,6.74
KAT_HAB_4,4/29/24,0.17,52.5,60.8,69.1,56.8,0.15,8.08
KAT_HAB_4,4/30/24,0,52,65.3,78.6,54.2,0.71,18.06
KAT_HAB_4,5/1/24,0.05,43.3,54.3,65.4,48.4,0.18,8.86
KAT_HAB_4,5/2/24,0,44.6,61.1,77.6,46,0.23,23.07
KAT_HAB_4,5/3/24,0,48.2,58.4,68.6,43.6,1.82,14.56
KAT_HAB_4,5/4/24,0,52.2,66.3,80.4,50.2,1.1,24.9
KAT_HAB_4,5/5/24,0.53,50.1,63.2,76.2,51.7,0.48,14.54
KAT_HAB_4,5/6/24,0.19,51.2,58.9,66.5,54.8,0.27,5.59
KAT_HAB_4,5/7/24,0,39.8,53.6,67.4,40.9,0.76,15.15
KAT_HAB_4,5/8/24,0.39,44.9,60.3,75.6,48.5,0.04,21.29
KAT_HAB_4,5/9/24,0,42.8,57.5,72.3,46.6,0.25,16.94
KAT_HAB_4,5/10/24,0,43.9,53.3,62.6,41.4,0.53,10.81
KAT_HAB_4,5/11/24,0,38.4,49.3,60.2,41.4,0.27,9.69
KAT_HAB_4,5/12/24,0.21,44,53.3,62.5,44.6,0.1,10.68
KAT_HAB_4,5/13/24,0.02,44.1,51.4,58.7,45,0.24,6.8
KAT_HAB_4,5/14/24,0.13,49.6,62.6,75.6,49.2,1.19,18.35
KAT_HAB_4,5/15/24,0.04,54.2,65.2,76.2,54.5,0.12,16.63
KAT_HAB_4,5/16/24,0,55.7,63.9,72.1,56.7,0.26,10.27
KAT_HAB_4,5/17/24,0,54.1,63,71.9,55.9,0.23,10.91
KAT_HAB_4,5/18/24,0.48,55.3,63.1,70.9,58.8,0,8.64
KAT_HAB_4,5/19/24,0,53.4,63.2,72.9,58.3,0.06,10.03
KAT_HAB_4,5/20/24,0,54.4,65.9,77.4,56.1,0.35,18.18
KAT_HAB_4,5/21/24,0,57.8,71.6,85.4,58.7,0.49,24.84
KAT_HAB_4,5/22/24,0,62,73.1,84.2,59.4,2.18,23.51
KAT_HAB_4,5/23/24,0.43,56.1,70.3,84.5,61.2,0.26,21.87
KAT_HAB_4,5/24/24,0,51.4,62.8,74.2,47.4,1.8,18.38
KAT_HAB_4,5/25/24,0,50.3,63.5,76.6,46.6,1.83,21.02
KAT_HAB_4,5/26/24,0.32,53,64.5,76,57.5,0.07,13.35
KAT_HAB_4,5/27/24,0.06,57.7,68,78.4,57.2,0.12,20.63
KAT_HAB_4,5/28/24,0.49,55.3,64.9,74.6,57.7,0.14,11.21
KAT_HAB_4,5/29/24,0.22,50.3,56.5,62.8,54,0.05,4.95
KAT_HAB_4,5/30/24,0.15,42.4,54,65.7,46.8,0.2,11
KAT_HAB_4,5/31/24,0,40.1,51.8,63.5,39.5,0.31,12.75
KAT_HAB_4,6/1/24,0,40.9,54.5,68.1,38.8,1.11,15.38
KAT_HAB_4,6/2/24,0,50,63.1,76.2,42.6,2.13,23.41
KAT_HAB_4,6/3/24,0.29,58.7,63.9,69.1,59.1,0.1,9.86
KAT_HAB_4,6/4/24,0,56.5,67.4,78.4,59.9,0.27,15.62
KAT_HAB_4,6/5/24,0,59.6,72.3,85,59.4,0.7,24.18
KAT_HAB_4,6/6/24,0.73,60.8,69.5,78.2,65.1,0.02,10.07
KAT_HAB_4,6/7/24,0.09,54.9,64.4,73.9,57,0.24,13.6
KAT_HAB_4,6/8/24,0.18,51.5,58.3,65.1,52.1,0.53,8
KAT_HAB_4,6/9/24,0.46,51.1,60.5,69.8,50.8,0.18,13.24
KAT_HAB_4,6/10/24,0.21,49.6,58.2,66.8,50.7,0.47,10.54
KAT_HAB_4,6/11/24,0,49.2,53.7,58.2,48.5,0.27,4.65
KAT_HAB_4,6/12/24,0,45.3,52.6,59.9,48.8,0.09,5.48
KAT_HAB_4,6/13/24,0,48.7,62,75.3,49.7,0.43,18.38
KAT_HAB_4,6/14/24,0.02,59.1,71.9,84.6,57.9,1.13,24.6
KAT_HAB_4,6/15/24,0,49.7,63.3,76.9,51.3,0.68,19.35
KAT_HAB_4,6/16/24,0,47.3,59.9,72.4,48.5,0.51,16.09
KAT_HAB_4,6/17/24,0,54.3,68.3,82.3,56.2,1.2,23.89
KAT_HAB_4,6/18/24,0.21,68.3,77.5,86.7,66.1,2.44,20.13
KAT_HAB_4,6/19/24,0,70,80.3,90.7,69.5,2.14,23.04
KAT_HAB_4,6/20/24,0,67.6,77.9,88.1,71,0.88,17.31
KAT_HAB_4,6/21/24,0,66.1,76.3,86.4,68.2,0.47,18.98
KAT_HAB_4,6/22/24,0,67.5,77.3,87,68.9,0.82,19.6
KAT_HAB_4,6/23/24,0,71.4,80.3,89.2,68.9,2.42,24.93
KAT_HAB_4,6/24/24,0.23,58.6,69.3,80,62.6,1.16,11.68
KAT_HAB_4,6/25/24,0,56.8,66.7,76.6,56.7,0.85,16.05
KAT_HAB_4,6/26/24,0.05,60.3,70.4,80.5,61.9,0.98,17.83
KAT_HAB_4,6/27/24,0.52,56.5,69,81.6,60.5,0,21.07
KAT_HAB_4,6/28/24,0,51.7,61.2,70.8,51.3,0.74,13.35
KAT_HAB_4,6/29/24,0.24,55,66.2,77.4,57.1,0.4,17.64
KAT_HAB_4,6/30/24,1.16,66.3,72,77.6,70,0.23,6.55
KAT_HAB_4,7/1/24,0,48.9,61,73.1,54.1,0.13,8.19
KAT_HAB_4,7/2/24,0,46.8,59.6,72.4,47.3,0.47,16.73
KAT_HAB_4,7/3/24,0,53.2,66.4,79.7,54.8,1.7,19.57
KAT_HAB_4,7/4/24,0.1,67.4,76.7,86,67.5,0.04,18.89
KAT_HAB_4,7/5/24,0,66.1,73.5,80.9,66.4,0.69,15.05
KAT_HAB_4,7/6/24,0.4,65.3,75.4,85.5,66.6,0.3,19.98
KAT_HAB_4,7/7/24,0,59.9,69.3,78.7,62.5,0.57,13.6
KAT_HAB_4,7/8/24,0,59.1,69.8,80.6,60.1,0.69,18.5
KAT_HAB_4,7/9/24,0,61.1,73.1,85.1,61.2,0.67,23.49
KAT_HAB_4,7/10/24,0,66.8,75.2,83.6,67.4,0.73,16.34
KAT_HAB_4,7/11/24,0.67,64,74.2,84.4,68.1,0.28,12.72
KAT_HAB_4,7/12/24,0.28,59.5,66.5,73.5,63.6,0.05,7.14
KAT_HAB_4,7/13/24,0,60.2,70.3,80.4,63.7,0.16,14.98
KAT_HAB_4,7/14/24,0,58.8,71.2,83.6,61,0.7,21.17
KAT_HAB_4,7/15/24,0.24,64.1,75,85.9,66,0.26,22.01
KAT_HAB_4,7/16/24,0.47,63.6,74,84.4,67,0.29,15.24
KAT_HAB_4,7/17/24,0.37,64.6,73.4,82.1,66.6,0.3,13.56
KAT_HAB_4,7/18/24,0,56.1,67.2,78.4,61.8,0.31,15.41
KAT_HAB_4,7/19/24,0,52.5,62.6,72.8,54.1,0.36,13.36
KAT_HAB_4,7/20/24,0,51.2,62.9,74.6,52.7,0.43,16.11
KAT_HAB_4,7/21/24,0,54.8,66.8,78.8,55.9,0.23,19.3
KAT_HAB_4,7/22/24,0,57.7,67.7,77.7,59.5,0.37,15.63
KAT_HAB_4,7/23/24,0.11,60,71.1,82.1,62.6,0,19.31
KAT_HAB_4,7/24/24,0.02,63.2,71.9,80.6,63.5,0.62,16.7
KAT_HAB_4,7/25/24,0.72,59.8,70.4,81,64.1,0.33,14.66
KAT_HAB_4,7/26/24,0,51.7,63.4,75,53.7,0.27,16.58
KAT_HAB_4,7/27/24,0,53.4,65.8,78.2,53,1.13,19.76
KAT_HAB_4,7/28/24,0,55.9,69.2,82.5,54.8,1.09,24.47
KAT_HAB_4,7/29/24,0,61.6,74.1,86.7,58.8,1.53,27.73
KAT_HAB_4,7/30/24,0,64.1,75.3,86.4,63.5,0.48,25.33
KAT_HAB_4,7/31/24,0.67,66.6,76,85.4,68.5,0,18.11
KAT_HAB_4,8/1/24,0,64.6,73.5,82.4,67.2,0.27,15.01
KAT_HAB_4,8/2/24,0.07,66.3,75.9,85.5,69.9,0,15.68
KAT_HAB_4,8/3/24,0.39,65,69.1,73.2,68.1,0.15,3.22
KAT_HAB_4,8/4/24,0.32,64.2,71.1,77.9,67.2,0.3,9.79
KAT_HAB_4,8/5/24,0,61,71.4,81.9,63.4,0.52,17.85
KAT_HAB_4,8/6/24,0.1,64.5,73.4,82.3,68.4,0.06,12.95
KAT_HAB_4,8/7/24,0.37,57.2,64.2,71.1,61,0.25,5.02
KAT_HAB_4,8/8/24,0,58.9,68.2,77.5,58.5,1.05,16.77
KAT_HAB_4,8/9/24,0.1,64.1,73.1,82.1,67.6,0,13.23
KAT_HAB_4,8/10/24,0.71,57.6,66.6,75.7,63.5,0.31,7.99
KAT_HAB_4,8/11/24,0.02,54,62.8,71.5,54.4,0.41,13.21
KAT_HAB_4,8/12/24,0.17,54.5,62.9,71.3,56,0.09,11.08
KAT_HAB_4,8/13/24,0.02,54.1,62.7,71.3,56.4,0.19,11.13
KAT_HAB_4,8/14/24,0,54.6,65,75.3,57.6,0.24,13.49
KAT_HAB_4,8/15/24,0,55.1,66.7,78.3,57.4,0.34,17.84
KAT_HAB_4,8/16/24,0,56.6,69.1,81.6,57.8,0.55,21.24
KAT_HAB_4,8/17/24,0.02,62.6,71.5,80.4,64.4,0.58,16.51
KAT_HAB_4,8/18/24,1.15,64.4,73.5,82.5,65.9,0.68,15.11
KAT_HAB_4,8/19/24,0.67,58.1,67.8,77.6,64.9,0.2,10.71
KAT_HAB_4,8/20/24,0.21,48.1,54.4,60.8,52.8,0.23,3.24
KAT_HAB_4,8/21/24,0.02,46.9,55.6,64.3,47.4,0.32,9.87
KAT_HAB_4,8/22/24,0,47.8,58,68.1,48.8,0.35,12.28
KAT_HAB_4,8/23/24,0,51.4,61.2,70.9,51.6,0.55,13.37
KAT_HAB_4,8/24/24,0,51.8,62.5,73.2,52.9,0.64,14.37
KAT_HAB_4,8/25/24,0,52.6,65.1,77.6,55.1,0.25,18.44
KAT_HAB_4,8/26/24,0,55.9,67.8,79.7,57.6,0.5,19.04
KAT_HAB_4,8/27/24,0,57.8,70,82.2,60,0.34,20.22
KAT_HAB_4,8/28/24,0.02,63.3,75.1,87,67.6,0.51,20.53
KAT_HAB_4,8/29/24,0,62.6,71.1,79.7,66.2,0.43,10.07
KAT_HAB_4,8/30/24,0,59.6,66.7,73.7,61.6,0.36,7.89
KAT_HAB_4,8/31/24,0.01,62.6,73.7,84.8,66.1,0.52,20.34
KAT_HAB_4,9/1/24,0.02,58.3,67.9,77.6,64.7,0.17,9.2
KAT_HAB_4,9/2/24,0.1,48.8,63.2,77.6,56,0.54,14.09
KAT_HAB_4,9/3/24,0,42.6,53.8,65,44.2,0.56,11.44
KAT_HAB_4,9/4/24,0,46,58.5,70.9,46.8,0.54,15.54
KAT_HAB_4,9/5/24,0,49.9,63.5,77.1,50.2,0.95,20.38
KAT_HAB_4,9/6/24,0,55.7,67.3,78.8,51.6,2.4,21.41
KAT_HAB_4,9/7/24,1.53,52.2,65.5,78.8,58.9,0.02,16.66
KAT_HAB_4,9/8/24,0.1,43.8,53.5,63.2,46.8,0.54,8.1
KAT_HAB_4,9/9/24,0,47.5,54.9,62.3,44.7,1.2,10.6
KAT_HAB_4,9/10/24,0,50.1,59.4,68.6,55.7,0.19,8.29
KAT_HAB_4,9/11/24,0,49.8,61,72.1,50.8,0.45,15.69
KAT_HAB_4,9/12/24,0,54.3,65.4,76.5,55.5,0.73,16.67
KAT_HAB_4,9/13/24,0,55.4,68.2,81,57.9,0.82,20.21
KAT_HAB_4,9/14/24,0,55.3,67.6,79.8,57.4,0.84,18.72
KAT_HAB_4,9/15/24,0,56.7,69,81.3,58.7,0.7,19.66
KAT_HAB_4,9/16/24,0,55.8,68.5,81.3,57.3,1.22,20.38
KAT_HAB_4,9/17/24,0,54.4,68,81.6,55,1.32,22.11
KAT_HAB_4,9/18/24,0,56.6,68.2,79.8,56.9,0.99,19.67
KAT_HAB_4,9/19/24,0,57.7,68,78.4,60.2,0.34,16.07
KAT_HAB_4,9/20/24,0,54.8,67.1,79.3,57.6,0.72,19.05
KAT_HAB_4,9/21/24,0,56.6,68.8,80.9,57.5,1.1,21.5
KAT_HAB_4,9/22/24,0.08,58.4,70.2,82,60.3,0.36,18.94
KAT_HAB_4,9/23/24,0.18,59.3,69.5,79.7,62.8,0.42,15.76
KAT_HAB_4,9/24/24,0.18,58.9,65.2,71.4,61.7,0.28,6.03
KAT_HAB_4,9/25/24,0.05,59.1,62.5,65.8,57.8,0.95,4.95
KAT_HAB_4,9/26/24,0.28,60.9,65,69.1,61.6,0.28,5.73
KAT_HAB_4,9/27/24,0,53.7,62.8,71.9,57.3,0.32,10.03
KAT_HAB_4,9/28/24,0,55,64,73.1,56.9,0.47,13.76
KAT_HAB_4,9/29/24,0.02,61.9,68.8,75.7,63.4,0.38,9.68
KAT_HAB_4,9/30/24,0,57.5,65.7,73.9,61.3,0.3,8.72
KAT_HAB_4,10/1/24,0,58.2,65.9,73.7,58.8,0.5,11.49
KAT_HAB_4,10/2/24,0.2,51.7,61.8,71.9,56.7,0.17,10.1
KAT_HAB_4,10/3/24,0,42.8,52.9,62.9,45.6,0.34,9.24
KAT_HAB_4,10/4/24,0,43.4,56.9,70.4,47.8,0.14,14.41
KAT_HAB_4,10/5/24,0.03,46,59.2,72.5,49.5,0.3,15.08
KAT_HAB_4,10/6/24,0,43.3,53.9,64.4,42,0.55,12.35
KAT_HAB_4,10/7/24,0.48,47.3,62.7,78.1,52,0.48,17.27
KAT_HAB_4,10/8/24,0,40.3,49.7,59.1,41.6,0.63,7.68
KAT_HAB_4,10/9/24,0.11,39.4,49.8,60.1,40.9,0.37,10.22
KAT_HAB_4,10/10/24,0.02,38.7,48.1,57.5,38.2,0.45,9.06
KAT_HAB_4,10/11/24,0,37.5,46,54.5,36.9,0.4,6.81
KAT_HAB_4,10/12/24,0,39.4,52.9,66.4,44.2,0.64,13.09
KAT_HAB_4,10/13/24,0.46,40.9,51.1,61.4,39.1,0.34,11.96
KAT_HAB_4,10/14/24,0.9,37,42.8,48.6,43.9,0.04,0.92
KAT_HAB_4,10/15/24,0.81,34.4,40.9,47.4,34.9,0.19,4.97
KAT_HAB_4,10/16/24,0.18,36.1,41.9,47.7,35.8,0.17,4.88
KAT_HAB_4,10/17/24,0.03,32.2,40.2,48.2,33.4,0.41,4.89
KAT_HAB_4,10/18/24,0,31.4,43.1,54.8,35.5,0.14,7.77
KAT_HAB_4,10/19/24,0,36.1,48.6,61.1,38.9,0.24,10.2
KAT_HAB_4,10/20/24,0,37.8,51.6,65.3,37.4,0.6,14.1
KAT_HAB_4,10/21/24,0,41.6,55.4,69.2,40.1,2,16.85
KAT_HAB_4,10/22/24,0,50.5,61.6,72.7,44.2,3.38,16.27
KAT_HAB_4,10/23/24,0,51.1,62.9,74.8,44.6,2.65,21.04
KAT_HAB_4,10/24/24,0.1,41.9,56.1,70.3,45,0.84,14.08
KAT_HAB_4,10/25/24,0,31.5,41.7,51.9,33.3,0.34,6.26
KAT_HAB_4,10/26/24,0.05,32.3,44.5,56.8,40.7,0.38,7.86
KAT_HAB_4,10/27/24,0.02,28.7,41,53.3,32.2,0.35,7.29
KAT_HAB_4,10/28/24,0,29.2,40.3,51.4,31.4,0.34,7.52
KAT_HAB_4,10/29/24,0,37.3,48.8,60.3,33.8,1.25,12.78
KAT_HAB_4,10/30/24,0.26,45.5,56.2,67,50.2,0.8,9.1
KAT_HAB_4,10/31/24,0,57.9,65.9,74,51.5,3.68,15.15
KAT_HAB_4,11/1/24,0.21,50.5,62.8,75,55.3,1.01,13.98
KAT_HAB_4,11/2/24,0,34.5,43.4,52.3,36.3,0.68,4.72
KAT_HAB_4,11/3/24,0,28.1,36.9,45.7,29.7,0.32,4.59
KAT_HAB_4,11/4/24,0,29.9,43.2,56.4,26.6,0.72,10.92
KAT_HAB_4,11/5/24,0,45.8,55.7,65.7,40.7,4.03,11.71
KAT_HAB_4,11/6/24,0.19,57.8,66.8,75.8,53.5,1.99,16.97
KAT_HAB_4,11/7/24,0.12,47.5,55.5,63.6,54.7,0.12,3.62
KAT_HAB_4,11/8/24,0,41,46.7,52.3,40.4,0.6,5.05
KAT_HAB_4,11/9/24,0,28.2,40.6,53.1,33.4,0.56,5.8
KAT_HAB_4,11/10/24,0,28.8,39.1,49.5,24.9,0.9,7.68
KAT_HAB_4,11/11/24,0.79,41.2,49,56.8,43.7,0.31,8.28
KAT_HAB_4,11/12/24,0.25,32.9,42.6,52.3,39.9,0.26,4.07
KAT_HAB_4,11/13/24,0,25.1,33.6,42.2,26.4,0.32,4.18
KAT_HAB_4,11/14/24,0,25.2,37.4,49.6,18.5,0.48,8.72
KAT_HAB_4,11/15/24,0.16,38.6,42.4,46.3,31.9,0.36,6.41
KAT_HAB_4,11/16/24,0.02,38.4,42.9,47.4,40.5,0.18,2.15
KAT_HAB_4,11/17/24,0,38.5,41.7,45,37,0.56,2.79
KAT_HAB_4,11/18/24,0,40.1,45.9,51.6,39.6,0.84,4.96
KAT_HAB_4,11/19/24,0,34.3,43.8,53.3,37.7,0.14,5.96
KAT_HAB_4,11/20/24,0.03,36.5,46.2,55.9,42.1,0.19,8.11
KAT_HAB_4,11/21/24,0.63,33.5,46.7,60,42.9,0.16,5.63
KAT_HAB_4,11/22/24,0.46,31.6,36.2,40.9,32.1,0.04,3.08
KAT_HAB_4,11/23/24,0.68,32.8,36.4,40,35.7,0.09,0.97
KAT_HAB_4,11/24/24,0.07,34.7,39.5,44.3,36.3,0.04,2.37
KAT_HAB_4,11/25/24,0,30,36,41.9,32,0.22,2.92
KAT_HAB_4,11/26/24,0.36,30.6,41.3,52.1,40,0.09,5.45
KAT_HAB_4,11/27/24,0.18,31,37.5,44.1,30.8,0.43,3.18
KAT_HAB_4,11/28/24,0.27,31.6,37,42.4,30.4,0.12,3.86
KAT_HAB_4,11/29/24,0.12,28.1,32.3,36.5,28.2,0.06,2.23
KAT_HAB_4,11/30/24,0.77,23.2,27.3,31.3,20.9,0.49,2.05
KAT_HAB_4,12/1/24,0.58,19.9,22.6,25.4,16.7,0.43,1.27
KAT_HAB_4,12/2/24,0.4,19.1,23.3,27.5,19.6,0.05,1.53
KAT_HAB_4,12/3/24,0,22.5,27.5,32.5,23.8,0.12,2.16
KAT_HAB_4,12/4/24,0.18,23.4,27.8,32.3,20.7,0.25,2.87
KAT_HAB_4,12/5/24,0.31,20.2,26.6,33,22.3,0,2.36
KAT_HAB_4,12/6/24,0.11,13.2,21.2,29.1,18.5,0.02,1.57
KAT_HAB_4,12/7/24,0.45,12.2,20.3,28.4,17.5,0.07,2.21
KAT_HAB_4,12/8/24,0,22.2,31.1,39.9,21.4,0,3.51
KAT_HAB_4,12/9/24,0,30.6,36.2,41.8,32.3,0.07,2.91
KAT_HAB_4,12/10/24,0.58,35.5,40.2,45,40,0.1,1.18
KAT_HAB_4,12/11/24,0.33,37.3,41.8,46.2,41.8,0.05,0.67
KAT_HAB_4,12/12/24,0.68,17.9,28.7,39.4,27.2,0,1.79
KAT_HAB_4,12/13/24,0.43,12.8,16.3,19.8,7.3,0.36,1.57
KAT_HAB_4,12/14/24,0.04,6.3,14.6,22.9,7.2,0.26,2.06
KAT_HAB_4,12/15/24,0,7.3,18.6,29.9,10.8,0.39,3.16
KAT_HAB_4,12/16/24,0.16,26.5,31.3,36.1,28.3,0.49,2.25
KAT_HAB_4,12/17/24,0.35,33.6,41.1,48.7,38.3,0.04,2.28
KAT_HAB_4,12/18/24,0,34.2,37.3,40.4,32.1,0.72,1.98
KAT_HAB_4,12/19/24,0.32,27.6,32.1,36.7,29.7,0.02,1.7
KAT_HAB_4,12/20/24,0.03,26.2,28.2,30.3,21.7,0.43,1.98
KAT_HAB_4,12/21/24,0.22,16.2,23.4,30.5,22.2,0.11,1
KAT_HAB_4,12/22/24,0.04,1,9.5,18,6.1,0.2,1.24
KAT_HAB_4,12/23/24,0,-1.4,7.3,16,1.4,0.17,1.32
KAT_HAB_4,12/24/24,0.29,13.5,23.4,33.2,19.1,0.24,3.01
KAT_HAB_4,12/25/24,0,24,29.2,34.3,28.6,0,1.03
KAT_HAB_4,12/26/24,0,25.2,28,30.7,22.7,0.35,1.86
KAT_HAB_4,12/27/24,0,25.4,30.4,35.3,25.8,0.35,2.28
KAT_HAB_4,12/28/24,0,30,38.6,47.3,30.8,0.43,5.2
KAT_HAB_4,12/29/24,0.04,38.3,45.7,53.1,42.6,0.21,3.11
KAT_HAB_4,12/30/24,0.47,35.1,47.8,60.5,45.3,0.09,5.09
KAT_HAB_4,12/31/24,0.3,31.6,35.4,39.2,33.1,0.25,1.71
,,,,,,,,
KAT_JEF,1/1/24,0.04,31.4,33.4,35.4,30,0.3,1.81
KAT_JEF,1/2/24,0.01,25.5,29.6,33.6,26,0.13,1.43
KAT_JEF,1/3/24,0,27.9,30,32,24.4,0.65,1.68
KAT_JEF,1/4/24,0.07,27.6,29.7,31.8,27.4,0.29,1.12
KAT_JEF,1/5/24,0.02,20.8,24.3,27.8,16.4,0.79,1.81
KAT_JEF,1/6/24,0,16.4,22.9,29.4,17,0.17,2.28
KAT_JEF,1/7/24,0.12,22.2,26.5,30.7,24.9,0.15,1.73
KAT_JEF,1/8/24,0.06,27.9,30.5,33.1,28.7,0.14,1.04
KAT_JEF,1/9/24,0,30.7,33.1,35.5,26.7,0.65,2.02
KAT_JEF,1/10/24,0.8,31.4,39.4,47.4,35.2,0.41,2.65
KAT_JEF,1/11/24,0.07,29.9,33.1,36.2,27.1,0.31,2.11
KAT_JEF,1/12/24,0.12,30,32.4,34.9,28.8,0.56,1.36
KAT_JEF,1/13/24,0.35,30,34.4,38.7,30.3,0.5,3.01
KAT_JEF,1/14/24,0.05,19.9,28.8,37.7,19.5,0.36,2.46
KAT_JEF,1/15/24,0,5,13.2,21.4,1.9,0.52,1.48
KAT_JEF,1/16/24,0,4.5,11.5,18.5,2.4,0.47,1.86
KAT_JEF,1/17/24,0.06,4.9,11.6,18.3,2.7,0.52,1.43
KAT_JEF,1/18/24,0,4,12.4,20.8,0.6,0.61,2.32
KAT_JEF,1/19/24,0.08,16.2,20.4,24.7,14.6,0.35,1.85
KAT_JEF,1/20/24,0.13,6.2,15.5,24.8,11.2,0.32,1.28
KAT_JEF,1/21/24,0.14,6.6,13.8,21.1,9,0.35,1.5
KAT_JEF,1/22/24,0,7.2,17.5,27.7,10.3,0.36,2.54
KAT_JEF,1/23/24,0.03,11.1,22.8,34.5,16.4,0.43,4.1
KAT_JEF,1/24/24,0.39,30.1,34.1,38.1,32.3,0.1,1.18
KAT_JEF,1/25/24,0.51,34.7,41.6,48.4,41.4,0.17,1.27
KAT_JEF,1/26/24,0.36,38.2,46.1,54,43.3,0.22,2.45
KAT_JEF,1/27/24,0.04,34,43,51.9,38.9,0.15,2.92
KAT_JEF,1/28/24,0.27,33.1,37.5,41.9,37.3,0,1.13
KAT_JEF,1/29/24,0.39,29.4,34.3,39.2,31.4,0.15,1.34
KAT_JEF,1/30/24,0.03,29,31.1,33.1,27.4,0.39,1.26
KAT_JEF,1/31/24,0,25,30,35.1,27.8,0.13,1.64
KAT_JEF,2/1/24,0,25.1,31.9,38.8,30.1,0.17,2.18
KAT_JEF,2/2/24,0.04,31.9,35.7,39.4,33.2,0,1.75
KAT_JEF,2/3/24,0.01,27.4,32.4,37.3,27.2,0.16,2.29
KAT_JEF,2/4/24,0,20.1,30.5,40.8,23.2,0.02,4.24
KAT_JEF,2/5/24,0,20.5,33.8,47.1,21.4,0.23,7.38
KAT_JEF,2/6/24,0,16.7,24.6,32.5,21.3,0.16,1.83
KAT_JEF,2/7/24,0,17.2,28.8,40.4,18.7,0.31,5.17
KAT_JEF,2/8/24,0,21,34.6,48.2,21.2,0.41,7.86
KAT_JEF,2/9/24,0.05,26.3,39.7,53,24.4,0.8,9.89
KAT_JEF,2/10/24,0,37.8,48.6,59.3,40.1,0.69,8.7
KAT_JEF,2/11/24,0.18,31,41.8,52.7,37,0.44,3.7
KAT_JEF,2/12/24,0,26.8,31.2,35.6,26,0.7,2.16
KAT_JEF,2/13/24,0,24.1,31.3,38.5,23.7,0.1,3.57
KAT_JEF,2/14/24,0.02,20.2,28.5,36.8,18.5,0.56,3.68
KAT_JEF,2/15/24,0,14.5,22.2,30,11.9,0.43,3.03
KAT_JEF,2/16/24,0.08,15.4,26.4,37.4,20.3,0.32,3.83
KAT_JEF,2/17/24,0.15,19.3,25.3,31.2,16.2,0.27,3.07
KAT_JEF,2/18/24,0.03,13.9,19.3,24.7,10.1,0.49,2.09
KAT_JEF,2/19/24,0,12.4,20.8,29.2,14.1,0.87,2.48
KAT_JEF,2/20/24,0,10.8,22.2,33.7,11.5,0.27,3.96
KAT_JEF,2/21/24,0,11.4,28.7,45.9,17.1,0.16,7.72
KAT_JEF,2/22/24,0,24.1,38.4,52.6,25.6,0.22,9.18
KAT_JEF,2/23/24,0.43,33.6,38.4,43.2,35.6,0.12,2.74
KAT_JEF,2/24/24,0,17,34.2,51.4,27.9,0,6.29
KAT_JEF,2/25/24,0,11.9,20.4,29,7.7,0.48,3.38
KAT_JEF,2/26/24,0,15.4,30.1,44.8,15.2,0.86,7.87
KAT_JEF,2/27/24,0,31.7,45.3,58.9,29.8,1.65,11.57
KAT_JEF,2/28/24,0.68,38.3,51.3,64.3,43.4,0,13.64
KAT_JEF,2/29/24,0.38,19,39.6,60.2,27.4,0.36,4.24
KAT_JEF,3/1/24,0,16.5,22.6,28.6,11.7,0.45,2.77
KAT_JEF,3/2/24,0.01,19.1,35.1,51.2,22.7,0.42,9.11
KAT_JEF,3/3/24,0.03,38.5,43.1,47.8,40.8,0.12,2.01
KAT_JEF,3/4/24,0,34.5,43.6,52.7,39.7,0.1,4.76
KAT_JEF,3/5/24,0,36.2,53.7,71.2,43.5,0.2,16.52
KAT_JEF,3/6/24,0.19,45.8,59.1,72.4,48.2,0.19,16.05
KAT_JEF,3/7/24,0.31,35.5,44.3,53,42.6,0.17,1.03
KAT_JEF,3/8/24,0,32.4,44.9,57.5,32.8,0.54,9.2
KAT_JEF,3/9/24,0.1,34,49,64.1,36.6,0.72,13.67
KAT_JEF,3/10/24,0.21,31.5,38.9,46.2,37.3,0.17,2.02
KAT_JEF,3/11/24,0.27,25.6,29.2,32.7,24,0.27,1.77
KAT_JEF,3/12/24,0,28.1,36.1,44.1,22.4,1.21,5.95
KAT_JEF,3/13/24,0,34.2,48.1,62,34.8,0.91,11.55
KAT_JEF,3/14/24,0,33,50,67.1,37.4,0.28,13.88
KAT_JEF,3/15/24,0.45,33.7,50,66.4,42.8,0.19,15.59
KAT_JEF,3/16/24,0.02,30.2,36.9,43.6,35.1,0.17,1.99
KAT_JEF,3/17/24,0.37,30.5,43.1,55.6,31.4,0.33,10.04
KAT_JEF,3/18/24,0.04,26.1,34,41.9,25.8,0.35,4.24
KAT_JEF,3/19/24,0.1,25.2,28.3,31.4,20.8,0.48,2.31
KAT_JEF,3/20/24,0.08,25.2,29.9,34.6,24.3,0.31,2.73
KAT_JEF,3/21/24,0.04,19.6,27.3,34.9,17,0.38,2.56
KAT_JEF,3/22/24,0,12.1,20,28,10.4,0.32,2.71
KAT_JEF,3/23/24,0.33,16.2,24.3,32.3,20.3,0.11,2.95
KAT_JEF,3/24/24,0,13.8,22.8,31.8,17.8,0.24,2.55
KAT_JEF,3/25/24,0,15.6,27.6,39.6,13.7,0.48,5.65
KAT_JEF,3/26/24,0,34.3,47.8,61.4,20.9,3.59,14.51
KAT_JEF,3/27/24,0.16,38.6,47,55.5,34.1,1.02,9.99
KAT_JEF,3/28/24,0,29.8,41.9,53.9,33.3,0.9,5.27
KAT_JEF,3/29/24,0,24.6,35.8,47.1,21.7,0.48,7.05
KAT_JEF,3/30/24,0,23.3,31.3,39.3,22.7,0.37,3.98
KAT_JEF,3/31/24,0.21,25.4,35.3,45.3,33.2,0.05,5.5
KAT_JEF,4/1/24,0,35.2,40.4,45.6,35.6,0.19,3.16
KAT_JEF,4/2/24,0.11,37.3,47.4,57.6,36.8,0.24,8.78
KAT_JEF,4/3/24,0.4,40.5,45.9,51.2,42.4,0.23,3
KAT_JEF,4/4/24,0.75,31,39,47,35.6,0.07,2.32
KAT_JEF,4/5/24,0.16,29.6,35.6,41.6,32.1,0.11,2.04
KAT_JEF,4/6/24,0.12,29.6,33.3,37.1,30.8,0.15,2.1
KAT_JEF,4/7/24,0,28.9,39.9,51,30.1,0.2,7.24
KAT_JEF,4/8/24,0,31.3,44.9,58.6,25,0.67,12.18
KAT_JEF,4/9/24,0,35.5,50,64.6,32.8,0.81,14.19
KAT_JEF,4/10/24,0,38.8,57.5,76.1,46.3,0.61,21.34
KAT_JEF,4/11/24,0.29,52.1,57.3,62.4,50.6,0.28,8.27
KAT_JEF,4/12/24,1.89,46.3,57,67.6,55.7,0.3,7.21
KAT_JEF,4/13/24,0.85,33.7,40.8,47.9,38.2,0.21,2.49
KAT_JEF,4/14/24,0.03,34.6,41.8,49.1,32.7,0.53,5.69
KAT_JEF,4/15/24,0.24,39.3,55.9,72.5,44.8,0.23,16.13
KAT_JEF,4/16/24,0,35.3,49,62.6,33.3,0.73,13.73
KAT_JEF,4/17/24,0.01,41.9,54.3,66.6,33.6,1.95,15.79
KAT_JEF,4/18/24,0.48,48.6,59.5,70.3,50.9,0.34,10.83
KAT_JEF,4/19/24,0,41.3,49.1,57,45.1,0.11,5.06
KAT_JEF,4/20/24,0,40.2,49.9,59.5,40.6,0.94,5.93
KAT_JEF,4/21/24,0,32.4,40.2,48,25.9,1.09,6.03
KAT_JEF,4/22/24,0,26.7,34.9,43.1,25.5,0.46,4.92
KAT_JEF,4/23/24,0,30.2,43,55.7,24.4,0.82,11.01
KAT_JEF,4/24/24,0.23,39.3,51.9,64.4,37.7,0.15,14.93
KAT_JEF,4/25/24,0.12,26.7,36.6,46.6,34.8,0.12,1.77
KAT_JEF,4/26/24,0,29,41.3,53.7,22.3,0.93,10.17
KAT_JEF,4/27/24,0.02,36.1,51.6,67.1,30.2,2.4,16.96
KAT_JEF,4/28/24,0.41,45.6,53.5,61.4,48.5,0.48,5.51
KAT_JEF,4/29/24,0.11,50.4,60.4,70.4,57.2,0,8.6
KAT_JEF,4/30/24,0,51.4,65.9,80.4,54.9,0.31,20.94
KAT_JEF,5/1/24,0.03,41.4,54,66.7,49.2,0.13,9.68
KAT_JEF,5/2/24,0,44.9,61.1,77.3,46,0.4,22.82
KAT_JEF,5/3/24,0,46.7,59.6,72.4,43.6,1.29,18.23
KAT_JEF,5/4/24,0,51.5,66.2,81,51.2,0.36,25.02
KAT_JEF,5/5/24,0.42,49.7,60.6,71.5,51.5,0.5,10.07
KAT_JEF,5/6/24,0.14,52,58.7,65.4,55.5,0.3,4.32
KAT_JEF,5/7/24,0,40.4,54.9,69.5,41.5,0.81,15.71
KAT_JEF,5/8/24,0.13,47.9,62.1,76.3,52.2,0.77,19.39
KAT_JEF,5/9/24,0,45.5,60,74.5,46.5,0.49,19.54
KAT_JEF,5/10/24,0.04,45.2,53.1,61,43.8,0.45,9.31
KAT_JEF,5/11/24,0.03,37,47.1,57.3,42.1,0.06,7.18
KAT_JEF,5/12/24,0.51,42.4,51,59.6,44.6,0.05,8.36
KAT_JEF,5/13/24,0.03,42.5,51,59.4,44.7,0.17,7.58
KAT_JEF,5/14/24,0,47.5,62.1,76.7,48.5,0.59,19.62
KAT_JEF,5/15/24,0.01,54.5,64.3,74.1,54.8,0,14.43
KAT_JEF,5/16/24,0.4,56,63.3,70.6,57.3,0.28,8.44
KAT_JEF,5/17/24,0,52.5,62.4,72.3,56,0.04,11.43
KAT_JEF,5/18/24,0.39,57,62.6,68.1,59.2,0.08,6.32
KAT_JEF,5/19/24,0,53.7,64.4,75.1,58.9,0.05,11.87
KAT_JEF,5/20/24,0,51.7,65.2,78.7,54.9,0.13,20.62
KAT_JEF,5/21/24,0,55.8,70.3,84.9,58.7,0.17,23.99
KAT_JEF,5/22/24,0,59.5,72,84.5,59.3,1.03,24.31
KAT_JEF,5/23/24,0.41,57.3,70.2,83.1,61.4,0.36,20.23
KAT_JEF,5/24/24,0,47,61.2,75.5,47,0.57,19.6
KAT_JEF,5/25/24,0,47.8,62.8,77.8,46.2,1,22.17
KAT_JEF,5/26/24,0.29,53.1,64.6,76.1,58.7,0.07,12.31
KAT_JEF,5/27/24,0.16,57.4,68.1,78.9,57.8,0.02,20.74
KAT_JEF,5/28/24,0.41,54.1,64.6,75.1,57.9,0,11.51
KAT_JEF,5/29/24,0.27,46.4,54.2,61.9,53.4,0,4.49
KAT_JEF,5/30/24,0.2,39.9,52.2,64.5,48.8,0,7.54
KAT_JEF,5/31/24,0,36.7,49.6,62.6,39.5,0.07,11.77
KAT_JEF,6/1/24,0,36.9,53.6,70.2,40.1,0.12,16.55
KAT_JEF,6/2/24,0,47.5,62.7,77.8,43.4,1.47,25.1
KAT_JEF,6/3/24,0.09,58.2,62.5,66.7,59.2,0.04,7.16
KAT_JEF,6/4/24,0,55.4,67,78.6,59.9,0.12,15.93
KAT_JEF,6/5/24,0,58.9,71.6,84.3,60.4,0.11,23.67
KAT_JEF,6/6/24,1.05,60.1,67.9,75.6,65.8,0,7.16
KAT_JEF,6/7/24,0.05,54.4,64.4,74.5,57,0.19,14.15
KAT_JEF,6/8/24,0.09,50.8,57.7,64.6,51.9,0.44,7.93
KAT_JEF,6/9/24,0.38,52.3,61.4,70.5,51.3,0.15,13.89
KAT_JEF,6/10/24,0.16,49.5,59.3,69,50.1,0.42,13.05
KAT_JEF,6/11/24,0,50,53.8,57.7,48.9,0.37,4.08
KAT_JEF,6/12/24,0,45.5,52.5,59.6,49.4,0.04,5.13
KAT_JEF,6/13/24,0,49.2,62.4,75.7,50.9,0.11,17.94
KAT_JEF,6/14/24,0,59.1,71.5,84,58.1,0.92,23.75
KAT_JEF,6/15/24,0,48.5,63.3,78.1,51.7,0.37,20.28
KAT_JEF,6/16/24,0,47.4,59.8,72.1,48.4,0.6,15.64
KAT_JEF,6/17/24,0,54.1,68.1,82,57.2,0.75,23.63
KAT_JEF,6/18/24,0.04,64.9,77.1,89.3,67,0.65,21.88
KAT_JEF,6/19/24,0.06,66.3,78.3,90.4,69.9,0,22.76
KAT_JEF,6/20/24,0,66.9,77.3,87.6,71.3,0.43,15.74
KAT_JEF,6/21/24,0,64.7,76.2,87.8,68.7,0.07,20.08
KAT_JEF,6/22/24,0.56,65.3,76.3,87.3,69.3,0,19.15
KAT_JEF,6/23/24,0.05,70.4,79.6,88.7,69.4,1.07,22.68
KAT_JEF,6/24/24,0.13,58.5,68.6,78.7,63.7,1,9.8
KAT_JEF,6/25/24,0,53.5,65.6,77.6,55.5,0.2,17.92
KAT_JEF,6/26/24,0,58.1,69,79.9,61.9,0.67,16.42
KAT_JEF,6/27/24,0.5,57.6,69.9,82.1,61.6,0.04,20.56
KAT_JEF,6/28/24,0,49.4,60.3,71.1,52.2,0.09,13.35
KAT_JEF,6/29/24,0.32,53.2,65.7,78.2,58.5,0.11,17.37
KAT_JEF,6/30/24,1.22,66.3,72.1,77.9,70.6,0.06,6.15
KAT_JEF,7/1/24,0.03,51.3,62.9,74.4,55.2,0.32,7.97
KAT_JEF,7/2/24,0,44.9,58.7,72.5,47.6,0.15,16
KAT_JEF,7/3/24,0,50.5,65.2,80,55,0.94,19.58
KAT_JEF,7/4/24,0.35,67.7,76.7,85.8,68,0,17.88
KAT_JEF,7/5/24,0,67.7,75.2,82.6,67.3,0.89,16.91
KAT_JEF,7/6/24,0.37,66.4,75.6,84.8,68.1,0.18,16.92
KAT_JEF,7/7/24,0,58.5,69.8,81.1,62.5,0.23,16.82
KAT_JEF,7/8/24,0,58.4,69.9,81.4,60.3,0.29,19.21
KAT_JEF,7/9/24,0,59.8,72.9,86.1,62.2,0,23.86
KAT_JEF,7/10/24,0.01,65.6,74.4,83.3,68.3,0.1,15.56
KAT_JEF,7/11/24,0.27,64,75.7,87.3,67.4,0.42,17.77
KAT_JEF,7/12/24,0.05,59.4,65.9,72.3,63.4,0,5.76
KAT_JEF,7/13/24,0.01,60.1,71.1,82,64,0.02,17.61
KAT_JEF,7/14/24,0,57.4,70.7,84,61.8,0.14,19.49
KAT_JEF,7/15/24,0.06,63.1,74.6,86.1,66.6,0.18,21.69
KAT_JEF,7/16/24,0.69,62.5,73.8,85,66.7,0.12,16.75
KAT_JEF,7/17/24,0,64.6,73.2,81.7,66.5,0.3,13.82
KAT_JEF,7/18/24,0.01,56.9,67.4,77.9,63.1,0.17,12.61
KAT_JEF,7/19/24,0,51.6,62.5,73.3,54.1,0.15,14.26
KAT_JEF,7/20/24,0,49.8,63.1,76.5,53.1,0.07,17.71
KAT_JEF,7/21/24,0,51.1,65.8,80.5,54.4,0.05,20.89
KAT_JEF,7/22/24,0,55.6,67.6,79.7,59,0,19.1
KAT_JEF,7/23/24,0.12,59,70.4,81.8,62.5,0,20.08
KAT_JEF,7/24/24,0.53,62,72,82,63.5,0.16,18.8
KAT_JEF,7/25/24,0.84,60.7,71.5,82.3,64.5,0.32,16.73
KAT_JEF,7/26/24,0,51.6,63.7,75.7,54,0.2,17.37
KAT_JEF,7/27/24,0,50.9,64.3,77.8,53.1,0.31,18.81
KAT_JEF,7/28/24,0,53.7,68,82.3,54.6,0.37,24.36
KAT_JEF,7/29/24,0,57.8,72.3,86.9,58.6,0.31,28.38
KAT_JEF,7/30/24,0,62.9,75.3,87.8,64.1,0,26.73
KAT_JEF,7/31/24,0.26,66.9,75.1,83.3,68.8,0,15.15
KAT_JEF,8/1/24,0,64.2,74.2,84.2,67.2,0.04,16.98
KAT_JEF,8/2/24,0.59,65.6,76.6,87.6,69.7,0,19.69
KAT_JEF,8/3/24,0.69,62.8,68.2,73.7,67.4,0,4.13
KAT_JEF,8/4/24,0.03,62,70.4,78.8,66.7,0.02,10.3
KAT_JEF,8/5/24,0,58.4,70.8,83.2,62.4,0.13,20.27
KAT_JEF,8/6/24,0.08,63.3,73.8,84.2,68.6,0,15.35
KAT_JEF,8/7/24,0.55,57.9,65.3,72.7,61.8,0.25,4.82
KAT_JEF,8/8/24,0,60.7,68.5,76.4,61.1,1.01,13.11
KAT_JEF,8/9/24,0.02,65.3,72.6,79.9,67.9,0,10.37
KAT_JEF,8/10/24,0.75,57.5,66.9,76.3,64.3,0.1,8.22
KAT_JEF,8/11/24,0.01,54.8,63.7,72.5,54.9,0.46,13.79
KAT_JEF,8/12/24,0.38,54.9,63.2,71.6,56.5,0.03,11.05
KAT_JEF,8/13/24,0,53.6,63,72.5,55.8,0.15,12.71
KAT_JEF,8/14/24,0,52.4,64.2,75.9,56.8,0.02,14.27
KAT_JEF,8/15/24,0,52,65.6,79.3,57.2,0,18.52
KAT_JEF,8/16/24,0,54.6,68.4,82.2,58,0,22.46
KAT_JEF,8/17/24,0,61.8,70,78.1,65,0.37,12.35
KAT_JEF,8/18/24,0.99,64,73.1,82.1,66.3,0.23,14.17
KAT_JEF,8/19/24,0.45,58.7,68.7,78.8,64.9,0.2,11.9
KAT_JEF,8/20/24,0.06,48.8,55.2,61.5,54.3,0.19,2.42
KAT_JEF,8/21/24,0,45.5,54.6,63.6,47.4,0.16,8.98
KAT_JEF,8/22/24,0,45.6,55.9,66.1,48.8,0.05,10.19
KAT_JEF,8/23/24,0,47,59.3,71.7,50.5,0.03,14.53
KAT_JEF,8/24/24,0,49.4,62.5,75.5,52.9,0.07,17.09
KAT_JEF,8/25/24,0,51.2,65.4,79.6,55.3,0,20.41
KAT_JEF,8/26/24,0,53.3,67.3,81.2,58.2,0,20.21
KAT_JEF,8/27/24,0,56.7,69.5,82.3,61.4,0,19.43
KAT_JEF,8/28/24,0,60.2,74.1,88,67.7,0,22.12
KAT_JEF,8/29/24,0,65.5,74.5,83.4,68.1,0.33,13.58
KAT_JEF,8/30/24,0,62.1,70,77.9,65.4,0.1,9.19
KAT_JEF,8/31/24,0.24,63,74.4,85.7,66.6,0,21.34
KAT_JEF,9/1/24,0.06,56.8,67.8,78.7,64.6,0,10.3
KAT_JEF,9/2/24,0.02,46.9,63.3,79.8,56.2,0.17,17.08
KAT_JEF,9/3/24,0,38.9,51.5,64.1,44.5,0.04,10.16
KAT_JEF,9/4/24,0,41.6,56.6,71.5,45.7,0.03,16.44
KAT_JEF,9/5/24,0,46.3,61.6,76.8,49.1,0.37,20.37
KAT_JEF,9/6/24,0,51.5,65.3,79.1,51.2,1.33,22.13
KAT_JEF,9/7/24,0.94,51.4,66.2,81.1,58.9,0,19.1
KAT_JEF,9/8/24,0.29,42.4,52.5,62.6,47.8,0.14,7.19
KAT_JEF,9/9/24,0.04,44.5,53.5,62.5,44.4,0,10.96
KAT_JEF,9/10/24,0,49.2,59.3,69.4,54,0.14,10.27
KAT_JEF,9/11/24,0,47.5,61,74.4,51.9,0.1,16.63
KAT_JEF,9/12/24,0,49.8,64.3,78.8,55.9,0.02,18.78
KAT_JEF,9/13/24,0,51.6,66,80.4,57.3,0.05,19.55
KAT_JEF,9/14/24,0,51.1,65.4,79.7,56,0.07,19.34
KAT_JEF,9/15/24,0,52.9,67.1,81.4,58.1,0.09,19.79
KAT_JEF,9/16/24,0,52.2,66.6,81,55.9,0.44,21.26
KAT_JEF,9/17/24,0,51.8,66.2,80.6,54.6,0.37,21.75
KAT_JEF,9/18/24,0,54.5,67,79.5,57.8,0.28,18.48
KAT_JEF,9/19/24,0,58.3,68.1,77.9,61,0.21,15.37
KAT_JEF,9/20/24,0,53.4,65.7,78,58,0.24,17.76
KAT_JEF,9/21/24,0,54.7,68.3,81.9,57.5,0.44,23.43
KAT_JEF,9/22/24,0,55.2,68.2,81.1,60.4,0.06,17.46
KAT_JEF,9/23/24,0.18,57.3,68.4,79.5,62.5,0.08,15.64
KAT_JEF,9/24/24,0.11,59.6,65.8,72.1,62.2,0.27,5.72
KAT_JEF,9/25/24,0.16,58.7,60.8,62.9,58.5,0.42,2.6
KAT_JEF,9/26/24,0.61,60.9,64.2,67.6,62.1,0.22,3.64
KAT_JEF,9/27/24,0.02,57.3,65.2,73.2,60.4,0.17,9.19
KAT_JEF,9/28/24,0,59.4,65.6,71.8,59.7,1.01,10.23
KAT_JEF,9/29/24,0.02,62.8,68.6,74.5,64.4,0.29,8.02
KAT_JEF,9/30/24,0,60.5,65.9,71.4,62.5,0.38,6.3
KAT_JEF,10/1/24,0,57.7,64.1,70.5,59.8,0.44,7.42
KAT_JEF,10/2/24,0.19,52,61.4,70.8,57.3,0.12,8.95
KAT_JEF,10/3/24,0,39.5,51.6,63.8,45.5,0,9.68
KAT_JEF,10/4/24,0,41.2,56.4,71.6,48.2,0,15.06
KAT_JEF,10/5/24,0,43.8,59.3,74.7,49.9,0.06,16.65
KAT_JEF,10/6/24,0,40,53,66.1,42.2,0.19,13.55
KAT_JEF,10/7/24,0.36,44.9,61.5,78.1,52.8,0,16.84
KAT_JEF,10/8/24,0,37.6,47.7,57.9,43,0.1,6.36
KAT_JEF,10/9/24,0.12,38.6,49.9,61.1,41.6,0.07,10.88
KAT_JEF,10/10/24,0.01,38.3,47.8,57.2,39,0.23,8.88
KAT_JEF,10/11/24,0,33.4,44,54.6,37.1,0,6.68
KAT_JEF,10/12/24,0,34.6,50.8,67,44,0,13.52
KAT_JEF,10/13/24,1.06,42.5,53.4,64.4,41.3,0.23,13.88
KAT_JEF,10/14/24,0.59,38.5,44.9,51.4,46.3,0.01,0.86
KAT_JEF,10/15/24,0.28,32.5,39.5,46.5,35.7,0,4.13
KAT_JEF,10/16/24,0.13,35.7,41.9,48,36.3,0.05,4.84
KAT_JEF,10/17/24,0.04,30.8,39.6,48.5,34,0.15,4.91
KAT_JEF,10/18/24,0,30.3,43.5,56.6,35.2,0,8.77
KAT_JEF,10/19/24,0,31.6,47.6,63.5,38.8,0,12.11
KAT_JEF,10/20/24,0,33.2,50.8,68.3,37.2,0.08,16.4
KAT_JEF,10/21/24,0,35.3,53,70.8,39.8,0.31,18.19
KAT_JEF,10/22/24,0,43.8,60.3,76.8,44.6,0.8,21.07
KAT_JEF,10/23/24,0,45.2,61.5,77.8,45.7,0.75,23.88
KAT_JEF,10/24/24,0,41.2,56.5,71.8,45.5,0.45,15.13
KAT_JEF,10/25/24,0,28.8,41.4,53.9,33.5,0,7.08
KAT_JEF,10/26/24,0.03,29.4,43.5,57.6,41.5,0,8.03
KAT_JEF,10/27/24,0,26.5,40.2,53.9,32.1,0.13,7.61
KAT_JEF,10/28/24,0,28.6,40.7,52.8,31.3,0.22,8.24
KAT_JEF,10/29/24,0,34.5,48.3,62.2,33.7,0.7,14
KAT_JEF,10/30/24,0.13,45.7,57.3,68.8,51.2,0.7,10.01
KAT_JEF,10/31/24,0,54,64.3,74.6,51.8,1.66,15.76
KAT_JEF,11/1/24,0.17,49.6,62.5,75.4,55.9,0.85,13.97
KAT_JEF,11/2/24,0,33.8,42.3,50.7,37.7,0.41,3.73
KAT_JEF,11/3/24,0,26.4,37.3,48.3,30.1,0.12,5.45
KAT_JEF,11/4/24,0,28.6,44,59.4,25.1,0.58,12.98
KAT_JEF,11/5/24,0,45.7,55.4,65.2,40.3,4.09,11.82
KAT_JEF,11/6/24,0.05,58.2,67.7,77.1,53.8,3.44,18.2
KAT_JEF,11/7/24,0.08,49.7,57,64.4,55.7,0.16,3.66
KAT_JEF,11/8/24,0,36.1,44.4,52.7,40.5,0.12,4.74
KAT_JEF,11/9/24,0,27.1,41.8,56.6,34,0.27,8.72
KAT_JEF,11/10/24,0,28.8,40.6,52.3,24.3,0.89,9.44
KAT_JEF,11/11/24,0.61,40.5,48.5,56.4,44.2,0.1,7.24
KAT_JEF,11/12/24,0.14,33.3,42.9,52.6,40.2,0.24,4.15
KAT_JEF,11/13/24,0,23.2,33.6,43.9,26.5,0.17,4.91
KAT_JEF,11/14/24,0,23.9,38.2,52.4,16.8,0.32,10.31
KAT_JEF,11/15/24,0.22,38.2,41.5,44.9,32.9,0.22,5.52
KAT_JEF,11/16/24,0.02,39.4,43.3,47.2,41.5,0.15,1.68
KAT_JEF,11/17/24,0,39.4,41.9,44.5,37.3,0.64,2.52
KAT_JEF,11/18/24,0,38,44.7,51.5,39.4,0.47,5.09
KAT_JEF,11/19/24,0,32.6,44.7,56.8,36.9,0.1,8.89
KAT_JEF,11/20/24,0.02,34.3,45.7,57.2,43.2,0.04,8.33
KAT_JEF,11/21/24,0.48,32.6,46.3,60,42.8,0.08,5.46
KAT_JEF,11/22/24,0.28,30.4,34.3,38.2,31.6,0,2.13
KAT_JEF,11/23/24,0.39,31.8,35.4,39,35.4,0,0.77
KAT_JEF,11/24/24,0.25,35.3,39.6,43.9,37.2,0.01,1.88
KAT_JEF,11/25/24,0.13,30.7,35.9,41.1,34.4,0.04,1.72
KAT_JEF,11/26/24,0.3,31.4,41.5,51.7,40.7,0.06,5.02
KAT_JEF,11/27/24,0.06,31.2,37.5,43.8,30.9,0.31,3.13
KAT_JEF,11/28/24,0.29,31.8,37.5,43.3,30.6,0.08,4.06
KAT_JEF,11/29/24,0.24,28.5,32.5,36.4,29.9,0.03,1.58
KAT_JEF,11/30/24,0.74,20.2,25.2,30.2,21,0.11,1.59
KAT_JEF,12/1/24,0.05,18.3,21.8,25.4,14.1,0.55,1.67
KAT_JEF,12/2/24,0.21,19.3,22.8,26.2,18.7,0.19,1.42
KAT_JEF,12/3/24,0.77,24,27.2,30.4,24.4,0.12,1.19
KAT_JEF,12/4/24,0.08,21.3,27,32.7,21,0.13,2.78
KAT_JEF,12/5/24,0.12,20.7,26.7,32.7,21.9,0.1,2.32
KAT_JEF,12/6/24,0.31,15,21.8,28.6,18.6,0.18,1.52
KAT_JEF,12/7/24,0.16,14.9,21.1,27.3,18.1,0.26,1.79
KAT_JEF,12/8/24,0,22.2,30.4,38.6,20,0.19,3.23
KAT_JEF,12/9/24,0.02,29.2,36.1,42.9,31.7,0,3.3
KAT_JEF,12/10/24,0.44,34.6,40,45.5,40.5,0,0.9
KAT_JEF,12/11/24,0.31,35.2,41,46.8,41.9,0,0.97
KAT_JEF,12/12/24,0.07,17.5,27.8,38.2,26.5,0,1.55
KAT_JEF,12/13/24,0.02,14,17.2,20.3,6.7,0.47,1.74
KAT_JEF,12/14/24,0,5,14.2,23.5,7.3,0.21,2.04
KAT_JEF,12/15/24,0,6.8,19.6,32.5,11.6,0.34,3.69
KAT_JEF,12/16/24,0.16,27.8,32,36.2,29.2,0.36,2.2
KAT_JEF,12/17/24,0.24,34.2,41.8,49.3,39,0.05,2.1
KAT_JEF,12/18/24,0,33.2,38.3,43.4,32.3,0.45,3.17
KAT_JEF,12/19/24,0.23,29,32.3,35.6,30.6,0.03,1.05
KAT_JEF,12/20/24,0.04,26.4,28.6,30.8,24,0.29,1.49
KAT_JEF,12/21/24,0.12,17.6,25.1,32.6,23.3,0.14,1.16
KAT_JEF,12/22/24,0.02,8.2,14,19.7,7.9,0.31,1.36
KAT_JEF,12/23/24,0,1.5,10.2,19,2.9,0.18,1.58
KAT_JEF,12/24/24,0.13,9.2,21.1,33.1,19,0.09,3
KAT_JEF,12/25/24,0.02,27.2,30.5,33.7,30.1,0,0.64
KAT_JEF,12/26/24,0,26.4,28.9,31.5,24.3,0.3,1.7
KAT_JEF,12/27/24,0,26.9,32.2,37.5,28,0.29,2.35
KAT_JEF,12/28/24,0,32,38.6,45.2,31.8,0.26,4.3
KAT_JEF,12/29/24,0.14,36.3,44.8,53.3,43.4,0,2.73
KAT_JEF,12/30/24,0.38,35.8,48,60.3,45.5,0.19,4.62
KAT_JEF,12/31/24,0.18,28.5,33.6,38.8,32.5,0.07,1.57
,,,,,,,,
KAT_JEF_2,1/1/24,0.04,30.7,33.1,35.5,29.7,0.28,1.86
KAT_JEF_2,1/2/24,0.01,25.4,29.2,33,25.7,0.15,1.37
KAT_JEF_2,1/3/24,0,27.6,29.9,32.3,24.4,0.6,1.73
KAT_JEF_2,1/4/24,0.1,27.1,29.6,32,27.2,0.25,1.22
KAT_JEF_2,1/5/24,0.02,20.9,24.2,27.5,15.9,0.87,1.83
KAT_JEF_2,1/6/24,0,17.3,23.3,29.3,17.2,0.26,2.23
KAT_JEF_2,1/7/24,0.13,22.4,26.8,31.2,24.7,0.18,1.91
KAT_JEF_2,1/8/24,0.07,27.6,30.4,33.2,28.4,0.14,1.13
KAT_JEF_2,1/9/24,0,30.7,33.3,35.9,26.5,0.67,2.23
KAT_JEF_2,1/10/24,0.84,31.2,39.4,47.5,35.1,0.4,2.74
KAT_JEF_2,1/11/24,0.1,29.7,32.8,35.9,26.9,0.35,2.08
KAT_JEF_2,1/12/24,0.14,30,32.6,35.1,28.6,0.58,1.49
KAT_JEF_2,1/13/24,0.35,30.1,34.8,39.4,30.2,0.48,3.22
KAT_JEF_2,1/14/24,0.08,19.7,28.3,36.9,19.6,0.34,2.31
KAT_JEF_2,1/15/24,0,5.6,13.4,21.2,2.2,0.55,1.45
KAT_JEF_2,1/16/24,0,4.9,11.5,18.2,2.6,0.48,1.78
KAT_JEF_2,1/17/24,0.08,5.4,12,18.5,2.9,0.53,1.45
KAT_JEF_2,1/18/24,0.01,4.5,12.7,20.9,0.9,0.63,2.31
KAT_JEF_2,1/19/24,0.08,15.6,20.2,24.8,14.8,0.3,1.83
KAT_JEF_2,1/20/24,0.16,6.4,15.3,24.2,11,0.32,1.22
KAT_JEF_2,1/21/24,0.19,6.7,13.8,20.9,8.7,0.36,1.5
KAT_JEF_2,1/22/24,0,8.4,17.9,27.4,10.5,0.43,2.42
KAT_JEF_2,1/23/24,0.03,13.1,23.7,34.3,16.7,0.54,4
KAT_JEF_2,1/24/24,0.39,30.1,34.4,38.7,32,0.13,1.46
KAT_JEF_2,1/25/24,0.5,35.1,41.7,48.4,40.5,0.21,1.46
KAT_JEF_2,1/26/24,0.36,37.8,45.1,52.4,42.4,0.24,2.25
KAT_JEF_2,1/27/24,0.04,33.9,42.2,50.6,38.4,0.18,2.48
KAT_JEF_2,1/28/24,0.27,32.9,37.2,41.5,36.9,0,1.13
KAT_JEF_2,1/29/24,0.43,29.3,34.1,39,31.2,0.16,1.33
KAT_JEF_2,1/30/24,0.02,28.9,31,33.2,27.2,0.41,1.34
KAT_JEF_2,1/31/24,0,25.6,30.7,35.8,27.8,0.21,1.87
KAT_JEF_2,2/1/24,0,25.2,32.2,39.1,30.2,0.18,2.21
KAT_JEF_2,2/2/24,0.05,31.6,35.5,39.5,33.4,0,1.65
KAT_JEF_2,2/3/24,0,27.3,31.7,36.2,27.1,0.19,2.03
KAT_JEF_2,2/4/24,0,20.5,30,39.6,23.2,0.11,3.92
KAT_JEF_2,2/5/24,0,20.7,32.9,45.1,21.8,0.23,6.42
KAT_JEF_2,2/6/24,0,17,24.7,32.4,21.6,0.23,1.75
KAT_JEF_2,2/7/24,0,17.6,28.6,39.6,19,0.31,4.89
KAT_JEF_2,2/8/24,0,21.5,34.4,47.4,21.7,0.36,7.43
KAT_JEF_2,2/9/24,0.05,26.6,39.9,53.2,24.8,0.73,9.92
KAT_JEF_2,2/10/24,0,38.1,48.6,59.1,40.2,0.58,8.53
KAT_JEF_2,2/11/24,0.13,30.7,41.3,52,36.4,0.48,3.64
KAT_JEF_2,2/12/24,0,26.7,30.8,34.9,25.9,0.7,2.1
KAT_JEF_2,2/13/24,0,23.2,30.2,37.2,23.5,0,3.4
KAT_JEF_2,2/14/24,0.02,20.1,28.4,36.8,18.5,0.52,3.64
KAT_JEF_2,2/15/24,0,14.8,22.4,30,12,0.43,3.1
KAT_JEF_2,2/16/24,0.1,15.6,26.6,37.6,20.4,0.32,3.9
KAT_JEF_2,2/17/24,0.19,19.3,25,30.8,16.3,0.32,2.94
KAT_JEF_2,2/18/24,0.03,14.3,19.5,24.8,10.3,0.51,2.11
KAT_JEF_2,2/19/24,0,12.5,20.8,29.2,14.5,0.82,2.42
KAT_JEF_2,2/20/24,0,11.1,21.8,32.5,11.6,0.29,3.65
KAT_JEF_2,2/21/24,0,12.1,28.5,44.9,17.4,0.16,7.15
KAT_JEF_2,2/22/24,0,24.9,38.7,52.4,26,0.39,9.01
KAT_JEF_2,2/23/24,0.43,33.2,38.8,44.4,35.5,0.07,3.48
KAT_JEF_2,2/24/24,0,16.6,33.3,50,27.3,0.15,5.68
KAT_JEF_2,2/25/24,0,12.4,20.4,28.3,7.7,0.56,3.26
KAT_JEF_2,2/26/24,0,15.4,30.4,45.3,15.6,0.8,7.96
KAT_JEF_2,2/27/24,0,32.4,45.6,58.9,29.7,1.84,11.47
KAT_JEF_2,2/28/24,0.66,39.4,52,64.6,44.1,0,13.53
KAT_JEF_2,2/29/24,0.36,19,39.8,60.6,27.1,0.43,4.25
KAT_JEF_2,3/1/24,0,16.6,22.5,28.4,11.9,0.45,2.71
KAT_JEF_2,3/2/24,0.02,19.2,35.2,51.2,22.9,0.41,9.1
KAT_JEF_2,3/3/24,0.03,38.3,43.1,48,40.8,0.11,2.09
KAT_JEF_2,3/4/24,0,34.8,43.6,52.5,39.8,0.1,4.67
KAT_JEF_2,3/5/24,0,36.9,54,71.1,43.7,0.25,16.26
KAT_JEF_2,3/6/24,0.23,46,59.3,72.5,48.1,0.23,16.19
KAT_JEF_2,3/7/24,0.28,35.5,43.6,51.8,42.3,0.08,0.81
KAT_JEF_2,3/8/24,0,32.6,44.5,56.4,32.9,0.56,8.42
KAT_JEF_2,3/9/24,0.1,34.5,49.4,64.3,36.8,0.75,13.88
KAT_JEF_2,3/10/24,0.22,31.3,39.1,46.8,37.5,0.15,2.16
KAT_JEF_2,3/11/24,0.28,25.6,29.2,32.7,24,0.29,1.77
KAT_JEF_2,3/12/24,0,28,36.5,45.1,22.8,1.18,6.23
KAT_JEF_2,3/13/24,0,34.1,47.7,61.3,34.7,0.86,11.22
KAT_JEF_2,3/14/24,0,33.1,49.7,66.3,37.4,0.29,13.33
KAT_JEF_2,3/15/24,0.37,34,50,65.9,42.5,0.2,15.36
KAT_JEF_2,3/16/24,0.02,30,36.7,43.5,35.2,0.13,1.95
KAT_JEF_2,3/17/24,0.38,30.7,43,55.4,31.6,0.32,9.87
KAT_JEF_2,3/18/24,0.05,26.1,34,41.8,25.9,0.34,4.17
KAT_JEF_2,3/19/24,0.14,25.3,28.4,31.5,20.8,0.51,2.33
KAT_JEF_2,3/20/24,0.11,25.4,30,34.6,24.4,0.32,2.72
KAT_JEF_2,3/21/24,0.1,19.7,27.3,34.8,17,0.38,2.55
KAT_JEF_2,3/22/24,0,11.6,19.7,27.7,10.7,0.28,2.64
KAT_JEF_2,3/23/24,0.33,15.8,23.9,32,20.3,0.1,2.87
KAT_JEF_2,3/24/24,0,13.7,22.7,31.7,17.8,0.24,2.52
KAT_JEF_2,3/25/24,0,15.3,27,38.7,13.8,0.45,5.33
KAT_JEF_2,3/26/24,0,34,47.6,61.2,20.9,3.47,14.4
KAT_JEF_2,3/27/24,0.17,38.4,47,55.5,34.1,1.01,9.96
KAT_JEF_2,3/28/24,0,29.7,41.2,52.8,33.1,0.91,4.82
KAT_JEF_2,3/29/24,0,24.9,35.6,46.3,22.2,0.48,6.66
KAT_JEF_2,3/30/24,0,23.6,31.3,39,23,0.36,3.85
KAT_JEF_2,3/31/24,0.22,25.5,35.5,45.4,33.1,0.06,5.58
KAT_JEF_2,4/1/24,0,34.9,40.1,45.2,35.5,0.15,3.05
KAT_JEF_2,4/2/24,0.1,36.9,46.9,56.9,36.6,0.19,8.43
KAT_JEF_2,4/3/24,0.33,40.4,45.9,51.5,42.4,0.18,3.13
KAT_JEF_2,4/4/24,0.79,31,38.9,46.9,35.6,0.07,2.3
KAT_JEF_2,4/5/24,0.18,29.5,35.2,41,32.2,0.07,1.78
KAT_JEF_2,4/6/24,0.13,29.4,33.4,37.4,31.1,0.11,2.13
KAT_JEF_2,4/7/24,0,29,39.9,50.9,30.3,0.23,7.16
KAT_JEF_2,4/8/24,0,31.1,44.8,58.5,25.2,0.61,12.13
KAT_JEF_2,4/9/24,0,35.7,50.1,64.4,32.9,0.81,14.05
KAT_JEF_2,4/10/24,0,39,57.7,76.4,46.2,0.6,21.91
KAT_JEF_2,4/11/24,0.28,52.1,57.3,62.5,50.1,0.27,8.51
KAT_JEF_2,4/12/24,1.98,46.2,57,67.9,55.7,0.28,7.48
KAT_JEF_2,4/13/24,0.85,33.7,40.6,47.6,38.3,0.17,2.39
KAT_JEF_2,4/14/24,0.02,34.5,41.8,49,32.8,0.5,5.69
KAT_JEF_2,4/15/24,0.27,39.4,55.7,72,45,0.21,15.72
KAT_JEF_2,4/16/24,0,35.8,49.1,62.3,33.7,0.74,13.42
KAT_JEF_2,4/17/24,0.01,42.1,54.2,66.3,33.8,1.99,15.47
KAT_JEF_2,4/18/24,0.44,48.5,59.6,70.8,50.7,0.33,11.29
KAT_JEF_2,4/19/24,0.02,41.3,49.2,57.1,45.2,0.11,5.13
KAT_JEF_2,4/20/24,0,40.3,50,59.8,40.5,1,5.96
KAT_JEF_2,4/21/24,0.03,32.7,40,47.4,26.1,1.11,5.75
KAT_JEF_2,4/22/24,0,26.9,35.3,43.8,25.6,0.46,5.16
KAT_JEF_2,4/23/24,0,30,42.7,55.4,24.6,0.74,10.8
KAT_JEF_2,4/24/24,0.24,39.3,52,64.8,38,0.15,15.14
KAT_JEF_2,4/25/24,0.11,26.7,36.6,46.4,34.8,0.13,1.66
KAT_JEF_2,4/26/24,0,29.1,41.3,53.5,22.2,1,10.13
KAT_JEF_2,4/27/24,0.02,36.4,51.7,67,30.1,2.43,16.92
KAT_JEF_2,4/28/24,0.45,45.6,53.7,61.8,48.6,0.47,5.74
KAT_JEF_2,4/29/24,0.14,50.6,60.3,70,57.2,0,8.41
KAT_JEF_2,4/30/24,0,51.4,65.7,80,54.8,0.35,20.37
KAT_JEF_2,5/1/24,0.04,41.7,54.1,66.4,49.1,0.14,9.58
KAT_JEF_2,5/2/24,0,44.8,61,77.2,46.1,0.29,22.68
KAT_JEF_2,5/3/24,0,46.8,59.4,71.9,43.5,1.33,17.78
KAT_JEF_2,5/4/24,0,51.6,66.1,80.6,51.1,0.54,24.66
KAT_JEF_2,5/5/24,0.4,49.7,60.9,72.1,51.7,0.47,10.52
KAT_JEF_2,5/6/24,0.06,52,58.8,65.6,55.6,0.28,4.49
KAT_JEF_2,5/7/24,0,40.6,54.7,68.9,41.3,0.91,15.39
KAT_JEF_2,5/8/24,0.15,47.4,61.7,76,52,0.63,19.14
KAT_JEF_2,5/9/24,0,45.3,59.7,74.1,46.5,0.46,19.06
KAT_JEF_2,5/10/24,0.05,44.9,53,61.1,43.6,0.43,9.48
KAT_JEF_2,5/11/24,0.03,37.1,47.3,57.6,42,0.08,7.41
KAT_JEF_2,5/12/24,0.48,42.3,51.1,59.9,44.7,0.03,8.53
KAT_JEF_2,5/13/24,0.03,42.7,51,59.3,44.7,0.17,7.41
KAT_JEF_2,5/14/24,0.02,47.9,62.1,76.4,48.7,0.65,19.24
KAT_JEF_2,5/15/24,0.01,54.5,64.4,74.3,54.8,0,14.65
KAT_JEF_2,5/16/24,0.95,55.9,63.3,70.6,57.3,0.27,8.56
KAT_JEF_2,5/17/24,0,52.6,62.3,72,55.9,0.07,11.25
KAT_JEF_2,5/18/24,0.46,56.9,62.6,68.3,59.2,0.1,6.56
KAT_JEF_2,5/19/24,0,53.6,64,74.4,58.9,0.05,11.04
KAT_JEF_2,5/20/24,0,52,65.2,78.4,55.2,0.13,19.93
KAT_JEF_2,5/21/24,0,55.7,70.3,84.9,58.7,0.11,24.08
KAT_JEF_2,5/22/24,0,60.1,72.2,84.3,59.2,1.31,24.05
KAT_JEF_2,5/23/24,0.54,57.2,70.2,83.2,61.3,0.37,20.42
KAT_JEF_2,5/24/24,0,47.6,61.5,75.4,47.2,0.66,19.55
KAT_JEF_2,5/25/24,0,48.2,62.9,77.6,46,1.19,22.01
KAT_JEF_2,5/26/24,0.19,52.9,64.4,75.9,58.6,0.07,12.3
KAT_JEF_2,5/27/24,0.18,57,67.6,78.2,57.8,0,19.62
KAT_JEF_2,5/28/24,0.6,54.3,64.7,75,57.9,0,11.51
KAT_JEF_2,5/29/24,0.28,46.4,54.1,61.7,53.7,0,4.2
KAT_JEF_2,5/30/24,0.06,40.1,52.3,64.5,48.7,0,7.71
KAT_JEF_2,5/31/24,0,36.8,49.6,62.5,39.5,0.08,11.75
KAT_JEF_2,6/1/24,0,37.3,53.6,69.9,40.2,0.14,16.21
KAT_JEF_2,6/2/24,0,47.9,62.6,77.3,43.4,1.5,24.36
KAT_JEF_2,6/3/24,0.08,58.3,62.7,67,59.4,0.01,7.32
KAT_JEF_2,6/4/24,0,55.3,66.8,78.4,60,0.09,15.51
KAT_JEF_2,6/5/24,0,59.1,71.6,84.2,60.4,0.13,23.41
KAT_JEF_2,6/6/24,1.02,60.2,68,75.8,65.8,0,7.29
KAT_JEF_2,6/7/24,0.04,54.5,64.4,74.3,56.9,0.21,13.91
KAT_JEF_2,6/8/24,0.09,50.7,57.7,64.7,52.1,0.3,7.84
KAT_JEF_2,6/9/24,0.39,52.3,61.3,70.3,51.2,0.13,13.7
KAT_JEF_2,6/10/24,0.17,49.4,59,68.7,50.4,0.38,12.54
KAT_JEF_2,6/11/24,0,49.9,53.9,57.9,49,0.34,4.14
KAT_JEF_2,6/12/24,0,45.2,52.4,59.7,49.4,0,5.16
KAT_JEF_2,6/13/24,0,48.8,62.1,75.5,50.8,0,17.77
KAT_JEF_2,6/14/24,0,58.8,71.3,83.8,58.2,0.64,23.38
KAT_JEF_2,6/15/24,0,48.7,63.2,77.7,51.7,0.37,19.83
KAT_JEF_2,6/16/24,0,47.5,59.7,72,48.5,0.54,15.53
KAT_JEF_2,6/17/24,0,53.8,67.8,81.8,57.2,0.55,23.17
KAT_JEF_2,6/18/24,0.02,64.9,76.9,88.8,66.9,0.6,21.38
KAT_JEF_2,6/19/24,0.05,66.4,78.3,90.2,70,0,22.23
KAT_JEF_2,6/20/24,0,67,77.3,87.6,71.3,0.37,15.67
KAT_JEF_2,6/21/24,0,64.9,76.2,87.5,68.9,0.02,19.37
KAT_JEF_2,6/22/24,0.32,65.4,76.3,87.1,69.4,0,18.73
KAT_JEF_2,6/23/24,0,70.6,79.6,88.6,69.4,1.11,22.35
KAT_JEF_2,6/24/24,0.15,58.5,68.7,78.8,63.7,0.93,9.78
KAT_JEF_2,6/25/24,0,53.8,65.5,77.2,55.9,0.12,17.17
KAT_JEF_2,6/26/24,0,58.3,69.2,80.1,62.1,0.57,16.51
KAT_JEF_2,6/27/24,0.51,57.6,69.7,81.8,61.6,0.02,20.13
KAT_JEF_2,6/28/24,0,49.9,60.4,70.9,52.2,0.13,13.04
KAT_JEF_2,6/29/24,0.34,53.5,65.8,78,58.6,0.12,17.11
KAT_JEF_2,6/30/24,1.15,66.3,72.1,77.9,70.7,0,5.93
KAT_JEF_2,7/1/24,0.04,51.2,62.6,74,55.1,0.33,8.02
KAT_JEF_2,7/2/24,0,45.1,58.6,72.1,47.8,0.16,15.72
KAT_JEF_2,7/3/24,0,50.8,65.3,79.8,55,1.01,19.59
KAT_JEF_2,7/4/24,0.52,67.8,76.7,85.6,68,0,17.97
KAT_JEF_2,7/5/24,0,67.6,74.9,82.2,67.2,0.91,16.36
KAT_JEF_2,7/6/24,0.25,66.3,75.6,84.8,67.9,0.22,17.1
KAT_JEF_2,7/7/24,0,58.6,69.6,80.7,62.7,0.22,16.16
KAT_JEF_2,7/8/24,0,58.5,69.9,81.3,60.4,0.27,19.12
KAT_JEF_2,7/9/24,0,59.9,72.9,85.9,62.2,0,23.66
KAT_JEF_2,7/10/24,0.02,65.8,74.6,83.4,68.3,0.19,15.68
KAT_JEF_2,7/11/24,0.23,64.1,75.6,87,67.6,0.37,17.31
KAT_JEF_2,7/12/24,0.06,59.4,65.9,72.5,63.5,0,5.95
KAT_JEF_2,7/13/24,0.01,60.3,71,81.8,63.9,0.06,17.32
KAT_JEF_2,7/14/24,0,57.5,70.8,84,61.8,0.19,19.95
KAT_JEF_2,7/15/24,0.1,63.3,74.7,86,66.8,0.09,21.43
KAT_JEF_2,7/16/24,0.81,62.7,73.9,85,66.9,0.12,16.37
KAT_JEF_2,7/17/24,0.02,64.7,73.2,81.8,66.6,0.25,13.67
KAT_JEF_2,7/18/24,0,56.9,67.5,78.1,63.1,0.19,13.03
KAT_JEF_2,7/19/24,0,51.8,62.5,73.3,54.3,0.16,14.13
KAT_JEF_2,7/20/24,0,49.9,63,76.1,53.2,0.08,17.36
KAT_JEF_2,7/21/24,0,51.5,65.9,80.2,55,0.02,20.47
KAT_JEF_2,7/22/24,0,55.8,67.4,78.9,59.4,0,17.7
KAT_JEF_2,7/23/24,0.08,59.5,70.7,81.9,62.8,0,19.56
KAT_JEF_2,7/24/24,0.63,62.2,72,81.8,63.6,0.18,18.46
KAT_JEF_2,7/25/24,0.79,60.7,71.3,82,64.4,0.37,16.2
KAT_JEF_2,7/26/24,0,51.6,63.5,75.4,54,0.23,17.04
KAT_JEF_2,7/27/24,0,51.3,64.6,78,53.3,0.37,18.98
KAT_JEF_2,7/28/24,0,54.2,68.3,82.5,54.8,0.5,24.58
KAT_JEF_2,7/29/24,0,58.2,72.5,86.7,58.9,0.4,28
KAT_JEF_2,7/30/24,0,63.3,75.5,87.6,64.4,0,26.39
KAT_JEF_2,7/31/24,0.32,67.2,75.4,83.5,68.7,0,15.54
KAT_JEF_2,8/1/24,0,64.4,74.1,83.8,67.6,0,16.25
KAT_JEF_2,8/2/24,0.4,65.8,76.5,87.2,69.9,0,18.93
KAT_JEF_2,8/3/24,0.82,62.9,68.1,73.4,67.6,0,3.77
KAT_JEF_2,8/4/24,0.02,62.2,70.4,78.7,66.9,0,10.22
KAT_JEF_2,8/5/24,0,58.8,70.8,82.9,62.7,0.13,19.62
KAT_JEF_2,8/6/24,0.08,63.7,73.7,83.8,68.6,0,14.81
KAT_JEF_2,8/7/24,0.51,57.8,65.3,72.9,61.8,0.22,4.93
KAT_JEF_2,8/8/24,0,60.6,68.6,76.5,61.1,0.97,13.24
KAT_JEF_2,8/9/24,0.02,64.8,72.6,80.4,67.9,0,10.94
KAT_JEF_2,8/10/24,0.88,57.4,66.8,76.2,64.3,0.09,8.07
KAT_JEF_2,8/11/24,0.03,54.8,63.5,72.1,54.8,0.48,13.5
KAT_JEF_2,8/12/24,0.42,54.9,63.1,71.3,56.5,0.01,10.75
KAT_JEF_2,8/13/24,0,53.7,63,72.4,56.2,0.12,12.3
KAT_JEF_2,8/14/24,0,52.6,64.1,75.7,57,0,13.79
KAT_JEF_2,8/15/24,0,52.4,65.6,78.9,57.6,0,17.79
KAT_JEF_2,8/16/24,0,54.7,68.4,82.2,58.2,0,22.24
KAT_JEF_2,8/17/24,0,62,70,78.1,65.2,0.37,12.05
KAT_JEF_2,8/18/24,0.65,64.1,73.2,82.2,66.4,0.23,14.21
KAT_JEF_2,8/19/24,0.44,58.7,68.6,78.6,64.9,0.19,11.67
KAT_JEF_2,8/20/24,0.08,48.8,55.1,61.4,54.1,0.19,2.56
KAT_JEF_2,8/21/24,0,45.7,54.7,63.8,47.4,0.18,9.15
KAT_JEF_2,8/22/24,0,45.8,55.9,66,48.9,0.05,10.06
KAT_JEF_2,8/23/24,0,47.2,59.4,71.6,50.9,0,14.18
KAT_JEF_2,8/24/24,0,49.6,62.3,74.9,53,0.09,16.4
KAT_JEF_2,8/25/24,0,51,65.2,79.4,55.4,0,20.22
KAT_JEF_2,8/26/24,0,53.5,67.2,80.8,58.3,0,19.76
KAT_JEF_2,8/27/24,0,56.9,69.6,82.3,61.8,0,19.25
KAT_JEF_2,8/28/24,0.02,60.3,74,87.8,67.8,0,21.68
KAT_JEF_2,8/29/24,0,65.3,74.1,83,67.9,0.36,13.11
KAT_JEF_2,8/30/24,0,61.8,69.5,77.3,65.2,0.1,8.54
KAT_JEF_2,8/31/24,0.32,62.8,74.1,85.4,66.7,0,20.6
KAT_JEF_2,9/1/24,0.04,57.2,67.9,78.6,64.9,0,10.06
KAT_JEF_2,9/2/24,0.05,47.4,63.4,79.4,56.3,0.22,16.55
KAT_JEF_2,9/3/24,0,39.2,51.6,64.1,44.5,0.06,10.14
KAT_JEF_2,9/4/24,0,42,56.7,71.4,46.1,0.01,16.19
KAT_JEF_2,9/5/24,0,46.3,61.6,76.8,49.4,0.31,20.23
KAT_JEF_2,9/6/24,0,52,65.5,79.1,51.4,1.42,21.95
KAT_JEF_2,9/7/24,1.03,51.4,66,80.6,59,0,18.44
KAT_JEF_2,9/8/24,0.37,42.5,52.4,62.4,47.8,0.16,7.05
KAT_JEF_2,9/9/24,0.04,44.7,53.5,62.4,44.7,0,10.74
KAT_JEF_2,9/10/24,0,49.4,59.3,69.2,54.5,0.23,9.74
KAT_JEF_2,9/11/24,0,47.9,60.8,73.7,51.8,0.14,15.95
KAT_JEF_2,9/12/24,0,50.3,64.3,78.4,55.9,0.07,18.44
KAT_JEF_2,9/13/24,0,52.1,66.2,80.3,57.7,0.06,19.3
KAT_JEF_2,9/14/24,0,51.6,65.6,79.6,56.3,0.12,19.11
KAT_JEF_2,9/15/24,0,53.3,67.2,81.1,58.3,0.12,19.46
KAT_JEF_2,9/16/24,0,52.4,66.6,80.8,56.2,0.43,20.73
KAT_JEF_2,9/17/24,0,52.1,66.2,80.4,54.7,0.43,21.33
KAT_JEF_2,9/18/24,0,54.8,67,79.2,57.8,0.35,18.07
KAT_JEF_2,9/19/24,0,58.2,68,77.7,61,0.23,15.14
KAT_JEF_2,9/20/24,0,53.8,65.9,77.9,58.4,0.26,17.22
KAT_JEF_2,9/21/24,0,54.9,68.2,81.5,57.8,0.42,22.65
KAT_JEF_2,9/22/24,0,55.5,68.3,81.2,60.6,0.08,17.42
KAT_JEF_2,9/23/24,0.23,57.3,68.2,79.1,62.7,0.05,14.8
KAT_JEF_2,9/24/24,0.05,59.6,65.8,72.1,62.3,0.25,5.8
KAT_JEF_2,9/25/24,0.11,58.7,61,63.2,58.4,0.52,2.86
KAT_JEF_2,9/26/24,0.46,60.8,64.3,67.9,62.1,0.21,3.91
KAT_JEF_2,9/27/24,0.02,57,64.9,72.9,60,0.21,9.23
KAT_JEF_2,9/28/24,0,58.9,65.5,72,59.4,0.89,10.61
KAT_JEF_2,9/29/24,0.02,62.7,68.6,74.6,64.5,0.27,8.05
KAT_JEF_2,9/30/24,0,60.2,65.9,71.5,62.4,0.37,6.49
KAT_JEF_2,10/1/24,0,57.7,64.3,70.8,59.9,0.42,7.74
KAT_JEF_2,10/2/24,0.2,51.9,61.3,70.8,57.4,0.1,8.86
KAT_JEF_2,10/3/24,0,39.9,51.7,63.5,45.6,0.01,9.51
KAT_JEF_2,10/4/24,0,41.5,56.5,71.5,48.3,0,14.96
KAT_JEF_2,10/5/24,0,44.1,59.1,74.2,49.9,0.08,16.16
KAT_JEF_2,10/6/24,0,40.5,53.1,65.8,42.3,0.24,13.32
KAT_JEF_2,10/7/24,0.47,45.1,61.6,78.1,52.9,0,16.85
KAT_JEF_2,10/8/24,0,38.1,48,57.9,42.8,0.19,6.44
KAT_JEF_2,10/9/24,0.14,39,50,61,41.6,0.12,10.8
KAT_JEF_2,10/10/24,0.02,38.4,47.8,57.2,38.9,0.28,8.86
KAT_JEF_2,10/11/24,0,33.8,44.2,54.6,37.3,0.03,6.62
KAT_JEF_2,10/12/24,0,34.9,50.9,66.8,44.2,0,13.32
KAT_JEF_2,10/13/24,0.98,42.4,53.1,63.9,41.1,0.25,13.48
KAT_JEF_2,10/14/24,0.6,38.4,44.8,51.1,46.4,0,0.82
KAT_JEF_2,10/15/24,0.55,32.5,39.6,46.6,35.5,0,4.22
KAT_JEF_2,10/16/24,0.14,35.7,41.8,48,36.3,0.05,4.87
KAT_JEF_2,10/17/24,0.03,31,39.7,48.4,34,0.18,4.86
KAT_JEF_2,10/18/24,0,30.5,43.4,56.3,35.2,0.01,8.66
KAT_JEF_2,10/19/24,0,32.1,47.5,62.9,38.9,0.03,11.63
KAT_JEF_2,10/20/24,0,34,50.9,67.7,37.1,0.16,15.9
KAT_JEF_2,10/21/24,0,35.9,53.1,70.3,39.7,0.5,17.83
KAT_JEF_2,10/22/24,0,44.5,60.2,76,44.6,0.99,20
KAT_JEF_2,10/23/24,0,45.9,61.5,77,45.6,0.93,22.98
KAT_JEF_2,10/24/24,0,41.3,56.3,71.3,45.5,0.49,14.7
KAT_JEF_2,10/25/24,0,29.1,41.4,53.7,33.5,0.04,7.01
KAT_JEF_2,10/26/24,0.04,29.8,43.6,57.4,41.4,0.04,7.93
KAT_JEF_2,10/27/24,0.01,26.8,40.3,53.7,32.1,0.16,7.53
KAT_JEF_2,10/28/24,0,28.8,40.8,52.7,31.2,0.25,8.22
KAT_JEF_2,10/29/24,0,34.9,48.3,61.7,33.8,0.75,13.63
KAT_JEF_2,10/30/24,0.14,45.4,56.9,68.5,51.5,0.64,9.67
KAT_JEF_2,10/31/24,0,54.2,64.4,74.6,51.7,1.83,15.77
KAT_JEF_2,11/1/24,0.18,49.7,62.6,75.5,55.7,0.89,14.23
KAT_JEF_2,11/2/24,0,33.8,42.4,51,37.7,0.41,3.83
KAT_JEF_2,11/3/24,0,26.7,37.3,47.8,30,0.16,5.31
KAT_JEF_2,11/4/24,0,28.8,43.9,59,25.4,0.6,12.69
KAT_JEF_2,11/5/24,0,45.3,55.6,65.9,40.5,3.78,12.32
KAT_JEF_2,11/6/24,0.05,58,67.5,77.1,53.7,3.26,18.21
KAT_JEF_2,11/7/24,0.09,49.5,56.9,64.3,55.6,0.16,3.7
KAT_JEF_2,11/8/24,0,36.7,44.8,52.8,40.5,0.19,4.85
KAT_JEF_2,11/9/24,0,27.5,41.8,56,34,0.32,8.27
KAT_JEF_2,11/10/24,0,28.9,40.4,51.8,24.6,0.85,9.08
KAT_JEF_2,11/11/24,0.6,40,48.3,56.5,44.3,0.07,7.26
KAT_JEF_2,11/12/24,0.15,33.3,43,52.6,40.2,0.24,4.14
KAT_JEF_2,11/13/24,0,23.4,33.5,43.6,26.6,0.19,4.8
KAT_JEF_2,11/14/24,0,24.1,38.1,52.1,17.2,0.32,10.11
KAT_JEF_2,11/15/24,0.2,38.2,41.7,45.1,32.9,0.23,5.64
KAT_JEF_2,11/16/24,0.02,39.5,43.4,47.3,41.6,0.15,1.7
KAT_JEF_2,11/17/24,0,39.5,42.1,44.7,37.3,0.68,2.6
KAT_JEF_2,11/18/24,0,38.2,44.9,51.5,39.6,0.49,5.01
KAT_JEF_2,11/19/24,0,33,44.4,55.9,37.1,0.12,8.17
KAT_JEF_2,11/20/24,0.01,34.6,46,57.3,43.1,0.06,8.47
KAT_JEF_2,11/21/24,0.45,32.7,46.3,59.8,42.9,0.08,5.3
KAT_JEF_2,11/22/24,0.31,30.5,34.8,39.1,31.6,0,2.41
KAT_JEF_2,11/23/24,0.52,31.8,35.6,39.5,35.6,0,0.85
KAT_JEF_2,11/24/24,0.2,35,39.4,43.8,37,0.01,1.91
KAT_JEF_2,11/25/24,0.12,31,36.1,41.3,34.3,0.08,1.81
KAT_JEF_2,11/26/24,0.28,31.6,41.7,51.8,40.6,0.09,5.14
KAT_JEF_2,11/27/24,0.06,31.5,37.7,43.9,30.9,0.38,3.17
KAT_JEF_2,11/28/24,0.31,31.9,37.6,43.3,30.8,0.06,4.04
KAT_JEF_2,11/29/24,0.22,28.6,32.7,36.7,29.9,0.03,1.69
KAT_JEF_2,11/30/24,1.07,20.3,25.4,30.5,21,0.12,1.7
KAT_JEF_2,12/1/24,0.09,18.4,21.8,25.2,14.6,0.5,1.59
KAT_JEF_2,12/2/24,0.29,19.3,22.9,26.5,19,0.16,1.4
KAT_JEF_2,12/3/24,0.71,23.8,27.3,30.9,24.4,0.11,1.35
KAT_JEF_2,12/4/24,0.1,21.4,27,32.7,21.2,0.12,2.76
KAT_JEF_2,12/5/24,0.14,20.1,26.4,32.6,22.2,0.03,2.25
KAT_JEF_2,12/6/24,0.28,15.1,22,28.8,18.6,0.18,1.55
KAT_JEF_2,12/7/24,0.23,15.1,21.2,27.3,18.1,0.26,1.81
KAT_JEF_2,12/8/24,0,21.3,30.1,38.8,20.3,0,3.26
KAT_JEF_2,12/9/24,0.02,29,35.9,42.8,31.8,0,3.28
KAT_JEF_2,12/10/24,0.44,34.7,40.1,45.6,40.5,0.02,0.96
KAT_JEF_2,12/11/24,0.35,35.4,41.1,46.8,42,0,0.96
KAT_JEF_2,12/12/24,0.06,17.5,27.9,38.3,26.6,0,1.57
KAT_JEF_2,12/13/24,0.07,14,17,20.1,7.1,0.45,1.67
KAT_JEF_2,12/14/24,0,5.7,14.8,23.8,7.4,0.23,2.09
KAT_JEF_2,12/15/24,0,7.8,20,32.2,11.6,0.41,3.63
KAT_JEF_2,12/16/24,0.15,27.8,32,36.2,29.1,0.41,2.22
KAT_JEF_2,12/17/24,0.22,34.1,41.8,49.5,38.9,0.03,2.18
KAT_JEF_2,12/18/24,0,33.3,38,42.7,32.3,0.49,2.88
KAT_JEF_2,12/19/24,0.23,29,32.3,35.6,30.5,0.03,1.09
KAT_JEF_2,12/20/24,0.05,26.5,28.6,30.8,23.9,0.29,1.53
KAT_JEF_2,12/21/24,0.15,17.3,24.8,32.2,23.2,0.13,1.13
KAT_JEF_2,12/22/24,0.07,7.8,13.5,19.3,7.7,0.3,1.31
KAT_JEF_2,12/23/24,0,1.3,9.9,18.5,2.8,0.18,1.53
KAT_JEF_2,12/24/24,0.14,9.6,21.4,33.3,19,0.11,3.06
KAT_JEF_2,12/25/24,0.02,26.2,30.1,34,29.7,0,0.79
KAT_JEF_2,12/26/24,0,26.1,28.8,31.5,24.2,0.3,1.68
KAT_JEF_2,12/27/24,0,26.6,31.9,37.2,27.8,0.3,2.33
KAT_JEF_2,12/28/24,0,31.7,38.5,45.3,31.8,0.29,4.32
KAT_JEF_2,12/29/24,0.13,36.5,45.1,53.7,43.3,0.01,2.99
KAT_JEF_2,12/30/24,0.41,35.7,48,60.3,45.5,0.19,4.65
KAT_JEF_2,12/31/24,0.18,29,34,38.9,32.8,0.09,1.51
,,,,,,,,
KAT_MAH,1/1/24,0.03,28,31.4,34.7,28.9,0.17,1.73
KAT_MAH,1/2/24,0,25.1,27.3,29.5,23.5,0.34,1.34
KAT_MAH,1/3/24,0,27.4,30.8,34.2,23.4,0.87,2.37
KAT_MAH,1/4/24,0.02,28,30.9,33.9,26.4,0.45,1.94
KAT_MAH,1/5/24,0,19.4,24.5,29.7,15.6,0.7,2.2
KAT_MAH,1/6/24,0,16.4,23.1,29.9,16.6,0.25,2.42
KAT_MAH,1/7/24,0.3,21.2,24.7,28.3,23.8,0.2,1.4
KAT_MAH,1/8/24,0.02,27,29.2,31.3,26.5,0.23,1.12
KAT_MAH,1/9/24,0,28.1,32.1,36.1,26.2,0.46,2.36
KAT_MAH,1/10/24,0.79,31.4,39.8,48.2,34.4,0.41,3.18
KAT_MAH,1/11/24,0.05,30.5,34.2,37.9,26.9,0.55,2.69
KAT_MAH,1/12/24,0.07,30.1,33.3,36.4,28,0.62,2.35
KAT_MAH,1/13/24,0.58,30.4,35.6,40.8,30,0.44,3.83
KAT_MAH,1/14/24,0.2,20.9,29.4,37.9,19.6,0.24,2.53
KAT_MAH,1/15/24,0,4.9,14.3,23.7,3.2,0.5,1.9
KAT_MAH,1/16/24,0.02,6,13.5,20.9,3.6,0.47,2.29
KAT_MAH,1/17/24,0.03,4.3,12.2,20.1,5.5,0.37,1.57
KAT_MAH,1/18/24,0,4.8,11.9,18.9,-0.9,0.65,2.32
KAT_MAH,1/19/24,0.02,16.1,20.8,25.6,14,0.42,2
KAT_MAH,1/20/24,0.08,6.1,14.7,23.4,10.7,0.24,1.12
KAT_MAH,1/21/24,0.01,7.6,11.6,15.5,6.1,0.47,1
KAT_MAH,1/22/24,0,8.1,16.6,25.2,8.7,0.44,2.42
KAT_MAH,1/23/24,0,9.8,22,34.2,14.8,0.45,4.37
KAT_MAH,1/24/24,0.26,30.4,33.2,36.1,31.5,0.2,1.2
KAT_MAH,1/25/24,0.28,34.2,38.6,42.9,38.6,0.06,1.18
KAT_MAH,1/26/24,0.57,35.8,39.7,43.7,39.2,0.2,0.99
KAT_MAH,1/27/24,0.06,35.6,43.1,50.6,37.9,0.33,2.53
KAT_MAH,1/28/24,0.22,30.1,36.2,42.2,36.5,0,1.77
KAT_MAH,1/29/24,0.46,28.5,33,37.5,31.2,0,0.84
KAT_MAH,1/30/24,0,27.8,29.4,30.9,26.3,0.41,0.98
KAT_MAH,1/31/24,0,25.8,29.2,32.7,26.8,0.43,1.25
KAT_MAH,2/1/24,0,26,31.1,36.2,29.3,0.23,1.73
KAT_MAH,2/2/24,0.13,32.6,35,37.5,32.9,0.12,1.57
KAT_MAH,2/3/24,0,26.8,30.6,34.4,27.1,0.34,1.6
KAT_MAH,2/4/24,0,20.9,29.2,37.5,21.9,0.34,3.49
KAT_MAH,2/5/24,0,21.8,32.9,44.1,22.7,0.36,6.18
KAT_MAH,2/6/24,0,15.5,26.8,38.2,20.1,0.33,3.99
KAT_MAH,2/7/24,0,15.8,26.3,36.7,19.1,0.19,3.64
KAT_MAH,2/8/24,0,19.6,33.1,46.5,22.5,0.44,7.07
KAT_MAH,2/9/24,0,25.2,39.7,54.1,24.2,0.71,10.48
KAT_MAH,2/10/24,0,36.8,47.6,58.3,37.1,1.14,8.57
KAT_MAH,2/11/24,0.12,33,44.1,55.2,35.6,0.85,5.42
KAT_MAH,2/12/24,0,27.4,32.8,38.2,25.9,0.76,3.13
KAT_MAH,2/13/24,0,26.9,31.4,35.9,23.8,0.71,3
KAT_MAH,2/14/24,0.03,18.1,26.9,35.7,17.7,0.75,3.48
KAT_MAH,2/15/24,0,15.7,22.9,30.2,10.6,0.68,3.39
KAT_MAH,2/16/24,0.07,16,25.9,35.7,19,0.43,3.54
KAT_MAH,2/17/24,0.09,18.9,25,31.2,15.5,0.33,3.22
KAT_MAH,2/18/24,0.03,14.7,21.3,27.8,9.8,0.55,2.88
KAT_MAH,2/19/24,0,14.4,21.7,29,12.9,0.95,2.47
KAT_MAH,2/20/24,0,8.6,18.7,28.8,8.8,0.35,2.97
KAT_MAH,2/21/24,0,9.1,25.6,42.1,15.3,0.28,6.21
KAT_MAH,2/22/24,0.12,23.6,35.2,46.8,23.6,0.94,6.57
KAT_MAH,2/23/24,0.21,33.6,36.6,39.6,33.3,0.5,2.26
KAT_MAH,2/24/24,0,15.3,34.9,54.4,26.9,0.33,8.18
KAT_MAH,2/25/24,0,10.5,17.1,23.8,6.3,0.47,2.53
KAT_MAH,2/26/24,0,13.3,29.1,44.8,14.2,0.71,7.97
KAT_MAH,2/27/24,0,30.8,43.8,56.8,29,1.18,10.67
KAT_MAH,2/28/24,0.2,39.8,52.6,65.4,41.2,0.93,13.57
KAT_MAH,2/29/24,0.33,18,38.9,59.9,28.8,0.4,5.09
KAT_MAH,3/1/24,0,15.2,21.1,27,10.6,0.4,2.71
KAT_MAH,3/2/24,0.01,17.9,34.1,50.3,21.9,0.45,8.83
KAT_MAH,3/3/24,0.09,38,43.2,48.4,40.6,0.2,2.52
KAT_MAH,3/4/24,0,34.5,42.9,51.3,40.2,0.15,3.94
KAT_MAH,3/5/24,0,36.6,53.5,70.3,44.1,0.13,15.03
KAT_MAH,3/6/24,0.06,44.3,56.9,69.5,47.4,0.05,13.82
KAT_MAH,3/7/24,0.58,33.2,43.8,54.4,41.2,0.2,1.3
KAT_MAH,3/8/24,0,26.8,38.9,50.9,30.5,0.24,5.99
KAT_MAH,3/9/24,0.04,29,45,60.9,32.1,0.39,12.84
KAT_MAH,3/10/24,0.31,33.9,38.7,43.5,36,0.21,2.99
KAT_MAH,3/11/24,0.06,25,31.7,38.3,23.2,0.36,3.26
KAT_MAH,3/12/24,0,27.4,36.2,45,21.3,1.39,5.87
KAT_MAH,3/13/24,0,34.1,48.2,62.3,33.2,1.09,13.2
KAT_MAH,3/14/24,0,34.3,52,69.7,37.3,0.69,16.29
KAT_MAH,3/15/24,0.26,34.7,51.6,68.6,39,0.26,18.81
KAT_MAH,3/16/24,0.04,32.9,38.9,44.9,36.3,0.22,2.45
KAT_MAH,3/17/24,0.12,33.2,44.1,55.1,30.4,0.41,10.03
KAT_MAH,3/18/24,0.02,26.8,36.5,46.2,25.4,0.52,6.35
KAT_MAH,3/19/24,0.03,23.8,28.7,33.6,20,0.43,3.01
KAT_MAH,3/20/24,0.06,24.9,29.8,34.8,25.2,0.33,2.83
KAT_MAH,3/21/24,0.05,18.8,28,37.1,16.8,0.38,2.86
KAT_MAH,3/22/24,0,11.6,20.2,28.7,10.5,0.29,2.98
KAT_MAH,3/23/24,0.33,15.2,22.6,29.9,18.5,0.13,2.59
KAT_MAH,3/24/24,0,13.4,20.6,27.8,17.6,0.22,1.48
KAT_MAH,3/25/24,0,15.4,26.2,37.1,12.9,0.49,5.33
KAT_MAH,3/26/24,0,26.6,42.6,58.6,20.9,1.62,12.88
KAT_MAH,3/27/24,0,39.8,48.6,57.5,29.3,2.71,11.59
KAT_MAH,3/28/24,0,32.1,48.4,64.6,35.4,0.9,12.13
KAT_MAH,3/29/24,0,24.5,37.2,50,20.9,0.72,8.47
KAT_MAH,3/30/24,0,24.1,31.1,38,23.3,0.43,3.67
KAT_MAH,3/31/24,0,28.2,40,51.8,29.9,0.49,8.77
KAT_MAH,4/1/24,0,33.6,41.1,48.6,32.2,0.6,5.4
KAT_MAH,4/2/24,0.01,36.2,47.1,58,33.8,0.61,9.23
KAT_MAH,4/3/24,0.78,37.9,42,46.1,39.7,0.18,2.17
KAT_MAH,4/4/24,0.82,31.3,37.7,44.1,36,0.13,1.87
KAT_MAH,4/5/24,0.09,28.9,36.4,43.8,31.6,0.04,3.05
KAT_MAH,4/6/24,0.13,29.2,34.4,39.7,31.2,0.15,3.03
KAT_MAH,4/7/24,0,29.6,40.4,51.3,30,0.45,7.43
KAT_MAH,4/8/24,0,30.5,43.4,56.2,24.4,1.15,11.66
KAT_MAH,4/9/24,0,33.5,45.9,58.4,33,0.62,10.81
KAT_MAH,4/10/24,0,38.7,57.9,77.2,41.1,1.47,25.91
KAT_MAH,4/11/24,0.2,50.2,58.1,66,51.6,0.03,8.85
KAT_MAH,4/12/24,0.62,53.8,59.2,64.6,56.1,0.44,5.98
KAT_MAH,4/13/24,0.52,35.1,46,56.9,38.5,0.57,6.24
KAT_MAH,4/14/24,0.1,33.9,40.6,47.3,33,0.4,4.84
KAT_MAH,4/15/24,0.07,39.6,54.9,70.2,43.7,0.36,15.09
KAT_MAH,4/16/24,0,34.1,48.4,62.8,34,0.91,13.19
KAT_MAH,4/17/24,0,38.4,52.5,66.7,32.2,1.75,16.43
KAT_MAH,4/18/24,0.18,44.4,50.1,55.9,47.8,0.35,5.62
KAT_MAH,4/19/24,0,41.1,50.6,60,46.7,0.04,6.13
KAT_MAH,4/20/24,0,38.9,49.7,60.4,42,0.7,6.13
KAT_MAH,4/21/24,0,35.1,43,50.9,25.8,1.98,7.55
KAT_MAH,4/22/24,0,27.6,35.9,44.3,25,0.7,5.55
KAT_MAH,4/23/24,0,30.8,43.8,56.9,21.9,1.19,13.09
KAT_MAH,4/24/24,0.1,37.3,51.7,66,35.8,0.29,16.73
KAT_MAH,4/25/24,0.08,25.2,37,48.8,32.2,0.26,3.04
KAT_MAH,4/26/24,0,25.3,39.2,53.2,19.4,0.94,10.63
KAT_MAH,4/27/24,0,32.5,48.8,65.1,26.7,2.34,16.66
KAT_MAH,4/28/24,0.15,45.5,51.4,57.4,44.7,0.52,7.65
KAT_MAH,4/29/24,0.05,52,61.5,71.1,57.6,0.12,9.69
KAT_MAH,4/30/24,0,53.5,65.9,78.3,55.5,0.82,17.05
KAT_MAH,5/1/24,0.13,44.4,58.2,72,52.1,0.05,11.44
KAT_MAH,5/2/24,0,46.6,62.1,77.7,47.2,0.2,23.04
KAT_MAH,5/3/24,0,44.9,58.8,72.7,43.9,0.86,18.43
KAT_MAH,5/4/24,0,48.8,64,79.2,50.1,1.15,22.71
KAT_MAH,5/5/24,0.34,48.1,56.1,64.2,48.2,0.5,8.32
KAT_MAH,5/6/24,0.02,49.3,56,62.6,52.3,0.38,4.9
KAT_MAH,5/7/24,0,40.6,55.8,71.1,41.7,0.86,17.67
KAT_MAH,5/8/24,0.18,46.5,62.1,77.7,47.5,0,23.51
KAT_MAH,5/9/24,0,46.4,60.9,75.4,46.2,0.71,20.85
KAT_MAH,5/10/24,0.11,43.5,51.6,59.6,43.5,0,8.59
KAT_MAH,5/11/24,0.4,38.9,44.7,50.4,43.8,0.01,2.51
KAT_MAH,5/12/24,0.25,42.4,51.2,60,44.5,0.02,9.02
KAT_MAH,5/13/24,0.07,42.6,50.7,58.8,45.4,0.11,6.62
KAT_MAH,5/14/24,0.03,49.1,60.3,71.4,49.8,1,13.12
KAT_MAH,5/15/24,0,55.1,66.4,77.6,54.4,0.27,18.71
KAT_MAH,5/16/24,0.12,56,60.1,64.3,57.1,0.12,4.5
KAT_MAH,5/17/24,0.01,52.1,61.2,70.3,55.6,0,9.65
KAT_MAH,5/18/24,0.18,54.5,64.2,73.9,56.6,0,13.07
KAT_MAH,5/19/24,0.01,58.2,67.2,76.1,59.6,0.18,13.41
KAT_MAH,5/20/24,0,54.2,66.1,78,57.6,0.16,17.28
KAT_MAH,5/21/24,0,58.5,71.8,85.1,59.7,0.79,23.7
KAT_MAH,5/22/24,0,58.8,72.4,86,57.9,1.31,27.41
KAT_MAH,5/23/24,0,59.5,72.7,85.9,60.6,1.03,23.95
KAT_MAH,5/24/24,0,49.2,63.4,77.6,46.2,1.58,22.64
KAT_MAH,5/25/24,0,47.8,63.2,78.7,46.5,1.05,23.11
KAT_MAH,5/26/24,0.77,51.9,65.4,78.9,57.9,0,17.15
KAT_MAH,5/27/24,0,58,68,77.9,57.5,0,18.61
KAT_MAH,5/28/24,0.13,56.9,66.5,76.1,58.6,0.56,12.92
KAT_MAH,5/29/24,0.05,50.4,58.8,67.3,53.8,0.05,8.55
KAT_MAH,5/30/24,0.13,40.2,52.4,64.5,46.7,0.09,9.67
KAT_MAH,5/31/24,0,38.3,50.4,62.5,38.2,0.37,12.1
KAT_MAH,6/1/24,0,41.1,57.1,73,37.8,1.28,20.31
KAT_MAH,6/2/24,0,52.7,67.1,81.6,42.8,3.05,29.57
KAT_MAH,6/3/24,0.13,55.9,65.4,74.9,57.5,0.07,14.44
KAT_MAH,6/4/24,0,56.8,68.5,80.2,59.7,0.27,17.83
KAT_MAH,6/5/24,0,58.7,72.1,85.5,58.9,0.75,25.8
KAT_MAH,6/6/24,0.08,62.8,70.9,79.1,65.1,0.17,12.13
KAT_MAH,6/7/24,0.62,53.3,65.5,77.7,57.5,0.24,17.11
KAT_MAH,6/8/24,0.29,53.4,60.3,67.1,51.6,1.3,9.28
KAT_MAH,6/9/24,0.51,50.6,60.7,70.9,49.7,0.03,14
KAT_MAH,6/10/24,0.16,49.3,59.7,70.1,50,0.35,14.21
KAT_MAH,6/11/24,0,49.7,55.8,61.9,48.7,0.41,6.75
KAT_MAH,6/12/24,0,50.4,55,59.6,50.9,0.29,5.32
KAT_MAH,6/13/24,0,51.3,63.6,75.9,50.1,0.84,19.54
KAT_MAH,6/14/24,0,58.5,72.2,85.9,56.3,2.06,27.3
KAT_MAH,6/15/24,0,50.8,66.4,82,51.8,0.75,25.05
KAT_MAH,6/16/24,0,45.7,60.2,74.7,48.2,0.4,17.94
KAT_MAH,6/17/24,0,55,68.8,82.6,54.5,2.54,24.52
KAT_MAH,6/18/24,0.16,64,77.7,91.3,65.3,0.2,27.75
KAT_MAH,6/19/24,0,68.1,80.4,92.8,70.1,0.62,27.64
KAT_MAH,6/20/24,0.05,66.4,79.2,92,70.3,0.28,24.65
KAT_MAH,6/21/24,0.59,66.1,77.4,88.8,68.5,0.44,21.66
KAT_MAH,6/22/24,0.39,66.7,76.6,86.4,69.2,0.09,18.34
KAT_MAH,6/23/24,0.03,69.3,79.7,90.1,69,0.81,26.11
KAT_MAH,6/24/24,0.19,58.7,70.1,81.5,62.9,1.33,13.67
KAT_MAH,6/25/24,0,54,65.5,77.1,53.7,0.79,18.84
KAT_MAH,6/26/24,0,59.1,69.9,80.7,59.3,1.33,21.03
KAT_MAH,6/27/24,0.45,57.3,71.3,85.2,59.3,0.21,27.55
KAT_MAH,6/28/24,0,48.5,59.8,71.1,50.1,0.43,14.19
KAT_MAH,6/29/24,0.12,53.5,65,76.4,54.8,0.52,18.18
KAT_MAH,6/30/24,0.8,65.1,72.1,79.2,68.3,0.5,9.78
KAT_MAH,7/1/24,0.16,52.8,66.1,79.3,55.9,0.68,14.16
KAT_MAH,7/2/24,0,46.2,59.4,72.5,47.8,0.53,16.73
KAT_MAH,7/3/24,0,52.5,66.4,80.3,54.8,1.94,20.65
KAT_MAH,7/4/24,0,66.1,76.3,86.6,65.5,1.03,21.09
KAT_MAH,7/5/24,0,67.9,77.2,86.5,67.2,0.75,22.35
KAT_MAH,7/6/24,0.12,66.4,76.8,87.1,68.7,0.35,20.22
KAT_MAH,7/7/24,0,59.1,72.3,85.6,62.3,0.79,22.97
KAT_MAH,7/8/24,0,60.1,72.3,84.5,62.1,0.51,21.78
KAT_MAH,7/9/24,0,62.7,75.6,88.6,63.6,0.63,26.57
KAT_MAH,7/10/24,0,67,76.7,86.4,67,0.87,22.57
KAT_MAH,7/11/24,0.34,65.3,77.6,90,69.1,0.43,21.11
KAT_MAH,7/12/24,0.08,60.5,67.7,75,64.1,0.32,8.32
KAT_MAH,7/13/24,0,60.1,72.2,84.3,64,0,20.74
KAT_MAH,7/14/24,0,59.4,72,84.7,61.6,1.26,21.85
KAT_MAH,7/15/24,0,64.3,77.1,90,63.4,0.95,32.78
KAT_MAH,7/16/24,0.45,62.4,76.3,90.2,66.2,0.36,25.73
KAT_MAH,7/17/24,0,63.6,74.9,86.2,65.8,1.41,18.45
KAT_MAH,7/18/24,0.14,59.2,68.5,77.8,64.2,0.54,10.58
KAT_MAH,7/19/24,0,51.6,63.7,75.7,53.9,0.48,16.33
KAT_MAH,7/20/24,0,52.5,65.3,78.1,53.4,0.72,19.6
KAT_MAH,7/21/24,0,54,68.7,83.3,54.4,1.1,24.86
KAT_MAH,7/22/24,0,57.5,69.8,82.2,59.6,0.26,20.73
KAT_MAH,7/23/24,0.22,60.3,72.1,83.9,62.9,0.2,22.48
KAT_MAH,7/24/24,0.04,63,72.4,81.8,63.3,0.57,18.5
KAT_MAH,7/25/24,0.02,61,73.3,85.6,63.8,0.66,22.11
KAT_MAH,7/26/24,0,51.3,64,76.7,52.6,0.64,18.84
KAT_MAH,7/27/24,0,50.5,64.6,78.8,51.3,1.1,20.6
KAT_MAH,7/28/24,0,54.3,67.8,81.3,54,1.13,22.59
KAT_MAH,7/29/24,0,58.7,72.9,87,57.2,1.74,29.73
KAT_MAH,7/30/24,0,62.8,75.3,87.9,62.5,1.36,27.35
KAT_MAH,7/31/24,0.32,66,76.4,86.8,68,0,20.84
KAT_MAH,8/1/24,0,63,74.1,85.1,65.6,0.71,20.4
KAT_MAH,8/2/24,0.14,65.4,77,88.6,67.9,0.36,23.42
KAT_MAH,8/3/24,1.18,65.7,71.4,77.1,68.5,0.24,6.49
KAT_MAH,8/4/24,0.15,64.5,71.4,78.4,67.6,0.45,9.83
KAT_MAH,8/5/24,0,60.9,73.5,86,63,0.74,23.7
KAT_MAH,8/6/24,0.58,63.2,74.6,86,66.9,0,20.97
KAT_MAH,8/7/24,0.1,56.9,63.2,69.5,60.5,0.27,5.34
KAT_MAH,8/8/24,0,58.6,66.5,74.4,59.8,0.42,12.05
KAT_MAH,8/9/24,0.5,64.3,70.7,77,66.4,0.28,9.07
KAT_MAH,8/10/24,1.28,57.2,67.8,78.4,64.4,0.34,9.46
KAT_MAH,8/11/24,0,55,64.9,74.8,53.9,0.91,16.02
KAT_MAH,8/12/24,0.27,53.9,62.7,71.5,55.2,0.37,11.72
KAT_MAH,8/13/24,0,54,64,74,55.2,0.31,14.73
KAT_MAH,8/14/24,0,54.5,66,77.5,56.8,0.44,16.67
KAT_MAH,8/15/24,0,54.6,68,81.4,56.9,0.62,21.25
KAT_MAH,8/16/24,0,55.7,69.6,83.6,57.4,0.77,24.38
KAT_MAH,8/17/24,0,58.7,71.1,83.5,62.1,0.68,22.71
KAT_MAH,8/18/24,0.69,63.2,71.7,80.1,65.6,0.33,12.33
KAT_MAH,8/19/24,0.16,61.9,69.8,77.7,65,0.54,10.71
KAT_MAH,8/20/24,0.12,50.1,57.4,64.8,54.3,0.41,3.9
KAT_MAH,8/21/24,0,46.6,54.5,62.3,47.5,0.32,8.3
KAT_MAH,8/22/24,0,46.5,56.4,66.3,48.9,0.31,10.57
KAT_MAH,8/23/24,0,49,61,73.1,50.4,0.35,16.26
KAT_MAH,8/24/24,0,51.6,64.6,77.6,52.8,0.76,19.89
KAT_MAH,8/25/24,0,54.5,67.5,80.6,55.4,0.95,21.85
KAT_MAH,8/26/24,0,56,68.7,81.4,57.1,0.84,21.59
KAT_MAH,8/27/24,0,57.4,70.3,83.1,59.4,0.76,21.4
KAT_MAH,8/28/24,0.12,59.2,73.1,87.1,66.7,1.17,21.62
KAT_MAH,8/29/24,0,62.4,73.4,84.5,65.1,1.37,16.59
KAT_MAH,8/30/24,0,62.2,67.9,73.5,62.7,0.6,8.03
KAT_MAH,8/31/24,0.02,64,72.6,81.2,64,1.26,14.74
KAT_MAH,9/1/24,0.06,57.9,69.6,81.2,64.7,0.3,12.75
KAT_MAH,9/2/24,0.07,49.8,66.1,82.5,57,0.38,21.25
KAT_MAH,9/3/24,0,41.4,53.6,65.8,44.8,0.43,11.5
KAT_MAH,9/4/24,0,43.9,57.7,71.5,46.3,0.35,16.33
KAT_MAH,9/5/24,0,46.4,61.7,76.9,50,0.34,20.28
KAT_MAH,9/6/24,0,49.6,64.1,78.7,50.5,0.78,21.52
KAT_MAH,9/7/24,1.3,51.8,67.5,83.2,58.6,0,22.89
KAT_MAH,9/8/24,0.03,42.3,54,65.6,47,0.5,9.77
KAT_MAH,9/9/24,0,46.6,55.7,64.8,42.9,1.6,13.11
KAT_MAH,9/10/24,0.49,51,61.5,71.9,53.7,0.04,13.63
KAT_MAH,9/11/24,0,48.4,60.6,72.8,50.1,0.44,16.44
KAT_MAH,9/12/24,0,50.3,65.2,80,55.2,0.44,20.71
KAT_MAH,9/13/24,0,53.7,67.7,81.8,57,0.51,21.75
KAT_MAH,9/14/24,0,53.1,66.7,80.4,57.2,0.38,19.09
KAT_MAH,9/15/24,0,54.3,68.1,81.9,58.7,0.24,20.6
KAT_MAH,9/16/24,0,53.8,68,82.2,57,0.65,22.91
KAT_MAH,9/17/24,0,52.3,66.4,80.6,55.3,1.14,20.7
KAT_MAH,9/18/24,0,53,65.7,78.5,55.8,0.32,19.24
KAT_MAH,9/19/24,0,55.4,64.5,73.6,58.8,0.37,11.74
KAT_MAH,9/20/24,0,52.8,66.2,79.6,57.1,0.44,19.33
KAT_MAH,9/21/24,0,54,68.4,82.8,57.2,0.64,24.76
KAT_MAH,9/22/24,0.04,54.3,67.7,81.2,59.6,0.28,19.02
KAT_MAH,9/23/24,0.04,56.8,66.1,75.3,60.3,0.7,11.57
KAT_MAH,9/24/24,0.08,56.8,60.2,63.6,56.7,0.78,3.45
KAT_MAH,9/25/24,0.3,56.9,58.7,60.6,55.6,0.86,3.16
KAT_MAH,9/26/24,0.06,58.5,62.5,66.5,59.9,0.3,5.05
KAT_MAH,9/27/24,0.09,56.9,64.5,72.2,60.1,0.53,8.22
KAT_MAH,9/28/24,0,57.3,64.2,71.1,57.1,0.77,11.87
KAT_MAH,9/29/24,0.08,60.1,64.5,68.9,62.2,0.28,5.06
KAT_MAH,9/30/24,0,57.7,61.9,66,60.2,0.41,3.57
KAT_MAH,10/1/24,0,56.6,64.1,71.6,57.6,0.41,10.23
KAT_MAH,10/2/24,0.04,55.2,63.5,71.7,54.8,0.34,11.57
KAT_MAH,10/3/24,0.15,43.3,53.1,62.8,47.8,0.12,8.15
KAT_MAH,10/4/24,0,43.9,57.8,71.7,47.1,0.13,16.53
KAT_MAH,10/5/24,0.02,45.3,60.3,75.4,49.8,0.28,17.64
KAT_MAH,10/6/24,0,41,53.5,66,42.5,0.4,13.5
KAT_MAH,10/7/24,0.41,42.5,59.7,76.9,51,0.29,18.5
KAT_MAH,10/8/24,0,37.4,48.2,59,42.2,0.34,7.31
KAT_MAH,10/9/24,0.01,37.6,49.8,61.9,40.2,0.28,11.7
KAT_MAH,10/10/24,0.04,37.1,47.5,57.9,38.1,0.44,9.67
KAT_MAH,10/11/24,0,34,44.3,54.6,36.3,0.17,7.04
KAT_MAH,10/12/24,0,36.2,51.5,66.8,43,0.31,13.37
KAT_MAH,10/13/24,0.53,38.9,51.1,63.3,37.9,0.31,13.87
KAT_MAH,10/14/24,0.48,40.5,43.5,46.5,43.7,0.06,0.7
KAT_MAH,10/15/24,0.12,36,39.9,43.8,35.5,0.35,2.85
KAT_MAH,10/16/24,0,36,42.3,48.7,34.8,0.37,5.58
KAT_MAH,10/17/24,0,29.8,39.4,49,33.3,0.17,5.18
KAT_MAH,10/18/24,0,30.5,43.1,55.8,34.8,0.14,8.5
KAT_MAH,10/19/24,0,33.8,49.2,64.7,37.1,0.28,13.57
KAT_MAH,10/20/24,0,35.4,52.4,69.5,35.6,0.88,17.44
KAT_MAH,10/21/24,0,37.8,54.6,71.5,37.4,1.78,19.64
KAT_MAH,10/22/24,0,46.4,62.3,78.2,45.3,1.88,20.39
KAT_MAH,10/23/24,0,47.5,63.5,79.6,44,1.95,26.63
KAT_MAH,10/24/24,0,41.6,58.7,75.7,44.7,1.05,19.78
KAT_MAH,10/25/24,0,29.5,40.9,52.4,32.4,0.25,7.03
KAT_MAH,10/26/24,0,30,44.7,59.5,38.9,0.35,10.52
KAT_MAH,10/27/24,0,28.3,41.3,54.4,32.5,0.29,8.05
KAT_MAH,10/28/24,0,28.9,40.1,51.3,29.3,0.39,7.96
KAT_MAH,10/29/24,0,34.9,47.2,59.4,31.6,1.15,12.32
KAT_MAH,10/30/24,0.18,39.7,49.1,58.4,45.8,0.15,6.58
KAT_MAH,10/31/24,0,49.3,62.3,75.3,50,1.08,16.65
KAT_MAH,11/1/24,0.04,49.6,62.7,75.7,54.3,0.92,16
KAT_MAH,11/2/24,0,37.4,47.3,57.3,36.9,1.55,6.55
KAT_MAH,11/3/24,0,25.2,35.2,45.2,29.1,0.14,4.44
KAT_MAH,11/4/24,0,29.8,41.8,53.7,26.7,0.5,9.39
KAT_MAH,11/5/24,0,42.6,51,59.4,37.5,3.1,9.07
KAT_MAH,11/6/24,0,54.9,65.2,75.4,52.5,3.89,16.61
KAT_MAH,11/7/24,0.02,48.8,58,67.3,54.6,0.48,6.32
KAT_MAH,11/8/24,0,36.2,44.7,53.1,39.3,0.32,5.49
KAT_MAH,11/9/24,0,26.3,41.4,56.6,32.1,0.43,8.65
KAT_MAH,11/10/24,0,27,37.5,48,24.8,0.66,7.07
KAT_MAH,11/11/24,0.27,39.4,46.9,54.4,40.1,0.35,8.12
KAT_MAH,11/12/24,0.16,32.7,42.5,52.4,39.8,0.34,4.41
KAT_MAH,11/13/24,0,22.6,30.2,37.7,26.1,0.21,2.71
KAT_MAH,11/14/24,0,23,34.8,46.6,20.2,0.38,7.38
KAT_MAH,11/15/24,0.04,35.4,39.4,43.5,29.9,0.57,4.93
KAT_MAH,11/16/24,0,37.5,42.2,46.9,39.5,0.3,2.47
KAT_MAH,11/17/24,0,31.5,39,46.4,34.2,0.13,4.07
KAT_MAH,11/18/24,0,34.1,43.2,52.3,37.4,0.37,5.91
KAT_MAH,11/19/24,0,31.7,43.8,56,35.9,0.09,8.59
KAT_MAH,11/20/24,0,33.8,43.5,53.3,39.6,0.19,6.88
KAT_MAH,11/21/24,0.33,33,47,61.1,43.3,0.11,6.53
KAT_MAH,11/22/24,0.32,31.1,35.8,40.5,32.2,0.05,2.67
KAT_MAH,11/23/24,0.42,30.8,34.3,37.9,33.3,0.04,0.99
KAT_MAH,11/24/24,0.01,34.5,39.3,44,34.8,0.21,2.99
KAT_MAH,11/25/24,0,27.3,34.6,41.9,31.3,0.01,3.34
KAT_MAH,11/26/24,0.29,28.2,38.5,48.8,38.4,0,4.34
KAT_MAH,11/27/24,0,30.9,38.8,46.7,31,0.44,3.66
KAT_MAH,11/28/24,0.29,29.7,36.8,43.9,29,0,4.88
KAT_MAH,11/29/24,0.1,28.6,32.1,35.6,29.4,0.02,1.64
KAT_MAH,11/30/24,0.02,23.7,28,32.4,20.6,0.57,2.15
KAT_MAH,12/1/24,0.01,19,23.6,28.3,13.7,0.83,2.17
KAT_MAH,12/2/24,0.01,20.3,24.3,28.2,16.9,0.56,2.16
KAT_MAH,12/3/24,0,23.8,28.6,33.5,21.8,0.44,3.02
KAT_MAH,12/4/24,0.02,23.1,28,32.8,18.5,0.64,3.58
KAT_MAH,12/5/24,0.07,23.7,28.5,33.4,21,0.43,3
KAT_MAH,12/6/24,0.06,17.8,25.1,32.5,17.7,0.37,2.55
KAT_MAH,12/7/24,0.09,17.8,22.5,27.2,16.4,0.48,2.55
KAT_MAH,12/8/24,0,24.6,31.1,37.7,21.1,0.45,3.35
KAT_MAH,12/9/24,0,31.4,36.6,41.9,31.4,0.33,3.39
KAT_MAH,12/10/24,0.31,33.4,39,44.7,39.3,0.01,1.57
KAT_MAH,12/11/24,0.19,38.3,45.4,52.5,43.7,0.09,3.6
KAT_MAH,12/12/24,0.23,22.5,34,45.6,28.2,0.16,2.88
KAT_MAH,12/13/24,0.01,14.4,19.5,24.5,6.1,0.72,2.44
KAT_MAH,12/14/24,0,7.6,16.1,24.6,6.6,0.32,2.58
KAT_MAH,12/15/24,0,8.2,19.2,30.2,10.8,0.39,3.27
KAT_MAH,12/16/24,0.04,25.3,30.4,35.5,26.2,0.75,2.29
KAT_MAH,12/17/24,0.21,34.2,40.2,46.3,36.6,0.66,2.45
KAT_MAH,12/18/24,0,33.3,40.1,47,31.3,0.79,4.88
KAT_MAH,12/19/24,0.21,29.5,33.5,37.5,30.1,0.17,1.79
KAT_MAH,12/20/24,0.02,26.3,28.6,30.9,21,0.74,2.17
KAT_MAH,12/21/24,0.24,19.3,24.6,29.9,21.2,0.63,1.39
KAT_MAH,12/22/24,0,5.3,13.5,21.7,5.3,0.44,1.91
KAT_MAH,12/23/24,0,-0.2,8,16.2,-2.1,0.33,1.7
KAT_MAH,12/24/24,0.05,3.3,17.6,31.9,14,0.28,3.3
KAT_MAH,12/25/24,0,27,30.9,34.8,27.5,0.37,1.51
KAT_MAH,12/26/24,0,25.4,27.4,29.4,20.9,0.49,1.82
KAT_MAH,12/27/24,0,21.9,28.6,35.3,21.8,0.45,2.66
KAT_MAH,12/28/24,0,21.4,32.9,44.4,28.3,0.31,4.65
KAT_MAH,12/29/24,0,35.3,40.7,46,39.9,0.07,1.39
KAT_MAH,12/30/24,0.02,36.9,47.9,58.8,44.8,0.14,4.88
KAT_MAH,12/31/24,0,28.7,35.6,42.5,31.3,0.29,3.34
,,,,,,,,
KAT_SAU,1/1/24,0,30.8,32.3,33.9,28.6,0.29,1.7
KAT_SAU,1/2/24,0,25.3,28.4,31.5,24.7,0.32,1.14
KAT_SAU,1/3/24,0,27.2,28.5,29.8,23,0.8,1.4
KAT_SAU,1/4/24,0.01,29,29.4,29.8,26.2,0.54,0.87
KAT_SAU,1/5/24,0,20.3,23.8,27.3,15.5,0.8,1.68
KAT_SAU,1/6/24,0,16.9,23.2,29.6,16.2,0.35,2.25
KAT_SAU,1/7/24,0.3,20.6,24.9,29.3,23.7,0.14,1.55
KAT_SAU,1/8/24,0,28,29.6,31.2,26.9,0.41,0.85
KAT_SAU,1/9/24,0,28.3,30.8,33.3,25.4,0.67,1.7
KAT_SAU,1/10/24,0.99,31.1,38.3,45.5,34.3,0.46,2
KAT_SAU,1/11/24,0.01,31,32.7,34.4,26.4,0.89,1.89
KAT_SAU,1/12/24,0,30.8,33,35.1,27.8,0.52,1.95
KAT_SAU,1/13/24,0.75,30.4,34.4,38.3,29.6,0.39,2.97
KAT_SAU,1/14/24,0.02,22.7,29.7,36.7,18.9,0.5,2.11
KAT_SAU,1/15/24,0,4.3,13,21.7,2.1,0.5,1.53
KAT_SAU,1/16/24,0.07,3.6,10.5,17.3,2.3,0.41,1.82
KAT_SAU,1/17/24,0.01,3.9,10.1,16.2,3.7,0.38,1.13
KAT_SAU,1/18/24,0,3.5,9.4,15.3,-2.4,0.6,1.85
KAT_SAU,1/19/24,0,15.6,19.4,23.3,13,0.48,1.6
KAT_SAU,1/20/24,0.02,8,15.5,23,10.2,0.36,1.06
KAT_SAU,1/21/24,0,7.6,11.4,15.2,6,0.57,0.94
KAT_SAU,1/22/24,0,9,16.5,24,8.5,0.44,2.1
KAT_SAU,1/23/24,0,9.8,20.8,31.8,13.7,0.47,3.8
KAT_SAU,1/24/24,0.38,30.9,33.6,36.2,31.4,0.31,1.13
KAT_SAU,1/25/24,0.21,35.2,41.6,48,39.3,0.21,1.7
KAT_SAU,1/26/24,0.7,38.6,46.3,53.9,43.3,0.18,2.01
KAT_SAU,1/27/24,0,34.9,46.7,58.5,39.7,0.23,6.22
KAT_SAU,1/28/24,0.2,34.2,39.1,43.9,36.9,0.17,2.18
KAT_SAU,1/29/24,0.46,29.4,33.3,37.3,30.5,0.34,0.88
KAT_SAU,1/30/24,0,29.2,29.5,29.8,26,0.45,0.74
KAT_SAU,1/31/24,0,28.4,30.1,31.8,26.8,0.63,1.02
KAT_SAU,2/1/24,0,30,32,34,28.9,0.66,1.12
KAT_SAU,2/2/24,0.04,33.7,34.7,35.6,32.5,0.33,0.9
KAT_SAU,2/3/24,0,28.8,31.9,35.1,26.6,0.6,1.69
KAT_SAU,2/4/24,0,22.9,30.9,38.9,22,0.48,3.84
KAT_SAU,2/5/24,0,24.1,35.2,46.4,21.6,0.5,7.14
KAT_SAU,2/6/24,0,19.2,26.8,34.5,20.1,0.66,2.64
KAT_SAU,2/7/24,0,19.7,29.7,39.8,18.9,0.61,4.72
KAT_SAU,2/8/24,0,23.9,36.4,48.9,21.8,0.8,7.98
KAT_SAU,2/9/24,0,31.5,43.2,54.8,23.7,2.23,11.24
KAT_SAU,2/10/24,0,40,48.8,57.6,38,1.75,8.1
KAT_SAU,2/11/24,0.06,34.5,44.4,54.3,36.6,1.41,4.9
KAT_SAU,2/12/24,0,28.6,34.9,41.2,26.2,1.07,3.78
KAT_SAU,2/13/24,0,29.6,35.2,40.8,23.8,1.31,4.24
KAT_SAU,2/14/24,0,19.9,28.5,37.1,17.3,0.91,4.01
KAT_SAU,2/15/24,0,17.6,23.8,29.9,10.5,0.98,3.27
KAT_SAU,2/16/24,0.13,19.4,27.9,36.4,19,0.83,3.65
KAT_SAU,2/17/24,0.04,20.7,25.7,30.6,15.4,0.66,3.06
KAT_SAU,2/18/24,0.06,15.6,20.6,25.6,8.8,0.94,2.45
KAT_SAU,2/19/24,0,15.5,22.9,30.3,12.8,1.29,3
KAT_SAU,2/20/24,0,13.5,23.4,33.3,9.6,0.85,4.01
KAT_SAU,2/21/24,0,15.3,29.9,44.6,15.5,0.92,7.23
KAT_SAU,2/22/24,0,28.5,37.4,46.4,24,1.66,6.3
KAT_SAU,2/23/24,0.16,34.7,36.6,38.4,32.2,0.79,1.9
KAT_SAU,2/24/24,0,21.3,37.7,54.1,27.9,0.63,8.1
KAT_SAU,2/25/24,0,14.5,21.4,28.2,6.2,0.99,3.39
KAT_SAU,2/26/24,0,17.4,31.1,44.8,13.6,1.49,8.04
KAT_SAU,2/27/24,0,36.2,47.5,58.9,28.8,3.09,11.79
KAT_SAU,2/28/24,0.16,41.5,52.8,64.1,41.2,1.28,13.05
KAT_SAU,2/29/24,0.45,21,39.6,58.2,28.6,0.75,4.02
KAT_SAU,3/1/24,0,15.5,20.8,26,9.6,0.71,2.57
KAT_SAU,3/2/24,0.02,18.3,32.7,47,21.3,0.56,7.42
KAT_SAU,3/3/24,0.07,34.8,40.2,45.6,39.7,0.29,1.37
KAT_SAU,3/4/24,0,37.4,43.2,49.1,39.8,0.48,3.48
KAT_SAU,3/5/24,0,40.8,53.4,66.1,43.7,0.58,11.55
KAT_SAU,3/6/24,0.08,44.1,55.5,66.9,46.9,0.36,11.7
KAT_SAU,3/7/24,0.54,32.8,43.5,54.2,42,0.26,1.54
KAT_SAU,3/8/24,0,28.3,38.8,49.2,31.6,0.28,4.57
KAT_SAU,3/9/24,0.04,30.3,43.5,56.8,32.1,0.73,9.68
KAT_SAU,3/10/24,0.53,32.5,36.4,40.4,35.2,0.34,1.85
KAT_SAU,3/11/24,0.04,23.9,28.9,33.8,21.7,0.52,2.41
KAT_SAU,3/12/24,0,26.4,34.2,42,19.4,1.63,5.42
KAT_SAU,3/13/24,0,35.6,47.8,59.9,32.4,2.66,11.82
KAT_SAU,3/14/24,0,38.1,52.5,66.9,36.6,1.33,14.84
KAT_SAU,3/15/24,0.11,36.9,51.8,66.6,40.3,0.76,16.27
KAT_SAU,3/16/24,0.02,31.2,38.3,45.3,35.1,0.57,2.49
KAT_SAU,3/17/24,0.1,31.6,41.7,51.8,29.1,0.48,8.4
KAT_SAU,3/18/24,0.04,25,33.7,42.4,24.8,0.5,4.91
KAT_SAU,3/19/24,0.02,22.3,25.9,29.6,18.8,0.63,2.16
KAT_SAU,3/20/24,0.05,23.6,28,32.4,23.6,0.48,2.33
KAT_SAU,3/21/24,0.08,17,25.8,34.6,16,0.27,2.36
KAT_SAU,3/22/24,0,11.8,18.3,24.8,9.6,0.33,2.2
KAT_SAU,3/23/24,0.39,14.6,23.7,32.7,19.6,0.05,2.83
KAT_SAU,3/24/24,0,13.9,19.9,26,17.6,0.11,1
KAT_SAU,3/25/24,0,15.3,24,32.6,14.6,0.59,3.36
KAT_SAU,3/26/24,0,25.7,39.4,53.1,19.9,1.37,9.92
KAT_SAU,3/27/24,0,36.5,45.5,54.4,28.7,1.76,9.94
KAT_SAU,3/28/24,0,31.7,46.3,60.9,35.8,0.59,9.71
KAT_SAU,3/29/24,0,25.1,35.3,45.5,19.7,0.82,6.97
KAT_SAU,3/30/24,0,23.9,29.6,35.2,21.9,0.62,2.97
KAT_SAU,3/31/24,0.16,26.7,36.9,47.2,31.1,0.07,7
KAT_SAU,4/1/24,0,34.2,39.9,45.7,33.4,0.29,3.96
KAT_SAU,4/2/24,0.1,36.4,45.5,54.5,35.4,0.25,6.92
KAT_SAU,4/3/24,1.01,37.6,41.2,44.7,39.5,0.12,1.31
KAT_SAU,4/4/24,0.77,30.5,35.8,41.1,35,0.02,0.94
KAT_SAU,4/5/24,0.11,28,33.5,39,30.7,0.05,1.51
KAT_SAU,4/6/24,0.04,28.2,31.9,35.5,29.4,0.14,1.95
KAT_SAU,4/7/24,0,31.3,39.2,47,28.5,0.38,5.68
KAT_SAU,4/8/24,0,33.5,43.7,54,23.3,1.73,9.94
KAT_SAU,4/9/24,0,38.1,46.6,55.1,31.6,2.23,9.01
KAT_SAU,4/10/24,0.07,43.2,57.6,71.9,41.3,1.18,20.59
KAT_SAU,4/11/24,0.28,52.2,56.4,60.5,52.1,0.12,4.96
KAT_SAU,4/12/24,0.96,52.8,56.8,60.8,55.4,0.62,3.4
KAT_SAU,4/13/24,0.44,33.4,42.9,52.4,37.6,0.28,4.13
KAT_SAU,4/14/24,0.09,33.1,38.3,43.4,31.9,0.25,3.45
KAT_SAU,4/15/24,0.07,39.9,54.9,69.9,43.8,0.55,14.7
KAT_SAU,4/16/24,0,37.4,49.5,61.7,32.1,1.73,12.74
KAT_SAU,4/17/24,0,42.3,53.7,65,31.5,3.19,15.11
KAT_SAU,4/18/24,0.29,46.6,50.5,54.4,48,0.17,5.72
KAT_SAU,4/19/24,0.01,44.1,51.7,59.4,46.3,0.17,5.96
KAT_SAU,4/20/24,0.02,39.4,46.9,54.4,41.4,0.48,4.46
KAT_SAU,4/21/24,0,32.2,40.5,48.8,24,1.55,6.71
KAT_SAU,4/22/24,0,28.9,34.7,40.4,23.7,1.02,4.01
KAT_SAU,4/23/24,0,33.8,43.7,53.6,20.2,2.02,11.01
KAT_SAU,4/24/24,0.08,40.4,51.6,62.8,34.5,0.36,14.33
KAT_SAU,4/25/24,0.06,25.6,36.5,47.5,32.7,0.14,2.46
KAT_SAU,4/26/24,0,27.9,39,50.2,17.8,1.5,8.99
KAT_SAU,4/27/24,0,36.3,48.9,61.6,27,3.81,13.78
KAT_SAU,4/28/24,0.23,43.8,48.4,53,43.9,0.28,5.59
KAT_SAU,4/29/24,0.04,52.6,61.8,71.1,56.9,0.11,9.83
KAT_SAU,4/30/24,0,55.9,67,78.2,55.1,1.27,17.51
KAT_SAU,5/1/24,0.05,46.4,59.4,72.4,51,0.16,12.55
KAT_SAU,5/2/24,0,51.3,62.8,74.2,44.8,1.89,19.88
KAT_SAU,5/3/24,0,47.4,60.1,72.8,42,2.08,19.59
KAT_SAU,5/4/24,0,49.9,63.6,77.2,49.4,0.68,20.56
KAT_SAU,5/5/24,0.36,46,52.4,58.8,47.3,0.17,4.92
KAT_SAU,5/6/24,0.07,47.2,52.3,57.5,51.3,0.02,2.58
KAT_SAU,5/7/24,0,43.7,56.6,69.5,42.5,1.29,14.99
KAT_SAU,5/8/24,0,51.6,63.2,74.8,49.3,1.24,19.48
KAT_SAU,5/9/24,0,45.6,59.5,73.4,44,0.71,19.5
KAT_SAU,5/10/24,0.24,43.5,50,56.4,43.2,0.09,6.61
KAT_SAU,5/11/24,0.36,38,42.9,47.8,42.5,0.04,1.29
KAT_SAU,5/12/24,0.1,42.6,48.6,54.7,42.9,0.08,6.07
KAT_SAU,5/13/24,0.04,43.1,49.4,55.6,43.4,0.26,5.56
KAT_SAU,5/14/24,0.02,50.1,60.1,70.2,47.7,2.22,12.99
KAT_SAU,5/15/24,0.22,54.4,63.1,71.9,53.4,0.15,13.93
KAT_SAU,5/16/24,0.1,54.7,57.6,60.5,56.2,0.04,2.09
KAT_SAU,5/17/24,0.01,52.3,60.1,67.8,54.6,0.05,8.26
KAT_SAU,5/18/24,0.23,54.5,61.9,69.3,55.6,0.01,8.67
KAT_SAU,5/19/24,0.14,57.5,64.6,71.6,59,0.22,8.63
KAT_SAU,5/20/24,0,54.9,64.2,73.4,56.1,0.12,12.35
KAT_SAU,5/21/24,0.03,60.4,70.7,81,58.1,1.61,19.72
KAT_SAU,5/22/24,0,60.8,71.2,81.7,56.5,2.44,22.42
KAT_SAU,5/23/24,0.01,58.6,69.9,81.2,59.9,0.71,19.06
KAT_SAU,5/24/24,0,51.5,62.8,74.2,45.5,2.68,19.29
KAT_SAU,5/25/24,0,49.9,62.9,75.8,44.5,2.35,20.51
KAT_SAU,5/26/24,0.27,53.2,64.4,75.5,57,0,13.96
KAT_SAU,5/27/24,0.04,57.4,66.2,75.1,56.1,0.06,16
KAT_SAU,5/28/24,0.07,55.5,63.7,71.8,57.1,0.43,9.79
KAT_SAU,5/29/24,0.08,48.8,55.9,62.9,51.9,0.03,6.07
KAT_SAU,5/30/24,0.71,39.7,51.3,62.9,46.7,0.07,7.37
KAT_SAU,5/31/24,0,39,49.5,60.1,37,0.64,10.58
KAT_SAU,6/1/24,0,42.7,55.4,68.1,35.9,2.07,16.21
KAT_SAU,6/2/24,0,52.9,64.3,75.6,40.3,3.89,22.81
KAT_SAU,6/3/24,0.04,56.6,62.5,68.3,56.8,0.03,9.52
KAT_SAU,6/4/24,0,56.9,65.8,74.6,57.9,0.33,13.42
KAT_SAU,6/5/24,0,59.2,69.3,79.5,57.6,1.2,19.31
KAT_SAU,6/6/24,0.2,62.3,67.3,72.3,64.3,0.06,6.03
KAT_SAU,6/7/24,0.58,52.6,62.5,72.4,56,0.16,12.6
KAT_SAU,6/8/24,0.05,51.7,57.4,63,49.8,1.05,7.41
KAT_SAU,6/9/24,0.56,50.9,59,67.1,48.1,0.09,12.04
KAT_SAU,6/10/24,0.12,48.5,56.8,65,47.6,0.13,10.93
KAT_SAU,6/11/24,0,48.6,53.7,58.8,47.3,0.4,5.4
KAT_SAU,6/12/24,0,48.9,52.9,56.8,48.3,0.49,4.8
KAT_SAU,6/13/24,0,51.2,61,70.8,48,1.27,15.27
KAT_SAU,6/14/24,0,59.2,69.6,79.9,54.6,3.19,20.82
KAT_SAU,6/15/24,0,49.6,62.9,76.2,50.4,0.9,18.58
KAT_SAU,6/16/24,0,46.2,58.6,71,46.8,0.76,15.15
KAT_SAU,6/17/24,0,54.7,65.7,76.8,54,2.19,17.69
KAT_SAU,6/18/24,0.41,63.7,74.6,85.5,64.6,0.35,19.88
KAT_SAU,6/19/24,0,68.9,77.6,86.4,68.7,1.46,18.73
KAT_SAU,6/20/24,0,66.8,76.3,85.8,68.7,0.72,16.78
KAT_SAU,6/21/24,0.24,65,75,84.9,67,0.43,16.95
KAT_SAU,6/22/24,0.56,66.1,75.4,84.7,67.6,0.34,18.12
KAT_SAU,6/23/24,0,69.5,77.6,85.6,66.8,2.39,20.49
KAT_SAU,6/24/24,0.38,57.5,67.3,77,61.9,1.09,9.42
KAT_SAU,6/25/24,0,53.2,63.1,72.9,52.1,0.81,14.98
KAT_SAU,6/26/24,0,59.6,67.5,75.4,58.5,2.09,13.67
KAT_SAU,6/27/24,0.74,57.3,68.8,80.3,58.6,0.14,19.97
KAT_SAU,6/28/24,0,48.2,57.8,67.3,49.6,0.47,10.93
KAT_SAU,6/29/24,0.18,54.4,63.2,72.1,54.4,0.4,13.41
KAT_SAU,6/30/24,0.74,64.2,69.8,75.5,68,0.2,5.54
KAT_SAU,7/1/24,0.01,51.6,64.2,76.9,54.2,0.4,12.72
KAT_SAU,7/2/24,0,46.4,57.2,67.9,46.4,0.52,12.23
KAT_SAU,7/3/24,0,53.3,64.4,75.5,53.3,2.05,16.09
KAT_SAU,7/4/24,0.09,65.3,72.8,80.2,63.9,1.04,13.81
KAT_SAU,7/5/24,0,67.1,74.3,81.5,66.6,0.56,15.73
KAT_SAU,7/6/24,0.02,66.3,73.9,81.5,68,0.16,12.38
KAT_SAU,7/7/24,0,59.1,69.8,80.5,61.5,0.75,17.36
KAT_SAU,7/8/24,0,60,70.1,80.3,60.1,0.44,18.43
KAT_SAU,7/9/24,0,63.2,73.2,83.2,62.9,0.69,19.85
KAT_SAU,7/10/24,0,66.7,74.2,81.6,65.5,1.06,16.24
KAT_SAU,7/11/24,0.38,63.3,74,84.8,66.9,0.49,14.06
KAT_SAU,7/12/24,0.09,59.4,65.5,71.7,62.6,0.06,5.54
KAT_SAU,7/13/24,0,61.3,69.9,78.6,62.2,0.19,14.91
KAT_SAU,7/14/24,0,60.2,71.2,82.2,61.3,0.75,18.62
KAT_SAU,7/15/24,0,65.1,74.7,84.2,61.7,1.18,24.2
KAT_SAU,7/16/24,0.25,62.2,73.8,85.3,64.8,0.22,19.45
KAT_SAU,7/17/24,0,63.8,72.9,82,64.5,0.84,15.27
KAT_SAU,7/18/24,0.64,57.8,65.4,73.1,63.5,0.13,5.93
KAT_SAU,7/19/24,0,51,61.5,72,52.6,0.31,13.42
KAT_SAU,7/20/24,0,52.3,63.1,73.9,52,0.45,15.48
KAT_SAU,7/21/24,0,54.1,66.4,78.8,54,0.31,19.4
KAT_SAU,7/22/24,0,56.7,67.1,77.5,57.2,0.25,16.79
KAT_SAU,7/23/24,2.45,59.6,68.6,77.7,61.8,0.07,13.92
KAT_SAU,7/24/24,0,62.2,70.2,78.2,61.5,0.74,15.3
KAT_SAU,7/25/24,0.02,60.9,70.5,80.2,62.7,0.23,16.14
KAT_SAU,7/26/24,0,50.5,61.7,72.9,51.9,0.32,14.73
KAT_SAU,7/27/24,0,50.3,62.5,74.6,51,0.64,15.89
KAT_SAU,7/28/24,0,53,65.3,77.6,52.3,0.75,19.06
KAT_SAU,7/29/24,0,58.7,70.7,82.8,56.2,1.62,24.11
KAT_SAU,7/30/24,0,63.4,73.9,84.4,61.3,1.04,23.38
KAT_SAU,7/31/24,0.83,65.4,73.1,80.7,66.9,0.03,13.37
KAT_SAU,8/1/24,0,63.8,72.3,80.8,64.7,0.45,15.38
KAT_SAU,8/2/24,0.24,65,74.6,84.1,67,0.33,16.57
KAT_SAU,8/3/24,0.21,65.6,69.5,73.5,67.3,0.15,3.76
KAT_SAU,8/4/24,0.35,63.5,68.9,74.4,66.1,0.16,6.34
KAT_SAU,8/5/24,0,60.1,70.7,81.2,61.7,0.62,17.5
KAT_SAU,8/6/24,0.23,63.7,72.2,80.7,66.2,0.03,13.41
KAT_SAU,8/7/24,0.18,56.9,63,69.1,60.7,0.08,3.53
KAT_SAU,8/8/24,0,58.9,64,69,60,0.31,6.35
KAT_SAU,8/9/24,0.68,62.7,67.3,71.9,65.6,0.14,4.89
KAT_SAU,8/10/24,2.47,57.3,66.3,75.3,63.5,0.07,5.86
KAT_SAU,8/11/24,0,53.5,62.2,70.9,53,0.5,13.25
KAT_SAU,8/12/24,0.01,54.1,61.6,69.1,54.2,0.39,10.13
KAT_SAU,8/13/24,0,53.6,61.6,69.7,53.6,0.14,11.37
KAT_SAU,8/14/24,0,53.9,63.4,72.8,55.2,0.26,12.43
KAT_SAU,8/15/24,0,54.1,65.2,76.3,55.5,0.56,15.79
KAT_SAU,8/16/24,0,55.6,67.1,78.5,55.2,0.77,19.06
KAT_SAU,8/17/24,0,60.4,69.2,78.1,61.8,0.17,15.85
KAT_SAU,8/18/24,1.23,62.6,68.6,74.5,65,0.17,6.87
KAT_SAU,8/19/24,0.63,61.8,67.9,74.1,63.8,0.48,7.77
KAT_SAU,8/20/24,0.1,49,56.3,63.7,53.4,0.3,3.31
KAT_SAU,8/21/24,0,46.1,52.2,58.4,45.6,0.29,6.17
KAT_SAU,8/22/24,0,45.9,54.3,62.7,47.1,0.27,8.48
KAT_SAU,8/23/24,0,48.1,58.2,68.4,48.5,0.33,12.66
KAT_SAU,8/24/24,0,50.9,62,73.1,51.3,0.47,15.37
KAT_SAU,8/25/24,0,54.2,65.5,76.9,53.8,0.67,18.34
KAT_SAU,8/26/24,0,55.9,67.1,78.3,56.3,0.69,18.03
KAT_SAU,8/27/24,0,57,68.1,79.2,57.2,0.56,18.53
KAT_SAU,8/28/24,0.17,61.6,72.2,82.9,66,1.01,15.89
KAT_SAU,8/29/24,0,63.3,72.1,80.8,65.7,0.49,11.88
KAT_SAU,8/30/24,0.04,63.5,68.8,74.2,64,0.32,7.26
KAT_SAU,8/31/24,0,63.2,68,72.7,63.4,0.58,6.52
KAT_SAU,9/1/24,0,60.3,68.3,76.4,64.5,0.12,8.07
KAT_SAU,9/2/24,0,49.3,63.3,77.3,55.3,0.57,16.32
KAT_SAU,9/3/24,0,40.9,51.9,62.8,43.3,0.3,9.67
KAT_SAU,9/4/24,0,43.8,56.1,68.5,44.2,0.47,14.4
KAT_SAU,9/5/24,0,47.1,59.6,72.1,48.4,0.62,15.62
KAT_SAU,9/6/24,0,51.1,62.2,73.4,49.2,1.19,16.66
KAT_SAU,9/7/24,1.12,51.2,64.1,76.9,57.4,0.06,15.03
KAT_SAU,9/8/24,0.03,42.3,51.6,61,45.9,0.32,7.05
KAT_SAU,9/9/24,0,44.8,52.7,60.6,40.9,0.86,10.88
KAT_SAU,9/10/24,0.17,49,57.8,66.6,51.5,0.04,9.08
KAT_SAU,9/11/24,0,48.3,59.1,69.9,50,0.41,13.23
KAT_SAU,9/12/24,0,51.6,63.8,75.9,53.9,0.29,16.6
KAT_SAU,9/13/24,0,53,64.7,76.5,55.3,0.46,16.41
KAT_SAU,9/14/24,0,52.1,64.1,76.1,54.8,0.23,16.4
KAT_SAU,9/15/24,0,54.3,66,77.7,56.9,0.3,16.42
KAT_SAU,9/16/24,0,53.2,65.2,77.2,54.8,0.57,17.94
KAT_SAU,9/17/24,0,51.3,63.7,76.1,51.8,1.02,18
KAT_SAU,9/18/24,0,52.6,63.3,74,55.8,0.14,13.32
KAT_SAU,9/19/24,0,55,62.2,69.4,58.6,0.11,7.53
KAT_SAU,9/20/24,0,52,63.5,75.1,55.1,0.17,16.26
KAT_SAU,9/21/24,0,53.2,65.7,78.3,56,0.27,18.98
KAT_SAU,9/22/24,2.75,52.6,64.7,76.7,57.8,0.06,13.98
KAT_SAU,9/23/24,0.04,56.1,62.8,69.4,59.4,0.11,6.58
KAT_SAU,9/24/24,0.26,55,57.9,60.8,56.1,0.31,1.76
KAT_SAU,9/25/24,0.47,54.7,56,57.2,54.7,0.29,1.12
KAT_SAU,9/26/24,0.08,57.2,59.7,62.1,59.3,0.13,1.44
KAT_SAU,9/27/24,0,57.2,63.6,70,60.6,0.08,5.18
KAT_SAU,9/28/24,0,58.5,62.8,67,57.5,0.3,8.03
KAT_SAU,9/29/24,0.01,59.2,62.5,65.7,61.4,0.15,2.3
KAT_SAU,9/30/24,0.01,58.5,60.7,62.8,59.5,0.23,1.6
KAT_SAU,10/1/24,0,56.9,62.7,68.5,57.5,0.1,7.46
KAT_SAU,10/2/24,0,54.3,60.3,66.4,54.5,0.09,7.36
KAT_SAU,10/3/24,0.07,42.9,51,59,47.6,0.03,4.85
KAT_SAU,10/4/24,0,44.1,56.3,68.5,46.7,0.39,13.62
KAT_SAU,10/5/24,0,45.1,58.8,72.6,49.2,0.11,14.94
KAT_SAU,10/6/24,0,42.4,53.2,64,40.9,0.28,12.21
KAT_SAU,10/7/24,0.01,44.7,58.4,72.1,50.3,0.18,14.23
KAT_SAU,10/8/24,0,37.7,47,56.2,41.5,0.35,5.64
KAT_SAU,10/9/24,0.01,38.6,48.4,58.2,39.7,0.26,9.25
KAT_SAU,10/10/24,0,36.5,45.6,54.7,37.4,0.3,7.52
KAT_SAU,10/11/24,0,35,44.2,53.4,35.5,0.15,6.71
KAT_SAU,10/12/24,0,39,51.3,63.6,41.9,0.39,11.43
KAT_SAU,10/13/24,0.76,39.5,50.8,62.1,36.8,0.07,13.34
KAT_SAU,10/14/24,0.46,41.2,45.9,50.7,45,0.03,1.05
KAT_SAU,10/15/24,0.16,33.7,37.8,41.9,33.9,0.05,2.45
KAT_SAU,10/16/24,0.02,34.4,39.8,45.2,33.9,0.11,4.17
KAT_SAU,10/17/24,0,30.6,38.5,46.4,32.6,0.08,4.26
KAT_SAU,10/18/24,0,31.7,43.1,54.6,33.3,0.08,8.36
KAT_SAU,10/19/24,0,35.6,49.2,62.8,34.9,0.44,13.11
KAT_SAU,10/20/24,0,37.5,52.1,66.7,33.3,0.9,16.08
KAT_SAU,10/21/24,0,40.3,54.6,68.9,36,2.82,17.46
KAT_SAU,10/22/24,0,49.2,61.7,74.2,44.2,3.34,16.79
KAT_SAU,10/23/24,0,51.4,63.5,75.5,43.9,3.59,22.03
KAT_SAU,10/24/24,0,41.4,56.1,70.9,43.8,1.02,15.28
KAT_SAU,10/25/24,0,30,41.1,52.3,31.9,0.19,6.97
KAT_SAU,10/26/24,0,31.1,43.4,55.7,38.2,0.2,8.19
KAT_SAU,10/27/24,0,28.3,39,49.8,31.8,0.19,5.88
KAT_SAU,10/28/24,0,29.4,39,48.7,27.6,0.38,6.95
KAT_SAU,10/29/24,0,35,45.7,56.4,31.1,1.24,10.63
KAT_SAU,10/30/24,0.01,41.3,49.3,57.2,45.2,0.96,5.86
KAT_SAU,10/31/24,0,50.6,61,71.4,49.1,1.49,13.69
KAT_SAU,11/1/24,0.12,52.2,62.4,72.7,53.9,0.81,13.27
KAT_SAU,11/2/24,0,34.9,43.6,52.3,36.5,0.89,4.25
KAT_SAU,11/3/24,0,26.2,35.5,44.7,28.6,0.21,4.38
KAT_SAU,11/4/24,0,27.9,40.1,52.4,25.2,0.32,8.96
KAT_SAU,11/5/24,0,42.2,49.2,56.2,37.1,2.64,7.54
KAT_SAU,11/6/24,0,51.6,61.3,71,52,2.8,12.65
KAT_SAU,11/7/24,0,47.4,55,62.5,54.5,0.26,3.44
KAT_SAU,11/8/24,0,36.6,43.8,51.1,39.1,0.21,4.52
KAT_SAU,11/9/24,0,27.1,40.7,54.2,31.8,0.5,7.99
KAT_SAU,11/10/24,0,28.2,37.3,46.4,23.5,1.02,6.55
KAT_SAU,11/11/24,0.34,40.1,45.6,51.2,39.6,0.16,6.05
KAT_SAU,11/12/24,0.02,32.3,40.5,48.6,39.1,0.31,2.82
KAT_SAU,11/13/24,0,22.8,30.3,37.8,25.2,0.21,3.02
KAT_SAU,11/14/24,0,23.1,34.2,45.4,18.5,0.36,7.07
KAT_SAU,11/15/24,0.06,33.7,36.1,38.5,30.3,0.1,3.35
KAT_SAU,11/16/24,0.01,36.9,39.6,42.3,39.8,0.04,0.51
KAT_SAU,11/17/24,0,33.8,36.9,39.9,34.1,0.27,1.61
KAT_SAU,11/18/24,0,34.7,41.9,49.1,36.9,0.32,4.95
KAT_SAU,11/19/24,0,32.4,43.8,55.1,34.5,0.06,8.99
KAT_SAU,11/20/24,0,33.5,42.6,51.6,39.3,0.1,6.15
KAT_SAU,11/21/24,0.4,30.5,43.5,56.6,42.4,0.01,3.65
KAT_SAU,11/22/24,0.29,30.2,32.4,34.5,30.9,0.02,0.86
KAT_SAU,11/23/24,0.29,31.1,31.8,32.5,31.6,0,0.09
KAT_SAU,11/24/24,0.09,33.5,35.8,38,34.2,0.15,1.01
KAT_SAU,11/25/24,0,29.6,33.4,37.2,32.5,0.04,1.14
KAT_SAU,11/26/24,0.19,30.4,39.1,47.8,38.5,0.02,3.88
KAT_SAU,11/27/24,0,30.8,37.6,44.3,30.3,0.36,2.79
KAT_SAU,11/28/24,0.18,30.4,35.3,40.1,28.8,0.04,3.47
KAT_SAU,11/29/24,0.08,28,30.2,32.3,29,0.02,0.77
KAT_SAU,11/30/24,0.01,20.8,23.9,27.1,19.1,0.38,1.06
KAT_SAU,12/1/24,0,16.8,19.3,21.9,11.8,0.68,1.18
KAT_SAU,12/2/24,0,17.4,19.5,21.6,15,0.4,1.09
KAT_SAU,12/3/24,0,22.5,24.4,26.3,21.1,0.29,1.16
KAT_SAU,12/4/24,0,21.2,24,26.8,18.1,0.32,1.91
KAT_SAU,12/5/24,0.42,21.7,25.3,29,20.4,0.28,1.97
KAT_SAU,12/6/24,0.01,16.6,21.5,26.3,16.2,0.31,1.32
KAT_SAU,12/7/24,0.01,16.6,19.2,21.8,14.8,0.43,1.4
KAT_SAU,12/8/24,0,21.7,27.2,32.7,18.6,0.38,2.45
KAT_SAU,12/9/24,0,31,35.1,39.2,30.4,0.27,2.73
KAT_SAU,12/10/24,0.19,33.3,38.6,44,38.9,0,1.36
KAT_SAU,12/11/24,0.17,39.8,44,48.1,43.5,0.05,1.09
KAT_SAU,12/12/24,0.25,20.3,31.4,42.5,26.8,0.11,1.96
KAT_SAU,12/13/24,0,13.2,15.6,18,4.7,0.59,1.51
KAT_SAU,12/14/24,0,6.8,12.9,19,5.9,0.27,1.5
KAT_SAU,12/15/24,0,7.3,16.6,26,9.9,0.34,2.37
KAT_SAU,12/16/24,0.12,22.4,26.8,31.3,25.7,0.16,1.18
KAT_SAU,12/17/24,0.14,32.3,37.8,43.3,36.1,0.14,1.29
KAT_SAU,12/18/24,0,31.5,38.1,44.7,30.5,0.48,4.21
KAT_SAU,12/19/24,0.25,28.3,31.4,34.6,29.5,0.05,0.97
KAT_SAU,12/20/24,0.06,24.3,25.4,26.5,21.6,0.37,0.88
KAT_SAU,12/21/24,0.39,16.2,21.5,26.8,20.4,0.25,0.64
KAT_SAU,12/22/24,0,4.6,9.8,15.1,4,0.33,0.96
KAT_SAU,12/23/24,0,-2.2,4.5,11.2,-2.7,0.22,1.1
KAT_SAU,12/24/24,0.02,2.6,14.8,26.9,12.6,0.16,2.08
KAT_SAU,12/25/24,0,26,28.5,31.1,26.7,0.17,0.66
KAT_SAU,12/26/24,0,24.2,25.2,26.1,20.8,0.38,1.03
KAT_SAU,12/27/24,0,21.6,27,32.5,22.1,0.23,2.07
KAT_SAU,12/28/24,0,21.9,30.8,39.8,27.6,0.02,3.13
KAT_SAU,12/29/24,0,34.8,40.5,46.1,38.9,0.04,1.63
KAT_SAU,12/30/24,0.01,36.3,45.1,53.9,44.2,0.04,3.1
KAT_SAU,12/31/24,0.06,29.1,33.3,37.6,31,0.16,1.73
,,,,,,,,
KAT_SAU_3,1/1/24,0,30.8,32.3,33.8,28.6,0.27,1.68
KAT_SAU_3,1/2/24,0,25.3,28.4,31.5,24.7,0.31,1.15
KAT_SAU_3,1/3/24,0,27.2,28.5,29.8,23,0.8,1.39
KAT_SAU_3,1/4/24,0.01,29,29.4,29.7,26.2,0.54,0.87
KAT_SAU_3,1/5/24,0,20.3,23.8,27.3,15.5,0.82,1.68
KAT_SAU_3,1/6/24,0,16.9,23.2,29.5,16.1,0.35,2.26
KAT_SAU_3,1/7/24,0.3,20.5,24.9,29.2,23.8,0.13,1.52
KAT_SAU_3,1/8/24,0,28,29.6,31.2,26.9,0.4,0.85
KAT_SAU_3,1/9/24,0,28.3,30.8,33.3,25.4,0.67,1.68
KAT_SAU_3,1/10/24,0.98,31.1,38.3,45.4,34.3,0.45,1.98
KAT_SAU_3,1/11/24,0.01,31,32.7,34.4,26.4,0.89,1.89
KAT_SAU_3,1/12/24,0,30.8,33,35.1,27.7,0.53,1.99
KAT_SAU_3,1/13/24,0.75,30.4,34.3,38.2,29.6,0.39,2.93
KAT_SAU_3,1/14/24,0.02,22.7,29.7,36.7,18.9,0.49,2.08
KAT_SAU_3,1/15/24,0.01,4.3,13,21.6,2.1,0.5,1.52
KAT_SAU_3,1/16/24,0.08,3.6,10.5,17.3,2.3,0.41,1.81
KAT_SAU_3,1/17/24,0.02,3.9,10.1,16.2,3.7,0.38,1.12
KAT_SAU_3,1/18/24,0,3.5,9.4,15.3,-2.5,0.6,1.85
KAT_SAU_3,1/19/24,0.01,15.6,19.5,23.3,12.9,0.48,1.6
KAT_SAU_3,1/20/24,0.02,8,15.5,23,10.1,0.36,1.06
KAT_SAU_3,1/21/24,0,7.6,11.4,15.2,6,0.56,0.94
KAT_SAU_3,1/22/24,0,8.9,16.5,24,8.6,0.43,2.11
KAT_SAU_3,1/23/24,0,9.7,20.8,31.8,13.6,0.45,3.82
KAT_SAU_3,1/24/24,0.38,30.9,33.5,36.2,31.4,0.29,1.13
KAT_SAU_3,1/25/24,0.22,35.1,41.5,48,39.2,0.21,1.7
KAT_SAU_3,1/26/24,0.7,38.5,46.2,53.8,43.5,0.16,1.98
KAT_SAU_3,1/27/24,0,34.9,46.7,58.5,39.8,0.22,6.16
KAT_SAU_3,1/28/24,0.2,34.2,39.1,43.9,37,0.16,2.14
KAT_SAU_3,1/29/24,0.46,29.4,33.3,37.2,30.5,0.34,0.88
KAT_SAU_3,1/30/24,0,29.1,29.5,29.8,25.9,0.46,0.75
KAT_SAU_3,1/31/24,0,28.4,30.1,31.8,26.9,0.61,1
KAT_SAU_3,2/1/24,0,29.9,31.9,33.9,29,0.65,1.11
KAT_SAU_3,2/2/24,0.04,34,34.7,35.4,32.6,0.36,0.83
KAT_SAU_3,2/3/24,0,28.7,31.8,35,26.5,0.61,1.69
KAT_SAU_3,2/4/24,0,22.8,30.9,39,22.1,0.46,3.84
KAT_SAU_3,2/5/24,0,24.6,35.5,46.4,21.7,0.54,7.15
KAT_SAU_3,2/6/24,0,19.7,27.1,34.5,20.2,0.71,2.62
KAT_SAU_3,2/7/24,0,19.6,29.7,39.8,19,0.58,4.7
KAT_SAU_3,2/8/24,0,23.9,36.4,49,21.9,0.78,8
KAT_SAU_3,2/9/24,0,31.4,43.2,55,23.8,2.19,11.29
KAT_SAU_3,2/10/24,0,39.9,48.7,57.6,38.1,1.69,8.05
KAT_SAU_3,2/11/24,0.06,34.4,44.3,54.1,36.6,1.39,4.83
KAT_SAU_3,2/12/24,0,28.8,35,41.2,26.1,1.15,3.82
KAT_SAU_3,2/13/24,0,29.9,35.3,40.7,23.9,1.36,4.22
KAT_SAU_3,2/14/24,0,20.1,28.6,37.1,17.4,0.94,3.98
KAT_SAU_3,2/15/24,0,17.6,23.7,29.9,10.6,0.97,3.25
KAT_SAU_3,2/16/24,0.12,19.8,28.1,36.3,18.9,0.92,3.67
KAT_SAU_3,2/17/24,0.04,20.7,25.6,30.6,15.2,0.69,3.1
KAT_SAU_3,2/18/24,0.06,16.1,20.8,25.4,8.9,1.02,2.39
KAT_SAU_3,2/19/24,0,15.5,22.9,30.2,12.9,1.27,2.97
KAT_SAU_3,2/20/24,0,13.4,23.4,33.5,9.6,0.84,4.05
KAT_SAU_3,2/21/24,0,15.2,29.8,44.5,15.5,0.9,7.21
KAT_SAU_3,2/22/24,0,28.7,37.5,46.3,23.9,1.71,6.29
KAT_SAU_3,2/23/24,0.16,34.7,36.5,38.3,32.1,0.81,1.93
KAT_SAU_3,2/24/24,0,21.2,37.7,54.1,27.9,0.6,8.05
KAT_SAU_3,2/25/24,0,14.4,21.3,28.1,6.2,0.97,3.37
KAT_SAU_3,2/26/24,0,17.3,31.1,44.8,13.6,1.45,8.03
KAT_SAU_3,2/27/24,0,36.1,47.5,58.8,28.8,3.04,11.74
KAT_SAU_3,2/28/24,0.16,42.2,53.1,64.1,41.3,1.45,12.93
KAT_SAU_3,2/29/24,0.45,21.3,39.7,58.1,28.6,0.74,3.93
KAT_SAU_3,3/1/24,0,15.5,20.5,25.4,9.5,0.71,2.46
KAT_SAU_3,3/2/24,0.02,18.4,32.5,46.6,21.2,0.55,7.23
KAT_SAU_3,3/3/24,0.08,34.5,40,45.5,39.7,0.25,1.31
KAT_SAU_3,3/4/24,0,37.4,43.1,48.8,39.7,0.48,3.38
KAT_SAU_3,3/5/24,0,40.8,53.3,65.7,43.6,0.56,11.22
KAT_SAU_3,3/6/24,0.07,44,55.4,66.8,46.9,0.34,11.63
KAT_SAU_3,3/7/24,0.54,32.5,43.2,54,41.9,0.22,1.43
KAT_SAU_3,3/8/24,0,28.3,38.7,49,31.6,0.28,4.49
KAT_SAU_3,3/9/24,0.05,30.2,43.3,56.4,32.2,0.7,9.34
KAT_SAU_3,3/10/24,0.53,32.2,36.2,40.3,35.1,0.29,1.81
KAT_SAU_3,3/11/24,0.03,23.8,28.6,33.4,21.9,0.5,2.22
KAT_SAU_3,3/12/24,0,26.4,34.1,41.9,19.4,1.61,5.36
KAT_SAU_3,3/13/24,0,35.6,47.5,59.5,32.4,2.66,11.53
KAT_SAU_3,3/14/24,0,38.1,52.3,66.5,36.6,1.33,14.5
KAT_SAU_3,3/15/24,0.12,36.8,51.7,66.5,40.4,0.72,16.13
KAT_SAU_3,3/16/24,0.02,31.2,38.2,45.1,35.4,0.53,2.4
KAT_SAU_3,3/17/24,0.1,31.6,41.6,51.6,29,0.47,8.33
KAT_SAU_3,3/18/24,0.04,24.9,33.6,42.3,24.7,0.5,4.84
KAT_SAU_3,3/19/24,0.02,22,25.6,29.2,18.8,0.6,2.06
KAT_SAU_3,3/20/24,0.05,23.4,27.8,32.1,23.6,0.46,2.25
KAT_SAU_3,3/21/24,0.09,17,25.7,34.5,16.2,0.27,2.32
KAT_SAU_3,3/22/24,0,11.8,18,24.2,9.6,0.32,2.09
KAT_SAU_3,3/23/24,0.39,14.7,23.5,32.3,19.5,0.06,2.75
KAT_SAU_3,3/24/24,0,13.9,19.9,25.9,17.5,0.11,1
KAT_SAU_3,3/25/24,0,15.3,23.7,32.1,14.8,0.58,3.18
KAT_SAU_3,3/26/24,0,25.7,39.1,52.6,19.9,1.37,9.66
KAT_SAU_3,3/27/24,0,36.6,45.4,54.3,28.6,1.78,9.93
KAT_SAU_3,3/28/24,0,31.7,46,60.4,35.7,0.59,9.39
KAT_SAU_3,3/29/24,0,25.1,35.3,45.5,19.9,0.81,6.91
KAT_SAU_3,3/30/24,0,23.9,29.5,35.2,21.8,0.61,2.96
KAT_SAU_3,3/31/24,0.16,26.7,36.9,47.2,31.1,0.07,7
KAT_SAU_3,4/1/24,0,34.1,39.9,45.6,33.4,0.28,3.93
KAT_SAU_3,4/2/24,0.1,36.4,45.4,54.5,35.3,0.24,6.91
KAT_SAU_3,4/3/24,1.01,37.4,41,44.6,39.5,0.09,1.26
KAT_SAU_3,4/4/24,0.78,30.2,35.6,41,35,0.01,0.93
KAT_SAU_3,4/5/24,0.11,28,33.5,39,30.7,0.04,1.52
KAT_SAU_3,4/6/24,0.05,28.1,31.8,35.5,29.4,0.13,1.95
KAT_SAU_3,4/7/24,0,31.3,39.2,47,28.5,0.38,5.67
KAT_SAU_3,4/8/24,0,33.9,43.8,53.7,23.4,1.81,9.81
KAT_SAU_3,4/9/24,0,38,46.5,55,31.7,2.21,8.99
KAT_SAU_3,4/10/24,0.07,43.3,57.6,71.9,41.3,1.19,20.6
KAT_SAU_3,4/11/24,0.28,52.2,56.3,60.5,52.1,0.12,4.91
KAT_SAU_3,4/12/24,0.95,52.9,56.8,60.8,55.4,0.63,3.4
KAT_SAU_3,4/13/24,0.43,33.4,42.9,52.5,37.8,0.21,4.06
KAT_SAU_3,4/14/24,0.09,33.2,38.3,43.4,31.9,0.25,3.45
KAT_SAU_3,4/15/24,0.07,39.9,54.7,69.5,43.9,0.52,14.34
KAT_SAU_3,4/16/24,0,37.4,49.5,61.6,32.1,1.74,12.67
KAT_SAU_3,4/17/24,0,42.3,53.5,64.7,31.5,3.17,14.87
KAT_SAU_3,4/18/24,0.3,46.5,50.5,54.4,48.1,0.17,5.72
KAT_SAU_3,4/19/24,0.01,44.4,51.9,59.3,46.3,0.23,5.94
KAT_SAU_3,4/20/24,0.02,39.4,46.8,54.3,41.4,0.47,4.45
KAT_SAU_3,4/21/24,0,32.1,40.4,48.6,24.2,1.5,6.57
KAT_SAU_3,4/22/24,0,29.2,34.7,40.2,23.7,1.06,3.95
KAT_SAU_3,4/23/24,0,34.1,43.7,53.4,20.2,2.07,10.87
KAT_SAU_3,4/24/24,0.08,41,51.9,62.8,34.6,0.37,14.31
KAT_SAU_3,4/25/24,0.06,25.5,36.5,47.5,32.7,0.14,2.46
KAT_SAU_3,4/26/24,0,27.8,39,50.2,17.9,1.48,8.95
KAT_SAU_3,4/27/24,0,36.2,48.9,61.6,27,3.79,13.76
KAT_SAU_3,4/28/24,0.23,43.8,48.3,52.9,43.9,0.28,5.59
KAT_SAU_3,4/29/24,0.04,52.6,61.8,71,56.8,0.11,9.82
KAT_SAU_3,4/30/24,0,56.2,67.2,78.1,55.1,1.34,17.47
KAT_SAU_3,5/1/24,0.05,46.4,59.4,72.3,51,0.17,12.44
KAT_SAU_3,5/2/24,0,51.2,62.6,73.9,44.9,1.91,19.52
KAT_SAU_3,5/3/24,0,47.4,60,72.7,42,2.08,19.5
KAT_SAU_3,5/4/24,0,50.1,63.5,76.9,49.5,0.7,20.1
KAT_SAU_3,5/5/24,0.36,46,52.3,58.7,47.2,0.18,4.9
KAT_SAU_3,5/6/24,0.06,47.1,52.3,57.5,51.3,0.01,2.51
KAT_SAU_3,5/7/24,0,44.1,56.8,69.5,42.4,1.41,15
KAT_SAU_3,5/8/24,0,51.5,63,74.6,49.2,1.21,19.23
KAT_SAU_3,5/9/24,0,45.4,59.2,73.1,44.1,0.66,19.2
KAT_SAU_3,5/10/24,0.24,43.6,49.9,56.2,43.2,0.1,6.48
KAT_SAU_3,5/11/24,0.36,38,42.9,47.8,42.3,0.05,1.4
KAT_SAU_3,5/12/24,0.1,42.5,48.6,54.7,42.9,0.09,6.08
KAT_SAU_3,5/13/24,0.04,43.1,49.4,55.6,43.4,0.25,5.54
KAT_SAU_3,5/14/24,0.02,50.1,60,70,47.7,2.18,12.73
KAT_SAU_3,5/15/24,0.21,54.4,63.1,71.9,53.4,0.13,13.96
KAT_SAU_3,5/16/24,0.1,54.6,57.6,60.5,56.2,0.04,2.06
KAT_SAU_3,5/17/24,0.01,52.3,60,67.6,54.7,0.05,8.07
KAT_SAU_3,5/18/24,0.23,54.6,62,69.3,55.8,0.01,8.56
KAT_SAU_3,5/19/24,0.16,57.5,64.5,71.6,59,0.2,8.56
KAT_SAU_3,5/20/24,0,54.9,64.2,73.4,56.1,0.12,12.5
KAT_SAU_3,5/21/24,0.03,60.8,70.8,80.8,58.1,1.74,19.34
KAT_SAU_3,5/22/24,0,60.7,71.2,81.6,56.4,2.48,22.47
KAT_SAU_3,5/23/24,0.02,58.7,70,81.2,59.9,0.72,19
KAT_SAU_3,5/24/24,0,51.9,63,74.2,45.4,2.79,19.32
KAT_SAU_3,5/25/24,0,49.9,62.8,75.6,44.5,2.36,20.24
KAT_SAU_3,5/26/24,0.26,53.3,64.4,75.5,57,0,13.93
KAT_SAU_3,5/27/24,0.04,57.4,66.1,74.9,56.2,0.06,15.65
KAT_SAU_3,5/28/24,0.08,55.6,63.6,71.7,57.1,0.44,9.61
KAT_SAU_3,5/29/24,0.08,49.1,56,62.9,52,0.04,6.06
KAT_SAU_3,5/30/24,0.69,39.8,51.2,62.7,46.8,0.07,7.04
KAT_SAU_3,5/31/24,0,39,49.4,59.8,37,0.64,10.41
KAT_SAU_3,6/1/24,0,42.8,55.4,68.1,35.9,2.07,16.15
KAT_SAU_3,6/2/24,0,52.9,64.2,75.4,40.4,3.89,22.48
KAT_SAU_3,6/3/24,0.04,56.6,62.4,68.1,56.8,0.03,9.34
KAT_SAU_3,6/4/24,0,56.9,65.7,74.4,57.7,0.34,13.26
KAT_SAU_3,6/5/24,0,59.2,69.2,79.2,57.6,1.2,18.94
KAT_SAU_3,6/6/24,0.2,62.6,67.3,72.1,64.3,0.08,5.84
KAT_SAU_3,6/7/24,0.57,52.7,62.4,72.1,55.7,0.18,12.49
KAT_SAU_3,6/8/24,0.05,51.7,57.3,62.8,49.8,1.07,7.26
KAT_SAU_3,6/9/24,0.57,50.9,58.9,66.9,48.1,0.09,11.8
KAT_SAU_3,6/10/24,0.13,48.5,56.8,65,47.6,0.13,10.9
KAT_SAU_3,6/11/24,0,48.6,53.7,58.8,47.3,0.4,5.36
KAT_SAU_3,6/12/24,0,48.9,52.8,56.6,48.3,0.49,4.67
KAT_SAU_3,6/13/24,0,51.2,61,70.8,48,1.26,15.19
KAT_SAU_3,6/14/24,0,59.2,69.6,79.9,54.6,3.19,20.76
KAT_SAU_3,6/15/24,0,49.6,62.9,76.2,50.4,0.9,18.57
KAT_SAU_3,6/16/24,0,46.2,58.5,70.8,46.8,0.76,14.9
KAT_SAU_3,6/17/24,0,54.6,65.6,76.7,54,2.18,17.47
KAT_SAU_3,6/18/24,0.38,63.7,74.5,85.3,64.6,0.35,19.55
KAT_SAU_3,6/19/24,0,68.8,77.5,86.2,68.7,1.44,18.4
KAT_SAU_3,6/20/24,0,66.9,76.3,85.8,68.7,0.7,16.71
KAT_SAU_3,6/21/24,0.28,65.3,75.1,84.9,67,0.49,16.86
KAT_SAU_3,6/22/24,0.55,66.1,75.4,84.7,67.6,0.35,18.04
KAT_SAU_3,6/23/24,0,69.5,77.4,85.3,66.8,2.37,19.98
KAT_SAU_3,6/24/24,0.38,57.5,67.3,77,61.9,1.1,9.4
KAT_SAU_3,6/25/24,0,53.1,63,72.9,52.1,0.79,14.96
KAT_SAU_3,6/26/24,0,59.6,67.4,75.2,58.5,2.07,13.36
KAT_SAU_3,6/27/24,0.74,57.2,68.6,79.9,58.5,0.14,19.58
KAT_SAU_3,6/28/24,0,48.2,57.6,67.1,49.6,0.46,10.74
KAT_SAU_3,6/29/24,0.19,54.7,63.3,71.9,54.5,0.41,13.2
KAT_SAU_3,6/30/24,0.74,64.1,69.7,75.3,67.9,0.2,5.3
KAT_SAU_3,7/1/24,0.01,51.6,64.1,76.6,54.2,0.41,12.4
KAT_SAU_3,7/2/24,0,46.5,57.2,67.9,46.3,0.54,12.19
KAT_SAU_3,7/3/24,0,53.3,64.3,75.3,53.3,2.08,15.86
KAT_SAU_3,7/4/24,0.09,65.3,72.7,80.1,63.9,1.06,13.57
KAT_SAU_3,7/5/24,0,67.1,74.3,81.4,66.7,0.55,15.6
KAT_SAU_3,7/6/24,0.03,66.3,73.9,81.5,68.1,0.16,12.22
KAT_SAU_3,7/7/24,0,59.1,69.7,80.3,61.6,0.72,16.83
KAT_SAU_3,7/8/24,0,60,70.1,80.2,60.1,0.46,18.34
KAT_SAU_3,7/9/24,0,63.5,73.3,83.2,62.8,0.78,19.84
KAT_SAU_3,7/10/24,0,66.9,74.2,81.6,65.4,1.16,16.2
KAT_SAU_3,7/11/24,0.37,63.3,74,84.7,66.8,0.5,14.08
KAT_SAU_3,7/12/24,0.09,59.4,65.5,71.5,62.5,0.07,5.4
KAT_SAU_3,7/13/24,0,61.2,69.9,78.5,62.3,0.18,14.78
KAT_SAU_3,7/14/24,0,60.2,71.1,82,61.2,0.8,18.32
KAT_SAU_3,7/15/24,0,65.1,74.5,84,61.6,1.16,23.79
KAT_SAU_3,7/16/24,0.25,62.2,73.6,85,64.9,0.22,18.96
KAT_SAU_3,7/17/24,0,64,72.9,81.8,64.5,0.95,14.97
KAT_SAU_3,7/18/24,0.64,57.8,65.4,72.9,63.6,0.11,5.66
KAT_SAU_3,7/19/24,0,51,61.4,71.7,52.6,0.33,13.21
KAT_SAU_3,7/20/24,0,52.4,63,73.7,52,0.48,15.24
KAT_SAU_3,7/21/24,0,54.1,66.3,78.5,53.9,0.32,19.12
KAT_SAU_3,7/22/24,0,57.1,67.2,77.3,57.2,0.4,16.5
KAT_SAU_3,7/23/24,2.59,59.6,68.6,77.7,61.8,0.08,13.94
KAT_SAU_3,7/24/24,0,62.2,70.1,78,61.5,0.77,14.93
KAT_SAU_3,7/25/24,0.02,60.9,70.4,80,62.6,0.24,15.88
KAT_SAU_3,7/26/24,0,50.5,61.7,72.8,51.9,0.34,14.69
KAT_SAU_3,7/27/24,0,50.3,62.4,74.6,50.9,0.67,15.85
KAT_SAU_3,7/28/24,0,53.5,65.5,77.4,52.2,0.99,18.79
KAT_SAU_3,7/29/24,0,58.7,70.6,82.5,56.1,1.65,23.75
KAT_SAU_3,7/30/24,0,63.4,73.8,84.3,61.3,1.06,23.33
KAT_SAU_3,7/31/24,0.82,65.5,73.1,80.7,66.8,0.05,13.39
KAT_SAU_3,8/1/24,0,63.6,72.2,80.8,64.7,0.38,15.26
KAT_SAU_3,8/2/24,0.23,65,74.6,84.1,67,0.35,16.59
KAT_SAU_3,8/3/24,0.24,65.6,69.5,73.5,67.3,0.14,3.74
KAT_SAU_3,8/4/24,0.35,63.5,68.9,74.4,66.1,0.16,6.26
KAT_SAU_3,8/5/24,0,60.2,70.6,81,61.8,0.61,17.09
KAT_SAU_3,8/6/24,0.23,63.5,72.1,80.7,66.2,0.03,13.42
KAT_SAU_3,8/7/24,0.18,56.8,63,69.1,60.6,0.08,3.57
KAT_SAU_3,8/8/24,0,58.9,63.9,68.9,60,0.28,6.17
KAT_SAU_3,8/9/24,0.67,62.7,67.3,71.9,65.6,0.16,4.91
KAT_SAU_3,8/10/24,2.5,57.2,66.3,75.3,63.4,0.07,5.89
KAT_SAU_3,8/11/24,0,53.5,62.1,70.7,53.1,0.48,12.97
KAT_SAU_3,8/12/24,0.01,54,61.4,68.8,54.2,0.37,9.93
KAT_SAU_3,8/13/24,0,53.6,61.5,69.5,53.7,0.14,11.06
KAT_SAU_3,8/14/24,0,53.9,63.3,72.8,55.2,0.27,12.45
KAT_SAU_3,8/15/24,0,54.2,65.1,76,55.4,0.61,15.55
KAT_SAU_3,8/16/24,0,55.7,67,78.2,55,0.85,18.85
KAT_SAU_3,8/17/24,0,60.3,69.2,78.1,61.8,0.17,15.77
KAT_SAU_3,8/18/24,1.22,62.7,68.5,74.3,65,0.19,6.68
KAT_SAU_3,8/19/24,0.62,61.8,67.8,73.9,63.7,0.5,7.6
KAT_SAU_3,8/20/24,0.1,48.9,56.3,63.6,53.3,0.31,3.3
KAT_SAU_3,8/21/24,0,46,52.2,58.4,45.5,0.3,6.23
KAT_SAU_3,8/22/24,0,45.9,54.3,62.7,47.1,0.26,8.4
KAT_SAU_3,8/23/24,0,48.1,58.1,68.1,48.4,0.35,12.53
KAT_SAU_3,8/24/24,0,50.9,62,73.1,51.3,0.47,15.31
KAT_SAU_3,8/25/24,0,54.2,65.5,76.9,53.8,0.68,18.29
KAT_SAU_3,8/26/24,0,55.9,67,78.1,56.2,0.74,17.85
KAT_SAU_3,8/27/24,0,57,68.1,79.1,57.3,0.57,18.45
KAT_SAU_3,8/28/24,0.17,61.5,72.2,82.9,66.1,0.99,15.81
KAT_SAU_3,8/29/24,0,63.2,72,80.8,65.8,0.46,11.8
KAT_SAU_3,8/30/24,0.02,63.5,68.7,73.9,64.1,0.31,7
KAT_SAU_3,8/31/24,0,63.2,67.9,72.6,63.5,0.54,6.31
KAT_SAU_3,9/1/24,0,60.2,68.2,76.2,64.5,0.1,7.93
KAT_SAU_3,9/2/24,0,49.3,63.3,77.3,55.4,0.53,16.22
KAT_SAU_3,9/3/24,0,40.8,51.8,62.7,43.4,0.28,9.52
KAT_SAU_3,9/4/24,0,43.8,56,68.3,44.3,0.43,14.18
KAT_SAU_3,9/5/24,0,47.4,59.7,72,48.6,0.64,15.39
KAT_SAU_3,9/6/24,0,51.1,62.2,73.4,49.5,1.08,16.53
KAT_SAU_3,9/7/24,1.09,51.5,64.2,76.9,57.6,0.05,14.91
KAT_SAU_3,9/8/24,0.03,42.4,51.7,61,46,0.32,6.98
KAT_SAU_3,9/9/24,0,44.8,52.7,60.6,41.1,0.83,10.79
KAT_SAU_3,9/10/24,0.18,49.4,58,66.6,51.7,0.06,8.94
KAT_SAU_3,9/11/24,0,48.4,59.2,69.9,50.1,0.4,13.19
KAT_SAU_3,9/12/24,0,51.5,63.7,75.9,54.1,0.28,16.55
KAT_SAU_3,9/13/24,0,53,64.7,76.5,55.6,0.39,16.23
KAT_SAU_3,9/14/24,0,52.2,64.2,76.2,55.2,0.19,16.23
KAT_SAU_3,9/15/24,0,54.3,66,77.7,57.2,0.25,16.25
KAT_SAU_3,9/16/24,0,53.2,65.2,77.2,54.9,0.54,17.85
KAT_SAU_3,9/17/24,0,51.5,63.7,75.9,52,1.04,17.64
KAT_SAU_3,9/18/24,0,52.8,63.4,74,55.8,0.15,13.29
KAT_SAU_3,9/19/24,0,55.2,62.3,69.4,58.9,0.09,7.33
KAT_SAU_3,9/20/24,0,51.9,63.4,74.9,55.2,0.16,15.87
KAT_SAU_3,9/21/24,0,53.2,65.6,78,56.1,0.24,18.48
KAT_SAU_3,9/22/24,2.75,52.6,64.5,76.4,58,0.05,13.44
KAT_SAU_3,9/23/24,0.04,56.1,62.7,69.4,59.6,0.1,6.46
KAT_SAU_3,9/24/24,0.26,55,57.8,60.7,56.3,0.26,1.49
KAT_SAU_3,9/25/24,0.46,54.7,56,57.2,55,0.17,0.99
KAT_SAU_3,9/26/24,0.08,57.2,59.6,62,59.5,0.11,1.17
KAT_SAU_3,9/27/24,0,57.2,63.5,69.8,60.7,0.07,4.8
KAT_SAU_3,9/28/24,0.01,58.6,62.8,67,57.6,0.28,7.93
KAT_SAU_3,9/29/24,0.01,59.2,62.4,65.7,61.6,0.09,2.15
KAT_SAU_3,9/30/24,0.01,58.5,60.6,62.6,59.7,0.17,1.37
KAT_SAU_3,10/1/24,0,56.8,62.6,68.4,57.5,0.1,7.44
KAT_SAU_3,10/2/24,0,54.2,60.3,66.4,54.5,0.09,7.34
KAT_SAU_3,10/3/24,0.08,43,51,59,47.6,0.03,4.85
KAT_SAU_3,10/4/24,0,44.2,56.3,68.4,46.7,0.42,13.49
KAT_SAU_3,10/5/24,0,45.2,58.9,72.5,49.2,0.12,14.94
KAT_SAU_3,10/6/24,0,42.4,53.1,63.9,41,0.29,12.16
KAT_SAU_3,10/7/24,0.01,44.6,58.2,71.9,50.3,0.17,14.02
KAT_SAU_3,10/8/24,0,37.7,46.9,56.2,41.5,0.35,5.63
KAT_SAU_3,10/9/24,0,38.8,48.5,58.2,39.8,0.27,9.21
KAT_SAU_3,10/10/24,0,36.5,45.6,54.6,37.4,0.3,7.5
KAT_SAU_3,10/11/24,0,35.2,44.3,53.3,35.5,0.16,6.69
KAT_SAU_3,10/12/24,0,39.4,51.5,63.6,41.9,0.43,11.4
KAT_SAU_3,10/13/24,0.76,39.5,50.8,62.1,36.8,0.06,13.28
KAT_SAU_3,10/14/24,0.45,41.2,45.9,50.6,45,0.03,1.04
KAT_SAU_3,10/15/24,0.16,33.7,37.8,41.9,33.9,0.05,2.43
KAT_SAU_3,10/16/24,0.02,34.3,39.8,45.2,34,0.1,4.15
KAT_SAU_3,10/17/24,0,30.8,38.6,46.4,32.6,0.09,4.25
KAT_SAU_3,10/18/24,0,31.7,43,54.4,33.3,0.09,8.24
KAT_SAU_3,10/19/24,0,35.7,49.2,62.7,34.8,0.46,13.07
KAT_SAU_3,10/20/24,0,38,52.3,66.6,33.3,1.01,16.06
KAT_SAU_3,10/21/24,0,40.2,54.6,68.9,36.1,2.76,17.41
KAT_SAU_3,10/22/24,0,49.1,61.6,74.2,44.2,3.27,16.76
KAT_SAU_3,10/23/24,0,51.3,63.2,75.1,43.9,3.55,21.65
KAT_SAU_3,10/24/24,0,41.4,56.1,70.8,43.8,1,15.24
KAT_SAU_3,10/25/24,0,30,41.1,52.2,31.9,0.2,6.93
KAT_SAU_3,10/26/24,0,31.5,43.6,55.7,38.2,0.22,8.17
KAT_SAU_3,10/27/24,0,28.3,39,49.8,31.8,0.2,5.9
KAT_SAU_3,10/28/24,0,29.5,38.9,48.3,27.6,0.39,6.77
KAT_SAU_3,10/29/24,0,35.1,45.6,56.1,31.2,1.24,10.47
KAT_SAU_3,10/30/24,0.02,41.7,49.4,57.2,45.2,1.04,5.85
KAT_SAU_3,10/31/24,0,51.1,61.2,71.4,49.1,1.63,13.65
KAT_SAU_3,11/1/24,0.12,51.8,62.1,72.4,53.9,0.78,13.04
KAT_SAU_3,11/2/24,0,34.9,43.6,52.3,36.6,0.83,4.21
KAT_SAU_3,11/3/24,0,26.2,35.3,44.3,28.6,0.21,4.24
KAT_SAU_3,11/4/24,0,28.3,40.3,52.3,25.4,0.34,8.84
KAT_SAU_3,11/5/24,0,42.1,49.1,56,37.1,2.63,7.43
KAT_SAU_3,11/6/24,0,51.6,61.3,71,52,2.79,12.61
KAT_SAU_3,11/7/24,0.01,47.4,54.8,62.2,54.4,0.27,3.28
KAT_SAU_3,11/8/24,0,36.5,43.7,50.8,39,0.21,4.42
KAT_SAU_3,11/9/24,0,27.1,40.6,54.2,31.8,0.49,7.93
KAT_SAU_3,11/10/24,0,28.4,37.4,46.4,23.5,1.05,6.53
KAT_SAU_3,11/11/24,0.34,40,45.6,51.1,39.6,0.15,6.01
KAT_SAU_3,11/12/24,0.02,32.3,40.3,48.3,39,0.3,2.67
KAT_SAU_3,11/13/24,0,22.7,30.2,37.7,25.2,0.21,2.99
KAT_SAU_3,11/14/24,0,23.3,34.2,45.1,18.5,0.37,6.92
KAT_SAU_3,11/15/24,0.05,33.7,35.9,38.2,30.3,0.1,3.25
KAT_SAU_3,11/16/24,0.01,36.7,39.4,42,39.7,0,0.4
KAT_SAU_3,11/17/24,0,33.8,36.7,39.5,34.3,0.26,1.41
KAT_SAU_3,11/18/24,0,34.7,41.9,49.1,36.9,0.31,4.94
KAT_SAU_3,11/19/24,0,32.4,43.6,54.8,34.5,0.06,8.78
KAT_SAU_3,11/20/24,0,33.5,42.6,51.6,39.3,0.1,6.11
KAT_SAU_3,11/21/24,0.4,30.4,43.4,56.3,42.4,0.01,3.41
KAT_SAU_3,11/22/24,0.3,30.3,32.2,34.1,30.9,0.02,0.74
KAT_SAU_3,11/23/24,0.29,31,31.8,32.5,31.6,0,0.06
KAT_SAU_3,11/24/24,0.09,33.4,35.7,38,34.2,0.14,0.99
KAT_SAU_3,11/25/24,0,29.6,33.2,36.8,32.5,0.04,1.03
KAT_SAU_3,11/26/24,0.2,30.5,39.1,47.8,38.5,0.02,3.84
KAT_SAU_3,11/27/24,0,30.8,37.5,44.1,30.3,0.37,2.7
KAT_SAU_3,11/28/24,0.18,30.4,35.2,40.1,28.8,0.04,3.46
KAT_SAU_3,11/29/24,0.08,28,30,32,29,0.02,0.72
KAT_SAU_3,11/30/24,0.01,20.8,23.7,26.7,19.1,0.38,1
KAT_SAU_3,12/1/24,0,16.8,19.2,21.7,11.8,0.68,1.14
KAT_SAU_3,12/2/24,0,17.4,19.4,21.4,15.1,0.39,1.04
KAT_SAU_3,12/3/24,0,22.5,24.2,26,21.2,0.29,1.12
KAT_SAU_3,12/4/24,0,21.2,24,26.8,18.2,0.32,1.89
KAT_SAU_3,12/5/24,0.41,21.7,25.2,28.7,20.4,0.27,1.92
KAT_SAU_3,12/6/24,0.01,16.6,21.2,25.9,16.3,0.31,1.22
KAT_SAU_3,12/7/24,0.01,16.5,19.2,21.8,14.9,0.43,1.38
KAT_SAU_3,12/8/24,0,21.8,27.2,32.6,18.7,0.37,2.43
KAT_SAU_3,12/9/24,0,31.1,35.1,39.1,30.4,0.27,2.74
KAT_SAU_3,12/10/24,0.19,33.3,38.5,43.8,39,0,1.29
KAT_SAU_3,12/11/24,0.17,39.8,43.8,47.8,43.6,0.05,0.94
KAT_SAU_3,12/12/24,0.25,20.3,31.3,42.2,26.8,0.1,1.9
KAT_SAU_3,12/13/24,0,13.2,15.6,18,4.7,0.59,1.51
KAT_SAU_3,12/14/24,0,6.8,12.9,19,5.9,0.27,1.5
KAT_SAU_3,12/15/24,0,7.3,16.4,25.6,9.9,0.35,2.28
KAT_SAU_3,12/16/24,0.12,22.4,26.7,31,25.7,0.15,1.07
KAT_SAU_3,12/17/24,0.14,32.3,37.8,43.3,36,0.16,1.33
KAT_SAU_3,12/18/24,0,31.5,37.9,44.3,30.5,0.48,4.02
KAT_SAU_3,12/19/24,0.25,28.3,31.3,34.3,29.3,0.06,0.95
KAT_SAU_3,12/20/24,0.06,24.3,25.2,26.1,21.6,0.37,0.79
KAT_SAU_3,12/21/24,0.39,16.2,21.3,26.5,20.4,0.22,0.59
KAT_SAU_3,12/22/24,0,4.5,9.6,14.6,4,0.33,0.88
KAT_SAU_3,12/23/24,0,-2.2,4.3,10.8,-2.7,0.22,1.05
KAT_SAU_3,12/24/24,0.02,2.6,14.6,26.7,12.6,0.15,2.04
KAT_SAU_3,12/25/24,0,26,28.5,31,26.8,0.16,0.63
KAT_SAU_3,12/26/24,0,24.1,25,25.8,20.8,0.37,0.95
KAT_SAU_3,12/27/24,0,21.6,27,32.3,22.2,0.21,2.02
KAT_SAU_3,12/28/24,0,21.9,30.7,39.6,27.7,0.01,3.05
KAT_SAU_3,12/29/24,0,34.9,40.5,46.2,38.7,0.05,1.7
KAT_SAU_3,12/30/24,0.01,36.3,45.1,53.8,44.3,0.03,3.07
KAT_SAU_3,12/31/24,0.06,29.1,33.2,37.4,30.9,0.17,1.7
,,,,,,,,
KAT_TEE,1/1/24,0.04,30.2,32.6,35,29,0.27,1.85
KAT_TEE,1/2/24,0,24.7,28.7,32.6,24.7,0.26,1.5
KAT_TEE,1/3/24,0,27.3,29.6,31.8,24,0.66,1.68
KAT_TEE,1/4/24,0.07,27.1,29.5,32,26.7,0.29,1.27
KAT_TEE,1/5/24,0.02,18.7,22.8,26.9,15.5,0.66,1.79
KAT_TEE,1/6/24,0,16.3,22.8,29.4,16.7,0.19,2.34
KAT_TEE,1/7/24,0.11,22.6,26.6,30.7,24.1,0.19,1.9
KAT_TEE,1/8/24,0.08,27.2,30.1,32.9,27.6,0.19,1.18
KAT_TEE,1/9/24,0,30.3,33,35.8,25.8,0.81,2.37
KAT_TEE,1/10/24,0.5,30.9,39.2,47.4,34.5,0.44,2.9
KAT_TEE,1/11/24,0.11,29.3,33,36.6,26.3,0.37,2.38
KAT_TEE,1/12/24,0.17,29.3,32.2,35,28.3,0.44,1.59
KAT_TEE,1/13/24,0.25,29.5,34.7,40,29.8,0.41,3.56
KAT_TEE,1/14/24,0.04,20.4,28.5,36.6,19.5,0.32,2.29
KAT_TEE,1/15/24,0.01,5.2,13.4,21.7,2.4,0.55,1.49
KAT_TEE,1/16/24,0,4,10.8,17.7,2.9,0.43,1.7
KAT_TEE,1/17/24,0.03,6.1,11.9,17.7,2.9,0.55,1.37
KAT_TEE,1/18/24,0,4,11.6,19.2,0.4,0.58,2.14
KAT_TEE,1/19/24,0.03,15.1,19.6,24,14.5,0.32,1.62
KAT_TEE,1/20/24,0.09,5.3,14.3,23.3,10.3,0.32,1.11
KAT_TEE,1/21/24,0.07,5.6,12.3,18.9,7.7,0.38,1.34
KAT_TEE,1/22/24,0,6.8,16.5,26.2,9.9,0.31,2.39
KAT_TEE,1/23/24,0.01,13.8,23.6,33.4,15.6,0.67,3.98
KAT_TEE,1/24/24,0.28,28,33,38,31.5,0,1.41
KAT_TEE,1/25/24,0.37,33.5,40.6,47.7,39.5,0.18,1.58
KAT_TEE,1/26/24,0.35,36.9,44.6,52.3,41.2,0.27,1.89
KAT_TEE,1/27/24,0.14,33.6,42.9,52.3,38,0.16,3.26
KAT_TEE,1/28/24,0.15,32.1,36.8,41.6,36.5,0,1.37
KAT_TEE,1/29/24,0.41,29.1,34.1,39.1,30.7,0.16,1.51
KAT_TEE,1/30/24,0,28.5,30.7,32.9,26.6,0.47,1.39
KAT_TEE,1/31/24,0,25.3,30.2,35.1,27.4,0.27,1.84
KAT_TEE,2/1/24,0,24.8,31.4,38,29.9,0.16,1.97
KAT_TEE,2/2/24,0.07,31.6,35.1,38.6,32.8,0,1.6
KAT_TEE,2/3/24,0,25.4,30.7,36,26.4,0.02,2.12
KAT_TEE,2/4/24,0,19.5,29.3,39.2,22.6,0.05,3.87
KAT_TEE,2/5/24,0,19.9,32.1,44.2,21.3,0.22,6.17
KAT_TEE,2/6/24,0,15.8,24.1,32.3,20.9,0.21,1.87
KAT_TEE,2/7/24,0,16.6,27.5,38.5,19,0.22,4.44
KAT_TEE,2/8/24,0,21.8,34.3,46.8,21.5,0.54,7.2
KAT_TEE,2/9/24,0.02,25.3,39,52.6,24,0.61,9.73
KAT_TEE,2/10/24,0.03,36.5,47.5,58.6,39.3,0.48,8.37
KAT_TEE,2/11/24,0.06,30,41,51.9,35.6,0.51,3.92
KAT_TEE,2/12/24,0,25,30.3,35.6,25.7,0.49,2.35
KAT_TEE,2/13/24,0,23.5,30,36.6,23,0.07,3.41
KAT_TEE,2/14/24,0.07,18.3,26.9,35.6,17.4,0.55,3.56
KAT_TEE,2/15/24,0,13.7,21.2,28.8,11.4,0.35,2.95
KAT_TEE,2/16/24,0.1,14.4,25.7,37,19.8,0.27,3.84
KAT_TEE,2/17/24,0.11,18.2,24.1,29.9,15.8,0.27,2.8
KAT_TEE,2/18/24,0.05,13.1,18.6,24.2,9.9,0.4,2.1
KAT_TEE,2/19/24,0.04,10,19.4,28.9,13.9,0.66,2.35
KAT_TEE,2/20/24,0,8.5,19.7,31,10.5,0.18,3.37
KAT_TEE,2/21/24,0,9.6,27,44.4,16.6,0.21,7.04
KAT_TEE,2/22/24,0.01,22.9,37,51,25.4,0.26,8.35
KAT_TEE,2/23/24,0.27,33.2,38.6,44,34.2,0.25,3.82
KAT_TEE,2/24/24,0,15.3,32.1,49,26.5,0.21,5.5
KAT_TEE,2/25/24,0,10.9,19.1,27.4,6.8,0.46,3.19
KAT_TEE,2/26/24,0,13.8,29,44.2,14.7,0.61,7.7
KAT_TEE,2/27/24,0,31.9,44.7,57.5,29.1,1.61,10.74
KAT_TEE,2/28/24,0.53,38.4,51.4,64.4,42.3,0,13.75
KAT_TEE,2/29/24,0.4,18.1,39.2,60.3,26.6,0.44,4.6
KAT_TEE,3/1/24,0,15.6,21.5,27.3,11.4,0.37,2.53
KAT_TEE,3/2/24,0,18.7,34.3,49.9,22.5,0.44,8.45
KAT_TEE,3/3/24,0.05,36.2,41.9,47.5,40.5,0,2.07
KAT_TEE,3/4/24,0,35.7,43.5,51.3,39.5,0.13,4.27
KAT_TEE,3/5/24,0,38,53.6,69.3,43.5,0.41,14.6
KAT_TEE,3/6/24,0.09,46.2,58.7,71.2,47.6,0.25,15.18
KAT_TEE,3/7/24,0.31,34.5,43.3,52.1,41.8,0.2,1.07
KAT_TEE,3/8/24,0,31.9,42.9,53.9,31.4,0.58,7.3
KAT_TEE,3/9/24,0.06,33.3,48,62.8,35.3,0.81,13.22
KAT_TEE,3/10/24,0.22,32.1,38.9,45.7,36.9,0.2,2.24
KAT_TEE,3/11/24,0.22,24.4,29.1,33.8,23.5,0.22,2.02
KAT_TEE,3/12/24,0,27.1,35.2,43.3,22.7,1.15,5.4
KAT_TEE,3/13/24,0,33,45.8,58.7,34.7,0.68,9.81
KAT_TEE,3/14/24,0,32.2,49.1,65.9,37.3,0.23,13.06
KAT_TEE,3/15/24,0.29,33.4,49.5,65.5,41.3,0.2,15.57
KAT_TEE,3/16/24,0.02,29.4,35.7,42.1,35.2,0.08,1.65
KAT_TEE,3/17/24,0.35,29.5,41.4,53.3,31.2,0.21,8.87
KAT_TEE,3/18/24,0.07,25.1,33,40.8,25.5,0.23,3.92
KAT_TEE,3/19/24,0.12,24.4,27.8,31.1,20.6,0.4,2.25
KAT_TEE,3/20/24,0.14,24.3,28.9,33.4,24.9,0.25,2.35
KAT_TEE,3/21/24,0.15,19,26.5,33.9,16.4,0.38,2.38
KAT_TEE,3/22/24,0,11.2,18.8,26.4,10.6,0.29,2.35
KAT_TEE,3/23/24,0.34,14.2,22.4,30.6,19.4,0.08,2.6
KAT_TEE,3/24/24,0,12.5,21.8,31.1,17.1,0.21,2.41
KAT_TEE,3/25/24,0,14.5,25.7,36.9,12.8,0.49,4.95
KAT_TEE,3/26/24,0,32.4,45.9,59.4,21,3.12,13.2
KAT_TEE,3/27/24,0.02,35.5,46,56.6,32.9,0.62,10.46
KAT_TEE,3/28/24,0,31.2,42.7,54.1,33.3,1.01,5.45
KAT_TEE,3/29/24,0,25.1,34.8,44.6,21.9,0.55,5.94
KAT_TEE,3/30/24,0,23.9,30.5,37.2,23.2,0.41,3.25
KAT_TEE,3/31/24,0.26,25.1,35.7,46.2,32.1,0.1,6.06
KAT_TEE,4/1/24,0,33.5,39,44.4,34.1,0.16,3.13
KAT_TEE,4/2/24,0.07,35.9,45.8,55.6,34.9,0.27,8.12
KAT_TEE,4/3/24,0.63,39,44,49,41.4,0.13,2.51
KAT_TEE,4/4/24,0.53,30.9,39,47,35.6,0.09,2.49
KAT_TEE,4/5/24,0.17,29.8,35.5,41.1,31.8,0.17,1.95
KAT_TEE,4/6/24,0.06,29.5,33.1,36.7,31.1,0.14,1.87
KAT_TEE,4/7/24,0,30.3,40.2,50.1,30,0.31,6.82
KAT_TEE,4/8/24,0,31.7,44.5,57.3,24.7,0.85,11.56
KAT_TEE,4/9/24,0,35.3,48.7,62,32.5,0.9,12.71
KAT_TEE,4/10/24,0,38.4,57.2,76,44.9,0.76,22.06
KAT_TEE,4/11/24,0.35,50.6,56.4,62.1,49.9,0.25,8.18
KAT_TEE,4/12/24,1.27,47.9,57.4,66.8,55.5,0.32,7.08
KAT_TEE,4/13/24,0.84,34.1,40.9,47.8,38.1,0.27,2.48
KAT_TEE,4/14/24,0.17,34,41.1,48.1,32.9,0.37,5.19
KAT_TEE,4/15/24,0.09,38.5,54.3,70.1,44.2,0.23,14.32
KAT_TEE,4/16/24,0,35.8,48.5,61.2,33.6,0.86,12.51
KAT_TEE,4/17/24,0,42.5,53.6,64.8,32.8,2.34,14.5
KAT_TEE,4/18/24,0.42,46.3,56.2,66,49.6,0.29,8.33
KAT_TEE,4/19/24,0.04,40.8,49.1,57.4,44.9,0.13,5.37
KAT_TEE,4/20/24,0.01,39.2,49.3,59.3,40.8,0.89,5.74
KAT_TEE,4/21/24,0.01,33.1,40.2,47.2,26,1.21,5.64
KAT_TEE,4/22/24,0,26.2,35.2,44.2,25.8,0.36,5.37
KAT_TEE,4/23/24,0,29.9,42,54.2,24,0.82,10.34
KAT_TEE,4/24/24,0.3,37.2,50.6,64.1,37.5,0.04,14.69
KAT_TEE,4/25/24,0.25,26.3,36.3,46.4,33.8,0.17,1.89
KAT_TEE,4/26/24,0,27.9,40,52.1,21.3,0.89,9.43
KAT_TEE,4/27/24,0,34,49.8,65.7,28.7,2.32,16.28
KAT_TEE,4/28/24,0.32,46.2,52.9,59.7,47.9,0.6,5.65
KAT_TEE,4/29/24,0.12,49.4,59.2,69.1,56.8,0,7.95
KAT_TEE,4/30/24,0,52.1,65.5,78.9,54.5,0.6,18.87
KAT_TEE,5/1/24,0.05,42.5,53.9,65.2,49.2,0.14,8.57
KAT_TEE,5/2/24,0,44.6,60.4,76.3,46.2,0.22,21.64
KAT_TEE,5/3/24,0,46.6,58.7,70.7,43.6,1.26,16.57
KAT_TEE,5/4/24,0,51.2,65.9,80.5,50.6,0.96,24.76
KAT_TEE,5/5/24,0.31,49.9,60.6,71.4,51.5,0.47,10.16
KAT_TEE,5/6/24,0.08,51.5,58.1,64.7,55.2,0.25,4.13
KAT_TEE,5/7/24,0,39.9,54.4,68.9,41.7,0.7,15.45
KAT_TEE,5/8/24,0.13,43.6,59.2,74.8,50.2,0.16,18.83
KAT_TEE,5/9/24,0,44.4,59,73.6,46.7,0.32,18.25
KAT_TEE,5/10/24,0.04,44.8,52.8,60.8,42.9,0.5,9.43
KAT_TEE,5/11/24,0.06,37.8,47,56.3,42,0.13,6.57
KAT_TEE,5/12/24,0.22,42.7,51.1,59.6,44.7,0.05,8.34
KAT_TEE,5/13/24,0.01,42.5,50.4,58.2,44.9,0.16,6.61
KAT_TEE,5/14/24,0.05,46.2,60.9,75.6,49,0,18.13
KAT_TEE,5/15/24,0.04,54.5,64.4,74.4,54.7,0.07,14.88
KAT_TEE,5/16/24,0.61,55.8,62.6,69.4,57.1,0.23,7.78
KAT_TEE,5/17/24,0,52.6,61.8,71,56,0.05,10.03
KAT_TEE,5/18/24,0.23,56.6,62.8,69.1,58.9,0.02,7.1
KAT_TEE,5/19/24,0,55.1,64.5,74,59,0.09,10.6
KAT_TEE,5/20/24,0,52.1,65,78,55.5,0.11,19.12
KAT_TEE,5/21/24,0,55,69.6,84.2,58.8,0,23.14
KAT_TEE,5/22/24,0,59,71.4,83.8,59.2,0.82,23.28
KAT_TEE,5/23/24,0.26,57.1,70.1,83.1,61.4,0.34,20.24
KAT_TEE,5/24/24,0,47.8,61.3,74.7,46.8,0.85,19.05
KAT_TEE,5/25/24,0,47.9,61.9,76,46.1,1.12,20.38
KAT_TEE,5/26/24,0.09,53.3,64.6,75.9,58.2,0.07,12.56
KAT_TEE,5/27/24,0.04,57.5,67.9,78.3,57,0.15,20.54
KAT_TEE,5/28/24,0.31,54.3,64.4,74.5,58,0,11.03
KAT_TEE,5/29/24,0.16,47.4,54.5,61.6,53.6,0,4.21
KAT_TEE,5/30/24,0.22,40.5,52.4,64.3,47.8,0.01,8.19
KAT_TEE,5/31/24,0,36.7,49.4,62.1,39.5,0.09,11.41
KAT_TEE,6/1/24,0,37.7,53.3,69,38.8,0.49,15.89
KAT_TEE,6/2/24,0,47.1,62,76.9,42.5,1.43,24.25
KAT_TEE,6/3/24,0.18,57.6,62.5,67.4,59.1,0,7.94
KAT_TEE,6/4/24,0,54.5,66,77.4,59.7,0.06,14.7
KAT_TEE,6/5/24,0,56.7,69.7,82.7,60,0,21.78
KAT_TEE,6/6/24,0.6,59.1,67.4,75.7,65.3,0,7.9
KAT_TEE,6/7/24,0.12,53.3,63.5,73.6,57.3,0.15,13.1
KAT_TEE,6/8/24,0.22,51.1,57.4,63.8,51.8,0.53,7.34
KAT_TEE,6/9/24,0.45,51.5,60.5,69.5,50.9,0.14,13.05
KAT_TEE,6/10/24,0.14,49.2,58.5,67.7,50.2,0.38,11.75
KAT_TEE,6/11/24,0,49.3,53.8,58.3,48.6,0.3,4.53
KAT_TEE,6/12/24,0,45.3,51.7,58.2,49.4,0.03,4.7
KAT_TEE,6/13/24,0,47.6,61.1,74.6,50.2,0,17.21
KAT_TEE,6/14/24,0,58.2,70.6,83.1,57.6,0.67,22.84
KAT_TEE,6/15/24,0,48.8,63,77.2,51.3,0.51,19.42
KAT_TEE,6/16/24,0,46.8,59.2,71.6,48.1,0.51,15.33
KAT_TEE,6/17/24,0,55.2,68.2,81.1,56.7,1.32,22.6
KAT_TEE,6/18/24,0.12,64.5,76.1,87.7,66.4,0.59,20.86
KAT_TEE,6/19/24,0.03,67.4,78.6,89.7,69.6,0.72,22.11
KAT_TEE,6/20/24,0,67.4,77.5,87.5,70.8,0.73,16.22
KAT_TEE,6/21/24,0,65.5,76.1,86.8,68,0.38,19.33
KAT_TEE,6/22/24,0.36,66.2,76.4,86.5,68.9,0.38,18.65
KAT_TEE,6/23/24,0.09,70.2,79.1,87.9,69,1.24,21.96
KAT_TEE,6/24/24,0.07,59.7,69.2,78.7,62.9,1.59,10.29
KAT_TEE,6/25/24,0,52.5,64.8,77.1,55.7,0,17.2
KAT_TEE,6/26/24,0.01,57.6,68.4,79.2,61.7,0.69,15.83
KAT_TEE,6/27/24,0.58,56.2,68.6,80.9,60.7,0,19.79
KAT_TEE,6/28/24,0,50.6,60.4,70.3,51.5,0.45,12.93
KAT_TEE,6/29/24,0.16,53.5,64.9,76.4,57.5,0.25,16.07
KAT_TEE,6/30/24,1.31,64.9,70.8,76.8,69.8,0,5.67
KAT_TEE,7/1/24,0.04,49.6,62,74.4,54.6,0.12,8.77
KAT_TEE,7/2/24,0,44.2,57.9,71.6,47.4,0.12,15.47
KAT_TEE,7/3/24,0,51.3,65.4,79.4,55,1.19,19.12
KAT_TEE,7/4/24,0.15,67.3,76.1,84.9,67.6,0,17.17
KAT_TEE,7/5/24,0.01,67.4,74.5,81.5,66.8,1.02,15.98
KAT_TEE,7/6/24,0.89,64.9,74.9,84.9,67.8,0.02,17.45
KAT_TEE,7/7/24,0,58.7,69.5,80.4,62.5,0.28,15.92
KAT_TEE,7/8/24,0,58.8,69.7,80.5,60.3,0.41,18.24
KAT_TEE,7/9/24,0,60.2,72.7,85.1,61.7,0.34,22.89
KAT_TEE,7/10/24,0.01,65.1,74,82.9,67.7,0.14,15.73
KAT_TEE,7/11/24,0.16,63.9,75,86.2,67.7,0.35,15.94
KAT_TEE,7/12/24,0.07,59,65.6,72.2,63.5,0,5.74
KAT_TEE,7/13/24,0,59.9,70.6,81.3,63.6,0.02,16.82
KAT_TEE,7/14/24,0,57.7,70.5,83.3,61,0.46,19.74
KAT_TEE,7/15/24,0.13,64.2,74.9,85.5,65.9,0.41,21.6
KAT_TEE,7/16/24,0.8,62.4,73.4,84.4,66.8,0.11,15.89
KAT_TEE,7/17/24,0.03,63.2,72.3,81.4,66.3,0.2,13.32
KAT_TEE,7/18/24,0,56.7,66.9,77.1,62.8,0.28,11.89
KAT_TEE,7/19/24,0,51.6,62,72.5,54,0.2,13.49
KAT_TEE,7/20/24,0,50,62.6,75.2,52.7,0.21,16.64
KAT_TEE,7/21/24,0,51.7,65.5,79.3,54.5,0.09,19.99
KAT_TEE,7/22/24,0,56,67.4,78.7,59.1,0.04,17.43
KAT_TEE,7/23/24,0.25,58.5,70,81.5,62.3,0,19.35
KAT_TEE,7/24/24,0.09,62.5,71.6,80.7,63.3,0.5,17.01
KAT_TEE,7/25/24,0.39,60.8,71.4,82,64.1,0.55,16.5
KAT_TEE,7/26/24,0,51.6,63.2,74.7,53.5,0.3,16.6
KAT_TEE,7/27/24,0,49.6,63.5,77.3,52.9,0.2,18.33
KAT_TEE,7/28/24,0,54.1,67.7,81.4,54.3,0.7,23.28
KAT_TEE,7/29/24,0,58.3,72.2,86,58.3,0.68,27.19
KAT_TEE,7/30/24,0,62.1,74.4,86.7,63.4,0,25.68
KAT_TEE,7/31/24,0.79,66,74.9,83.9,68.4,0,16.3
KAT_TEE,8/1/24,0,63.7,73,82.4,66.9,0,14.87
KAT_TEE,8/2/24,0.1,65,75.6,86.1,69.3,0,17.52
KAT_TEE,8/3/24,0.37,63.8,68.2,72.6,67.7,0,2.96
KAT_TEE,8/4/24,0.03,62.7,70.2,77.7,66.8,0.12,9.32
KAT_TEE,8/5/24,0,59.2,70.8,82.3,62.6,0.3,19.06
KAT_TEE,8/6/24,0.28,62.3,72.6,82.8,68,0,14.15
KAT_TEE,8/7/24,0.3,57.8,64.4,71.1,60.9,0.38,4.81
KAT_TEE,8/8/24,0,59.5,67.6,75.7,59.9,1.03,13.39
KAT_TEE,8/9/24,0.03,63.7,71.7,79.6,67.2,0,10.69
KAT_TEE,8/10/24,0.6,57.2,66.5,75.8,64,0.17,7.49
KAT_TEE,8/11/24,0.07,54.7,63.1,71.6,54.3,0.65,13.4
KAT_TEE,8/12/24,0.42,54.7,62.8,70.9,56,0.14,10.72
KAT_TEE,8/13/24,0.09,54,62.8,71.5,55.8,0.25,11.85
KAT_TEE,8/14/24,0,53.3,64.4,75.4,57,0.12,13.95
KAT_TEE,8/15/24,0,52.8,65.6,78.4,57,0.05,17.8
KAT_TEE,8/16/24,0,54.7,68.1,81.5,57.6,0.11,21.69
KAT_TEE,8/17/24,0,60.9,69.9,78.9,64.2,0.43,14.53
KAT_TEE,8/18/24,0.55,64.3,72.9,81.5,65.7,0.78,14.06
KAT_TEE,8/19/24,0.7,60,68.8,77.7,64.7,0.3,11.01
KAT_TEE,8/20/24,0.1,49.4,55.6,61.8,53.6,0.34,2.89
KAT_TEE,8/21/24,0.04,45.3,53.9,62.5,47.2,0.16,8.27
KAT_TEE,8/22/24,0,46.1,56.3,66.5,48.6,0.17,10.69
KAT_TEE,8/23/24,0,48,59.7,71.4,50.8,0.11,14.21
KAT_TEE,8/24/24,0,49.5,61.8,74.2,52.6,0.19,15.75
KAT_TEE,8/25/24,0,50.9,64.6,78.2,55,0,19.24
KAT_TEE,8/26/24,0,52.8,66.5,80.2,57.3,0,19.69
KAT_TEE,8/27/24,0,55.1,68.6,82.1,60,0,20.19
KAT_TEE,8/28/24,0.26,59,73,87,67.2,0,20.7
KAT_TEE,8/29/24,0,63.7,72.9,82,66.9,0.36,12.49
KAT_TEE,8/30/24,0,62,68.8,75.6,64,0.33,7.93
KAT_TEE,8/31/24,0.06,61.6,72.9,84.3,65.9,0.4,19.81
KAT_TEE,9/1/24,0.11,55.7,66.9,78.1,64.5,0,9.75
KAT_TEE,9/2/24,0.08,45.6,62,78.3,56.1,0,15.27
KAT_TEE,9/3/24,0,38.4,50.8,63.2,44.2,0.02,9.65
KAT_TEE,9/4/24,0,41.6,55.9,70.3,46,0.03,15.16
KAT_TEE,9/5/24,0,45.9,60.8,75.7,49.6,0.21,18.89
KAT_TEE,9/6/24,0,50.3,64.2,78.1,51,0.99,20.8
KAT_TEE,9/7/24,1.57,49.8,64.9,80.1,58.8,0,18.08
KAT_TEE,9/8/24,0.21,42,51.9,61.7,47.5,0.19,6.78
KAT_TEE,9/9/24,0,44.3,52.8,61.3,43.9,0,10.27
KAT_TEE,9/10/24,0.03,47.5,57.8,68.1,54.5,0,8.6
KAT_TEE,9/11/24,0,47.3,59.9,72.6,51.2,0.17,15.32
KAT_TEE,9/12/24,0,49.7,63.4,77.2,55.6,0.12,17.32
KAT_TEE,9/13/24,0,51,65.3,79.6,57.5,0,18.75
KAT_TEE,9/14/24,0,51.2,65.1,79,56.7,0,18.5
KAT_TEE,9/15/24,0,52.5,66.5,80.5,58.4,0.04,18.76
KAT_TEE,9/16/24,0,51.5,65.5,79.6,56.6,0.08,19.14
KAT_TEE,9/17/24,0,51.1,65.5,79.8,55,0.19,20.49
KAT_TEE,9/18/24,0,53.7,66.1,78.4,57.2,0.25,17.65
KAT_TEE,9/19/24,0.01,56.8,67.1,77.4,60.4,0.14,15.31
KAT_TEE,9/20/24,0,52.3,65.2,78,57.6,0.18,17.87
KAT_TEE,9/21/24,0,53.8,67.2,80.5,57.5,0.32,21.4
KAT_TEE,9/22/24,0.02,54.6,67.6,80.7,60.3,0.04,17.34
KAT_TEE,9/23/24,0.16,57.8,68.7,79.7,62.4,0.17,15.99
KAT_TEE,9/24/24,0.17,59.1,64.5,69.9,61.9,0.23,4.39
KAT_TEE,9/25/24,0.33,58.3,60.4,62.4,58,0.48,2.67
KAT_TEE,9/26/24,0.73,60,63.4,66.8,61.7,0.17,3.51
KAT_TEE,9/27/24,0.05,55.7,63.6,71.4,59.7,0.12,7.86
KAT_TEE,9/28/24,0,58,64.3,70.7,58.4,0.94,10.18
KAT_TEE,9/29/24,0.02,62.2,68.5,74.7,63.9,0.32,8.81
KAT_TEE,9/30/24,0,59.3,65.4,71.5,61.8,0.35,6.66
KAT_TEE,10/1/24,0,57.9,64.7,71.4,58.9,0.54,9.14
KAT_TEE,10/2/24,0.16,52,61.5,71,56.8,0.14,9.45
KAT_TEE,10/3/24,0.03,40.2,51.4,62.6,45.7,0.03,8.81
KAT_TEE,10/4/24,0,40.9,55.7,70.5,47.7,0,14.47
KAT_TEE,10/5/24,0,42.7,57.9,73.1,49.5,0.03,15.46
KAT_TEE,10/6/24,0,39.9,52.2,64.5,41.8,0.23,12.46
KAT_TEE,10/7/24,0.31,44.2,60.7,77.2,52.1,0.05,16.62
KAT_TEE,10/8/24,0.02,36.6,46.9,57.2,42.1,0.12,6.34
KAT_TEE,10/9/24,0.19,37,48.5,60,41.1,0,10.31
KAT_TEE,10/10/24,0,37.6,47.1,56.5,38.5,0.23,8.54
KAT_TEE,10/11/24,0,33.7,43.6,53.6,36.9,0.06,6.3
KAT_TEE,10/12/24,0,34.6,50.2,65.8,43.8,0,12.66
KAT_TEE,10/13/24,0.76,41.1,51.9,62.6,39.5,0.17,12.9
KAT_TEE,10/14/24,0.67,36.5,43.1,49.8,45,0,0.89
KAT_TEE,10/15/24,0.19,31.5,38.5,45.5,35.2,0,3.84
KAT_TEE,10/16/24,0.15,35.4,41,46.6,36,0.04,4.38
KAT_TEE,10/17/24,0.02,31.4,39.3,47.2,33.4,0.31,4.44
KAT_TEE,10/18/24,0,29.6,42.3,55.1,35.2,0,7.97
KAT_TEE,10/19/24,0,32.5,47.3,62.2,38.3,0.08,11.33
KAT_TEE,10/20/24,0,33.4,50.1,66.8,36.7,0.21,15.24
KAT_TEE,10/21/24,0,35.3,52.5,69.7,39.2,0.56,17.53
KAT_TEE,10/22/24,0,44.9,60.2,75.4,44.6,1.23,18.92
KAT_TEE,10/23/24,0,45.7,61.5,77.3,45,0.99,23.59
KAT_TEE,10/24/24,0,40.7,55.8,70.9,45.2,0.5,14.47
KAT_TEE,10/25/24,0,28.9,40.7,52.5,33.4,0.02,6.47
KAT_TEE,10/26/24,0.04,29.5,43,56.4,40.8,0.1,7.6
KAT_TEE,10/27/24,0.02,26,39.2,52.4,32.3,0.07,6.84
KAT_TEE,10/28/24,0,28,39.3,50.7,31,0.22,7.09
KAT_TEE,10/29/24,0,34.6,47.5,60.5,33.9,0.73,12.65
KAT_TEE,10/30/24,0.19,43.8,55,66.2,50.1,0.64,8.58
KAT_TEE,10/31/24,0,55.4,64.6,73.8,51.5,2.41,14.97
KAT_TEE,11/1/24,0.13,49.8,62.5,75.2,55.4,0.92,14.14
KAT_TEE,11/2/24,0,31.6,41.5,51.4,37.3,0.16,4.06
KAT_TEE,11/3/24,0,25.7,36.4,47,29.7,0.11,5.03
KAT_TEE,11/4/24,0,28.1,42.8,57.5,25.7,0.44,11.66
KAT_TEE,11/5/24,0,45.1,55.2,65.2,40.2,3.68,11.86
KAT_TEE,11/6/24,0.03,57,66.7,76.5,53.5,3.13,17.64
KAT_TEE,11/7/24,0.08,49,56.7,64.4,55.3,0.16,3.88
KAT_TEE,11/8/24,0,36.6,44.3,52,40.3,0.18,4.68
KAT_TEE,11/9/24,0,25.9,40.5,55,33.6,0.25,7.43
KAT_TEE,11/10/24,0,29.1,39.8,50.5,24.7,0.92,8.32
KAT_TEE,11/11/24,0.53,41,48.7,56.3,43.6,0.21,7.52
KAT_TEE,11/12/24,0.19,30.3,41.5,52.7,39.9,0,4.3
KAT_TEE,11/13/24,0,23.9,33.3,42.6,26.4,0.23,4.42
KAT_TEE,11/14/24,0,24.3,37.7,51.1,17.8,0.4,9.6
KAT_TEE,11/15/24,0.17,37.6,41.1,44.6,32.1,0.2,5.53
KAT_TEE,11/16/24,0.03,38.5,42.6,46.8,41.1,0.1,1.65
KAT_TEE,11/17/24,0,38.3,41.3,44.3,37.1,0.44,2.52
KAT_TEE,11/18/24,0,36.6,44,51.3,39.5,0.24,4.9
KAT_TEE,11/19/24,0,32.2,43.6,55,36.9,0.09,7.64
KAT_TEE,11/20/24,0,34,44.9,55.8,42.2,0.07,7.79
KAT_TEE,11/21/24,0.63,33.1,46.5,59.9,42.8,0.13,5.52
KAT_TEE,11/22/24,0.21,30.7,34.9,39.1,31.9,0,2.36
KAT_TEE,11/23/24,0.22,32.3,35.7,39.1,35.2,0.06,0.82
KAT_TEE,11/24/24,0.2,34.9,39.1,43.4,36.5,0.05,1.92
KAT_TEE,11/25/24,0.11,31,36.1,41.2,33.4,0.15,2.16
KAT_TEE,11/26/24,0.23,32.1,42.1,52.1,40.2,0.1,5.42
KAT_TEE,11/27/24,0.14,31.2,37.9,44.5,30.8,0.4,3.26
KAT_TEE,11/28/24,0.27,31.3,37,42.7,30.5,0.04,3.9
KAT_TEE,11/29/24,0.25,28.6,32.1,35.7,29.5,0.04,1.52
KAT_TEE,11/30/24,0.53,21,25.6,30.2,20.7,0.26,1.67
KAT_TEE,12/1/24,0.04,18,21.4,24.9,14.5,0.47,1.47
KAT_TEE,12/2/24,0.13,18.6,22.2,25.9,18.7,0.07,1.34
KAT_TEE,12/3/24,0.38,22.7,26.6,30.6,24.1,0.01,1.45
KAT_TEE,12/4/24,0.1,21.5,26.4,31.2,20.8,0.14,2.5
KAT_TEE,12/5/24,0.1,20.3,26.4,32.5,22,0.02,2.32
KAT_TEE,12/6/24,0.21,13.2,21,28.8,18.5,0.04,1.54
KAT_TEE,12/7/24,0.31,12.2,19.6,27.1,17.7,0.11,1.9
KAT_TEE,12/8/24,0,21.9,29.8,37.7,20.7,0,3.01
KAT_TEE,12/9/24,0,28.8,35.2,41.5,31.8,0,2.9
KAT_TEE,12/10/24,0.41,34.6,39.8,45,40.1,0.04,1.02
KAT_TEE,12/11/24,0.21,35.9,41.3,46.8,42.2,0.01,0.76
KAT_TEE,12/12/24,0.12,17.5,28.1,38.6,26.7,0,1.57
KAT_TEE,12/13/24,0.01,13.4,16.5,19.6,6.8,0.46,1.6
KAT_TEE,12/14/24,0,4.9,13.7,22.5,7.2,0.22,1.94
KAT_TEE,12/15/24,0,5.9,18.6,31.3,11.1,0.31,3.46
KAT_TEE,12/16/24,0.1,27.3,31.5,35.6,28.5,0.49,2.12
KAT_TEE,12/17/24,0.25,33.5,41.3,49.1,38.6,0,2.23
KAT_TEE,12/18/24,0,33.3,38.2,43.2,32.3,0.51,3.02
KAT_TEE,12/19/24,0.16,27.9,31.8,35.7,30.4,0,1.16
KAT_TEE,12/20/24,0.03,25.5,27.9,30.3,23.2,0.26,1.61
KAT_TEE,12/21/24,0.1,16.4,23.5,30.5,22.5,0.1,0.96
KAT_TEE,12/22/24,0.02,4.3,11.3,18.3,6.9,0.24,1.22
KAT_TEE,12/23/24,0,-1.2,7.4,16,1.8,0.16,1.31
KAT_TEE,12/24/24,0.11,8.7,20.8,32.9,18.4,0.12,3.02
KAT_TEE,12/25/24,0,25.5,29.6,33.7,29.4,0,0.75
KAT_TEE,12/26/24,0,25,27.8,30.6,23.3,0.28,1.71
KAT_TEE,12/27/24,0,26,31.2,36.3,26.7,0.33,2.32
KAT_TEE,12/28/24,0.03,29.7,37.7,45.8,31.2,0.26,4.57
KAT_TEE,12/29/24,0.03,35.6,44,52.4,42.4,0.03,2.7
KAT_TEE,12/30/24,0.37,35.5,47.8,60,45.3,0.12,4.73
KAT_TEE,12/31/24,0.19,29,33.8,38.6,32.7,0.09,1.51
,,,,,,,,
KAT_TEE_3,1/1/24,0.04,30.1,32.1,34.1,28.7,0.28,1.72
KAT_TEE_3,1/2/24,0,24.3,28,31.7,24.4,0.25,1.33
KAT_TEE_3,1/3/24,0,26.9,28.8,30.6,23.6,0.65,1.48
KAT_TEE_3,1/4/24,0.07,26.9,28.8,30.6,26.4,0.29,1
KAT_TEE_3,1/5/24,0.01,18.2,21.9,25.6,15.3,0.62,1.61
KAT_TEE_3,1/6/24,0,15.7,22.3,28.9,16.3,0.15,2.28
KAT_TEE_3,1/7/24,0.12,22.4,26,29.5,23.8,0.19,1.65
KAT_TEE_3,1/8/24,0.08,26.9,29.5,32,27.3,0.17,1.04
KAT_TEE_3,1/9/24,0,30.2,32.5,34.7,25.3,0.88,2.12
KAT_TEE_3,1/10/24,0.46,30.7,38.9,47,34.2,0.44,2.81
KAT_TEE_3,1/11/24,0.11,29,32.8,36.7,26,0.38,2.45
KAT_TEE_3,1/12/24,0.18,29,31.3,33.6,27.8,0.46,1.28
KAT_TEE_3,1/13/24,0.25,29,34.4,39.7,29.5,0.42,3.54
KAT_TEE_3,1/14/24,0.05,20.7,27.9,35.2,19.1,0.35,1.96
KAT_TEE_3,1/15/24,0.01,4.7,13.2,21.7,2,0.54,1.51
KAT_TEE_3,1/16/24,0,3.3,10.1,16.8,2.5,0.43,1.59
KAT_TEE_3,1/17/24,0.03,5.7,11,16.3,2.6,0.55,1.21
KAT_TEE_3,1/18/24,0,3.5,10.5,17.4,-0.1,0.58,1.88
KAT_TEE_3,1/19/24,0.03,14.5,18.6,22.7,14,0.3,1.38
KAT_TEE_3,1/20/24,0.09,4.5,13.3,22,10.1,0.32,0.94
KAT_TEE_3,1/21/24,0.07,4.9,10.6,16.3,7.4,0.38,1.02
KAT_TEE_3,1/22/24,0,5.4,15.3,25.1,9.5,0.26,2.12
KAT_TEE_3,1/23/24,0.02,13.1,22.5,31.9,15.1,0.66,3.69
KAT_TEE_3,1/24/24,0.3,27.4,33.1,38.9,31.3,0,1.74
KAT_TEE_3,1/25/24,0.36,33.3,40.1,47,39.2,0.19,1.44
KAT_TEE_3,1/26/24,0.34,36.6,44.8,53.1,41.1,0.3,2.05
KAT_TEE_3,1/27/24,0.13,33.6,42.6,51.6,37.8,0.19,3.1
KAT_TEE_3,1/28/24,0.16,31.8,36.4,40.9,36.2,0,1.21
KAT_TEE_3,1/29/24,0.41,28.9,34.1,39.2,30.4,0.2,1.6
KAT_TEE_3,1/30/24,0,28.3,30.1,32,26.3,0.48,1.15
KAT_TEE_3,1/31/24,0,25.1,29.1,33.1,27.2,0.27,1.24
KAT_TEE_3,2/1/24,0,24.8,31.2,37.6,29.9,0.18,1.87
KAT_TEE_3,2/2/24,0.08,31.3,34.5,37.7,32.6,0,1.44
KAT_TEE_3,2/3/24,0,25,29.8,34.7,26.4,0,1.77
KAT_TEE_3,2/4/24,0,19.3,28.5,37.6,22.6,0.01,3.42
KAT_TEE_3,2/5/24,0,19.8,31.2,42.6,21.1,0.2,5.57
KAT_TEE_3,2/6/24,0,15.6,23.6,31.6,20.8,0.19,1.69
KAT_TEE_3,2/7/24,0,16.3,27.3,38.3,18.7,0.22,4.41
KAT_TEE_3,2/8/24,0,21.6,33.6,45.7,21.4,0.54,6.83
KAT_TEE_3,2/9/24,0.02,24.9,38.5,52.2,23.5,0.63,9.6
KAT_TEE_3,2/10/24,0.02,35.9,46.9,57.9,38.9,0.38,8.11
KAT_TEE_3,2/11/24,0.05,29.7,40.3,50.9,35.5,0.46,3.55
KAT_TEE_3,2/12/24,0,24.5,29.4,34.3,25.6,0.43,2
KAT_TEE_3,2/13/24,0,23.1,28.8,34.5,23,0.01,2.93
KAT_TEE_3,2/14/24,0.07,17.8,26,34.2,17.3,0.55,3.24
KAT_TEE_3,2/15/24,0,13.3,20.4,27.6,11.1,0.34,2.67
KAT_TEE_3,2/16/24,0.09,14.3,25.3,36.3,19.5,0.29,3.65
KAT_TEE_3,2/17/24,0.12,17.8,23,28.3,15.6,0.22,2.37
KAT_TEE_3,2/18/24,0.05,12.6,17.8,23,9.6,0.39,1.91
KAT_TEE_3,2/19/24,0.04,9.4,18.6,27.8,13.7,0.62,2.08
KAT_TEE_3,2/20/24,0,8.1,18.9,29.8,10.3,0.18,3.11
KAT_TEE_3,2/21/24,0,8.8,26.3,43.8,16.3,0.11,6.86
KAT_TEE_3,2/22/24,0,22.8,36.6,50.5,25.3,0.34,8.12
KAT_TEE_3,2/23/24,0.28,32.8,37.9,43.1,33.9,0.21,3.39
KAT_TEE_3,2/24/24,0,14.7,31.2,47.7,26.4,0.05,5.04
KAT_TEE_3,2/25/24,0,10.4,17.9,25.4,6.7,0.42,2.79
KAT_TEE_3,2/26/24,0,13,28.2,43.4,14.5,0.59,7.38
KAT_TEE_3,2/27/24,0,31.6,43.8,56.1,28.6,1.63,10.06
KAT_TEE_3,2/28/24,0.54,37.3,50.8,64.4,41.9,0,13.86
KAT_TEE_3,2/29/24,0.41,17.4,38.1,58.8,26.4,0.39,3.98
KAT_TEE_3,3/1/24,0,15.1,20.4,25.7,11,0.35,2.21
KAT_TEE_3,3/2/24,0,18,33.3,48.5,22.2,0.4,7.73
KAT_TEE_3,3/3/24,0.05,35.2,40.8,46.5,40.3,0.05,1.57
KAT_TEE_3,3/4/24,0,35.9,43.1,50.2,39.1,0.13,4
KAT_TEE_3,3/5/24,0,37.1,52.5,68,43.3,0.29,13.51
KAT_TEE_3,3/6/24,0.08,46.6,58.4,70.1,47.4,0.3,14.32
KAT_TEE_3,3/7/24,0.3,34,42.8,51.5,41.3,0.19,1.02
KAT_TEE_3,3/8/24,0,31.4,42,52.6,31,0.54,6.64
KAT_TEE_3,3/9/24,0.06,31.7,46.8,61.9,34.6,0.68,12.72
KAT_TEE_3,3/10/24,0.22,32.2,38.6,45,36.3,0.24,2.11
KAT_TEE_3,3/11/24,0.24,23.7,28.4,33,23,0.21,1.91
KAT_TEE_3,3/12/24,0,26.5,34.4,42.4,21.7,1.18,5.18
KAT_TEE_3,3/13/24,0,31.9,44.7,57.5,34.2,0.56,9.34
KAT_TEE_3,3/14/24,0,31.3,47.9,64.6,37,0.16,12.13
KAT_TEE_3,3/15/24,0.28,32.8,48.6,64.4,41,0.23,14.86
KAT_TEE_3,3/16/24,0.02,28.6,34.6,40.6,34.8,0.03,1.3
KAT_TEE_3,3/17/24,0.35,28.4,40.3,52.2,30.3,0.18,8.45
KAT_TEE_3,3/18/24,0.07,24.6,32,39.5,25.1,0.22,3.52
KAT_TEE_3,3/19/24,0.13,23.8,26.8,29.9,20.1,0.39,2.05
KAT_TEE_3,3/20/24,0.15,23.4,27.9,32.5,24.3,0.25,2.22
KAT_TEE_3,3/21/24,0.14,18.7,25.8,32.8,16.1,0.38,2.19
KAT_TEE_3,3/22/24,0,11.7,18.5,25.2,10.4,0.32,2.17
KAT_TEE_3,3/23/24,0.34,13.5,21.6,29.6,19.1,0.06,2.41
KAT_TEE_3,3/24/24,0,12.8,21.3,29.9,16.8,0.23,2.21
KAT_TEE_3,3/25/24,0,14.7,25.1,35.6,12.6,0.51,4.57
KAT_TEE_3,3/26/24,0,31.5,44.8,58,20.7,2.92,12.32
KAT_TEE_3,3/27/24,0.02,34.5,45.2,55.8,32.1,0.59,10.15
KAT_TEE_3,3/28/24,0,31.5,42.3,53.2,32.9,1.01,5.06
KAT_TEE_3,3/29/24,0,24.8,34,43.1,21.1,0.57,5.47
KAT_TEE_3,3/30/24,0,24.3,30,35.8,23,0.48,2.89
KAT_TEE_3,3/31/24,0.26,25.2,35.4,45.7,32,0.08,5.86
KAT_TEE_3,4/1/24,0,33.2,38.3,43.5,33.8,0.16,2.84
KAT_TEE_3,4/2/24,0.05,35.8,45.3,54.7,34.6,0.28,7.63
KAT_TEE_3,4/3/24,0.62,38.8,43.5,48.3,41.4,0.11,2.21
KAT_TEE_3,4/4/24,0.53,30.9,38.6,46.3,35.6,0.08,2.23
KAT_TEE_3,4/5/24,0.17,29.8,35.1,40.3,31.6,0.2,1.68
KAT_TEE_3,4/6/24,0.06,29.5,32.5,35.5,30.8,0.18,1.6
KAT_TEE_3,4/7/24,0,30.8,39.9,48.9,29.6,0.33,6.35
KAT_TEE_3,4/8/24,0,32,44.2,56.5,24.3,1.02,11.13
KAT_TEE_3,4/9/24,0,34.7,47.9,61.1,32.5,0.73,12.15
KAT_TEE_3,4/10/24,0,37.3,56.1,74.9,44.8,0.72,20.96
KAT_TEE_3,4/11/24,0.34,50.5,56,61.5,49.7,0.23,7.87
KAT_TEE_3,4/12/24,1.28,48.3,57.1,66,55.6,0.3,6.56
KAT_TEE_3,4/13/24,0.85,34,40.7,47.3,37.8,0.28,2.36
KAT_TEE_3,4/14/24,0.17,34,40.6,47.3,32.8,0.35,4.79
KAT_TEE_3,4/15/24,0.08,38.2,53.7,69.1,44.1,0.23,13.49
KAT_TEE_3,4/16/24,0,35.7,48.1,60.4,33.1,0.9,12.12
KAT_TEE_3,4/17/24,0.01,41.9,52.8,63.7,32.7,2.27,13.67
KAT_TEE_3,4/18/24,0.42,45.9,55.7,65.4,49.6,0.22,7.82
KAT_TEE_3,4/19/24,0.04,41,48.8,56.5,45,0.11,4.8
KAT_TEE_3,4/20/24,0.01,39.1,48.8,58.4,40.6,0.82,5.43
KAT_TEE_3,4/21/24,0.01,33.1,39.7,46.4,25.9,1.18,5.35
KAT_TEE_3,4/22/24,0,25.6,34.5,43.5,25.3,0.33,5.17
KAT_TEE_3,4/23/24,0,30,41.7,53.4,23.8,0.86,9.92
KAT_TEE_3,4/24/24,0.3,36.6,50,63.3,37.2,0.03,14.16
KAT_TEE_3,4/25/24,0.26,26.3,36,45.8,33.8,0.15,1.62
KAT_TEE_3,4/26/24,0,27.9,39.5,51.2,20.9,0.94,8.93
KAT_TEE_3,4/27/24,0,33.4,49.2,65,28.5,2.24,15.83
KAT_TEE_3,4/28/24,0.31,46.1,52.8,59.5,47.4,0.66,5.75
KAT_TEE_3,4/29/24,0.12,49.3,58.8,68.3,56.8,0,7.47
KAT_TEE_3,4/30/24,0,52.4,65.2,78,54.6,0.68,17.5
KAT_TEE_3,5/1/24,0.05,42.2,53.3,64.4,49,0.14,8.22
KAT_TEE_3,5/2/24,0,44.5,59.9,75.4,45.4,0.42,21.01
KAT_TEE_3,5/3/24,0,46.5,58.1,69.7,43.2,1.34,15.78
KAT_TEE_3,5/4/24,0,51.2,65.2,79.3,50.3,1,23.36
KAT_TEE_3,5/5/24,0.31,49.8,60.4,71,50.7,0.61,10.17
KAT_TEE_3,5/6/24,0.08,51.5,57.9,64.4,54.6,0.3,4.26
KAT_TEE_3,5/7/24,0,39.7,53.9,68.1,41.1,0.78,14.96
KAT_TEE_3,5/8/24,0.13,43.7,58.9,74.1,49.9,0,18.27
KAT_TEE_3,5/9/24,0,44.6,58.6,72.6,45.9,0.38,17.61
KAT_TEE_3,5/10/24,0.04,44.5,52.3,60.1,42.7,0.47,9.01
KAT_TEE_3,5/11/24,0.05,37.3,46.6,55.9,41.7,0.13,6.43
KAT_TEE_3,5/12/24,0.22,42.5,50.7,58.8,44.4,0.05,7.95
KAT_TEE_3,5/13/24,0.01,42.2,49.9,57.6,44.3,0.17,6.46
KAT_TEE_3,5/14/24,0.05,46.1,60.4,74.8,48.4,0.04,17.49
KAT_TEE_3,5/15/24,0.05,54.3,64,73.6,54.3,0.1,14.41
KAT_TEE_3,5/16/24,0.59,55.7,62.3,69,56.9,0.21,7.61
KAT_TEE_3,5/17/24,0,52.2,61.3,70.3,55.7,0.03,9.61
KAT_TEE_3,5/18/24,0.23,56.5,62.4,68.4,58.2,0.09,6.92
KAT_TEE_3,5/19/24,0,55,64,73.1,58.8,0.08,9.92
KAT_TEE_3,5/20/24,0,51.7,64.4,77.1,55,0.14,18.23
KAT_TEE_3,5/21/24,0,54.2,68.8,83.4,58.4,0,22.31
KAT_TEE_3,5/22/24,0,58.4,70.7,83,58.5,0.91,22.74
KAT_TEE_3,5/23/24,0.26,57,69.8,82.5,60.9,0.41,19.89
KAT_TEE_3,5/24/24,0,47.1,60.5,74,46.1,0.89,18.6
KAT_TEE_3,5/25/24,0,47.2,61.3,75.4,45.5,1.1,20.08
KAT_TEE_3,5/26/24,0.08,53.5,64.3,75.1,57.8,0.06,12.16
KAT_TEE_3,5/27/24,0.04,57.5,67.6,77.7,56.4,0.19,20.27
KAT_TEE_3,5/28/24,0.28,54.2,64,73.8,57.6,0,10.63
KAT_TEE_3,5/29/24,0.15,47.7,54.5,61.2,53.3,0,4.09
KAT_TEE_3,5/30/24,0.21,40.3,52,63.7,47.3,0.02,7.82
KAT_TEE_3,5/31/24,0,35.9,48.6,61.4,38.7,0.09,11.18
KAT_TEE_3,6/1/24,0,37.6,52.9,68.2,37.9,0.66,15.55
KAT_TEE_3,6/2/24,0.01,46.3,61.2,76.2,41.7,1.37,23.64
KAT_TEE_3,6/3/24,0.19,57.1,62,67,58.4,0,8
KAT_TEE_3,6/4/24,0.01,54,65.4,76.7,59.1,0.06,14.27
KAT_TEE_3,6/5/24,0,55.5,68.7,81.9,59.3,0,21.15
KAT_TEE_3,6/6/24,0.59,58.8,67.1,75.3,65.1,0,7.61
KAT_TEE_3,6/7/24,0.13,52.5,62.7,72.8,56.8,0.13,12.55
KAT_TEE_3,6/8/24,0.23,50.8,57,63.1,51.3,0.57,7.08
KAT_TEE_3,6/9/24,0.45,51.3,60,68.7,50.1,0.19,12.69
KAT_TEE_3,6/10/24,0.14,48.8,57.8,66.7,49.6,0.35,11.15
KAT_TEE_3,6/11/24,0,48.9,53.3,57.8,48.2,0.25,4.38
KAT_TEE_3,6/12/24,0,45.4,51.6,57.8,49.1,0.06,4.59
KAT_TEE_3,6/13/24,0,47.2,60.6,74.1,49.7,0.01,16.85
KAT_TEE_3,6/14/24,0,58.1,70.1,82.1,56.9,0.97,22
KAT_TEE_3,6/15/24,0,49.2,62.7,76.2,50.9,0.69,18.68
KAT_TEE_3,6/16/24,0,46.8,58.9,71,47.5,0.66,15.15
KAT_TEE_3,6/17/24,0,55.4,68.1,80.8,55.9,1.57,22.49
KAT_TEE_3,6/18/24,0.11,63.7,75.4,87.1,66.1,0.32,20.27
KAT_TEE_3,6/19/24,0.03,67.3,78.2,89.1,69.4,0.64,21.28
KAT_TEE_3,6/20/24,0,67.5,77.2,86.9,70.4,0.85,15.73
KAT_TEE_3,6/21/24,0,65.6,75.9,86.2,67.9,0.36,18.61
KAT_TEE_3,6/22/24,0.35,66.2,76,85.9,68.6,0.4,18.09
KAT_TEE_3,6/23/24,0.09,69.6,78.4,87.1,68.4,1.11,21.31
KAT_TEE_3,6/24/24,0.07,60.1,69.2,78.3,62.6,1.74,10
KAT_TEE_3,6/25/24,0,51.9,64.1,76.2,55,0,16.51
KAT_TEE_3,6/26/24,0,57.1,67.9,78.6,61.1,0.62,15.64
KAT_TEE_3,6/27/24,0.59,56.2,68.1,80,60.4,0.04,19.1
KAT_TEE_3,6/28/24,0,50.6,60.1,69.7,51.2,0.42,12.47
KAT_TEE_3,6/29/24,0.17,52.8,64.3,75.7,56.7,0.25,15.73
KAT_TEE_3,6/30/24,1.33,64.3,70.3,76.3,69.7,0,5.15
KAT_TEE_3,7/1/24,0.04,49.7,61.6,73.5,54.5,0.19,8.15
KAT_TEE_3,7/2/24,0,43.2,57,70.8,46.8,0.05,15
KAT_TEE_3,7/3/24,0,50.9,64.9,78.8,54.5,1.3,18.73
KAT_TEE_3,7/4/24,0.15,67.3,75.7,84,67.2,0.17,16.27
KAT_TEE_3,7/5/24,0.02,67.5,74.1,80.6,66.6,1.11,14.93
KAT_TEE_3,7/6/24,0.91,64.6,74.3,84,67.6,0,16.41
KAT_TEE_3,7/7/24,0,58.7,69.1,79.5,62.2,0.38,15
KAT_TEE_3,7/8/24,0,59.3,69.5,79.7,60,0.59,17.42
KAT_TEE_3,7/9/24,0,60.4,72.4,84.3,61.5,0.4,22.04
KAT_TEE_3,7/10/24,0.01,65,73.5,82.1,67.2,0.22,14.89
KAT_TEE_3,7/11/24,0.18,63.8,74.6,85.3,67.6,0.4,14.69
KAT_TEE_3,7/12/24,0.09,59.1,65.4,71.7,63.2,0,5.39
KAT_TEE_3,7/13/24,0,60.1,70.3,80.6,63.2,0.14,16.02
KAT_TEE_3,7/14/24,0,57.8,70.1,82.5,60.7,0.51,19.07
KAT_TEE_3,7/15/24,0.13,64.2,74.4,84.6,65.3,0.46,20.85
KAT_TEE_3,7/16/24,0.83,62.3,73,83.6,66.3,0.18,15.19
KAT_TEE_3,7/17/24,0.03,63.1,71.9,80.7,65.9,0.27,12.73
KAT_TEE_3,7/18/24,0,56.9,66.6,76.3,62.6,0.33,11.06
KAT_TEE_3,7/19/24,0,51.6,61.6,71.6,53.6,0.23,12.64
KAT_TEE_3,7/20/24,0,50.2,62.3,74.4,52.4,0.25,15.92
KAT_TEE_3,7/21/24,0,51.5,64.9,78.4,54.1,0.07,19.35
KAT_TEE_3,7/22/24,0,56.1,67,77.9,58.7,0.12,16.58
KAT_TEE_3,7/23/24,0.25,58.4,69.6,80.8,62,0,18.5
KAT_TEE_3,7/24/24,0.09,62.5,71.1,79.7,63.1,0.52,15.9
KAT_TEE_3,7/25/24,0.37,60.7,70.9,81.1,63.7,0.58,15.44
KAT_TEE_3,7/26/24,0,52,62.9,73.8,53.2,0.34,15.7
KAT_TEE_3,7/27/24,0,48.7,62.6,76.4,52.5,0.08,17.41
KAT_TEE_3,7/28/24,0,54.1,67.4,80.7,53.8,0.86,22.5
KAT_TEE_3,7/29/24,0,58,71.5,85.1,58,0.57,25.84
KAT_TEE_3,7/30/24,0,61.9,73.7,85.5,62.9,0.04,24.16
KAT_TEE_3,7/31/24,0.72,65.9,74.5,83,68,0,15.52
KAT_TEE_3,8/1/24,0,63.6,72.6,81.6,66.6,0.04,14.1
KAT_TEE_3,8/2/24,0.1,64.8,75.1,85.3,69.1,0,16.55
KAT_TEE_3,8/3/24,0.36,63.7,67.9,72.1,67.6,0,2.57
KAT_TEE_3,8/4/24,0.04,62.7,69.9,77,66.8,0.1,8.63
KAT_TEE_3,8/5/24,0,59,70.3,81.6,62.6,0.23,17.85
KAT_TEE_3,8/6/24,0.37,61.8,71.9,82.1,67.8,0,13.21
KAT_TEE_3,8/7/24,0.3,57.9,64.2,70.4,60.9,0.32,4.59
KAT_TEE_3,8/8/24,0,59.5,67.4,75.2,59.9,0.92,12.73
KAT_TEE_3,8/9/24,0.04,63.4,71.2,79,67.2,0,10.08
KAT_TEE_3,8/10/24,0.58,56.9,66.1,75.3,63.9,0.14,6.99
KAT_TEE_3,8/11/24,0.08,54.6,62.7,70.9,54.3,0.57,12.76
KAT_TEE_3,8/12/24,0.41,54.7,62.4,70.1,55.9,0.17,9.9
KAT_TEE_3,8/13/24,0.09,54.2,62.5,70.8,55.7,0.23,11.24
KAT_TEE_3,8/14/24,0,53.4,64,74.7,57,0.1,13.2
KAT_TEE_3,8/15/24,0,52.7,65.1,77.5,56.8,0.04,16.92
KAT_TEE_3,8/16/24,0,54.6,67.6,80.7,57.3,0.09,20.52
KAT_TEE_3,8/17/24,0,60,69.2,78.4,64.3,0.19,13.71
KAT_TEE_3,8/18/24,0.54,64.1,72.4,80.7,65.8,0.59,12.97
KAT_TEE_3,8/19/24,0.68,60.3,68.6,76.9,64.7,0.27,10.26
KAT_TEE_3,8/20/24,0.09,49.5,55.6,61.6,53.6,0.32,2.75
KAT_TEE_3,8/21/24,0.04,45.3,53.6,62,47.1,0.15,8.01
KAT_TEE_3,8/22/24,0,46.3,56,65.8,48.6,0.15,10.05
KAT_TEE_3,8/23/24,0,47.7,59.2,70.8,50.5,0.08,13.79
KAT_TEE_3,8/24/24,0,49.4,61.5,73.5,52.6,0.1,15.04
KAT_TEE_3,8/25/24,0,50.7,64,77.4,54.8,0,18.44
KAT_TEE_3,8/26/24,0,52.4,65.9,79.4,57.3,0,18.95
KAT_TEE_3,8/27/24,0,54.6,68,81.3,59.7,0,19.44
KAT_TEE_3,8/28/24,0.3,58,72.1,86.2,67.2,0,19.59
KAT_TEE_3,8/29/24,0,63.6,72.4,81.2,66.8,0.35,11.57
KAT_TEE_3,8/30/24,0,62.3,68.6,74.9,64,0.35,7.28
KAT_TEE_3,8/31/24,0.04,61.7,72.6,83.5,65.8,0.12,18.94
KAT_TEE_3,9/1/24,0.11,55.2,66.2,77.2,64.3,0,9.08
KAT_TEE_3,9/2/24,0.08,44.7,61,77.3,55.8,0,14.23
KAT_TEE_3,9/3/24,0,37.9,50.2,62.5,44,0,9.32
KAT_TEE_3,9/4/24,0,40.8,55.2,69.6,45.7,0,14.74
KAT_TEE_3,9/5/24,0,45,60,75.1,49.3,0.07,18.29
KAT_TEE_3,9/6/24,0,49.3,63.3,77.2,50.7,0.74,19.97
KAT_TEE_3,9/7/24,1.58,49.2,64.1,79.1,58.6,0,17.02
KAT_TEE_3,9/8/24,0.2,41.3,51.1,60.9,47.2,0.11,6.32
KAT_TEE_3,9/9/24,0,43.3,51.9,60.5,43.4,0,9.99
KAT_TEE_3,9/10/24,0.03,46.7,57,67.2,53.7,0,8.32
KAT_TEE_3,9/11/24,0,47.2,59.6,72,51.1,0.13,14.9
KAT_TEE_3,9/12/24,0,49.3,62.9,76.5,55.4,0.07,16.64
KAT_TEE_3,9/13/24,0,50.5,64.7,78.8,57,0,18.24
KAT_TEE_3,9/14/24,0,51,64.6,78.2,56.4,0.03,18.04
KAT_TEE_3,9/15/24,0,52,65.8,79.6,58.1,0,18.12
KAT_TEE_3,9/16/24,0,50.8,64.8,78.8,56.2,0.01,18.5
KAT_TEE_3,9/17/24,0,50.7,64.9,79.1,54.3,0.23,19.86
KAT_TEE_3,9/18/24,0,53.3,65.4,77.6,57,0.18,16.85
KAT_TEE_3,9/19/24,0,56.4,66.5,76.6,60.2,0.06,14.41
KAT_TEE_3,9/20/24,0,52,64.7,77.3,57,0.19,17.39
KAT_TEE_3,9/21/24,0,53.1,66.3,79.6,57.1,0.18,20.26
KAT_TEE_3,9/22/24,0.03,53.9,66.8,79.7,59.9,0,16.5
KAT_TEE_3,9/23/24,0.16,57.4,68,78.7,61.9,0.14,15.07
KAT_TEE_3,9/24/24,0.16,58.7,63.8,68.9,60.9,0.36,4.2
KAT_TEE_3,9/25/24,0.35,57.8,59.8,61.8,57.5,0.48,2.46
KAT_TEE_3,9/26/24,0.71,59.7,62.8,66,61.3,0.16,3.12
KAT_TEE_3,9/27/24,0.05,56.1,63.3,70.6,59.5,0.19,7.24
KAT_TEE_3,9/28/24,0,58.2,64.1,70,58.3,0.94,9.52
KAT_TEE_3,9/29/24,0.02,62,67.8,73.7,63.7,0.32,7.86
KAT_TEE_3,9/30/24,0,59.6,65.2,70.7,61.6,0.36,6.12
KAT_TEE_3,10/1/24,0,57.7,64.3,70.8,58.6,0.45,8.8
KAT_TEE_3,10/2/24,0.16,52,61.2,70.4,56.3,0.15,9.18
KAT_TEE_3,10/3/24,0.02,39.8,51,62.1,45.3,0.03,8.66
KAT_TEE_3,10/4/24,0,40.4,55.2,69.9,47.3,0,14.25
KAT_TEE_3,10/5/24,0,42.4,57.3,72.2,49,0.05,14.93
KAT_TEE_3,10/6/24,0,39.7,51.9,64,41.2,0.23,12.31
KAT_TEE_3,10/7/24,0.25,43.4,59.8,76.2,51.7,0,15.88
KAT_TEE_3,10/8/24,0.02,36.2,46.3,56.4,41.7,0.08,6.04
KAT_TEE_3,10/9/24,0.18,36.6,47.7,58.9,40.6,0,9.77
KAT_TEE_3,10/10/24,0,37.3,46.4,55.5,38.3,0.19,7.98
KAT_TEE_3,10/11/24,0,33.3,43.2,53.1,36.3,0.07,6.28
KAT_TEE_3,10/12/24,0,34,49.5,64.9,43.4,0,12.19
KAT_TEE_3,10/13/24,0.74,41,51.4,61.8,38.9,0.17,12.5
KAT_TEE_3,10/14/24,0.69,36.4,42.7,48.9,44.7,0,0.79
KAT_TEE_3,10/15/24,0.19,31.2,37.7,44.3,34.7,0,3.48
KAT_TEE_3,10/16/24,0.15,35.1,40.3,45.5,35.5,0.06,4.12
KAT_TEE_3,10/17/24,0.02,31.2,38.9,46.6,33.2,0.27,4.25
KAT_TEE_3,10/18/24,0,29.2,41.9,54.5,34.6,0.01,7.89
KAT_TEE_3,10/19/24,0,32.2,47,61.7,37.6,0.08,11.28
KAT_TEE_3,10/20/24,0,32.9,49.5,66.1,36,0.18,15
KAT_TEE_3,10/21/24,0,35.2,52,68.7,38.5,0.76,16.88
KAT_TEE_3,10/22/24,0,44.3,59.4,74.4,44.1,1.19,17.94
KAT_TEE_3,10/23/24,0,45.6,60.9,76.3,44.4,1.13,22.75
KAT_TEE_3,10/24/24,0.01,40.5,55,69.6,44.7,0.52,13.5
KAT_TEE_3,10/25/24,0,28.7,40.2,51.8,32.9,0.04,6.29
KAT_TEE_3,10/26/24,0.04,29.3,42.4,55.5,40.3,0.11,7.32
KAT_TEE_3,10/27/24,0.03,25.9,38.5,51.1,32,0.09,6.3
KAT_TEE_3,10/28/24,0,27.6,38.5,49.4,30.3,0.22,6.64
KAT_TEE_3,10/29/24,0,34.3,46.9,59.5,33,0.83,12.29
KAT_TEE_3,10/30/24,0.2,43,54,65.1,49.1,0.67,8.22
KAT_TEE_3,10/31/24,0,54.8,63.7,72.6,50.8,2.35,14.22
KAT_TEE_3,11/1/24,0.13,49.4,61.6,73.9,55.2,0.81,13.04
KAT_TEE_3,11/2/24,0,31.3,40.7,50.1,37,0.15,3.52
KAT_TEE_3,11/3/24,0,25.4,35.5,45.5,29.4,0.09,4.57
KAT_TEE_3,11/4/24,0,27.6,41.9,56.2,25.3,0.43,10.96
KAT_TEE_3,11/5/24,0,44.3,54,63.7,39.3,3.63,11.08
KAT_TEE_3,11/6/24,0.04,56.4,65.8,75.2,53.2,2.95,16.36
KAT_TEE_3,11/7/24,0.08,48.8,56.1,63.3,54.8,0.26,3.3
KAT_TEE_3,11/8/24,0,35.9,43.3,50.7,39.9,0.13,4.26
KAT_TEE_3,11/9/24,0,25.4,39.6,53.8,33.3,0.22,6.58
KAT_TEE_3,11/10/24,0,29,39.2,49.5,23.9,1.03,7.91
KAT_TEE_3,11/11/24,0.5,40.6,47.9,55.2,42.7,0.21,7.18
KAT_TEE_3,11/12/24,0.2,29.8,40.6,51.4,39.6,0,3.78
KAT_TEE_3,11/13/24,0,23.7,32.6,41.5,26,0.21,4.07
KAT_TEE_3,11/14/24,0,24.1,36.9,49.7,17.3,0.38,9.01
KAT_TEE_3,11/15/24,0.17,37.2,40.2,43.3,31.8,0.19,5.05
KAT_TEE_3,11/16/24,0.04,38,41.9,45.7,40.6,0.1,1.34
KAT_TEE_3,11/17/24,0,37.9,40.6,43.3,36.6,0.48,2.24
KAT_TEE_3,11/18/24,0,36,43,50.1,38.6,0.25,4.57
KAT_TEE_3,11/19/24,0,32,43.2,54.4,36.2,0.11,7.48
KAT_TEE_3,11/20/24,0,33.4,44,54.6,41.7,0.06,7.17
KAT_TEE_3,11/21/24,0.62,32.6,46.2,59.7,42.5,0.12,5.43
KAT_TEE_3,11/22/24,0.21,30.5,34,37.6,31.2,0.01,2
KAT_TEE_3,11/23/24,0.24,31.8,34.8,37.9,34.3,0.07,0.69
KAT_TEE_3,11/24/24,0.17,34.5,38.1,41.8,36.1,0.05,1.49
KAT_TEE_3,11/25/24,0.08,30.9,35.2,39.6,32.9,0.17,1.71
KAT_TEE_3,11/26/24,0.26,31.7,41.5,51.2,39.8,0.09,5.05
KAT_TEE_3,11/27/24,0.14,30.8,37.3,43.7,30.5,0.38,3.11
KAT_TEE_3,11/28/24,0.26,31,36.3,41.7,29.9,0.06,3.66
KAT_TEE_3,11/29/24,0.23,28,31.2,34.4,29.1,0.04,1.26
KAT_TEE_3,11/30/24,0.55,20.6,24.7,28.8,20.4,0.26,1.33
KAT_TEE_3,12/1/24,0.05,17.6,21,24.4,13.5,0.52,1.5
KAT_TEE_3,12/2/24,0.16,18.3,21.1,24,17.8,0.14,1.07
KAT_TEE_3,12/3/24,0.31,22.4,25.8,29.1,23.5,0.06,1.17
KAT_TEE_3,12/4/24,0.11,21,25.6,30.1,20.2,0.14,2.31
KAT_TEE_3,12/5/24,0.11,20.2,25.8,31.5,21.5,0.07,2.11
KAT_TEE_3,12/6/24,0.21,12.2,20,27.8,18.1,0.03,1.38
KAT_TEE_3,12/7/24,0.32,11.4,18.5,25.5,17.1,0.07,1.65
KAT_TEE_3,12/8/24,0,21.4,29,36.6,20.3,0,2.8
KAT_TEE_3,12/9/24,0,28.5,34.6,40.6,31.4,0,2.73
KAT_TEE_3,12/10/24,0.41,34.5,39.5,44.6,39.8,0.04,0.98
KAT_TEE_3,12/11/24,0.19,35.7,41.2,46.8,41.9,0.01,0.86
KAT_TEE_3,12/12/24,0.12,17.1,27.6,38.1,26.3,0,1.51
KAT_TEE_3,12/13/24,0.01,13.2,15.9,18.5,6.3,0.45,1.46
KAT_TEE_3,12/14/24,0,4.3,12.8,21.2,6.8,0.2,1.76
KAT_TEE_3,12/15/24,0,5.2,17.7,30.1,10.7,0.3,3.21
KAT_TEE_3,12/16/24,0.1,26.9,30.7,34.6,28,0.47,1.91
KAT_TEE_3,12/17/24,0.25,33.2,40.6,48.1,38,0.07,2
KAT_TEE_3,12/18/24,0,32.8,37.6,42.4,31.6,0.51,2.86
KAT_TEE_3,12/19/24,0.19,27.3,30.9,34.6,30.1,0,0.9
KAT_TEE_3,12/20/24,0.03,25,27.3,29.6,22.9,0.24,1.48
KAT_TEE_3,12/21/24,0.12,15.9,22.8,29.6,21.8,0.13,0.87
KAT_TEE_3,12/22/24,0.01,3.5,10.3,17.1,6.2,0.24,1.1
KAT_TEE_3,12/23/24,0,-1.8,6.4,14.7,0.9,0.17,1.23
KAT_TEE_3,12/24/24,0.12,7.7,20,32.3,17.4,0.1,2.96
KAT_TEE_3,12/25/24,0,25.2,29,32.8,28.9,0,0.62
KAT_TEE_3,12/26/24,0,24.5,27.2,29.8,22.7,0.26,1.59
KAT_TEE_3,12/27/24,0,25.7,30.2,34.8,26.2,0.32,2.08
KAT_TEE_3,12/28/24,0.03,29.5,37,44.6,30.3,0.22,4.26
KAT_TEE_3,12/29/24,0.02,35.5,43.3,51,42,0.04,2.24
KAT_TEE_3,12/30/24,0.34,35.3,47.2,59.2,44.9,0.12,4.5
KAT_TEE_3,12/31/24,0.2,28.4,33,37.6,32.3,0.07,1.33
,,,,,,,,
POV_DUN,1/1/24,0.02,29.1,31.8,34.5,27.1,0.23,1.91
POV_DUN,1/2/24,0,24.9,27.5,30,21.5,0.53,1.53
POV_DUN,1/3/24,0,27.3,32.2,37.2,23.2,0.9,3.11
POV_DUN,1/4/24,0.03,30.8,32.9,35,26.2,0.75,2.29
POV_DUN,1/5/24,0.03,20.4,26.4,32.4,16.3,0.69,2.19
POV_DUN,1/6/24,0,16.4,23.6,30.9,15.2,0.4,2.63
POV_DUN,1/7/24,0.52,20.7,25,29.3,22.9,0.23,1.65
POV_DUN,1/8/24,0.14,27.1,29.3,31.4,25.6,0.24,1.07
POV_DUN,1/9/24,0,27.5,31.9,36.2,26.8,0.4,2.08
POV_DUN,1/10/24,0.76,31.8,39.4,47,33.7,0.53,2.73
POV_DUN,1/11/24,0.02,30.7,36.1,41.5,27.3,0.58,3.68
POV_DUN,1/12/24,0,29.8,34.1,38.4,28,0.4,2.97
POV_DUN,1/13/24,0.39,29,35.8,42.6,30.2,0.23,4.33
POV_DUN,1/14/24,0.02,27.1,35.4,43.7,21.2,0.39,3.85
POV_DUN,1/15/24,0.02,7.9,18.2,28.6,4.8,0.61,2.61
POV_DUN,1/16/24,0.03,7.7,15.1,22.4,5,0.46,2.5
POV_DUN,1/17/24,0.1,5.3,13.1,20.9,8,0.35,1.27
POV_DUN,1/18/24,0,6,12.3,18.6,-1.8,0.7,2.35
POV_DUN,1/19/24,0,14,19.6,25.3,12.1,0.39,2
POV_DUN,1/20/24,0.13,10,17.3,24.6,10.3,0.39,1.16
POV_DUN,1/21/24,0.03,9.8,12.8,15.7,5.9,0.54,0.98
POV_DUN,1/22/24,0,6.2,14.3,22.4,7.8,0.3,1.87
POV_DUN,1/23/24,0,7.8,20.9,34,14.4,0.34,4.07
POV_DUN,1/24/24,0.24,31.3,33.5,35.7,29.6,0.37,1.62
POV_DUN,1/25/24,0.68,33.9,38.6,43.2,35.5,0.22,1.53
POV_DUN,1/26/24,0.58,37.3,41.9,46.6,39,0.27,1.32
POV_DUN,1/27/24,0.02,33.8,45.1,56.5,36.8,0.38,4.3
POV_DUN,1/28/24,0.09,34.4,37.5,40.7,34.8,0.33,1.65
POV_DUN,1/29/24,0.71,29.7,34.1,38.4,30.7,0.23,1.29
POV_DUN,1/30/24,0,26.6,29.1,31.5,24.3,0.52,1.42
POV_DUN,1/31/24,0,26.9,29.1,31.4,24.9,0.67,1.29
POV_DUN,2/1/24,0,30.3,33.7,37.2,28.9,0.69,2.16
POV_DUN,2/2/24,0.04,33.8,35.9,38,32.8,0.29,1.8
POV_DUN,2/3/24,0,25.8,31.8,37.8,26.9,0.17,2.26
POV_DUN,2/4/24,0,20.2,27.5,34.7,21.1,0.32,2.72
POV_DUN,2/5/24,0,22.5,31,39.5,23.3,0.3,4.36
POV_DUN,2/6/24,0,15.9,26.5,37.1,19.3,0.34,3.55
POV_DUN,2/7/24,0,17.2,27.7,38.3,18.9,0.28,4.09
POV_DUN,2/8/24,0,20.2,33.1,45.9,22.8,0.39,6.81
POV_DUN,2/9/24,0,29.4,41.2,52.9,24.8,1.46,9.37
POV_DUN,2/10/24,0,38.3,48.6,58.9,35.1,1.44,9.46
POV_DUN,2/11/24,0.16,34.2,45.4,56.6,35.8,0.91,6.08
POV_DUN,2/12/24,0,28.1,32.9,37.8,26.4,0.72,2.71
POV_DUN,2/13/24,0,27.3,31.5,35.6,24.6,0.65,2.64
POV_DUN,2/14/24,0.02,19.3,27.9,36.5,19.3,0.72,3.57
POV_DUN,2/15/24,0.01,15.5,22.4,29.2,12.2,0.48,2.9
POV_DUN,2/16/24,0.01,17.3,26.7,36.1,19.1,0.51,3.71
POV_DUN,2/17/24,0.18,21.9,27.6,33.3,17,0.32,3.71
POV_DUN,2/18/24,0.07,13.6,20.3,27,11.6,0.41,2.14
POV_DUN,2/19/24,0.01,17.2,23.5,29.8,13.7,0.97,2.62
POV_DUN,2/20/24,0,5.6,15.9,26.3,5.7,0.34,2.6
POV_DUN,2/21/24,0,7.9,23,38.1,13.9,0.35,4.86
POV_DUN,2/22/24,0.03,24.7,34.8,44.8,22.2,1.36,5.95
POV_DUN,2/23/24,0.35,31.7,34.6,37.5,32,0.26,1.69
POV_DUN,2/24/24,0,16.3,34.1,51.9,27.9,0.24,6.7
POV_DUN,2/25/24,0,9.4,15.8,22.3,5.9,0.31,2.2
POV_DUN,2/26/24,0,12.7,27.7,42.6,15.8,0.52,6.68
POV_DUN,2/27/24,0,31.8,44.1,56.3,28.6,1.27,10.17
POV_DUN,2/28/24,0.15,41.4,53.1,64.7,41.6,1.04,12.85
POV_DUN,2/29/24,0.23,20.9,40,59.2,30.2,0.71,4.51
POV_DUN,3/1/24,0,15.3,22.1,28.8,10.9,0.37,3.05
POV_DUN,3/2/24,0.05,18.4,33.8,49.2,21.7,0.43,8.37
POV_DUN,3/3/24,0.26,35,40.6,46.2,40.8,0,1.17
POV_DUN,3/4/24,0,37.3,43.7,50.1,40,0.17,3.37
POV_DUN,3/5/24,0,41.6,54.7,67.8,43.7,0.8,13.05
POV_DUN,3/6/24,0.12,45.4,49.2,53,45.3,0.41,2.54
POV_DUN,3/7/24,0.6,35.8,45.4,55.1,43.3,0.08,1.92
POV_DUN,3/8/24,0,26.8,35.6,44.3,31.6,0.17,2.82
POV_DUN,3/9/24,0,29.3,43.6,57.9,27,0.34,11.86
POV_DUN,3/10/24,0.97,33.5,38.3,43.1,34.6,0,4.21
POV_DUN,3/11/24,0.2,25.2,32.2,39.2,25.6,0.25,2.88
POV_DUN,3/12/24,0,27.8,35.2,42.6,20.8,0.96,5.41
POV_DUN,3/13/24,0,32.3,45.5,58.6,32.5,0.73,10.27
POV_DUN,3/14/24,0,34.4,52.7,71,36.8,0.7,17.65
POV_DUN,3/15/24,0.27,35.6,50.6,65.5,35.9,0.28,16.61
POV_DUN,3/16/24,0.09,31.5,37.2,42.8,36.6,0.05,1.4
POV_DUN,3/17/24,0.06,35,45.3,55.7,30.7,0.46,10.06
POV_DUN,3/18/24,0.03,27.3,37.5,47.7,26.9,0.38,6.86
POV_DUN,3/19/24,0.08,24.4,29.7,35,20.9,0.31,3.15
POV_DUN,3/20/24,0.02,25.2,31.4,37.6,25.3,0.28,3.88
POV_DUN,3/21/24,0.12,19.7,30,40.3,19.4,0.26,3.29
POV_DUN,3/22/24,0,12.7,20.8,28.8,10.9,0.39,2.89
POV_DUN,3/23/24,0.63,16.4,24.5,32.7,19.6,0.15,2.83
POV_DUN,3/24/24,0.23,19.5,25.3,31.2,21.5,0.17,0.92
POV_DUN,3/25/24,0,18,25.8,33.5,15.6,0.33,3.71
POV_DUN,3/26/24,0,25.5,40,54.6,20.6,1.21,10.55
POV_DUN,3/27/24,0,35.2,46.9,58.6,38.3,1.82,8.1
POV_DUN,3/28/24,0,34.4,46.4,58.4,38,0.77,6.98
POV_DUN,3/29/24,0,26.6,35.7,44.7,23.4,0.7,5.73
POV_DUN,3/30/24,0,27.8,34.3,40.7,23.7,0.94,4.19
POV_DUN,3/31/24,0,30.6,39.7,48.9,26.7,1.1,7.41
POV_DUN,4/1/24,0,31.7,41.3,51,30.3,0.6,6.93
POV_DUN,4/2/24,0.01,34.8,45.6,56.4,34.4,0.7,7.83
POV_DUN,4/3/24,0.73,38.1,40.9,43.6,38.6,0.29,2.02
POV_DUN,4/4/24,1.33,33.6,37.7,41.9,35,0.26,1.82
POV_DUN,4/5/24,0.14,29.4,34.6,39.8,31.5,0.06,1.95
POV_DUN,4/6/24,0.22,29.9,34,38.1,31.7,0.16,2.1
POV_DUN,4/7/24,0,31.3,39.9,48.5,31,0.48,5.81
POV_DUN,4/8/24,0,29.6,42.1,54.7,26.3,0.78,10.35
POV_DUN,4/9/24,0,35.2,48.8,62.4,30.2,1.07,15.13
POV_DUN,4/10/24,0,45.3,61.1,77,36.5,3.33,26.93
POV_DUN,4/11/24,0.45,51.7,58.3,64.8,52.7,0.38,7.27
POV_DUN,4/12/24,0.57,53,59.2,65.4,55.7,0.45,7.04
POV_DUN,4/13/24,0.29,35.5,47.4,59.3,40.9,0.5,6.43
POV_DUN,4/14/24,0.31,33.8,39.7,45.6,33.8,0.37,3.97
POV_DUN,4/15/24,0.07,38.9,50.4,61.9,42.6,0.3,8.3
POV_DUN,4/16/24,0,33.6,46.9,60.3,36.4,0.48,9.7
POV_DUN,4/17/24,0,35.9,49.5,63.2,31.1,1.37,13.59
POV_DUN,4/18/24,0.22,44.2,51.1,58,44.5,0.47,9.11
POV_DUN,4/19/24,0.21,43.9,49.8,55.6,47,0.2,2.93
POV_DUN,4/20/24,0.02,42.2,47.9,53.7,43.6,0.67,4.51
POV_DUN,4/21/24,0,33.6,43.9,54.2,26.7,1.92,8.89
POV_DUN,4/22/24,0,27.3,36,44.6,24.8,0.5,5.36
POV_DUN,4/23/24,0,30,41.8,53.7,24.5,0.74,10.12
POV_DUN,4/24/24,0.03,42.5,55.2,67.9,34.2,0.87,18.27
POV_DUN,4/25/24,0.03,23.1,38.2,53.3,30,0.4,4.69
POV_DUN,4/26/24,0,22.1,36.8,51.4,18.6,0.49,9.5
POV_DUN,4/27/24,0,33.9,49,64.1,23.2,2.48,16.41
POV_DUN,4/28/24,0.1,46,52.1,58.1,39.1,1,11.31
POV_DUN,4/29/24,0.15,51.7,62.2,72.7,57.2,0.25,11.47
POV_DUN,4/30/24,0.12,57.4,67.1,76.9,57.4,0.74,14.76
POV_DUN,5/1/24,0.13,49.4,63.7,78,54,0.23,17.54
POV_DUN,5/2/24,0,51,62.9,74.8,49.3,0.52,18.07
POV_DUN,5/3/24,0,41.8,55.7,69.6,44.6,0.24,14.43
POV_DUN,5/4/24,0,50.4,63.6,76.8,47.6,2.18,20.31
POV_DUN,5/5/24,0.19,47.6,57.5,67.5,45.1,0.88,11.9
POV_DUN,5/6/24,0.05,48.3,52.7,57,50.6,0.52,3.12
POV_DUN,5/7/24,0,34.8,52.6,70.3,42.6,0.24,16.5
POV_DUN,5/8/24,0.15,46.2,60.8,75.5,43.8,0.02,22.49
POV_DUN,5/9/24,0,47.5,63.2,78.8,47.5,0.8,24.01
POV_DUN,5/10/24,0.16,47.5,54,60.6,44.3,0.57,8.91
POV_DUN,5/11/24,0.34,46.5,49.2,51.9,46.3,0.4,2.7
POV_DUN,5/12/24,0.29,44.9,52.9,60.9,44.6,0.45,9.17
POV_DUN,5/13/24,0,41.9,50.1,58.2,44.3,0.18,6.76
POV_DUN,5/14/24,0.03,48.1,58,67.9,50.2,0.84,9.96
POV_DUN,5/15/24,0.04,55.4,67.5,79.7,54.1,0.24,21.34
POV_DUN,5/16/24,0.04,53.4,58.9,64.5,56.3,0.15,5.15
POV_DUN,5/17/24,0,51.4,62.1,72.9,54.3,0.29,13.55
POV_DUN,5/18/24,0.18,57.2,65.2,73.3,54.4,0.74,13.87
POV_DUN,5/19/24,0.03,56.9,62.3,67.7,58.7,0.46,5.06
POV_DUN,5/20/24,0,52.4,65.9,79.4,56.5,0.18,19.33
POV_DUN,5/21/24,0,58.1,71.9,85.7,59.6,0.72,25.03
POV_DUN,5/22/24,0,58.6,72.9,87.3,57.5,2.07,29.64
POV_DUN,5/23/24,0.05,61.7,74.9,88,61,1.58,27.52
POV_DUN,5/24/24,0,45,61.6,78.2,48.9,0.38,22.03
POV_DUN,5/25/24,0,44.8,62,79.3,47.4,0.07,23.41
POV_DUN,5/26/24,0.3,53,67.8,82.6,56.1,0,22.67
POV_DUN,5/27/24,0.05,58.6,69,79.4,58.4,0.34,20.11
POV_DUN,5/28/24,0.16,59.1,67,74.9,60.4,1.4,10.18
POV_DUN,5/29/24,0.07,51.9,60.7,69.5,53.7,0.35,10.41
POV_DUN,5/30/24,0,39.6,52.6,65.5,45.3,0.17,11.21
POV_DUN,5/31/24,0,35.3,49.3,63.3,38.1,0,12.16
POV_DUN,6/1/24,0,40.1,55.5,70.8,39.9,0.17,18.61
POV_DUN,6/2/24,0,48.8,63.6,78.4,43,1.77,25.68
POV_DUN,6/3/24,0.2,55.5,67.7,79.8,55.9,0.48,20.58
POV_DUN,6/4/24,0,54,65.7,77.3,58.7,0.13,14.99
POV_DUN,6/5/24,0,58.1,71.7,85.3,57.9,1.33,26.5
POV_DUN,6/6/24,0,66.1,73.5,80.9,64.6,1.19,14.36
POV_DUN,6/7/24,0.52,52.4,64.5,76.5,58.3,0.49,14.4
POV_DUN,6/8/24,0.12,53.9,62.4,70.8,52,1.3,12.53
POV_DUN,6/9/24,0.51,53.2,62.6,72,50.2,0.96,14.95
POV_DUN,6/10/24,0.33,49.6,58.7,67.9,50.9,0.27,11.58
POV_DUN,6/11/24,0,52,57,61.9,49.4,1.54,6.39
POV_DUN,6/12/24,0,53.6,57.1,60.6,51.6,1.04,5.78
POV_DUN,6/13/24,0,48.9,60.5,72.1,51,0.3,14.1
POV_DUN,6/14/24,0,59.9,72.6,85.4,56.7,2.92,26.66
POV_DUN,6/15/24,0,49.8,64.7,79.5,52.4,0.35,21.38
POV_DUN,6/16/24,0,42.4,57.8,73.1,46.6,0.18,16.51
POV_DUN,6/17/24,0,53.6,66.4,79.3,51.8,2.92,21.47
POV_DUN,6/18/24,0.48,64.8,77.5,90.1,64.3,1.25,27.21
POV_DUN,6/19/24,0.06,70.6,80.5,90.4,69.9,2.03,23.01
POV_DUN,6/20/24,0,70.1,80.6,91,69.8,2.74,24.44
POV_DUN,6/21/24,0.03,66.1,77.8,89.6,68.8,0.65,22.31
POV_DUN,6/22/24,0,66.2,77,87.8,68.4,0.4,20.92
POV_DUN,6/23/24,0.03,69.3,79.1,88.9,68.3,1.87,23.47
POV_DUN,6/24/24,0.35,61.2,72,82.9,64.1,2.76,14.4
POV_DUN,6/25/24,0,51.2,63.3,75.5,52.9,0.27,17.48
POV_DUN,6/26/24,0,61.7,72.1,82.6,56.5,2.65,26.51
POV_DUN,6/27/24,0.39,57.7,71.1,84.5,59,0.37,26.77
POV_DUN,6/28/24,0,43.2,56,68.7,48.7,0.12,12.43
POV_DUN,6/29/24,0.12,53.8,65,76.3,50.4,0.84,20.88
POV_DUN,6/30/24,0.84,64.3,68.8,73.3,67.2,1.09,4.49
POV_DUN,7/1/24,0.14,55.4,68.1,80.7,57.7,1.08,14.97
POV_DUN,7/2/24,0,45.8,58.3,70.8,50.6,0.07,12.42
POV_DUN,7/3/24,0,54.6,67.1,79.7,54,1.6,21.78
POV_DUN,7/4/24,0,66.1,75.2,84.2,61.6,3.59,20.58
POV_DUN,7/5/24,0,68.1,78,87.9,67.9,0.8,22.07
POV_DUN,7/6/24,0.1,69.3,77.7,86,69.8,0.95,17.38
POV_DUN,7/7/24,0,58.7,73.5,88.4,64,0.41,26.64
POV_DUN,7/8/24,0,60.2,72.6,85,62.3,0.38,21.55
POV_DUN,7/9/24,0,64.7,77.1,89.5,64.7,0.78,27.07
POV_DUN,7/10/24,0,67.8,78.5,89.2,66.8,1.1,26.89
POV_DUN,7/11/24,0.08,66.3,78.9,91.5,70.6,0.41,23.24
POV_DUN,7/12/24,0.08,64,70.5,77,65,0.43,9.81
POV_DUN,7/13/24,0,62.7,73.5,84.2,64.2,0.37,19.77
POV_DUN,7/14/24,0,57.7,71.4,85.2,62.9,0.29,22.32
POV_DUN,7/15/24,0.04,64.8,76.9,89.1,62.6,1.47,32.23
POV_DUN,7/16/24,0.34,61.9,76.3,90.6,66.3,0.28,26.11
POV_DUN,7/17/24,0.16,62.9,75.5,88.2,66.1,0.46,20.72
POV_DUN,7/18/24,0.12,59.6,71,82.4,65.6,0.22,14.44
POV_DUN,7/19/24,0,49.7,62.5,75.3,54.4,0,15.64
POV_DUN,7/20/24,0,51,64.5,77.9,54.8,0,18.54
POV_DUN,7/21/24,0,54,68,82,56.7,0.42,21.43
POV_DUN,7/22/24,0,59,70.4,81.8,59.9,0.76,19.83
POV_DUN,7/23/24,0.54,63.5,73.3,83.1,63.5,0.35,20.95
POV_DUN,7/24/24,0.05,62.8,73.2,83.7,63.8,0.44,20.54
POV_DUN,7/25/24,1.98,61.2,71.4,81.6,65,0.15,13.57
POV_DUN,7/26/24,0,52.3,64.1,75.8,54.3,0.39,16.88
POV_DUN,7/27/24,0,49,63.2,77.3,51.6,0.47,18.89
POV_DUN,7/28/24,0,53.9,67.9,81.9,55.6,0.34,22.73
POV_DUN,7/29/24,0,56.5,70.7,84.9,58.2,0.4,25.67
POV_DUN,7/30/24,0,60.4,72.9,85.5,63.1,0.5,23.4
POV_DUN,7/31/24,0.32,69.1,77,84.8,68.4,1.78,16.71
POV_DUN,8/1/24,0.29,61.3,71.7,82.1,66.9,0,13.64
POV_DUN,8/2/24,0,66.5,77.6,88.7,67.3,0.61,23.53
POV_DUN,8/3/24,0.62,68.5,75.1,81.7,68.2,0.88,11.46
POV_DUN,8/4/24,0.67,67.4,73.9,80.3,68.4,0.63,12.29
POV_DUN,8/5/24,0,58.8,72.3,85.7,63.7,0.05,22.08
POV_DUN,8/6/24,0.69,65.5,75.4,85.2,67,0.24,18.9
POV_DUN,8/7/24,0.07,60.2,65.6,71.1,62.3,0.9,5.42
POV_DUN,8/8/24,0,62,68.7,75.5,60.1,1.75,12.22
POV_DUN,8/9/24,0.87,64.7,67.6,70.5,64.8,0.71,4.5
POV_DUN,8/10/24,1.14,56.3,68,79.7,65.5,0.15,9.58
POV_DUN,8/11/24,0,51.3,64.5,77.8,54.6,0.1,18.07
POV_DUN,8/12/24,0.15,52.5,63.5,74.5,54.6,0.35,14.66
POV_DUN,8/13/24,0.06,55.6,62.6,69.7,56,0.49,9.71
POV_DUN,8/14/24,0,50.3,63.7,77,56.2,0,15.42
POV_DUN,8/15/24,0,51.9,66.1,80.2,57.8,0,18.07
POV_DUN,8/16/24,0,51.7,66.9,82.1,58.1,0,21.58
POV_DUN,8/17/24,0.19,58,71.5,85,60.6,0.4,26.04
POV_DUN,8/18/24,0.24,67,69.6,72.1,64.8,1.65,5.18
POV_DUN,8/19/24,0.24,62.9,72,81.2,65.6,0.24,14.36
POV_DUN,8/20/24,0.24,54.1,60.3,66.6,55.2,0.88,3.42
POV_DUN,8/21/24,0,47.2,55.1,62.9,48.3,0.14,8.35
POV_DUN,8/22/24,0.29,48.5,56.6,64.6,50.5,0.21,8.67
POV_DUN,8/23/24,0,45.9,58.5,71.1,50.6,0,13.84
POV_DUN,8/24/24,0,49.1,62.9,76.8,53.2,0.05,18.71
POV_DUN,8/25/24,0,52.3,66.8,81.3,56.5,0,22.03
POV_DUN,8/26/24,0,50.7,66,81.3,57.2,0,21.21
POV_DUN,8/27/24,0,52.6,67.4,82.2,59.5,0,19.57
POV_DUN,8/28/24,0.01,58.4,71.6,84.9,64.3,0.46,23.43
POV_DUN,8/29/24,0,62.3,72.9,83.5,65,1.47,15.83
POV_DUN,8/30/24,0.05,63.4,68.6,73.8,62.7,1.14,8.52
POV_DUN,8/31/24,0,64.6,66.7,68.9,61.9,2,4.54
POV_DUN,9/1/24,0.02,61.6,67.7,73.8,64.8,0.31,5.6
POV_DUN,9/2/24,0.02,50.5,66.9,83.4,57.3,0.28,22.18
POV_DUN,9/3/24,0,38.7,52.1,65.6,45.1,0,11.04
POV_DUN,9/4/24,0,42.5,56.7,70.9,46.5,0,15.52
POV_DUN,9/5/24,0,46.5,61.3,76.2,50.4,0.06,18.76
POV_DUN,9/6/24,0,50.2,63.9,77.5,50,0.86,21.61
POV_DUN,9/7/24,0.05,55.8,67.4,79,56.8,0.98,18.04
POV_DUN,9/8/24,0.4,42,54.7,67.4,48,0.38,10.88
POV_DUN,9/9/24,0,43.1,54.2,65.3,41.7,0.8,13.42
POV_DUN,9/10/24,0.93,50.7,61.1,71.5,53.5,0.28,13
POV_DUN,9/11/24,0,42.4,56.6,70.9,47.8,0.1,15.72
POV_DUN,9/12/24,0,45.9,62.7,79.5,53,0.02,20.49
POV_DUN,9/13/24,0,51.2,66.5,81.7,56.6,0,21.24
POV_DUN,9/14/24,0,51.6,66,80.5,57.4,0.1,19.22
POV_DUN,9/15/24,0,53.8,68.2,82.7,58.8,0.03,22.49
POV_DUN,9/16/24,0,54.7,68.9,83,58.4,0.28,22.94
POV_DUN,9/17/24,0,48.4,64.9,81.5,55.5,0,21.48
POV_DUN,9/18/24,0,50.2,64.6,79.1,52.8,0.23,24.42
POV_DUN,9/19/24,0,49.2,61.8,74.5,56.5,0,12.73
POV_DUN,9/20/24,0,50.6,65.9,81.2,56.7,0.13,22.08
POV_DUN,9/21/24,0,52.7,67,81.3,56.8,0.19,22.64
POV_DUN,9/22/24,0,53.9,67.6,81.2,58.7,0.31,20.03
POV_DUN,9/23/24,0.05,56.6,66.5,76.5,57.3,0.8,14.17
POV_DUN,9/24/24,0.19,54.1,56.9,59.6,53,0.86,3.3
POV_DUN,9/25/24,0.03,55.9,58.3,60.8,52.7,1.46,4.36
POV_DUN,9/26/24,0.07,57.3,60.8,64.3,57.7,0.68,4.54
POV_DUN,9/27/24,0.05,53.8,61.9,69.9,59.2,0.19,6.26
POV_DUN,9/28/24,0,55.1,64.4,73.7,56,0.47,15.63
POV_DUN,9/29/24,0.27,60.3,66.2,72.1,60.2,1.05,8.69
POV_DUN,9/30/24,0.15,58.9,61.1,63.2,58.4,0.74,3.01
POV_DUN,10/1/24,0,53.6,63.3,73,57.2,0.15,11.97
POV_DUN,10/2/24,0.01,55.3,62.6,70,53,0.62,11.31
POV_DUN,10/3/24,0.11,46.5,52.7,58.9,51.4,0.14,2.73
POV_DUN,10/4/24,0,45.3,57.7,70.2,48.7,0.07,14.72
POV_DUN,10/5/24,0.02,46.7,61.4,76.1,51.8,0.15,17.44
POV_DUN,10/6/24,0,39,52.2,65.4,44,0.1,11.89
POV_DUN,10/7/24,0.05,42.3,57.6,73,49.8,0.34,16.42
POV_DUN,10/8/24,0,36.6,48.5,60.4,43.5,0,7.33
POV_DUN,10/9/24,0.01,34.8,48.4,62,39.8,0,11.65
POV_DUN,10/10/24,0.15,37.3,48.3,59.3,38.8,0.28,10.19
POV_DUN,10/11/24,0,30.8,39.6,48.4,36.1,0,4.12
POV_DUN,10/12/24,0,31.9,48.8,65.7,43.3,0,11.96
POV_DUN,10/13/24,0.53,35.2,47.9,60.6,37.9,0.16,11.18
POV_DUN,10/14/24,0.33,43.1,44.9,46.7,43.1,0.24,0.88
POV_DUN,10/15/24,0.27,34.4,40.4,46.4,37.1,0.11,2.17
POV_DUN,10/16/24,0.31,36.5,42.7,48.8,35.6,0.28,5.28
POV_DUN,10/17/24,0.14,31.6,39.3,47.1,34,0.14,3.98
POV_DUN,10/18/24,0,29.7,42.6,55.4,35,0,7.94
POV_DUN,10/19/24,0,28.9,45.8,62.8,37.1,0,12.1
POV_DUN,10/20/24,0,32,50,67.9,35.9,0.19,16.29
POV_DUN,10/21/24,0,34,52.9,71.7,38.8,0.29,19.14
POV_DUN,10/22/24,0,41.4,60.2,78.9,47.3,0,20.67
POV_DUN,10/23/24,0,45.2,62.7,80.3,45.9,0.53,26.06
POV_DUN,10/24/24,0.03,47.1,62.1,77.2,45.7,1.64,21.81
POV_DUN,10/25/24,0,26.5,39.2,51.9,33,0,6.34
POV_DUN,10/26/24,0,27.4,42.8,58.1,38,0.04,9.94
POV_DUN,10/27/24,0.02,27,40.3,53.6,32.6,0.13,8
POV_DUN,10/28/24,0,27.9,40.1,52.3,28.9,0.21,8.69
POV_DUN,10/29/24,0,32.4,45.4,58.4,29.3,0.55,11.84
POV_DUN,10/30/24,0.17,40.3,49.7,59,43.3,0.65,7.89
POV_DUN,10/31/24,0,44.6,61.3,78,49.7,0.36,19.16
POV_DUN,11/1/24,0.02,49.5,63.2,77,54,1.01,17.79
POV_DUN,11/2/24,0,40.4,52.1,63.8,38.6,1.91,9.06
POV_DUN,11/3/24,0,25,34.7,44.5,29.9,0.14,3.49
POV_DUN,11/4/24,0,26.2,38.9,51.6,26.2,0.15,8.66
POV_DUN,11/5/24,0,40.7,48.7,56.8,34.4,3,9.34
POV_DUN,11/6/24,0,51.6,64,76.5,52.2,2.45,17.85
POV_DUN,11/7/24,0.01,48.7,59.3,70,55.1,0.32,8.26
POV_DUN,11/8/24,0,31.4,42.8,54.3,38.4,0.03,5.14
POV_DUN,11/9/24,0,28.3,43.4,58.5,32.3,0.39,9.4
POV_DUN,11/10/24,0,27.2,36.8,46.4,25.1,0.55,6.32
POV_DUN,11/11/24,0.33,37.3,45.7,54.2,38.2,0.35,9.23
POV_DUN,11/12/24,0.08,35.6,45.1,54.5,41.2,0.49,5.1
POV_DUN,11/13/24,0.01,21.3,31.2,41.1,25.6,0.2,3.87
POV_DUN,11/14/24,0,22.5,35.2,47.8,20.2,0.31,8.24
POV_DUN,11/15/24,0,31.5,37.5,43.5,22.9,1.51,5.54
POV_DUN,11/16/24,0,35.2,41.5,47.8,36.1,0.57,3.9
POV_DUN,11/17/24,0,29.5,40,50.6,32.3,0.12,6.86
POV_DUN,11/18/24,0.04,30.6,41.2,51.7,35.9,0.12,6.16
POV_DUN,11/19/24,0,28.4,42.5,56.7,35.5,0.1,8.47
POV_DUN,11/20/24,0.02,30.2,41.6,53,37.7,0.11,6.79
POV_DUN,11/21/24,0.42,34.2,44.2,54.2,43.4,0.18,3.07
POV_DUN,11/22/24,0.86,32.2,36.5,40.9,33.4,0.11,2.1
POV_DUN,11/23/24,0.54,30.7,33.9,37.2,32.3,0.07,1.11
POV_DUN,11/24/24,0.15,35.8,39.7,43.6,34.9,0.32,2.93
POV_DUN,11/25/24,0,29,36.6,44.3,30.5,0.27,4.43
POV_DUN,11/26/24,0.32,29.7,38.7,47.6,34.9,0.2,5.34
POV_DUN,11/27/24,0.02,32.7,41.4,50.2,32.4,0.31,4.83
POV_DUN,11/28/24,0.26,32.2,38.6,45.1,28.8,0.17,5.37
POV_DUN,11/29/24,0.35,31.4,34.1,36.9,30.3,0.09,2
POV_DUN,11/30/24,0.04,24.6,30.1,35.5,21.9,0.65,2.5
POV_DUN,12/1/24,0,20.6,25.2,29.8,15.4,0.94,2.24
POV_DUN,12/2/24,0,21.4,25.7,30,16.8,0.7,2.52
POV_DUN,12/3/24,0.08,24.4,28.4,32.4,23.3,0.25,2.49
POV_DUN,12/4/24,0.01,15.9,24.2,32.6,17.4,0.34,3.26
POV_DUN,12/5/24,0.04,23.8,27.4,31.1,21.7,0.45,2.38
POV_DUN,12/6/24,0.12,20.2,26.5,32.9,20.1,0.34,2.59
POV_DUN,12/7/24,0.01,20.3,24.4,28.6,16.2,0.64,2.88
POV_DUN,12/8/24,0.03,25.3,30.9,36.5,21.9,0.4,3.33
POV_DUN,12/9/24,0,32.7,38.1,43.5,31.4,0.41,3.98
POV_DUN,12/10/24,0.3,35.2,39.1,43,38.6,0.16,1.63
POV_DUN,12/11/24,0.22,41.5,46.1,50.7,45.1,0.31,1.77
POV_DUN,12/12/24,0.62,28.1,38.4,48.7,32.1,0.22,2.67
POV_DUN,12/13/24,0,13.8,21.1,28.5,7.7,0.68,2.73
POV_DUN,12/14/24,0,8.3,16.6,24.8,6.6,0.29,2.6
POV_DUN,12/15/24,0,8.9,19.3,29.8,12.4,0.29,2.86
POV_DUN,12/16/24,0.18,20.9,27.6,34.3,25.7,0.25,2.1
POV_DUN,12/17/24,0.09,33.9,38.5,43,37.7,0.3,1.1
POV_DUN,12/18/24,0,29.3,38.9,48.4,32.9,0.15,4.5
POV_DUN,12/19/24,0.23,28.6,33.8,39,31.2,0.04,1.95
POV_DUN,12/20/24,0,25.8,28.7,31.6,21.6,0.65,2.19
POV_DUN,12/21/24,0.37,18.7,25,31.2,22.4,0.27,1.27
POV_DUN,12/22/24,0.08,4.5,12.2,19.9,7.5,0.35,1.21
POV_DUN,12/23/24,0,-5.9,3.2,12.3,-3.6,0.18,1.13
POV_DUN,12/24/24,0.13,0.1,13,25.9,11.3,0.26,1.97
POV_DUN,12/25/24,0,24.7,29,33.4,25.6,0.34,1.33
POV_DUN,12/26/24,0,14.5,21.7,29,16.4,0.28,1.85
POV_DUN,12/27/24,0,13.3,20,26.7,14.9,0.23,1.49
POV_DUN,12/28/24,0,16.2,27.4,38.5,26.4,0.25,2.86
POV_DUN,12/29/24,0.01,36.4,41.5,46.5,38.3,0.13,2.1
POV_DUN,12/30/24,0.08,38.5,48.6,58.7,47,0.18,4.35
POV_DUN,12/31/24,0.05,31.1,39.1,47.2,32.2,0.6,4.58
,,,,,,,,
SEA_HOO,1/1/24,0.03,27.9,31.3,34.6,27.2,0.21,1.83
SEA_HOO,1/2/24,0,26,27.3,28.7,21.7,0.7,1.38
SEA_HOO,1/3/24,0,29,32.5,36,24.1,1,2.66
SEA_HOO,1/4/24,0,31.6,33.5,35.5,26.5,0.83,2.25
SEA_HOO,1/5/24,0,20.6,26.1,31.6,15.2,0.86,2.28
SEA_HOO,1/6/24,0,19.5,25,30.6,17.9,0.46,2.37
SEA_HOO,1/7/24,0.56,23.8,26.8,29.8,23.9,0.08,1.83
SEA_HOO,1/8/24,0.04,27.7,29.2,30.8,25.4,0.16,1.09
SEA_HOO,1/9/24,0,28.9,32.8,36.7,25.7,0.71,2.54
SEA_HOO,1/10/24,0.3,32.6,40.2,47.7,32.1,0.95,3.41
SEA_HOO,1/11/24,0.01,31.5,36.3,41,27.8,0.58,3.38
SEA_HOO,1/12/24,0.02,30.9,34.3,37.6,28.4,0.45,2.58
SEA_HOO,1/13/24,0.47,28.7,34.9,41.1,30.3,0.06,3.95
SEA_HOO,1/14/24,0,26.7,33.9,41.1,20.3,0.33,3.43
SEA_HOO,1/15/24,0,10.4,18.6,26.8,5.2,0.82,2.38
SEA_HOO,1/16/24,0,9.6,15.9,22.3,5.1,0.66,2.47
SEA_HOO,1/17/24,0.07,6.4,13.2,19.9,7,0.31,1.33
SEA_HOO,1/18/24,0,8.2,13.8,19.5,0.3,0.8,2.31
SEA_HOO,1/19/24,0.02,18.7,22.2,25.7,15.7,0.43,1.68
SEA_HOO,1/20/24,0.08,9.7,16.3,22.9,10.4,0.41,0.94
SEA_HOO,1/21/24,0.01,9.9,12.7,15.6,5.8,0.5,1.01
SEA_HOO,1/22/24,0,9.5,16.9,24.3,9.1,0.49,2.31
SEA_HOO,1/23/24,0,10.5,23,35.4,15.8,0.4,4.38
SEA_HOO,1/24/24,0.26,30.9,33.4,35.8,30.8,0.2,1.4
SEA_HOO,1/25/24,0.31,34.8,39.1,43.4,37,0.07,1.61
SEA_HOO,1/26/24,0.7,35.4,38.5,41.5,37.3,0.06,0.62
SEA_HOO,1/27/24,0.02,33.8,42.7,51.6,36.5,0.13,2.51
SEA_HOO,1/28/24,0.15,34,37.4,40.8,35.4,0.08,1.49
SEA_HOO,1/29/24,0.51,29.9,33.6,37.4,31.1,0.06,0.81
SEA_HOO,1/30/24,0.02,28.5,30.2,31.9,25.9,0.42,1.23
SEA_HOO,1/31/24,0,25.7,29.2,32.7,26.3,0.38,1.31
SEA_HOO,2/1/24,0,29,34,39.1,29.7,0.53,2.33
SEA_HOO,2/2/24,0.06,34.8,36.7,38.5,33.3,0.28,1.93
SEA_HOO,2/3/24,0.02,28.5,31.8,35.2,27.6,0.44,1.35
SEA_HOO,2/4/24,0,21.6,28.4,35.3,22.1,0.34,2.71
SEA_HOO,2/5/24,0,22.5,31.5,40.6,25,0.26,4.22
SEA_HOO,2/6/24,0,17.4,26.2,35,20.2,0.43,2.79
SEA_HOO,2/7/24,0,18.9,28.2,37.5,20.3,0.27,3.69
SEA_HOO,2/8/24,0,23.9,34.3,44.8,25,0.49,5.68
SEA_HOO,2/9/24,0,32.2,42.9,53.6,25.6,1.67,9.59
SEA_HOO,2/10/24,0,41.3,50.3,59.2,37.4,1.95,8.8
SEA_HOO,2/11/24,0.01,35.4,45.4,55.4,35.2,1.47,5.8
SEA_HOO,2/12/24,0,28.6,32.7,36.8,26,0.83,2.56
SEA_HOO,2/13/24,0,28.6,31.8,35,24.3,0.96,2.64
SEA_HOO,2/14/24,0,19,27.4,35.8,18.8,0.82,3.28
SEA_HOO,2/15/24,0,17.1,23.3,29.6,12,0.55,3.03
SEA_HOO,2/16/24,0,19,27.3,35.6,19.1,0.46,3.45
SEA_HOO,2/17/24,0.09,21.6,27.1,32.7,16.4,0.38,3.6
SEA_HOO,2/18/24,0.04,17.9,21.9,25.8,12.1,0.55,1.97
SEA_HOO,2/19/24,0,17.5,23.6,29.7,14.4,0.98,2.42
SEA_HOO,2/20/24,0,10.4,18.6,26.8,9.4,0.42,2.44
SEA_HOO,2/21/24,0,16.5,28.1,39.7,16.4,0.69,4.95
SEA_HOO,2/22/24,0,28.7,37.3,45.9,23.5,1.84,6.07
SEA_HOO,2/23/24,0.26,33.6,35.4,37.2,32.7,0.44,1.63
SEA_HOO,2/24/24,0,15.9,35.2,54.5,26.2,0.52,8.33
SEA_HOO,2/25/24,0,11.6,17,22.5,6.8,0.49,2.14
SEA_HOO,2/26/24,0,18,31.8,45.6,15.7,1,8.07
SEA_HOO,2/27/24,0,30.6,41.9,53.2,29.8,0.84,7.98
SEA_HOO,2/28/24,0.18,44.6,55.2,65.7,40.7,1.01,13.41
SEA_HOO,2/29/24,0.29,21.5,40.6,59.7,28.1,0.9,4.82
SEA_HOO,3/1/24,0,18.3,22.9,27.4,11.2,0.53,2.78
SEA_HOO,3/2/24,0.06,24.2,36.9,49.5,22.6,0.56,8.32
SEA_HOO,3/3/24,0.08,37.7,42.5,47.2,41.1,0.15,1.51
SEA_HOO,3/4/24,0,34.6,42.4,50.2,40,0.05,3.33
SEA_HOO,3/5/24,0,42.5,55.2,67.9,44.3,0.89,12.85
SEA_HOO,3/6/24,0.11,48.3,55,61.7,47.1,0.37,6.53
SEA_HOO,3/7/24,0.63,35.2,44.1,53,41.5,0.16,1.27
SEA_HOO,3/8/24,0,27.7,37,46.3,30.1,0.32,4.19
SEA_HOO,3/9/24,0,30.2,44,57.8,30.6,0.39,10.76
SEA_HOO,3/10/24,0.45,34.8,39.9,45,36,0.07,4.33
SEA_HOO,3/11/24,0.09,26.8,33,39.1,24.6,0.36,3.04
SEA_HOO,3/12/24,0,29.5,36.9,44.3,22,1.21,5.58
SEA_HOO,3/13/24,0,36.3,47.9,59.6,33.5,1.3,11.09
SEA_HOO,3/14/24,0,35.2,52.3,69.5,37.4,0.59,16.27
SEA_HOO,3/15/24,0.34,37.4,49.2,61,38.2,0.21,11.64
SEA_HOO,3/16/24,0,35.1,39.9,44.6,36.8,0.19,2.19
SEA_HOO,3/17/24,0.07,36.9,45.6,54.3,31.3,0.87,9.31
SEA_HOO,3/18/24,0,28.1,37.2,46.2,25.9,0.77,6.3
SEA_HOO,3/19/24,0.02,25.8,30.1,34.5,20.9,0.54,3.02
SEA_HOO,3/20/24,0.03,26.7,31.3,35.9,26.7,0.26,2.88
SEA_HOO,3/21/24,0.03,20.8,29.8,38.7,18.6,0.4,2.97
SEA_HOO,3/22/24,0,16.2,22.8,29.3,10.9,0.74,3.06
SEA_HOO,3/23/24,0.44,20.1,23.6,27.2,19.1,0.17,2.18
SEA_HOO,3/24/24,0.06,16.4,22.1,27.8,19,0.22,1.31
SEA_HOO,3/25/24,0,18.2,25.4,32.6,10.4,0.76,4.22
SEA_HOO,3/26/24,0,30.4,42.5,54.6,22,2.07,10.14
SEA_HOO,3/27/24,0,40.4,48.7,57,32.7,2.31,10.01
SEA_HOO,3/28/24,0,34.6,48.2,61.7,36.4,1.51,9.49
SEA_HOO,3/29/24,0,29.8,38.5,47.2,22.7,1.53,6.7
SEA_HOO,3/30/24,0,29.7,34.5,39.2,23.9,1.31,3.88
SEA_HOO,3/31/24,0,32.8,40.6,48.4,27.6,1.58,6.85
SEA_HOO,4/1/24,0,32.9,41.6,50.3,30.8,0.77,6.47
SEA_HOO,4/2/24,0,37.1,46.2,55.4,33.2,1.24,7.6
SEA_HOO,4/3/24,0.81,38.2,41.4,44.7,39.5,0.21,1.6
SEA_HOO,4/4/24,0.84,35,39.6,44.2,36.6,0.13,2.01
SEA_HOO,4/5/24,0.13,30.6,34.9,39.3,32.4,0.15,1.48
SEA_HOO,4/6/24,0.06,31.5,34.9,38.3,33,0.18,1.82
SEA_HOO,4/7/24,0,37.1,43.7,50.2,31.3,1.49,6.6
SEA_HOO,4/8/24,0,32.1,42.7,53.3,26.1,1.27,10.01
SEA_HOO,4/9/24,0.01,38.7,49,59.2,34.2,1.15,11.48
SEA_HOO,4/10/24,0,45.8,60.5,75.2,39.3,2.84,23.88
SEA_HOO,4/11/24,0.32,50.9,58,65.1,51.4,0.23,7.64
SEA_HOO,4/12/24,0.31,54,59.8,65.7,56.6,0.39,6.76
SEA_HOO,4/13/24,0.31,37.5,48,58.5,40.4,0.69,6.58
SEA_HOO,4/14/24,0.19,38,42.7,47.3,34.3,0.69,4.57
SEA_HOO,4/15/24,0.06,41.8,51.3,60.7,43.5,0.49,6.95
SEA_HOO,4/16/24,0,38.5,49.3,60,35.3,1.83,10.35
SEA_HOO,4/17/24,0,36.6,49.8,63,32.4,1.18,12.89
SEA_HOO,4/18/24,0.46,43.2,49.2,55.3,46.8,0.23,5.83
SEA_HOO,4/19/24,0.02,43.5,51.6,59.6,48.5,0.05,5.04
SEA_HOO,4/20/24,0,41.1,49.6,58,43.1,1.18,5.79
SEA_HOO,4/21/24,0,36.8,44.4,51.9,27,2.31,7.65
SEA_HOO,4/22/24,0,32.3,38.2,44.1,26.3,1.32,5.17
SEA_HOO,4/23/24,0,34.9,44.8,54.7,26.2,1.27,10.65
SEA_HOO,4/24/24,0.04,45.4,56.2,66.9,36.5,1.05,17.11
SEA_HOO,4/25/24,0.05,26.9,39.6,52.3,29.9,0.37,4.18
SEA_HOO,4/26/24,0,24.3,36.3,48.4,20.4,0.68,7.52
SEA_HOO,4/27/24,0,35.4,48,60.6,26.5,2.46,13.71
SEA_HOO,4/28/24,0.05,48.1,52.9,57.8,43.2,1.03,8.92
SEA_HOO,4/29/24,0.06,54.4,62.4,70.4,58,0.22,8.97
SEA_HOO,4/30/24,0,53.3,61.8,70.3,55.2,0.35,8.76
SEA_HOO,5/1/24,0.04,47,58.9,70.7,53,0.05,9.83
SEA_HOO,5/2/24,0,49.9,60.6,71.2,51.6,0.06,12
SEA_HOO,5/3/24,0,44.8,57,69.2,45.4,0.67,13.85
SEA_HOO,5/4/24,0,52,64.3,76.6,50.7,2.04,19.03
SEA_HOO,5/5/24,0.41,49.1,57.1,65.1,48.1,0.61,9.65
SEA_HOO,5/6/24,0.03,50.5,56.6,62.7,52,0.65,5.48
SEA_HOO,5/7/24,0,41.5,55.5,69.5,42.6,0.69,16.19
SEA_HOO,5/8/24,0.16,51.6,62.2,72.8,44.9,0.54,20.71
SEA_HOO,5/9/24,0,47.4,61.1,74.7,47.4,0.75,20.05
SEA_HOO,5/10/24,0.12,47.1,53,59,44.1,0.23,7.92
SEA_HOO,5/11/24,0.32,43,47.6,52.2,46.5,0.11,2.63
SEA_HOO,5/12/24,0.17,46.8,54.1,61.5,46,0.31,9.57
SEA_HOO,5/13/24,0.05,46,52.3,58.6,47,0.41,5.67
SEA_HOO,5/14/24,0.03,53.4,61.1,68.7,51.3,2,10.35
SEA_HOO,5/15/24,0.04,55,66,77,54.8,0.46,17.14
SEA_HOO,5/16/24,0.08,57.3,61.3,65.4,58.2,0.26,5.11
SEA_HOO,5/17/24,0,55.7,64.1,72.5,55.9,0.37,12.47
SEA_HOO,5/18/24,0.14,58.2,65.8,73.3,56.4,0.45,12.67
SEA_HOO,5/19/24,0.01,55.4,63.5,71.6,59.6,0.22,7.01
SEA_HOO,5/20/24,0,57,67.3,77.5,59.3,0.36,15.35
SEA_HOO,5/21/24,0,63.4,73.3,83.2,61.2,2.11,19.71
SEA_HOO,5/22/24,0,63.3,74.9,86.5,58.4,3.52,27.92
SEA_HOO,5/23/24,0.08,62.7,75,87.2,60.5,2.9,26.32
SEA_HOO,5/24/24,0,54,65.8,77.5,46.1,3.37,22.44
SEA_HOO,5/25/24,0,49.7,63.9,78.2,48.2,1.05,22.09
SEA_HOO,5/26/24,0.45,57.7,67.3,76.9,58.4,0.06,17.49
SEA_HOO,5/27/24,0,61.1,68.7,76.2,59,0.61,14.33
SEA_HOO,5/28/24,0.19,59.1,67.3,75.5,59.4,1.49,11.56
SEA_HOO,5/29/24,0.28,52.6,60.3,67.9,53.9,0.32,9.12
SEA_HOO,5/30/24,0,43.1,53.7,64.2,45.8,0.25,10.2
SEA_HOO,5/31/24,0,44.4,53.1,61.9,38.6,1.45,11.54
SEA_HOO,6/1/24,0,48.8,60.1,71.4,40.4,3,18.14
SEA_HOO,6/2/24,0,55,66.3,77.5,46.4,2.58,21.85
SEA_HOO,6/3/24,0.06,58.8,68.6,78.4,56.7,0.43,18.83
SEA_HOO,6/4/24,0,58.3,67.9,77.5,60.1,0.43,14.01
SEA_HOO,6/5/24,0,64.1,74.7,85.2,59.1,3.38,26.1
SEA_HOO,6/6/24,0.03,66.2,72.4,78.6,65.5,0.32,12.02
SEA_HOO,6/7/24,0.23,58.8,68.3,77.8,58.4,0.69,16.32
SEA_HOO,6/8/24,0.15,56.2,61.8,67.3,52,2.14,9.02
SEA_HOO,6/9/24,0.7,51.9,61.9,72,50,0.24,14.66
SEA_HOO,6/10/24,0.2,50.3,58.7,67,51.4,0.34,9.9
SEA_HOO,6/11/24,0,52.3,56.9,61.6,49.4,1.35,6.09
SEA_HOO,6/12/24,0,53.8,57.1,60.4,52,0.72,5.48
SEA_HOO,6/13/24,0,55,63.2,71.4,52.2,1.24,12.31
SEA_HOO,6/14/24,0,67.1,76.4,85.7,56.4,5.96,26.86
SEA_HOO,6/15/24,0,56,67.8,79.6,52,1.9,21.46
SEA_HOO,6/16/24,0,47.5,59.7,72,48.6,0.4,14.59
SEA_HOO,6/17/24,0,58.9,69.3,79.8,53.6,4.47,20.4
SEA_HOO,6/18/24,0.21,67.6,78.3,89.1,65.5,1.57,24.16
SEA_HOO,6/19/24,0.94,71.9,81.1,90.3,70.8,1.23,22.75
SEA_HOO,6/20/24,0,70.2,80.2,90.2,71,1.26,21.23
SEA_HOO,6/21/24,0.03,67.6,77.6,87.7,69,0.81,18.35
SEA_HOO,6/22/24,0.56,69,77.2,85.4,70.1,0.46,13.93
SEA_HOO,6/23/24,0.08,72.2,79.8,87.3,70.4,1.5,18.74
SEA_HOO,6/24/24,0.25,60,71.3,82.5,63.7,1.61,13.88
SEA_HOO,6/25/24,0,58.2,67.7,77.1,53.6,2.21,19.12
SEA_HOO,6/26/24,0,67.4,74,80.6,59,4.91,21.65
SEA_HOO,6/27/24,0.19,58.1,69.9,81.8,59.1,0.26,23.26
SEA_HOO,6/28/24,0,49,59.4,69.7,50.2,0.51,13.06
SEA_HOO,6/29/24,0.2,59.6,67.3,75,53.6,1.26,17.28
SEA_HOO,6/30/24,1.08,65.5,70.8,76,68,0.74,5.63
SEA_HOO,7/1/24,0,55.2,67.5,79.9,57,0.96,14.59
SEA_HOO,7/2/24,0,50.2,60.4,70.7,50.1,0.78,12.94
SEA_HOO,7/3/24,0,60.6,69.7,78.7,55.1,4.25,18.93
SEA_HOO,7/4/24,0,69.4,77.3,85.3,64.6,3.46,19.83
SEA_HOO,7/5/24,0,69.6,77.4,85.1,68.6,1.07,18.2
SEA_HOO,7/6/24,0.03,68.1,76.4,84.8,69.7,0.43,15.81
SEA_HOO,7/7/24,0,63.1,74.4,85.6,63.3,2.12,21.32
SEA_HOO,7/8/24,0,63.1,72.6,82.1,63.4,0.77,16.97
SEA_HOO,7/9/24,0,65.8,76.4,86.9,65,1.1,23.53
SEA_HOO,7/10/24,0.07,70.1,78.5,87,67.7,1.4,22.33
SEA_HOO,7/11/24,0.69,68,79.1,90.2,71.1,0.45,20.25
SEA_HOO,7/12/24,0.06,62.4,68.5,74.6,65.2,0.29,6.74
SEA_HOO,7/13/24,0,66.9,75,83.1,65.6,1.32,16.95
SEA_HOO,7/14/24,0,62.1,72.7,83.4,63.9,0.71,18.45
SEA_HOO,7/15/24,0,69.5,78.6,87.7,64.1,3.14,27.45
SEA_HOO,7/16/24,0.44,64.3,76.5,88.8,67.3,0.56,22.15
SEA_HOO,7/17/24,0.08,68.2,77.6,86.9,67,2.01,17.29
SEA_HOO,7/18/24,0.02,61.9,70.1,78.4,64.5,0.96,10.28
SEA_HOO,7/19/24,0,56.4,65.3,74.2,55.2,1.31,14.06
SEA_HOO,7/20/24,0,56.3,66.1,76,56.4,0.5,15.11
SEA_HOO,7/21/24,0,57.8,69.2,80.6,56.9,1.3,20.56
SEA_HOO,7/22/24,0,61.7,71.3,80.8,61.5,0.72,17.79
SEA_HOO,7/23/24,0.1,64.3,74.3,84.3,64.4,0.43,22.62
SEA_HOO,7/24/24,0.02,66.3,73.8,81.3,64.3,1.58,16.53
SEA_HOO,7/25/24,0,63.5,74,84.4,64.1,1.84,20.22
SEA_HOO,7/26/24,0,56.7,66.2,75.7,53.4,1.55,17.57
SEA_HOO,7/27/24,0,53.8,66,78.2,51.7,1.49,19.94
SEA_HOO,7/28/24,0,57.8,68.9,80,55,1.52,20.83
SEA_HOO,7/29/24,0,61.3,73.1,85,58.4,2.24,26.07
SEA_HOO,7/30/24,0,66,75.7,85.5,63.4,1.61,23.53
SEA_HOO,7/31/24,0.42,69.5,78.4,87.3,69,1.1,20.59
SEA_HOO,8/1/24,0.02,67.5,75.9,84.3,67,1.78,17.08
SEA_HOO,8/2/24,0,69.6,78.6,87.6,68.7,0.89,20.67
SEA_HOO,8/3/24,0.18,66,72.8,79.6,69,0.06,8.96
SEA_HOO,8/4/24,0.04,67.1,73.1,79.1,69.2,0.51,9.94
SEA_HOO,8/5/24,0,64.8,75.6,86.3,63.6,2.03,23.46
SEA_HOO,8/6/24,0.91,67.6,75.7,83.8,67.4,0.41,16.81
SEA_HOO,8/7/24,0.07,59.3,64.1,68.9,61.2,0.8,4.77
SEA_HOO,8/8/24,0,62.3,69.2,76,60,1.86,13.86
SEA_HOO,8/9/24,0.6,66.3,70.6,74.9,66.2,0.53,7.3
SEA_HOO,8/10/24,2.57,59,68.8,78.6,65.1,0.49,8.42
SEA_HOO,8/11/24,0,58.9,67,75.2,54.5,2.52,15.23
SEA_HOO,8/12/24,0.02,57.1,64.4,71.7,56.2,1.1,10.47
SEA_HOO,8/13/24,0,59.2,65.4,71.6,57.2,1.12,10.6
SEA_HOO,8/14/24,0,58.3,67.2,76.2,57.7,1.11,14.73
SEA_HOO,8/15/24,0,58.5,69.1,79.8,58.9,1.11,17.1
SEA_HOO,8/16/24,0,59.7,70.4,81.1,60,1.01,19.3
SEA_HOO,8/17/24,0.02,65.5,74.5,83.6,61.9,1.63,22.43
SEA_HOO,8/18/24,0.07,66.4,71.6,76.9,66.5,0.82,8.04
SEA_HOO,8/19/24,0.44,63.7,70.8,78,66,0.4,9.52
SEA_HOO,8/20/24,0.24,53,58.8,64.6,54.3,0.58,3.2
SEA_HOO,8/21/24,0.01,52,57.4,62.9,48.9,1.06,8.12
SEA_HOO,8/22/24,0.06,54.6,60.1,65.6,50.9,1.57,9.56
SEA_HOO,8/23/24,0,54.6,63.4,72.2,51.8,1.45,14.73
SEA_HOO,8/24/24,0,54.6,65.2,75.7,54.4,0.63,16.52
SEA_HOO,8/25/24,0,57.4,68.4,79.4,58.3,0.43,18.19
SEA_HOO,8/26/24,0,58.4,69,79.6,59.6,0.49,16.97
SEA_HOO,8/27/24,0,60.4,70.7,81.1,61.5,0.58,16.48
SEA_HOO,8/28/24,0.24,66.3,76.1,85.9,67.3,1.67,21.06
SEA_HOO,8/29/24,0,61.2,70.6,80,64,1.61,10.55
SEA_HOO,8/30/24,0,62.7,66.8,71,61.6,0.99,7.18
SEA_HOO,8/31/24,0,66,70.9,75.9,64,1.52,8.6
SEA_HOO,9/1/24,0.18,61.1,69.8,78.5,66.2,0.03,8.53
SEA_HOO,9/2/24,0.02,54.8,67.9,80.9,58.2,0.87,18.01
SEA_HOO,9/3/24,0,46.8,55.7,64.6,46.6,0.81,9.81
SEA_HOO,9/4/24,0,49.7,59.8,69.9,48.6,0.85,13.79
SEA_HOO,9/5/24,0,51.2,63.3,75.3,51.7,1.02,17.1
SEA_HOO,9/6/24,0,53.2,64.8,76.5,51.6,1.43,17.93
SEA_HOO,9/7/24,0.49,56.9,68.3,79.8,59.4,0.62,17.57
SEA_HOO,9/8/24,0.1,44.8,55.5,66.1,47.7,0.75,9.56
SEA_HOO,9/9/24,0,49.5,56.6,63.8,43.8,2.27,11.78
SEA_HOO,9/10/24,0.75,54.3,62,69.6,54.6,0.49,10.09
SEA_HOO,9/11/24,0,50,60.1,70.3,49.6,0.48,14.35
SEA_HOO,9/12/24,0,54.8,66.2,77.5,56.1,0.68,16.39
SEA_HOO,9/13/24,0,58,69.1,80.1,58.7,1.02,18.38
SEA_HOO,9/14/24,0,56.9,67.7,78.6,59.3,0.15,15.79
SEA_HOO,9/15/24,0,58.9,69.9,81,61.2,0.26,17.19
SEA_HOO,9/16/24,0,58.7,70,81.3,59.8,0.73,19.55
SEA_HOO,9/17/24,0,55,67.6,80.2,57.9,0.84,18.64
SEA_HOO,9/18/24,0,57,67.3,77.5,56,0.68,18.23
SEA_HOO,9/19/24,0,58.1,65.1,72.1,59.4,0.52,9.68
SEA_HOO,9/20/24,0,55.6,66.9,78.1,59.2,0.28,15.19
SEA_HOO,9/21/24,0,58.2,69,79.8,58.9,0.51,18.08
SEA_HOO,9/22/24,0,59.2,69.9,80.7,61.1,0.46,18.72
SEA_HOO,9/23/24,0.05,60.8,67.8,74.9,60.3,1.06,10.75
SEA_HOO,9/24/24,0.09,57,59.7,62.5,55.9,0.89,2.97
SEA_HOO,9/25/24,0.18,57.1,59.9,62.7,55.1,0.93,4.48
SEA_HOO,9/26/24,0.04,60.4,64,67.6,59.7,0.76,6.05
SEA_HOO,9/27/24,0.1,54.7,62.4,70.2,60.4,0.09,5.58
SEA_HOO,9/28/24,0,57.6,65,72.3,57.2,0.33,12.99
SEA_HOO,9/29/24,0.53,60.7,64,67.4,62.3,0.19,4.88
SEA_HOO,9/30/24,0,57.1,61.8,66.6,60,0.07,3.98
SEA_HOO,10/1/24,0,55.6,63.6,71.7,58.2,0.1,9.48
SEA_HOO,10/2/24,0,56.6,63.6,70.6,54.2,0.31,11.57
SEA_HOO,10/3/24,0.09,46.2,54.1,62.1,49.5,0.25,7.06
SEA_HOO,10/4/24,0,49.3,59.8,70.2,48.9,0.15,14.83
SEA_HOO,10/5/24,0.04,50,62.2,74.3,52.1,0.17,15.69
SEA_HOO,10/6/24,0,44.1,54.7,65.3,45,0.3,11.67
SEA_HOO,10/7/24,0.06,49,61.6,74.2,51.2,1.06,16.15
SEA_HOO,10/8/24,0,43.7,51.7,59.7,43.8,1.16,7.21
SEA_HOO,10/9/24,0.01,41.6,51.7,61.8,40.7,0.79,11.32
SEA_HOO,10/10/24,0.04,40.3,49.4,58.4,38.6,1.01,9.56
SEA_HOO,10/11/24,0,38.5,45.2,51.8,37.9,0.48,5.36
SEA_HOO,10/12/24,0,42.6,54.7,66.9,44.3,0.76,12.4
SEA_HOO,10/13/24,0.25,39,50.1,61.3,39.2,0.39,11.65
SEA_HOO,10/14/24,0.45,42.6,43.9,45.2,43.2,0.16,0.69
SEA_HOO,10/15/24,0.26,38.3,42,45.7,37.7,0.27,2.7
SEA_HOO,10/16/24,0.08,38.5,43.9,49.4,35.5,0.55,5.77
SEA_HOO,10/17/24,0.02,34.7,42,49.3,35,0.3,4.75
SEA_HOO,10/18/24,0,36.6,46.1,55.6,36.9,0.25,7.48
SEA_HOO,10/19/24,0,38.2,50.5,62.9,40.2,0.26,10.93
SEA_HOO,10/20/24,0,40.2,53.7,67.2,39.7,0.75,13.76
SEA_HOO,10/21/24,0,44.7,58.5,72.3,39.9,2.37,19.23
SEA_HOO,10/22/24,0,53,65.8,78.5,46.6,3.4,20.03
SEA_HOO,10/23/24,0,54.9,66.9,78.9,46,4.12,24.58
SEA_HOO,10/24/24,0,43.4,59.4,75.4,45.2,1.39,19.45
SEA_HOO,10/25/24,0,33,42.4,51.7,33.8,0.38,6.44
SEA_HOO,10/26/24,0,36.3,47.3,58.4,39.6,0.7,9.64
SEA_HOO,10/27/24,0.03,33.3,43.1,52.8,33.4,0.76,6.68
SEA_HOO,10/28/24,0,34.9,43,51.1,30.9,0.95,7.53
SEA_HOO,10/29/24,0,38.2,48.1,57.9,33,1.15,10.48
SEA_HOO,10/30/24,0.25,46.5,53.1,59.7,45.3,1.2,7.46
SEA_HOO,10/31/24,0,52.9,64.6,76.3,50.5,2.08,17.29
SEA_HOO,11/1/24,0.02,56.2,66.3,76.4,54.7,2.07,16.67
SEA_HOO,11/2/24,0,38.7,48.8,58.9,37.5,1.73,6.98
SEA_HOO,11/3/24,0,28.6,36.4,44.2,30.4,0.19,3.7
SEA_HOO,11/4/24,0,31,40.9,50.8,29.4,0.24,7.39
SEA_HOO,11/5/24,0,44.3,51.1,57.8,36.2,3.64,8.95
SEA_HOO,11/6/24,0,54.5,65.9,77.3,52.4,3.96,18.11
SEA_HOO,11/7/24,0,51.8,60.5,69.3,54.6,0.88,7.91
SEA_HOO,11/8/24,0,39.8,46.3,52.8,40.1,0.89,5.4
SEA_HOO,11/9/24,0,32,44.7,57.4,32.4,1.36,8.77
SEA_HOO,11/10/24,0,30.1,38.5,47,26.8,0.73,6.08
SEA_HOO,11/11/24,0.23,41.5,47.8,54.1,39.6,0.64,8.31
SEA_HOO,11/12/24,0.12,35.6,44.4,53.2,40.6,0.76,4.52
SEA_HOO,11/13/24,0,23.3,31.9,40.4,26.7,0.3,3.45
SEA_HOO,11/14/24,0,25.7,34.9,44.1,22.6,0.39,5.6
SEA_HOO,11/15/24,0,35.7,39.8,44,28,1.33,5.07
SEA_HOO,11/16/24,0,39.5,42.9,46.4,38.1,1.17,2.72
SEA_HOO,11/17/24,0,30.5,40.6,50.7,32.9,0.07,6.82
SEA_HOO,11/18/24,0,32,41.6,51.3,37.7,0.12,5.24
SEA_HOO,11/19/24,0,31.9,44.3,56.7,36.8,0.06,8.38
SEA_HOO,11/20/24,0,35.2,42.9,50.6,39.9,0.19,4.74
SEA_HOO,11/21/24,0.18,36.9,47.8,58.7,44.2,0.42,4.38
SEA_HOO,11/22/24,0.81,33.2,38.5,43.8,34.1,0.22,3.16
SEA_HOO,11/23/24,0.51,33.5,36.6,39.6,34,0.26,1.16
SEA_HOO,11/24/24,0.01,38,41,44,34.9,0.65,2.99
SEA_HOO,11/25/24,0,29.8,36.6,43.3,30.2,0.38,4.41
SEA_HOO,11/26/24,0.47,30.5,39,47.5,37,0.21,4.46
SEA_HOO,11/27/24,0,33.2,40.9,48.6,32,0.84,4.17
SEA_HOO,11/28/24,0.31,32.5,38.6,44.7,29.3,0.19,5.11
SEA_HOO,11/29/24,0.12,31.5,34.2,36.9,29.9,0.07,2.22
SEA_HOO,11/30/24,0.03,25.2,30.4,35.7,21.8,0.49,2.85
SEA_HOO,12/1/24,0,22.8,26.2,29.6,15.9,1.07,2.04
SEA_HOO,12/2/24,0,23.8,26.9,30,18.3,0.76,2.26
SEA_HOO,12/3/24,0.01,26.4,29.5,32.5,22.7,0.66,2.66
SEA_HOO,12/4/24,0,23.3,27.6,31.9,18.4,0.79,3.21
SEA_HOO,12/5/24,0.03,25.5,29.5,33.5,21.7,0.52,2.82
SEA_HOO,12/6/24,0.02,20.4,26.8,33.3,19,0.45,2.61
SEA_HOO,12/7/24,0,20.2,24.1,28,16.1,0.81,2.75
SEA_HOO,12/8/24,0,26.4,33.2,40,22.4,0.46,3.9
SEA_HOO,12/9/24,0,33.2,38.4,43.5,32.2,0.38,3.76
SEA_HOO,12/10/24,0.28,36.3,40.5,44.7,39.2,0.22,1.75
SEA_HOO,12/11/24,0.16,42.1,47.1,52.1,44.9,0.3,2.84
SEA_HOO,12/12/24,0.32,27.4,36.2,44.9,29,0.61,2.65
SEA_HOO,12/13/24,0,15.6,21.2,26.7,7.3,0.97,2.62
SEA_HOO,12/14/24,0,12.1,18,23.9,6.9,0.4,2.5
SEA_HOO,12/15/24,0,12.5,21.3,30.1,12.2,0.45,2.98
SEA_HOO,12/16/24,0.06,24.3,30.2,36,26.3,0.54,2.36
SEA_HOO,12/17/24,0.1,35.5,40.4,45.3,37.2,0.65,2.34
SEA_HOO,12/18/24,0,32.9,39.4,45.9,32.1,0.51,4.12
SEA_HOO,12/19/24,0.24,30.1,34.2,38.3,30.8,0.24,1.9
SEA_HOO,12/20/24,0,27.8,29.4,31,20.4,1.03,2.4
SEA_HOO,12/21/24,0.23,18.2,23.9,29.6,22.2,0.23,1.29
SEA_HOO,12/22/24,0.02,5,11.8,18.7,5.8,0.45,1.22
SEA_HOO,12/23/24,0,-2.2,5.1,12.4,-1.8,0.22,1.11
SEA_HOO,12/24/24,0.05,6.8,18.2,29.7,13,0.45,2.46
SEA_HOO,12/25/24,0,25.5,30,34.6,26.3,0.35,1.63
SEA_HOO,12/26/24,0,24.7,26.2,27.6,19.9,0.49,1.49
SEA_HOO,12/27/24,0,17.4,23.5,29.5,18.6,0.22,1.63
SEA_HOO,12/28/24,0,20,30,40,27.2,0.37,2.98
SEA_HOO,12/29/24,0,37.3,43.2,49.1,38.9,0.18,2.82
SEA_HOO,12/30/24,0.03,39.3,49.6,59.9,45.9,0.26,5.29
SEA_HOO,12/31/24,0,31.7,38.6,45.4,31.8,0.65,4.18
,,,,,,,,
STA_AYR,1/1/24,0.02,27.8,30.7,33.7,28.2,0.18,1.42
STA_AYR,1/2/24,0,26.3,27.7,29.1,22.6,0.7,1.31
STA_AYR,1/3/24,0.01,28.7,32.8,37,26.8,0.36,2.38
STA_AYR,1/4/24,0.02,30.2,32.9,35.6,29.2,0.29,1.78
STA_AYR,1/5/24,0.02,21.5,26.7,31.9,17.8,0.64,2.07
STA_AYR,1/6/24,0,25.3,27.5,29.8,20.6,1.04,1.84
STA_AYR,1/7/24,0.44,26.9,28.8,30.6,25.3,0.2,1.65
STA_AYR,1/8/24,0.04,27.3,29.2,31.1,26.9,0.15,0.86
STA_AYR,1/9/24,0,30.8,34,37.2,27.5,0.59,2.32
STA_AYR,1/10/24,0.09,32.7,40.6,48.5,34.8,0.66,3.33
STA_AYR,1/11/24,0,32.1,36.7,41.3,28,0.6,3.38
STA_AYR,1/12/24,0.1,31.7,34.7,37.7,31.1,0.24,2.09
STA_AYR,1/13/24,0.3,31.7,36.3,41,31.9,0.24,3.54
STA_AYR,1/14/24,0.04,25.7,33.3,40.9,23.2,0.29,2.8
STA_AYR,1/15/24,0,10.1,18.4,26.8,7.7,0.58,2.11
STA_AYR,1/16/24,0,10.2,17.1,24.1,6.5,0.54,2.6
STA_AYR,1/17/24,0.02,6.6,13.5,20.4,8,0.34,1.25
STA_AYR,1/18/24,0,6.6,13.2,19.7,4.4,0.43,2.06
STA_AYR,1/19/24,0.04,15.6,21,26.3,19.2,0.14,1.39
STA_AYR,1/20/24,0.09,9.3,15.7,22.1,11.6,0.24,0.71
STA_AYR,1/21/24,0.06,9.6,12.6,15.5,8.5,0.39,0.67
STA_AYR,1/22/24,0,10.8,17.8,24.8,12.1,0.38,1.82
STA_AYR,1/23/24,0,12.1,23.9,35.8,19.7,0.12,4.15
STA_AYR,1/24/24,0.25,31.1,34.1,37.2,32.4,0.08,1.14
STA_AYR,1/25/24,0.42,34.7,38.4,42,37.8,0.1,0.74
STA_AYR,1/26/24,1.02,34.6,37,39.4,36.7,0,0.37
STA_AYR,1/27/24,0.09,33.9,39.6,45.2,36.3,0.11,0.7
STA_AYR,1/28/24,0.08,32.9,36.4,39.9,36.4,0,0.86
STA_AYR,1/29/24,0.46,31,34.1,37.2,32.5,0.09,0.49
STA_AYR,1/30/24,0.01,27.4,30,32.5,27.4,0.17,0.93
STA_AYR,1/31/24,0,26.3,30.1,34,28.4,0.27,1.22
STA_AYR,2/1/24,0,28.4,34.9,41.5,31.3,0.3,2.83
STA_AYR,2/2/24,0.05,35.1,36.6,38.1,34.6,0.16,1.4
STA_AYR,2/3/24,0,28.8,32.1,35.5,29.1,0.32,1.18
STA_AYR,2/4/24,0,21.9,29.2,36.4,24,0.08,2.75
STA_AYR,2/5/24,0,23.3,32.2,41,27.3,0.07,3.85
STA_AYR,2/6/24,0,19.4,27.4,35.4,22.6,0.26,2.48
STA_AYR,2/7/24,0,19.9,28.4,36.9,22.5,0.12,3.09
STA_AYR,2/8/24,0,23.3,33.6,44,27.1,0.25,4.83
STA_AYR,2/9/24,0,30.2,42.1,54.1,28.5,0.87,8.94
STA_AYR,2/10/24,0,44.3,52.7,61.2,40.8,2.08,9.24
STA_AYR,2/11/24,0,35.2,46.4,57.7,36.2,1.26,6.29
STA_AYR,2/12/24,0,31.5,34.4,37.3,27.3,1.09,2.54
STA_AYR,2/13/24,0,27.1,31.6,36.1,25.8,0.32,2.68
STA_AYR,2/14/24,0.02,19.3,28.1,36.9,21.9,0.42,3
STA_AYR,2/15/24,0,17.7,24,30.3,14.4,0.47,2.89
STA_AYR,2/16/24,0.05,20.4,28.1,35.7,22.4,0.42,2.86
STA_AYR,2/17/24,0.1,20.5,26.3,32.1,19.5,0.27,2.79
STA_AYR,2/18/24,0.02,17.1,21.9,26.7,13.1,0.38,2.18
STA_AYR,2/19/24,0,17,23.7,30.5,17.1,0.78,2.08
STA_AYR,2/20/24,0,12.4,20,27.7,9.9,0.52,2.55
STA_AYR,2/21/24,0,15.1,27.8,40.4,17.6,0.69,5.18
STA_AYR,2/22/24,0,28.4,39.5,50.6,26,1.52,7.64
STA_AYR,2/23/24,0.15,33,37.8,42.7,35.8,0.07,2.78
STA_AYR,2/24/24,0,14.7,34.2,53.7,26.8,0.28,7.16
STA_AYR,2/25/24,0,13.5,18.1,22.7,8.4,0.59,2.1
STA_AYR,2/26/24,0,20,33.7,47.4,18,0.99,8.57
STA_AYR,2/27/24,0,33.7,43.4,53,31.4,1.28,7.33
STA_AYR,2/28/24,0.06,45.9,56.7,67.6,42.4,1.34,14.47
STA_AYR,2/29/24,0.09,20.5,41.2,61.9,29.5,0.68,5.88
STA_AYR,3/1/24,0,19.9,23.8,27.6,12.2,0.59,2.83
STA_AYR,3/2/24,0.05,24.6,38.1,51.5,23.4,0.78,9.11
STA_AYR,3/3/24,0.25,39.2,43.1,47,41.9,0.09,1.24
STA_AYR,3/4/24,0,38.1,45.5,52.8,41.4,0.1,4.01
STA_AYR,3/5/24,0,40.5,55.2,70,45.7,0.44,13.6
STA_AYR,3/6/24,0.02,47.4,56.7,65.9,47.9,0.29,9.65
STA_AYR,3/7/24,0.38,36.9,43.3,49.7,40.3,0.12,1.51
STA_AYR,3/8/24,0,27.7,37.3,46.9,29.9,0.27,4.89
STA_AYR,3/9/24,0.02,30.7,44.6,58.5,32.6,0.56,10.85
STA_AYR,3/10/24,0.48,35.9,41.1,46.3,37.1,0.24,4.19
STA_AYR,3/11/24,0.2,26.5,32.1,37.7,25.7,0.2,2.32
STA_AYR,3/12/24,0,29.8,36.3,42.8,23.4,1.2,5.32
STA_AYR,3/13/24,0,34,46.7,59.5,35.2,1.06,10.63
STA_AYR,3/14/24,0,36.6,53.1,69.6,38.7,0.75,15.43
STA_AYR,3/15/24,0.21,36.6,49.4,62.2,39.1,0.18,12.28
STA_AYR,3/16/24,0.01,36.7,42.5,48.3,37.2,0.35,3.75
STA_AYR,3/17/24,0.23,37.1,45.5,53.9,33,0.63,8.56
STA_AYR,3/18/24,0,29.1,37.4,45.8,27.5,0.44,5.93
STA_AYR,3/19/24,0.03,28.1,31.9,35.6,22.2,0.46,3.1
STA_AYR,3/20/24,0.05,28.3,32.2,36,27.8,0.27,2.55
STA_AYR,3/21/24,0.08,21.7,29.8,38,20.1,0.29,3.3
STA_AYR,3/22/24,0,18.5,23.8,29.1,12.2,0.77,2.85
STA_AYR,3/23/24,0.33,20.5,22.8,25.2,19.1,0.23,1.85
STA_AYR,3/24/24,0.01,19.9,24.5,29,19.9,0.26,1.61
STA_AYR,3/25/24,0,21.8,27.9,34.1,11,0.95,4.67
STA_AYR,3/26/24,0,29.2,42.3,55.4,23.1,1.8,10.26
STA_AYR,3/27/24,0,41.2,49.7,58.2,32.9,2.53,10.72
STA_AYR,3/28/24,0,34.6,47.5,60.3,35.6,1.72,7.9
STA_AYR,3/29/24,0,29.5,38.5,47.5,23.4,1.07,6.63
STA_AYR,3/30/24,0,30.1,35.2,40.2,24.9,1.1,4.23
STA_AYR,3/31/24,0,32,40.5,48.9,28.2,1.32,7.14
STA_AYR,4/1/24,0,34.6,42.4,50.1,30.9,0.89,6.4
STA_AYR,4/2/24,0,36.9,45.5,54.1,32.6,1.13,7.18
STA_AYR,4/3/24,0.42,40,43,46,39.7,0.42,2.67
STA_AYR,4/4/24,0.98,35.2,40.3,45.5,37,0.19,2.3
STA_AYR,4/5/24,0.19,31.5,34.7,37.9,33.1,0.11,0.87
STA_AYR,4/6/24,0.08,32.5,36.1,39.7,33.8,0.22,2.37
STA_AYR,4/7/24,0,36.5,44.1,51.8,32.5,1.23,7.29
STA_AYR,4/8/24,0,31.4,43.2,55.1,27.1,0.92,10.71
STA_AYR,4/9/24,0,35.9,48.1,60.4,34.9,1.19,11.85
STA_AYR,4/10/24,0.11,45.7,61.5,77.3,42.7,2.41,25.44
STA_AYR,4/11/24,0.32,51,57.9,64.8,49.2,0.33,8.67
STA_AYR,4/12/24,0.38,54.7,61.4,68.1,57,0.44,8.1
STA_AYR,4/13/24,0.4,37.9,48.7,59.6,40.7,0.65,6.53
STA_AYR,4/14/24,0.16,38.2,43.8,49.4,35.1,0.7,5.48
STA_AYR,4/15/24,0.01,41.5,51.3,61,43.2,0.4,7.21
STA_AYR,4/16/24,0,39.1,49.3,59.6,36.1,1.32,10.26
STA_AYR,4/17/24,0,38.1,50.4,62.8,32.9,1.26,12.78
STA_AYR,4/18/24,0.34,44.2,49.9,55.7,46.9,0.33,5.29
STA_AYR,4/19/24,0,45.3,52.3,59.3,48.2,0.22,5.41
STA_AYR,4/20/24,0.02,40.6,51,61.4,43.4,1.18,5.8
STA_AYR,4/21/24,0,38.5,45.5,52.5,29,2.07,7.62
STA_AYR,4/22/24,0,32.7,39.6,46.4,28.6,0.87,5.76
STA_AYR,4/23/24,0,37.8,46.2,54.7,28,1.74,10.1
STA_AYR,4/24/24,0.05,47.2,57.6,68,37.9,0.89,17.82
STA_AYR,4/25/24,0.02,26,39.2,52.4,30.6,0.29,4
STA_AYR,4/26/24,0,25.8,36.8,47.8,21.3,0.72,7.2
STA_AYR,4/27/24,0,36.1,48.7,61.3,26.8,2.65,14.3
STA_AYR,4/28/24,0.05,50.1,56.1,62,44.7,1.48,8.97
STA_AYR,4/29/24,0.04,52.5,62.4,72.3,57.8,0.26,10.43
STA_AYR,4/30/24,0,47.7,56.1,64.4,50.8,0.67,6.62
STA_AYR,5/1/24,0.21,46.8,56,65.3,51,0.08,7.24
STA_AYR,5/2/24,0,49.3,61,72.7,52.2,0,13.9
STA_AYR,5/3/24,0,46.5,57.2,67.8,45.8,0.75,12.7
STA_AYR,5/4/24,0,53.3,65,76.7,50.8,2.44,19.08
STA_AYR,5/5/24,0.38,50.2,58.9,67.6,49.5,0.68,10.48
STA_AYR,5/6/24,0.07,51.5,58.8,66.1,54,0.62,5.69
STA_AYR,5/7/24,0,41.8,56.2,70.6,41.3,0.81,18.25
STA_AYR,5/8/24,0.16,50.6,62.2,73.8,45.4,0.34,20.46
STA_AYR,5/9/24,0.03,47.1,61.3,75.6,49,0.39,20.46
STA_AYR,5/10/24,0.02,47.4,54.6,61.8,44,0.29,10.07
STA_AYR,5/11/24,0.08,43.4,50.5,57.5,46.4,0.13,6.47
STA_AYR,5/12/24,0.08,48.3,56.5,64.6,46.6,0.41,11.9
STA_AYR,5/13/24,0.06,46.4,54,61.6,47.8,0.21,7.01
STA_AYR,5/14/24,0.03,54,62.7,71.4,52.4,1.62,12.24
STA_AYR,5/15/24,0.07,54.7,67.2,79.7,55.6,0.37,20.5
STA_AYR,5/16/24,0.06,56.9,61.2,65.5,58.4,0.14,4.6
STA_AYR,5/17/24,0.01,56.3,64.7,73.1,57.2,0.27,11.61
STA_AYR,5/18/24,0.43,58.5,66.7,74.9,57.8,0.33,13.48
STA_AYR,5/19/24,0,56.1,64.9,73.6,60,0.19,8.69
STA_AYR,5/20/24,0,57.9,68.4,78.9,60.8,0.35,16.11
STA_AYR,5/21/24,0,63.2,74.3,85.4,62.1,1.87,22.03
STA_AYR,5/22/24,0,64.9,76.6,88.3,60.6,3.33,29.88
STA_AYR,5/23/24,0.11,62.1,75.3,88.5,61.2,2.99,27.07
STA_AYR,5/24/24,0,57.1,67.5,77.8,46.5,4.73,22.3
STA_AYR,5/25/24,0,48.7,63.6,78.5,49.3,0.47,20.92
STA_AYR,5/26/24,0.2,58.5,66.7,74.9,58.8,0.2,15.02
STA_AYR,5/27/24,0,61.5,69.3,77.1,59.4,0.59,15.73
STA_AYR,5/28/24,0.19,59.8,68,76.3,59.4,1.37,11.85
STA_AYR,5/29/24,0.39,54.5,61.3,68.1,55.8,0.31,8.08
STA_AYR,5/30/24,0,44.1,54.9,65.7,45.4,0.37,12.89
STA_AYR,5/31/24,0,45.6,54.9,64.2,40,1.53,12.84
STA_AYR,6/1/24,0,48.2,60.9,73.6,40.7,3.02,19.6
STA_AYR,6/2/24,0,55.2,67.4,79.6,46.7,2.56,24.92
STA_AYR,6/3/24,0.04,59.8,67.8,75.8,57.9,0.39,14.73
STA_AYR,6/4/24,0,59,69,79.1,61,0.4,15.35
STA_AYR,6/5/24,0,62.9,74.2,85.5,60.6,1.79,23.77
STA_AYR,6/6/24,0.06,65.9,74.7,83.5,66.2,0.23,16.07
STA_AYR,6/7/24,0.31,58.3,68.3,78.2,58.6,0.67,16.33
STA_AYR,6/8/24,0.07,56.1,62.4,68.7,53.2,1.58,9.63
STA_AYR,6/9/24,0.52,52.8,62.2,71.7,51.5,0.21,13.13
STA_AYR,6/10/24,0.27,50.7,59.4,68.1,52.4,0.28,10.83
STA_AYR,6/11/24,0,52.7,56.4,60.1,49.9,1.01,4.95
STA_AYR,6/12/24,0.11,53,56.6,60.1,52.5,0.54,4.46
STA_AYR,6/13/24,0,56.4,65.5,74.7,52.7,1.67,16.55
STA_AYR,6/14/24,0,67,77,87,57.6,6,27.7
STA_AYR,6/15/24,0,55.5,66.6,77.7,53.3,1.32,18.4
STA_AYR,6/16/24,0,48.8,60.2,71.5,49.9,0.64,13.84
STA_AYR,6/17/24,0,60.4,70.5,80.7,54.4,4.63,21.22
STA_AYR,6/18/24,0.02,69.5,80.6,91.7,66.1,2.85,27.32
STA_AYR,6/19/24,0.01,73.6,83.3,93.1,71.2,2.53,26.08
STA_AYR,6/20/24,0.38,68.3,79.8,91.2,72,0.63,21.21
STA_AYR,6/21/24,0,66.3,78.6,90.8,67.8,0.44,27.26
STA_AYR,6/22/24,0.04,68.3,77.3,86.3,69.5,0.6,16.21
STA_AYR,6/23/24,0.15,71.6,79.3,87,70.5,1.34,17.41
STA_AYR,6/24/24,0.03,60.3,71.3,82.3,63.1,1.46,14.3
STA_AYR,6/25/24,0,60,69.5,78.9,55.5,2.18,20.07
STA_AYR,6/26/24,0,68.6,75.1,81.6,60.7,5.21,21.39
STA_AYR,6/27/24,0.18,60.4,71.2,81.9,60.1,0.47,22.17
STA_AYR,6/28/24,0,48.6,60,71.3,49.8,0.54,14.72
STA_AYR,6/29/24,0.16,60.1,67.9,75.8,53.7,1.17,18.45
STA_AYR,6/30/24,0.98,66.1,72,77.9,68.7,0.76,7.41
STA_AYR,7/1/24,0.03,55.5,66.6,77.7,57,0.86,10.56
STA_AYR,7/2/24,0,50.4,62.1,73.8,50.5,0.63,17.66
STA_AYR,7/3/24,0,62.2,70.8,79.4,55.5,4.97,19.23
STA_AYR,7/4/24,0.06,70.5,79.5,88.5,66.5,2.44,22.82
STA_AYR,7/5/24,0.01,70.2,78.2,86.2,68.5,1.53,20.17
STA_AYR,7/6/24,0.84,67.8,77.5,87.1,68.5,0.6,20.46
STA_AYR,7/7/24,0.02,63.5,74.4,85.3,63.3,2.25,19.95
STA_AYR,7/8/24,0,63.2,73.3,83.4,63.5,1.1,18.29
STA_AYR,7/9/24,0,67,77,87,65.4,1.52,23.95
STA_AYR,7/10/24,0.13,69.5,78.2,87,68.8,1.09,21.18
STA_AYR,7/11/24,0.34,67.7,77.9,88.1,70.7,0.34,16.57
STA_AYR,7/12/24,0,64.1,69.1,74.2,65.5,0.52,6.85
STA_AYR,7/13/24,0.15,65.9,75.1,84.3,66.2,0.6,18.75
STA_AYR,7/14/24,0,60.2,72.3,84.3,63.7,0.78,19.58
STA_AYR,7/15/24,0,68.7,79.1,89.4,64.4,2.94,29.92
STA_AYR,7/16/24,1.26,65.2,76.7,88.1,68.5,0.41,20.18
STA_AYR,7/17/24,0.72,68.7,77.6,86.6,68.3,1.35,14.94
STA_AYR,7/18/24,0,60.8,70.1,79.4,63.8,1.19,14.5
STA_AYR,7/19/24,0,56.3,65.1,73.9,55.9,1.08,13.16
STA_AYR,7/20/24,0,55.1,66.4,77.8,56.8,0.4,17.39
STA_AYR,7/21/24,0,59.4,70.6,81.8,57,1.78,22.66
STA_AYR,7/22/24,0,62.4,72.2,81.9,63,0.77,17.56
STA_AYR,7/23/24,0.03,64.3,75.3,86.2,64.9,0.43,23.94
STA_AYR,7/24/24,0,67.2,75,82.8,65.4,1.85,18.38
STA_AYR,7/25/24,0.01,62.7,73.8,85,65,1.33,19.83
STA_AYR,7/26/24,0,56.2,65.9,75.6,55,1.17,16.1
STA_AYR,7/27/24,0,54.4,66.7,79.1,53.6,1.17,21.01
STA_AYR,7/28/24,0,57.2,69.9,82.6,56.6,1.25,22.6
STA_AYR,7/29/24,0,61,73.7,86.4,60.3,1.37,26.39
STA_AYR,7/30/24,0,64.9,76,87,64.6,0.87,24.57
STA_AYR,7/31/24,0.71,70,79.1,88.2,69.4,1.54,20.4
STA_AYR,8/1/24,0.14,68.4,76.2,84,68.4,2.01,16.15
STA_AYR,8/2/24,0,69.7,79.6,89.5,69.1,1.18,23.35
STA_AYR,8/3/24,0.09,69.1,74.5,80,70.2,0.42,8.57
STA_AYR,8/4/24,0.04,66.5,73.4,80.2,69.8,0.33,10
STA_AYR,8/5/24,0,64.3,75.6,86.9,64.2,1.31,24.52
STA_AYR,8/6/24,0.85,66.8,75.5,84.1,67.9,0.27,16.39
STA_AYR,8/7/24,0.06,56.5,62.9,69.3,61.1,0.31,5.89
STA_AYR,8/8/24,0,61.6,69.4,77.3,59.3,1.63,17.04
STA_AYR,8/9/24,0.38,67.2,73.4,79.7,67.2,0.57,10.78
STA_AYR,8/10/24,1.23,58.6,67.9,77.2,65.3,0.36,7.55
STA_AYR,8/11/24,0,59.3,67.5,75.6,54.8,2.72,15.74
STA_AYR,8/12/24,0.12,58,66.2,74.5,57,0.82,12.8
STA_AYR,8/13/24,0,59.5,66.5,73.4,58.3,0.81,11.62
STA_AYR,8/14/24,0,59.3,68.5,77.8,58.9,1.17,15.67
STA_AYR,8/15/24,0,59.5,70.7,81.8,59.2,1.19,19.88
STA_AYR,8/16/24,0,59.5,71.5,83.5,61,0.72,21.95
STA_AYR,8/17/24,0.01,65.5,75.3,85.1,62.6,2.03,23.71
STA_AYR,8/18/24,0.18,66.9,74,81.1,67.1,1.27,12.31
STA_AYR,8/19/24,1.04,62.9,71.8,80.7,67,0.22,12.39
STA_AYR,8/20/24,0.12,53.2,58.3,63.3,54.4,0.44,3.49
STA_AYR,8/21/24,0.05,50.9,58.3,65.7,50.2,0.6,9.51
STA_AYR,8/22/24,0.01,53.7,60.8,68,52.1,1.17,10.83
STA_AYR,8/23/24,0,55.4,65,74.5,52.7,1.55,16.72
STA_AYR,8/24/24,0,53.8,65.7,77.6,55.6,0.4,17.54
STA_AYR,8/25/24,0.02,56.8,68.8,80.8,58.5,0.35,19.72
STA_AYR,8/26/24,0,58.5,70.3,82.1,60.2,0.5,19.71
STA_AYR,8/27/24,0,59.3,71.4,83.4,61.9,0.53,19.24
STA_AYR,8/28/24,0,63.7,75.7,87.6,67.8,1.49,22.22
STA_AYR,8/29/24,0,60.2,68.5,76.7,63.1,1.06,7.82
STA_AYR,8/30/24,0,60.8,67.1,73.3,60.8,0.63,11.35
STA_AYR,8/31/24,0.12,65.1,72.9,80.8,65.3,1.46,12.81
STA_AYR,9/1/24,0.14,60.8,70.9,81,65.7,0.5,12.15
STA_AYR,9/2/24,0.24,54.1,67.9,81.7,58.7,0.81,18.31
STA_AYR,9/3/24,0,47,56,65,46.9,0.8,10.34
STA_AYR,9/4/24,0,48.4,60.6,72.7,49.5,0.51,16.26
STA_AYR,9/5/24,0,52.2,64.4,76.6,52.9,1.03,18.07
STA_AYR,9/6/24,0,55.2,66.8,78.4,52.4,2.25,19.86
STA_AYR,9/7/24,1.43,56.1,69.4,82.6,60.7,0.25,19.56
STA_AYR,9/8/24,0.1,45.6,55.5,65.4,48.9,0.63,8.42
STA_AYR,9/9/24,0,49.3,57.1,64.9,45.4,2.1,11.9
STA_AYR,9/10/24,0.13,54.9,62.7,70.5,55.7,0.32,10.17
STA_AYR,9/11/24,0,48.2,60.4,72.6,50.4,0.22,16.42
STA_AYR,9/12/24,0,52.8,65.9,79.1,57.1,0.28,17.89
STA_AYR,9/13/24,0,57.3,70.2,83.1,60.2,0.69,20.84
STA_AYR,9/14/24,0,56,68.3,80.5,60.7,0.22,16.92
STA_AYR,9/15/24,0,58.1,70.2,82.3,62.2,0.25,18.78
STA_AYR,9/16/24,0,57.6,70.8,84,61.1,0.5,21.67
STA_AYR,9/17/24,0,55.9,69,82,59.6,0.72,19.3
STA_AYR,9/18/24,0,55.3,66.9,78.4,56.3,0.47,19.63
STA_AYR,9/19/24,0,57.4,65.9,74.5,60.1,0.34,11.56
STA_AYR,9/20/24,0,53.8,66.8,79.9,59.9,0.12,15.82
STA_AYR,9/21/24,0,56.2,68.5,80.8,60.7,0.05,18.36
STA_AYR,9/22/24,0.08,58.3,69.1,79.9,62.5,0.14,14.74
STA_AYR,9/23/24,0.1,60.6,69.5,78.4,62,0.89,13.03
STA_AYR,9/24/24,0.1,58.9,61.7,64.5,57,1.11,3.65
STA_AYR,9/25/24,0.14,58.6,62,65.4,56.2,1.22,5.63
STA_AYR,9/26/24,0.41,61.6,66.3,71,60.5,0.55,7.81
STA_AYR,9/27/24,0.06,50.8,61.5,72.1,58,0.06,10.09
STA_AYR,9/28/24,0,53.3,63.5,73.7,57.1,0.04,14.81
STA_AYR,9/29/24,0.09,61.2,66.7,72.3,63,0.19,7.74
STA_AYR,9/30/24,0,56,63.4,70.9,60.7,0.15,6.54
STA_AYR,10/1/24,0,56.6,65,73.3,59.4,0.17,10.45
STA_AYR,10/2/24,0.04,56.7,64.9,73,55.8,0.54,12.37
STA_AYR,10/3/24,0.02,45.4,55.3,65.2,48.7,0.29,10.11
STA_AYR,10/4/24,0,46.9,59.4,71.9,49.2,0.13,16.04
STA_AYR,10/5/24,0.1,49,61.9,74.8,53.3,0.23,15.52
STA_AYR,10/6/24,0,43.1,54.8,66.6,46.4,0.24,11.99
STA_AYR,10/7/24,0.23,47.1,61.9,76.6,53,0.69,16.98
STA_AYR,10/8/24,0.02,45,52.9,60.9,44.6,1.18,7.96
STA_AYR,10/9/24,0,41.3,51.2,61,41.9,0.8,9.85
STA_AYR,10/10/24,0.11,40.9,49.6,58.2,40.3,0.67,8.84
STA_AYR,10/11/24,0,40.5,46.9,53.3,39.1,0.59,5.77
STA_AYR,10/12/24,0,42.9,55.2,67.6,45.4,0.84,12.95
STA_AYR,10/13/24,0.16,39.3,49.4,59.5,40.3,0.29,10.15
STA_AYR,10/14/24,0.66,43.1,44.4,45.7,43.4,0.17,0.71
STA_AYR,10/15/24,0.45,38.8,42.9,47,38,0.33,3.37
STA_AYR,10/16/24,0.27,39.3,44.4,49.6,37,0.46,5.35
STA_AYR,10/17/24,0.02,35.9,42.4,49,35.9,0.37,4.58
STA_AYR,10/18/24,0,36.2,46.8,57.4,38.3,0.25,8.25
STA_AYR,10/19/24,0,35.6,50.5,65.5,41.2,0.09,12.82
STA_AYR,10/20/24,0,37.5,53.2,68.8,40.9,0.2,15.82
STA_AYR,10/21/24,0,43.2,58.2,73.2,40.1,1.97,20.07
STA_AYR,10/22/24,0,51.8,65.2,78.6,45.3,3.48,20.48
STA_AYR,10/23/24,0,53.4,67.2,80.9,47.5,3.46,26.49
STA_AYR,10/24/24,0,43.4,60.1,76.9,46.4,1.37,20.41
STA_AYR,10/25/24,0,32.4,42,51.6,34.5,0.24,6.35
STA_AYR,10/26/24,0,33.9,46.2,58.5,41.2,0.29,9.22
STA_AYR,10/27/24,0,32.4,43,53.6,33.9,0.55,7.66
STA_AYR,10/28/24,0,34.3,42.8,51.2,32.9,0.7,6.92
STA_AYR,10/29/24,0,39,48.2,57.3,36.1,0.99,9.05
STA_AYR,10/30/24,0.09,46.4,54,61.5,46.7,1.4,7.48
STA_AYR,10/31/24,0,57.4,67.6,77.8,52.6,3.73,17.72
STA_AYR,11/1/24,0.16,55.7,66.1,76.5,56,1.62,15.66
STA_AYR,11/2/24,0.02,37.6,47.9,58.1,38.6,0.66,6.52
STA_AYR,11/3/24,0.03,29.8,37.1,44.4,31.7,0.29,3.73
STA_AYR,11/4/24,0,30.3,41.1,51.8,31.1,0.41,7.03
STA_AYR,11/5/24,0,45.4,52.8,60.3,38.1,4.5,9.2
STA_AYR,11/6/24,0,57.7,68.8,79.9,53.7,4.65,20.43
STA_AYR,11/7/24,0.03,51.8,60.3,68.9,55.8,0.86,7.74
STA_AYR,11/8/24,0,42.3,48.2,54.1,40.7,1.15,6.05
STA_AYR,11/9/24,0,31.7,43.7,55.8,32.8,1.25,7.1
STA_AYR,11/10/24,0,30.9,39.7,48.5,27.4,1.04,6.68
STA_AYR,11/11/24,0.33,39.8,48.7,57.6,41.2,0.62,10.19
STA_AYR,11/12/24,0.17,36.8,45.9,55,41.3,0.59,5.1
STA_AYR,11/13/24,0,28.4,35.3,42.2,27.5,0.78,3.85
STA_AYR,11/14/24,0,28.7,36.7,44.7,23.5,0.88,5.75
STA_AYR,11/15/24,0,36.5,41.3,46.1,27.6,1.63,6.01
STA_AYR,11/16/24,0,39.3,43.4,47.4,37.7,1.13,3.61
STA_AYR,11/17/24,0,32.7,42.3,51.9,34,0.26,7.53
STA_AYR,11/18/24,0.04,33.7,42.6,51.4,39.4,0.3,4.74
STA_AYR,11/19/24,0,31.8,44.4,57,38,0.08,8.07
STA_AYR,11/20/24,0,33.5,41.9,50.2,39.8,0.09,4.43
STA_AYR,11/21/24,0.22,37.3,48,58.7,44.6,0.36,4.27
STA_AYR,11/22/24,0.85,35.1,40.1,45.2,35.9,0.17,3.6
STA_AYR,11/23/24,0.61,32.9,37.6,42.2,35.9,0.15,1.23
STA_AYR,11/24/24,0.04,37,41,45.1,37.1,0.18,2.63
STA_AYR,11/25/24,0,30.1,37.1,44.1,32.1,0.26,4.34
STA_AYR,11/26/24,0.28,30.2,39.5,48.7,37,0.21,4.31
STA_AYR,11/27/24,0.01,33.2,41.1,49,32.3,0.69,4.19
STA_AYR,11/28/24,0.21,32.3,38.7,45.1,29.3,0.23,5.26
STA_AYR,11/29/24,0.09,32.4,35,37.6,30.4,0.18,2.35
STA_AYR,11/30/24,0,25.9,31.8,37.7,21.6,0.85,3.88
STA_AYR,12/1/24,0,24.4,27.9,31.4,17.2,1.21,2.3
STA_AYR,12/2/24,0,25,28.9,32.7,20.3,0.67,2.8
STA_AYR,12/3/24,0.07,27.5,30.6,33.7,25.7,0.35,2.42
STA_AYR,12/4/24,0,24.2,28.5,32.7,20.1,0.41,3.21
STA_AYR,12/5/24,0.14,27.2,31,34.9,23.5,0.28,2.98
STA_AYR,12/6/24,0.09,21.2,27.5,33.8,21.4,0.21,2.07
STA_AYR,12/7/24,0,20.3,24.9,29.5,17,0.78,2.76
STA_AYR,12/8/24,0.02,28,34.8,41.5,24.2,0.49,3.99
STA_AYR,12/9/24,0,35.2,39.4,43.5,32.4,0.82,3.49
STA_AYR,12/10/24,0.45,36.7,42.2,47.7,40.4,0.24,2.02
STA_AYR,12/11/24,0.26,42.4,47.3,52.3,44.9,0.16,3.13
STA_AYR,12/12/24,0.25,26.3,34.8,43.3,31.6,0.13,2.32
STA_AYR,12/13/24,0.02,15.7,21.1,26.5,10.4,0.55,2.09
STA_AYR,12/14/24,0,9.4,17.3,25.2,7.7,0.24,2.72
STA_AYR,12/15/24,0,9.6,20.2,30.8,14,0.24,2.84
STA_AYR,12/16/24,0.12,25.4,31.5,37.6,27.6,0.56,2.55
STA_AYR,12/17/24,0.12,36.4,43,49.6,38.4,0.72,3.43
STA_AYR,12/18/24,0,36.3,40.8,45.4,33.9,0.63,3.33
STA_AYR,12/19/24,0.24,30.8,34.8,38.9,31.5,0.16,1.98
STA_AYR,12/20/24,0,28.2,30.2,32.2,22.6,0.67,2.43
STA_AYR,12/21/24,0.28,19.4,24.5,29.5,23.4,0.23,0.94
STA_AYR,12/22/24,0.06,4.1,11.8,19.4,8.4,0.28,1.07
STA_AYR,12/23/24,0.01,-1.2,6.8,14.9,1.1,0.2,1.19
STA_AYR,12/24/24,0.17,6.4,19.2,32.1,16.6,0.21,2.72
STA_AYR,12/25/24,0,25,29.9,34.9,27.1,0.23,1.44
STA_AYR,12/26/24,0,25.1,26.4,27.7,20.6,0.51,1.43
STA_AYR,12/27/24,0,18.2,23.7,29.3,20,0.25,1.55
STA_AYR,12/28/24,0.01,21.9,31.2,40.5,28.2,0.39,2.83
STA_AYR,12/29/24,0,36.7,45.5,54.2,40.6,0.16,4.51
STA_AYR,12/30/24,0.02,39.3,50.3,61.3,46.1,0.19,6.21
STA_AYR,12/31/24,0,34.5,40.4,46.3,32.9,0.87,4.51
,,,,,,,,
STA_BRA,1/1/24,0.03,27.3,30.7,34.1,28.3,0.2,1.48
STA_BRA,1/2/24,0,26.3,29.6,32.9,23,0.63,1.93
STA_BRA,1/3/24,0.01,28.4,32.3,36.1,26.2,0.55,2.29
STA_BRA,1/4/24,0,29.1,32.5,35.8,28.7,0.32,1.96
STA_BRA,1/5/24,0,20.4,24.8,29.2,16.8,0.61,1.94
STA_BRA,1/6/24,0,24.9,27.1,29.3,19.7,1.13,1.99
STA_BRA,1/7/24,0.4,26,29,31.9,24.6,0.29,2.08
STA_BRA,1/8/24,0.02,26.3,28.5,30.7,26.6,0.19,0.81
STA_BRA,1/9/24,0,30.3,34.1,37.9,27.2,0.57,2.76
STA_BRA,1/10/24,0.05,35.3,42.7,50.1,35,1.19,3.68
STA_BRA,1/11/24,0,31.4,35.8,40.2,27.6,0.52,3.06
STA_BRA,1/12/24,0.09,30.5,33.8,37.1,30.5,0.2,1.9
STA_BRA,1/13/24,0.26,30.5,36.3,42,31.5,0.24,3.79
STA_BRA,1/14/24,0.1,24.3,31.9,39.4,22.2,0.35,2.49
STA_BRA,1/15/24,0,5.6,15.3,25.1,7.3,0.29,1.82
STA_BRA,1/16/24,0,12,17,22.1,5.3,0.82,2.24
STA_BRA,1/17/24,0.01,4.2,12.2,20.1,6.8,0.29,1.38
STA_BRA,1/18/24,0,5,12.5,19.9,4.4,0.39,2.07
STA_BRA,1/19/24,0.05,19.3,22.4,25.4,18,0.39,1.34
STA_BRA,1/20/24,0.1,8.5,15.4,22.3,11.2,0.24,0.79
STA_BRA,1/21/24,0.01,8.6,12,15.4,8.1,0.35,0.73
STA_BRA,1/22/24,0,11.4,18,24.6,12.1,0.42,1.79
STA_BRA,1/23/24,0.03,16.3,25.8,35.3,19.3,0.57,4.15
STA_BRA,1/24/24,0.22,30.4,33.5,36.6,31.9,0.12,1.04
STA_BRA,1/25/24,0.31,34.4,38.9,43.4,37.8,0.06,1.12
STA_BRA,1/26/24,1.05,34.3,36.8,39.3,36.5,0.08,0.51
STA_BRA,1/27/24,0.1,34.2,38.5,42.9,36.3,0.14,0.67
STA_BRA,1/28/24,0.08,36.2,39.5,42.7,36.6,0.35,1.94
STA_BRA,1/29/24,0.49,30.4,34.2,38,31.8,0.12,0.83
STA_BRA,1/30/24,0.02,24.2,28.2,32.2,26.9,0,1.11
STA_BRA,1/31/24,0,25.6,30.3,35,28.4,0.21,1.53
STA_BRA,2/1/24,0,30,35.5,41.1,31.3,0.51,2.76
STA_BRA,2/2/24,0.06,34.1,36.1,38,34.6,0.02,1.28
STA_BRA,2/3/24,0,28.3,31.8,35.3,28.5,0.4,1.39
STA_BRA,2/4/24,0,20.5,28.8,37,23.3,0,2.97
STA_BRA,2/5/24,0,24.5,32.4,40.3,26,0.39,3.69
STA_BRA,2/6/24,0,17.6,26.6,35.6,22.2,0.2,2.74
STA_BRA,2/7/24,0,18.5,27.9,37.3,21.3,0.14,3.43
STA_BRA,2/8/24,0,24.8,33.7,42.6,25.8,0.57,4.6
STA_BRA,2/9/24,0,28.9,40.3,51.7,27.2,0.92,7.96
STA_BRA,2/10/24,0,41.1,51.1,61.1,39.9,1.58,9.44
STA_BRA,2/11/24,0.01,34.3,44.8,55.4,35.7,1.06,5.36
STA_BRA,2/12/24,0,30.9,33.6,36.2,26.7,1.13,2.43
STA_BRA,2/13/24,0,25.7,31,36.3,24.9,0.2,2.94
STA_BRA,2/14/24,0.01,19.3,27.8,36.3,20.9,0.53,3.03
STA_BRA,2/15/24,0,16.4,23.3,30.1,13.8,0.41,2.95
STA_BRA,2/16/24,0,19.5,27.5,35.4,21.8,0.45,2.93
STA_BRA,2/17/24,0.07,20.2,27.3,34.4,18.6,0.29,3.76
STA_BRA,2/18/24,0,17.3,20.9,24.5,12.8,0.44,1.96
STA_BRA,2/19/24,0,14.5,22.4,30.4,16.6,0.62,2.14
STA_BRA,2/20/24,0,13.7,20.5,27.4,9.5,0.72,2.58
STA_BRA,2/21/24,0,17.3,29.8,42.3,17,0.88,6.05
STA_BRA,2/22/24,0,25.7,39.3,52.9,25.8,1.03,9.14
STA_BRA,2/23/24,0.12,34.3,39.4,44.5,36.3,0.2,3.36
STA_BRA,2/24/24,0,14.5,33.8,53.2,26.4,0.43,7.08
STA_BRA,2/25/24,0,13.9,18.6,23.2,7.8,0.75,2.22
STA_BRA,2/26/24,0,19.4,32.9,46.5,16.4,1.11,8.43
STA_BRA,2/27/24,0,30.4,41.6,52.8,30.5,0.87,7.46
STA_BRA,2/28/24,0.06,39.9,54.1,68.3,42.5,0.71,15.3
STA_BRA,2/29/24,0.1,19.2,41.6,64,29.2,0.57,6.79
STA_BRA,3/1/24,0,19.3,23.3,27.4,12.2,0.54,2.66
STA_BRA,3/2/24,0,25.1,38.5,52,22.7,1.06,9.45
STA_BRA,3/3/24,0.19,41.1,44.6,48.2,42.3,0.16,1.73
STA_BRA,3/4/24,0,32.7,42.1,51.5,41,0.04,3.39
STA_BRA,3/5/24,0,38.6,54.8,71.1,45.3,0.23,15.18
STA_BRA,3/6/24,0.07,47.4,60,72.7,48.4,0.25,16.03
STA_BRA,3/7/24,0.27,36.6,42.2,47.8,39.9,0.16,1.34
STA_BRA,3/8/24,0,26,36.7,47.3,28.9,0.25,5.26
STA_BRA,3/9/24,0.08,27.9,45.4,63,33.7,0.34,14.18
STA_BRA,3/10/24,0.12,36,41.2,46.5,37.9,0.27,3.18
STA_BRA,3/11/24,0.07,27,32.2,37.4,25,0.35,2.41
STA_BRA,3/12/24,0,30.1,38.3,46.5,24.5,1.56,5.8
STA_BRA,3/13/24,0,37,48.6,60.2,34.8,1.24,11.38
STA_BRA,3/14/24,0,32.5,50.8,69.1,37.9,0.31,15.32
STA_BRA,3/15/24,0.3,33.8,49.2,64.7,38.8,0.15,16.02
STA_BRA,3/16/24,0.04,36,41.6,47.1,37.2,0.27,3.12
STA_BRA,3/17/24,0.25,35.8,44.7,53.6,32.7,0.6,8.51
STA_BRA,3/18/24,0.08,28.1,36.7,45.3,26.4,0.45,5.7
STA_BRA,3/19/24,0.05,26.7,30.9,35.1,22,0.41,3.07
STA_BRA,3/20/24,0.05,27.6,31.7,35.7,27.3,0.23,2.41
STA_BRA,3/21/24,0.06,21.3,29.4,37.5,18.9,0.34,3.14
STA_BRA,3/22/24,0,16.3,23.1,29.9,12.3,0.56,3.02
STA_BRA,3/23/24,0.36,16.6,22,27.4,19.6,0.19,1.91
STA_BRA,3/24/24,0,13.3,21.8,30.3,17.8,0.25,2.2
STA_BRA,3/25/24,0,16.6,24.9,33.2,10.8,0.62,4.27
STA_BRA,3/26/24,0,28.1,43.5,58.9,23,1.75,12.31
STA_BRA,3/27/24,0,42.3,50.6,59,30,2.75,12.15
STA_BRA,3/28/24,0,34.3,45.9,57.4,34.5,1.63,6.14
STA_BRA,3/29/24,0,25.2,36.3,47.3,22.1,0.56,6.83
STA_BRA,3/30/24,0,27.4,33.8,40.2,24.8,0.69,4.18
STA_BRA,3/31/24,0,31.2,40.9,50.6,28.4,1.17,8.21
STA_BRA,4/1/24,0,33.2,42.1,50.9,31.4,0.64,6.63
STA_BRA,4/2/24,0,35.7,44.8,53.9,32.6,0.74,7.35
STA_BRA,4/3/24,0.48,39.8,43,46.2,40,0.44,2.43
STA_BRA,4/4/24,0.98,33.7,40.8,47.9,37.6,0.13,2.93
STA_BRA,4/5/24,0.11,31.4,35.6,39.8,32.7,0.18,1.34
STA_BRA,4/6/24,0.08,31.9,36,40.1,33.4,0.23,2.62
STA_BRA,4/7/24,0,31.8,42.4,53.1,32.1,0.44,8.16
STA_BRA,4/8/24,0,31.4,43.6,55.9,25.8,0.96,11.48
STA_BRA,4/9/24,0,34.9,47.5,60.1,34.2,0.84,11.67
STA_BRA,4/10/24,0,43.3,61.1,78.9,42.3,1.39,28.15
STA_BRA,4/11/24,0.56,49,57.7,66.3,48.4,0.24,11.33
STA_BRA,4/12/24,0.65,50.5,59.3,68.1,56.7,0.24,8.06
STA_BRA,4/13/24,0.27,38.1,46.5,54.8,39.3,0.96,5.26
STA_BRA,4/14/24,0.1,38,44.2,50.3,34.7,0.86,5.79
STA_BRA,4/15/24,0.1,39.8,51.7,63.6,43.6,0.27,8.94
STA_BRA,4/16/24,0,34.9,47.7,60.5,35.9,0.71,11.01
STA_BRA,4/17/24,0,35.6,49.9,64.2,33,0.61,13.84
STA_BRA,4/18/24,0.34,43.3,49.8,56.4,47.7,0.19,4.36
STA_BRA,4/19/24,0.01,41.9,50.2,58.5,45.8,0.17,5.41
STA_BRA,4/20/24,0,40,50.9,61.8,43.1,0.78,6.2
STA_BRA,4/21/24,0,37.5,44.2,50.9,28.1,2.03,7.13
STA_BRA,4/22/24,0,29.5,38,46.5,27.5,0.51,6.21
STA_BRA,4/23/24,0,33.3,44.7,56.1,25.5,0.85,11.92
STA_BRA,4/24/24,0.05,41.4,54.1,66.9,37.9,0.05,16.8
STA_BRA,4/25/24,0.06,24.5,37.6,50.6,31.1,0.24,3.78
STA_BRA,4/26/24,0,23.1,36.3,49.5,21.3,0.43,8.04
STA_BRA,4/27/24,0,30.8,46.4,61.9,27.5,1.36,14.58
STA_BRA,4/28/24,0.05,51.2,56.4,61.6,47,1.64,8.32
STA_BRA,4/29/24,0.06,54.7,62.7,70.7,57.8,0.5,8.79
STA_BRA,4/30/24,0,46.8,56.8,66.9,50.5,0.46,8.57
STA_BRA,5/1/24,0.15,44.1,53.8,63.6,50.5,0.02,6.58
STA_BRA,5/2/24,0,48,62.7,77.4,50.2,0,21.33
STA_BRA,5/3/24,0,44.6,57.2,69.7,45.3,0.14,14.78
STA_BRA,5/4/24,0,49.3,64,78.7,50.4,0.78,22.08
STA_BRA,5/5/24,0.3,51.1,59.9,68.7,50.9,0.67,10.47
STA_BRA,5/6/24,0.04,52.5,59.1,65.6,54.9,0.62,5.26
STA_BRA,5/7/24,0,40,55.5,71.1,41,0.46,18.7
STA_BRA,5/8/24,0.09,45.9,60.7,75.5,45.8,0.25,23.07
STA_BRA,5/9/24,0.01,45.3,60.2,75.2,48.5,0.34,19.6
STA_BRA,5/10/24,0.03,47.2,54.8,62.5,42.5,0.62,10.71
STA_BRA,5/11/24,0.01,38.6,48.5,58.5,43.4,0,8.36
STA_BRA,5/12/24,0.03,46.6,55.8,64.9,46.3,0.09,12.41
STA_BRA,5/13/24,0,45.6,53.5,61.3,47.1,0.12,7.45
STA_BRA,5/14/24,0.08,51,61.4,71.8,51.9,0.37,12.62
STA_BRA,5/15/24,0.31,53.3,66.3,79.4,55.7,0,19.61
STA_BRA,5/16/24,0.01,55.7,61.2,66.7,57.5,0,5.68
STA_BRA,5/17/24,0,53.5,62.3,71,56.9,0,9.18
STA_BRA,5/18/24,1.22,55.6,65.6,75.6,58.5,0,13.58
STA_BRA,5/19/24,0,54.6,65.2,75.7,59.7,0.01,12.52
STA_BRA,5/20/24,0,56.5,67.7,78.9,59.9,0.12,17.01
STA_BRA,5/21/24,0,60.8,73.1,85.4,61.6,0.05,22.76
STA_BRA,5/22/24,0,61.4,74.4,87.5,60.3,0.72,27.85
STA_BRA,5/23/24,0,60.5,73.7,86.9,61.1,2.35,24.78
STA_BRA,5/24/24,0,52.5,65.5,78.5,46.4,2.07,23.54
STA_BRA,5/25/24,0,49.1,64.3,79.6,49.1,0.65,22.95
STA_BRA,5/26/24,0.29,53.1,63.3,73.4,58.4,0,13.31
STA_BRA,5/27/24,0,60.6,69.1,77.7,59,0.31,16.83
STA_BRA,5/28/24,0.05,59.2,67.4,75.6,59.1,1.18,11.71
STA_BRA,5/29/24,0.16,51.9,59.1,66.3,55.8,0,6.69
STA_BRA,5/30/24,0,42.6,54.8,67,45.4,0.12,14.84
STA_BRA,5/31/24,0,43.5,54.6,65.7,39.5,0.71,14.75
STA_BRA,6/1/24,0,43.2,58.4,73.6,39.7,1.38,20.31
STA_BRA,6/2/24,0,55.2,67.5,79.7,45.3,2.99,26.6
STA_BRA,6/3/24,0.06,57.9,66.4,74.9,58.1,0,14.67
STA_BRA,6/4/24,0,57.6,68.4,79.3,60.8,0.32,15.51
STA_BRA,6/5/24,0,60.2,73,85.9,59.9,0.5,25.31
STA_BRA,6/6/24,0.17,63.6,73.2,82.8,65.8,0.29,15.89
STA_BRA,6/7/24,0.13,57.3,67.7,78.2,58.2,0.39,17.32
STA_BRA,6/8/24,0.39,55.4,60.9,66.4,52.9,1.59,8.18
STA_BRA,6/9/24,0.72,52.3,61.8,71.3,51.1,0.21,13.35
STA_BRA,6/10/24,0.44,49.6,58.3,67.1,52,0.32,10.07
STA_BRA,6/11/24,0,52,55.6,59.2,49.3,1.16,4.9
STA_BRA,6/12/24,0,49.9,55.1,60.3,51.2,0.31,5.14
STA_BRA,6/13/24,0,53.6,64.2,74.8,51.1,1.08,17.83
STA_BRA,6/14/24,0,61.7,74.2,86.7,57.4,3.14,27.17
STA_BRA,6/15/24,0,54.3,66.4,78.5,52.2,1.45,19.96
STA_BRA,6/16/24,0,51.5,61.6,71.6,48.7,1.93,15.01
STA_BRA,6/17/24,0,56.3,69.8,83.2,55,2.48,24.48
STA_BRA,6/18/24,0.04,67.2,78.9,90.6,65.9,4.2,26.27
STA_BRA,6/19/24,0.45,71,81.9,92.8,70.5,1.34,26.6
STA_BRA,6/20/24,0.09,69.6,80.2,90.8,71.7,1.48,20.6
STA_BRA,6/21/24,0,66.1,78.2,90.3,67.6,0.65,25.92
STA_BRA,6/22/24,0.04,69.1,77.8,86.5,69.1,1.15,17.58
STA_BRA,6/23/24,0,71.5,80.3,89.2,69.8,2.22,22.89
STA_BRA,6/24/24,0,60.3,70.5,80.8,62.4,1.8,12.91
STA_BRA,6/25/24,0,57.6,69,80.3,55.3,1.37,22.32
STA_BRA,6/26/24,0,62.3,71.9,81.4,61.1,0.12,21.1
STA_BRA,6/27/24,0.23,59.1,70.3,81.6,59.8,0.46,22.09
STA_BRA,6/28/24,0,46.9,58.7,70.4,49.3,0.02,14.14
STA_BRA,6/29/24,0.16,53.5,64.9,76.4,54.8,0.03,18.52
STA_BRA,6/30/24,0.79,66.9,73.1,79.2,69.1,0.7,8.95
STA_BRA,7/1/24,0.02,55.1,66.8,78.5,55.7,1.41,12.41
STA_BRA,7/2/24,0,49.1,61.2,73.4,48.8,0.66,17.57
STA_BRA,7/3/24,0,55.5,68,80.5,55.4,2.71,20.22
STA_BRA,7/4/24,0,69.8,78.8,87.8,67.2,1.76,21.34
STA_BRA,7/5/24,0.07,68.4,76.8,85.2,67,1.28,19.72
STA_BRA,7/6/24,0.46,67.2,76.9,86.7,67.9,0.51,20.79
STA_BRA,7/7/24,0,61.6,72.9,84.1,62.9,1.39,19.75
STA_BRA,7/8/24,0,60.8,72.4,84,62.3,0.61,19.87
STA_BRA,7/9/24,0,63.7,75.6,87.5,63.9,0.56,26.12
STA_BRA,7/10/24,0.06,67.3,77.3,87.2,68,0.42,22.28
STA_BRA,7/11/24,1.04,66.2,75.1,83.9,69.6,0.22,11.49
STA_BRA,7/12/24,0.02,63.1,68.4,73.7,65,0.46,6.66
STA_BRA,7/13/24,0.03,63.3,74.4,85.4,65.4,0.31,21.01
STA_BRA,7/14/24,0,58.6,71.8,85,61.8,0.84,23.32
STA_BRA,7/15/24,0.05,64.2,76.6,89,64.9,0.41,29.25
STA_BRA,7/16/24,2.08,64.3,76,87.8,67.8,0.37,19.66
STA_BRA,7/17/24,0.21,66.4,75.5,84.5,67.6,1.3,14.11
STA_BRA,7/18/24,0.02,59,69.1,79.3,63,0.86,15.4
STA_BRA,7/19/24,0,53.6,63.8,73.9,55.1,0.5,13.73
STA_BRA,7/20/24,0,52.7,65,77.3,54.9,0.35,17.79
STA_BRA,7/21/24,0,55.7,68.5,81.3,56.3,0.76,21.65
STA_BRA,7/22/24,0,60.5,71.5,82.5,61.8,0.47,19.33
STA_BRA,7/23/24,0.06,61.8,73.7,85.5,64.2,0,23.97
STA_BRA,7/24/24,0.47,64.8,73.2,81.6,64.6,0.9,17.46
STA_BRA,7/25/24,0.07,61.3,71.9,82.5,64.5,0.92,15.65
STA_BRA,7/26/24,0,53.6,64.5,75.5,54,0.62,16.62
STA_BRA,7/27/24,0,52.5,65.5,78.5,52.7,1,20.85
STA_BRA,7/28/24,0,54.7,68.2,81.6,55.9,0.42,21.58
STA_BRA,7/29/24,0,60.4,73.6,86.7,60,1.21,26.66
STA_BRA,7/30/24,0,64.3,75.5,86.6,64.2,0.8,23.91
STA_BRA,7/31/24,0.08,66.3,76.6,86.9,69.2,0,19.02
STA_BRA,8/1/24,0,65.6,75.2,84.9,67.6,1,18.77
STA_BRA,8/2/24,0.05,67.2,77.9,88.7,68.7,0.57,22.12
STA_BRA,8/3/24,0.05,68.4,72.9,77.3,69.7,0.52,6.27
STA_BRA,8/4/24,0,64.1,71.2,78.3,68.4,0.32,8.71
STA_BRA,8/5/24,0,62.8,74.4,85.9,63.9,0.84,23.77
STA_BRA,8/6/24,0.67,64.5,73.5,82.5,67.7,0,13.43
STA_BRA,8/7/24,0.08,56,62.5,68.9,60.4,0.3,6.01
STA_BRA,8/8/24,0,60.8,68.7,76.7,58.6,1.3,16.5
STA_BRA,8/9/24,0.15,68,74.8,81.7,67.6,0.91,12.65
STA_BRA,8/10/24,0.59,57.5,67.6,77.7,64.4,0.33,9.54
STA_BRA,8/11/24,0,57.7,65.9,74.2,54.3,2.04,14.85
STA_BRA,8/12/24,0.41,56.9,65.6,74.4,56.2,0.73,13.77
STA_BRA,8/13/24,0,56.1,65,73.8,57.6,0.34,12.79
STA_BRA,8/14/24,0,55.8,66.9,78,58.4,0.4,16.23
STA_BRA,8/15/24,0,55.9,69.3,82.6,58.1,0.44,21.43
STA_BRA,8/16/24,0,56.7,69.9,83.1,59.7,0.26,22.38
STA_BRA,8/17/24,0,60.5,72.8,85,62.9,0.5,23.98
STA_BRA,8/18/24,0.96,65.3,74.2,83.1,66.4,0.81,14.76
STA_BRA,8/19/24,1.34,61.2,69.9,78.5,66,0.23,10.24
STA_BRA,8/20/24,0.12,52.2,57.2,62.2,54.1,0.46,3.6
STA_BRA,8/21/24,0.04,49,56.8,64.6,49,0.38,9.36
STA_BRA,8/22/24,0,50.1,59.1,68,50.8,0.54,11.49
STA_BRA,8/23/24,0,52.5,63.3,74,52.1,0.74,16.69
STA_BRA,8/24/24,0,51.8,64.6,77.3,53.6,0.59,18.38
STA_BRA,8/25/24,0.02,55.5,68.1,80.7,56.8,0.7,20.32
STA_BRA,8/26/24,0,57.2,69.2,81.2,59,0.57,19.15
STA_BRA,8/27/24,0,58.8,71.3,83.8,61.1,0.64,20.51
STA_BRA,8/28/24,0,60.4,74,87.7,67.5,0.83,21.44
STA_BRA,8/29/24,0,58.9,69.6,80.3,63.3,0.27,11.51
STA_BRA,8/30/24,0,60.5,65.8,71.1,60.3,0.74,7.93
STA_BRA,8/31/24,0.01,62.3,73.6,85,65.5,1.3,19.12
STA_BRA,9/1/24,0,59.1,70.1,81,65.2,0.41,11.85
STA_BRA,9/2/24,0.19,51.6,66.4,81.2,57.5,0.52,17.98
STA_BRA,9/3/24,0,43.6,54.4,65.1,45.5,0.45,11.24
STA_BRA,9/4/24,0,45.2,58.8,72.4,48.1,0.02,16.46
STA_BRA,9/5/24,0,47.9,62.9,77.9,51.6,0.12,20.25
STA_BRA,9/6/24,0,51.4,65.8,80.1,51.9,0.62,21.88
STA_BRA,9/7/24,1.86,53.4,68.3,83.1,59.8,0,20.67
STA_BRA,9/8/24,0.19,44.9,54.7,64.5,48.3,0.62,7.95
STA_BRA,9/9/24,0.01,49.2,56.9,64.7,44.8,2.07,12.04
STA_BRA,9/10/24,0.2,54.5,62.1,69.8,55.4,0.46,9.61
STA_BRA,9/11/24,0,47.9,60.4,72.9,50.2,0.26,16.58
STA_BRA,9/12/24,0,49.4,64,78.5,56,0,18.67
STA_BRA,9/13/24,0,54.9,68.9,83,59.4,0.29,21.55
STA_BRA,9/14/24,0,54.1,67,80,59.5,0.07,16.79
STA_BRA,9/15/24,0,56.5,69.3,82.2,60.8,0.22,19.27
STA_BRA,9/16/24,0,55.9,69.4,83,59.6,0.6,21.44
STA_BRA,9/17/24,0,54.2,68.2,82.1,57.4,0.86,20.04
STA_BRA,9/18/24,0,54.1,67,79.8,55.9,0.32,21.05
STA_BRA,9/19/24,0,55.4,65.5,75.5,59.4,0.09,13.08
STA_BRA,9/20/24,0,52.3,65.5,78.7,58.3,0.16,15.75
STA_BRA,9/21/24,0,54.1,67.8,81.4,59.5,0,20.12
STA_BRA,9/22/24,0.02,56.3,67.9,79.5,61.3,0.24,15.19
STA_BRA,9/23/24,0.08,57.6,69.4,81.1,62.3,0.38,17.21
STA_BRA,9/24/24,0.24,59,63.1,67.1,58.5,0.9,4.8
STA_BRA,9/25/24,0.05,58.9,62.5,66.1,57,1.14,5.69
STA_BRA,9/26/24,0.29,61.3,65.9,70.4,60.9,0.43,7.27
STA_BRA,9/27/24,0.01,49.6,60.9,72.2,57,0,10.88
STA_BRA,9/28/24,0,50.9,62.3,73.8,56.6,0,15.16
STA_BRA,9/29/24,0.34,61.7,65.3,68.9,62.9,0.46,4.7
STA_BRA,9/30/24,0,54.9,63,71.1,60.7,0.02,6.42
STA_BRA,10/1/24,0,54.1,63.7,73.3,58.6,0,10.79
STA_BRA,10/2/24,0.05,53.5,63.9,74.2,56.3,0.31,12.95
STA_BRA,10/3/24,0.02,44.6,55.1,65.6,46.9,0.37,11.39
STA_BRA,10/4/24,0,46.8,59.3,71.7,47.7,0.58,15.9
STA_BRA,10/5/24,0.04,47,60.6,74.2,51.6,0.28,15.8
STA_BRA,10/6/24,0,41.3,53.8,66.3,44.4,0.29,12.8
STA_BRA,10/7/24,0.39,44,61.3,78.6,52.8,0.33,18.5
STA_BRA,10/8/24,0.01,43.7,52.3,61,43,1.03,8.66
STA_BRA,10/9/24,0.09,38.1,49.9,61.8,41.1,0.28,10.84
STA_BRA,10/10/24,0.11,37.1,48.3,59.4,39,0.34,10.1
STA_BRA,10/11/24,0,36.9,45.8,54.7,37.8,0.31,6.65
STA_BRA,10/12/24,0,41.9,54.6,67.3,44.8,0.95,13.09
STA_BRA,10/13/24,0.21,40.4,50.5,60.5,38.8,0.52,11.43
STA_BRA,10/14/24,0.8,40.6,44,47.3,43.3,0.22,1.29
STA_BRA,10/15/24,0.35,37.7,42.9,48.1,36.5,0.4,4.74
STA_BRA,10/16/24,0.06,38.1,44.3,50.5,35.8,0.5,6.08
STA_BRA,10/17/24,0.01,32.5,41.1,49.8,34.4,0.26,5.38
STA_BRA,10/18/24,0,33.7,45.4,57.2,36.6,0.28,8.59
STA_BRA,10/19/24,0,34.5,50.2,65.9,39.2,0.19,13.85
STA_BRA,10/20/24,0,37.6,53.2,68.8,38.7,0.74,16.03
STA_BRA,10/21/24,0,40.6,56.9,73.1,39.4,1.63,20.47
STA_BRA,10/22/24,0,51.3,65.1,78.8,45.1,3.4,20.95
STA_BRA,10/23/24,0,49.2,65,80.7,45.6,1.68,27.15
STA_BRA,10/24/24,0,39.8,57.3,74.8,45.6,0.83,18.15
STA_BRA,10/25/24,0,31.2,41.6,52,33.2,0.24,6.67
STA_BRA,10/26/24,0,35.2,46,56.8,40.4,0.77,8.27
STA_BRA,10/27/24,0,30.4,42.2,54,33.2,0.43,7.49
STA_BRA,10/28/24,0,31,41.4,51.8,32.7,0.39,7.32
STA_BRA,10/29/24,0,35.7,46.6,57.5,36.1,0.48,9.33
STA_BRA,10/30/24,0.1,43.3,52.7,62.1,48.1,0.85,7.44
STA_BRA,10/31/24,0,54.7,65.8,77,52.5,2.16,16.51
STA_BRA,11/1/24,0.11,54.7,65.5,76.4,55.4,1.99,15.43
STA_BRA,11/2/24,0,39.3,48.5,57.7,37,1.67,7.07
STA_BRA,11/3/24,0,26.5,35.5,44.5,29.9,0.1,4.18
STA_BRA,11/4/24,0,29.2,41,52.8,29.9,0.47,8.05
STA_BRA,11/5/24,0.01,48.7,55,61.4,38.9,5.08,9.33
STA_BRA,11/6/24,0.02,58.1,68.8,79.5,53.7,3.92,20.02
STA_BRA,11/7/24,0.03,49.4,58.4,67.4,55,0.54,6.21
STA_BRA,11/8/24,0,40.4,47.6,54.9,40.5,0.69,6.59
STA_BRA,11/9/24,0,27.4,41.8,56.2,32.5,0.47,7.53
STA_BRA,11/10/24,0,28.8,39,49.3,27.2,0.67,7.11
STA_BRA,11/11/24,0.3,40.6,48.5,56.4,42.4,0.6,9.06
STA_BRA,11/12/24,0.34,35.4,45,54.6,40.3,0.57,5.24
STA_BRA,11/13/24,0,25.6,33.9,42.3,27.7,0.23,3.86
STA_BRA,11/14/24,0,27.8,36.2,44.6,23,0.69,5.93
STA_BRA,11/15/24,0,35.1,41.2,47.3,29.8,0.43,6.74
STA_BRA,11/16/24,0,40.9,44.8,48.7,39.2,1.06,3.48
STA_BRA,11/17/24,0,30.3,40.7,51.2,34.3,0.02,6.61
STA_BRA,11/18/24,0.02,33.5,42.6,51.7,39.6,0.34,4.81
STA_BRA,11/19/24,0,30.5,43.5,56.6,37.1,0.02,8.04
STA_BRA,11/20/24,0.04,34.7,43.5,52.3,40.2,0.12,5.74
STA_BRA,11/21/24,0.28,38,50.3,62.6,44.4,0.39,6.93
STA_BRA,11/22/24,0.35,34.2,39.6,45,34.6,0.1,3.85
STA_BRA,11/23/24,0.84,32.1,36.9,41.6,36.1,0.09,1.18
STA_BRA,11/24/24,0,36.7,41.1,45.6,36.4,0.27,2.99
STA_BRA,11/25/24,0,28.3,37,45.7,31.4,0.08,5.19
STA_BRA,11/26/24,0.3,28.6,38.9,49.1,38,0.07,4.42
STA_BRA,11/27/24,0.01,30.8,39.1,47.4,31,0.46,3.97
STA_BRA,11/28/24,0.3,31.1,38.5,45.8,29.6,0.13,5.54
STA_BRA,11/29/24,0.12,30.3,34,37.8,29.2,0.12,2.57
STA_BRA,11/30/24,0.02,24.9,31.3,37.6,20.7,0.82,4.34
STA_BRA,12/1/24,0,22.8,26.5,30.1,17.5,0.87,2.08
STA_BRA,12/2/24,0,23.8,27.9,31.9,20.4,0.52,2.61
STA_BRA,12/3/24,0.07,26.7,30.7,34.7,24.8,0.43,2.86
STA_BRA,12/4/24,0,25.7,29.3,32.9,19.8,0.53,3.39
STA_BRA,12/5/24,0.23,28.1,31.2,34.3,22.9,0.47,2.85
STA_BRA,12/6/24,0.12,18,24.5,31,19.9,0.05,1.59
STA_BRA,12/7/24,0,17.4,23.1,28.8,16.5,0.55,2.6
STA_BRA,12/8/24,0,28.1,35.1,42.2,23.5,0.75,4.05
STA_BRA,12/9/24,0,33.5,38,42.5,32.3,0.55,3.15
STA_BRA,12/10/24,0.44,34.4,40.8,47.3,40.5,0,1.94
STA_BRA,12/11/24,0.11,41.3,46.8,52.2,43.7,0.16,3.54
STA_BRA,12/12/24,0.31,21.7,32,42.4,29.9,0,2.24
STA_BRA,12/13/24,0.05,11.4,17.5,23.6,9.2,0.27,1.85
STA_BRA,12/14/24,0,4.4,13.8,23.2,6.7,0.15,2.34
STA_BRA,12/15/24,0,10.1,19.9,29.7,12.5,0.41,2.79
STA_BRA,12/16/24,0.03,25.9,32.3,38.7,27.3,0.76,2.96
STA_BRA,12/17/24,0.05,31.2,40,48.8,38.2,0,2.89
STA_BRA,12/18/24,0.01,35.3,40.2,45.1,33.2,0.7,3.49
STA_BRA,12/19/24,0.27,30.5,34.3,38.2,30.7,0.18,1.9
STA_BRA,12/20/24,0,28.1,30,31.9,21.4,0.78,2.58
STA_BRA,12/21/24,0.27,18.1,23.7,29.3,22.5,0.23,0.92
STA_BRA,12/22/24,0.01,1.4,9.6,17.7,6.7,0.23,1.03
STA_BRA,12/23/24,0,-2.4,5.4,13.2,-0.3,0.2,1.11
STA_BRA,12/24/24,0.06,6,19.2,32.4,17.9,0.19,2.97
STA_BRA,12/25/24,0,26.2,30.6,35.1,27.9,0.19,1.41
STA_BRA,12/26/24,0,26.1,27.2,28.3,21.5,0.55,1.44
STA_BRA,12/27/24,0,20.5,25.9,31.3,21.7,0.28,1.79
STA_BRA,12/28/24,0,20.7,31.6,42.6,28.8,0.23,3.54
STA_BRA,12/29/24,0.03,35.4,45.7,56,41.5,0.09,4.95
STA_BRA,12/30/24,0.02,38,49.5,61,45.3,0.11,5.98
STA_BRA,12/31/24,0,34.1,39.5,45,33.1,0.62,4.07
,,,,,,,,
STA_FRE,1/1/24,0.01,27.7,30.8,33.9,28.2,0.2,1.44
STA_FRE,1/2/24,0,26.2,27.5,28.9,22.6,0.64,1.23
STA_FRE,1/3/24,0,29.4,32.9,36.4,26.1,0.7,2.41
STA_FRE,1/4/24,0,31.3,33.3,35.2,28.7,0.46,1.81
STA_FRE,1/5/24,0.02,22.1,26.7,31.4,17.6,0.64,1.97
STA_FRE,1/6/24,0,25.2,27.6,30.1,20.2,1.04,1.98
STA_FRE,1/7/24,0.65,26.7,28.3,30,25.5,0.2,1.6
STA_FRE,1/8/24,0.04,26.9,29,31,27.2,0.14,0.82
STA_FRE,1/9/24,0,30.9,33.7,36.5,27.8,0.64,2.03
STA_FRE,1/10/24,0.2,33.6,40.6,47.7,35,0.7,2.93
STA_FRE,1/11/24,0,31.7,36.5,41.3,28.3,0.59,3.3
STA_FRE,1/12/24,0.07,31.6,34.5,37.3,31,0.28,1.99
STA_FRE,1/13/24,0.43,31.7,36.6,41.6,32.2,0.21,3.7
STA_FRE,1/14/24,0.01,26.9,34.3,41.7,22.8,0.33,3.23
STA_FRE,1/15/24,0,11.5,19.3,27,7.2,0.73,2.34
STA_FRE,1/16/24,0,11.5,17.6,23.7,6.3,0.69,2.58
STA_FRE,1/17/24,0.05,7.5,14,20.4,8.7,0.36,1.2
STA_FRE,1/18/24,0,7.5,13.5,19.5,2.7,0.56,2.13
STA_FRE,1/19/24,0,17.6,21.7,25.7,18.3,0.29,1.52
STA_FRE,1/20/24,0.04,10,16.3,22.6,12.3,0.26,0.75
STA_FRE,1/21/24,0.04,10.2,12.8,15.3,8.1,0.43,0.72
STA_FRE,1/22/24,0,11,17.4,23.9,11.4,0.41,1.77
STA_FRE,1/23/24,0,12.1,23.6,35.1,18.7,0.23,3.98
STA_FRE,1/24/24,0.24,30.9,33.4,35.9,32.1,0.06,1.04
STA_FRE,1/25/24,0.51,34.4,39,43.6,37.7,0,1.26
STA_FRE,1/26/24,0.86,34.4,38.1,41.8,38,0.01,0.47
STA_FRE,1/27/24,0.04,33.7,41.5,49.3,37.4,0.09,1.62
STA_FRE,1/28/24,0.24,32.6,36.8,40.9,36.6,0,1.09
STA_FRE,1/29/24,0.45,30.9,34.3,37.7,32.6,0.06,0.51
STA_FRE,1/30/24,0,27.9,30.2,32.4,27.4,0.28,0.94
STA_FRE,1/31/24,0,27.3,30.1,32.8,28.1,0.42,1.01
STA_FRE,2/1/24,0,28.4,34.1,39.8,31.4,0.29,2.34
STA_FRE,2/2/24,0.03,35.3,36.6,38,34.7,0.21,1.33
STA_FRE,2/3/24,0,28.9,32,35.1,29,0.35,1.13
STA_FRE,2/4/24,0,22.4,28.7,35,23.7,0.21,2.34
STA_FRE,2/5/24,0,24.3,32.2,40.1,27,0.25,3.58
STA_FRE,2/6/24,0,20.4,27.8,35.1,22.2,0.42,2.53
STA_FRE,2/7/24,0,20.8,28.7,36.6,22.4,0.24,3.06
STA_FRE,2/8/24,0,23.9,33.8,43.7,26.8,0.36,4.79
STA_FRE,2/9/24,0,31.4,42.1,52.9,28.1,1.26,8.35
STA_FRE,2/10/24,0,42.3,51.2,60.1,39.7,1.63,8.73
STA_FRE,2/11/24,0,35.5,46.4,57.3,36.5,1.14,6.17
STA_FRE,2/12/24,0,30.9,33.9,37,27.4,0.98,2.41
STA_FRE,2/13/24,0,27.8,31.7,35.5,25.8,0.51,2.51
STA_FRE,2/14/24,0,20,28.1,36.3,21.3,0.62,3.03
STA_FRE,2/15/24,0,19.1,24.2,29.3,14.3,0.63,2.69
STA_FRE,2/16/24,0.03,20.6,28.1,35.6,21.8,0.52,2.89
STA_FRE,2/17/24,0.07,20.4,26.3,32.1,19.3,0.27,2.85
STA_FRE,2/18/24,0.01,18.1,21.8,25.6,12.8,0.48,2.02
STA_FRE,2/19/24,0,17.6,23.8,30,16.2,0.86,2.16
STA_FRE,2/20/24,0,13.7,20,26.4,9.3,0.72,2.32
STA_FRE,2/21/24,0,15.6,27.2,38.8,17.2,0.77,4.55
STA_FRE,2/22/24,0,25.7,36.1,46.4,25.4,1.3,5.92
STA_FRE,2/23/24,0.16,31.4,35.1,38.8,34.6,0,1.76
STA_FRE,2/24/24,0,14.2,33.8,53.5,27.6,0.18,7.06
STA_FRE,2/25/24,0,14.4,17.9,21.5,8,0.79,1.9
STA_FRE,2/26/24,0,19.8,32.7,45.6,18.1,1.03,7.69
STA_FRE,2/27/24,0,32.1,42.4,52.7,31.2,0.97,7.22
STA_FRE,2/28/24,0.17,45,55.2,65.4,42.5,1.25,12.59
STA_FRE,2/29/24,0.07,21,40,59,30.4,0.67,4.45
STA_FRE,3/1/24,0,20,24,27.9,12.7,0.6,2.93
STA_FRE,3/2/24,0.12,24,36.8,49.5,24,0.62,7.94
STA_FRE,3/3/24,0.21,38,42.5,47,41.7,0.1,1.27
STA_FRE,3/4/24,0,36.4,44.3,52.2,41.3,0.12,3.88
STA_FRE,3/5/24,0,42.5,55.3,68.1,45.9,0.85,11.89
STA_FRE,3/6/24,0.09,48.6,54.2,59.8,47.4,0.67,5.01
STA_FRE,3/7/24,0.69,36.9,44.6,52.3,41.9,0.21,1.33
STA_FRE,3/8/24,0,27.7,37.5,47.3,30.8,0.28,4.71
STA_FRE,3/9/24,0,31.1,44.6,58,31.7,0.45,10.72
STA_FRE,3/10/24,0.68,36.8,41,45.2,36.8,0.33,4.43
STA_FRE,3/11/24,0.14,27.2,32.9,38.5,26.3,0.35,2.39
STA_FRE,3/12/24,0,30.1,36.6,43.1,23.5,1.05,5.49
STA_FRE,3/13/24,0,32.2,45.7,59.2,35.4,0.72,10.18
STA_FRE,3/14/24,0,35.7,52.8,69.9,38.8,0.62,15.87
STA_FRE,3/15/24,0.18,36,48.4,60.8,39.8,0.28,10.69
STA_FRE,3/16/24,0,36.3,41.8,47.2,37.4,0.43,3.28
STA_FRE,3/17/24,0.12,37.7,45.6,53.6,33.5,0.71,8.4
STA_FRE,3/18/24,0.02,29.8,38.5,47.3,27.7,0.49,6.55
STA_FRE,3/19/24,0,28.6,32.1,35.6,22.1,0.7,3.17
STA_FRE,3/20/24,0.02,28.7,32.6,36.5,28.1,0.31,2.66
STA_FRE,3/21/24,0.06,22.1,30.7,39.2,21,0.29,3.28
STA_FRE,3/22/24,0,20.1,24.7,29.2,12.5,1,2.89
STA_FRE,3/23/24,0.42,22.4,24.5,26.6,19.2,0.28,2.21
STA_FRE,3/24/24,0.02,22.1,25.5,28.8,20.5,0.29,1.31
STA_FRE,3/25/24,0,19.1,26.4,33.6,11.8,0.64,4.49
STA_FRE,3/26/24,0,29.3,41.3,53.2,24.1,1.63,9.07
STA_FRE,3/27/24,0,40,48.8,57.5,36.5,2.57,8.29
STA_FRE,3/28/24,0,35.1,47.6,60.1,36.8,1.75,7.6
STA_FRE,3/29/24,0,29.6,38.4,47.2,24,1.2,6.55
STA_FRE,3/30/24,0,31.8,36.2,40.6,24.8,1.42,4.35
STA_FRE,3/31/24,0,33.2,40.7,48.2,28.1,1.4,6.72
STA_FRE,4/1/24,0,33.4,42,50.6,31.1,0.74,6.6
STA_FRE,4/2/24,0,36.5,45.9,55.3,33.4,1.09,7.58
STA_FRE,4/3/24,0.69,40.6,43.4,46.3,40.3,0.41,2.64
STA_FRE,4/4/24,0.89,35.1,40,44.9,36.9,0.22,2.25
STA_FRE,4/5/24,0.11,32.3,35.3,38.2,33.2,0.22,1.09
STA_FRE,4/6/24,0.06,32.7,36.1,39.6,33.9,0.28,2.17
STA_FRE,4/7/24,0,36.6,43.4,50.3,33.4,1.03,6.06
STA_FRE,4/8/24,0,30.7,42.2,53.7,27.9,0.72,9.66
STA_FRE,4/9/24,0,35.9,48,60.1,34.7,0.9,11.87
STA_FRE,4/10/24,0,45.6,60.3,75.1,41.3,2.29,22.75
STA_FRE,4/11/24,0.57,52.9,59.6,66.4,51.7,0.44,8.58
STA_FRE,4/12/24,0.23,54.4,60.4,66.4,56.8,0.5,6.76
STA_FRE,4/13/24,0.34,38.6,49.4,60.2,41.6,0.8,6.67
STA_FRE,4/14/24,0.19,38.3,43.4,48.5,35.5,0.72,4.97
STA_FRE,4/15/24,0.08,40.5,49.7,58.9,43.1,0.32,5.96
STA_FRE,4/16/24,0,36.9,48.1,59.4,36.9,0.92,9.32
STA_FRE,4/17/24,0,35.8,49.4,62.9,33.7,0.69,12.76
STA_FRE,4/18/24,0.33,42.3,48.9,55.5,46.7,0.17,5.47
STA_FRE,4/19/24,0.05,44.2,51.9,59.7,49.2,0.04,4.5
STA_FRE,4/20/24,0.06,41.2,49.5,57.7,43.6,1.15,5.55
STA_FRE,4/21/24,0.01,38.6,45.7,52.9,29.5,1.99,7.7
STA_FRE,4/22/24,0,32.4,39.2,46.1,28.5,0.89,5.56
STA_FRE,4/23/24,0,37.3,46.1,54.9,28.3,1.55,10.02
STA_FRE,4/24/24,0.06,47.2,57.6,68,37.8,0.9,17.78
STA_FRE,4/25/24,0.01,26.2,39.4,52.7,30,0.41,4.18
STA_FRE,4/26/24,0,24.4,36.6,48.8,21.5,0.43,7.6
STA_FRE,4/27/24,0,34,47.6,61.1,27.3,1.77,14.11
STA_FRE,4/28/24,0.07,48.9,53.5,58.1,43.1,1.33,9.18
STA_FRE,4/29/24,0.18,54.5,61.5,68.4,58.1,0.33,7.13
STA_FRE,4/30/24,0,51.1,60,69,53.9,0.49,8.24
STA_FRE,5/1/24,0.09,48.2,58.9,69.7,52.8,0.14,9.11
STA_FRE,5/2/24,0,49,59.8,70.7,52,0,11.73
STA_FRE,5/3/24,0,45.5,57.3,69.1,45.8,0.65,13.7
STA_FRE,5/4/24,0,51,63.8,76.7,50.4,1.83,19.05
STA_FRE,5/5/24,0.49,49.5,58,66.6,48.2,0.75,10.49
STA_FRE,5/6/24,0.06,50.1,56.1,62.1,53,0.42,4.68
STA_FRE,5/7/24,0,41.6,56.4,71.3,42.1,0.69,18.11
STA_FRE,5/8/24,0.23,51.3,62.8,74.3,45.6,0.41,21
STA_FRE,5/9/24,0,48.1,61.9,75.8,48.7,0.71,20.7
STA_FRE,5/10/24,0.05,48.3,54.8,61.2,44.5,0.63,9.27
STA_FRE,5/11/24,0.31,47.3,50.9,54.5,47,0.48,4.03
STA_FRE,5/12/24,0.23,49.8,56.3,62.8,46.4,0.89,10.21
STA_FRE,5/13/24,0.02,47.5,54.7,61.8,47.3,0.74,7.65
STA_FRE,5/14/24,0.07,54.4,60.8,67.2,52,1.63,8.68
STA_FRE,5/15/24,0.02,56.1,67.7,79.2,55.3,0.57,19.9
STA_FRE,5/16/24,0.06,58.4,62.1,65.8,58.4,0.36,5.03
STA_FRE,5/17/24,0,57.9,65.9,73.9,56.7,0.64,13.17
STA_FRE,5/18/24,0.05,59.5,66.6,73.7,57,0.7,12.68
STA_FRE,5/19/24,0.02,57.3,64.6,71.8,59.8,0.53,7.31
STA_FRE,5/20/24,0,57.8,68.9,80,59.9,0.55,17.7
STA_FRE,5/21/24,0.01,63.7,74.4,85.1,61.6,2.15,22.09
STA_FRE,5/22/24,0.01,64.8,76.4,88,60,3.39,29.7
STA_FRE,5/23/24,0.03,64,76.6,89.1,61.4,3.16,28.35
STA_FRE,5/24/24,0,57.2,67.9,78.5,47.8,4.17,22.65
STA_FRE,5/25/24,0,49.5,64.3,79,48.7,0.99,22.26
STA_FRE,5/26/24,0.33,59,67.7,76.4,58.5,0.27,17.18
STA_FRE,5/27/24,0,62.1,69.6,77,59.6,1.11,15.27
STA_FRE,5/28/24,0.43,61.7,69,76.2,60.2,1.75,11.51
STA_FRE,5/29/24,0.17,54.3,60.9,67.6,55.3,0.43,7.94
STA_FRE,5/30/24,0,44.1,54.6,65.2,45.6,0.45,11.75
STA_FRE,5/31/24,0,45.4,54.3,63.3,40,1.52,12.03
STA_FRE,6/1/24,0,49.9,61.9,73.9,41.3,3.49,20.25
STA_FRE,6/2/24,0,57.1,68.1,79.1,46.1,3.67,24.68
STA_FRE,6/3/24,0.05,61.1,69.7,78.4,57.4,0.98,18.21
STA_FRE,6/4/24,0,60.7,70.3,80,60.6,1.18,16.59
STA_FRE,6/5/24,0,66,76.3,86.7,60.3,3.94,26.77
STA_FRE,6/6/24,0.02,68.5,74.7,80.9,66,1.55,14.28
STA_FRE,6/7/24,0.2,62.1,70.6,79.1,59.3,1.15,16.93
STA_FRE,6/8/24,0.55,58,64.5,71,53.4,2.46,11.66
STA_FRE,6/9/24,0.67,54.4,63.6,72.9,51.5,0.83,14.71
STA_FRE,6/10/24,0.21,54.1,61.2,68.4,52.5,1.08,11.11
STA_FRE,6/11/24,0,54.9,58.3,61.7,50.3,2.06,5.87
STA_FRE,6/12/24,0.02,55.3,58.5,61.6,52.9,1.35,5.68
STA_FRE,6/13/24,0,57.8,65.6,73.5,52.6,2.3,14.96
STA_FRE,6/14/24,0,67.7,76.9,86.1,57.5,6.07,26.62
STA_FRE,6/15/24,0,59.4,69.5,79.6,53.4,2.78,20.86
STA_FRE,6/16/24,0,51.7,62.5,73.3,49.5,1.3,15.28
STA_FRE,6/17/24,0,61.5,71,80.5,53.8,5.8,21.55
STA_FRE,6/18/24,0.15,70.1,79,87.8,66,3.24,21.95
STA_FRE,6/19/24,0.21,73.5,81.2,88.8,71.3,2.71,19.05
STA_FRE,6/20/24,0.11,71.4,81.1,90.9,72.1,2.19,21.19
STA_FRE,6/21/24,0,69.2,79.9,90.7,68.5,1.97,25.36
STA_FRE,6/22/24,0.05,70.6,79.5,88.3,69.9,1.6,20.3
STA_FRE,6/23/24,0.25,72.3,80.2,88,70.8,1.77,19.32
STA_FRE,6/24/24,0.06,62,72.6,83.3,64,2.23,14.61
STA_FRE,6/25/24,0,59.2,68.6,78.1,55.3,2.01,19.29
STA_FRE,6/26/24,0,69.4,75.7,82,59.6,5.95,23.18
STA_FRE,6/27/24,0.12,62.7,72.6,82.5,60.3,1.44,23.41
STA_FRE,6/28/24,0,51.1,61.6,72,50.4,1.02,15.09
STA_FRE,6/29/24,0.34,59.9,68.2,76.4,53,1.21,19.81
STA_FRE,6/30/24,0.89,67.1,71.9,76.7,68.8,1.31,6.03
STA_FRE,7/1/24,0,58.6,69.7,80.8,57.7,1.7,14.29
STA_FRE,7/2/24,0,53.1,62.8,72.6,50.5,1.73,15.57
STA_FRE,7/3/24,0,61,70.4,79.8,55.6,4.67,20.14
STA_FRE,7/4/24,0,70.6,78.6,86.7,65.5,3.46,21.33
STA_FRE,7/5/24,0,71.6,79.6,87.5,68.8,2.78,21.85
STA_FRE,7/6/24,0,69.7,78.3,86.8,68.9,1.42,19.99
STA_FRE,7/7/24,0,66.1,76.5,86.9,64,3.81,22.7
STA_FRE,7/8/24,0,65.5,74.9,84.4,63.5,2.33,19.57
STA_FRE,7/9/24,0,68.2,78.4,88.7,65.6,2.2,26.42
STA_FRE,7/10/24,0.12,71.8,79.8,87.9,68.8,2.39,23.03
STA_FRE,7/11/24,0.46,70.5,81.1,91.8,71.7,1.37,22.38
STA_FRE,7/12/24,0.05,66.3,70.9,75.6,65.9,1.11,7.73
STA_FRE,7/13/24,0,69.2,77.2,85.1,66.4,2.1,19.6
STA_FRE,7/14/24,0,64.6,74.9,85.3,64.5,2.51,20.33
STA_FRE,7/15/24,0,71.1,80.7,90.3,64.6,4.26,31.53
STA_FRE,7/16/24,0.67,68.4,79,89.6,68.6,2.12,22.23
STA_FRE,7/17/24,0.11,71.1,79.3,87.4,68.4,2.33,16.8
STA_FRE,7/18/24,0,64.5,72.4,80.3,64.6,2.54,13.81
STA_FRE,7/19/24,0,60.3,67.7,75,56.5,2.5,14.05
STA_FRE,7/20/24,0,59.8,69.2,78.7,57.1,1.73,17.92
STA_FRE,7/21/24,0,62,72.1,82.3,57.4,2.87,22.18
STA_FRE,7/22/24,0,65,74,83,62.6,2.18,19.62
STA_FRE,7/23/24,0.07,67.6,76.5,85.4,64.9,1.11,23.83
STA_FRE,7/24/24,0.44,68.6,75.8,83.1,65.7,2.49,18.05
STA_FRE,7/25/24,0,66.4,75.9,85.5,65.4,2.88,20.28
STA_FRE,7/26/24,0,59.5,68,76.5,55.3,2.66,16.96
STA_FRE,7/27/24,0,56.6,67.9,79.1,53,2.85,20.97
STA_FRE,7/28/24,0,60.7,71.5,82.3,56.8,2.44,22.37
STA_FRE,7/29/24,0,63.2,74.7,86.2,59.9,2.64,27.03
STA_FRE,7/30/24,0,67.9,77.4,86.8,64.2,2.58,24.73
STA_FRE,7/31/24,0.38,71.8,80.1,88.4,69.6,3.39,21.31
STA_FRE,8/1/24,0.31,69.4,77.2,84.9,68.4,2.53,17.35
STA_FRE,8/2/24,0,72.2,81,89.7,69.1,2.02,23.71
STA_FRE,8/3/24,0.48,69.1,75,80.9,70.1,0.63,9.49
STA_FRE,8/4/24,0.04,68.9,75.4,82,70.2,0.86,11.85
STA_FRE,8/5/24,0.11,67,77.3,87.6,64.4,2.79,25.28
STA_FRE,8/6/24,0.41,68.7,76.8,84.8,68.1,0.52,17.49
STA_FRE,8/7/24,0.07,59.1,64.8,70.6,61.5,0.99,6.24
STA_FRE,8/8/24,0,63.5,70.8,78,59.6,2.52,17.64
STA_FRE,8/9/24,0.49,67.8,72.2,76.7,66.8,0.74,8.51
STA_FRE,8/10/24,2,61.1,70.1,79,65.7,0.62,8.54
STA_FRE,8/11/24,0,61.7,69.3,76.9,55.3,3.85,17.1
STA_FRE,8/12/24,0.38,60.2,67.3,74.4,57.3,1.54,12.67
STA_FRE,8/13/24,0.01,62,67.6,73.2,58.7,1.74,11.35
STA_FRE,8/14/24,0,60,69,78,59,1.7,15.92
STA_FRE,8/15/24,0,60.7,71.3,82,59.7,1.88,19.77
STA_FRE,8/16/24,0,61.7,72.8,84,61,1.85,22.56
STA_FRE,8/17/24,0.08,66.1,75.6,85.1,62.6,2.13,23.83
STA_FRE,8/18/24,0.11,69.1,73.7,78.3,67.1,2.14,8.87
STA_FRE,8/19/24,1.2,65.5,72.7,79.8,67.1,0.64,10.95
STA_FRE,8/20/24,0.53,55.7,60.7,65.6,55.1,0.74,3.28
STA_FRE,8/21/24,0.04,53.6,59.5,65.4,50.3,1.32,9.54
STA_FRE,8/22/24,0,56.9,62.3,67.7,52.4,2.35,10.41
STA_FRE,8/23/24,0,56.3,65.6,74.9,52.8,1.91,17.33
STA_FRE,8/24/24,0,56.7,67.6,78.6,55.5,1.42,19.24
STA_FRE,8/25/24,0,59.4,70.1,80.7,59.1,1,19.26
STA_FRE,8/26/24,0,60,71,82.1,60.1,1.15,19.89
STA_FRE,8/27/24,0,61.4,72.1,82.8,62,1.26,18.2
STA_FRE,8/28/24,0,62.9,74.4,85.9,67.5,1.34,21.04
STA_FRE,8/29/24,0,61.9,70.6,79.2,63.7,1.96,10.09
STA_FRE,8/30/24,0,63.6,69.1,74.6,61.7,1.76,11.01
STA_FRE,8/31/24,0.04,68.1,72.4,76.6,64.4,2.52,9.03
STA_FRE,9/1/24,0.19,63.5,71.3,79.1,66.2,0.71,8.84
STA_FRE,9/2/24,0.14,56.8,69.5,82.2,59,1.71,18.71
STA_FRE,9/3/24,0,48.6,57.4,66.1,47.1,1.25,10.86
STA_FRE,9/4/24,0,51.7,62.1,72.5,49.2,1.5,16.24
STA_FRE,9/5/24,0,54,65.5,76.9,52.8,1.77,18.37
STA_FRE,9/6/24,0,57.4,67.8,78.2,52.5,3.2,20.02
STA_FRE,9/7/24,0.72,58.6,69.6,80.7,60,0.88,18.12
STA_FRE,9/8/24,0.14,49.6,58.3,67,48.9,1.42,9.66
STA_FRE,9/9/24,0.01,51.4,58.5,65.6,45.1,3.09,12.68
STA_FRE,9/10/24,0.31,56.2,63.6,70.9,55.7,0.47,10.75
STA_FRE,9/11/24,0,50.9,62,73.1,49.7,0.69,17.32
STA_FRE,9/12/24,0,54.8,67.1,79.4,56.4,0.79,18.7
STA_FRE,9/13/24,0,59.3,70.1,80.9,59.7,1.58,18.53
STA_FRE,9/14/24,0,58.4,69.7,81.1,60.4,0.7,17.74
STA_FRE,9/15/24,0,59.9,71.7,83.5,62,0.83,20.32
STA_FRE,9/16/24,0,60.6,71.8,83,60.8,1.61,20.86
STA_FRE,9/17/24,0,58.4,70.4,82.4,59.3,1.97,20.23
STA_FRE,9/18/24,0,58.1,69.1,80,56.1,1.15,22.33
STA_FRE,9/19/24,0,59.1,66.6,74.1,59.8,1.07,11.66
STA_FRE,9/20/24,0,57.1,69,80.8,60.1,0.65,17.76
STA_FRE,9/21/24,0,60.3,70.8,81.3,60.1,1.43,19.7
STA_FRE,9/22/24,0.01,62.2,71.9,81.5,62.3,1.39,17.72
STA_FRE,9/23/24,0.03,62.7,69.8,77,61,2.16,12.35
STA_FRE,9/24/24,0.07,58.7,61.9,65.1,56.3,1.22,4.25
STA_FRE,9/25/24,0.18,58.5,61.6,64.7,55.7,1.47,5.48
STA_FRE,9/26/24,0.37,61.7,65.3,68.8,60.3,0.83,6.41
STA_FRE,9/27/24,0.2,53.9,62,70.1,59.1,0.37,6.2
STA_FRE,9/28/24,0,56.7,65.5,74.2,57,0.72,15.46
STA_FRE,9/29/24,0.28,62.4,67.7,73,62.8,0.97,8.34
STA_FRE,9/30/24,0,58.4,64.1,69.8,60.6,0.39,5.86
STA_FRE,10/1/24,0,58.5,66.4,74.2,59.4,0.69,11.39
STA_FRE,10/2/24,0,58.9,65.4,71.9,55.2,1.37,11.97
STA_FRE,10/3/24,0.1,48.2,56.9,65.5,49.5,0.63,10.06
STA_FRE,10/4/24,0,50.7,61.4,72.1,49.6,0.77,15.76
STA_FRE,10/5/24,0.04,52,64.3,76.5,53.2,0.75,17.69
STA_FRE,10/6/24,0.01,45.7,57,68.3,46.2,0.58,13.25
STA_FRE,10/7/24,0.11,50,62.5,74.9,52.2,1.27,16.48
STA_FRE,10/8/24,0.01,47.5,54.5,61.5,45,1.99,8.08
STA_FRE,10/9/24,0,45.6,54,62.4,42.2,1.6,10.89
STA_FRE,10/10/24,0.06,43.2,51.4,59.6,40.5,1.15,9.88
STA_FRE,10/11/24,0,42.4,47.3,52.2,39.3,0.88,5.16
STA_FRE,10/12/24,0,44.9,56.7,68.5,45.6,1.15,13.64
STA_FRE,10/13/24,0.13,41.1,51.2,61.4,40.4,0.79,10.89
STA_FRE,10/14/24,0.62,44,45.3,46.5,43.3,0.49,1.2
STA_FRE,10/15/24,0.33,40.5,44.1,47.6,38.4,0.49,3.35
STA_FRE,10/16/24,0.23,41.1,45.9,50.8,37.2,0.82,6.01
STA_FRE,10/17/24,0.03,36.9,43.4,49.8,36.3,0.52,4.74
STA_FRE,10/18/24,0,37.7,47.9,58.1,37.8,0.46,8.61
STA_FRE,10/19/24,0,38.7,52.3,65.9,40.9,0.48,12.65
STA_FRE,10/20/24,0,40.7,54.6,68.6,40.6,0.88,15.26
STA_FRE,10/21/24,0,44.5,58.3,72.2,40.8,2.13,18.98
STA_FRE,10/22/24,0,52.2,65.4,78.7,46.6,3.3,20.34
STA_FRE,10/23/24,0,54.7,66.3,77.9,47.5,4.06,22.58
STA_FRE,10/24/24,0,47.5,62.1,76.7,46.5,2.07,20.44
STA_FRE,10/25/24,0,35.7,44.1,52.6,34.7,0.68,6.61
STA_FRE,10/26/24,0,39.8,48.9,58,41.2,1.16,8.85
STA_FRE,10/27/24,0,35.2,45.1,55,33.9,1.03,8.59
STA_FRE,10/28/24,0,37.8,45.3,52.7,32.6,1.29,7.86
STA_FRE,10/29/24,0,40,49.1,58.3,34.6,1.3,10.05
STA_FRE,10/30/24,0.14,48,53.9,59.7,46.1,1.64,7.18
STA_FRE,10/31/24,0,54,66,77.9,52.1,2.59,17.98
STA_FRE,11/1/24,0.08,54.5,65.6,76.7,56,1.31,16.1
STA_FRE,11/2/24,0,38.4,48.1,57.8,39.4,0.75,6.17
STA_FRE,11/3/24,0.03,31,37.5,43.9,32,0.34,3.26
STA_FRE,11/4/24,0,30.6,40.9,51.3,30.6,0.37,6.96
STA_FRE,11/5/24,0,43.6,51,58.4,36.6,4.07,9.16
STA_FRE,11/6/24,0,56.6,67.3,78,53.4,4.65,18.92
STA_FRE,11/7/24,0.02,52.5,60.9,69.4,56,1.01,7.41
STA_FRE,11/8/24,0,41.5,47.5,53.4,40.7,1.21,5.51
STA_FRE,11/9/24,0,32.4,44.3,56.3,33.2,1.32,7.49
STA_FRE,11/10/24,0,31.3,39.2,47.2,27.5,1.08,6.05
STA_FRE,11/11/24,0.27,40.5,47.9,55.3,40.3,0.68,9.04
STA_FRE,11/12/24,0.16,36.7,45.6,54.5,41.8,0.7,4.76
STA_FRE,11/13/24,0.02,26.1,33.7,41.4,27.4,0.53,3.6
STA_FRE,11/14/24,0,28.6,36.5,44.4,23.8,0.77,5.46
STA_FRE,11/15/24,0,35.1,40.1,45.2,27,1.62,5.49
STA_FRE,11/16/24,0,38.7,43,47.3,37.4,1.13,3.45
STA_FRE,11/17/24,0,31.6,41.1,50.5,34.2,0.19,6.77
STA_FRE,11/18/24,0.04,32.7,42,51.4,39.1,0.23,4.64
STA_FRE,11/19/24,0,32.9,44.7,56.4,38,0.2,7.59
STA_FRE,11/20/24,0,33.8,41.8,49.8,39.8,0.2,4.22
STA_FRE,11/21/24,0.35,37.6,47.3,57,44.3,0.5,3.8
STA_FRE,11/22/24,0.79,34.9,39.5,44.1,35.9,0.22,2.83
STA_FRE,11/23/24,0.51,33.8,37.5,41.2,35.5,0.23,1.16
STA_FRE,11/24/24,0.08,38,41.2,44.3,37.1,0.41,2.37
STA_FRE,11/25/24,0,29.8,36.5,43.2,32.1,0.28,3.82
STA_FRE,11/26/24,0.55,31,39.1,47.2,36.7,0.29,4.23
STA_FRE,11/27/24,0,33.8,41.2,48.6,32.9,0.64,4.12
STA_FRE,11/28/24,0.33,32.8,39,45.1,29.4,0.31,5.2
STA_FRE,11/29/24,0.13,32.7,35,37.4,30.8,0.22,2.19
STA_FRE,11/30/24,0,26.1,31.6,37.1,22.2,0.78,3.43
STA_FRE,12/1/24,0,25.2,28.8,32.4,17.1,1.39,2.58
STA_FRE,12/2/24,0,25.6,29.1,32.6,19.8,0.77,2.87
STA_FRE,12/3/24,0.04,28.2,31.3,34.3,25.2,0.52,2.67
STA_FRE,12/4/24,0,25.6,29.7,33.7,20.3,0.66,3.35
STA_FRE,12/5/24,0.05,27.5,30.8,34,23.3,0.44,2.77
STA_FRE,12/6/24,0.03,22.4,28.4,34.4,21.2,0.43,2.5
STA_FRE,12/7/24,0,22.3,25.9,29.4,16.9,0.89,2.83
STA_FRE,12/8/24,0.02,28.4,34.7,41,24.3,0.6,3.94
STA_FRE,12/9/24,0,36.2,40,43.9,32.7,0.91,3.7
STA_FRE,12/10/24,0.37,37.5,41.6,45.7,40.1,0.29,1.72
STA_FRE,12/11/24,0.19,43.7,48.1,52.5,45.6,0.33,2.72
STA_FRE,12/12/24,0.44,28.3,36.6,44.8,31.5,0.38,2.49
STA_FRE,12/13/24,0,17.6,23.2,28.8,10.2,0.89,2.56
STA_FRE,12/14/24,0,13.2,19.8,26.3,8.2,0.44,2.88
STA_FRE,12/15/24,0,14.3,22.5,30.8,14.1,0.5,2.85
STA_FRE,12/16/24,0.15,26.3,31.6,36.9,27.1,0.75,2.49
STA_FRE,12/17/24,0.19,37.2,42.3,47.4,38.3,1,2.79
STA_FRE,12/18/24,0,36.6,41.4,46.2,33.9,0.79,3.61
STA_FRE,12/19/24,0.26,32.3,35.7,39.1,32,0.33,1.85
STA_FRE,12/20/24,0,28.8,30.7,32.6,22.3,0.9,2.48
STA_FRE,12/21/24,0.19,20.4,25.1,29.7,23.2,0.36,1.14
STA_FRE,12/22/24,0.03,4.5,12.2,19.9,8.3,0.33,1.1
STA_FRE,12/23/24,0.01,1.3,8,14.8,0.4,0.3,1.23
STA_FRE,12/24/24,0.09,8.6,19.1,29.6,15.2,0.41,2.29
STA_FRE,12/25/24,0,25.2,30,34.9,26.5,0.36,1.51
STA_FRE,12/26/24,0,25.5,26.6,27.7,19.9,0.58,1.49
STA_FRE,12/27/24,0,18.6,23.5,28.4,19.5,0.35,1.32
STA_FRE,12/28/24,0,21.3,30.8,40.3,27.6,0.46,2.91
STA_FRE,12/29/24,0,37.4,43.9,50.4,40,0.2,3.08
STA_FRE,12/30/24,0.02,40,50.3,60.5,46.7,0.33,5.41
STA_FRE,12/31/24,0.01,34.9,41.3,47.8,33,0.99,4.81
,,,,,,,,
STA_HEM,1/1/24,0.03,28,31,34,28.5,0.21,1.45
STA_HEM,1/2/24,0,26.5,27.7,28.9,22.8,0.71,1.23
STA_HEM,1/3/24,0,29.1,32.9,36.6,26.8,0.47,2.31
STA_HEM,1/4/24,0.04,30.9,33.2,35.5,29.4,0.32,1.72
STA_HEM,1/5/24,0.03,22.3,27.1,31.9,18.1,0.63,1.99
STA_HEM,1/6/24,0,25.7,27.6,29.5,20.8,1.05,1.81
STA_HEM,1/7/24,0.48,27.2,28.6,30,25.8,0.2,1.55
STA_HEM,1/8/24,0.06,27.2,29,30.8,27.5,0.15,0.77
STA_HEM,1/9/24,0,31.1,33.9,36.6,28.1,0.61,2
STA_HEM,1/10/24,0.1,33.3,40.5,47.8,35,0.7,3
STA_HEM,1/11/24,0,32.3,36.8,41.2,28.2,0.7,3.29
STA_HEM,1/12/24,0.11,31.8,34.7,37.6,31.5,0.24,1.95
STA_HEM,1/13/24,0.34,32,36.7,41.3,32.5,0.23,3.59
STA_HEM,1/14/24,0.07,26.4,33.9,41.3,23.2,0.32,3.02
STA_HEM,1/15/24,0,11,18.9,26.9,7.8,0.62,2.21
STA_HEM,1/16/24,0,10.8,17.3,23.9,6.6,0.57,2.57
STA_HEM,1/17/24,0.02,7.4,13.7,20.1,8.6,0.35,1.15
STA_HEM,1/18/24,0,7.2,13.4,19.7,4,0.47,2.07
STA_HEM,1/19/24,0.03,17.1,21.4,25.7,19.5,0.21,1.36
STA_HEM,1/20/24,0.11,10.3,16.1,21.9,12.1,0.28,0.66
STA_HEM,1/21/24,0.1,10.5,12.8,15.1,8.8,0.36,0.6
STA_HEM,1/22/24,0.02,11.5,17.6,23.7,12.2,0.42,1.6
STA_HEM,1/23/24,0.02,12.4,24.1,35.7,19.6,0.14,4.05
STA_HEM,1/24/24,0.23,31.2,33.6,36.1,32.5,0.06,0.9
STA_HEM,1/25/24,0.41,34.6,38.7,42.9,37.9,0,1.05
STA_HEM,1/26/24,1.06,34.5,37.6,40.6,37.2,0,0.42
STA_HEM,1/27/24,0.11,34,41,47.9,36.9,0.1,1.3
STA_HEM,1/28/24,0.1,33.2,37.1,41,36.8,0,1.1
STA_HEM,1/29/24,0.46,31.2,34.5,37.8,32.8,0.07,0.52
STA_HEM,1/30/24,0,27.6,30.1,32.6,27.7,0.21,0.9
STA_HEM,1/31/24,0,27.4,30.4,33.3,28.6,0.37,1.03
STA_HEM,2/1/24,0,29.1,34.9,40.6,31.6,0.35,2.52
STA_HEM,2/2/24,0.03,35.4,36.8,38.1,35,0.18,1.32
STA_HEM,2/3/24,0,29.2,32.3,35.4,29.3,0.37,1.15
STA_HEM,2/4/24,0,22.4,29,35.5,24.1,0.13,2.44
STA_HEM,2/5/24,0,23.9,32.1,40.3,27.3,0.16,3.57
STA_HEM,2/6/24,0,20.7,27.6,34.6,22.7,0.38,2.27
STA_HEM,2/7/24,0,20.8,28.6,36.4,22.8,0.18,2.9
STA_HEM,2/8/24,0,23.8,33.7,43.5,27.2,0.3,4.57
STA_HEM,2/9/24,0,31.4,42.4,53.4,28.7,1.13,8.48
STA_HEM,2/10/24,0,43.3,51.9,60.4,40.5,1.73,8.7
STA_HEM,2/11/24,0,35.6,46.6,57.7,36.3,1.21,6.36
STA_HEM,2/12/24,0,31.9,34.5,37,27.7,1.11,2.39
STA_HEM,2/13/24,0,27.7,31.7,35.7,26.2,0.38,2.5
STA_HEM,2/14/24,0.01,20.1,28.3,36.5,22,0.53,2.93
STA_HEM,2/15/24,0,19.4,24.2,29,14.7,0.63,2.59
STA_HEM,2/16/24,0.06,21.3,28.5,35.6,22.4,0.5,2.76
STA_HEM,2/17/24,0.14,20.6,26.1,31.6,19.7,0.28,2.63
STA_HEM,2/18/24,0.04,18,21.5,25.1,13,0.45,1.97
STA_HEM,2/19/24,0,18,24.1,30.3,16.7,0.88,2.11
STA_HEM,2/20/24,0,12.8,19.4,25.9,9.7,0.6,2.19
STA_HEM,2/21/24,0,14.9,26.6,38.2,17.5,0.68,4.29
STA_HEM,2/22/24,0,27.3,37.2,47.2,25.9,1.48,6.1
STA_HEM,2/23/24,0.14,32.2,35.8,39.4,35.3,0.03,1.81
STA_HEM,2/24/24,0,14.7,33.9,53.1,27,0.32,6.91
STA_HEM,2/25/24,0,14.2,17.9,21.6,8.4,0.71,1.89
STA_HEM,2/26/24,0,19.8,32.9,46,18.3,0.98,7.88
STA_HEM,2/27/24,0,32.7,42.4,52.1,31.6,1.06,6.75
STA_HEM,2/28/24,0.07,45.5,55.8,66.2,42.6,1.26,13.2
STA_HEM,2/29/24,0.1,21.2,40.3,59.4,30.2,0.71,4.71
STA_HEM,3/1/24,0,20.2,23.8,27.5,12.5,0.62,2.79
STA_HEM,3/2/24,0.04,22.6,36.1,49.7,23.6,0.64,8.09
STA_HEM,3/3/24,0.15,38.3,42.5,46.6,42.2,0.01,0.93
STA_HEM,3/4/24,0,39.7,45.9,52.2,41.7,0.14,3.67
STA_HEM,3/5/24,0,41.1,54.6,68.1,46.2,0.51,11.72
STA_HEM,3/6/24,0.02,47.1,54.7,62.2,48.4,0.26,6.3
STA_HEM,3/7/24,0.44,37.1,43.6,50,40.7,0.17,1.51
STA_HEM,3/8/24,0,26.7,36.6,46.5,30.2,0.21,4.64
STA_HEM,3/9/24,0,30.2,43.9,57.6,32.8,0.52,10.09
STA_HEM,3/10/24,0.49,36.4,40.9,45.5,37.3,0.25,4.28
STA_HEM,3/11/24,0.31,27.3,32.4,37.6,25.9,0.33,2.24
STA_HEM,3/12/24,0,29.6,35.8,42.1,23.4,1.07,5.24
STA_HEM,3/13/24,0,31.9,45.5,59.1,35.6,0.85,10.13
STA_HEM,3/14/24,0,36.1,52.5,69,39,0.64,14.85
STA_HEM,3/15/24,0.09,36,48.4,60.8,39.5,0.18,10.62
STA_HEM,3/16/24,0,37,42.8,48.6,37.5,0.41,3.86
STA_HEM,3/17/24,0.21,37.5,45.6,53.6,33.3,0.66,8.42
STA_HEM,3/18/24,0,30.3,37.8,45.2,27.6,0.62,5.65
STA_HEM,3/19/24,0.01,28.5,31.7,34.9,22.3,0.49,2.9
STA_HEM,3/20/24,0.04,28.6,32.2,35.8,28.1,0.28,2.46
STA_HEM,3/21/24,0.06,22.7,30,37.3,20.8,0.31,3.31
STA_HEM,3/22/24,0,20.3,24.6,28.9,12.3,1,2.79
STA_HEM,3/23/24,0.38,21.2,23.2,25.2,19.2,0.25,1.93
STA_HEM,3/24/24,0,21.5,25.5,29.4,20.2,0.29,1.58
STA_HEM,3/25/24,0,22.3,27.9,33.4,11.1,0.96,4.42
STA_HEM,3/26/24,0,28.7,41.6,54.4,23.4,1.63,9.77
STA_HEM,3/27/24,0,40.3,48.9,57.4,33.5,2.65,9.71
STA_HEM,3/28/24,0,35.5,47.8,60.2,35.9,1.91,7.74
STA_HEM,3/29/24,0,29.5,38,46.5,23.7,1.11,6.2
STA_HEM,3/30/24,0,31.7,36,40.3,24.9,1.34,4.27
STA_HEM,3/31/24,0,33.1,40.7,48.3,28.2,1.4,6.78
STA_HEM,4/1/24,0,34.3,41.8,49.2,30.9,0.91,5.98
STA_HEM,4/2/24,0,37.3,45.1,52.9,33,1.22,6.61
STA_HEM,4/3/24,0.51,41.5,43.9,46.3,40,0.56,2.74
STA_HEM,4/4/24,0.93,34.9,39.9,45,37.3,0.2,2.13
STA_HEM,4/5/24,0.14,32.2,34.7,37.1,33.3,0.2,0.7
STA_HEM,4/6/24,0.05,33.1,36.3,39.6,34.1,0.33,2.23
STA_HEM,4/7/24,0,37.2,44,50.9,32.7,1.36,6.73
STA_HEM,4/8/24,0,29.7,41.9,54.1,27.3,0.65,10.03
STA_HEM,4/9/24,0,35.5,47.5,59.6,35.2,1.27,11.21
STA_HEM,4/10/24,0.17,44.1,60,75.8,42.4,2.06,23.7
STA_HEM,4/11/24,0.26,52.2,58.4,64.5,49.8,0.43,8.28
STA_HEM,4/12/24,0.4,55.9,61.6,67.2,57.3,0.55,7.3
STA_HEM,4/13/24,0.42,38.2,48.9,59.6,41.1,0.73,6.42
STA_HEM,4/14/24,0.16,38.4,43.9,49.4,35.2,0.77,5.47
STA_HEM,4/15/24,0.03,42.1,50.7,59.3,43.3,0.53,6.11
STA_HEM,4/16/24,0,37.5,48.1,58.6,36.5,1.05,9.63
STA_HEM,4/17/24,0,36.5,49.1,61.7,33.1,0.86,12.19
STA_HEM,4/18/24,0.25,43.9,49.5,55.2,46.9,0.37,4.81
STA_HEM,4/19/24,0.03,45.8,52.1,58.4,48.6,0.25,4.75
STA_HEM,4/20/24,0.02,41.1,50.6,60,43.7,1.21,5.74
STA_HEM,4/21/24,0,39.1,45.6,52.2,29.2,2.32,7.47
STA_HEM,4/22/24,0,32.6,39.4,46.2,28.8,0.82,5.6
STA_HEM,4/23/24,0,38,45.6,53.3,28.2,1.79,9.16
STA_HEM,4/24/24,0.06,48,57.9,67.8,38,1.02,17.56
STA_HEM,4/25/24,0.01,25.5,38.7,51.8,30.6,0.31,3.95
STA_HEM,4/26/24,0,24.4,35.4,46.4,21.4,0.47,6.69
STA_HEM,4/27/24,0,35,47.6,60.1,26.9,2.22,13.5
STA_HEM,4/28/24,0.03,49.7,54.5,59.2,44.4,1.45,9.1
STA_HEM,4/29/24,0.04,52.9,62,71.1,57.9,0.36,9.36
STA_HEM,4/30/24,0,47.5,55.4,63.2,51.2,0.45,5.5
STA_HEM,5/1/24,0.26,48.1,56.1,64.1,51.1,0.14,6.56
STA_HEM,5/2/24,0,48.8,59.6,70.4,52.6,0,10.57
STA_HEM,5/3/24,0,44.7,55.7,66.7,45.9,0.33,11.78
STA_HEM,5/4/24,0,51.8,63.9,76,51,2.14,18.27
STA_HEM,5/5/24,0.38,49.9,58.3,66.8,49.4,0.68,9.97
STA_HEM,5/6/24,0.07,51.1,57.8,64.4,54.1,0.58,4.97
STA_HEM,5/7/24,0,41.5,55.3,69.2,41.4,0.71,17.02
STA_HEM,5/8/24,0.22,51.9,62.4,72.8,45.6,0.44,19.02
STA_HEM,5/9/24,0.03,47.7,61.4,75,49.1,0.49,19.72
STA_HEM,5/10/24,0,48.5,54.7,61,44.3,0.6,9.48
STA_HEM,5/11/24,0.13,46.8,51.8,56.8,46.9,0.45,5.84
STA_HEM,5/12/24,0.07,49.6,56.4,63.1,46.9,0.73,10.27
STA_HEM,5/13/24,0.04,46,53.7,61.4,48.1,0.14,6.75
STA_HEM,5/14/24,0.02,54.1,62.1,70.2,52.8,1.5,10.99
STA_HEM,5/15/24,0.02,56.2,67.4,78.6,55.8,0.59,18.86
STA_HEM,5/16/24,0.13,57.7,61.2,64.8,58.7,0.18,4.02
STA_HEM,5/17/24,0,57.2,64.8,72.3,57.4,0.32,10.62
STA_HEM,5/18/24,0.12,59.6,66.9,74.1,58,0.5,12.55
STA_HEM,5/19/24,0,57.3,64.7,72.2,60.3,0.38,7.2
STA_HEM,5/20/24,0.02,56.9,67.2,77.4,61.1,0.17,13.5
STA_HEM,5/21/24,0,62.4,73.4,84.5,62.3,1.18,20.52
STA_HEM,5/22/24,0,63.5,75.9,88.3,60.9,2.46,29.64
STA_HEM,5/23/24,0.24,63.6,76.2,88.7,61.4,3.15,27.21
STA_HEM,5/24/24,0,56.6,66.9,77.2,46.7,4.51,21.54
STA_HEM,5/25/24,0,48.4,62.9,77.4,49.5,0.28,19.35
STA_HEM,5/26/24,0.29,59.6,66.8,74,59.1,0.29,14.1
STA_HEM,5/27/24,0,61.4,68.7,76,59.6,0.47,14.58
STA_HEM,5/28/24,0.05,60.7,68.4,76.2,59.7,1.53,11.51
STA_HEM,5/29/24,0.36,55.2,61.4,67.6,56.1,0.41,7.39
STA_HEM,5/30/24,0,44.3,54.8,65.3,45.7,0.36,12.23
STA_HEM,5/31/24,0,45.2,54.3,63.5,40.4,1.28,12.08
STA_HEM,6/1/24,0,47.3,60.2,73.1,41,2.52,19.09
STA_HEM,6/2/24,0,54.8,66.7,78.6,46.9,2.38,23.44
STA_HEM,6/3/24,0.02,60.7,68.2,75.7,58.2,0.74,14.31
STA_HEM,6/4/24,0,58.8,68.9,79,60.9,0.45,15.39
STA_HEM,6/5/24,0,64.3,74.6,84.8,60.9,2.68,23.01
STA_HEM,6/6/24,0.03,67,74.3,81.6,66.3,0.61,14.59
STA_HEM,6/7/24,0.41,58.7,68.3,78,59.1,0.86,15.82
STA_HEM,6/8/24,0.07,57.1,62.9,68.7,53.5,1.91,9.49
STA_HEM,6/9/24,0.47,53.3,62.7,72.1,51.8,0.34,13.37
STA_HEM,6/10/24,0.29,52.4,59.9,67.4,52.6,0.58,10.12
STA_HEM,6/11/24,0,53.4,56.6,59.8,50.2,1.24,4.71
STA_HEM,6/12/24,0.07,53.9,57,60.1,53,0.71,4.3
STA_HEM,6/13/24,0,56.4,65,73.7,52.9,1.67,15.57
STA_HEM,6/14/24,0,66.3,76.3,86.3,57.8,5.49,26.56
STA_HEM,6/15/24,0,57.1,66.9,76.7,53.8,1.84,17.32
STA_HEM,6/16/24,0,49.1,59.7,70.3,50,0.73,12.9
STA_HEM,6/17/24,0,60.8,70.2,79.6,54.6,4.73,19.62
STA_HEM,6/18/24,0.24,68.6,79.4,90.2,66.4,2.01,24.84
STA_HEM,6/19/24,0.01,74.1,82.3,90.5,71.4,3.1,21.05
STA_HEM,6/20/24,0.44,69.5,80.1,90.7,72.5,1.13,20.18
STA_HEM,6/21/24,0,67,78.5,90.1,68,0.83,25.74
STA_HEM,6/22/24,0.02,68.3,77.2,86.1,69.4,0.74,15.89
STA_HEM,6/23/24,0.24,71,78.6,86.2,70.8,1.04,15.84
STA_HEM,6/24/24,0.05,60.7,71.4,82.1,63.4,1.47,13.8
STA_HEM,6/25/24,0,60.4,69.5,78.7,55.9,2.29,19.68
STA_HEM,6/26/24,0,68.7,74.8,80.9,60.7,5.42,20.6
STA_HEM,6/27/24,0.15,61.9,71.5,81.2,60.6,0.97,20.85
STA_HEM,6/28/24,0,48.8,60,71.1,50,0.62,14.43
STA_HEM,6/29/24,0.2,60.3,67.9,75.5,53.6,1.18,18.34
STA_HEM,6/30/24,1.04,66.3,71.8,77.3,69,0.85,6.62
STA_HEM,7/1/24,0,57,67.4,77.7,57.5,1.2,10.27
STA_HEM,7/2/24,0.01,50.7,61.9,73.2,51,0.68,16.56
STA_HEM,7/3/24,0,62,70.3,78.6,56,4.79,17.91
STA_HEM,7/4/24,0.07,70.3,78.7,87.2,66.7,2.32,20.9
STA_HEM,7/5/24,0,71.2,78.7,86.1,69,2.4,19.57
STA_HEM,7/6/24,0.54,68.6,77.5,86.5,68.9,0.78,18.98
STA_HEM,7/7/24,0.02,63.9,74.4,84.9,63.9,2.3,19.02
STA_HEM,7/8/24,0,63.4,73.1,82.8,64,0.96,17.33
STA_HEM,7/9/24,0,66.9,76.6,86.4,66,1.2,22.25
STA_HEM,7/10/24,0.19,70.4,78.6,86.8,69.5,1.28,19.93
STA_HEM,7/11/24,0.45,69.3,79.3,89.4,71.3,0.67,17.85
STA_HEM,7/12/24,0,63.9,69.1,74.3,66,0.44,6.6
STA_HEM,7/13/24,0.05,66.9,75.4,84,66.9,0.75,17.66
STA_HEM,7/14/24,0,60.8,72.3,83.8,64.6,0.72,17.38
STA_HEM,7/15/24,0,69.5,79.3,89.1,64.9,3.11,28.9
STA_HEM,7/16/24,0.92,66.2,77,87.7,68.9,0.7,18.95
STA_HEM,7/17/24,0.72,69,77.5,86.1,69,1.39,13.68
STA_HEM,7/18/24,0,62.6,70.9,79.3,64.3,1.75,13.61
STA_HEM,7/19/24,0,57.5,65.4,73.4,56.7,1.23,12.16
STA_HEM,7/20/24,0,56.8,67,77.2,57.7,0.69,16.28
STA_HEM,7/21/24,0,60.4,70.8,81.1,57.5,2,21.25
STA_HEM,7/22/24,0,63,72.2,81.4,63.7,0.77,16.31
STA_HEM,7/23/24,0.06,66.1,75.6,85,65.7,0.65,21.71
STA_HEM,7/24/24,0,67.8,75,82.3,66.1,1.95,17.04
STA_HEM,7/25/24,0.02,64.5,74.8,85.2,65.4,1.96,19.93
STA_HEM,7/26/24,0,57.2,66.3,75.4,55.4,1.42,15.39
STA_HEM,7/27/24,0,54.2,66.1,78.1,53.9,1.04,19.73
STA_HEM,7/28/24,0,57.3,69.6,82,57.3,0.99,21.35
STA_HEM,7/29/24,0,60.9,73.2,85.5,61,0.95,24.96
STA_HEM,7/30/24,0,65.4,75.8,86.3,64.8,1.03,23.41
STA_HEM,7/31/24,0.61,70.9,79.3,87.7,69.9,2.04,19.3
STA_HEM,8/1/24,0.23,67.9,75.8,83.7,68.7,1.52,15.39
STA_HEM,8/2/24,0,69.7,79.4,89,69.1,1.24,22.27
STA_HEM,8/3/24,0.29,68.9,74.7,80.5,70.5,0.48,8.81
STA_HEM,8/4/24,0.09,66.9,73.5,80.1,70.1,0.36,9.62
STA_HEM,8/5/24,0,64.6,75.6,86.6,64.5,1.43,23.67
STA_HEM,8/6/24,0.99,67.3,75.4,83.6,68.1,0.32,15.5
STA_HEM,8/7/24,0.04,56.7,63.2,69.6,61.3,0.44,5.87
STA_HEM,8/8/24,0,61.7,69.5,77.4,59.4,1.57,17.07
STA_HEM,8/9/24,0.51,66.6,72.4,78.2,67.2,0.59,9.33
STA_HEM,8/10/24,1.88,58.8,68.3,77.8,65.6,0.38,8.02
STA_HEM,8/11/24,0,61.1,68.4,75.6,55.1,3.63,15.72
STA_HEM,8/12/24,0.14,58.8,66.3,73.8,57.2,1.06,12.01
STA_HEM,8/13/24,0,60.1,66.4,72.7,58.9,0.93,10.62
STA_HEM,8/14/24,0,59.1,68.2,77.2,59.2,1.22,14.84
STA_HEM,8/15/24,0,59.5,70.1,80.8,59.6,1.29,18.31
STA_HEM,8/16/24,0,59.1,70.9,82.8,61.6,0.48,20.64
STA_HEM,8/17/24,0,65,74.7,84.5,62.8,1.92,22.83
STA_HEM,8/18/24,0.07,68.4,73.8,79.3,67.3,1.8,10.07
STA_HEM,8/19/24,0.96,64.1,72.1,80.1,67.2,0.41,11.31
STA_HEM,8/20/24,0.15,54.6,59.3,63.9,54.6,0.82,3.67
STA_HEM,8/21/24,0.03,52.1,58.5,64.8,50.3,0.93,8.86
STA_HEM,8/22/24,0.06,55.1,61.6,68,52.4,1.66,10.78
STA_HEM,8/23/24,0,54,64,73.9,53.1,1.09,15.82
STA_HEM,8/24/24,0,53.7,65.5,77.2,55.9,0.3,16.93
STA_HEM,8/25/24,0,57.7,69,80.2,59,0.45,19.01
STA_HEM,8/26/24,0,58,69.7,81.4,60.6,0.22,18.57
STA_HEM,8/27/24,0,58.5,70.4,82.3,62.2,0.23,17.43
STA_HEM,8/28/24,0,64.3,75.7,87.1,67.8,1.83,21.87
STA_HEM,8/29/24,0,60.4,68.1,75.8,63.3,1.16,6.73
STA_HEM,8/30/24,0,61.5,67.8,74.2,61,0.92,11.95
STA_HEM,8/31/24,0.07,66.1,72.1,78,65.1,1.76,9.81
STA_HEM,9/1/24,0.22,61.4,70.8,80.2,66.1,0.54,10.84
STA_HEM,9/2/24,0.22,55.4,68.5,81.6,58.9,1.21,18.06
STA_HEM,9/3/24,0,46.6,55.7,64.8,46.9,0.79,10.06
STA_HEM,9/4/24,0,48.4,60.4,72.3,49.7,0.49,15.79
STA_HEM,9/5/24,0,53.2,64.5,75.7,52.9,1.4,16.98
STA_HEM,9/6/24,0,56,66.7,77.4,52.4,2.74,18.98
STA_HEM,9/7/24,1.21,56.7,68.9,81,60.7,0.39,17.69
STA_HEM,9/8/24,0.1,47,56.2,65.4,49.1,0.88,8.44
STA_HEM,9/9/24,0.05,49.5,57.2,64.9,45.2,2.12,12.06
STA_HEM,9/10/24,0.24,54.5,62.3,70,55.9,0.25,9.66
STA_HEM,9/11/24,0,48,60.2,72.3,50.2,0.26,16.26
STA_HEM,9/12/24,0,52.5,65.3,78.1,57.2,0.28,16.75
STA_HEM,9/13/24,0,56.6,69,81.4,60.2,0.47,18.67
STA_HEM,9/14/24,0,55.9,67.9,79.9,61.1,0.1,16.02
STA_HEM,9/15/24,0,57.7,69.8,82,62.6,0,18.17
STA_HEM,9/16/24,0,57.6,70.2,82.9,61.1,0.5,20.33
STA_HEM,9/17/24,0,57,69.2,81.5,59.7,1.18,18.84
STA_HEM,9/18/24,0,55.6,67.1,78.6,56.5,0.5,19.91
STA_HEM,9/19/24,0,57.4,65.8,74.2,60.1,0.34,11.38
STA_HEM,9/20/24,0,54.4,67,79.6,60.4,0.15,15.41
STA_HEM,9/21/24,0,57.1,68.5,79.9,60.7,0.37,16.98
STA_HEM,9/22/24,0.02,60.4,69.9,79.5,62.6,0.68,14.19
STA_HEM,9/23/24,0.09,61.6,69.3,76.9,61.8,1.36,11.85
STA_HEM,9/24/24,0.07,57.9,61.3,64.8,57,1.01,3.8
STA_HEM,9/25/24,0.17,58,61.4,64.9,56.3,1,5.28
STA_HEM,9/26/24,0.54,61.6,65.8,70,60.6,0.57,6.93
STA_HEM,9/27/24,0.06,50.4,61,71.6,58.1,0.01,9.69
STA_HEM,9/28/24,0.07,53.7,63.5,73.3,57.1,0.18,14.37
STA_HEM,9/29/24,0.08,61.9,67.5,73.1,62.9,0.6,8.56
STA_HEM,9/30/24,0,56.2,63.5,70.7,60.9,0.14,6.4
STA_HEM,10/1/24,0,56.5,64.8,73.2,59.5,0.17,10.39
STA_HEM,10/2/24,0.03,57.5,64.7,71.9,55.6,0.87,11.83
STA_HEM,10/3/24,0.04,45.4,55.2,65.1,49,0.32,9.89
STA_HEM,10/4/24,0,47.4,59.5,71.5,49.5,0.21,15.41
STA_HEM,10/5/24,0.07,48.8,61.7,74.6,53.4,0.23,15.23
STA_HEM,10/6/24,0.01,43.3,54.8,66.2,46.4,0.31,11.52
STA_HEM,10/7/24,0.15,48.7,61.8,74.8,52.9,0.99,15.77
STA_HEM,10/8/24,0.02,45,52.7,60.5,44.8,1.22,7.68
STA_HEM,10/9/24,0.01,42.2,51.4,60.6,42,0.98,9.54
STA_HEM,10/10/24,0.13,42.1,50,58,40.6,0.84,8.64
STA_HEM,10/11/24,0,40.6,46.5,52.4,39.2,0.62,5.43
STA_HEM,10/12/24,0,42.9,55.3,67.7,45.5,0.86,12.99
STA_HEM,10/13/24,0.06,39.2,49.3,59.3,40.4,0.28,9.9
STA_HEM,10/14/24,0.64,43,44.5,46,43.4,0.31,0.92
STA_HEM,10/15/24,0.42,39,43.2,47.4,38.2,0.35,3.56
STA_HEM,10/16/24,0.3,39.9,44.6,49.3,37.2,0.55,5.22
STA_HEM,10/17/24,0.03,35.7,42.1,48.5,36.1,0.39,4.35
STA_HEM,10/18/24,0,35.9,46.4,57,38.4,0.23,8.11
STA_HEM,10/19/24,0,35,50,64.9,41.3,0.03,12.35
STA_HEM,10/20/24,0,37.2,52.6,67.9,41,0.23,15.07
STA_HEM,10/21/24,0,40.9,56.7,72.6,40.3,1.27,19.45
STA_HEM,10/22/24,0,50.1,64.2,78.4,45.6,2.71,20.3
STA_HEM,10/23/24,0,52.3,65.7,79.1,47.8,3.08,23.3
STA_HEM,10/24/24,0,45.7,61.1,76.4,46.5,1.88,20.04
STA_HEM,10/25/24,0,32.1,41.6,51.2,34.6,0.23,6.07
STA_HEM,10/26/24,0,35,46,57,41.2,0.47,8.29
STA_HEM,10/27/24,0.02,32.1,42.8,53.6,33.6,0.59,7.81
STA_HEM,10/28/24,0,35.2,43.1,51,32.9,0.86,6.89
STA_HEM,10/29/24,0,39.1,47.9,56.7,35.9,1.05,8.65
STA_HEM,10/30/24,0.06,46.3,52.9,59.6,46.5,1.5,7.07
STA_HEM,10/31/24,0,54.5,65.9,77.2,52.7,2.45,17.15
STA_HEM,11/1/24,0.23,55.9,66.2,76.5,56.4,1.39,15.57
STA_HEM,11/2/24,0.07,38.6,47.6,56.6,39,0.86,6.08
STA_HEM,11/3/24,0.06,30.7,37.3,43.8,32.3,0.32,3.35
STA_HEM,11/4/24,0,30.9,41.3,51.6,31.6,0.42,6.69
STA_HEM,11/5/24,0.01,44.9,52.1,59.3,38,4.35,8.84
STA_HEM,11/6/24,0,57.1,67.9,78.6,54,4.68,19.31
STA_HEM,11/7/24,0.04,52.1,60.6,69.1,56.3,0.83,7.7
STA_HEM,11/8/24,0,42.5,48,53.6,41,1.26,5.66
STA_HEM,11/9/24,0,33,44.5,55.9,33.1,1.51,7.16
STA_HEM,11/10/24,0,31.2,39.6,48,27.7,1.05,6.37
STA_HEM,11/11/24,0.35,40.3,48.4,56.5,41.2,0.65,9.44
STA_HEM,11/12/24,0.15,37.4,46.1,54.7,41.7,0.64,4.83
STA_HEM,11/13/24,0,28.2,34.8,41.5,27.9,0.71,3.53
STA_HEM,11/14/24,0,29,36.6,44.2,24,0.84,5.35
STA_HEM,11/15/24,0,36.5,41.1,45.7,27.6,1.78,5.72
STA_HEM,11/16/24,0,39.7,43.5,47.2,37.7,1.3,3.54
STA_HEM,11/17/24,0,32.8,42.1,51.5,34.4,0.23,7.24
STA_HEM,11/18/24,0.04,34,42.8,51.6,39.7,0.31,4.72
STA_HEM,11/19/24,0,32.4,44.6,56.9,38.5,0.1,7.86
STA_HEM,11/20/24,0,33.7,41.7,49.8,40.2,0.07,4.03
STA_HEM,11/21/24,0.2,37.5,47.8,58.1,44.7,0.4,4.01
STA_HEM,11/22/24,0.89,35.9,40.3,44.7,36.6,0.18,3.05
STA_HEM,11/23/24,0.54,33.1,37.5,41.8,36.3,0.15,1.09
STA_HEM,11/24/24,0.08,38.2,41.4,44.6,37.6,0.29,2.28
STA_HEM,11/25/24,0,30.5,37.2,43.8,32.5,0.28,4.11
STA_HEM,11/26/24,0.28,30.6,39.4,48.1,37,0.21,4.26
STA_HEM,11/27/24,0.03,33.6,41.4,49.2,32.8,0.66,4.2
STA_HEM,11/28/24,0.31,33,39,45,29.6,0.27,5.14
STA_HEM,11/29/24,0.14,32.8,35.1,37.4,30.8,0.19,2.21
STA_HEM,11/30/24,0,26.2,31.6,37,22,0.86,3.55
STA_HEM,12/1/24,0,24.8,28.2,31.6,17.3,1.28,2.36
STA_HEM,12/2/24,0,25.7,29,32.3,20.3,0.75,2.7
STA_HEM,12/3/24,0.13,27.6,30.6,33.7,25.9,0.35,2.39
STA_HEM,12/4/24,0,24.3,28.5,32.6,20.2,0.44,3.09
STA_HEM,12/5/24,0.17,27.4,30.6,33.8,23.6,0.31,2.68
STA_HEM,12/6/24,0.14,22.6,28.2,33.9,21.6,0.34,2.14
STA_HEM,12/7/24,0,21.7,25.3,28.9,16.9,0.87,2.66
STA_HEM,12/8/24,0.04,28.6,35.2,41.7,24.4,0.61,4.1
STA_HEM,12/9/24,0,35.5,39.6,43.8,32.5,0.86,3.6
STA_HEM,12/10/24,0.48,36.4,41.6,46.8,40.6,0.22,1.85
STA_HEM,12/11/24,0.29,42.5,47.3,52.1,45.2,0.22,2.89
STA_HEM,12/12/24,0.35,27,35.2,43.5,31.9,0.18,2.41
STA_HEM,12/13/24,0.02,17.1,22.3,27.4,10.7,0.71,2.21
STA_HEM,12/14/24,0,11.2,18.3,25.3,7.9,0.31,2.73
STA_HEM,12/15/24,0,11.3,20.8,30.2,14.2,0.31,2.62
STA_HEM,12/16/24,0.14,25.8,31.5,37.2,27.4,0.62,2.42
STA_HEM,12/17/24,0.16,37.4,43.2,48.9,38.5,0.97,3.22
STA_HEM,12/18/24,0.01,36.7,41.3,45.9,34.2,0.68,3.47
STA_HEM,12/19/24,0.26,31.5,35.2,39,31.7,0.22,1.95
STA_HEM,12/20/24,0,28.1,30.2,32.3,22.7,0.69,2.45
STA_HEM,12/21/24,0.32,19.9,24.5,29.1,23.7,0.24,0.86
STA_HEM,12/22/24,0.09,5.1,12.3,19.5,8.9,0.3,1
STA_HEM,12/23/24,0,-1.3,6.2,13.6,1.2,0.19,1.01
STA_HEM,12/24/24,0.18,7.3,18.3,29.3,16.3,0.27,2.08
STA_HEM,12/25/24,0,25.5,30.1,34.7,27,0.34,1.39
STA_HEM,12/26/24,0,25.5,26.3,27.1,20.3,0.57,1.34
STA_HEM,12/27/24,0,19,23.6,28.1,19.9,0.33,1.3
STA_HEM,12/28/24,0,21.9,30.6,39.4,28.1,0.44,2.55
STA_HEM,12/29/24,0,37.3,44.3,51.4,40.4,0.17,3.33
STA_HEM,12/30/24,0.02,39.3,50.1,61,46.4,0.21,5.89
STA_HEM,12/31/24,0,34.5,40.8,47.2,33.1,0.89,4.8
,,,,,,,,
STA_MAC,1/1/24,0.02,27.7,30.9,34.1,29.1,0.15,1.46
STA_MAC,1/2/24,0,26.1,28.4,30.8,23.5,0.49,1.48
STA_MAC,1/3/24,0,29.2,32.4,35.5,25,1.03,2.42
STA_MAC,1/4/24,0,29.4,32.3,35.2,27.7,0.45,2.06
STA_MAC,1/5/24,0,20,24.8,29.6,16.4,0.65,2.03
STA_MAC,1/6/24,0,21.9,25.9,29.9,18.3,0.83,2.22
STA_MAC,1/7/24,0.44,23.3,27.1,31,24.5,0.21,1.89
STA_MAC,1/8/24,0.02,26.9,29.6,32.2,26.7,0.22,1.17
STA_MAC,1/9/24,0.01,30.1,33.8,37.6,27.2,0.56,2.65
STA_MAC,1/10/24,0.08,33.6,41.9,50.1,35.1,0.78,3.75
STA_MAC,1/11/24,0.03,31.4,35.6,39.8,27.7,0.56,3.04
STA_MAC,1/12/24,0.04,30.7,33.8,36.8,29.5,0.5,2.12
STA_MAC,1/13/24,0.29,30.5,36.2,41.9,31,0.32,3.91
STA_MAC,1/14/24,0.11,23.7,31.7,39.7,20.9,0.39,2.84
STA_MAC,1/15/24,0,8.4,16.6,24.7,5.4,0.65,1.89
STA_MAC,1/16/24,0,8.8,15.5,22.1,5.1,0.59,2.33
STA_MAC,1/17/24,0.02,6.8,13.4,20,7,0.4,1.36
STA_MAC,1/18/24,0,7.2,13.6,19.9,2.1,0.68,2.25
STA_MAC,1/19/24,0.03,18,22,26.1,16.3,0.4,1.76
STA_MAC,1/20/24,0.08,8.1,15.4,22.7,11.4,0.24,0.87
STA_MAC,1/21/24,0.02,8.1,11.9,15.7,7.2,0.41,0.88
STA_MAC,1/22/24,0,11.2,18.2,25.2,10.6,0.54,2.16
STA_MAC,1/23/24,0.01,13.2,24.4,35.6,17.4,0.46,4.49
STA_MAC,1/24/24,0.15,30.8,34.2,37.6,32.2,0.14,1.24
STA_MAC,1/25/24,0.2,35.6,40.4,45.3,38.6,0.17,1.27
STA_MAC,1/26/24,0.78,35.5,38.2,40.9,37.6,0.19,0.67
STA_MAC,1/27/24,0.06,34.4,40.6,46.8,37.2,0.23,1.4
STA_MAC,1/28/24,0.11,33.4,38.1,42.8,36.9,0.02,1.87
STA_MAC,1/29/24,0.51,29.9,34,38.2,32,0.05,0.81
STA_MAC,1/30/24,0,26.2,29.2,32.2,27,0.09,1.09
STA_MAC,1/31/24,0,25.8,30.1,34.4,27.9,0.31,1.48
STA_MAC,2/1/24,0,28.4,34.2,40.1,30.3,0.39,2.68
STA_MAC,2/2/24,0.07,34,36.1,38.2,34,0.14,1.52
STA_MAC,2/3/24,0,28.6,31.8,35.1,28,0.5,1.49
STA_MAC,2/4/24,0,21.4,29.1,36.9,22.3,0.35,3.19
STA_MAC,2/5/24,0,22.8,32.2,41.7,24.1,0.35,4.78
STA_MAC,2/6/24,0,18,27,35.9,21.1,0.38,2.97
STA_MAC,2/7/24,0,18.7,28.2,37.7,20.2,0.32,3.79
STA_MAC,2/8/24,0,22.5,33.4,44.4,24.3,0.48,5.77
STA_MAC,2/9/24,0,28,40.4,52.9,25.7,1.01,9.19
STA_MAC,2/10/24,0,40.2,50.5,60.7,38.4,1.61,9.76
STA_MAC,2/11/24,0,34.3,45,55.7,35.4,1.11,5.66
STA_MAC,2/12/24,0,29.9,33.4,37,26.2,1.07,2.72
STA_MAC,2/13/24,0,27.5,32.5,37.5,24.3,0.77,3.34
STA_MAC,2/14/24,0.02,19.2,27.7,36.2,19.3,0.67,3.32
STA_MAC,2/15/24,0,16.5,23.5,30.6,12.1,0.6,3.29
STA_MAC,2/16/24,0.02,17.8,27.1,36.3,20.3,0.44,3.53
STA_MAC,2/17/24,0.03,19.6,25.8,31.9,16.9,0.3,3.23
STA_MAC,2/18/24,0.01,17,21.1,25.2,11.4,0.57,2.17
STA_MAC,2/19/24,0,15.9,23.2,30.5,14.9,0.87,2.53
STA_MAC,2/20/24,0,12.2,20.3,28.4,9.4,0.6,2.79
STA_MAC,2/21/24,0,14.3,28.5,42.7,16.4,0.68,6.31
STA_MAC,2/22/24,0,28.2,40,51.8,24.6,1.71,8.8
STA_MAC,2/23/24,0.11,34.8,39.4,43.9,35.1,0.38,3.59
STA_MAC,2/24/24,0,16,34.6,53.1,26.5,0.47,7.29
STA_MAC,2/25/24,0,13,18.3,23.5,7.2,0.69,2.35
STA_MAC,2/26/24,0,18.5,32.7,47,15.3,1.15,8.87
STA_MAC,2/27/24,0,32.9,44.1,55.4,29.8,1.48,9.37
STA_MAC,2/28/24,0.14,43.7,55.8,67.9,41.6,1.24,15.39
STA_MAC,2/29/24,0.25,19.5,41.2,62.8,29,0.58,6.43
STA_MAC,3/1/24,0,18.7,23.1,27.5,11.8,0.55,2.7
STA_MAC,3/2/24,0,25,38.6,52.2,22.8,0.99,9.6
STA_MAC,3/3/24,0.18,41.1,45,48.9,41.8,0.27,2.3
STA_MAC,3/4/24,0,35.5,43.5,51.6,41,0.11,3.68
STA_MAC,3/5/24,0,43.8,57.8,71.7,45,1.05,16.03
STA_MAC,3/6/24,0.04,48.2,60.1,72,48.1,0.31,15.69
STA_MAC,3/7/24,0.23,35.8,43.1,50.3,40.5,0.14,1.44
STA_MAC,3/8/24,0,27.7,38,48.3,29.7,0.32,5.27
STA_MAC,3/9/24,0.06,31.1,47,62.8,33.3,0.66,14.14
STA_MAC,3/10/24,0.14,35.5,41.4,47.3,37.5,0.25,3.39
STA_MAC,3/11/24,0.04,26.9,32.2,37.5,24.5,0.42,2.6
STA_MAC,3/12/24,0,30,38.6,47.2,23.9,1.62,6.06
STA_MAC,3/13/24,0,38.6,49.8,60.9,34.5,1.75,11.97
STA_MAC,3/14/24,0,35.1,52.3,69.5,37.9,0.7,15.78
STA_MAC,3/15/24,0.26,36.2,51.1,66,38.9,0.18,17.19
STA_MAC,3/16/24,0.02,35.3,40.8,46.4,37.1,0.24,2.86
STA_MAC,3/17/24,0.28,35.1,44.7,54.3,32.4,0.54,8.99
STA_MAC,3/18/24,0.02,28,36.6,45.3,26.3,0.5,5.7
STA_MAC,3/19/24,0.03,26.1,30,33.9,21.7,0.4,2.8
STA_MAC,3/20/24,0.06,26.9,31.4,35.9,26.9,0.29,2.64
STA_MAC,3/21/24,0.04,20.5,29.2,38,18.4,0.33,3.1
STA_MAC,3/22/24,0,14.4,21.7,29.1,11.8,0.47,2.9
STA_MAC,3/23/24,0.22,17.7,22.8,27.8,19,0.19,2.09
STA_MAC,3/24/24,0,15.8,22.6,29.4,17.8,0.26,1.98
STA_MAC,3/25/24,0,17.7,26,34.3,11.5,0.73,4.57
STA_MAC,3/26/24,0,28.7,44.1,59.5,22.5,1.92,12.82
STA_MAC,3/27/24,0,42.4,50.7,59,30,2.69,12.28
STA_MAC,3/28/24,0,34.3,47.1,59.9,34.7,1.52,8.14
STA_MAC,3/29/24,0,26.5,37.1,47.7,22.2,0.78,7.05
STA_MAC,3/30/24,0,27.1,33.2,39.3,24.5,0.75,3.9
STA_MAC,3/31/24,0,30.5,40.7,50.9,29.1,0.95,8.22
STA_MAC,4/1/24,0,33.8,42,50.3,31.7,0.7,6.29
STA_MAC,4/2/24,0,36.6,45.6,54.6,32.9,0.88,7.55
STA_MAC,4/3/24,0.46,40,43.1,46.2,39.9,0.53,2.33
STA_MAC,4/4/24,1.08,33,40.2,47.3,37.2,0.12,2.74
STA_MAC,4/5/24,0.14,30.9,35.8,40.8,32.5,0.16,1.68
STA_MAC,4/6/24,0.09,31.7,35.5,39.2,33,0.31,2.32
STA_MAC,4/7/24,0,33,42.3,51.6,31.6,0.69,7.37
STA_MAC,4/8/24,0,33.3,44.4,55.5,25.5,1.41,11.11
STA_MAC,4/9/24,0,37.7,48.9,60.1,34,1.49,11.65
STA_MAC,4/10/24,0,46.7,62.5,78.2,42.2,2.45,26.93
STA_MAC,4/11/24,0.38,49.6,57.4,65.3,49.7,0.24,9.58
STA_MAC,4/12/24,0.69,51.7,59.4,67.2,56.7,0.31,7.42
STA_MAC,4/13/24,0.24,37.9,47.1,56.4,39.2,0.98,5.75
STA_MAC,4/14/24,0.08,37.4,43.3,49.1,34.5,0.76,5.31
STA_MAC,4/15/24,0.09,40.8,52.8,64.8,43.9,0.41,9.84
STA_MAC,4/16/24,0,36.6,48.5,60.4,35.5,1.09,10.92
STA_MAC,4/17/24,0,38.5,51.1,63.8,32.9,1.38,13.42
STA_MAC,4/18/24,0.23,44,50.4,56.9,47.8,0.25,4.71
STA_MAC,4/19/24,0.01,42.7,50.9,59.2,46.4,0.21,5.71
STA_MAC,4/20/24,0.02,40.7,51.1,61.5,42.6,1.26,6.14
STA_MAC,4/21/24,0,37.5,43.8,50.1,27.7,2.18,6.69
STA_MAC,4/22/24,0,30.5,38,45.4,27.3,0.76,5.7
STA_MAC,4/23/24,0.01,35.1,45.5,56,25,1.63,11.93
STA_MAC,4/24/24,0.04,43.4,55,66.6,37.7,0.42,16.57
STA_MAC,4/25/24,0.03,25.3,37.8,50.3,31.7,0.25,3.66
STA_MAC,4/26/24,0,25.4,37.7,50.1,21.2,0.79,8.22
STA_MAC,4/27/24,0,34.9,48.7,62.4,27.2,2.8,14.75
STA_MAC,4/28/24,0.04,51.1,56.4,61.7,46.4,1.68,8.06
STA_MAC,4/29/24,0.06,55.7,62.8,69.8,58,0.72,8.18
STA_MAC,4/30/24,0,49.4,60.1,70.8,52.8,0.44,10.86
STA_MAC,5/1/24,0.13,45.3,56.1,66.8,51.6,0.04,7.77
STA_MAC,5/2/24,0,49.1,63.3,77.4,49.7,0.26,21.8
STA_MAC,5/3/24,0,46.4,58.2,70.1,45.4,0.76,15.1
STA_MAC,5/4/24,0,53.1,66.4,79.6,50.6,1.94,23.16
STA_MAC,5/5/24,0.28,50.7,59.7,68.6,50.5,0.68,10.18
STA_MAC,5/6/24,0.1,53.1,59.3,65.5,54.2,0.77,5.41
STA_MAC,5/7/24,0,41.5,56.1,70.7,41.7,0.78,17.81
STA_MAC,5/8/24,0.44,48.8,62.4,75.9,46.6,0,23.31
STA_MAC,5/9/24,0,46.2,60.4,74.6,48.3,0.39,19.08
STA_MAC,5/10/24,0.03,47.1,54.6,62.2,43.1,0.55,10.26
STA_MAC,5/11/24,0.1,39.4,48.1,56.7,44.2,0.01,6.43
STA_MAC,5/12/24,0.02,46.5,55.5,64.4,46,0.18,12.06
STA_MAC,5/13/24,0.02,45.8,53.1,60.5,47,0.2,6.89
STA_MAC,5/14/24,0.1,52.1,61.8,71.4,51.5,1.28,12.44
STA_MAC,5/15/24,0.04,54.9,67.5,80.2,55.6,0.28,20.43
STA_MAC,5/16/24,0.1,56.6,61.9,67.2,57.8,0.06,6
STA_MAC,5/17/24,0.02,54.7,62.9,71.2,56.7,0.06,9.56
STA_MAC,5/18/24,0.82,57.1,66.3,75.4,58,0.17,13.67
STA_MAC,5/19/24,0,56.8,66.2,75.5,59.9,0.14,12.23
STA_MAC,5/20/24,0,57,68,79,59.2,0.35,18.14
STA_MAC,5/21/24,0,62.5,74.2,85.9,61.3,1.48,23.8
STA_MAC,5/22/24,0,64,75.6,87.2,59.8,3.11,27.8
STA_MAC,5/23/24,0,60.8,73.8,86.9,61.1,2.21,24.79
STA_MAC,5/24/24,0,53,65.1,77.2,46.5,2.59,21.74
STA_MAC,5/25/24,0,49.4,63.9,78.3,48.4,1.05,21.69
STA_MAC,5/26/24,0.69,55.3,65,74.6,58.5,0,13.73
STA_MAC,5/27/24,0,60.7,69.4,78.1,58.8,0.37,17.91
STA_MAC,5/28/24,0.1,58.8,67.4,76,59,1.05,12.18
STA_MAC,5/29/24,0.13,52,59.5,67,55.1,0,7.64
STA_MAC,5/30/24,0,42.3,54.1,65.8,46,0.22,12.19
STA_MAC,5/31/24,0,42.2,53,63.7,39.2,0.66,13.02
STA_MAC,6/1/24,0,44.7,58.4,72.2,39.2,2.16,18.79
STA_MAC,6/2/24,0,54.7,67.4,80,44.4,3.28,26.79
STA_MAC,6/3/24,0.11,58.5,67.1,75.7,57.9,0,15.31
STA_MAC,6/4/24,0,58.2,68.6,78.9,60.7,0.32,15.32
STA_MAC,6/5/24,0,61.6,73.6,85.7,59.6,1.51,25.09
STA_MAC,6/6/24,0.08,64.1,73.1,82.2,65.7,0.34,15.18
STA_MAC,6/7/24,0.14,57.6,67.5,77.4,57.9,0.42,16.61
STA_MAC,6/8/24,0.21,55.6,60.8,66.1,52.6,1.73,7.97
STA_MAC,6/9/24,0.63,51.9,61.1,70.3,50.9,0.16,12.75
STA_MAC,6/10/24,0.26,50.3,58.6,67,51.4,0.45,10.24
STA_MAC,6/11/24,0,51.5,55.6,59.6,49.3,0.88,5.02
STA_MAC,6/12/24,0,51,55.7,60.4,51.3,0.33,5.22
STA_MAC,6/13/24,0,54,64.4,74.8,50.9,1.32,17.7
STA_MAC,6/14/24,0,63.9,75.2,86.4,57.1,4.14,26.84
STA_MAC,6/15/24,0,53.5,66.1,78.7,52.2,1.22,20.23
STA_MAC,6/16/24,0,47.8,59.7,71.6,48.7,0.64,14.67
STA_MAC,6/17/24,0,56.8,69.8,82.8,55,3.05,24.08
STA_MAC,6/18/24,0.75,68.1,79.3,90.5,65.9,2.1,26.14
STA_MAC,6/19/24,0.02,71.2,81.9,92.6,70.6,1.58,26.22
STA_MAC,6/20/24,0.13,68,79.2,90.4,71.2,0.72,20.57
STA_MAC,6/21/24,0,66.8,78.2,89.5,68.3,0.66,23.6
STA_MAC,6/22/24,0.84,69.3,78,86.7,69.5,0.82,17.86
STA_MAC,6/23/24,0.02,72.6,80.8,89.1,69.7,2.35,23.33
STA_MAC,6/24/24,0.04,59.9,70.3,80.6,62.7,1.56,12.46
STA_MAC,6/25/24,0,56.8,68,79.2,54.9,1.38,20.82
STA_MAC,6/26/24,0,64.8,72.9,81.1,60.6,2.39,20.92
STA_MAC,6/27/24,0.29,58.3,70.1,81.8,59.6,0.27,22.39
STA_MAC,6/28/24,0,48.9,59.6,70.2,50,0.38,13.52
STA_MAC,6/29/24,0.35,56.6,66.5,76.4,54.8,0.71,18.27
STA_MAC,6/30/24,1.38,66.7,72.7,78.7,68.8,0.73,8.54
STA_MAC,7/1/24,0,54.6,66.1,77.7,56,1.13,11.74
STA_MAC,7/2/24,0,48.9,60.8,72.6,48.6,0.79,16.69
STA_MAC,7/3/24,0,56.6,68.6,80.7,55.3,3.98,20.61
STA_MAC,7/4/24,0.01,69.6,78.4,87.2,66.9,1.95,20.92
STA_MAC,7/5/24,0.11,68.6,76.6,84.7,67.4,1.24,19.07
STA_MAC,7/6/24,0.66,67.1,76.4,85.7,68.6,0.45,18.21
STA_MAC,7/7/24,0,62.3,72.8,83.4,62.8,1.73,18.74
STA_MAC,7/8/24,0,61.5,72.3,83.1,62.4,0.93,18.89
STA_MAC,7/9/24,0,64.5,75.8,87.1,63.7,1.22,25.17
STA_MAC,7/10/24,0.13,68.1,77.1,86,68,0.94,20.12
STA_MAC,7/11/24,0.72,66.9,77,87.1,69.9,0.45,15.33
STA_MAC,7/12/24,0.03,62.5,67.8,73.1,64.9,0.47,5.63
STA_MAC,7/13/24,0.01,63.5,74.2,84.9,64.8,0.61,20.8
STA_MAC,7/14/24,0,59.3,71.7,84.2,61.8,1.15,21.74
STA_MAC,7/15/24,0.08,65.5,77.3,89.1,64.4,1.12,29.73
STA_MAC,7/16/24,0.95,64.4,76.4,88.3,67.5,0.52,21.06
STA_MAC,7/17/24,0.34,66.9,75.7,84.5,67.1,1.33,14.57
STA_MAC,7/18/24,0,59.5,69.1,78.6,63.8,0.75,13.05
STA_MAC,7/19/24,0,53.8,63.6,73.4,54.7,0.73,13.34
STA_MAC,7/20/24,0,53.7,65.3,76.9,54.4,0.85,17.66
STA_MAC,7/21/24,0,56.6,68.7,80.8,55.5,1.34,21.42
STA_MAC,7/22/24,0,60.6,71.2,81.8,61.1,0.79,19.06
STA_MAC,7/23/24,0.11,61.9,73.4,84.9,63.6,0.26,23.34
STA_MAC,7/24/24,0.11,65,73,81.1,64.3,1.24,16.71
STA_MAC,7/25/24,0.34,61.8,72.4,82.9,64.4,1.02,16.85
STA_MAC,7/26/24,0,53.9,64.4,74.9,53.7,0.91,16.23
STA_MAC,7/27/24,0,52.9,65.4,77.9,52.5,1.31,19.83
STA_MAC,7/28/24,0,56.3,69,81.7,55.4,1.39,22.05
STA_MAC,7/29/24,0,60.9,73.8,86.6,59.1,1.78,27.35
STA_MAC,7/30/24,0,64.3,75.4,86.4,63.8,1.05,24.13
STA_MAC,7/31/24,0.29,68,77.3,86.7,68.9,0.5,19.46
STA_MAC,8/1/24,0,66.1,75.2,84.3,66.9,1.53,18.17
STA_MAC,8/2/24,0.08,67.8,77.9,88,68.6,0.83,21.31
STA_MAC,8/3/24,0.03,67.6,72.4,77.2,69.4,0.43,6.04
STA_MAC,8/4/24,0,64.9,71.4,78,68.4,0.46,8.77
STA_MAC,8/5/24,0,63.6,74.4,85.2,63.6,1.28,22.43
STA_MAC,8/6/24,0.84,65.8,74.2,82.6,67.6,0.17,14.17
STA_MAC,8/7/24,0.15,57.3,62.8,68.2,60.4,0.51,4.99
STA_MAC,8/8/24,0,60.2,68.6,76.9,59,1.15,16.38
STA_MAC,8/9/24,0.24,67.2,74.5,81.7,67.3,0.85,13.18
STA_MAC,8/10/24,1.12,58.4,67.7,77.1,64.7,0.4,7.95
STA_MAC,8/11/24,0,57.5,65.6,73.7,54.3,1.97,14.59
STA_MAC,8/12/24,0.22,56.7,64.7,72.7,56.2,0.76,12.04
STA_MAC,8/13/24,0,56.1,64.5,72.9,57.1,0.44,12.18
STA_MAC,8/14/24,0,56.2,66.6,76.9,57.8,0.69,15.54
STA_MAC,8/15/24,0,56.9,69,81,57.8,0.88,20.13
STA_MAC,8/16/24,0,57.8,70.4,83.1,59.3,0.79,22.43
STA_MAC,8/17/24,0,62.4,73.9,85.4,62.5,1.24,24.93
STA_MAC,8/18/24,0.31,65.1,74.1,83,66.3,0.89,15.12
STA_MAC,8/19/24,1.19,61.7,70,78.3,66,0.32,10.29
STA_MAC,8/20/24,0.14,52,57.4,62.7,54.3,0.5,3.34
STA_MAC,8/21/24,0.01,49.4,56.3,63.3,48.8,0.56,8.45
STA_MAC,8/22/24,0,50.5,58.9,67.3,50.5,0.72,11.02
STA_MAC,8/23/24,0,53.1,63.1,73.2,51.7,1.04,15.94
STA_MAC,8/24/24,0,52.5,64.7,76.9,53.7,0.72,18.06
STA_MAC,8/25/24,0,54.8,67.9,81,56.6,0.56,21.16
STA_MAC,8/26/24,0,57.1,69.2,81.3,58.4,0.73,20.26
STA_MAC,8/27/24,0,58.9,71.1,83.3,60.7,0.72,20.29
STA_MAC,8/28/24,0.03,63.3,75.7,88,67.4,1.97,22.39
STA_MAC,8/29/24,0,61,71.2,81.3,64.2,1.06,12.21
STA_MAC,8/30/24,0,60.6,65.4,70.2,61.1,0.57,6.42
STA_MAC,8/31/24,0.03,62.6,73.6,84.7,65,0.7,19.92
STA_MAC,9/1/24,0.02,59.3,69.9,80.5,64.8,0.54,11.82
STA_MAC,9/2/24,0.07,52.8,66.7,80.7,57.5,0.84,17.61
STA_MAC,9/3/24,0,44.4,54.6,64.9,45.5,0.7,10.83
STA_MAC,9/4/24,0,46.2,59.2,72.1,47.5,0.49,16.47
STA_MAC,9/5/24,0,49.4,63.8,78.2,51.2,0.67,21.22
STA_MAC,9/6/24,0,53.8,67,80.1,51.5,2.03,22.41
STA_MAC,9/7/24,1.89,55,69.2,83.4,59.6,0.32,21.89
STA_MAC,9/8/24,0.07,45.1,54.9,64.6,47.7,0.76,8.51
STA_MAC,9/9/24,0,49.6,56.6,63.6,44.3,2.39,11.62
STA_MAC,9/10/24,0.2,54.6,62.3,70.1,54.9,0.48,10.45
STA_MAC,9/11/24,0,49.2,60.9,72.7,50.1,0.44,16.45
STA_MAC,9/12/24,0,51.5,65.4,79.2,55.8,0.45,19.49
STA_MAC,9/13/24,0,56.2,69.4,82.7,58.5,0.88,21.87
STA_MAC,9/14/24,0,55.3,67.6,79.8,58.6,0.6,17.41
STA_MAC,9/15/24,0,56.8,69.7,82.5,60,0.57,20.48
STA_MAC,9/16/24,0,56.4,69.7,83.1,58.8,0.97,22.32
STA_MAC,9/17/24,0,54.4,68.4,82.4,56.8,1.25,21.28
STA_MAC,9/18/24,0,55.1,67.4,79.7,55.8,0.61,21.05
STA_MAC,9/19/24,0,56.3,66.2,76,59,0.48,14.32
STA_MAC,9/20/24,0,53.1,65.9,78.7,58.2,0.39,16.48
STA_MAC,9/21/24,0,55.4,68.7,82.1,58.6,0.75,22.24
STA_MAC,9/22/24,0.02,56.6,68.5,80.4,60.6,0.34,17.15
STA_MAC,9/23/24,0.04,59.2,69.9,80.5,61.3,0.91,17.3
STA_MAC,9/24/24,0.05,59.1,63.2,67.3,57.7,1.14,5.64
STA_MAC,9/25/24,0.11,59,61.9,64.8,56.3,1.5,5.38
STA_MAC,9/26/24,0.42,61.8,65.9,70,60.5,0.66,7.38
STA_MAC,9/27/24,0.05,51.5,61.6,71.6,58.7,0,8.49
STA_MAC,9/28/24,0,52.8,63.2,73.6,56.8,0,14.84
STA_MAC,9/29/24,0.12,61.4,65.4,69.5,62.8,0.47,5.27
STA_MAC,9/30/24,0,56.6,63.3,70,60.5,0.3,5.99
STA_MAC,10/1/24,0,55.7,64.3,73,58.1,0.15,10.96
STA_MAC,10/2/24,0.05,53.9,63.7,73.5,55.7,0.35,12.6
STA_MAC,10/3/24,0.02,44.8,54.8,64.7,47.1,0.41,10.42
STA_MAC,10/4/24,0,46.6,59.3,72.1,47.6,0.53,16.48
STA_MAC,10/5/24,0.01,47.6,60.8,74,51.1,0.41,15.85
STA_MAC,10/6/24,0,42.4,54.2,66,44,0.43,12.85
STA_MAC,10/7/24,0.28,46.9,62.7,78.5,52.3,0.73,18.53
STA_MAC,10/8/24,0,42.7,51.5,60.2,43.1,0.92,7.97
STA_MAC,10/9/24,0.02,39.6,50.3,61,40.8,0.57,10.46
STA_MAC,10/10/24,0.09,37.4,47.8,58.2,38.8,0.4,9.33
STA_MAC,10/11/24,0,37.9,46,54.2,37.3,0.45,6.59
STA_MAC,10/12/24,0,41.4,54.4,67.3,44.6,0.94,13.17
STA_MAC,10/13/24,0.31,40,50.5,60.9,38.8,0.4,11.66
STA_MAC,10/14/24,0.94,40.6,43.6,46.6,43.3,0.2,0.92
STA_MAC,10/15/24,0.19,37.5,42.1,46.6,36.8,0.33,3.87
STA_MAC,10/16/24,0.04,38.2,43.7,49.1,35.9,0.53,5.53
STA_MAC,10/17/24,0.02,32.1,40.7,49.3,34,0.28,5.18
STA_MAC,10/18/24,0,33,44.9,56.9,36.1,0.28,8.58
STA_MAC,10/19/24,0,36,50.7,65.4,38.8,0.34,13.66
STA_MAC,10/20/24,0,39,54.2,69.4,38,1.02,16.65
STA_MAC,10/21/24,0,42.9,57.7,72.6,39.1,2.57,20.16
STA_MAC,10/22/24,0,52.5,65.4,78.4,45.4,4.06,20.39
STA_MAC,10/23/24,0,52.5,66.5,80.5,45.2,3.39,27.11
STA_MAC,10/24/24,0.04,41,58.1,75.1,45.5,1.02,18.67
STA_MAC,10/25/24,0,32.1,41.9,51.7,33,0.42,6.57
STA_MAC,10/26/24,0,33.5,45.8,58.1,40.1,0.6,9.28
STA_MAC,10/27/24,0,31.5,42.3,53.2,33.3,0.58,6.99
STA_MAC,10/28/24,0,32.3,41.4,50.6,31.7,0.64,6.93
STA_MAC,10/29/24,0,37.3,48,58.6,34.7,1.11,10.92
STA_MAC,10/30/24,0.16,44.4,53.2,61.9,47.2,1,7.49
STA_MAC,10/31/24,0,56.3,66.3,76.3,52.1,3.07,16.56
STA_MAC,11/1/24,0.19,53.8,65.3,76.7,55.2,1.74,16
STA_MAC,11/2/24,0,39.5,48.2,56.9,37.2,1.74,6.48
STA_MAC,11/3/24,0,26.8,35.8,44.7,29.7,0.17,4.23
STA_MAC,11/4/24,0,29.3,42,54.7,28.8,0.49,9.47
STA_MAC,11/5/24,0.01,47.9,54.7,61.5,38.7,5.08,9.53
STA_MAC,11/6/24,0,57.6,68.2,78.9,53.4,3.69,19.64
STA_MAC,11/7/24,0.02,49.9,58.9,68,55,0.68,6.88
STA_MAC,11/8/24,0,40.5,47.3,54,40.3,0.71,6.05
STA_MAC,11/9/24,0,29.2,42.5,55.7,32.7,0.86,7.45
STA_MAC,11/10/24,0,29.9,41.2,52.5,26.4,0.93,8.76
STA_MAC,11/11/24,0.25,40,47.8,55.7,41.7,0.53,8.75
STA_MAC,11/12/24,0.19,33.3,44,54.7,40.4,0.3,5.25
STA_MAC,11/13/24,0,24.6,33.1,41.7,27.3,0.19,3.76
STA_MAC,11/14/24,0,25.8,36.3,46.7,21.7,0.53,7.07
STA_MAC,11/15/24,0.02,37.1,41.7,46.2,30,0.8,6.16
STA_MAC,11/16/24,0,39.3,44.6,49.8,39.7,0.64,3.87
STA_MAC,11/17/24,0,31.3,40.7,50.1,34.6,0.08,5.99
STA_MAC,11/18/24,0,34.2,43.2,52.3,38.9,0.39,5.35
STA_MAC,11/19/24,0,33.2,44.9,56.6,37.3,0.11,8.28
STA_MAC,11/20/24,0.02,34.1,43.6,53.1,40.1,0.1,6.66
STA_MAC,11/21/24,0.25,37.2,50,62.9,44.4,0.32,7.3
STA_MAC,11/22/24,0.47,33.5,38.7,43.9,33.7,0.12,3.63
STA_MAC,11/23/24,0.64,32.1,37,41.9,35.3,0.09,1.42
STA_MAC,11/24/24,0,35.4,40.9,46.4,35.8,0.14,3.49
STA_MAC,11/25/24,0,28.1,36.3,44.5,31.2,0.05,4.66
STA_MAC,11/26/24,0.27,28.8,38.6,48.5,38.3,0.08,4.16
STA_MAC,11/27/24,0,31.5,39.6,47.6,31.1,0.63,3.92
STA_MAC,11/28/24,0.28,30.6,37.6,44.7,29.6,0.07,5.09
STA_MAC,11/29/24,0.1,30,33.3,36.7,29.4,0.08,2.15
STA_MAC,11/30/24,0.03,24.2,29.6,35.1,21,0.68,3.21
STA_MAC,12/1/24,0,22,25.4,28.9,16.3,0.92,1.98
STA_MAC,12/2/24,0,22.7,26.5,30.2,19.4,0.54,2.31
STA_MAC,12/3/24,0.07,26,29.9,33.7,23.8,0.5,2.73
STA_MAC,12/4/24,0.02,25.1,28.9,32.7,19.4,0.59,3.42
STA_MAC,12/5/24,0.02,26.4,30.5,34.7,22.2,0.49,3.1
STA_MAC,12/6/24,0.11,19.3,25.7,32.1,19.2,0.32,2.05
STA_MAC,12/7/24,0.05,19,23.4,27.9,16.9,0.6,2.43
STA_MAC,12/8/24,0,28.3,34.9,41.5,22.9,0.84,4.01
STA_MAC,12/9/24,0,33.1,37.9,42.6,32.2,0.51,3.32
STA_MAC,12/10/24,0.29,34.9,41,47.2,40.2,0.07,2.12
STA_MAC,12/11/24,0.12,41.2,46.6,52.1,43.9,0.16,3.37
STA_MAC,12/12/24,0.18,23.7,33.2,42.8,29.2,0.13,2.28
STA_MAC,12/13/24,0.02,13.2,18.7,24.1,8.1,0.52,2.13
STA_MAC,12/14/24,0,8.7,15.9,23.2,6.9,0.32,2.31
STA_MAC,12/15/24,0,10.2,20.8,31.5,11.9,0.43,3.41
STA_MAC,12/16/24,0.07,26.1,31.9,37.7,27,0.81,2.77
STA_MAC,12/17/24,0.1,34.1,41.5,49,37.6,0.28,3.17
STA_MAC,12/18/24,0.01,34.5,39.6,44.6,32.6,0.73,3.44
STA_MAC,12/19/24,0.22,31.2,34.6,38,30.7,0.27,1.86
STA_MAC,12/20/24,0.02,28.2,29.5,30.8,21.2,0.88,2.29
STA_MAC,12/21/24,0.25,20.2,24.8,29.5,22.4,0.45,1.01
STA_MAC,12/22/24,0,1.5,9.9,18.3,6.4,0.24,1.18
STA_MAC,12/23/24,0,0.8,7.6,14.3,-0.8,0.3,1.25
STA_MAC,12/24/24,0.05,8,20.4,32.9,16.8,0.25,3.17
STA_MAC,12/25/24,0.02,26.2,30.4,34.7,28.1,0.15,1.27
STA_MAC,12/26/24,0,26,27.5,29,21.3,0.54,1.71
STA_MAC,12/27/24,0,22.2,27.7,33.2,22,0.42,2.21
STA_MAC,12/28/24,0,23.6,33.3,42.9,28.9,0.4,3.72
STA_MAC,12/29/24,0,36.7,45.2,53.7,40.9,0.22,4.25
STA_MAC,12/30/24,0,39.6,50.1,60.6,45,0.49,5.84
STA_MAC,12/31/24,0,32.5,38.4,44.3,32.5,0.5,3.91
,,,,,,,,
STA_NOB,1/1/24,0.03,26.2,29.8,33.3,28.5,0.03,1.37
STA_NOB,1/2/24,0,25,27.7,30.4,23.3,0.32,1.37
STA_NOB,1/3/24,0,28.6,31.7,34.8,25.9,0.61,1.98
STA_NOB,1/4/24,0,28,31,33.9,28.8,0.16,1.26
STA_NOB,1/5/24,0,19.3,23.8,28.2,16.3,0.51,1.87
STA_NOB,1/6/24,0,22.2,25.6,29,19.5,0.66,1.95
STA_NOB,1/7/24,0.36,23,26.8,30.6,24.6,0.12,1.76
STA_NOB,1/8/24,0.02,25.6,28.6,31.7,27,0.07,0.94
STA_NOB,1/9/24,0,29.9,33.4,36.9,26.6,0.54,2.5
STA_NOB,1/10/24,0.25,32.3,40.8,49.3,35.2,0.41,3.26
STA_NOB,1/11/24,0.1,30.5,34.8,39.1,27.6,0.28,2.72
STA_NOB,1/12/24,0.08,29.6,32.4,35.2,30,0.15,1.29
STA_NOB,1/13/24,0.24,29.4,35,40.7,31.4,0.09,3.35
STA_NOB,1/14/24,0.18,21.9,30.6,39.2,22,0.12,2.37
STA_NOB,1/15/24,0.02,6.6,15,23.4,7.3,0.35,1.46
STA_NOB,1/16/24,0,6.7,13.5,20.2,4.8,0.4,1.87
STA_NOB,1/17/24,0.02,5.1,11.7,18.3,6.2,0.34,1.13
STA_NOB,1/18/24,0,5.5,12,18.5,4.5,0.4,1.77
STA_NOB,1/19/24,0.05,15.8,20.4,25.1,17.4,0.14,1.34
STA_NOB,1/20/24,0.09,6.3,14,21.7,10.7,0.14,0.74
STA_NOB,1/21/24,0.04,6.6,10.8,14.9,8.2,0.27,0.63
STA_NOB,1/22/24,0,11.3,17.7,24.1,12,0.4,1.65
STA_NOB,1/23/24,0,13.4,23.9,34.5,19.2,0.23,3.96
STA_NOB,1/24/24,0.22,30,33.8,37.6,32.1,0.04,1.11
STA_NOB,1/25/24,0.16,35.2,40.2,45.1,38.1,0.14,1.22
STA_NOB,1/26/24,0.9,34.4,37.2,39.9,36.5,0.08,0.52
STA_NOB,1/27/24,0.05,34.4,39.9,45.4,36.6,0.24,1.13
STA_NOB,1/28/24,0.09,33.9,37.8,41.8,36.8,0.04,1.42
STA_NOB,1/29/24,0.3,29.3,33.4,37.5,31.9,0,0.55
STA_NOB,1/30/24,0,25.1,28.2,31.3,27.1,0,0.76
STA_NOB,1/31/24,0,25.8,29.9,34,28.5,0.17,1.08
STA_NOB,2/1/24,0,29.1,34.4,39.6,30.9,0.37,2.42
STA_NOB,2/2/24,0.09,33.1,35.2,37.3,34,0,1.11
STA_NOB,2/3/24,0,27.4,31.1,34.8,27.8,0.31,1.4
STA_NOB,2/4/24,0,21.9,29.1,36.4,22.9,0.28,2.86
STA_NOB,2/5/24,0,22.8,30.7,38.6,24.7,0.26,3.25
STA_NOB,2/6/24,0,18.9,26.6,34.2,21.6,0.34,2.39
STA_NOB,2/7/24,0,19.3,28,36.6,20.7,0.29,3.38
STA_NOB,2/8/24,0,22.6,33,43.4,24.6,0.4,5.17
STA_NOB,2/9/24,0,28.4,40.1,51.9,26.1,1.01,8.56
STA_NOB,2/10/24,0,40,50,60,39.8,1.32,8.8
STA_NOB,2/11/24,0.05,31.5,42.9,54.3,35.3,0.53,4.99
STA_NOB,2/12/24,0,28.4,32,35.6,26.2,0.8,2.37
STA_NOB,2/13/24,0,23.6,30,36.3,24.2,0,3.07
STA_NOB,2/14/24,0,18.2,26.7,35.2,19.7,0.45,2.93
STA_NOB,2/15/24,0,16.4,22.8,29.2,13.1,0.46,2.75
STA_NOB,2/16/24,0.06,17.3,26.4,35.5,21.1,0.29,3.07
STA_NOB,2/17/24,0.01,18.9,24.8,30.6,17.7,0.17,2.64
STA_NOB,2/18/24,0,16.3,20.4,24.5,12,0.41,2.04
STA_NOB,2/19/24,0,13.3,21.4,29.5,15.8,0.61,2
STA_NOB,2/20/24,0,11.6,19.6,27.6,9.3,0.52,2.62
STA_NOB,2/21/24,0,14.6,27.9,41.2,16.7,0.63,5.66
STA_NOB,2/22/24,0,28.7,40.4,52.1,25.6,1.63,8.73
STA_NOB,2/23/24,0.14,35.3,40.3,45.3,36.1,0.29,3.78
STA_NOB,2/24/24,0,14.4,32.4,50.5,25.9,0.36,5.79
STA_NOB,2/25/24,0,12.7,17.5,22.4,7.5,0.62,2.08
STA_NOB,2/26/24,0,18.6,32.3,46,15.8,1.11,8.31
STA_NOB,2/27/24,0,34.3,44,53.6,30.1,1.61,8.11
STA_NOB,2/28/24,0.14,44.3,56,67.8,42.2,1.09,15.11
STA_NOB,2/29/24,0.07,18.2,40.5,62.8,28.5,0.48,6.1
STA_NOB,3/1/24,0,18.1,22.4,26.7,12.1,0.5,2.44
STA_NOB,3/2/24,0,23.9,37.2,50.4,22.6,0.95,8.59
STA_NOB,3/3/24,0.14,39.5,43.8,48,42,0.05,1.7
STA_NOB,3/4/24,0,36.7,43.4,50.1,41.1,0.08,2.92
STA_NOB,3/5/24,0,44.3,57.3,70.3,45.2,1.14,14.53
STA_NOB,3/6/24,0.08,47.6,60,72.4,48.4,0.21,15.79
STA_NOB,3/7/24,0.2,35,41.8,48.6,39.8,0.13,1.33
STA_NOB,3/8/24,0,29.1,37.6,46,28.9,0.48,4.67
STA_NOB,3/9/24,0.14,31,46.3,61.6,33.8,0.59,13.03
STA_NOB,3/10/24,0.11,34.3,40.7,47,37.9,0.13,3.11
STA_NOB,3/11/24,0.08,25.4,30.7,35.9,24.9,0.21,2.06
STA_NOB,3/12/24,0,28.4,37.4,46.5,24.5,1.35,5.72
STA_NOB,3/13/24,0,39.2,48.7,58.3,34.8,1.65,10.04
STA_NOB,3/14/24,0,35.7,51.3,66.9,37.8,0.75,13.54
STA_NOB,3/15/24,0.31,35.9,49.4,62.9,38.7,0.14,13.94
STA_NOB,3/16/24,0.03,34.2,40,45.7,36.9,0.1,2.61
STA_NOB,3/17/24,0.3,34,43.3,52.6,32.6,0.39,8.03
STA_NOB,3/18/24,0.01,26.6,34.9,43.2,26.1,0.28,4.82
STA_NOB,3/19/24,0.07,25.2,29.1,33.1,21.9,0.26,2.53
STA_NOB,3/20/24,0.03,26.3,30.3,34.4,26.9,0.22,2.09
STA_NOB,3/21/24,0.02,19,27.4,35.8,18.4,0.29,2.86
STA_NOB,3/22/24,0,13,20.5,28,11.9,0.37,2.6
STA_NOB,3/23/24,0.27,17.4,21.1,24.8,19.5,0.18,1.44
STA_NOB,3/24/24,0,16.4,22.8,29.3,17.4,0.27,2.04
STA_NOB,3/25/24,0,18.1,25.8,33.5,10.7,0.81,4.37
STA_NOB,3/26/24,0,27.3,42.6,57.9,22.8,1.54,11.69
STA_NOB,3/27/24,0,41.4,49.6,57.9,30.3,2.33,11.42
STA_NOB,3/28/24,0,33.1,43.5,53.8,34.1,1.39,4.62
STA_NOB,3/29/24,0,27.3,36.2,45.2,22.1,0.89,6.01
STA_NOB,3/30/24,0,27,33,38.9,24.8,0.66,3.7
STA_NOB,3/31/24,0,29.1,39.4,49.7,28.5,0.82,7.69
STA_NOB,4/1/24,0,33.5,41.2,48.8,31.8,0.61,5.57
STA_NOB,4/2/24,0,36.4,44.6,52.7,32.7,0.84,6.8
STA_NOB,4/3/24,0.45,38.7,42,45.3,39.9,0.28,1.99
STA_NOB,4/4/24,0.96,31.6,39,46.5,37.7,0.04,2.24
STA_NOB,4/5/24,0.11,29.8,34.3,38.7,32.8,0,0.97
STA_NOB,4/6/24,0.04,30.7,34.5,38.2,33.5,0,1.79
STA_NOB,4/7/24,0,34.4,42.5,50.5,32,0.8,6.73
STA_NOB,4/8/24,0,34.7,44.8,54.8,25.5,1.56,10.79
STA_NOB,4/9/24,0,40.4,49.6,58.7,34.2,2.11,10.56
STA_NOB,4/10/24,0,48.3,62.6,76.9,42.6,2.49,25.16
STA_NOB,4/11/24,0.52,48.3,56.6,64.8,48.2,0.19,10.04
STA_NOB,4/12/24,0.72,49.6,58,66.4,56.7,0.18,6.67
STA_NOB,4/13/24,0.14,36.2,44.1,52,39.3,0.44,3.99
STA_NOB,4/14/24,0.08,36.4,42.4,48.4,34.8,0.47,4.82
STA_NOB,4/15/24,0.13,41.4,52.4,63.4,43.8,0.44,8.73
STA_NOB,4/16/24,0,37.9,48.2,58.6,35.8,1.14,9.62
STA_NOB,4/17/24,0.03,39.9,51.1,62.3,32.8,1.72,12.55
STA_NOB,4/18/24,0.33,42.6,49.2,55.7,47.9,0.07,4.07
STA_NOB,4/19/24,0,42.7,50.1,57.4,45.8,0.25,4.91
STA_NOB,4/20/24,0.04,39.6,49.6,59.6,43.1,0.59,5.38
STA_NOB,4/21/24,0.03,36.1,42.3,48.5,28.1,1.57,5.85
STA_NOB,4/22/24,0,32,38.1,44.2,27.6,0.98,5.04
STA_NOB,4/23/24,0,35.1,44.6,54.1,25.1,1.56,10.6
STA_NOB,4/24/24,0.04,44.5,54.8,65.2,38.1,0.5,15.24
STA_NOB,4/25/24,0.07,26.5,37.5,48.6,31,0.32,3.34
STA_NOB,4/26/24,0,26,37.2,48.4,20.9,0.89,7.59
STA_NOB,4/27/24,0,34.6,47.6,60.6,27.4,2.56,13.49
STA_NOB,4/28/24,0.12,49.5,55.3,61.2,47.4,1.19,7.79
STA_NOB,4/29/24,0.03,54.9,62.2,69.5,57.8,0.47,7.93
STA_NOB,4/30/24,0,48.9,57.9,67,51,0.87,8.53
STA_NOB,5/1/24,0.12,46.1,55,63.9,50.3,0.16,6.75
STA_NOB,5/2/24,0,49.7,63.1,76.5,49.1,0.46,21.04
STA_NOB,5/3/24,0,47.2,57.7,68.1,45.2,1.14,13.22
STA_NOB,5/4/24,0,53.3,65.6,77.9,50.5,1.92,21.12
STA_NOB,5/5/24,0.38,50.3,60,69.8,51.4,0.33,10.48
STA_NOB,5/6/24,0.07,51.3,58.4,65.5,54.9,0.35,5.13
STA_NOB,5/7/24,0,41.7,55.4,69.2,40.9,1,16.79
STA_NOB,5/8/24,0.1,49.1,61.5,74,46.2,0.33,20.69
STA_NOB,5/9/24,0.03,44.6,58.6,72.5,48.4,0.26,16.12
STA_NOB,5/10/24,0.04,46,53.3,60.5,42.2,0.46,9.49
STA_NOB,5/11/24,0.03,39.1,48.2,57.3,43,0.14,7.31
STA_NOB,5/12/24,0.02,45.8,54.5,63.1,46,0.1,10.86
STA_NOB,5/13/24,0.02,46.6,53.2,59.8,46.6,0.31,6.71
STA_NOB,5/14/24,0.09,52.5,62,71.6,51,1.63,12.77
STA_NOB,5/15/24,0.12,54.9,66.6,78.3,55.5,0.35,18.31
STA_NOB,5/16/24,0.02,55.7,60.5,65.4,57.2,0,5.03
STA_NOB,5/17/24,0,54.8,62.1,69.4,56.7,0.02,7.7
STA_NOB,5/18/24,1.39,56.6,65.1,73.7,58.4,0.08,11.48
STA_NOB,5/19/24,0,55.1,64.5,74,59.4,0.11,10.44
STA_NOB,5/20/24,0,57.9,68.1,78.3,59,0.5,16.92
STA_NOB,5/21/24,0,62.9,73.6,84.4,61.2,1.71,21.66
STA_NOB,5/22/24,0,64.9,75.3,85.7,60,3.73,24.98
STA_NOB,5/23/24,0.02,59.7,72.6,85.6,61.1,1.79,23.01
STA_NOB,5/24/24,0,54.7,65.2,75.7,46.4,3.37,20.22
STA_NOB,5/25/24,0,49.5,63.3,77,48.5,1.11,20.11
STA_NOB,5/26/24,0.77,56.4,63.8,71.3,58.2,0.1,11.63
STA_NOB,5/27/24,0,59.7,68.2,76.7,58.5,0.21,16.24
STA_NOB,5/28/24,0.12,57.9,66.1,74.4,58.8,0.57,10.76
STA_NOB,5/29/24,0.24,52.8,59.3,65.9,55.2,0.09,6.64
STA_NOB,5/30/24,0,43.3,54.2,65.2,45.3,0.33,12.25
STA_NOB,5/31/24,0,44,53.5,62.9,39.4,1.03,12.37
STA_NOB,6/1/24,0,47.2,58.9,70.5,39.1,2.86,17.17
STA_NOB,6/2/24,0,54.9,66.9,79,44.6,3.27,25.62
STA_NOB,6/3/24,0.12,59.5,66.5,73.5,58.1,0.24,13.81
STA_NOB,6/4/24,0,58.6,68.3,77.9,60.9,0.46,13.75
STA_NOB,6/5/24,0,61.9,73.4,84.9,59.8,1.69,23.99
STA_NOB,6/6/24,0.28,63.3,72.4,81.4,65.6,0.33,14.28
STA_NOB,6/7/24,0.18,57.1,66.3,75.5,58,0.37,14.75
STA_NOB,6/8/24,0.36,54.1,59.3,64.5,52.9,1.12,6.67
STA_NOB,6/9/24,0.63,51.5,60.4,69.4,51.1,0.04,11.81
STA_NOB,6/10/24,0.46,49.5,57.3,65.1,51.8,0.37,8.28
STA_NOB,6/11/24,0,50.4,54.2,57.9,49.1,0.56,4.29
STA_NOB,6/12/24,0,49.1,54,58.9,50.9,0.25,4.59
STA_NOB,6/13/24,0,54.1,64,73.8,50.9,1.36,16.65
STA_NOB,6/14/24,0,62.4,73.9,85.3,57.9,3.27,24.94
STA_NOB,6/15/24,0,54.1,65.3,76.5,51.9,1.64,18.11
STA_NOB,6/16/24,0,48,59,69.9,48.7,0.77,13.52
STA_NOB,6/17/24,0,56.6,69.2,81.7,55.2,3.01,22.64
STA_NOB,6/18/24,0.03,69,79,89.1,65.9,2.94,24.25
STA_NOB,6/19/24,0.21,70.6,81.4,92.1,70.3,1.53,25.7
STA_NOB,6/20/24,0.22,68.9,79.3,89.7,71.5,1.1,19.45
STA_NOB,6/21/24,0,66.3,77.3,88.3,67.6,0.8,22.16
STA_NOB,6/22/24,0.25,69.6,77.8,86,69.3,1.33,17.05
STA_NOB,6/23/24,0,72.8,80.4,88,69.7,2.8,21.68
STA_NOB,6/24/24,0.02,59.5,69.7,80,62.2,1.65,12.21
STA_NOB,6/25/24,0,58.2,68.4,78.6,55.5,1.69,19.92
STA_NOB,6/26/24,0,64.1,72.2,80.3,61.3,1.53,19.24
STA_NOB,6/27/24,0.23,58,69.1,80.2,59.7,0.29,20.5
STA_NOB,6/28/24,0,49,59.1,69.2,49.3,0.7,12.95
STA_NOB,6/29/24,0.41,56.7,66,75.4,55.2,0.74,17.02
STA_NOB,6/30/24,1.34,66.4,72.2,78.1,69.4,0.51,7.47
STA_NOB,7/1/24,0.02,53.3,64.4,75.5,55.1,1.04,10.07
STA_NOB,7/2/24,0,49.5,60.6,71.6,48.2,0.99,15.7
STA_NOB,7/3/24,0.02,57.6,68.4,79.2,55.2,4.06,18.74
STA_NOB,7/4/24,0.03,69.4,78,86.6,67.3,1.51,19.65
STA_NOB,7/5/24,0.01,67.9,75.4,83,66.1,1.64,17.74
STA_NOB,7/6/24,0.59,66.8,76,85.2,67.6,0.49,18.31
STA_NOB,7/7/24,0,62.6,72.1,81.7,62.8,1.75,16.83
STA_NOB,7/8/24,0,60.9,71.5,82.1,61.7,0.94,17.92
STA_NOB,7/9/24,0,65.3,75.5,85.7,63.2,1.66,23.57
STA_NOB,7/10/24,0.05,67.9,76.6,85.3,67.7,0.89,18.89
STA_NOB,7/11/24,1.25,65.6,74.2,82.7,69.2,0.23,10.14
STA_NOB,7/12/24,0.02,62.6,67.9,73.2,64.7,0.44,6.15
STA_NOB,7/13/24,0.01,62.6,73.3,83.9,65.1,0.27,18.54
STA_NOB,7/14/24,0,59.8,71.4,83.1,60.9,1.5,20.85
STA_NOB,7/15/24,0.14,66.1,77.1,88.1,65,0.83,26.99
STA_NOB,7/16/24,1.31,64.5,75.4,86.3,67.7,0.41,17.69
STA_NOB,7/17/24,0.36,67.1,75,82.9,67.4,1.38,13.12
STA_NOB,7/18/24,0,58.8,68.1,77.4,62.3,0.94,12.97
STA_NOB,7/19/24,0,54.1,63,71.8,54.8,0.73,11.55
STA_NOB,7/20/24,0,54.2,64.8,75.5,54.2,1.08,15.99
STA_NOB,7/21/24,0,58.4,69.1,79.7,56.4,1.35,19.82
STA_NOB,7/22/24,0,59.9,70.5,81.2,60.9,0.6,18.07
STA_NOB,7/23/24,0.12,61.5,72.5,83.6,63.6,0.08,21.17
STA_NOB,7/24/24,0.11,64.8,72.6,80.4,64,1.25,15.82
STA_NOB,7/25/24,0.08,60.9,71.4,81.9,64.3,0.85,15.03
STA_NOB,7/26/24,0,54.7,64.2,73.8,53.8,1.1,14.9
STA_NOB,7/27/24,0,53.2,65.2,77.2,52.6,1.34,19.16
STA_NOB,7/28/24,0,57.3,69.1,80.9,55.7,1.59,20.63
STA_NOB,7/29/24,0,61.8,73.7,85.7,59.9,1.67,25.3
STA_NOB,7/30/24,0,64.9,75.1,85.4,64.1,0.94,22.15
STA_NOB,7/31/24,0.06,67.8,76.9,86.1,69,0.26,18.31
STA_NOB,8/1/24,0,66.4,74.8,83.1,67.7,1.28,15.77
STA_NOB,8/2/24,0.02,68.5,77.9,87.2,69,0.85,19.41
STA_NOB,8/3/24,0.07,67.2,71.5,75.8,69.6,0.27,4.7
STA_NOB,8/4/24,0.04,65.4,70.9,76.5,68.3,0.44,7.14
STA_NOB,8/5/24,0,63.9,73.5,83.2,64,1.14,19.72
STA_NOB,8/6/24,0.89,65.3,73.1,80.9,67.7,0.13,11.28
STA_NOB,8/7/24,0.12,56.2,61.7,67.2,60.4,0.31,4.3
STA_NOB,8/8/24,0,59.5,67.5,75.6,58.5,1.06,15.19
STA_NOB,8/9/24,0.16,65.5,73.2,80.9,67.8,0.35,11.8
STA_NOB,8/10/24,0.53,57.4,66.4,75.4,64.1,0.29,6.41
STA_NOB,8/11/24,0,56.5,64.3,72.1,54.2,1.56,13.33
STA_NOB,8/12/24,0.08,56.5,64.4,72.4,56,0.67,11.91
STA_NOB,8/13/24,0,57.1,64.4,71.6,57.8,0.48,10.47
STA_NOB,8/14/24,0,56.9,66.3,75.7,58.5,0.58,13.85
STA_NOB,8/15/24,0,57.4,68.6,79.8,58.2,0.79,18.61
STA_NOB,8/16/24,0,59,70.5,82.1,59.6,1,20.77
STA_NOB,8/17/24,0.01,63.3,73.6,83.9,63.1,1.14,22.46
STA_NOB,8/18/24,0.41,64.6,73.4,82.2,66.3,0.59,14.08
STA_NOB,8/19/24,1.46,60.6,68.5,76.5,65.8,0.18,8.28
STA_NOB,8/20/24,0.14,50.9,56.1,61.3,53.9,0.38,2.97
STA_NOB,8/21/24,0.07,49.9,55.9,61.9,49.2,0.59,7.04
STA_NOB,8/22/24,0,51.8,59.2,66.5,50.7,0.93,10.15
STA_NOB,8/23/24,0,54.3,63.2,72.1,52.6,1.09,14.4
STA_NOB,8/24/24,0,53.3,64.4,75.5,53.5,1.01,16.38
STA_NOB,8/25/24,0,54.6,67.2,79.8,56.7,0.4,19.67
STA_NOB,8/26/24,0,57.8,69.2,80.6,59.1,0.66,18.54
STA_NOB,8/27/24,0,59.9,71.5,83.1,61.2,0.8,19.69
STA_NOB,8/28/24,0,63.4,75.4,87.4,67.4,1.71,21.13
STA_NOB,8/29/24,0,60.1,70.4,80.6,63.5,0.87,11.69
STA_NOB,8/30/24,0,59,64.2,69.3,60.2,0.28,6.26
STA_NOB,8/31/24,0,63.1,73.8,84.5,65.6,1.23,19.02
STA_NOB,9/1/24,0,58.7,69,79.3,65.5,0.24,10.1
STA_NOB,9/2/24,0.04,52.7,65.8,79,57.2,0.95,14.96
STA_NOB,9/3/24,0,44.5,53.9,63.4,45.2,0.71,9.94
STA_NOB,9/4/24,0,47.3,59.3,71.3,47.9,0.59,15.37
STA_NOB,9/5/24,0,50.2,63.5,76.8,51.6,0.75,19.25
STA_NOB,9/6/24,0,55,67.2,79.3,51.7,2.39,21.22
STA_NOB,9/7/24,1.82,54,67.8,81.6,59.7,0.06,19.29
STA_NOB,9/8/24,0.05,45.2,53.9,62.7,48.1,0.7,6.95
STA_NOB,9/9/24,0,48.5,55.4,62.3,44.5,1.75,10.7
STA_NOB,9/10/24,0.12,53.1,60.9,68.7,55,0.28,8.79
STA_NOB,9/11/24,0,49.7,60.9,72.2,50.3,0.46,15.79
STA_NOB,9/12/24,0,52.4,65.5,78.5,55.8,0.47,18.93
STA_NOB,9/13/24,0,57.7,69.8,81.9,59.3,1.13,20.15
STA_NOB,9/14/24,0,55.7,67.2,78.6,59.5,0.39,15.68
STA_NOB,9/15/24,0,57.5,69.3,81.2,60.9,0.38,18.23
STA_NOB,9/16/24,0,56.9,69.6,82.2,59.6,0.84,20.3
STA_NOB,9/17/24,0,55,67.9,80.7,57.2,1.16,19.06
STA_NOB,9/18/24,0,55.4,66.7,78,56,0.64,18.83
STA_NOB,9/19/24,0,56.7,66,75.2,59.6,0.28,12.77
STA_NOB,9/20/24,0,52.8,65,77.3,58.2,0.27,14.3
STA_NOB,9/21/24,0,55,67.7,80.4,59.3,0.36,19.12
STA_NOB,9/22/24,0,57,67.8,78.6,61.4,0.22,14.11
STA_NOB,9/23/24,0.09,58.8,69.5,80.3,62.7,0.43,15.99
STA_NOB,9/24/24,0.25,58.6,62.5,66.5,59.3,0.58,3.66
STA_NOB,9/25/24,0.14,58.2,61.1,64,57.4,0.64,4.22
STA_NOB,9/26/24,0.3,60.8,64.8,68.9,61.3,0.26,5.96
STA_NOB,9/27/24,0.01,50.7,60.8,70.8,56.6,0.16,9.37
STA_NOB,9/28/24,0,52.4,62.5,72.6,56.8,0,13.63
STA_NOB,9/29/24,0.39,60.3,64.2,68.1,63.1,0,3.94
STA_NOB,9/30/24,0.02,55.9,62.6,69.2,61.1,0.09,4.92
STA_NOB,10/1/24,0,55.2,63.5,71.7,59,0,8.82
STA_NOB,10/2/24,0.03,53.2,63.1,72.9,56.6,0.23,11.52
STA_NOB,10/3/24,0,45.1,54.3,63.4,46.5,0.49,9.64
STA_NOB,10/4/24,0,46.6,59.1,71.5,47.9,0.42,15.7
STA_NOB,10/5/24,0.02,48.1,60.3,72.6,51.7,0.34,13.91
STA_NOB,10/6/24,0,43.4,54.4,65.5,44.5,0.43,12.03
STA_NOB,10/7/24,0.36,46.8,62.4,77.9,53,0.58,17.45
STA_NOB,10/8/24,0,43.4,51.4,59.4,42.9,1.02,7.66
STA_NOB,10/9/24,0.02,40.5,50.1,59.6,41.3,0.65,9.24
STA_NOB,10/10/24,0.06,38.7,47.6,56.6,39.2,0.5,8.02
STA_NOB,10/11/24,0,38.3,45.8,53.4,38,0.4,6.04
STA_NOB,10/12/24,0,41.2,53.7,66.1,45.4,0.72,12.03
STA_NOB,10/13/24,0.29,39.9,49.7,59.6,38.6,0.36,10.8
STA_NOB,10/14/24,1.18,38.9,42,45.2,43.3,0,0.31
STA_NOB,10/15/24,0.25,37.1,41.7,46.4,36.5,0.27,3.87
STA_NOB,10/16/24,0.05,38,42.7,47.4,36.1,0.38,4.65
STA_NOB,10/17/24,0,32.6,40.4,48.2,34.6,0.22,4.62
STA_NOB,10/18/24,0,33.9,44.8,55.8,37.1,0.25,7.85
STA_NOB,10/19/24,0,37.2,51.1,65,39.8,0.3,13
STA_NOB,10/20/24,0,38.9,53.7,68.5,38.6,0.85,15.96
STA_NOB,10/21/24,0,45.3,58.3,71.4,39.7,2.99,18.88
STA_NOB,10/22/24,0,53.5,65.1,76.7,45,4.6,19.18
STA_NOB,10/23/24,0,53.4,66.2,79.1,45.3,3.72,25.23
STA_NOB,10/24/24,0,39.6,56.2,72.9,45.5,0.74,16.25
STA_NOB,10/25/24,0,32.5,41.5,50.5,33.4,0.37,5.9
STA_NOB,10/26/24,0,34,45.2,56.3,40.7,0.53,7.8
STA_NOB,10/27/24,0,32.2,42,51.8,33.5,0.62,6.17
STA_NOB,10/28/24,0,33.2,41.5,49.7,32.9,0.6,6.11
STA_NOB,10/29/24,0,37.3,46.6,55.9,36.8,0.65,7.91
STA_NOB,10/30/24,0.1,44.9,53.6,62.3,49.1,0.62,7.06
STA_NOB,10/31/24,0,57.8,66.4,74.9,52.8,3.52,14.68
STA_NOB,11/1/24,0.13,53.6,65,76.3,55.3,1.81,15.28
STA_NOB,11/2/24,0,38.2,46.8,55.3,36.7,1.5,6.07
STA_NOB,11/3/24,0,27.5,35.9,44.3,29.5,0.26,4.15
STA_NOB,11/4/24,0,29.1,41.1,53.1,29.6,0.47,8.3
STA_NOB,11/5/24,0.02,47.7,54.9,62.1,39.6,4.68,9.44
STA_NOB,11/6/24,0,58.4,68.4,78.4,53.6,3.39,19.08
STA_NOB,11/7/24,0.08,49.4,57.8,66.3,54.8,0.62,5.58
STA_NOB,11/8/24,0,42.2,47.5,52.9,40.4,0.89,5.64
STA_NOB,11/9/24,0,29.1,41.8,54.4,32.6,0.88,6.52
STA_NOB,11/10/24,0,29.2,39.6,50.1,26.5,0.81,7.62
STA_NOB,11/11/24,0.32,41,48.6,56.1,42.6,0.58,8.74
STA_NOB,11/12/24,0.23,33.7,43.8,54,40,0.44,5.01
STA_NOB,11/13/24,0,25.6,33.4,41.1,27.6,0.27,3.51
STA_NOB,11/14/24,0,26.1,35.7,45.2,22.3,0.52,6.23
STA_NOB,11/15/24,0.04,37.1,41.8,46.6,30.2,0.7,6.39
STA_NOB,11/16/24,0,38.5,43.3,48.2,39.6,0.49,3.02
STA_NOB,11/17/24,0,33.7,41.3,48.9,35,0.28,5.17
STA_NOB,11/18/24,0.02,36.5,43.9,51.3,39.7,0.51,4.64
STA_NOB,11/19/24,0,34.4,44.9,55.3,37.8,0.21,7.25
STA_NOB,11/20/24,0,35.2,43.8,52.3,40.6,0.12,5.68
STA_NOB,11/21/24,0.31,36.4,49.3,62.1,44.1,0.29,6.72
STA_NOB,11/22/24,0.26,33.2,38.1,42.9,33.8,0.07,3.25
STA_NOB,11/23/24,0.48,32.8,37.1,41.5,36.1,0.1,1.19
STA_NOB,11/24/24,0,35.7,40.3,45,36.1,0.15,2.87
STA_NOB,11/25/24,0,28.3,36,43.7,31.2,0.07,4.23
STA_NOB,11/26/24,0.31,29,38.8,48.6,38.6,0.07,4.01
STA_NOB,11/27/24,0,30.7,38.4,46.2,30.9,0.51,3.64
STA_NOB,11/28/24,0.18,30.1,36.8,43.5,29.6,0.02,4.59
STA_NOB,11/29/24,0.04,28.9,32.5,36.1,28.8,0.02,2.11
STA_NOB,11/30/24,0,23.1,28.7,34.3,20.7,0.54,3.05
STA_NOB,12/1/24,0.07,20.3,23.9,27.5,17.6,0.4,1.46
STA_NOB,12/2/24,0,21.6,25,28.5,20.2,0.27,1.7
STA_NOB,12/3/24,0.02,25,28.8,32.6,24.6,0.25,2.24
STA_NOB,12/4/24,0,24.8,28.1,31.4,19.8,0.46,2.91
STA_NOB,12/5/24,0.11,24.9,29.1,33.2,22.7,0.22,2.47
STA_NOB,12/6/24,0.19,18.5,24.2,29.9,19.6,0.18,1.42
STA_NOB,12/7/24,0,18.4,23,27.6,16.5,0.6,2.32
STA_NOB,12/8/24,0,27.1,34.3,41.6,23.1,0.57,3.87
STA_NOB,12/9/24,0,32.8,37.1,41.5,32.1,0.34,2.89
STA_NOB,12/10/24,0.53,33.5,39.6,45.8,40.3,0,1.57
STA_NOB,12/11/24,0.09,40.5,45.1,49.7,43.3,0.13,2.21
STA_NOB,12/12/24,0.28,21.6,31.7,41.8,29,0,2.11
STA_NOB,12/13/24,0.1,10.5,16.2,21.9,8.8,0.27,1.62
STA_NOB,12/14/24,0,4.5,13.2,21.9,6.8,0.17,2.02
STA_NOB,12/15/24,0,6.5,17.4,28.3,11.8,0.27,2.54
STA_NOB,12/16/24,0.1,24,30,36.1,27.5,0.49,2.17
STA_NOB,12/17/24,0.06,33.9,41.9,49.9,38.3,0.05,3.23
STA_NOB,12/18/24,0,34.8,39,43.2,32.6,0.67,2.76
STA_NOB,12/19/24,0.28,29,33.3,37.5,30.4,0.11,1.75
STA_NOB,12/20/24,0,26.8,28.2,29.5,21.3,0.61,1.9
STA_NOB,12/21/24,0.25,18.2,23.2,28.2,21.9,0.29,0.75
STA_NOB,12/22/24,0,0.5,8.9,17.3,5.9,0.21,1.03
STA_NOB,12/23/24,0,-1.2,6,13.2,-0.2,0.22,1.09
STA_NOB,12/24/24,0.13,8.4,20.7,33,18.5,0.21,2.99
STA_NOB,12/25/24,0,25.8,29.9,34,27.9,0.11,1.02
STA_NOB,12/26/24,0,25.3,26.7,28,21.7,0.38,1.35
STA_NOB,12/27/24,0,22.5,26.8,31.2,22.4,0.38,1.74
STA_NOB,12/28/24,0,23.4,32,40.6,29.2,0.35,2.57
STA_NOB,12/29/24,0,38.1,46.1,54.1,42.4,0.18,3.9
STA_NOB,12/30/24,0.03,39.1,49.6,60,45.2,0.28,5.3
STA_NOB,12/31/24,0.02,33.2,38.1,42.9,33.3,0.46,3.28
,,,,,,,,
STA_PAN,1/1/24,0.04,26.4,29.8,33.2,28.6,0.03,1.5
STA_PAN,1/2/24,0,23.9,27.4,30.8,23.5,0.24,1.38
STA_PAN,1/3/24,0,27,29.9,32.8,23.5,0.73,2
STA_PAN,1/4/24,0.03,26.3,28.2,30.2,26.4,0.17,0.88
STA_PAN,1/5/24,0,18.6,22.7,26.8,15.2,0.58,1.69
STA_PAN,1/6/24,0,18.6,23.5,28.4,16.6,0.52,2.1
STA_PAN,1/7/24,0.32,20.8,24.8,28.9,24,0.14,1.43
STA_PAN,1/8/24,0.04,25.6,28.4,31.2,26.8,0.06,0.89
STA_PAN,1/9/24,0,28.7,31.7,34.8,26,0.52,1.94
STA_PAN,1/10/24,0.3,30.9,39,47.1,34.3,0.33,2.65
STA_PAN,1/11/24,0.07,29.3,32.9,36.6,26.5,0.34,2.33
STA_PAN,1/12/24,0.06,28.7,31.1,33.5,27.9,0.36,1.35
STA_PAN,1/13/24,0.35,28.2,33.7,39.2,29.9,0.24,3.27
STA_PAN,1/14/24,0.07,19.4,28.2,37,19.6,0.11,2.17
STA_PAN,1/15/24,0,4.4,12.7,21,3.1,0.48,1.36
STA_PAN,1/16/24,0,3.9,10.7,17.6,3,0.42,1.67
STA_PAN,1/17/24,0.06,4.1,10.4,16.7,4.5,0.38,1.08
STA_PAN,1/18/24,0,4,10.4,16.8,0,0.55,1.87
STA_PAN,1/19/24,0.04,14.5,19.2,23.9,13.8,0.31,1.66
STA_PAN,1/20/24,0.08,4.3,12.5,20.6,10.4,0.23,0.69
STA_PAN,1/21/24,0.03,4.7,9,13.3,6.6,0.31,0.59
STA_PAN,1/22/24,0,9,15.9,22.7,9,0.45,1.68
STA_PAN,1/23/24,0,11.8,22.4,33,15.6,0.49,3.94
STA_PAN,1/24/24,0.27,29.5,33.2,37,31.7,0.07,1.17
STA_PAN,1/25/24,0.2,34.8,40.1,45.5,38.3,0.2,1.36
STA_PAN,1/26/24,0.66,34.9,38.9,42.8,38.8,0.17,0.73
STA_PAN,1/27/24,0.04,33.4,40.9,48.4,37.2,0.22,1.81
STA_PAN,1/28/24,0.12,32.1,37,41.9,36.4,0,1.55
STA_PAN,1/29/24,0.32,28.1,32.5,36.9,30.9,0,0.66
STA_PAN,1/30/24,0,26.4,28.4,30.5,26.2,0.17,0.76
STA_PAN,1/31/24,0,25.9,29.3,32.6,27,0.36,1.14
STA_PAN,2/1/24,0,28.2,32.6,37.1,29.4,0.41,1.94
STA_PAN,2/2/24,0.07,31.8,33.9,35.9,32.9,0,0.96
STA_PAN,2/3/24,0.01,26.3,29.9,33.4,26.5,0.25,1.36
STA_PAN,2/4/24,0,21.1,28.8,36.5,22.2,0.3,3.06
STA_PAN,2/5/24,0,21.3,30.6,39.9,21.8,0.3,4.49
STA_PAN,2/6/24,0,16.9,24.7,32.6,20.2,0.38,2.09
STA_PAN,2/7/24,0,17.2,26.8,36.3,18.8,0.31,3.52
STA_PAN,2/8/24,0,22.5,33.6,44.8,22.1,0.62,6.3
STA_PAN,2/9/24,0,27.6,39.6,51.6,23.7,1.27,9
STA_PAN,2/10/24,0,39.2,48.8,58.5,37.7,1.47,8.53
STA_PAN,2/11/24,0.08,31,41.7,52.5,35.3,0.56,4.26
STA_PAN,2/12/24,0,26.2,30.4,34.6,25.8,0.6,2.1
STA_PAN,2/13/24,0,24.3,29.6,34.8,23.3,0.17,2.83
STA_PAN,2/14/24,0.01,16.8,25.1,33.4,17.4,0.53,2.85
STA_PAN,2/15/24,0,15.5,21.8,28.1,10.4,0.63,2.82
STA_PAN,2/16/24,0.05,16,25.4,34.7,19,0.42,3.23
STA_PAN,2/17/24,0.06,16.6,22.6,28.5,15.5,0.03,2.47
STA_PAN,2/18/24,0.04,12.6,18.1,23.5,9.5,0.35,2
STA_PAN,2/19/24,0,10.9,19.4,27.9,12.9,0.74,2.21
STA_PAN,2/20/24,0,9.1,18.4,27.7,9,0.34,2.64
STA_PAN,2/21/24,0,11.2,26.2,41.2,15.2,0.46,5.92
STA_PAN,2/22/24,0,27.1,38.4,49.7,24.3,1.44,7.86
STA_PAN,2/23/24,0.16,33.9,38.5,43.1,33.1,0.48,3.73
STA_PAN,2/24/24,0,14.1,31.8,49.5,26.1,0.17,5.66
STA_PAN,2/25/24,0,10.5,16.5,22.4,6,0.5,2.24
STA_PAN,2/26/24,0,16.2,30.2,44.2,13.8,1.11,7.74
STA_PAN,2/27/24,0,33.3,43.9,54.6,28.5,1.95,9.16
STA_PAN,2/28/24,0.23,42.8,54.1,65.4,41.1,0.92,13.94
STA_PAN,2/29/24,0.29,16.6,38.5,60.5,27.1,0.45,5.38
STA_PAN,3/1/24,0,15.9,20.7,25.6,10.7,0.48,2.26
STA_PAN,3/2/24,0,22.9,36,49,21.9,0.72,7.98
STA_PAN,3/3/24,0.11,37.8,42.7,47.7,40.4,0.15,2.23
STA_PAN,3/4/24,0,38.2,43.9,49.5,40.3,0.29,3.34
STA_PAN,3/5/24,0,43.9,56.5,69.1,43.9,0.92,14.06
STA_PAN,3/6/24,0.02,45.9,58.3,70.6,47.3,0.23,14.91
STA_PAN,3/7/24,0.2,32.5,41.3,50,39.9,0.1,0.88
STA_PAN,3/8/24,0,30.1,38.1,46.1,29.5,0.42,4.21
STA_PAN,3/9/24,0.03,33.2,47.1,61,33,0.8,12.97
STA_PAN,3/10/24,0.18,32.2,38.9,45.5,36.3,0.14,2.71
STA_PAN,3/11/24,0.11,22,28.3,34.6,22.8,0.12,2.17
STA_PAN,3/12/24,0,25.6,35.3,45,22.1,1.21,5.68
STA_PAN,3/13/24,0,36.7,47.2,57.8,33.6,1.62,10.11
STA_PAN,3/14/24,0,36,51,65.9,37.2,0.9,13.01
STA_PAN,3/15/24,0.47,35.8,49.2,62.6,38.8,0.14,14.06
STA_PAN,3/16/24,0.01,31.3,37.6,43.8,35.4,0.16,2.28
STA_PAN,3/17/24,0.37,30.6,41.2,51.8,30.3,0.29,8.2
STA_PAN,3/18/24,0.09,23.9,32.7,41.4,24.8,0.2,4.34
STA_PAN,3/19/24,0.13,22.5,26.7,30.8,20,0.28,2.27
STA_PAN,3/20/24,0.15,23.6,28.1,32.7,24.7,0.27,2.09
STA_PAN,3/21/24,0.05,15.4,24.9,34.5,15.8,0.26,2.62
STA_PAN,3/22/24,0,8.5,17.2,25.9,10.1,0.25,2.35
STA_PAN,3/23/24,0.27,13.4,18.8,24.3,17.7,0.08,1.55
STA_PAN,3/24/24,0,13.4,20.8,28.3,16.4,0.2,1.93
STA_PAN,3/25/24,0,15.1,23.8,32.5,10.9,0.66,4.03
STA_PAN,3/26/24,0,28.1,42.5,56.9,20.6,2.03,11.58
STA_PAN,3/27/24,0,39.2,47.9,56.5,29.7,1.88,10.84
STA_PAN,3/28/24,0,30.8,42.5,54.2,33.5,0.88,5.52
STA_PAN,3/29/24,0,27.3,35.7,44.1,20.7,0.95,6
STA_PAN,3/30/24,0,24,30.4,36.8,23.3,0.44,3.25
STA_PAN,3/31/24,0.02,24.7,36.9,49,29.5,0.15,7.39
STA_PAN,4/1/24,0,32,39.1,46.3,32.2,0.27,4.36
STA_PAN,4/2/24,0,35.2,43.9,52.6,32.7,0.45,6.71
STA_PAN,4/3/24,0.56,36.5,40.6,44.8,39.6,0.03,1.62
STA_PAN,4/4/24,0.94,29.8,37.6,45.5,35.5,0.04,2.19
STA_PAN,4/5/24,0.08,27.7,33.3,38.9,30.9,0,1.43
STA_PAN,4/6/24,0.12,28.1,32.3,36.5,30.8,0.06,1.89
STA_PAN,4/7/24,0,32.4,40.5,48.7,29.3,0.52,6.44
STA_PAN,4/8/24,0,33.1,43.5,53.9,23.6,1.5,10.24
STA_PAN,4/9/24,0,39.3,48.7,58.1,32.3,2.38,10.46
STA_PAN,4/10/24,0,46.9,61.1,75.4,42.3,2.25,23.44
STA_PAN,4/11/24,0.29,48.2,55.8,63.3,49.1,0,8.74
STA_PAN,4/12/24,0.72,49,57.1,65.3,55.7,0.21,6.33
STA_PAN,4/13/24,0.3,33.1,42.6,52,37.8,0.09,3.75
STA_PAN,4/14/24,0.11,33.3,39.9,46.4,32.7,0.21,4.5
STA_PAN,4/15/24,0.1,40,52.2,64.5,43.4,0.42,9.86
STA_PAN,4/16/24,0,37.1,47.6,58.2,32.9,1.38,10.24
STA_PAN,4/17/24,0.01,39.3,50.6,61.9,30.9,2.14,12.71
STA_PAN,4/18/24,0.31,42.2,49,55.7,47.9,0.07,4.62
STA_PAN,4/19/24,0.01,40.8,48.3,55.8,45.1,0.08,4.26
STA_PAN,4/20/24,0.05,38.1,48.2,58.3,41,0.69,5.19
STA_PAN,4/21/24,0,33.5,40.3,47.2,25.9,1.23,5.68
STA_PAN,4/22/24,0,29.6,36.1,42.6,25.1,0.89,4.89
STA_PAN,4/23/24,0,32.3,42.8,53.3,22.3,1.49,10.56
STA_PAN,4/24/24,0.13,42.4,53.1,63.9,36.2,0.43,14.72
STA_PAN,4/25/24,0.1,25.3,36.2,47,31.7,0.16,2.59
STA_PAN,4/26/24,0,27,37.5,48,19.1,1.15,7.52
STA_PAN,4/27/24,0,34.3,47.4,60.4,26.6,3.16,13.27
STA_PAN,4/28/24,0.09,46.4,53.3,60.3,46.4,0.7,7.13
STA_PAN,4/29/24,0.11,53.4,60.9,68.5,57.2,0.12,7.52
STA_PAN,4/30/24,0,52.4,61.8,71.2,53.9,0.99,10.9
STA_PAN,5/1/24,0.06,45,55.7,66.4,49.3,0.19,8.19
STA_PAN,5/2/24,0,47.2,61.5,75.8,45.7,0.87,21.73
STA_PAN,5/3/24,0,45.8,57,68.2,43.1,1.3,14.35
STA_PAN,5/4/24,0,50.6,64.2,77.7,49.5,1.44,21.41
STA_PAN,5/5/24,0.23,48.8,59.1,69.4,49.5,0.56,10.37
STA_PAN,5/6/24,0.05,49.7,56.7,63.8,53.2,0.27,4.98
STA_PAN,5/7/24,0,41,54.7,68.4,39.4,1.4,16
STA_PAN,5/8/24,0.55,47.8,60.8,73.7,46.3,0.13,20.08
STA_PAN,5/9/24,0,44.2,58,71.7,45.6,0.45,16.99
STA_PAN,5/10/24,0.02,43.4,51.3,59.1,41.9,0.16,8.54
STA_PAN,5/11/24,0.15,38.5,46.4,54.3,41.7,0.23,5.78
STA_PAN,5/12/24,0.14,43.6,52.4,61.2,43.7,0.14,10.17
STA_PAN,5/13/24,0.02,44.6,51.3,58,44.2,0.3,6.54
STA_PAN,5/14/24,0.05,49.9,60.9,72,48.6,1.48,14.01
STA_PAN,5/15/24,0.06,54.5,65.7,76.9,53.6,0.36,18
STA_PAN,5/16/24,0.15,55.3,60.5,65.7,56.5,0.07,5.71
STA_PAN,5/17/24,0.01,53.8,60.9,67.9,55.5,0.13,7.46
STA_PAN,5/18/24,0.49,55,63.7,72.5,56.9,0.03,11.13
STA_PAN,5/19/24,0.01,55.6,64.6,73.7,59,0.1,10.76
STA_PAN,5/20/24,0,55.9,66.6,77.3,55.9,0.35,17.88
STA_PAN,5/21/24,0,60,71.7,83.5,58.9,1.18,21.94
STA_PAN,5/22/24,0,61.8,73.1,84.4,57.9,2.78,24.91
STA_PAN,5/23/24,0.1,58,71.2,84.4,59.8,1.09,22.4
STA_PAN,5/24/24,0,51.8,63.1,74.4,44.8,2.73,19.72
STA_PAN,5/25/24,0,48.5,62.2,76,45.5,1.52,20.54
STA_PAN,5/26/24,0.38,53.8,63.9,74,57.3,0.02,12.75
STA_PAN,5/27/24,0,57.5,67,76.4,56,0.14,17.79
STA_PAN,5/28/24,0.38,56.5,65.1,73.7,57.5,0.74,10.97
STA_PAN,5/29/24,0.09,51,57.5,64,52.9,0.14,6.52
STA_PAN,5/30/24,0.13,42.7,53,63.3,45.8,0.38,8.75
STA_PAN,5/31/24,0,41.2,51,60.9,37.6,0.77,11.29
STA_PAN,6/1/24,0,42.8,55.8,68.8,37.1,2.07,16.28
STA_PAN,6/2/24,0,52.9,65.5,78.1,41.7,3.75,25.68
STA_PAN,6/3/24,0.1,57.4,64.8,72.2,57.6,0,12.81
STA_PAN,6/4/24,0,57,66.6,76.3,59.4,0.28,13.43
STA_PAN,6/5/24,0,59.5,71.7,83.9,58.7,1,23.39
STA_PAN,6/6/24,0.15,61.4,70.2,78.9,64.6,0.15,11.99
STA_PAN,6/7/24,0.12,55.1,64.5,74,56.9,0.3,13.87
STA_PAN,6/8/24,0.17,52.7,58.2,63.6,51.4,1.11,6.77
STA_PAN,6/9/24,0.6,50.2,58.9,67.7,49.4,0.12,11.52
STA_PAN,6/10/24,0.25,49,57.3,65.5,49.7,0.36,9.98
STA_PAN,6/11/24,0,49.1,53.4,57.8,48.3,0.35,4.47
STA_PAN,6/12/24,0,48.1,53,57.9,50,0.17,4.51
STA_PAN,6/13/24,0,51.5,62.1,72.7,49.5,1.08,15.98
STA_PAN,6/14/24,0,60.4,72.1,83.8,56.3,2.68,24.2
STA_PAN,6/15/24,0,51.8,64.2,76.6,50.7,1.31,18.87
STA_PAN,6/16/24,0,46,58.1,70.2,47.2,0.62,14.1
STA_PAN,6/17/24,0,55,68,81.1,54.6,2.71,22.77
STA_PAN,6/18/24,0.43,66.6,77.3,88,65.6,0.97,22.41
STA_PAN,6/19/24,0.02,67.8,79.4,90.9,69.6,0.46,24.36
STA_PAN,6/20/24,0.02,66.9,77.7,88.5,70.1,0.75,18.76
STA_PAN,6/21/24,0,65.8,76.1,86.5,67.7,0.55,19.23
STA_PAN,6/22/24,0.03,67.8,76.7,85.5,68.7,0.62,17.3
STA_PAN,6/23/24,0.06,70.4,78.6,86.8,68.5,1.58,20.54
STA_PAN,6/24/24,0.2,58.8,68.8,78.7,62.1,1.55,10.69
STA_PAN,6/25/24,0,55.8,65.9,76.1,54.1,1.36,17.63
STA_PAN,6/26/24,0,60.9,69.9,78.9,60.3,1.25,17.58
STA_PAN,6/27/24,0.43,56.9,68.2,79.4,59,0.22,20.51
STA_PAN,6/28/24,0,49.3,58.7,68.1,49.9,0.48,11.82
STA_PAN,6/29/24,0.14,55.3,65.1,74.9,55,0.51,16.37
STA_PAN,6/30/24,1.31,65.9,71.2,76.6,68.7,0.54,6.37
STA_PAN,7/1/24,0.04,51,62.7,74.5,54.7,0.44,9.42
STA_PAN,7/2/24,0.02,47.4,58.6,69.7,46.9,0.75,14.13
STA_PAN,7/3/24,0.07,54.4,66.4,78.5,54.3,2.94,18.35
STA_PAN,7/4/24,0.08,67.7,76.4,85,66.4,0.99,17.99
STA_PAN,7/5/24,0,66.2,74.2,82.2,66.2,0.62,17
STA_PAN,7/6/24,0.36,65.5,74.5,83.5,67.7,0.24,15.26
STA_PAN,7/7/24,0,60.5,70.3,80.1,61.9,1.2,15.4
STA_PAN,7/8/24,0,59,69.7,80.5,61.1,0.3,16.87
STA_PAN,7/9/24,0,63.2,73.8,84.4,62.4,0.99,21.66
STA_PAN,7/10/24,0.03,66.7,75.2,83.7,66.9,0.76,17.24
STA_PAN,7/11/24,0.7,64.1,74.9,85.8,68.3,0.31,14.54
STA_PAN,7/12/24,0.06,60.2,66.1,72,63.7,0.16,5.15
STA_PAN,7/13/24,0.02,60.9,71.4,81.9,63.5,0.19,17.63
STA_PAN,7/14/24,0,58,70.1,82.2,60.1,0.97,19.48
STA_PAN,7/15/24,0.12,64.8,75.7,86.6,64,0.64,25.6
STA_PAN,7/16/24,0.57,63.1,74.4,85.7,66.3,0.37,18.14
STA_PAN,7/17/24,0.05,65.7,74.1,82.5,65.9,1.26,13.6
STA_PAN,7/18/24,0,57.7,67,76.2,62.8,0.43,10.44
STA_PAN,7/19/24,0,52.2,61.7,71.2,53.7,0.36,11.7
STA_PAN,7/20/24,0,52.3,63.2,74.1,52.9,0.66,14.99
STA_PAN,7/21/24,0,56,67.2,78.4,54,0.94,19.67
STA_PAN,7/22/24,0,58,68.8,79.7,59.6,0.25,17.63
STA_PAN,7/23/24,0.2,59.8,71.1,82.5,62.1,0.13,20.59
STA_PAN,7/24/24,0.47,63.1,71,78.9,63.2,0.52,14.82
STA_PAN,7/25/24,0.06,59.3,70.2,81.1,63.4,0.31,15.54
STA_PAN,7/26/24,0,52.4,62.7,72.9,52.7,0.6,14.4
STA_PAN,7/27/24,0,51.5,63.6,75.7,51.7,0.86,17.09
STA_PAN,7/28/24,0,56.1,67.5,79,53.8,1.7,19.56
STA_PAN,7/29/24,0,60.5,72.6,84.7,57.7,1.87,25.21
STA_PAN,7/30/24,0,63.7,74.2,84.7,62.2,1.06,22.92
STA_PAN,7/31/24,0.24,66.7,75.9,85,67.7,0.38,18
STA_PAN,8/1/24,0,64.8,73.4,81.9,66.1,0.85,15.29
STA_PAN,8/2/24,0.24,66.7,76.1,85.5,68.3,0.46,17.4
STA_PAN,8/3/24,0.13,64.5,69.7,74.8,68,0,4.66
STA_PAN,8/4/24,0.05,64.5,70.2,75.9,67.2,0.31,7.13
STA_PAN,8/5/24,0,61.9,72.1,82.3,62.3,0.93,18.97
STA_PAN,8/6/24,0.51,64,72.4,80.9,66.8,0.08,12.48
STA_PAN,8/7/24,0.15,56.3,61.5,66.7,59.6,0.2,3.82
STA_PAN,8/8/24,0,58.3,66.1,73.9,58.8,0.77,12.38
STA_PAN,8/9/24,0.29,64.2,72.2,80.2,66.7,0.27,11.82
STA_PAN,8/10/24,0.63,55.6,64.9,74.3,63.8,0.07,5.07
STA_PAN,8/11/24,0.02,55.3,63.3,71.2,53.8,1.02,13.16
STA_PAN,8/12/24,0.1,54.8,62.7,70.6,55.6,0.4,10.34
STA_PAN,8/13/24,0,55.3,63,70.7,55.4,0.48,11.1
STA_PAN,8/14/24,0,56,65.1,74.3,56.8,0.53,13.15
STA_PAN,8/15/24,0,56.5,67.3,78.2,56.7,0.89,17.74
STA_PAN,8/16/24,0,56.3,68.7,81.1,57.2,0.77,20.97
STA_PAN,8/17/24,0.02,62.7,72.5,82.4,62.5,0.88,20.9
STA_PAN,8/18/24,0.43,63,72.3,81.5,65.2,0.38,14.08
STA_PAN,8/19/24,0.67,59.8,68.4,77,64.5,0.16,10.2
STA_PAN,8/20/24,0.12,48.3,54.8,61.2,53.3,0.2,2.54
STA_PAN,8/21/24,0.07,46.9,54.1,61.3,47.2,0.33,7.56
STA_PAN,8/22/24,0,48.6,57.1,65.6,48.6,0.5,10.19
STA_PAN,8/23/24,0,52,61.3,70.5,50.4,0.78,13.71
STA_PAN,8/24/24,0,52.2,63.3,74.3,52.3,0.8,15.76
STA_PAN,8/25/24,0,53.7,66.1,78.6,54.9,0.6,19.31
STA_PAN,8/26/24,0,55.9,67.8,79.6,56.9,0.61,19
STA_PAN,8/27/24,0,58.4,70,81.6,59,0.79,19.48
STA_PAN,8/28/24,0,61.4,73.9,86.3,66.5,0.95,20.35
STA_PAN,8/29/24,0,59.6,70.2,80.7,64.7,0,11.48
STA_PAN,8/30/24,0,59.2,63.8,68.3,61.9,0.01,3.83
STA_PAN,8/31/24,0.05,64.5,74.2,84,64.8,0.97,19.51
STA_PAN,9/1/24,0.04,58.2,68.4,78.6,63.9,0.43,10.45
STA_PAN,9/2/24,0.26,50,64.3,78.5,56.1,0.62,15.77
STA_PAN,9/3/24,0,42.9,52.9,62.9,44.2,0.62,9.79
STA_PAN,9/4/24,0,44.7,57.4,70.1,45.9,0.53,15.17
STA_PAN,9/5/24,0,47.8,61.7,75.6,49.9,0.63,18.88
STA_PAN,9/6/24,0,52.9,65.6,78.3,50.5,1.96,20.97
STA_PAN,9/7/24,1.72,52.4,66.7,81,58.7,0.08,19.29
STA_PAN,9/8/24,0.14,43.6,53.1,62.5,47,0.57,7.52
STA_PAN,9/9/24,0,46.6,53.9,61.1,43,1.32,10.37
STA_PAN,9/10/24,0.52,51.4,59.9,68.4,53.5,0.18,9.46
STA_PAN,9/11/24,0,48.9,59.9,70.9,50.3,0.34,14.48
STA_PAN,9/12/24,0,51.3,64.6,77.8,55.5,0.37,18.06
STA_PAN,9/13/24,0,55.5,68,80.5,57.2,0.91,19.85
STA_PAN,9/14/24,0,54.7,66.2,77.6,57.2,0.6,16.35
STA_PAN,9/15/24,0,56.2,68,79.8,58.7,0.67,18.17
STA_PAN,9/16/24,0,55.3,68,80.8,57,1.08,20.23
STA_PAN,9/17/24,0,53.4,66.3,79.2,55,1.38,18.89
STA_PAN,9/18/24,0,53.5,65,76.5,55.6,0.34,17.09
STA_PAN,9/19/24,0,55.7,65.4,75,59.3,0.21,13.01
STA_PAN,9/20/24,0,53.3,64.8,76.3,56.7,0.57,15.29
STA_PAN,9/21/24,0,54,66.8,79.6,57.3,0.62,19.55
STA_PAN,9/22/24,0.45,55.1,66.8,78.5,59.7,0.19,15.38
STA_PAN,9/23/24,0.06,56.9,68,79,61.2,0.27,15.86
STA_PAN,9/24/24,0.06,57.3,61.8,66.2,58.9,0.42,3.75
STA_PAN,9/25/24,0.18,57.5,60,62.4,56.7,0.73,3.57
STA_PAN,9/26/24,0.44,59.4,63.2,67,60.5,0.26,4.96
STA_PAN,9/27/24,0.16,53.1,61.5,69.9,58.4,0.11,6.81
STA_PAN,9/28/24,0,53.8,62.4,71,56.8,0.18,11.78
STA_PAN,9/29/24,0.04,59.8,64.2,68.5,62.7,0,4.24
STA_PAN,9/30/24,0.01,57.5,62.8,68.2,60.7,0.28,4.65
STA_PAN,10/1/24,0,55.9,63.1,70.3,57.9,0.15,8.53
STA_PAN,10/2/24,0.07,51.9,61.4,70.9,55.6,0.12,10.13
STA_PAN,10/3/24,0,43.3,52.5,61.7,46,0.21,8.17
STA_PAN,10/4/24,0,44.1,57,69.8,46.6,0.33,14.69
STA_PAN,10/5/24,0.03,46,58.8,71.6,49.4,0.26,14.39
STA_PAN,10/6/24,0,42.5,53.1,63.7,42,0.37,11.7
STA_PAN,10/7/24,0.45,44.6,60.4,76.3,51.5,0.32,16.46
STA_PAN,10/8/24,0,39.4,48.5,57.5,41.9,0.47,6.5
STA_PAN,10/9/24,0.02,37.9,48,58.2,40.3,0.21,9.09
STA_PAN,10/10/24,0.03,37.6,46.3,54.9,38.2,0.38,7.49
STA_PAN,10/11/24,0,36.8,44.8,52.8,36.6,0.3,6.12
STA_PAN,10/12/24,0,38.9,51.6,64.4,43.5,0.43,11.58
STA_PAN,10/13/24,0.41,38.9,49.4,59.8,37.7,0.18,11.36
STA_PAN,10/14/24,0.78,37.4,41.1,44.9,42.9,0,0.38
STA_PAN,10/15/24,0.2,34.9,39.2,43.5,35.1,0.17,3.01
STA_PAN,10/16/24,0.1,35.8,40.7,45.7,35.1,0.16,4.24
STA_PAN,10/17/24,0,30.4,38.6,46.8,33.3,0.12,4.33
STA_PAN,10/18/24,0,30.7,42.2,53.6,35.3,0.08,7.31
STA_PAN,10/19/24,0,35.3,48.9,62.6,37.8,0.18,11.81
STA_PAN,10/20/24,0,37.2,51.9,66.6,35.9,0.8,15.28
STA_PAN,10/21/24,0,43.7,56.2,68.7,37.6,3.21,17.12
STA_PAN,10/22/24,0,50.8,62.8,74.8,44.1,4.01,17.45
STA_PAN,10/23/24,0,50.5,63.7,76.8,43.8,2.72,23.6
STA_PAN,10/24/24,0.04,39.8,55.5,71.2,44.7,0.6,14.96
STA_PAN,10/25/24,0,30.6,40,49.4,32.7,0.18,5.49
STA_PAN,10/26/24,0,32.2,44.1,56,39.7,0.34,7.95
STA_PAN,10/27/24,0,29.2,39.9,50.6,32.6,0.28,5.89
STA_PAN,10/28/24,0,29.9,38.9,47.9,30.3,0.37,5.89
STA_PAN,10/29/24,0,35.6,45.9,56.2,33.4,1.01,9.81
STA_PAN,10/30/24,0.17,42.7,52.1,61.5,47.8,0.39,6.76
STA_PAN,10/31/24,0,56,64.4,72.9,50.8,2.83,14.1
STA_PAN,11/1/24,0.15,50.6,62.3,74,54.9,0.85,13.63
STA_PAN,11/2/24,0,35.8,44.1,52.3,36.5,1.03,4.42
STA_PAN,11/3/24,0,27.2,35.4,43.5,29,0.21,3.93
STA_PAN,11/4/24,0,29.9,41.1,52.3,26.8,0.61,8.39
STA_PAN,11/5/24,0.01,45.1,52.5,60,38.4,3.96,8.92
STA_PAN,11/6/24,0.02,55.8,65.5,75.2,53.1,3.13,16.31
STA_PAN,11/7/24,0.06,48.2,56.3,64.3,54.5,0.4,4.19
STA_PAN,11/8/24,0,39,44.9,50.9,39.6,0.48,4.66
STA_PAN,11/9/24,0,28,40.6,53.1,32.6,0.69,6.11
STA_PAN,11/10/24,0,28.2,38.1,48,24.7,0.8,6.99
STA_PAN,11/11/24,0.4,41.1,47.8,54.4,41.7,0.35,7.73
STA_PAN,11/12/24,0.24,31.6,41.2,50.8,39.5,0.18,3.57
STA_PAN,11/13/24,0,24.2,31.5,38.8,26.3,0.21,3.07
STA_PAN,11/14/24,0,24.6,34.7,44.8,19.3,0.54,6.53
STA_PAN,11/15/24,0.14,35.6,39.1,42.6,30.4,0.18,4.94
STA_PAN,11/16/24,0,36.7,40.9,45.2,39.8,0.02,1.57
STA_PAN,11/17/24,0,34.3,39.2,44.1,35.4,0.21,2.8
STA_PAN,11/18/24,0,37.3,43.5,49.8,38.8,0.51,4.48
STA_PAN,11/19/24,0,33.5,43.5,53.5,37.2,0.07,6.86
STA_PAN,11/20/24,0.02,35.1,43.8,52.5,40.5,0.09,6.03
STA_PAN,11/21/24,0.31,32.9,47,61.1,42.8,0.09,6.95
STA_PAN,11/22/24,0.24,30.9,34.9,38.9,31.8,0,2.38
STA_PAN,11/23/24,0.44,31.4,34.9,38.5,34,0.06,0.88
STA_PAN,11/24/24,0.02,34.4,38.3,42.2,35.3,0.07,2
STA_PAN,11/25/24,0,27.7,34,40.3,31.2,0,2.73
STA_PAN,11/26/24,0.19,29,38.7,48.4,39.1,0.05,4.01
STA_PAN,11/27/24,0.04,29.8,36.9,44,30.7,0.35,2.9
STA_PAN,11/28/24,0.23,28.6,35.1,41.7,29.4,0,3.9
STA_PAN,11/29/24,0.06,26.8,30.3,33.8,28.7,0,1.35
STA_PAN,11/30/24,0.19,20.4,25.4,30.4,20.7,0.22,1.72
STA_PAN,12/1/24,0.03,17.4,21.2,25,14.2,0.44,1.47
STA_PAN,12/2/24,0.1,18.6,22,25.4,18,0.17,1.37
STA_PAN,12/3/24,0,21.9,26.1,30.3,22.4,0.09,1.96
STA_PAN,12/4/24,0.04,21.6,25.7,29.9,19.1,0.25,2.64
STA_PAN,12/5/24,0.03,21.4,26.7,32.1,21.1,0.21,2.43
STA_PAN,12/6/24,0.13,15.8,22.1,28.5,17.6,0.19,1.48
STA_PAN,12/7/24,0.25,15.1,20.2,25.3,16.3,0.25,1.9
STA_PAN,12/8/24,0.02,23.5,31,38.6,21.1,0.28,3.28
STA_PAN,12/9/24,0,31.2,35.4,39.7,31.4,0.22,2.68
STA_PAN,12/10/24,0.38,34.2,39.2,44.2,39.4,0.03,1.37
STA_PAN,12/11/24,0.11,38.4,43.5,48.6,42.4,0.06,1.75
STA_PAN,12/12/24,0.11,18.6,29.8,41,27.2,0,1.94
STA_PAN,12/13/24,0,9.7,15.7,21.6,6.5,0.3,1.88
STA_PAN,12/14/24,0,5.3,12.9,20.5,6.2,0.23,1.77
STA_PAN,12/15/24,0,7.2,17.3,27.4,10.3,0.36,2.64
STA_PAN,12/16/24,0.08,24.1,29.2,34.3,26.8,0.37,1.84
STA_PAN,12/17/24,0.24,33.2,40.3,47.4,36.7,0.25,2.5
STA_PAN,12/18/24,0,33,37.2,41.4,31,0.68,2.52
STA_PAN,12/19/24,0.2,26.2,30.9,35.6,29.5,0,1.34
STA_PAN,12/20/24,0.02,23.9,25.8,27.7,20.9,0.32,1.43
STA_PAN,12/21/24,0.2,15.4,21.5,27.5,20.6,0.18,0.75
STA_PAN,12/22/24,0.01,-0.5,7.9,16.2,4.7,0.19,1.05
STA_PAN,12/23/24,0,-2.9,5,12.9,-1.1,0.18,1.14
STA_PAN,12/24/24,0.09,8.9,20.3,31.7,15.9,0.2,2.9
STA_PAN,12/25/24,0,24.5,28.7,32.9,27.4,0,0.88
STA_PAN,12/26/24,0,23,24.9,26.8,20.7,0.17,1.25
STA_PAN,12/27/24,0,23.2,27.8,32.5,23.4,0.31,1.97
STA_PAN,12/28/24,0.02,25.3,34.3,43.3,29.2,0.27,3.86
STA_PAN,12/29/24,0,37.1,43.5,50,41.3,0.14,2.53
STA_PAN,12/30/24,0.06,37.7,48.1,58.4,44.5,0.19,4.54
STA_PAN,12/31/24,0.04,31.1,35.7,40.2,31.8,0.28,2.56
,,,,,,,,
STA_SWE,1/1/24,0.07,26.3,30,33.7,28.7,0.05,1.44
STA_SWE,1/2/24,0,25.1,27.5,29.9,23.5,0.31,1.29
STA_SWE,1/3/24,0,28.7,31.8,35,25.9,0.66,2.07
STA_SWE,1/4/24,0.03,27.7,31.2,34.8,28.7,0.14,1.56
STA_SWE,1/5/24,0,19.9,24.2,28.5,16.4,0.63,1.99
STA_SWE,1/6/24,0,22.7,26,29.3,19.3,0.81,2.04
STA_SWE,1/7/24,0.29,23.5,27.1,30.8,24.6,0.15,1.8
STA_SWE,1/8/24,0.03,25.6,28.8,32,27.2,0.06,0.99
STA_SWE,1/9/24,0,30.2,33.8,37.4,26.6,0.58,2.74
STA_SWE,1/10/24,0.17,32,40.9,49.7,35.4,0.52,3.43
STA_SWE,1/11/24,0.08,30.7,34.9,39.2,27.6,0.34,2.78
STA_SWE,1/12/24,0.11,29.9,32.6,35.4,30,0.22,1.29
STA_SWE,1/13/24,0.17,29.8,35.5,41.1,31.5,0.16,3.46
STA_SWE,1/14/24,0.32,21.7,30.4,39.2,21.9,0.11,2.46
STA_SWE,1/15/24,0.04,6.5,15.1,23.8,6.7,0.4,1.58
STA_SWE,1/16/24,0,6.6,13.6,20.6,4.7,0.41,1.92
STA_SWE,1/17/24,0.08,5.1,11.9,18.8,6,0.34,1.2
STA_SWE,1/18/24,0.08,5.7,12.3,18.9,4.4,0.44,1.82
STA_SWE,1/19/24,0.06,15.2,20.3,25.3,17.1,0.13,1.37
STA_SWE,1/20/24,0.12,6.7,14.5,22.3,10.9,0.19,0.83
STA_SWE,1/21/24,0.05,7.2,11.4,15.5,8.3,0.3,0.71
STA_SWE,1/22/24,0,11.4,18.1,24.7,11.9,0.44,1.81
STA_SWE,1/23/24,0.02,13.2,23.9,34.6,18.6,0.26,4.08
STA_SWE,1/24/24,0.32,30.1,33.9,37.7,32.2,0.07,1.08
STA_SWE,1/25/24,0.2,35.2,39.9,44.6,38.4,0.12,1.11
STA_SWE,1/26/24,0.8,34.3,37.3,40.3,36.8,0.09,0.54
STA_SWE,1/27/24,0.11,34.9,40,45.2,37,0.21,1.21
STA_SWE,1/28/24,0.08,34,38,42,36.9,0.08,1.42
STA_SWE,1/29/24,0.38,29.6,33.8,38,31.9,0,0.71
STA_SWE,1/30/24,0,25.4,28.5,31.6,27.3,0,0.81
STA_SWE,1/31/24,0,26.2,30.2,34.2,28.9,0.18,1
STA_SWE,2/1/24,0,29.6,34.5,39.5,30.6,0.46,2.42
STA_SWE,2/2/24,0.05,33.4,35.5,37.6,33.8,0.09,1.26
STA_SWE,2/3/24,0.04,27.5,31.4,35.3,27.6,0.37,1.64
STA_SWE,2/4/24,0,21.8,29.4,36.9,22.9,0.27,3.04
STA_SWE,2/5/24,0,22.9,30.8,38.7,24.1,0.31,3.39
STA_SWE,2/6/24,0,19.1,27.1,35.1,21.5,0.39,2.67
STA_SWE,2/7/24,0,19.6,28.2,36.9,20.4,0.36,3.53
STA_SWE,2/8/24,0,22.1,33,43.8,24.1,0.42,5.5
STA_SWE,2/9/24,0.01,28,40.4,52.7,25.6,1.02,9.23
STA_SWE,2/10/24,0,38.6,49.3,60.1,39.6,1.02,8.91
STA_SWE,2/11/24,0.07,30.1,42.2,54.3,35.3,0.39,5
STA_SWE,2/12/24,0,27.6,31.9,36.3,26,0.75,2.58
STA_SWE,2/13/24,0,22.1,29.2,36.4,23.9,0,3.18
STA_SWE,2/14/24,0.04,17.9,26.8,35.8,19.2,0.44,3.18
STA_SWE,2/15/24,0,16.7,23.2,29.6,12.6,0.55,2.96
STA_SWE,2/16/24,0.06,17.3,26.7,36.1,20.8,0.33,3.41
STA_SWE,2/17/24,0.05,19.3,25.1,30.9,17.2,0.27,2.82
STA_SWE,2/18/24,0.04,16.4,20.9,25.4,11.6,0.47,2.23
STA_SWE,2/19/24,0.02,12.5,21.2,29.9,15.4,0.61,2.22
STA_SWE,2/20/24,0,11,19.5,28.1,9.6,0.45,2.72
STA_SWE,2/21/24,0,15.5,28.6,41.8,16.7,0.74,5.92
STA_SWE,2/22/24,0,29.1,40.5,51.9,25.3,1.75,8.73
STA_SWE,2/23/24,0.1,35.5,40.3,45.2,36,0.38,3.74
STA_SWE,2/24/24,0,13.9,32.2,50.4,25.9,0.35,5.72
STA_SWE,2/25/24,0,12.9,17.9,22.8,7.3,0.67,2.15
STA_SWE,2/26/24,0,18.8,32.5,46.2,15.1,1.22,8.54
STA_SWE,2/27/24,0,34.9,44.5,54.2,29.9,1.78,8.53
STA_SWE,2/28/24,0.12,44.7,56.3,67.9,42.2,1.13,15.33
STA_SWE,2/29/24,0.18,18.4,40.7,62.9,28.2,0.53,6.15
STA_SWE,3/1/24,0,18.1,22.5,26.8,11.8,0.58,2.39
STA_SWE,3/2/24,0,23.9,37.4,51,22.9,0.77,8.83
STA_SWE,3/3/24,0.09,39.8,44.1,48.3,41.7,0.14,2.03
STA_SWE,3/4/24,0,36.9,43.8,50.6,41.5,0.14,3.19
STA_SWE,3/5/24,0,43.9,57.5,71,45,1.18,15.28
STA_SWE,3/6/24,0.04,47.1,59.8,72.5,48.4,0.2,15.96
STA_SWE,3/7/24,0.2,35.1,41.7,48.3,39.8,0.14,1.13
STA_SWE,3/8/24,0,29.2,37.9,46.5,29.3,0.5,4.73
STA_SWE,3/9/24,0.06,31.7,46.8,61.8,33.9,0.76,13.41
STA_SWE,3/10/24,0.13,33.9,40.7,47.5,37.7,0.15,2.99
STA_SWE,3/11/24,0.19,24.9,30.7,36.5,24.3,0.18,2.4
STA_SWE,3/12/24,0,28.4,37.7,46.9,24.5,1.32,5.91
STA_SWE,3/13/24,0,38.6,48.6,58.7,34.9,1.64,10.25
STA_SWE,3/14/24,0,36.1,51.5,66.9,38.1,0.81,13.42
STA_SWE,3/15/24,0.34,36,49.4,62.7,38.6,0.19,13.77
STA_SWE,3/16/24,0.03,33.9,40,46.1,36.5,0.21,2.84
STA_SWE,3/17/24,0.4,33.2,43,52.7,32.6,0.37,8.13
STA_SWE,3/18/24,0.04,26.6,35.1,43.6,25.7,0.41,5.06
STA_SWE,3/19/24,0.1,25.4,29.4,33.3,21.9,0.32,2.57
STA_SWE,3/20/24,0.19,26.3,30.4,34.5,26.5,0.28,2.18
STA_SWE,3/21/24,0.12,18.7,27.4,36.1,17.7,0.3,2.97
STA_SWE,3/22/24,0,11.9,20.2,28.5,11.2,0.37,2.81
STA_SWE,3/23/24,0.36,16.5,20.9,25.3,18.9,0.12,1.55
STA_SWE,3/24/24,0.02,16.3,23.2,30,17.2,0.33,2.19
STA_SWE,3/25/24,0,17.9,26,34,10.5,0.96,4.5
STA_SWE,3/26/24,0,27.3,42.7,58.2,22.5,1.65,11.93
STA_SWE,3/27/24,0.01,41.8,50.2,58.5,31.3,1.89,11.73
STA_SWE,3/28/24,0,33,43.3,53.6,33.5,1.24,4.99
STA_SWE,3/29/24,0,27.6,36.5,45.5,22.6,0.79,6.09
STA_SWE,3/30/24,0,26.7,33.2,39.7,24.5,0.68,4.03
STA_SWE,3/31/24,0,28.2,39.1,50.1,29.1,0.6,7.75
STA_SWE,4/1/24,0,33.4,41.1,48.9,32.2,0.48,5.52
STA_SWE,4/2/24,0,36.2,44.7,53.1,32.4,0.82,7.12
STA_SWE,4/3/24,0.42,38.5,42,45.5,40,0.24,2.06
STA_SWE,4/4/24,0.89,31.8,39.7,47.6,37.3,0.07,2.65
STA_SWE,4/5/24,0.15,29.5,34.8,40,32.3,0,1.46
STA_SWE,4/6/24,0.12,30.4,34.5,38.6,33.1,0,2.09
STA_SWE,4/7/24,0,33.6,42.3,51,31.4,0.54,7.21
STA_SWE,4/8/24,0,35.3,45.6,55.9,24.9,1.8,11.27
STA_SWE,4/9/24,0,40.4,50.1,59.8,33.9,2.33,11.24
STA_SWE,4/10/24,0,49.4,63.8,78.2,43.1,2.3,26.48
STA_SWE,4/11/24,0.5,48.3,57,65.7,47.5,0.17,11.11
STA_SWE,4/12/24,0.66,48.7,57.8,66.9,56.6,0.26,6.96
STA_SWE,4/13/24,0.36,36,44.5,52.9,39,0.46,4.28
STA_SWE,4/14/24,0.12,36.3,42.5,48.7,34.6,0.49,5.03
STA_SWE,4/15/24,0.12,40.8,52.8,64.8,44.1,0.37,9.72
STA_SWE,4/16/24,0,38.3,49,59.6,35.4,1.17,10.55
STA_SWE,4/17/24,0,40,51.3,62.7,32.2,1.86,13.01
STA_SWE,4/18/24,0.38,42.1,49.1,56,48,0,3.85
STA_SWE,4/19/24,0.01,42.6,49.7,56.8,45.6,0.27,4.69
STA_SWE,4/20/24,0.03,39.3,49.5,59.7,42.4,0.8,5.35
STA_SWE,4/21/24,0.02,36.1,42.4,48.8,27.6,1.56,6.06
STA_SWE,4/22/24,0,31.7,38.3,44.9,27.8,0.86,5.31
STA_SWE,4/23/24,0,34.5,44.5,54.6,25,1.57,10.92
STA_SWE,4/24/24,0.1,44,55,65.9,38,0.5,15.93
STA_SWE,4/25/24,0.05,26.8,37.6,48.4,31.2,0.33,3.39
STA_SWE,4/26/24,0,26.5,37.8,49,20.7,1.04,7.8
STA_SWE,4/27/24,0,34.6,47.8,61.1,27.1,3.02,13.74
STA_SWE,4/28/24,0.1,49.8,56.8,63.8,48.3,1.14,7.53
STA_SWE,4/29/24,0.07,54.5,62.2,69.9,57.9,0.3,8.19
STA_SWE,4/30/24,0,50,59.3,68.6,53.4,0.6,8.91
STA_SWE,5/1/24,0.06,46.5,55.3,64.2,50.5,0.16,6.81
STA_SWE,5/2/24,0,49.1,63.4,77.7,48.7,0.4,22.77
STA_SWE,5/3/24,0,47.6,57.8,68,45,1.25,13.23
STA_SWE,5/4/24,0,53.2,66.1,79.1,50.7,1.8,22.7
STA_SWE,5/5/24,0.23,50.5,61.1,71.7,51.7,0.24,11.46
STA_SWE,5/6/24,0.2,50.8,58.2,65.7,55.1,0.23,5.09
STA_SWE,5/7/24,0,41.7,55.6,69.5,41,0.95,17.03
STA_SWE,5/8/24,0.39,48.5,61.3,74,46.4,0.02,20.43
STA_SWE,5/9/24,0.01,44.5,58.7,73,48.2,0.26,16.68
STA_SWE,5/10/24,0,45.7,53.4,61,42.2,0.35,9.81
STA_SWE,5/11/24,0.02,39.2,48.8,58.5,43,0.14,8.21
STA_SWE,5/12/24,0.1,45.2,54.6,63.9,46.1,0.02,11.6
STA_SWE,5/13/24,0.02,47,53.4,59.8,46.4,0.35,6.76
STA_SWE,5/14/24,0.03,52.3,62.8,73.3,50.9,1.58,14.64
STA_SWE,5/15/24,0.26,55.3,67,78.7,55.6,0.38,18.75
STA_SWE,5/16/24,0.02,55.4,61,66.6,57.3,0,5.62
STA_SWE,5/17/24,0,55.5,62.8,70.1,56.9,0.2,8.26
STA_SWE,5/18/24,1.29,56.6,65.2,73.8,58.7,0.05,11.52
STA_SWE,5/19/24,0,54.1,64.3,74.6,59.5,0,11.13
STA_SWE,5/20/24,0,58.2,68.5,78.9,58.7,0.6,18.08
STA_SWE,5/21/24,0,62.8,73.8,84.8,60.8,1.91,22.52
STA_SWE,5/22/24,0,65.2,75.6,86,60.1,3.88,25.43
STA_SWE,5/23/24,0.05,59.1,72.7,86.4,61.3,1.49,23.9
STA_SWE,5/24/24,0,55.1,65.3,75.6,46.6,3.44,20
STA_SWE,5/25/24,0,49.5,63.4,77.3,48.3,1.09,20.51
STA_SWE,5/26/24,0.55,55.6,64,72.4,58.4,0.09,12.13
STA_SWE,5/27/24,0,59.1,68,76.9,58.2,0.15,16.86
STA_SWE,5/28/24,0.12,57.4,66.1,74.8,58.9,0.27,11.07
STA_SWE,5/29/24,0.21,53,59.6,66.2,55.2,0.09,6.95
STA_SWE,5/30/24,0.01,43.3,54.4,65.5,45.6,0.28,12.29
STA_SWE,5/31/24,0,43.9,53.6,63.3,39.5,0.95,12.57
STA_SWE,6/1/24,0,47.1,58.7,70.3,38.9,2.77,16.99
STA_SWE,6/2/24,0,56.4,67.9,79.3,44.2,4.26,26.32
STA_SWE,6/3/24,0.29,59.3,66.4,73.6,58.5,0.07,13.76
STA_SWE,6/4/24,0,59,68.5,78,61.2,0.44,13.64
STA_SWE,6/5/24,0,61.8,73.8,85.9,59.9,1.59,25.38
STA_SWE,6/6/24,0.2,62.9,72.3,81.6,65.8,0.18,14.3
STA_SWE,6/7/24,0.2,57.1,66.6,76.1,58.2,0.3,15.29
STA_SWE,6/8/24,0.23,53.5,59.2,65,53.1,0.61,6.83
STA_SWE,6/9/24,0.63,51.1,60,68.9,51.3,0,11.35
STA_SWE,6/10/24,0.3,49.3,57.6,65.9,51.7,0.35,8.84
STA_SWE,6/11/24,0,50.2,54.3,58.4,49.2,0.27,4.44
STA_SWE,6/12/24,0,48.7,53.8,58.9,51,0.16,4.47
STA_SWE,6/13/24,0,53.5,63.9,74.3,50.7,1.16,17.22
STA_SWE,6/14/24,0,62.6,74.2,85.7,57.8,3.17,25.48
STA_SWE,6/15/24,0,53.4,65.4,77.4,52.1,1.19,18.84
STA_SWE,6/16/24,0,48.2,59.5,70.8,48.4,0.83,14.35
STA_SWE,6/17/24,0,56.2,69,81.9,55.6,2.52,22.73
STA_SWE,6/18/24,0.1,69.3,79.3,89.4,66.1,2.97,24.44
STA_SWE,6/19/24,0.24,69.7,81.3,92.8,70.5,0.81,26.5
STA_SWE,6/20/24,0.02,69.2,79.5,89.7,71.4,1.29,19.39
STA_SWE,6/21/24,0,66.6,77.7,88.8,67.8,0.67,22.75
STA_SWE,6/22/24,0.02,69.3,78.3,87.2,69.5,0.98,18.61
STA_SWE,6/23/24,0,71.8,80.5,89.3,69.5,2.31,24.33
STA_SWE,6/24/24,0.13,59.3,69.8,80.3,62.2,1.42,12.45
STA_SWE,6/25/24,0,58.3,68.9,79.5,55.8,1.54,20.8
STA_SWE,6/26/24,0,63,71.7,80.3,61.4,1.12,18.98
STA_SWE,6/27/24,0.24,57.4,69.1,80.7,60,0.1,20.76
STA_SWE,6/28/24,0,50.3,59.9,69.5,49.5,1.04,13.14
STA_SWE,6/29/24,0.13,57.1,66.4,75.7,55.5,0.64,17.09
STA_SWE,6/30/24,2.71,66.7,72.3,77.9,69.4,0.51,7.16
STA_SWE,7/1/24,0.03,52.3,64,75.8,55.2,0.61,10.44
STA_SWE,7/2/24,0.03,50,60.9,71.9,48,1.16,16.07
STA_SWE,7/3/24,0.11,56.5,67.7,79,55.1,3.41,18.58
STA_SWE,7/4/24,0.04,69,78.1,87.3,67.3,1.27,20.94
STA_SWE,7/5/24,0,67.6,75.5,83.4,66.1,1.35,18.4
STA_SWE,7/6/24,0.56,66.4,76,85.6,67.6,0.42,19
STA_SWE,7/7/24,0,62.5,72.3,82.1,62.8,1.71,17.82
STA_SWE,7/8/24,0,60.8,71.6,82.5,61.6,0.97,18.63
STA_SWE,7/9/24,0,65.3,75.9,86.5,63,1.77,24.66
STA_SWE,7/10/24,0.05,67.7,76.6,85.5,67.6,0.94,19.33
STA_SWE,7/11/24,0.76,65.1,74.3,83.6,69.1,0.06,11.23
STA_SWE,7/12/24,0.03,62.8,68.2,73.6,64.7,0.52,6.64
STA_SWE,7/13/24,0.12,62.3,73.3,84.3,64.9,0.21,19.69
STA_SWE,7/14/24,0,60.5,72.2,83.9,60.8,1.82,22.45
STA_SWE,7/15/24,0.15,65.5,76.9,88.3,65.1,0.77,27.43
STA_SWE,7/16/24,1.06,63.9,75.2,86.5,67.6,0.2,18.13
STA_SWE,7/17/24,0.48,66.9,75.1,83.4,67.3,1.38,13.7
STA_SWE,7/18/24,0,58.5,68.4,78.4,62.3,0.9,14.56
STA_SWE,7/19/24,0,53.4,63.1,72.8,54.8,0.55,12.82
STA_SWE,7/20/24,0,54.3,64.9,75.6,53.7,1.3,16.5
STA_SWE,7/21/24,0,58.3,69.3,80.3,56.2,1.42,20.58
STA_SWE,7/22/24,0,60,70.7,81.4,60.6,0.79,18.73
STA_SWE,7/23/24,0.17,60.8,72.4,84,63.4,0,21.94
STA_SWE,7/24/24,0.14,64.3,72.5,80.7,63.9,1.06,16.39
STA_SWE,7/25/24,0.24,60.5,71.4,82.2,64.3,0.71,15.55
STA_SWE,7/26/24,0,54.8,64.7,74.5,53.7,1.21,15.73
STA_SWE,7/27/24,0,54.1,65.8,77.5,52.6,1.68,19.49
STA_SWE,7/28/24,0,57.4,69,80.6,55.6,1.66,20.49
STA_SWE,7/29/24,0,62.7,74.4,86,59.4,2.44,26.13
STA_SWE,7/30/24,0,65,75.5,85.9,64,0.99,23.26
STA_SWE,7/31/24,0.13,67.6,77.2,86.9,68.7,0.31,19.97
STA_SWE,8/1/24,0,67,75.3,83.6,67.4,1.71,16.93
STA_SWE,8/2/24,0.04,68.5,78.1,87.7,69,0.91,20.29
STA_SWE,8/3/24,0.08,66.6,71.3,76,69.3,0.22,5.26
STA_SWE,8/4/24,0.06,66,71.3,76.6,68.1,0.59,7.44
STA_SWE,8/5/24,0,64.2,74,83.8,63.9,1.29,20.8
STA_SWE,8/6/24,0.91,65.1,73.2,81.4,67.6,0.06,12.15
STA_SWE,8/7/24,0.18,56.5,62.1,67.7,60.2,0.44,4.9
STA_SWE,8/8/24,0,59.1,67.1,75.2,58.5,0.96,14.73
STA_SWE,8/9/24,0.07,65.4,73.5,81.7,67.6,0.37,12.74
STA_SWE,8/10/24,0.43,57.4,66.4,75.3,64,0.33,6.57
STA_SWE,8/11/24,0,55.8,64.1,72.4,54.1,1.2,13.67
STA_SWE,8/12/24,0.12,56.6,64.6,72.6,55.8,0.77,12.45
STA_SWE,8/13/24,0,57.1,64.5,72,57.4,0.69,11.1
STA_SWE,8/14/24,0,57.2,66.7,76.2,58.3,0.78,14.51
STA_SWE,8/15/24,0,58.1,69.1,80.1,58,1.01,19.36
STA_SWE,8/16/24,0,59.8,71,82.3,59.2,1.48,21.46
STA_SWE,8/17/24,0,64.4,74.2,84,63.1,1.48,22.69
STA_SWE,8/18/24,0.18,64.8,74,83.2,66,0.81,15.65
STA_SWE,8/19/24,0.75,60.1,69.1,78.1,65.6,0.21,10.53
STA_SWE,8/20/24,0.14,50.3,55.9,61.4,53.7,0.38,3.31
STA_SWE,8/21/24,0.09,49.4,56.1,62.8,48.8,0.59,8.03
STA_SWE,8/22/24,0,51.5,59.3,67.2,50.2,1.01,10.95
STA_SWE,8/23/24,0,54.7,63.5,72.4,52.3,1.38,14.76
STA_SWE,8/24/24,0,54,64.8,75.6,53.2,1.41,16.79
STA_SWE,8/25/24,0,55.1,67.4,79.6,56.1,0.81,19.95
STA_SWE,8/26/24,0,57.8,69.3,80.8,58.6,0.88,19.09
STA_SWE,8/27/24,0,60.5,71.9,83.4,60.8,1.22,20.65
STA_SWE,8/28/24,0,63.3,75.5,87.6,67.2,1.7,21.68
STA_SWE,8/29/24,0,59.8,70.5,81.2,64,0.29,12.45
STA_SWE,8/30/24,0,59.3,64.3,69.2,60.5,0.39,6.18
STA_SWE,8/31/24,0.02,63.2,74.3,85.4,65.4,1.59,20.95
STA_SWE,9/1/24,0,59.5,69.5,79.5,65.4,0.39,10.49
STA_SWE,9/2/24,0.11,52.2,65.7,79.1,57.2,0.84,14.99
STA_SWE,9/3/24,0,45,54.3,63.5,45.2,0.83,10.09
STA_SWE,9/4/24,0,47.1,59.1,71.2,47.5,0.7,15.44
STA_SWE,9/5/24,0,50.6,63.6,76.6,51.5,0.94,19.12
STA_SWE,9/6/24,0,55.3,67.4,79.5,51.7,2.52,21.59
STA_SWE,9/7/24,2.11,54,67.8,81.7,59.4,0.16,19.56
STA_SWE,9/8/24,0.05,45,54.3,63.6,48,0.67,7.71
STA_SWE,9/9/24,0,48.6,55.2,61.8,44.4,1.8,10.1
STA_SWE,9/10/24,0.5,52.5,60.7,69,55,0.33,8.97
STA_SWE,9/11/24,0,50.5,61.1,71.6,50.5,0.61,14.96
STA_SWE,9/12/24,0,53.6,66.2,78.7,55.9,0.69,19.33
STA_SWE,9/13/24,0,57.7,69.8,82,59.1,1.32,20.56
STA_SWE,9/14/24,0,56.5,67.6,78.8,59.1,0.83,16.08
STA_SWE,9/15/24,0,57.9,69.5,81.2,60.6,0.7,18.45
STA_SWE,9/16/24,0,57.3,69.9,82.5,59.2,1.22,21.12
STA_SWE,9/17/24,0,55.4,68.2,81,56.9,1.47,19.77
STA_SWE,9/18/24,0,55.8,67,78.2,56.1,0.76,18.71
STA_SWE,9/19/24,0,57.3,66.9,76.5,59.7,0.48,14.18
STA_SWE,9/20/24,0,53.6,65.7,77.9,58.1,0.53,15.07
STA_SWE,9/21/24,0,55.5,68.1,80.8,59.1,0.61,19.99
STA_SWE,9/22/24,0.02,57.7,68.8,79.9,61.3,0.32,15.92
STA_SWE,9/23/24,0.07,59.5,70.3,81.2,62.5,0.64,17.66
STA_SWE,9/24/24,0.13,58.6,63.1,67.7,59.6,0.54,4.51
STA_SWE,9/25/24,0.18,58.5,61.8,65.1,57.5,0.75,4.82
STA_SWE,9/26/24,0.22,61.1,65.2,69.3,61.3,0.27,6.17
STA_SWE,9/27/24,0.01,51.3,61.3,71.4,57.3,0.09,9.54
STA_SWE,9/28/24,0,53.2,62.7,72.3,56.9,0,13.35
STA_SWE,9/29/24,0.13,60.7,64.8,68.9,63.2,0,4.39
STA_SWE,9/30/24,0.02,56.6,63.3,70.1,61.2,0.21,5.61
STA_SWE,10/1/24,0,55.5,63.6,71.8,59.1,0,8.86
STA_SWE,10/2/24,0.05,52.9,63.1,73.3,56.7,0.32,11.74
STA_SWE,10/3/24,0,45.3,54.4,63.5,46.4,0.57,9.69
STA_SWE,10/4/24,0,46.6,59,71.4,47.9,0.48,15.53
STA_SWE,10/5/24,0.05,48.1,60.8,73.5,51.6,0.45,14.9
STA_SWE,10/6/24,0,44.9,55.1,65.3,44.7,0.47,11.77
STA_SWE,10/7/24,0.37,47.8,63.6,79.3,53.1,0.65,18.66
STA_SWE,10/8/24,0,43.2,51.4,59.7,43.1,0.95,7.7
STA_SWE,10/9/24,0.03,39.9,50.1,60.4,41.5,0.5,9.74
STA_SWE,10/10/24,0.06,38.7,47.8,57,39.2,0.44,8.3
STA_SWE,10/11/24,0,39.3,46.5,53.6,37.9,0.58,6.19
STA_SWE,10/12/24,0,42.6,54.3,66,45.7,1.01,11.91
STA_SWE,10/13/24,0.33,39.9,50,60.1,38.6,0.39,11.13
STA_SWE,10/14/24,1.11,38,41.8,45.6,43.1,0,0.52
STA_SWE,10/15/24,0.29,36.6,42,47.4,36.6,0.2,4.43
STA_SWE,10/16/24,0.13,37.4,42.8,48.1,36.2,0.23,4.9
STA_SWE,10/17/24,0,32.6,40.4,48.3,34.5,0.27,4.7
STA_SWE,10/18/24,0,33.7,44.4,55.1,37.2,0.23,7.53
STA_SWE,10/19/24,0,38.1,51.4,64.7,39.6,0.41,12.73
STA_SWE,10/20/24,0,40.3,54.3,68.4,38.2,0.95,15.93
STA_SWE,10/21/24,0,48.2,59.8,71.3,39.2,4.18,19.01
STA_SWE,10/22/24,0,55.2,66.2,77.1,44.5,5.88,19.55
STA_SWE,10/23/24,0,54.3,67.3,80.3,45.3,4.06,26.72
STA_SWE,10/24/24,0.01,39.8,56.8,73.7,45.7,0.6,17.01
STA_SWE,10/25/24,0,33,42,50.9,33.5,0.5,6.06
STA_SWE,10/26/24,0,34.8,46,57.1,40.9,0.62,8.26
STA_SWE,10/27/24,0.02,32,42.5,53,33.8,0.6,6.84
STA_SWE,10/28/24,0,32.6,41.4,50.3,33,0.52,6.43
STA_SWE,10/29/24,0,37.6,47.2,56.8,36.9,0.77,8.66
STA_SWE,10/30/24,0.11,44.3,54.1,63.9,49.8,0.32,7.2
STA_SWE,10/31/24,0,59.4,67.5,75.7,52.9,4.27,15.38
STA_SWE,11/1/24,0.16,53.1,64.9,76.7,55.3,1.65,15.75
STA_SWE,11/2/24,0,37.7,46.7,55.8,36.4,1.34,6.57
STA_SWE,11/3/24,0,28,36.2,44.5,29.2,0.34,4.26
STA_SWE,11/4/24,0,29.4,41.4,53.3,29.2,0.5,8.47
STA_SWE,11/5/24,0,47.5,55.1,62.7,39.3,4.76,9.88
STA_SWE,11/6/24,0.01,59.4,69.1,78.8,53.6,2.98,19.59
STA_SWE,11/7/24,0.09,49,57.9,66.7,54.8,0.51,6.21
STA_SWE,11/8/24,0,42.2,47.7,53.2,40.2,0.89,5.83
STA_SWE,11/9/24,0,28.3,41.5,54.7,32.7,0.7,6.69
STA_SWE,11/10/24,0,28.5,39.3,50.2,26.1,0.7,7.8
STA_SWE,11/11/24,0.29,41.5,48.9,56.3,43.1,0.57,8.7
STA_SWE,11/12/24,0.15,34.1,44.2,54.3,40,0.46,5.09
STA_SWE,11/13/24,0,25.9,33.7,41.5,27.4,0.29,3.68
STA_SWE,11/14/24,0,27.1,36.4,45.7,21.9,0.68,6.43
STA_SWE,11/15/24,0.1,37.7,42.4,47.2,30.6,0.68,6.62
STA_SWE,11/16/24,0,38.6,43.7,48.9,40,0.39,3.21
STA_SWE,11/17/24,0,34.1,41.8,49.5,35.6,0.19,5.34
STA_SWE,11/18/24,0.02,37.4,44.7,51.9,39.8,0.5,4.82
STA_SWE,11/19/24,0,35.1,45.3,55.5,38.7,0.2,7.05
STA_SWE,11/20/24,0.01,36.4,44.5,52.7,41.3,0.14,5.47
STA_SWE,11/21/24,0.29,36.3,49.3,62.3,43.9,0.3,7
STA_SWE,11/22/24,0.3,33,38.3,43.5,33.2,0.08,3.64
STA_SWE,11/23/24,0.52,32.6,37.2,41.8,35.8,0.09,1.39
STA_SWE,11/24/24,0,35.7,40.8,45.9,35.9,0.19,3.22
STA_SWE,11/25/24,0,28.4,36.3,44.1,30.9,0.14,4.49
STA_SWE,11/26/24,0.26,29.3,39,48.8,39.1,0.02,3.81
STA_SWE,11/27/24,0.03,30.4,38.4,46.5,31.1,0.45,3.71
STA_SWE,11/28/24,0.22,30.1,37,43.9,29.8,0.05,4.73
STA_SWE,11/29/24,0.12,28.9,32.7,36.5,28.4,0.08,2.3
STA_SWE,11/30/24,0.1,23.2,29.1,34.9,21.1,0.52,3.2
STA_SWE,12/1/24,0.15,20.5,24.1,27.8,17,0.53,1.67
STA_SWE,12/2/24,0.03,21.6,25.2,28.8,19.8,0.32,1.84
STA_SWE,12/3/24,0.03,24.2,28.9,33.5,24,0.23,2.64
STA_SWE,12/4/24,0.07,24.9,28.9,33,19.5,0.54,3.48
STA_SWE,12/5/24,0.44,25.2,29.8,34.3,22.3,0.32,2.93
STA_SWE,12/6/24,0.2,18.6,24.6,30.5,18.9,0.32,1.68
STA_SWE,12/7/24,0.07,18.3,23.3,28.2,16.4,0.62,2.42
STA_SWE,12/8/24,0.03,27.7,34.9,42.1,22.7,0.81,4.07
STA_SWE,12/9/24,0,33.3,37.8,42.3,31.7,0.61,3.19
STA_SWE,12/10/24,0.49,34,40,46.1,39.9,0.01,1.75
STA_SWE,12/11/24,0.07,40.4,45.3,50.2,42.6,0.17,2.8
STA_SWE,12/12/24,0.53,21.5,32,42.5,28.6,0.05,2.3
STA_SWE,12/13/24,0.39,11.1,16.6,22.2,8.6,0.35,1.65
STA_SWE,12/14/24,0,6.2,14.7,23.2,6.5,0.25,2.34
STA_SWE,12/15/24,0,7.4,18.3,29.3,11.3,0.34,2.93
STA_SWE,12/16/24,0.09,24.3,30.6,37,27.5,0.54,2.46
STA_SWE,12/17/24,0.18,33.8,41.8,49.8,37.8,0.15,3.36
STA_SWE,12/18/24,0,34.6,39,43.4,32.2,0.71,2.98
STA_SWE,12/19/24,0.3,29.4,33.8,38.1,29.9,0.19,2.06
STA_SWE,12/20/24,0.01,27.1,28.6,30.2,20.8,0.68,2.2
STA_SWE,12/21/24,0.28,18.8,24,29.2,21.2,0.47,1
STA_SWE,12/22/24,0,0.1,9.1,18.1,5.5,0.21,1.23
STA_SWE,12/23/24,0,-0.2,6.9,14.1,-0.3,0.24,1.15
STA_SWE,12/24/24,0.15,9.9,21.7,33.5,18,0.23,3.3
STA_SWE,12/25/24,0,25.8,30.3,34.7,27.6,0.16,1.31
STA_SWE,12/26/24,0,25.1,27.1,29.1,21.2,0.43,1.77
STA_SWE,12/27/24,0,23.3,27.7,32.2,23,0.41,1.96
STA_SWE,12/28/24,0,25.1,33.4,41.6,29.9,0.4,2.78
STA_SWE,12/29/24,0,38.2,46.2,54.3,43.3,0.13,3.71
STA_SWE,12/30/24,0.09,38.8,49.9,61,45,0.27,5.79
STA_SWE,12/31/24,0.11,33.3,38.3,43.3,33.2,0.41,3.43
,,,,,,,,
STA_THO,1/1/24,0.03,28.5,31,33.6,28.4,0.29,1.35
STA_THO,1/2/24,0,27.1,28.5,29.9,22.8,0.84,1.42
STA_THO,1/3/24,0,29,33.2,37.4,27.1,0.44,2.47
STA_THO,1/4/24,0.04,29.6,32.7,35.9,29.8,0.25,1.73
STA_THO,1/5/24,0.02,23.2,27.4,31.6,18.1,0.77,2.08
STA_THO,1/6/24,0,26.3,28.4,30.4,20.8,1.24,2.09
STA_THO,1/7/24,0.48,27.7,29.6,31.5,25.6,0.3,1.84
STA_THO,1/8/24,0.06,27.8,29.8,31.7,27.4,0.2,0.91
STA_THO,1/9/24,0,31.3,34.4,37.5,28.3,0.58,2.27
STA_THO,1/10/24,0.21,32.8,41.1,49.4,35.2,0.69,3.51
STA_THO,1/11/24,0,33,37.5,41.9,28.2,0.83,3.42
STA_THO,1/12/24,0.11,32.1,34.9,37.6,31.4,0.34,1.9
STA_THO,1/13/24,0.35,32.6,37,41.4,32.2,0.37,3.6
STA_THO,1/14/24,0.03,26.1,33.5,40.9,23.7,0.38,2.77
STA_THO,1/15/24,0,10.4,18.7,27.1,8.6,0.55,2.1
STA_THO,1/16/24,0,10,16.9,23.8,6.8,0.52,2.47
STA_THO,1/17/24,0,7.7,14.4,21.1,8.2,0.4,1.4
STA_THO,1/18/24,0,7.8,13.9,20,5.2,0.5,2.02
STA_THO,1/19/24,0.05,16.6,21.6,26.6,19.3,0.18,1.43
STA_THO,1/20/24,0.15,10.5,16.7,22.9,11.8,0.35,0.82
STA_THO,1/21/24,0.08,10.9,13.8,16.6,9.1,0.44,0.78
STA_THO,1/22/24,0,12.2,19.1,25.9,12.8,0.45,2.05
STA_THO,1/23/24,0,12.9,24.3,35.7,20.1,0.19,4.05
STA_THO,1/24/24,0.24,31.6,34.6,37.5,32.3,0.15,1.19
STA_THO,1/25/24,0.4,34.7,38.1,41.5,37.6,0.15,1.06
STA_THO,1/26/24,1.14,34.4,36.5,38.6,36.2,0,0.4
STA_THO,1/27/24,0.1,34.3,38.7,43.2,36.4,0.06,0.55
STA_THO,1/28/24,0.02,33.3,36.8,40.3,36.6,0.03,0.93
STA_THO,1/29/24,0.42,31.6,34.4,37.2,32.4,0.19,0.66
STA_THO,1/30/24,0,27.8,30.2,32.6,27.5,0.31,1.07
STA_THO,1/31/24,0,28.1,31.2,34.3,28.7,0.44,1.26
STA_THO,2/1/24,0,29.9,36,42.1,31.6,0.44,2.98
STA_THO,2/2/24,0.03,35.3,36.9,38.5,34.6,0.23,1.55
STA_THO,2/3/24,0,29.4,32.6,35.8,28.7,0.53,1.44
STA_THO,2/4/24,0,22.2,28.9,35.7,23.7,0.2,2.55
STA_THO,2/5/24,0,23.7,31.9,40.1,27.1,0.18,3.42
STA_THO,2/6/24,0,19.8,27.7,35.7,22.4,0.35,2.7
STA_THO,2/7/24,0,20.1,28.3,36.5,22.2,0.19,2.92
STA_THO,2/8/24,0,23.9,33.4,42.9,26.8,0.36,4.49
STA_THO,2/9/24,0,30.5,42.1,53.8,28,1.03,8.93
STA_THO,2/10/24,0,44.6,53,61.3,40.2,2.32,9.49
STA_THO,2/11/24,0,35.4,46.4,57.3,35.9,1.27,6.18
STA_THO,2/12/24,0,32,34.6,37.3,27.2,1.1,2.59
STA_THO,2/13/24,0,27.4,31.9,36.5,25.8,0.44,2.78
STA_THO,2/14/24,0,19.9,28.5,37.1,21.4,0.56,3.21
STA_THO,2/15/24,0,19.1,24.7,30.3,14.6,0.69,2.9
STA_THO,2/16/24,0.09,21.7,28.8,35.8,22.5,0.49,2.89
STA_THO,2/17/24,0.16,20.9,26.6,32.2,19.8,0.28,2.78
STA_THO,2/18/24,0.05,18,22.5,27.1,13.3,0.44,2.31
STA_THO,2/19/24,0.02,17.3,24,30.7,17.1,0.78,2.15
STA_THO,2/20/24,0,11.7,19.9,28.2,9.3,0.54,2.77
STA_THO,2/21/24,0,15.3,27.8,40.3,16.9,0.72,5.26
STA_THO,2/22/24,0,29.5,40,50.5,25.7,1.77,7.77
STA_THO,2/23/24,0.11,33.2,38.5,43.8,35.4,0.16,3.33
STA_THO,2/24/24,0,15.1,34.1,53.2,26.4,0.39,7.01
STA_THO,2/25/24,0,14.1,18.3,22.4,8.2,0.71,2.05
STA_THO,2/26/24,0,20.7,34.1,47.6,17.4,1.13,8.85
STA_THO,2/27/24,0,33,42.5,52,30.7,1.23,6.95
STA_THO,2/28/24,0.06,45.8,57,68.2,42.1,1.5,15.21
STA_THO,2/29/24,0.09,21,41.9,62.9,29.5,0.68,6.27
STA_THO,3/1/24,0,18.4,22.7,27.1,12.8,0.47,2.59
STA_THO,3/2/24,0.04,22.4,37.8,53.3,23.3,0.63,10.17
STA_THO,3/3/24,0.29,38.8,42.8,46.8,41.8,0.05,1.25
STA_THO,3/4/24,0,39.1,46.3,53.4,41.3,0.13,4.46
STA_THO,3/5/24,0,40.5,55.7,71,45.6,0.49,14.71
STA_THO,3/6/24,0.04,45.7,56.4,67.1,47.7,0.22,10.86
STA_THO,3/7/24,0.29,37.4,42.2,47,39.9,0.14,1.38
STA_THO,3/8/24,0,26.7,37.2,47.6,29.9,0.23,5.23
STA_THO,3/9/24,0.06,29.5,44.7,59.8,32.4,0.55,11.96
STA_THO,3/10/24,0.47,36.6,41.8,47,37.4,0.29,4.13
STA_THO,3/11/24,0.19,27.4,32.3,37.1,25.7,0.34,2.28
STA_THO,3/12/24,0,29,36,43,24,0.84,5.27
STA_THO,3/13/24,0,31.8,44.7,57.5,35.2,0.63,9.1
STA_THO,3/14/24,0,35.4,52.4,69.5,38.4,0.59,15.47
STA_THO,3/15/24,0.22,35.7,49.2,62.7,39,0.2,12.8
STA_THO,3/16/24,0,36.6,43.6,50.5,37.1,0.41,4.84
STA_THO,3/17/24,0.22,37.3,45.7,54,33.4,0.68,8.58
STA_THO,3/18/24,0,29.7,37.8,46,27.7,0.51,5.84
STA_THO,3/19/24,0.03,28.7,32.6,36.6,22.4,0.55,3.33
STA_THO,3/20/24,0.06,28.9,32.4,35.9,28,0.32,2.42
STA_THO,3/21/24,0.1,23,30.1,37.3,20,0.33,3.48
STA_THO,3/22/24,0,19.1,24.5,30,12.4,0.89,3.02
STA_THO,3/23/24,0.33,21.4,24.3,27.2,19.3,0.26,2.24
STA_THO,3/24/24,0.01,21.2,26.3,31.4,20,0.33,2.1
STA_THO,3/25/24,0,21.8,28.1,34.4,11.3,1.11,4.71
STA_THO,3/26/24,0,29.1,42.4,55.8,23.3,1.84,10.44
STA_THO,3/27/24,0,41.8,50.5,59.2,32.7,2.66,11.57
STA_THO,3/28/24,0,35,47.3,59.7,35.5,1.66,7.57
STA_THO,3/29/24,0,29.1,37.9,46.7,23.7,0.97,6.28
STA_THO,3/30/24,0,30.5,36.1,41.7,25.1,1.13,4.72
STA_THO,3/31/24,0,33,40.8,48.6,28,1.36,7.04
STA_THO,4/1/24,0,33.8,41.1,48.3,31,0.77,5.55
STA_THO,4/2/24,0,36.2,44.4,52.5,32.8,0.95,6.71
STA_THO,4/3/24,0.31,41,43.8,46.6,39.7,0.54,2.99
STA_THO,4/4/24,1.04,34.7,40.2,45.6,37.3,0.18,2.31
STA_THO,4/5/24,0.22,32.2,35.3,38.5,33.2,0.19,1.02
STA_THO,4/6/24,0.06,32.7,36.6,40.6,34.1,0.21,2.55
STA_THO,4/7/24,0,35.7,44.1,52.5,33.2,0.95,7.47
STA_THO,4/8/24,0,30.6,43.5,56.5,27.9,0.64,11.32
STA_THO,4/9/24,0,34.8,48.1,61.5,34.8,0.79,12.66
STA_THO,4/10/24,0.05,45.4,61.8,78.3,42.7,2.11,26.73
STA_THO,4/11/24,0.47,49.4,56.4,63.5,48.6,0.34,8.32
STA_THO,4/12/24,0.49,54.6,62.1,69.6,57.1,0.45,9.12
STA_THO,4/13/24,0.4,38.3,48.8,59.3,40.7,0.74,6.48
STA_THO,4/14/24,0.11,39.1,44.6,50.2,35.2,0.87,5.8
STA_THO,4/15/24,0.04,41.3,51.7,62.2,43.2,0.42,8.14
STA_THO,4/16/24,0,38.1,48.7,59.4,36.2,1.12,10.11
STA_THO,4/17/24,0,37.9,49.5,61.1,33.2,1.14,11.99
STA_THO,4/18/24,0.39,43.9,49.4,54.8,46.7,0.34,4.25
STA_THO,4/19/24,0,45.9,52.4,58.9,47.8,0.37,5.08
STA_THO,4/20/24,0.04,40,50.6,61.2,43.4,0.89,5.82
STA_THO,4/21/24,0,38.6,45.4,52.2,29.2,2.16,7.38
STA_THO,4/22/24,0,32.3,39.6,46.9,28.7,0.78,6.02
STA_THO,4/23/24,0,37.6,45.8,54.1,27.6,1.8,9.86
STA_THO,4/24/24,0.07,46.6,57.4,68.1,37.8,0.84,17.85
STA_THO,4/25/24,0.01,26,38.9,51.9,30.3,0.34,4.17
STA_THO,4/26/24,0,24.9,35.9,46.9,21.8,0.48,7
STA_THO,4/27/24,0,36.7,48.6,60.6,27.3,2.55,13.61
STA_THO,4/28/24,0.16,50.2,55.9,61.6,44.9,1.51,9.3
STA_THO,4/29/24,0.02,49.9,61.4,73,57.4,0,10.8
STA_THO,4/30/24,0,45.5,52.5,59.4,48.7,0.61,4.42
STA_THO,5/1/24,0.22,47.1,54.3,61.5,49.9,0.13,5.61
STA_THO,5/2/24,0,48.8,61.3,73.8,51.5,0,15.92
STA_THO,5/3/24,0,46.2,56.5,66.7,45.6,0.75,11.94
STA_THO,5/4/24,0,53.2,65.4,77.6,50.1,2.27,20.46
STA_THO,5/5/24,0.34,50.8,59.5,68.2,49.3,0.8,11.08
STA_THO,5/6/24,0.13,51.1,59.1,67.2,53.8,0.56,6.28
STA_THO,5/7/24,0,41.4,55.2,68.9,41.4,0.7,16.51
STA_THO,5/8/24,0.52,50,61.3,72.7,45.2,0.33,18.93
STA_THO,5/9/24,0.07,46.4,61.1,75.8,48.8,0.4,20.73
STA_THO,5/10/24,0,47.4,55,62.6,43.7,0.43,10.5
STA_THO,5/11/24,0.04,42.3,51.1,59.9,45.7,0.11,8.34
STA_THO,5/12/24,0.23,47.7,56.9,66.1,46.5,0.29,13.38
STA_THO,5/13/24,0.06,45.9,54.1,62.2,47.5,0.26,7.83
STA_THO,5/14/24,0.1,53.2,63.4,73.6,52.1,1.32,14.57
STA_THO,5/15/24,0.05,54,66.2,78.4,55.2,0.32,18.99
STA_THO,5/16/24,0.03,56,60.3,64.6,57.4,0.13,4.51
STA_THO,5/17/24,0,55.3,64,72.8,56.7,0.25,11.5
STA_THO,5/18/24,0.54,58.5,67.9,77.3,57.4,0.46,16.35
STA_THO,5/19/24,0,54.8,64.4,74,59.5,0.06,9.56
STA_THO,5/20/24,0,57.7,67.5,77.4,60.2,0.39,14.18
STA_THO,5/21/24,0,63,74.2,85.5,61.7,1.63,22.72
STA_THO,5/22/24,0,64.8,76.7,88.6,60.8,3.12,30.43
STA_THO,5/23/24,0.02,62.2,75.8,89.5,61.1,2.98,28.82
STA_THO,5/24/24,0,57.3,68.1,78.8,46.9,4.74,23.39
STA_THO,5/25/24,0,48.7,63.2,77.8,48.9,0.59,20.4
STA_THO,5/26/24,0.44,57.5,65.8,74.2,58.3,0.15,14.72
STA_THO,5/27/24,0,61.3,69.3,77.2,59.2,0.62,15.97
STA_THO,5/28/24,0.21,59.4,68.2,77,59.5,1.16,12.55
STA_THO,5/29/24,0.1,54.9,61.6,68.4,55.6,0.45,8.59
STA_THO,5/30/24,0,44.5,54.5,64.6,45.1,0.5,11.87
STA_THO,5/31/24,0,44.7,55.6,66.4,40.2,1.15,14.77
STA_THO,6/1/24,0,48.3,61.7,75.1,40.6,2.85,21.26
STA_THO,6/2/24,0,54.4,66.8,79.3,46.2,2.29,24.7
STA_THO,6/3/24,0.04,59.8,67.5,75.2,57.5,0.5,14.76
STA_THO,6/4/24,0,58.4,68.9,79.5,60.3,0.46,16.26
STA_THO,6/5/24,0,61.7,73.8,85.9,60.2,1.16,24.99
STA_THO,6/6/24,0.22,65,75,85.1,65.9,0.17,18.38
STA_THO,6/7/24,0.35,58.1,68.6,79,58.8,0.61,17.35
STA_THO,6/8/24,0.63,56.3,62.5,68.6,53.4,1.6,9.63
STA_THO,6/9/24,0.36,53.3,62.5,71.6,51.5,0.35,13.21
STA_THO,6/10/24,0.39,51,59.9,68.9,52.4,0.41,11.78
STA_THO,6/11/24,0,52.9,55.9,59,49.8,1.09,4.49
STA_THO,6/12/24,0.04,52.4,56.6,60.7,51.9,0.54,5.19
STA_THO,6/13/24,0,56,65.8,75.5,52.2,1.73,17.82
STA_THO,6/14/24,0,66.3,77.1,87.9,57.5,5.12,29.02
STA_THO,6/15/24,0,55.6,66.3,76.9,53.2,1.42,17.92
STA_THO,6/16/24,0,48.4,60.4,72.5,49.4,0.69,14.94
STA_THO,6/17/24,0,60.6,70.6,80.7,54,4.84,21.58
STA_THO,6/18/24,0,69.4,81.1,92.9,65.9,2.89,29.72
STA_THO,6/19/24,0,73,83.5,93.9,70.8,2.6,28.58
STA_THO,6/20/24,0.03,68.8,80.6,92.4,71.9,0.85,23.16
STA_THO,6/21/24,0,65.7,78.2,90.8,67.5,0.35,27.11
STA_THO,6/22/24,0,67.2,75.9,84.6,68.5,0.51,14.81
STA_THO,6/23/24,0,70.4,78.2,86.1,70,1.21,16.48
STA_THO,6/24/24,0.04,61.6,72.6,83.6,63,2.09,15.93
STA_THO,6/25/24,0,60.5,69.6,78.7,55.6,2.08,19.67
STA_THO,6/26/24,0,67.8,74.9,82.1,60.5,4.44,22.48
STA_THO,6/27/24,0.18,60.8,71.7,82.6,60.3,0.62,23.16
STA_THO,6/28/24,0,48.1,60.4,72.7,50,0.38,16.04
STA_THO,6/29/24,0.24,61.1,69.3,77.5,53.3,1.27,21.26
STA_THO,6/30/24,1.07,66,71.7,77.4,69,0.7,6.54
STA_THO,7/1/24,0.01,56.4,66.6,76.8,56.8,1.33,10.06
STA_THO,7/2/24,0,50.4,62.9,75.3,50.5,0.73,19.42
STA_THO,7/3/24,0,61.8,71.1,80.4,55.8,4.94,20.55
STA_THO,7/4/24,0.04,70.3,79.9,89.4,66.5,2.32,24.45
STA_THO,7/5/24,0,69.4,77.7,86,68.2,1.24,20.2
STA_THO,7/6/24,0.78,67.7,77.9,88.2,68.3,0.71,22.86
STA_THO,7/7/24,0.24,63.3,74.3,85.3,63.4,2.06,20.32
STA_THO,7/8/24,0,62.5,72.7,82.8,63.1,1.01,18.03
STA_THO,7/9/24,0,66.9,76.4,85.9,64.9,1.8,22.68
STA_THO,7/10/24,0.09,70.4,78.9,87.4,69.2,1.28,21.64
STA_THO,7/11/24,1.33,67.4,76.2,84.9,70.6,0.34,12.48
STA_THO,7/12/24,0,63.9,69.5,75.2,65.8,0.43,7.9
STA_THO,7/13/24,0.09,64.9,74.5,84.1,66.2,0.34,18.26
STA_THO,7/14/24,0,60.2,71.9,83.5,63.6,0.86,18.56
STA_THO,7/15/24,0.05,68.3,79,89.8,64.5,2.28,30.62
STA_THO,7/16/24,1.11,65.5,76.7,87.9,68.8,0.42,19.36
STA_THO,7/17/24,0.29,68.4,77.2,85.9,68.3,1.38,14.56
STA_THO,7/18/24,0,60.5,69.9,79.3,63.9,1.04,14.01
STA_THO,7/19/24,0,56,65.2,74.3,56.4,0.85,13.43
STA_THO,7/20/24,0,54.9,66.1,77.4,56.8,0.38,16.77
STA_THO,7/21/24,0,59.3,70.8,82.2,57.6,1.46,22.47
STA_THO,7/22/24,0,62.5,72.3,82,62.9,0.89,17.73
STA_THO,7/23/24,0.04,65.1,75.3,85.5,65.3,0.56,23.06
STA_THO,7/24/24,0,66.7,74.5,82.3,65.4,1.55,17.69
STA_THO,7/25/24,0.12,62.6,74.1,85.6,65.2,1.11,20.53
STA_THO,7/26/24,0,55.8,65.9,76.1,55.3,0.88,16.52
STA_THO,7/27/24,0,54.3,66.8,79.4,53.8,1.14,21.54
STA_THO,7/28/24,0,56.7,69.8,82.9,57.1,0.86,22.51
STA_THO,7/29/24,0,60.8,73.7,86.6,60.8,1.03,26.65
STA_THO,7/30/24,0,65.4,76.3,87.1,64.8,1.11,24.34
STA_THO,7/31/24,0.31,69.8,79.4,89,69.6,1.19,21.58
STA_THO,8/1/24,0.26,68,76.1,84.1,68.7,1.63,16.22
STA_THO,8/2/24,0,69.1,79.4,89.7,68.9,1.12,23.99
STA_THO,8/3/24,0.03,69.6,74.9,80.2,70.4,0.6,8.72
STA_THO,8/4/24,0,66.4,74.1,81.8,69.6,0.38,11.93
STA_THO,8/5/24,0,64.7,75.9,87.1,64.5,1.18,24.66
STA_THO,8/6/24,0.38,66.7,75.6,84.5,68.1,0.23,16.84
STA_THO,8/7/24,0.04,55.7,63,70.3,60.9,0.21,6.81
STA_THO,8/8/24,0.02,61.1,69.4,77.6,59.1,1.37,17.64
STA_THO,8/9/24,0.16,66.5,73.9,81.4,67.2,0.64,12.54
STA_THO,8/10/24,1,58.6,67.7,76.7,65.4,0.33,7.13
STA_THO,8/11/24,0,58.7,67.2,75.8,55,2.25,16.04
STA_THO,8/12/24,0.23,57.6,66.4,75.3,57,0.72,14
STA_THO,8/13/24,0.03,59.5,67,74.5,58.8,0.72,12.58
STA_THO,8/14/24,0,58,68.2,78.3,59.3,0.73,16.26
STA_THO,8/15/24,0,59.1,70.6,82,59.5,1.04,19.98
STA_THO,8/16/24,0,59.1,71.6,84.1,61,0.75,22.69
STA_THO,8/17/24,0,65,75.7,86.5,62.6,1.8,26.14
STA_THO,8/18/24,0.09,67.1,75.2,83.3,67,1.37,14.6
STA_THO,8/19/24,0.57,63.2,72.5,81.8,66.9,0.29,13.93
STA_THO,8/20/24,0.17,54.1,58.9,63.8,54.3,0.46,3.96
STA_THO,8/21/24,0,52.6,59.6,66.5,50.1,1.11,10.71
STA_THO,8/22/24,0,54,61.5,69.1,52.3,1.15,11.76
STA_THO,8/23/24,0,54.1,64.8,75.5,53.1,0.99,17.92
STA_THO,8/24/24,0,53.2,65.7,78.2,55.6,0.34,18.21
STA_THO,8/25/24,0.01,57.1,68.8,80.5,58.7,0.42,19.22
STA_THO,8/26/24,0,59,70.8,82.7,60.2,0.67,20.09
STA_THO,8/27/24,0,59.1,71.6,84,61.9,0.47,20.19
STA_THO,8/28/24,0.02,63.2,75.4,87.6,67.5,1.22,22.37
STA_THO,8/29/24,0,60.4,67.9,75.3,62.8,1.42,6.41
STA_THO,8/30/24,0,61.1,67.7,74.3,60.8,0.75,11.97
STA_THO,8/31/24,0.03,65,73.6,82.2,65.2,1.64,14.76
STA_THO,9/1/24,0.15,60.9,70.9,80.9,66,0.49,11.57
STA_THO,9/2/24,0.34,55.3,68.5,81.7,58.5,1.32,17.89
STA_THO,9/3/24,0,45,55.4,65.8,46.8,0.5,11.33
STA_THO,9/4/24,0,47.2,60.4,73.6,49.3,0.27,17.35
STA_THO,9/5/24,0,50.6,64.5,78.5,52.9,0.46,20.36
STA_THO,9/6/24,0,52.5,66.3,80,52.5,0.9,21.56
STA_THO,9/7/24,1.18,56,69.8,83.6,60.3,0.31,21.21
STA_THO,9/8/24,0.2,46.4,55.9,65.3,49.1,0.73,8.22
STA_THO,9/9/24,0.03,50,57.8,65.6,45.5,2.14,12.49
STA_THO,9/10/24,1.5,53,62,70.9,55.7,0.25,10.53
STA_THO,9/11/24,0,47.1,60.4,73.6,50.1,0.17,17.65
STA_THO,9/12/24,0,52.2,65.6,79,56.5,0.35,18.38
STA_THO,9/13/24,0,56.3,70.1,83.8,60.2,0.47,21.92
STA_THO,9/14/24,0,55.2,67.7,80.2,60.5,0.11,16.76
STA_THO,9/15/24,0,57,69.7,82.3,62.2,0.01,18.5
STA_THO,9/16/24,0,56.8,70.2,83.6,61.2,0.24,20.99
STA_THO,9/17/24,0,55.7,69,82.2,59.3,0.7,19.79
STA_THO,9/18/24,0,54.2,66.9,79.6,56.5,0.21,21.06
STA_THO,9/19/24,0,57,67.1,77.1,60,0.29,14.86
STA_THO,9/20/24,0,52.8,65.9,79,60,0,14.98
STA_THO,9/21/24,0,55,67.8,80.6,60.5,0,18.33
STA_THO,9/22/24,0,57.9,69.3,80.6,62.1,0.21,16.27
STA_THO,9/23/24,0.13,59.9,69.9,79.9,61.8,0.87,15.29
STA_THO,9/24/24,0.2,58.9,61.6,64.3,57.2,1.08,3.58
STA_THO,9/25/24,0.17,58.4,62.8,67.2,56.4,1.11,6.81
STA_THO,9/26/24,0.22,61.3,66.8,72.3,60.6,0.55,8.9
STA_THO,9/27/24,0.12,49.6,61.6,73.5,57.3,0.03,12.78
STA_THO,9/28/24,0,52,62.7,73.5,57.4,0,14.36
STA_THO,9/29/24,0.07,60.5,67.2,73.9,62.8,0.08,9.22
STA_THO,9/30/24,0,55.7,64.3,72.9,60.7,0.11,8.03
STA_THO,10/1/24,0,55.9,65,74.2,59.5,0.07,11.18
STA_THO,10/2/24,0.05,56.9,65.6,74.2,55.8,0.69,13.61
STA_THO,10/3/24,0.02,45,55.1,65.2,48.5,0.26,10.23
STA_THO,10/4/24,0,46.3,59.5,72.7,49.3,0.06,16.59
STA_THO,10/5/24,0.04,48.5,61.2,74,53.3,0.19,14.61
STA_THO,10/6/24,0,41.8,54.2,66.5,46.4,0.08,11.72
STA_THO,10/7/24,0.5,44.9,60.7,76.6,52.9,0.52,16.95
STA_THO,10/8/24,0.03,45.1,53.2,61.3,44.7,1,8.27
STA_THO,10/9/24,0.07,39.3,50.2,61.1,42.1,0.33,9.99
STA_THO,10/10/24,0.11,42,49.8,57.7,40.2,0.84,8.4
STA_THO,10/11/24,0,39.8,46.6,53.4,39.1,0.5,5.75
STA_THO,10/12/24,0,42.9,55.5,68.1,45.5,0.91,13.56
STA_THO,10/13/24,0.18,38.4,48.7,59.1,40.2,0.23,9.87
STA_THO,10/14/24,0.73,43.6,45.5,47.3,43.6,0.38,1.38
STA_THO,10/15/24,0.47,39.5,43.9,48.2,37.7,0.47,4.32
STA_THO,10/16/24,0.33,40,44.8,49.6,36.8,0.69,5.37
STA_THO,10/17/24,0.02,35.7,42.8,49.9,35.9,0.36,5.03
STA_THO,10/18/24,0,34.9,46.1,57.3,38.2,0.21,8.28
STA_THO,10/19/24,0,33.9,49.2,64.5,41.2,0,11.91
STA_THO,10/20/24,0,35.7,51.8,68,41.1,0,14.86
STA_THO,10/21/24,0,40.7,57.1,73.5,40.4,1.21,20.42
STA_THO,10/22/24,0,49.6,64.1,78.7,45.7,2.18,20.61
STA_THO,10/23/24,0,50.9,66,81.2,47.5,1.84,26.89
STA_THO,10/24/24,0.01,44.7,60.6,76.6,46.4,1.69,20.12
STA_THO,10/25/24,0,31.8,41.8,51.7,34.5,0.18,6.33
STA_THO,10/26/24,0,32.9,45.3,57.6,41.4,0.23,8.53
STA_THO,10/27/24,0,31.1,42.9,54.7,33.7,0.41,8.58
STA_THO,10/28/24,0,33.7,42.8,51.8,33.3,0.59,7.17
STA_THO,10/29/24,0,38,47.2,56.4,36.4,0.87,8.27
STA_THO,10/30/24,0.11,43.9,52.1,60.2,46.8,1.13,7.15
STA_THO,10/31/24,0,55.6,66.8,77.9,53,2.65,17.55
STA_THO,11/1/24,0.05,55.1,66,76.8,55.9,1.86,15.89
STA_THO,11/2/24,0.04,36.7,47.4,58.1,38.7,0.44,6.65
STA_THO,11/3/24,0.02,29.7,37.2,44.6,32,0.25,3.73
STA_THO,11/4/24,0,30.2,41.1,51.9,31.2,0.38,7.23
STA_THO,11/5/24,0,45,52.7,60.4,37.7,4.28,9.35
STA_THO,11/6/24,0,56.9,68.7,80.5,53.9,4.44,20.99
STA_THO,11/7/24,0.01,51.6,60.3,68.9,55.6,0.85,7.59
STA_THO,11/8/24,0,41,47.5,53.9,40.8,0.77,6
STA_THO,11/9/24,0,33.2,44.2,55.3,33,1.53,6.75
STA_THO,11/10/24,0,30.9,39.2,47.5,28,0.87,6.09
STA_THO,11/11/24,0.33,38.4,48.1,57.7,41.5,0.65,10.34
STA_THO,11/12/24,0.13,36.6,46,55.5,41.5,0.64,5.36
STA_THO,11/13/24,0,29.3,35.9,42.6,27.9,0.81,3.91
STA_THO,11/14/24,0,29.3,37,44.7,24.1,0.86,5.64
STA_THO,11/15/24,0,36,41.4,46.7,27.4,1.59,6.5
STA_THO,11/16/24,0,38.6,43.1,47.5,37.6,0.98,3.58
STA_THO,11/17/24,0,32.6,41.8,51,34.3,0.26,6.7
STA_THO,11/18/24,0.05,33.2,42.3,51.3,39.6,0.25,4.64
STA_THO,11/19/24,0,31.3,43.8,56.3,38,0.1,7.44
STA_THO,11/20/24,0,33.1,41.7,50.3,39.7,0.09,4.54
STA_THO,11/21/24,0.26,36.3,47,57.7,44.3,0.27,4.01
STA_THO,11/22/24,0.88,35.1,40.4,45.7,36.1,0.18,3.71
STA_THO,11/23/24,0.73,32.7,38.1,43.6,36.6,0.1,1.51
STA_THO,11/24/24,0.06,37.6,41.7,45.8,37.2,0.32,2.96
STA_THO,11/25/24,0,30.3,37.1,43.9,32.2,0.29,4.09
STA_THO,11/26/24,0.25,30.2,39.3,48.4,36.8,0.23,4.37
STA_THO,11/27/24,0,33.8,41.2,48.6,32,0.82,4.24
STA_THO,11/28/24,0.14,33,39,45,29.6,0.31,5.16
STA_THO,11/29/24,0.06,32.5,35.5,38.5,30.5,0.24,2.62
STA_THO,11/30/24,0,26,32.3,38.5,21.5,0.89,4.23
STA_THO,12/1/24,0,24.4,28.5,32.5,17.8,1.13,2.56
STA_THO,12/2/24,0.02,25.4,29.6,33.9,20.9,0.58,3.09
STA_THO,12/3/24,0.12,27.4,31.1,34.8,26,0.35,2.61
STA_THO,12/4/24,0.01,24.6,29.1,33.7,20.3,0.45,3.44
STA_THO,12/5/24,0.13,27.5,31.5,35.4,23.7,0.32,3.09
STA_THO,12/6/24,0.11,22.5,28.5,34.4,21.5,0.32,2.37
STA_THO,12/7/24,0,21.8,26.2,30.6,17,0.83,2.91
STA_THO,12/8/24,0.04,28.5,35.7,43,24.4,0.59,4.32
STA_THO,12/9/24,0,34.5,39.2,44,32.5,0.73,3.63
STA_THO,12/10/24,0.48,35.7,41.6,47.5,40.3,0.17,1.99
STA_THO,12/11/24,0.16,42.4,47.6,52.8,44.8,0.22,3.42
STA_THO,12/12/24,0.27,25.7,34.5,43.3,31.7,0,2.48
STA_THO,12/13/24,0.03,16.5,21.4,26.3,10.6,0.63,2.13
STA_THO,12/14/24,0,9.9,18.1,26.3,8.1,0.28,2.96
STA_THO,12/15/24,0,9.4,20.6,31.8,14,0.25,3.15
STA_THO,12/16/24,0.08,25.5,31.6,37.7,27.5,0.63,2.6
STA_THO,12/17/24,0.11,36.6,43.7,50.7,38.5,0.76,3.71
STA_THO,12/18/24,0,36.6,41.4,46.1,34,0.78,3.66
STA_THO,12/19/24,0.25,31.5,35.6,39.7,31.4,0.22,2.28
STA_THO,12/20/24,0,28.3,30.7,33.1,22.6,0.73,2.66
STA_THO,12/21/24,0.32,20.4,25.3,30.2,23.4,0.31,1.05
STA_THO,12/22/24,0.08,5.6,13,20.4,8.6,0.34,1.21
STA_THO,12/23/24,0.01,-1.8,7.3,16.4,1.6,0.18,1.35
STA_THO,12/24/24,0.2,5.3,19.2,33,17.2,0.17,2.95
STA_THO,12/25/24,0,25,30.3,35.6,27.2,0.21,1.62
STA_THO,12/26/24,0,25.6,27.4,29.2,20.9,0.56,1.66
STA_THO,12/27/24,0,18.9,24.3,29.8,20.2,0.29,1.63
STA_THO,12/28/24,0.02,22.2,30.9,39.7,28.1,0.44,2.65
STA_THO,12/29/24,0,36.4,46.2,56,40.6,0.18,5.3
STA_THO,12/30/24,0.03,38.5,50.4,62.2,46,0.24,6.61
STA_THO,12/31/24,0.01,33.2,40.2,47.2,33.1,0.58,4.76
,,,,,,,,
STA_WAT,1/1/24,0.03,27.3,30.7,34.1,28.3,0.2,1.48
STA_WAT,1/2/24,0,26.3,29.6,32.9,23,0.63,1.93
STA_WAT,1/3/24,0.01,28.4,32.3,36.1,26.2,0.55,2.29
STA_WAT,1/4/24,0,29.1,32.5,35.8,28.7,0.32,1.96
STA_WAT,1/5/24,0,20.4,24.8,29.2,16.8,0.61,1.94
STA_WAT,1/6/24,0,24.9,27.1,29.3,19.7,1.13,1.99
STA_WAT,1/7/24,0.4,26,29,31.9,24.6,0.29,2.08
STA_WAT,1/8/24,0.02,26.3,28.5,30.7,26.6,0.19,0.81
STA_WAT,1/9/24,0,30.3,34.1,37.9,27.2,0.57,2.76
STA_WAT,1/10/24,0.05,35.3,42.7,50.1,35,1.19,3.68
STA_WAT,1/11/24,0,31.4,35.8,40.2,27.6,0.52,3.06
STA_WAT,1/12/24,0.09,30.5,33.8,37.1,30.5,0.2,1.9
STA_WAT,1/13/24,0.26,30.5,36.3,42,31.5,0.24,3.79
STA_WAT,1/14/24,0.1,24.3,31.9,39.4,22.2,0.35,2.49
STA_WAT,1/15/24,0,5.6,15.3,25.1,7.3,0.29,1.82
STA_WAT,1/16/24,0,12,17,22.1,5.3,0.82,2.24
STA_WAT,1/17/24,0.01,4.2,12.2,20.1,6.8,0.29,1.38
STA_WAT,1/18/24,0,5,12.5,19.9,4.4,0.39,2.07
STA_WAT,1/19/24,0.05,19.3,22.4,25.4,18,0.39,1.34
STA_WAT,1/20/24,0.1,8.5,15.4,22.3,11.2,0.24,0.79
STA_WAT,1/21/24,0.01,8.6,12,15.4,8.1,0.35,0.73
STA_WAT,1/22/24,0,11.4,18,24.6,12.1,0.42,1.79
STA_WAT,1/23/24,0.03,16.3,25.8,35.3,19.3,0.57,4.15
STA_WAT,1/24/24,0.22,30.4,33.5,36.6,31.9,0.12,1.04
STA_WAT,1/25/24,0.31,34.4,38.9,43.4,37.8,0.06,1.12
STA_WAT,1/26/24,1.05,34.3,36.8,39.3,36.5,0.08,0.51
STA_WAT,1/27/24,0.1,34.2,38.5,42.9,36.3,0.14,0.67
STA_WAT,1/28/24,0.08,36.2,39.5,42.7,36.6,0.35,1.94
STA_WAT,1/29/24,0.49,30.4,34.2,38,31.8,0.12,0.83
STA_WAT,1/30/24,0.02,24.2,28.2,32.2,26.9,0,1.11
STA_WAT,1/31/24,0,25.6,30.3,35,28.4,0.21,1.53
STA_WAT,2/1/24,0,30,35.5,41.1,31.3,0.51,2.76
STA_WAT,2/2/24,0.06,34.1,36.1,38,34.6,0.02,1.28
STA_WAT,2/3/24,0,28.3,31.8,35.3,28.5,0.4,1.39
STA_WAT,2/4/24,0,20.5,28.8,37,23.3,0,2.97
STA_WAT,2/5/24,0,24.5,32.4,40.3,26,0.39,3.69
STA_WAT,2/6/24,0,17.6,26.6,35.6,22.2,0.2,2.74
STA_WAT,2/7/24,0,18.5,27.9,37.3,21.3,0.14,3.43
STA_WAT,2/8/24,0,24.8,33.7,42.6,25.8,0.57,4.6
STA_WAT,2/9/24,0,28.9,40.3,51.7,27.2,0.92,7.96
STA_WAT,2/10/24,0,41.1,51.1,61.1,39.9,1.58,9.44
STA_WAT,2/11/24,0.01,34.3,44.8,55.4,35.7,1.06,5.36
STA_WAT,2/12/24,0,30.9,33.6,36.2,26.7,1.13,2.43
STA_WAT,2/13/24,0,25.7,31,36.3,24.9,0.2,2.94
STA_WAT,2/14/24,0.01,19.3,27.8,36.3,20.9,0.53,3.03
STA_WAT,2/15/24,0,16.4,23.3,30.1,13.8,0.41,2.95
STA_WAT,2/16/24,0,19.5,27.5,35.4,21.8,0.45,2.93
STA_WAT,2/17/24,0.07,20.2,27.3,34.4,18.6,0.29,3.76
STA_WAT,2/18/24,0,17.3,20.9,24.5,12.8,0.44,1.96
STA_WAT,2/19/24,0,14.5,22.4,30.4,16.6,0.62,2.14
STA_WAT,2/20/24,0,13.7,20.5,27.4,9.5,0.72,2.58
STA_WAT,2/21/24,0,17.3,29.8,42.3,17,0.88,6.05
STA_WAT,2/22/24,0,25.7,39.3,52.9,25.8,1.03,9.14
STA_WAT,2/23/24,0.12,34.3,39.4,44.5,36.3,0.2,3.36
STA_WAT,2/24/24,0,14.5,33.8,53.2,26.4,0.43,7.08
STA_WAT,2/25/24,0,13.9,18.6,23.2,7.8,0.75,2.22
STA_WAT,2/26/24,0,19.4,32.9,46.5,16.4,1.11,8.43
STA_WAT,2/27/24,0,30.4,41.6,52.8,30.5,0.87,7.46
STA_WAT,2/28/24,0.06,39.9,54.1,68.3,42.5,0.71,15.3
STA_WAT,2/29/24,0.1,19.2,41.6,64,29.2,0.57,6.79
STA_WAT,3/1/24,0,19.3,23.3,27.4,12.2,0.54,2.66
STA_WAT,3/2/24,0,25.1,38.5,52,22.7,1.06,9.45
STA_WAT,3/3/24,0.19,41.1,44.6,48.2,42.3,0.16,1.73
STA_WAT,3/4/24,0,32.7,42.1,51.5,41,0.04,3.39
STA_WAT,3/5/24,0,38.6,54.8,71.1,45.3,0.23,15.18
STA_WAT,3/6/24,0.07,47.4,60,72.7,48.4,0.25,16.03
STA_WAT,3/7/24,0.27,36.6,42.2,47.8,39.9,0.16,1.34
STA_WAT,3/8/24,0,26,36.7,47.3,28.9,0.25,5.26
STA_WAT,3/9/24,0.08,27.9,45.4,63,33.7,0.34,14.18
STA_WAT,3/10/24,0.12,36,41.2,46.5,37.9,0.27,3.18
STA_WAT,3/11/24,0.07,27,32.2,37.4,25,0.35,2.41
STA_WAT,3/12/24,0,30.1,38.3,46.5,24.5,1.56,5.8
STA_WAT,3/13/24,0,37,48.6,60.2,34.8,1.24,11.38
STA_WAT,3/14/24,0,32.5,50.8,69.1,37.9,0.31,15.32
STA_WAT,3/15/24,0.3,33.8,49.2,64.7,38.8,0.15,16.02
STA_WAT,3/16/24,0.04,36,41.6,47.1,37.2,0.27,3.12
STA_WAT,3/17/24,0.25,35.8,44.7,53.6,32.7,0.6,8.51
STA_WAT,3/18/24,0.08,28.1,36.7,45.3,26.4,0.45,5.7
STA_WAT,3/19/24,0.05,26.7,30.9,35.1,22,0.41,3.07
STA_WAT,3/20/24,0.05,27.6,31.7,35.7,27.3,0.23,2.41
STA_WAT,3/21/24,0.06,21.3,29.4,37.5,18.9,0.34,3.14
STA_WAT,3/22/24,0,16.3,23.1,29.9,12.3,0.56,3.02
STA_WAT,3/23/24,0.36,16.6,22,27.4,19.6,0.19,1.91
STA_WAT,3/24/24,0,13.3,21.8,30.3,17.8,0.25,2.2
STA_WAT,3/25/24,0,16.6,24.9,33.2,10.8,0.62,4.27
STA_WAT,3/26/24,0,28.1,43.5,58.9,23,1.75,12.31
STA_WAT,3/27/24,0,42.3,50.6,59,30,2.75,12.15
STA_WAT,3/28/24,0,34.3,45.9,57.4,34.5,1.63,6.14
STA_WAT,3/29/24,0,25.2,36.3,47.3,22.1,0.56,6.83
STA_WAT,3/30/24,0,27.4,33.8,40.2,24.8,0.69,4.18
STA_WAT,3/31/24,0,31.2,40.9,50.6,28.4,1.17,8.21
STA_WAT,4/1/24,0,33.2,42.1,50.9,31.4,0.64,6.63
STA_WAT,4/2/24,0,35.7,44.8,53.9,32.6,0.74,7.35
STA_WAT,4/3/24,0.48,39.8,43,46.2,40,0.44,2.43
STA_WAT,4/4/24,0.98,33.7,40.8,47.9,37.6,0.13,2.93
STA_WAT,4/5/24,0.11,31.4,35.6,39.8,32.7,0.18,1.34
STA_WAT,4/6/24,0.08,31.9,36,40.1,33.4,0.23,2.62
STA_WAT,4/7/24,0,31.8,42.4,53.1,32.1,0.44,8.16
STA_WAT,4/8/24,0,31.4,43.6,55.9,25.8,0.96,11.48
STA_WAT,4/9/24,0,34.9,47.5,60.1,34.2,0.84,11.67
STA_WAT,4/10/24,0,43.3,61.1,78.9,42.3,1.39,28.15
STA_WAT,4/11/24,0.56,49,57.7,66.3,48.4,0.24,11.33
STA_WAT,4/12/24,0.65,50.5,59.3,68.1,56.7,0.24,8.06
STA_WAT,4/13/24,0.27,38.1,46.5,54.8,39.3,0.96,5.26
STA_WAT,4/14/24,0.1,38,44.2,50.3,34.7,0.86,5.79
STA_WAT,4/15/24,0.1,39.8,51.7,63.6,43.6,0.27,8.94
STA_WAT,4/16/24,0,34.9,47.7,60.5,35.9,0.71,11.01
STA_WAT,4/17/24,0,35.6,49.9,64.2,33,0.61,13.84
STA_WAT,4/18/24,0.34,43.3,49.8,56.4,47.7,0.19,4.36
STA_WAT,4/19/24,0.01,41.9,50.2,58.5,45.8,0.17,5.41
STA_WAT,4/20/24,0,40,50.9,61.8,43.1,0.78,6.2
STA_WAT,4/21/24,0,37.5,44.2,50.9,28.1,2.03,7.13
STA_WAT,4/22/24,0,29.5,38,46.5,27.5,0.51,6.21
STA_WAT,4/23/24,0,33.3,44.7,56.1,25.5,0.85,11.92
STA_WAT,4/24/24,0.05,41.4,54.1,66.9,37.9,0.05,16.8
STA_WAT,4/25/24,0.06,24.5,37.6,50.6,31.1,0.24,3.78
STA_WAT,4/26/24,0,23.1,36.3,49.5,21.3,0.43,8.04
STA_WAT,4/27/24,0,30.8,46.4,61.9,27.5,1.36,14.58
STA_WAT,4/28/24,0.05,51.2,56.4,61.6,47,1.64,8.32
STA_WAT,4/29/24,0.06,54.7,62.7,70.7,57.8,0.5,8.79
STA_WAT,4/30/24,0,46.8,56.8,66.9,50.5,0.46,8.57
STA_WAT,5/1/24,0.15,44.1,53.8,63.6,50.5,0.02,6.58
STA_WAT,5/2/24,0,48,62.7,77.4,50.2,0,21.33
STA_WAT,5/3/24,0,44.6,57.2,69.7,45.3,0.14,14.78
STA_WAT,5/4/24,0,49.3,64,78.7,50.4,0.78,22.08
STA_WAT,5/5/24,0.3,51.1,59.9,68.7,50.9,0.67,10.47
STA_WAT,5/6/24,0.04,52.5,59.1,65.6,54.9,0.62,5.26
STA_WAT,5/7/24,0,40,55.5,71.1,41,0.46,18.7
STA_WAT,5/8/24,0.09,45.9,60.7,75.5,45.8,0.25,23.07
STA_WAT,5/9/24,0.01,45.3,60.2,75.2,48.5,0.34,19.6
STA_WAT,5/10/24,0.03,47.2,54.8,62.5,42.5,0.62,10.71
STA_WAT,5/11/24,0.01,38.6,48.5,58.5,43.4,0,8.36
STA_WAT,5/12/24,0.03,46.6,55.8,64.9,46.3,0.09,12.41
STA_WAT,5/13/24,0,45.6,53.5,61.3,47.1,0.12,7.45
STA_WAT,5/14/24,0.08,51,61.4,71.8,51.9,0.37,12.62
STA_WAT,5/15/24,0.31,53.3,66.3,79.4,55.7,0,19.61
STA_WAT,5/16/24,0.01,55.7,61.2,66.7,57.5,0,5.68
STA_WAT,5/17/24,0,53.5,62.3,71,56.9,0,9.18
STA_WAT,5/18/24,1.22,55.6,65.6,75.6,58.5,0,13.58
STA_WAT,5/19/24,0,54.6,65.2,75.7,59.7,0.01,12.52
STA_WAT,5/20/24,0,56.5,67.7,78.9,59.9,0.12,17.01
STA_WAT,5/21/24,0,60.8,73.1,85.4,61.6,0.05,22.76
STA_WAT,5/22/24,0,61.4,74.4,87.5,60.3,0.72,27.85
STA_WAT,5/23/24,0,60.5,73.7,86.9,61.1,2.35,24.78
STA_WAT,5/24/24,0,52.5,65.5,78.5,46.4,2.07,23.54
STA_WAT,5/25/24,0,49.1,64.3,79.6,49.1,0.65,22.95
STA_WAT,5/26/24,0.29,53.1,63.3,73.4,58.4,0,13.31
STA_WAT,5/27/24,0,60.6,69.1,77.7,59,0.31,16.83
STA_WAT,5/28/24,0.05,59.2,67.4,75.6,59.1,1.18,11.71
STA_WAT,5/29/24,0.16,51.9,59.1,66.3,55.8,0,6.69
STA_WAT,5/30/24,0,42.6,54.8,67,45.4,0.12,14.84
STA_WAT,5/31/24,0,43.5,54.6,65.7,39.5,0.71,14.75
STA_WAT,6/1/24,0,43.2,58.4,73.6,39.7,1.38,20.31
STA_WAT,6/2/24,0,55.2,67.5,79.7,45.3,2.99,26.6
STA_WAT,6/3/24,0.06,57.9,66.4,74.9,58.1,0,14.67
STA_WAT,6/4/24,0,57.6,68.4,79.3,60.8,0.32,15.51
STA_WAT,6/5/24,0,60.2,73,85.9,59.9,0.5,25.31
STA_WAT,6/6/24,0.17,63.6,73.2,82.8,65.8,0.29,15.89
STA_WAT,6/7/24,0.13,57.3,67.7,78.2,58.2,0.39,17.32
STA_WAT,6/8/24,0.39,55.4,60.9,66.4,52.9,1.59,8.18
STA_WAT,6/9/24,0.72,52.3,61.8,71.3,51.1,0.21,13.35
STA_WAT,6/10/24,0.44,49.6,58.3,67.1,52,0.32,10.07
STA_WAT,6/11/24,0,52,55.6,59.2,49.3,1.16,4.9
STA_WAT,6/12/24,0,49.9,55.1,60.3,51.2,0.31,5.14
STA_WAT,6/13/24,0,53.6,64.2,74.8,51.1,1.08,17.83
STA_WAT,6/14/24,0,61.7,74.2,86.7,57.4,3.14,27.17
STA_WAT,6/15/24,0,54.3,66.4,78.5,52.2,1.45,19.96
STA_WAT,6/16/24,0,51.5,61.6,71.6,48.7,1.93,15.01
STA_WAT,6/17/24,0,56.3,69.8,83.2,55,2.48,24.48
STA_WAT,6/18/24,0.04,67.2,78.9,90.6,65.9,4.2,26.27
STA_WAT,6/19/24,0.45,71,81.9,92.8,70.5,1.34,26.6
STA_WAT,6/20/24,0.09,69.6,80.2,90.8,71.7,1.48,20.6
STA_WAT,6/21/24,0,66.1,78.2,90.3,67.6,0.65,25.92
STA_WAT,6/22/24,0.04,69.1,77.8,86.5,69.1,1.15,17.58
STA_WAT,6/23/24,0,71.5,80.3,89.2,69.8,2.22,22.89
STA_WAT,6/24/24,0,60.3,70.5,80.8,62.4,1.8,12.91
STA_WAT,6/25/24,0,57.6,69,80.3,55.3,1.37,22.32
STA_WAT,6/26/24,0,62.3,71.9,81.4,61.1,0.12,21.1
STA_WAT,6/27/24,0.23,59.1,70.3,81.6,59.8,0.46,22.09
STA_WAT,6/28/24,0,46.9,58.7,70.4,49.3,0.02,14.14
STA_WAT,6/29/24,0.16,53.5,64.9,76.4,54.8,0.03,18.52
STA_WAT,6/30/24,0.79,66.9,73.1,79.2,69.1,0.7,8.95
STA_WAT,7/1/24,0.02,55.1,66.8,78.5,55.7,1.41,12.41
STA_WAT,7/2/24,0,49.1,61.2,73.4,48.8,0.66,17.57
STA_WAT,7/3/24,0,55.5,68,80.5,55.4,2.71,20.22
STA_WAT,7/4/24,0,69.8,78.8,87.8,67.2,1.76,21.34
STA_WAT,7/5/24,0.07,68.4,76.8,85.2,67,1.28,19.72
STA_WAT,7/6/24,0.46,67.2,76.9,86.7,67.9,0.51,20.79
STA_WAT,7/7/24,0,61.6,72.9,84.1,62.9,1.39,19.75
STA_WAT,7/8/24,0,60.8,72.4,84,62.3,0.61,19.87
STA_WAT,7/9/24,0,63.7,75.6,87.5,63.9,0.56,26.12
STA_WAT,7/10/24,0.06,67.3,77.3,87.2,68,0.42,22.28
STA_WAT,7/11/24,1.04,66.2,75.1,83.9,69.6,0.22,11.49
STA_WAT,7/12/24,0.02,63.1,68.4,73.7,65,0.46,6.66
STA_WAT,7/13/24,0.03,63.3,74.4,85.4,65.4,0.31,21.01
STA_WAT,7/14/24,0,58.6,71.8,85,61.8,0.84,23.32
STA_WAT,7/15/24,0.05,64.2,76.6,89,64.9,0.41,29.25
STA_WAT,7/16/24,2.08,64.3,76,87.8,67.8,0.37,19.66
STA_WAT,7/17/24,0.21,66.4,75.5,84.5,67.6,1.3,14.11
STA_WAT,7/18/24,0.02,59,69.1,79.3,63,0.86,15.4
STA_WAT,7/19/24,0,53.6,63.8,73.9,55.1,0.5,13.73
STA_WAT,7/20/24,0,52.7,65,77.3,54.9,0.35,17.79
STA_WAT,7/21/24,0,55.7,68.5,81.3,56.3,0.76,21.65
STA_WAT,7/22/24,0,60.5,71.5,82.5,61.8,0.47,19.33
STA_WAT,7/23/24,0.06,61.8,73.7,85.5,64.2,0,23.97
STA_WAT,7/24/24,0.47,64.8,73.2,81.6,64.6,0.9,17.46
STA_WAT,7/25/24,0.07,61.3,71.9,82.5,64.5,0.92,15.65
STA_WAT,7/26/24,0,53.6,64.5,75.5,54,0.62,16.62
STA_WAT,7/27/24,0,52.5,65.5,78.5,52.7,1,20.85
STA_WAT,7/28/24,0,54.7,68.2,81.6,55.9,0.42,21.58
STA_WAT,7/29/24,0,60.4,73.6,86.7,60,1.21,26.66
STA_WAT,7/30/24,0,64.3,75.5,86.6,64.2,0.8,23.91
STA_WAT,7/31/24,0.08,66.3,76.6,86.9,69.2,0,19.02
STA_WAT,8/1/24,0,65.6,75.2,84.9,67.6,1,18.77
STA_WAT,8/2/24,0.05,67.2,77.9,88.7,68.7,0.57,22.12
STA_WAT,8/3/24,0.05,68.4,72.9,77.3,69.7,0.52,6.27
STA_WAT,8/4/24,0,64.1,71.2,78.3,68.4,0.32,8.71
STA_WAT,8/5/24,0,62.8,74.4,85.9,63.9,0.84,23.77
STA_WAT,8/6/24,0.67,64.5,73.5,82.5,67.7,0,13.43
STA_WAT,8/7/24,0.08,56,62.5,68.9,60.4,0.3,6.01
STA_WAT,8/8/24,0,60.8,68.7,76.7,58.6,1.3,16.5
STA_WAT,8/9/24,0.15,68,74.8,81.7,67.6,0.91,12.65
STA_WAT,8/10/24,0.59,57.5,67.6,77.7,64.4,0.33,9.54
STA_WAT,8/11/24,0,57.7,65.9,74.2,54.3,2.04,14.85
STA_WAT,8/12/24,0.41,56.9,65.6,74.4,56.2,0.73,13.77
STA_WAT,8/13/24,0,56.1,65,73.8,57.6,0.34,12.79
STA_WAT,8/14/24,0,55.8,66.9,78,58.4,0.4,16.23
STA_WAT,8/15/24,0,55.9,69.3,82.6,58.1,0.44,21.43
STA_WAT,8/16/24,0,56.7,69.9,83.1,59.7,0.26,22.38
STA_WAT,8/17/24,0,60.5,72.8,85,62.9,0.5,23.98
STA_WAT,8/18/24,0.96,65.3,74.2,83.1,66.4,0.81,14.76
STA_WAT,8/19/24,1.34,61.2,69.9,78.5,66,0.23,10.24
STA_WAT,8/20/24,0.12,52.2,57.2,62.2,54.1,0.46,3.6
STA_WAT,8/21/24,0.04,49,56.8,64.6,49,0.38,9.36
STA_WAT,8/22/24,0,50.1,59.1,68,50.8,0.54,11.49
STA_WAT,8/23/24,0,52.5,63.3,74,52.1,0.74,16.69
STA_WAT,8/24/24,0,51.8,64.6,77.3,53.6,0.59,18.38
STA_WAT,8/25/24,0.02,55.5,68.1,80.7,56.8,0.7,20.32
STA_WAT,8/26/24,0,57.2,69.2,81.2,59,0.57,19.15
STA_WAT,8/27/24,0,58.8,71.3,83.8,61.1,0.64,20.51
STA_WAT,8/28/24,0,60.4,74,87.7,67.5,0.83,21.44
STA_WAT,8/29/24,0,58.9,69.6,80.3,63.3,0.27,11.51
STA_WAT,8/30/24,0,60.5,65.8,71.1,60.3,0.74,7.93
STA_WAT,8/31/24,0.01,62.3,73.6,85,65.5,1.3,19.12
STA_WAT,9/1/24,0,59.1,70.1,81,65.2,0.41,11.85
STA_WAT,9/2/24,0.19,51.6,66.4,81.2,57.5,0.52,17.98
STA_WAT,9/3/24,0,43.6,54.4,65.1,45.5,0.45,11.24
STA_WAT,9/4/24,0,45.2,58.8,72.4,48.1,0.02,16.46
STA_WAT,9/5/24,0,47.9,62.9,77.9,51.6,0.12,20.25
STA_WAT,9/6/24,0,51.4,65.8,80.1,51.9,0.62,21.88
STA_WAT,9/7/24,1.86,53.4,68.3,83.1,59.8,0,20.67
STA_WAT,9/8/24,0.19,44.9,54.7,64.5,48.3,0.62,7.95
STA_WAT,9/9/24,0.01,49.2,56.9,64.7,44.8,2.07,12.04
STA_WAT,9/10/24,0.2,54.5,62.1,69.8,55.4,0.46,9.61
STA_WAT,9/11/24,0,47.9,60.4,72.9,50.2,0.26,16.58
STA_WAT,9/12/24,0,49.4,64,78.5,56,0,18.67
STA_WAT,9/13/24,0,54.9,68.9,83,59.4,0.29,21.55
STA_WAT,9/14/24,0,54.1,67,80,59.5,0.07,16.79
STA_WAT,9/15/24,0,56.5,69.3,82.2,60.8,0.22,19.27
STA_WAT,9/16/24,0,55.9,69.4,83,59.6,0.6,21.44
STA_WAT,9/17/24,0,54.2,68.2,82.1,57.4,0.86,20.04
STA_WAT,9/18/24,0,54.1,67,79.8,55.9,0.32,21.05
STA_WAT,9/19/24,0,55.4,65.5,75.5,59.4,0.09,13.08
STA_WAT,9/20/24,0,52.3,65.5,78.7,58.3,0.16,15.75
STA_WAT,9/21/24,0,54.1,67.8,81.4,59.5,0,20.12
STA_WAT,9/22/24,0.02,56.3,67.9,79.5,61.3,0.24,15.19
STA_WAT,9/23/24,0.08,57.6,69.4,81.1,62.3,0.38,17.21
STA_WAT,9/24/24,0.24,59,63.1,67.1,58.5,0.9,4.8
STA_WAT,9/25/24,0.05,58.9,62.5,66.1,57,1.14,5.69
STA_WAT,9/26/24,0.29,61.3,65.9,70.4,60.9,0.43,7.27
STA_WAT,9/27/24,0.01,49.6,60.9,72.2,57,0,10.88
STA_WAT,9/28/24,0,50.9,62.3,73.8,56.6,0,15.16
STA_WAT,9/29/24,0.34,61.7,65.3,68.9,62.9,0.46,4.7
STA_WAT,9/30/24,0,54.9,63,71.1,60.7,0.02,6.42
STA_WAT,10/1/24,0,54.1,63.7,73.3,58.6,0,10.79
STA_WAT,10/2/24,0.05,53.5,63.9,74.2,56.3,0.31,12.95
STA_WAT,10/3/24,0.02,44.6,55.1,65.6,46.9,0.37,11.39
STA_WAT,10/4/24,0,46.8,59.3,71.7,47.7,0.58,15.9
STA_WAT,10/5/24,0.04,47,60.6,74.2,51.6,0.28,15.8
STA_WAT,10/6/24,0,41.3,53.8,66.3,44.4,0.29,12.8
STA_WAT,10/7/24,0.39,44,61.3,78.6,52.8,0.33,18.5
STA_WAT,10/8/24,0.01,43.7,52.3,61,43,1.03,8.66
STA_WAT,10/9/24,0.09,38.1,49.9,61.8,41.1,0.28,10.84
STA_WAT,10/10/24,0.11,37.1,48.3,59.4,39,0.34,10.1
STA_WAT,10/11/24,0,36.9,45.8,54.7,37.8,0.31,6.65
STA_WAT,10/12/24,0,41.9,54.6,67.3,44.8,0.95,13.09
STA_WAT,10/13/24,0.21,40.4,50.5,60.5,38.8,0.52,11.43
STA_WAT,10/14/24,0.8,40.6,44,47.3,43.3,0.22,1.29
STA_WAT,10/15/24,0.35,37.7,42.9,48.1,36.5,0.4,4.74
STA_WAT,10/16/24,0.06,38.1,44.3,50.5,35.8,0.5,6.08
STA_WAT,10/17/24,0.01,32.5,41.1,49.8,34.4,0.26,5.38
STA_WAT,10/18/24,0,33.7,45.4,57.2,36.6,0.28,8.59
STA_WAT,10/19/24,0,34.5,50.2,65.9,39.2,0.19,13.85
STA_WAT,10/20/24,0,37.6,53.2,68.8,38.7,0.74,16.03
STA_WAT,10/21/24,0,40.6,56.9,73.1,39.4,1.63,20.47
STA_WAT,10/22/24,0,51.3,65.1,78.8,45.1,3.4,20.95
STA_WAT,10/23/24,0,49.2,65,80.7,45.6,1.68,27.15
STA_WAT,10/24/24,0,39.8,57.3,74.8,45.6,0.83,18.15
STA_WAT,10/25/24,0,31.2,41.6,52,33.2,0.24,6.67
STA_WAT,10/26/24,0,35.2,46,56.8,40.4,0.77,8.27
STA_WAT,10/27/24,0,30.4,42.2,54,33.2,0.43,7.49
STA_WAT,10/28/24,0,31,41.4,51.8,32.7,0.39,7.32
STA_WAT,10/29/24,0,35.7,46.6,57.5,36.1,0.48,9.33
STA_WAT,10/30/24,0.1,43.3,52.7,62.1,48.1,0.85,7.44
STA_WAT,10/31/24,0,54.7,65.8,77,52.5,2.16,16.51
STA_WAT,11/1/24,0.11,54.7,65.5,76.4,55.4,1.99,15.43
STA_WAT,11/2/24,0,39.3,48.5,57.7,37,1.67,7.07
STA_WAT,11/3/24,0,26.5,35.5,44.5,29.9,0.1,4.18
STA_WAT,11/4/24,0,29.2,41,52.8,29.9,0.47,8.05
STA_WAT,11/5/24,0.01,48.7,55,61.4,38.9,5.08,9.33
STA_WAT,11/6/24,0.02,58.1,68.8,79.5,53.7,3.92,20.02
STA_WAT,11/7/24,0.03,49.4,58.4,67.4,55,0.54,6.21
STA_WAT,11/8/24,0,40.4,47.6,54.9,40.5,0.69,6.59
STA_WAT,11/9/24,0,27.4,41.8,56.2,32.5,0.47,7.53
STA_WAT,11/10/24,0,28.8,39,49.3,27.2,0.67,7.11
STA_WAT,11/11/24,0.3,40.6,48.5,56.4,42.4,0.6,9.06
STA_WAT,11/12/24,0.34,35.4,45,54.6,40.3,0.57,5.24
STA_WAT,11/13/24,0,25.6,33.9,42.3,27.7,0.23,3.86
STA_WAT,11/14/24,0,27.8,36.2,44.6,23,0.69,5.93
STA_WAT,11/15/24,0,35.1,41.2,47.3,29.8,0.43,6.74
STA_WAT,11/16/24,0,40.9,44.8,48.7,39.2,1.06,3.48
STA_WAT,11/17/24,0,30.3,40.7,51.2,34.3,0.02,6.61
STA_WAT,11/18/24,0.02,33.5,42.6,51.7,39.6,0.34,4.81
STA_WAT,11/19/24,0,30.5,43.5,56.6,37.1,0.02,8.04
STA_WAT,11/20/24,0.04,34.7,43.5,52.3,40.2,0.12,5.74
STA_WAT,11/21/24,0.28,38,50.3,62.6,44.4,0.39,6.93
STA_WAT,11/22/24,0.35,34.2,39.6,45,34.6,0.1,3.85
STA_WAT,11/23/24,0.84,32.1,36.9,41.6,36.1,0.09,1.18
STA_WAT,11/24/24,0,36.7,41.1,45.6,36.4,0.27,2.99
STA_WAT,11/25/24,0,28.3,37,45.7,31.4,0.08,5.19
STA_WAT,11/26/24,0.3,28.6,38.9,49.1,38,0.07,4.42
STA_WAT,11/27/24,0.01,30.8,39.1,47.4,31,0.46,3.97
STA_WAT,11/28/24,0.3,31.1,38.5,45.8,29.6,0.13,5.54
STA_WAT,11/29/24,0.12,30.3,34,37.8,29.2,0.12,2.57
STA_WAT,11/30/24,0.02,24.9,31.3,37.6,20.7,0.82,4.34
STA_WAT,12/1/24,0,22.8,26.5,30.1,17.5,0.87,2.08
STA_WAT,12/2/24,0,23.8,27.9,31.9,20.4,0.52,2.61
STA_WAT,12/3/24,0.07,26.7,30.7,34.7,24.8,0.43,2.86
STA_WAT,12/4/24,0,25.7,29.3,32.9,19.8,0.53,3.39
STA_WAT,12/5/24,0.23,28.1,31.2,34.3,22.9,0.47,2.85
STA_WAT,12/6/24,0.12,18,24.5,31,19.9,0.05,1.59
STA_WAT,12/7/24,0,17.4,23.1,28.8,16.5,0.55,2.6
STA_WAT,12/8/24,0,28.1,35.1,42.2,23.5,0.75,4.05
STA_WAT,12/9/24,0,33.5,38,42.5,32.3,0.55,3.15
STA_WAT,12/10/24,0.44,34.4,40.8,47.3,40.5,0,1.94
STA_WAT,12/11/24,0.11,41.3,46.8,52.2,43.7,0.16,3.54
STA_WAT,12/12/24,0.31,21.7,32,42.4,29.9,0,2.24
STA_WAT,12/13/24,0.05,11.4,17.5,23.6,9.2,0.27,1.85
STA_WAT,12/14/24,0,4.4,13.8,23.2,6.7,0.15,2.34
STA_WAT,12/15/24,0,10.1,19.9,29.7,12.5,0.41,2.79
STA_WAT,12/16/24,0.03,25.9,32.3,38.7,27.3,0.76,2.96
STA_WAT,12/17/24,0.05,31.2,40,48.8,38.2,0,2.89
STA_WAT,12/18/24,0.01,35.3,40.2,45.1,33.2,0.7,3.49
STA_WAT,12/19/24,0.27,30.5,34.3,38.2,30.7,0.18,1.9
STA_WAT,12/20/24,0,28.1,30,31.9,21.4,0.78,2.58
STA_WAT,12/21/24,0.27,18.1,23.7,29.3,22.5,0.23,0.92
STA_WAT,12/22/24,0.01,1.4,9.6,17.7,6.7,0.23,1.03
STA_WAT,12/23/24,0,-2.4,5.4,13.2,-0.3,0.2,1.11
STA_WAT,12/24/24,0.06,6,19.2,32.4,17.9,0.19,2.97
STA_WAT,12/25/24,0,26.2,30.6,35.1,27.9,0.19,1.41
STA_WAT,12/26/24,0,26.1,27.2,28.3,21.5,0.55,1.44
STA_WAT,12/27/24,0,20.5,25.9,31.3,21.7,0.28,1.79
STA_WAT,12/28/24,0,20.7,31.6,42.6,28.8,0.23,3.54
STA_WAT,12/29/24,0.03,35.4,45.7,56,41.5,0.09,4.95
STA_WAT,12/30/24,0.02,38,49.5,61,45.3,0.11,5.98
STA_WAT,12/31/24,0,34.1,39.5,45,33.1,0.62,4.07
,,,,,,,,
WIS_COO,1/1/24,0.01,29.6,32,34.5,25.4,0.68,2.36
WIS_COO,1/2/24,0,20.6,28.6,36.6,21.5,0.48,2.93
WIS_COO,1/3/24,0,21.9,28.9,35.9,21,0.53,3.3
WIS_COO,1/4/24,0,26.2,31.2,36.1,25.8,0.53,2.48
WIS_COO,1/5/24,0,16.4,27.1,37.8,16.2,0.55,3.73
WIS_COO,1/6/24,0,17.5,24.9,32.4,16,0.51,3.05
WIS_COO,1/7/24,0.86,21.3,26.2,31.1,23.2,0.24,2.06
WIS_COO,1/8/24,0.2,24.4,26.8,29.1,25.1,0.27,0.82
WIS_COO,1/9/24,0,17.4,26.8,36.2,21,0.22,3.03
WIS_COO,1/10/24,2.11,20.7,34.3,47.9,34.8,0.06,1.56
WIS_COO,1/11/24,0,35.2,40.2,45.3,28.8,1.18,4.72
WIS_COO,1/12/24,0,29.7,34.6,39.5,26.1,0.85,3.74
WIS_COO,1/13/24,0.37,29.5,37.3,45.1,30.5,0.33,5.17
WIS_COO,1/14/24,0.06,27.9,40.3,52.7,26.9,0.44,4.61
WIS_COO,1/15/24,0,13.6,23.7,33.8,9.4,0.81,3.61
WIS_COO,1/16/24,0.05,14.1,20.8,27.5,8.8,0.41,3.43
WIS_COO,1/17/24,0.18,9.6,17.3,24.9,14,0.3,1.27
WIS_COO,1/18/24,0,7,14.7,22.4,0.8,0.46,2.42
WIS_COO,1/19/24,0,12.5,18.5,24.6,11.2,0.53,2.36
WIS_COO,1/20/24,0.05,8,16.1,24.2,10.5,0.46,1.44
WIS_COO,1/21/24,0,7,11.4,15.8,2.6,0.52,1.36
WIS_COO,1/22/24,0,5.9,13.4,20.9,4.7,0.37,2.05
WIS_COO,1/23/24,0,8.2,21.3,34.5,12.8,0.32,4.15
WIS_COO,1/24/24,0.12,30.6,32.8,35,28.5,0.21,2.58
WIS_COO,1/25/24,0.75,32,38.2,44.4,35.6,0.1,0.66
WIS_COO,1/26/24,0.31,35.9,42.1,48.3,40.6,0.2,1.33
WIS_COO,1/27/24,0.09,35.1,36.8,38.6,36,0.14,0.55
WIS_COO,1/28/24,0.1,33.7,36.2,38.6,33.5,0.16,1.33
WIS_COO,1/29/24,0.75,30.6,32.6,34.5,31.6,0.13,0.68
WIS_COO,1/30/24,0,27.8,29.5,31.1,25.2,0.56,1.13
WIS_COO,1/31/24,0,27.5,29.2,31,24.2,0.53,1.64
WIS_COO,2/1/24,0,28.1,30.2,32.3,27.6,0.49,0.96
WIS_COO,2/2/24,0.03,31.1,34,36.9,31.1,0.36,1.51
WIS_COO,2/3/24,0.04,26.1,32.4,38.6,26.8,0.34,2.34
WIS_COO,2/4/24,0,20.3,27.3,34.3,16,0.92,3.31
WIS_COO,2/5/24,0,20.1,29.2,38.3,16.2,0.79,4.45
WIS_COO,2/6/24,0,17.9,27.5,37.1,10.9,0.75,4.89
WIS_COO,2/7/24,0,17.2,27.5,37.7,16.5,0.4,4.31
WIS_COO,2/8/24,0,19.1,31,42.9,20.5,0.37,5.61
WIS_COO,2/9/24,0,23.7,36.9,50.1,22.4,0.5,9.05
WIS_COO,2/10/24,0,29.6,40.2,50.9,32,0.37,6.25
WIS_COO,2/11/24,0.1,30.5,43.7,57,36.9,0.28,7.44
WIS_COO,2/12/24,0,25.8,33.2,40.6,26.5,0.56,3.3
WIS_COO,2/13/24,0.09,25.4,31.4,37.4,24.3,0.43,2.93
WIS_COO,2/14/24,0.17,21.8,27.4,33.1,21.3,0.41,2.45
WIS_COO,2/15/24,0,15.8,22.3,28.8,7.2,1.02,3.28
WIS_COO,2/16/24,0.04,16.7,25.7,34.6,13.3,0.74,4.76
WIS_COO,2/17/24,0.06,24.4,29.7,35,15.5,0.39,4.18
WIS_COO,2/18/24,0.05,12.3,21.8,31.2,11.9,0.36,3.28
WIS_COO,2/19/24,0,18.4,25,31.5,11.8,1.14,3.52
WIS_COO,2/20/24,0,9.5,20.2,31,3.7,0.58,4.22
WIS_COO,2/21/24,0,10.1,22.9,35.8,9.3,0.45,4.88
WIS_COO,2/22/24,0,14.3,26,37.7,19.4,0.41,4.08
WIS_COO,2/23/24,0.2,29.1,35.1,41,28.9,0.24,3.79
WIS_COO,2/24/24,0.03,26.9,34.7,42.4,32.3,0.16,2.17
WIS_COO,2/25/24,0,11.2,20.5,29.8,6.6,0.8,3.31
WIS_COO,2/26/24,0,12.5,24.8,37,12.3,0.82,5.25
WIS_COO,2/27/24,0,26.4,40.4,54.4,26.1,0.52,9.03
WIS_COO,2/28/24,0.5,29.6,44,58.5,41.6,0.33,8.59
WIS_COO,2/29/24,0.4,22.3,38.3,54.4,36.5,0.45,3.25
WIS_COO,3/1/24,0,16.8,23.4,29.9,9.5,0.59,3.78
WIS_COO,3/2/24,0,18.7,31,43.3,20.9,0.47,6.26
WIS_COO,3/3/24,0.56,35.1,40.2,45.2,40.9,0.19,1.22
WIS_COO,3/4/24,0,35.3,44.9,54.4,40.8,0.12,4.35
WIS_COO,3/5/24,0,37.9,46.8,55.7,41.5,0.11,5.26
WIS_COO,3/6/24,0.49,40.6,42.3,44,41.5,0.09,0.9
WIS_COO,3/7/24,1.45,42.1,45.9,49.7,45.2,0.19,1.39
WIS_COO,3/8/24,0.07,28.6,38.1,47.6,35.2,0.27,2.66
WIS_COO,3/9/24,0,30.2,41.9,53.6,27.7,0.37,9.62
WIS_COO,3/10/24,1.07,34.2,36.6,39.1,34.3,0.1,1.84
WIS_COO,3/11/24,0.04,27,34.8,42.5,26.8,0.25,3.35
WIS_COO,3/12/24,0,29.7,36,42.4,18,1.63,6.22
WIS_COO,3/13/24,0,31.3,43.2,55.1,24.5,1.2,10.44
WIS_COO,3/14/24,0,34,49.8,65.7,32.7,0.78,14.67
WIS_COO,3/15/24,0,38.6,52.3,66,34.8,1.06,16.03
WIS_COO,3/16/24,0,33.9,45.8,57.7,38.8,0.3,6.04
WIS_COO,3/17/24,0.02,37,46,55,32.9,0.71,9.56
WIS_COO,3/18/24,0,28.2,40.2,52.3,29.3,0.5,7.8
WIS_COO,3/19/24,0,28.5,36.2,43.9,18.7,1.03,6.56
WIS_COO,3/20/24,0,29.5,34.9,40.2,20.1,0.92,5.51
WIS_COO,3/21/24,0.11,22.4,32.5,42.5,21,0.43,4.61
WIS_COO,3/22/24,0,19.1,26.7,34.3,8.2,1.29,4.45
WIS_COO,3/23/24,0.21,21.6,28.6,35.6,13.3,0.21,5.12
WIS_COO,3/24/24,2.12,19.6,27.9,36.2,26,0.11,1.82
WIS_COO,3/25/24,0,21.2,29.2,37.1,19,0.46,4
WIS_COO,3/26/24,0,27.1,36.8,46.4,19.2,1.27,6.78
WIS_COO,3/27/24,0,35,42.2,49.5,33,0.51,5.34
WIS_COO,3/28/24,0.54,37.1,43.1,49.1,41.5,0.13,3.54
WIS_COO,3/29/24,0.02,35.2,39.6,44,32.1,0.29,3.51
WIS_COO,3/30/24,0,33,40.4,47.8,21.9,2.19,7.38
WIS_COO,3/31/24,0,33.3,44,54.8,23.4,2.02,10.27
WIS_COO,4/1/24,0,34,43.9,53.8,29.5,1.11,8.42
WIS_COO,4/2/24,0,35.7,44.2,52.7,32.5,0.76,7.21
WIS_COO,4/3/24,0.43,36.1,40.7,45.3,36.5,0.24,4.05
WIS_COO,4/4/24,1.18,31.7,34.9,38.1,32.3,0.25,1.38
WIS_COO,4/5/24,0.09,29.6,33.4,37.2,30.1,0.2,1.82
WIS_COO,4/6/24,0,32.2,36.5,40.7,28.7,0.52,3.47
WIS_COO,4/7/24,0,32.7,39,45.4,29.2,0.79,4.72
WIS_COO,4/8/24,0,29,40.6,52.1,26,0.84,8.29
WIS_COO,4/9/24,0,36.7,49.1,61.5,28,2.04,14.07
WIS_COO,4/10/24,0,42.4,56.8,71.3,35.6,2.18,19.35
WIS_COO,4/11/24,0.22,46.9,52.8,58.8,46.5,0.38,8.41
WIS_COO,4/12/24,0.51,49.2,55.5,61.8,54,0.53,2.41
WIS_COO,4/13/24,0.29,43.1,51.8,60.5,45.9,0.7,5.88
WIS_COO,4/14/24,0.04,37.3,42.1,46.8,33.7,1.22,4.37
WIS_COO,4/15/24,0.2,40.7,48.7,56.6,41.4,0.22,8.05
WIS_COO,4/16/24,0,36.1,51.4,66.7,36.5,0.71,13.68
WIS_COO,4/17/24,0,36.6,50.7,64.8,31,1.29,15.17
WIS_COO,4/18/24,0.37,40.3,49.8,59.3,38.4,0.21,10.37
WIS_COO,4/19/24,0.03,40.1,42.2,44.2,37.5,0.57,2.48
WIS_COO,4/20/24,0.14,42.7,49.7,56.7,40.5,0.25,8.38
WIS_COO,4/21/24,0,30.2,44.6,59,32.5,0.33,10.57
WIS_COO,4/22/24,0,31.7,38.9,46.1,24.1,1.55,6.47
WIS_COO,4/23/24,0,29.2,41.9,54.5,21.7,1.28,10.88
WIS_COO,4/24/24,0,38.7,50.7,62.8,29.3,2.28,14.26
WIS_COO,4/25/24,0.01,29.1,45.3,61.4,30.9,1.71,10.73
WIS_COO,4/26/24,0,28.8,41.5,54.1,17.9,1.04,11.55
WIS_COO,4/27/24,0,33.8,47.1,60.3,22.6,1.7,14.45
WIS_COO,4/28/24,0.01,42.5,52,61.5,32.4,0.91,13.26
WIS_COO,4/29/24,0.05,47.1,59.4,71.8,53.9,0.52,12.57
WIS_COO,4/30/24,0,51.9,63,74.2,52.7,1.39,12.45
WIS_COO,5/1/24,0.16,52.1,58.2,64.3,51.1,0.33,7.35
WIS_COO,5/2/24,0,50.7,61.2,71.6,51.3,0.36,13.94
WIS_COO,5/3/24,0,46.1,61.4,76.7,46.2,0.65,21.25
WIS_COO,5/4/24,0,43,53.9,64.8,44.4,0.38,10.37
WIS_COO,5/5/24,0.15,45.2,55.8,66.4,44.4,0.37,11.75
WIS_COO,5/6/24,0.53,46,49.4,52.9,46.8,0.27,1.35
WIS_COO,5/7/24,0,44.1,56.5,69,52.4,0.3,7.65
WIS_COO,5/8/24,0.41,48.9,61.8,74.8,44.1,0.48,21.26
WIS_COO,5/9/24,0.2,50.5,65.3,80.1,52.2,0.44,21.76
WIS_COO,5/10/24,0.29,45.8,53.7,61.5,44.5,0.43,8.9
WIS_COO,5/11/24,0.05,37.6,45.6,53.5,41.2,0.15,5.53
WIS_COO,5/12/24,0.03,43,51.4,59.7,40.1,0.32,9.81
WIS_COO,5/13/24,0.03,36.5,45,53.6,42.1,0.15,4.63
WIS_COO,5/14/24,0,44.7,55.7,66.6,47.2,0.36,11.93
WIS_COO,5/15/24,0.27,55.1,65.3,75.5,54.6,0.4,15.58
WIS_COO,5/16/24,0.12,56.6,60,63.4,56.6,0.53,3.38
WIS_COO,5/17/24,0.22,47.2,53.9,60.5,53,0.22,3.54
WIS_COO,5/18/24,0,50.4,60.5,70.7,52.2,0.76,11.89
WIS_COO,5/19/24,0,54,61.4,68.9,52.7,0.98,10.08
WIS_COO,5/20/24,0,48.4,60.2,72,53.1,0.15,11.8
WIS_COO,5/21/24,0,54.7,66.7,78.8,56.6,0.53,16.44
WIS_COO,5/22/24,0,59.8,72,84.2,59.7,1.66,22.48
WIS_COO,5/23/24,0,64.4,74.8,85.2,61.4,2.17,22.92
WIS_COO,5/24/24,0.29,51.1,64.2,77.2,58,0.38,14.07
WIS_COO,5/25/24,0,48.8,64.5,80.1,48.2,1.03,23.72
WIS_COO,5/26/24,0,57.9,67.8,77.8,53.7,1.92,18.1
WIS_COO,5/27/24,0,64.7,73.1,81.5,62,1.3,17.57
WIS_COO,5/28/24,0.91,61.2,67.2,73.1,64.1,0.23,6.68
WIS_COO,5/29/24,0.01,51,63,74.9,55,0.12,14.72
WIS_COO,5/30/24,0.54,49.8,60.2,70.5,52.1,0.35,12.74
WIS_COO,5/31/24,0.04,42.1,53.8,65.4,44.3,0.59,11.81
WIS_COO,6/1/24,0,43.5,57.4,71.3,41,0.67,17.66
WIS_COO,6/2/24,0,46.7,62.8,79,46.9,0.56,23.41
WIS_COO,6/3/24,0,58.9,69,79.1,53.1,2.56,21.43
WIS_COO,6/4/24,0,53.6,67.7,81.7,53.8,0.63,24.61
WIS_COO,6/5/24,0,59.1,70.4,81.6,58.4,1.64,19.11
WIS_COO,6/6/24,0,64.8,72.2,79.7,63.2,0.86,15.27
WIS_COO,6/7/24,0.29,59,68.2,77.4,63.7,0.17,9.75
WIS_COO,6/8/24,0.08,48.6,62.8,77,54.1,0.34,16.84
WIS_COO,6/9/24,0,55,63.4,71.9,52,1.18,13.75
WIS_COO,6/10/24,0.17,51.8,60,68.1,51.7,0.49,9.99
WIS_COO,6/11/24,0,49.7,59.1,68.5,49.7,0.55,11.05
WIS_COO,6/12/24,0,48.9,56.7,64.6,51.7,0.16,7.54
WIS_COO,6/13/24,0,47.6,59.2,70.8,51.7,0.44,11.98
WIS_COO,6/14/24,0,59.8,71.2,82.7,56.8,2.13,23.24
WIS_COO,6/15/24,0.2,55.3,66.3,77.3,61.3,0.41,10.34
WIS_COO,6/16/24,0,46.1,60.2,74.3,45.8,1.03,18.24
WIS_COO,6/17/24,0,54.7,65.4,76.2,49.4,1.19,19.87
WIS_COO,6/18/24,0,63.4,73.7,84.1,62.8,1.79,18.6
WIS_COO,6/19/24,0,66.8,78,89.3,67,2.81,22.13
WIS_COO,6/20/24,0,66.5,78.5,90.5,66.8,2.48,22.82
WIS_COO,6/21/24,0,66.9,79,91.2,67.9,1.38,25.25
WIS_COO,6/22/24,0.3,66.3,77.6,89,69.1,0.01,22.56
WIS_COO,6/23/24,1.24,68,77.5,87,69.3,0.46,17.39
WIS_COO,6/24/24,0.15,66.8,76.1,85.4,68.7,0.6,14.34
WIS_COO,6/25/24,0.02,53.8,63.6,73.3,55.3,0.36,12.35
WIS_COO,6/26/24,0,62.6,73.5,84.4,55,4.22,26.15
WIS_COO,6/27/24,0.36,61.4,74.2,86.9,62.5,0.57,23.64
WIS_COO,6/28/24,0,47.2,62.4,77.6,50.9,1.03,16.67
WIS_COO,6/29/24,0,57.9,66.2,74.4,45.9,3.64,19.33
WIS_COO,6/30/24,0.07,62.2,69,75.8,66.1,0.82,8.6
WIS_COO,7/1/24,1.47,56.8,68.9,81,62.6,1.06,9.19
WIS_COO,7/2/24,0,48.9,61.7,74.6,52.3,0.46,14.87
WIS_COO,7/3/24,0,55.6,68.1,80.6,54.7,0.93,21.14
WIS_COO,7/4/24,0,63.2,71.9,80.7,54.8,4.08,21.5
WIS_COO,7/5/24,0.17,68.3,73.6,78.9,67.2,0.81,8.77
WIS_COO,7/6/24,1.47,69.8,77.1,84.3,71.7,0.38,11.95
WIS_COO,7/7/24,0,65.8,76.9,88.1,70.4,0.44,17.15
WIS_COO,7/8/24,0,63.3,75.3,87.2,65.1,0.8,22.58
WIS_COO,7/9/24,0,67.9,77.9,88,65.9,1.07,25
WIS_COO,7/10/24,0.06,71.3,80.3,89.4,71.5,0.85,20.75
WIS_COO,7/11/24,0.04,73.2,80.5,87.8,71.8,1.98,15.83
WIS_COO,7/12/24,0,63.6,73,82.3,65.3,0.74,15.62
WIS_COO,7/13/24,0.03,71.4,77.7,83.9,68.5,2.07,16.71
WIS_COO,7/14/24,0,62.3,74.5,86.6,66.3,0.87,22.12
WIS_COO,7/15/24,0,68.1,77.4,86.6,65.6,1.58,21.95
WIS_COO,7/16/24,0.68,66.2,77.6,89,69,0.82,21.29
WIS_COO,7/17/24,0.12,64.9,77,89.2,68.1,0.79,20.52
WIS_COO,7/18/24,1.03,67.9,77.7,87.6,68.2,0.8,19.72
WIS_COO,7/19/24,0,54.4,67.3,80.2,57.8,0.69,17.88
WIS_COO,7/20/24,0,55.2,67.1,78.9,56,0.48,18.93
WIS_COO,7/21/24,0.39,61.7,71.2,80.7,63.2,0.46,15.73
WIS_COO,7/22/24,0,60.2,70.9,81.6,61.2,0.52,19.04
WIS_COO,7/23/24,0.09,65.4,73,80.6,65.7,0.66,13.88
WIS_COO,7/24/24,0.02,66.9,71.3,75.7,66.1,0.81,8.55
WIS_COO,7/25/24,0,69.2,74.3,79.5,68,1.63,10.68
WIS_COO,7/26/24,0,57.3,68,78.6,57.6,1.83,16.59
WIS_COO,7/27/24,0,54.8,67.1,79.3,55.1,0.78,19.54
WIS_COO,7/28/24,0,55.9,68.6,81.2,57.3,0.63,20.57
WIS_COO,7/29/24,0.04,62.4,72.3,82.2,61.8,0.66,19.68
WIS_COO,7/30/24,0.04,63.9,70.7,77.6,65,0.52,11.1
WIS_COO,7/31/24,0.03,70.3,77.8,85.3,68.5,1.33,17.53
WIS_COO,8/1/24,0.85,65.7,73.6,81.5,69.5,0.47,9.97
WIS_COO,8/2/24,0,66.6,77.1,87.7,67.6,0.93,22.26
WIS_COO,8/3/24,1.06,69.7,77.7,85.8,70,0.79,15.59
WIS_COO,8/4/24,0.12,70,76.6,83.3,70,0.77,13.16
WIS_COO,8/5/24,0.08,63,71.4,79.9,67.6,0.46,9.6
WIS_COO,8/6/24,0.54,67.1,76.1,85.1,66.1,0.61,20.54
WIS_COO,8/7/24,0.53,59.9,67.8,75.7,63.5,0.61,7.94
WIS_COO,8/8/24,0.12,58.8,63.4,67.9,59.1,0.58,6.12
WIS_COO,8/9/24,0.21,63.1,66.8,70.4,62.3,0.7,6.44
WIS_COO,8/10/24,1.17,67.3,73.2,79.1,70.8,0.75,6.6
WIS_COO,8/11/24,0,56.1,68.1,80.2,59.8,0.69,17.03
WIS_COO,8/12/24,0,53.2,65.4,77.7,55.5,0.39,17.56
WIS_COO,8/13/24,0,51.4,62.9,74.3,55.3,0.32,13.99
WIS_COO,8/14/24,0,56.1,66.1,76.2,56.9,0.59,14.79
WIS_COO,8/15/24,0,56.9,68.8,80.6,59.2,0.72,18.26
WIS_COO,8/16/24,0,59.7,70.3,81,61.7,0.67,17.02
WIS_COO,8/17/24,0,63,73,83.1,64.3,0.81,18.72
WIS_COO,8/18/24,0.01,65.5,70.9,76.4,63.6,1.83,9.72
WIS_COO,8/19/24,0.15,64.5,68.3,72.2,64.3,0.76,5.98
WIS_COO,8/20/24,0.3,55,67.5,80,61,0.66,11.8
WIS_COO,8/21/24,0,45.2,54.9,64.6,47,0.25,9.88
WIS_COO,8/22/24,0.06,46.4,57.5,68.6,48.7,0.4,12.11
WIS_COO,8/23/24,0,49.4,60.5,71.6,52.2,0.46,12.94
WIS_COO,8/24/24,0,53.4,65.1,76.9,53.9,0.84,17.84
WIS_COO,8/25/24,0,56.1,67.7,79.3,56.4,0.94,18.88
WIS_COO,8/26/24,0.79,57.8,69.3,80.8,60.7,0.39,17.7
WIS_COO,8/27/24,0,57.1,68.8,80.5,60,0.47,17.71
WIS_COO,8/28/24,0,58.7,70,81.3,61.8,0.19,19.36
WIS_COO,8/29/24,0,62.3,73.6,84.9,63.8,3.59,16.79
WIS_COO,8/30/24,0,59.4,64.8,70.1,56.5,1.34,9.03
WIS_COO,8/31/24,0.02,59.4,66.1,72.9,55.1,1.6,13.4
WIS_COO,9/1/24,0,63.4,68.5,73.5,65.3,1.03,6.78
WIS_COO,9/2/24,0,58.2,68.8,79.3,63.7,0.99,11.66
WIS_COO,9/3/24,0,43.7,57.4,71.2,47.3,0.58,14.18
WIS_COO,9/4/24,0,44.9,57.3,69.7,45.9,0.32,15.05
WIS_COO,9/5/24,0,49.2,61.9,74.7,51.5,0.48,16.32
WIS_COO,9/6/24,0,47.6,61,74.4,50.6,0.44,16.83
WIS_COO,9/7/24,0,55.6,65.1,74.7,59.2,0.49,11.43
WIS_COO,9/8/24,0.44,46.3,57.4,68.5,54.4,0.21,5.15
WIS_COO,9/9/24,0,43.7,54.3,64.8,42.6,0.81,12.4
WIS_COO,9/10/24,0,49.4,59.5,69.6,51.2,0.69,11.57
WIS_COO,9/11/24,0,44,57.7,71.4,46.7,0.52,15.97
WIS_COO,9/12/24,0,48.6,61.4,74.2,49.2,0.71,17.46
WIS_COO,9/13/24,0,52.1,64.9,77.7,54.9,0.5,16.97
WIS_COO,9/14/24,0,54.6,66.8,79,58.5,0.47,15.85
WIS_COO,9/15/24,0,56,68.4,80.8,59,0.36,18.9
WIS_COO,9/16/24,0,49.6,63.8,78,56.1,0.37,15
WIS_COO,9/17/24,0,49.7,64.4,79.1,50.7,0.4,23.31
WIS_COO,9/18/24,0,52.8,65.6,78.4,53,0.7,21.47
WIS_COO,9/19/24,0,51.5,62.3,73.2,55.1,0.56,12.9
WIS_COO,9/20/24,0,53.9,66.6,79.3,58.1,0.65,16.89
WIS_COO,9/21/24,0,56.7,64.8,72.9,57.3,1.5,10.74
WIS_COO,9/22/24,0,49,60.2,71.4,52.4,0.37,12.2
WIS_COO,9/23/24,0,48.6,58.9,69.2,49.7,0.8,11.26
WIS_COO,9/24/24,0,47.9,55.4,63,49.4,0.56,7.79
WIS_COO,9/25/24,0,52,58,64.1,50,0.98,8.55
WIS_COO,9/26/24,0.11,55.9,58.3,60.8,54.5,0.62,4.54
WIS_COO,9/27/24,0.56,58.4,62.3,66.1,60.7,0.2,1.35
WIS_COO,9/28/24,0,58.7,65.4,72.1,57.3,0.79,12.68
WIS_COO,9/29/24,0.16,58.2,65,71.9,57.4,1.24,10.66
WIS_COO,9/30/24,0.05,52.5,56.9,61.3,54.9,0.27,3.64
WIS_COO,10/1/24,0,51.3,61.9,72.5,55,0.28,11.68
WIS_COO,10/2/24,0,51.7,60.8,69.8,51.4,0.62,11.99
WIS_COO,10/3/24,0,54.7,59.8,64.9,51.7,1.24,8.76
WIS_COO,10/4/24,0,48.6,60,71.4,53,0.39,11.7
WIS_COO,10/5/24,0,51.4,61.8,72.1,55.1,0.34,11.92
WIS_COO,10/6/24,0,39.4,54.2,69,44.8,0.31,14.05
WIS_COO,10/7/24,0.01,42.3,56,69.7,49.3,0.4,14.73
WIS_COO,10/8/24,0,39.4,54.1,68.9,45.6,0.31,13.36
WIS_COO,10/9/24,0,38.9,51.2,63.6,39.9,0.46,12.32
WIS_COO,10/10/24,0.01,36.9,49.2,61.5,38.1,0.38,11.81
WIS_COO,10/11/24,0,35.9,46,56,35.6,0.59,8.18
WIS_COO,10/12/24,0,39.6,52.6,65.5,40.6,0.89,13.94
WIS_COO,10/13/24,0.03,34.9,51.4,67.8,33.5,0.78,17.87
WIS_COO,10/14/24,0.7,42.3,45.6,49,43.6,0.25,2.42
WIS_COO,10/15/24,0.06,30.4,44.1,57.7,38.2,0.11,6.98
WIS_COO,10/16/24,0.01,31.1,41.9,52.8,33.5,0.13,7.2
WIS_COO,10/17/24,0,29.2,41.3,53.4,32,0.39,7.45
WIS_COO,10/18/24,0,30.8,43.4,56.1,32.7,0.52,9.07
WIS_COO,10/19/24,0,31.9,47.7,63.5,33.7,0.37,13.88
WIS_COO,10/20/24,0,31,49.6,68.2,34.1,0.32,17.14
WIS_COO,10/21/24,0,33.2,52.1,70.9,36.8,0.93,18.96
WIS_COO,10/22/24,0,39.9,58.8,77.6,46.3,0.3,21.3
WIS_COO,10/23/24,0,46.6,63.1,79.6,49.6,1.05,22.08
WIS_COO,10/24/24,0,48.4,61.6,74.8,48.5,0.79,19.41
WIS_COO,10/25/24,0,33,46.7,60.3,38.4,0.44,8.85
WIS_COO,10/26/24,0,34.3,46.4,58.4,34.5,0.5,10.49
WIS_COO,10/27/24,0,29.6,43.7,57.8,29.2,0.65,10.67
WIS_COO,10/28/24,0,28.3,40,51.7,24.1,0.72,9.29
WIS_COO,10/29/24,0,32.6,43.8,55,33.1,0.52,8.83
WIS_COO,10/30/24,0.12,43.4,49.2,54.9,47.1,0.47,4.35
WIS_COO,10/31/24,0,48.2,60.5,72.9,51.8,0.74,13.04
WIS_COO,11/1/24,0,48.7,62.8,76.8,53.2,0.87,18
WIS_COO,11/2/24,0,41.3,58.2,75.2,40.6,2.05,20.98
WIS_COO,11/3/24,0,26.9,39.2,51.6,30,0.39,6.86
WIS_COO,11/4/24,0,25.5,36.9,48.3,21.9,0.52,7.73
WIS_COO,11/5/24,0,32.8,43,53.2,38.6,0.71,6.56
WIS_COO,11/6/24,0,52.3,62.1,71.9,52.1,2.04,14.11
WIS_COO,11/7/24,0,48.1,61.9,75.7,54.1,0.45,14.94
WIS_COO,11/8/24,0,31.6,47.3,63.1,38.2,0.28,10.28
WIS_COO,11/9/24,0,30.2,45.6,61.1,30.2,0.66,12.53
WIS_COO,11/10/24,0,25.2,36.3,47.3,20,0.69,7.72
WIS_COO,11/11/24,0.18,29.5,41.2,52.9,35.2,0.29,8.96
WIS_COO,11/12/24,0,42.4,51.7,61.1,41.8,0.56,8.89
WIS_COO,11/13/24,0,29,37.3,45.6,22.8,1.8,5.39
WIS_COO,11/14/24,0,21.2,32.6,44,17.8,0.57,6.4
WIS_COO,11/15/24,0,22.3,33.3,44.2,14.6,0.84,7.75
WIS_COO,11/16/24,0,26.6,38.1,49.5,17.5,1.43,8.93
WIS_COO,11/17/24,0,29.1,42.4,55.6,22.7,0.69,11.29
WIS_COO,11/18/24,0.04,31.5,43.5,55.5,26.8,0.96,10.7
WIS_COO,11/19/24,0,32.8,45.3,57.7,33.7,0.8,9.56
WIS_COO,11/20/24,0,33,42.3,51.7,32.4,0.79,6.92
WIS_COO,11/21/24,0.33,40.5,48.7,56.9,36.4,0.2,9.4
WIS_COO,11/22/24,1.5,32.8,38,43.2,37.8,0.18,0.89
WIS_COO,11/23/24,0.38,32.7,35.1,37.5,33.4,0.12,0.83
WIS_COO,11/24/24,0,35.6,39.6,43.5,32.9,0.38,3.44
WIS_COO,11/25/24,0,28.3,35.9,43.6,27.3,0.76,4.65
WIS_COO,11/26/24,0.01,27.9,36.6,45.3,27.2,0.55,5.61
WIS_COO,11/27/24,0.24,28.5,38.5,48.5,34.8,0,3.24
WIS_COO,11/28/24,0.18,28.4,36.8,45.2,29,0.23,5.19
WIS_COO,11/29/24,0.69,30.1,34.1,38.1,32.4,0.11,1.58
WIS_COO,11/30/24,0,21.5,30.7,39.9,25.3,0.14,3.53
WIS_COO,12/1/24,0,17.8,25.9,34.1,16.1,0.62,3.34
WIS_COO,12/2/24,0,16.1,24.4,32.6,13.8,0.42,3.52
WIS_COO,12/3/24,0,17.5,25.5,33.4,17.7,0.35,3.07
WIS_COO,12/4/24,0.03,14.1,24.2,34.3,18.5,0.27,2.91
WIS_COO,12/5/24,0.23,14.4,23.9,33.4,23.1,0.19,2.84
WIS_COO,12/6/24,0.06,22.8,28.6,34.4,21,0.18,2.57
WIS_COO,12/7/24,0,17.3,22.5,27.7,11.2,0.66,2.77
WIS_COO,12/8/24,0.04,21.6,28.1,34.5,19.6,0.48,3.28
WIS_COO,12/9/24,0,29.1,37.1,45.1,27.2,0.47,5.41
WIS_COO,12/10/24,0.29,31,36.9,42.8,35.1,0.17,3.33
WIS_COO,12/11/24,0.36,37.8,41.4,45,37.2,0.18,0.74
WIS_COO,12/12/24,1.84,30.9,44.8,58.6,41.5,0.14,2.58
WIS_COO,12/13/24,0,17.2,26.2,35.1,10.8,0.89,4.22
WIS_COO,12/14/24,0,11.8,19.7,27.5,8.1,0.35,3.03
WIS_COO,12/15/24,0,12,20.8,29.6,11,0.35,2.98
WIS_COO,12/16/24,0.08,15.1,24.5,33.8,21.4,0.18,3.05
WIS_COO,12/17/24,0.32,31.6,39.6,47.5,36.9,0.14,1.12
WIS_COO,12/18/24,0,27.1,39,51,35,0.01,4.41
WIS_COO,12/19/24,0.33,27.3,37.1,46.9,33.7,0,4.63
WIS_COO,12/20/24,0,26.6,31.3,35.9,22.6,0.66,2.88
WIS_COO,12/21/24,0.07,22,26,30,23.4,0.27,1.53
WIS_COO,12/22/24,0,4.6,13.5,22.4,5.9,0.43,1.63
WIS_COO,12/23/24,0,-1.3,5.1,11.6,-4.4,0.26,1.26
WIS_COO,12/24/24,0.06,-0.2,12.3,24.7,4.6,0.31,2.77
WIS_COO,12/25/24,0.01,20.9,25.1,29.3,21.1,0.35,1.32
WIS_COO,12/26/24,0,8.3,17.7,27.1,12,0.25,1.76
WIS_COO,12/27/24,0,8.2,19.3,30.5,9.9,0.31,2.96
WIS_COO,12/28/24,0.1,5.5,21.3,37.1,20.3,0.11,3.91
WIS_COO,12/29/24,0.12,33.9,39.3,44.7,36.4,0.32,1.85
WIS_COO,12/30/24,0.65,39.1,47,54.9,46.7,0.14,2.21
WIS_COO,12/31/24,0.01,30.3,41.7,53.1,35,0.37,6.12
,,,,,,,,
WIS_COO_2,1/1/24,0.01,29.3,32.4,35.5,25,0.69,2.74
WIS_COO_2,1/2/24,0,20.3,28.8,37.3,21.1,0.51,3.13
WIS_COO_2,1/3/24,0,21.7,29.1,36.5,20.6,0.55,3.5
WIS_COO_2,1/4/24,0,26,31.3,36.5,25.4,0.56,2.66
WIS_COO_2,1/5/24,0,16.3,27.4,38.4,15.9,0.56,3.89
WIS_COO_2,1/6/24,0,17.4,25.3,33.3,15.7,0.51,3.32
WIS_COO_2,1/7/24,0.85,20.8,26,31.2,22.8,0.25,2.19
WIS_COO_2,1/8/24,0.2,24.2,26.9,29.7,24.8,0.28,1.02
WIS_COO_2,1/9/24,0,17.5,27,36.5,20.7,0.26,3.14
WIS_COO_2,1/10/24,2.12,20.8,35.1,49.4,34.5,0.19,1.95
WIS_COO_2,1/11/24,0,34.9,40.4,45.8,28.4,1.22,4.97
WIS_COO_2,1/12/24,0,29,34.6,40.2,25.8,0.78,4.03
WIS_COO_2,1/13/24,0.38,29.2,37.5,45.7,30.1,0.36,5.42
WIS_COO_2,1/14/24,0.04,27.8,40.7,53.7,26.5,0.48,5.01
WIS_COO_2,1/15/24,0,13,23.7,34.5,9,0.8,3.81
WIS_COO_2,1/16/24,0.05,13.7,20.7,27.7,8.4,0.41,3.51
WIS_COO_2,1/17/24,0.19,8.9,17,25,13.6,0.3,1.32
WIS_COO_2,1/18/24,0,6.3,14.3,22.3,0.3,0.44,2.43
WIS_COO_2,1/19/24,0,12.6,18.7,24.8,10.8,0.55,2.44
WIS_COO_2,1/20/24,0.05,7.8,16,24.2,10.1,0.46,1.48
WIS_COO_2,1/21/24,0,7.1,12,16.8,2.3,0.54,1.53
WIS_COO_2,1/22/24,0,5.8,13.8,21.8,4.3,0.37,2.19
WIS_COO_2,1/23/24,0,8.1,21.1,34.2,12.4,0.36,4.11
WIS_COO_2,1/24/24,0.12,30.3,32.7,35.1,28.2,0.21,2.73
WIS_COO_2,1/25/24,0.76,31.8,38.1,44.5,35.2,0.12,0.7
WIS_COO_2,1/26/24,0.31,35.6,42.3,49,40.2,0.22,1.69
WIS_COO_2,1/27/24,0.09,34.8,37,39.1,35.7,0.15,0.79
WIS_COO_2,1/28/24,0.1,33.5,36.5,39.4,33.2,0.17,1.7
WIS_COO_2,1/29/24,0.75,30.5,32.6,34.7,31.3,0.12,0.79
WIS_COO_2,1/30/24,0,27.7,29.7,31.7,24.9,0.58,1.34
WIS_COO_2,1/31/24,0,27.4,29.4,31.4,23.8,0.55,1.83
WIS_COO_2,2/1/24,0,28.2,30.5,32.8,27.4,0.5,1.14
WIS_COO_2,2/2/24,0.04,31,34.3,37.6,30.9,0.37,1.8
WIS_COO_2,2/3/24,0.04,26,32.5,38.9,26.8,0.32,2.43
WIS_COO_2,2/4/24,0,20.1,27.6,35.1,15.9,0.9,3.56
WIS_COO_2,2/5/24,0,20.1,29.5,38.9,16.2,0.78,4.67
WIS_COO_2,2/6/24,0,18,27.7,37.4,10.9,0.77,5.02
WIS_COO_2,2/7/24,0,17.2,27.6,38,16.5,0.4,4.42
WIS_COO_2,2/8/24,0,19,31.2,43.4,20.3,0.37,5.82
WIS_COO_2,2/9/24,0,23.7,37,50.4,22.5,0.5,9.19
WIS_COO_2,2/10/24,0,29.5,40.5,51.6,32,0.35,6.59
WIS_COO_2,2/11/24,0.1,30.5,43.9,57.3,37,0.27,7.61
WIS_COO_2,2/12/24,0,25.8,33.6,41.5,26.5,0.58,3.58
WIS_COO_2,2/13/24,0.08,25.3,31.5,37.7,24.4,0.43,3.04
WIS_COO_2,2/14/24,0.18,21.8,27.8,33.9,21.2,0.42,2.66
WIS_COO_2,2/15/24,0,15.9,22.7,29.5,7.1,1.05,3.46
WIS_COO_2,2/16/24,0.04,16.6,25.7,34.8,13.4,0.75,4.81
WIS_COO_2,2/17/24,0.06,24.3,30,35.6,15.6,0.38,4.4
WIS_COO_2,2/18/24,0.05,12.2,21.9,31.6,12,0.35,3.37
WIS_COO_2,2/19/24,0,18.4,25.3,32.2,11.8,1.14,3.69
WIS_COO_2,2/20/24,0,9.5,20.6,31.8,3.8,0.56,4.45
WIS_COO_2,2/21/24,0,9.9,22.9,36,9.2,0.43,4.94
WIS_COO_2,2/22/24,0,14,25.9,37.9,19.4,0.41,4.13
WIS_COO_2,2/23/24,0.19,29.2,35.2,41.2,29,0.25,3.83
WIS_COO_2,2/24/24,0.03,26.8,35,43.1,32.2,0.17,2.41
WIS_COO_2,2/25/24,0,11.2,21,30.9,6.5,0.81,3.57
WIS_COO_2,2/26/24,0,12.5,24.9,37.3,12.1,0.83,5.33
WIS_COO_2,2/27/24,0,26.4,40.7,55.1,26.2,0.5,9.39
WIS_COO_2,2/28/24,0.49,29.4,44.1,58.7,41.5,0.34,8.78
WIS_COO_2,2/29/24,0.4,22.3,38.6,54.8,36.4,0.5,3.29
WIS_COO_2,3/1/24,0,16.6,23.7,30.7,9.5,0.58,3.88
WIS_COO_2,3/2/24,0,18.5,31.2,43.8,20.8,0.47,6.47
WIS_COO_2,3/3/24,0.56,35.2,40.5,45.7,41,0.19,1.36
WIS_COO_2,3/4/24,0,34.7,44.8,54.9,40.8,0.12,4.59
WIS_COO_2,3/5/24,0,38,47.1,56.2,41.5,0.13,5.57
WIS_COO_2,3/6/24,0.49,40.7,42.5,44.3,41.5,0.1,0.96
WIS_COO_2,3/7/24,1.42,42.1,46.1,50,45.2,0.17,1.53
WIS_COO_2,3/8/24,0.06,28.5,37.9,47.4,35.2,0.26,2.61
WIS_COO_2,3/9/24,0,30.2,41.9,53.6,27.6,0.39,9.62
WIS_COO_2,3/10/24,1.07,34.4,37,39.6,34.3,0.1,2.1
WIS_COO_2,3/11/24,0.02,27.3,35.2,43.1,26.7,0.26,3.61
WIS_COO_2,3/12/24,0,30.2,36.7,43.3,17.9,1.72,6.57
WIS_COO_2,3/13/24,0,31.3,43.6,55.9,24.4,1.2,10.97
WIS_COO_2,3/14/24,0,33.8,50.1,66.3,32.7,0.76,15.06
WIS_COO_2,3/15/24,0,38.7,52.6,66.5,34.7,1.1,16.58
WIS_COO_2,3/16/24,0,34,46.1,58.2,38.7,0.31,6.29
WIS_COO_2,3/17/24,0.01,36.3,45.8,55.4,32.8,0.63,9.73
WIS_COO_2,3/18/24,0,28,40.3,52.7,29.3,0.47,8.04
WIS_COO_2,3/19/24,0,28.4,36.3,44.2,18.6,1.03,6.63
WIS_COO_2,3/20/24,0,29.5,35.1,40.6,20.2,0.9,5.61
WIS_COO_2,3/21/24,0.11,22.5,32.8,43.1,20.9,0.45,4.86
WIS_COO_2,3/22/24,0,19.1,26.9,34.7,8.1,1.28,4.57
WIS_COO_2,3/23/24,0.2,21.5,28.7,35.8,13.2,0.23,5.18
WIS_COO_2,3/24/24,2.1,19.6,28,36.4,26.1,0.11,1.87
WIS_COO_2,3/25/24,0,21,29.2,37.4,18.9,0.45,4.12
WIS_COO_2,3/26/24,0,27.4,37.3,47.3,19.3,1.31,7.18
WIS_COO_2,3/27/24,0,35,42.9,50.7,33,0.5,5.86
WIS_COO_2,3/28/24,0.55,37.2,43.1,49.1,41.5,0.13,3.53
WIS_COO_2,3/29/24,0.02,35.3,39.8,44.3,32,0.29,3.69
WIS_COO_2,3/30/24,0,32.9,40.8,48.6,22,2.17,7.64
WIS_COO_2,3/31/24,0,33.4,44.4,55.5,23.5,2.05,10.68
WIS_COO_2,4/1/24,0,34.4,44.5,54.6,29.7,1.16,8.85
WIS_COO_2,4/2/24,0,35.8,44.3,52.8,32.5,0.75,7.27
WIS_COO_2,4/3/24,0.43,36.4,40.9,45.5,36.7,0.26,4.08
WIS_COO_2,4/4/24,1.18,32,35.3,38.5,32.5,0.27,1.49
WIS_COO_2,4/5/24,0.09,29.9,33.8,37.7,30.1,0.22,1.96
WIS_COO_2,4/6/24,0,32.5,37.1,41.6,28.8,0.56,3.75
WIS_COO_2,4/7/24,0,33.1,39.5,45.9,29.3,0.83,4.9
WIS_COO_2,4/8/24,0,28.7,40.7,52.8,26.1,0.8,8.63
WIS_COO_2,4/9/24,0,36,48.8,61.6,28.2,1.78,14.16
WIS_COO_2,4/10/24,0,42.1,57,71.8,35.8,2.05,19.71
WIS_COO_2,4/11/24,0.2,47.2,52.9,58.6,46.6,0.38,8.32
WIS_COO_2,4/12/24,0.5,49.3,55.7,62.2,54.2,0.49,2.63
WIS_COO_2,4/13/24,0.29,43.3,52.1,60.9,46,0.71,6.04
WIS_COO_2,4/14/24,0.04,37.4,42.3,47.2,33.8,1.22,4.48
WIS_COO_2,4/15/24,0.22,40.6,48.8,56.9,41.5,0.18,8.17
WIS_COO_2,4/16/24,0,36.2,51.8,67.3,36.7,0.68,14.04
WIS_COO_2,4/17/24,0,36.7,51.1,65.5,31.1,1.26,15.76
WIS_COO_2,4/18/24,0.36,40.5,50.2,59.8,38.6,0.22,10.59
WIS_COO_2,4/19/24,0.04,40.4,42.6,44.7,37.7,0.59,2.68
WIS_COO_2,4/20/24,0.14,43,50.1,57.2,40.7,0.28,8.54
WIS_COO_2,4/21/24,0,30,44.9,59.7,32.6,0.31,11.07
WIS_COO_2,4/22/24,0,31.9,39.3,46.7,24.2,1.57,6.68
WIS_COO_2,4/23/24,0,29,42.1,55.2,21.9,1.17,11.24
WIS_COO_2,4/24/24,0,38.7,51,63.3,29.4,2.27,14.57
WIS_COO_2,4/25/24,0.01,29.5,45.7,61.9,31,1.76,10.92
WIS_COO_2,4/26/24,0,28.9,41.8,54.6,18.2,1.01,11.8
WIS_COO_2,4/27/24,0,33.2,46.9,60.7,22.8,1.5,14.65
WIS_COO_2,4/28/24,0.02,43,52.5,62,32.3,1.01,13.55
WIS_COO_2,4/29/24,0.04,47.3,59.7,72,54,0.5,12.66
WIS_COO_2,4/30/24,0,52.1,63.1,74.2,52.7,1.38,12.48
WIS_COO_2,5/1/24,0.16,52.3,58.5,64.6,51.2,0.38,7.43
WIS_COO_2,5/2/24,0,50.8,61.6,72.5,51.4,0.36,14.69
WIS_COO_2,5/3/24,0,45.9,61.6,77.2,46.2,0.64,21.77
WIS_COO_2,5/4/24,0,43,54.2,65.5,44.5,0.38,10.75
WIS_COO_2,5/5/24,0.15,45.4,56.1,66.8,44.4,0.47,12.04
WIS_COO_2,5/6/24,0.54,46.1,49.5,52.9,46.9,0.29,1.35
WIS_COO_2,5/7/24,0,44,56.8,69.7,52.2,0.29,8.24
WIS_COO_2,5/8/24,0.44,48.1,61.7,75.3,44.2,0.46,21.74
WIS_COO_2,5/9/24,0.2,50.1,65.5,80.9,52.1,0.34,22.98
WIS_COO_2,5/10/24,0.3,45.9,54,62.1,44.5,0.45,9.26
WIS_COO_2,5/11/24,0.05,37.6,45.7,53.9,41,0.16,5.85
WIS_COO_2,5/12/24,0.03,43.1,51.7,60.3,40.2,0.31,10.07
WIS_COO_2,5/13/24,0.03,35.7,44.7,53.7,42,0.15,4.7
WIS_COO_2,5/14/24,0,43.9,55.4,66.9,47.1,0.31,12.16
WIS_COO_2,5/15/24,0.27,54.7,65.4,76,54.7,0.34,16.04
WIS_COO_2,5/16/24,0.14,56.7,60.4,64.1,56.7,0.51,3.87
WIS_COO_2,5/17/24,0.21,46.9,53.9,60.9,53.1,0.19,3.72
WIS_COO_2,5/18/24,0,50.7,61,71.2,52.1,0.91,12.4
WIS_COO_2,5/19/24,0,54,61.9,69.8,52.6,1.09,10.8
WIS_COO_2,5/20/24,0,48,60.4,72.9,53,0.11,12.61
WIS_COO_2,5/21/24,0,54.4,66.9,79.4,56.6,0.49,17.16
WIS_COO_2,5/22/24,0,59.7,72.2,84.6,59.8,1.63,23.02
WIS_COO_2,5/23/24,0,64,74.9,85.8,61.5,1.88,23.52
WIS_COO_2,5/24/24,0.29,50.5,64.1,77.7,58,0.36,14.51
WIS_COO_2,5/25/24,0,48.6,64.7,80.7,48.1,1.01,24.69
WIS_COO_2,5/26/24,0,57.3,67.7,78.2,53.6,1.71,18.55
WIS_COO_2,5/27/24,0,64.6,73.3,82,62.1,1.25,18.18
WIS_COO_2,5/28/24,0.9,61,67.4,73.8,64.2,0.18,7.35
WIS_COO_2,5/29/24,0.01,50.7,63.1,75.5,54.7,0.14,15.43
WIS_COO_2,5/30/24,0.54,49.5,60.3,71.1,52.2,0.33,13.25
WIS_COO_2,5/31/24,0.04,41.6,53.8,65.9,44.4,0.5,12.25
WIS_COO_2,6/1/24,0,42.5,57.2,71.8,40.9,0.28,18.12
WIS_COO_2,6/2/24,0,45.5,62.5,79.6,47,0.04,24.11
WIS_COO_2,6/3/24,0,58.5,69,79.6,53.1,2.23,22.01
WIS_COO_2,6/4/24,0,52.8,67.3,81.8,53.8,0.33,24.67
WIS_COO_2,6/5/24,0,58.6,70.4,82.2,58.4,1.4,19.92
WIS_COO_2,6/6/24,0,64.4,72.3,80.2,63.2,0.83,15.85
WIS_COO_2,6/7/24,0.28,58.8,68.4,78,63.7,0.15,10.36
WIS_COO_2,6/8/24,0.07,48.1,62.6,77.1,54.1,0.25,16.97
WIS_COO_2,6/9/24,0,54.6,63.4,72.3,52,0.9,14.14
WIS_COO_2,6/10/24,0.16,51.5,60,68.5,51.7,0.44,10.38
WIS_COO_2,6/11/24,0,49.5,59.2,68.9,49.7,0.52,11.39
WIS_COO_2,6/12/24,0,48.4,56.5,64.6,51.7,0.07,7.57
WIS_COO_2,6/13/24,0,46.8,58.8,70.9,51.7,0.25,12.12
WIS_COO_2,6/14/24,0,58.8,71,83.2,56.8,1.96,23.89
WIS_COO_2,6/15/24,0.18,54.8,66.2,77.6,61.3,0.29,10.7
WIS_COO_2,6/16/24,0,45.9,60.3,74.7,45.8,0.92,18.72
WIS_COO_2,6/17/24,0,54.3,65.4,76.6,49.4,1.04,20.4
WIS_COO_2,6/18/24,0,63.4,73.9,84.5,62.8,1.81,19.08
WIS_COO_2,6/19/24,0,66.1,78,89.8,66.9,2.42,22.81
WIS_COO_2,6/20/24,0,65.8,78.3,90.7,66.8,1.98,23.37
WIS_COO_2,6/21/24,0,66.3,78.9,91.6,67.9,0.74,25.97
WIS_COO_2,6/22/24,0.35,66.3,77.7,89.1,69,0.02,22.66
WIS_COO_2,6/23/24,1.19,68.1,77.7,87.3,69.3,0.49,17.66
WIS_COO_2,6/24/24,0.16,66.6,76.3,86,68.7,0.59,15.04
WIS_COO_2,6/25/24,0.02,53.2,63.4,73.5,55.3,0.15,12.56
WIS_COO_2,6/26/24,0,61.7,73.2,84.7,55.1,3.77,26.61
WIS_COO_2,6/27/24,0.36,61.6,74.3,87.1,62.5,0.61,23.9
WIS_COO_2,6/28/24,0,46.6,62.3,78,50.9,0.77,17.19
WIS_COO_2,6/29/24,0,58.2,66.5,74.8,45.9,3.85,19.79
WIS_COO_2,6/30/24,0.07,62.8,69.5,76.1,66.1,1.06,9.07
WIS_COO_2,7/1/24,1.51,56.9,69.1,81.3,62.7,1.05,9.36
WIS_COO_2,7/2/24,0,48.3,61.6,75,52.4,0.19,15.32
WIS_COO_2,7/3/24,0,54.6,67.6,80.7,54.9,0.52,21.17
WIS_COO_2,7/4/24,0,62.9,72.1,81.3,54.9,3.86,22.1
WIS_COO_2,7/5/24,0.17,68.5,74.1,79.6,67.4,0.95,9.42
WIS_COO_2,7/6/24,1.44,70.3,77.5,84.7,71.9,0.54,12.35
WIS_COO_2,7/7/24,0,65.6,77,88.5,70.5,0.4,17.56
WIS_COO_2,7/8/24,0,63.1,75.3,87.6,64.7,0.73,23.53
WIS_COO_2,7/9/24,0,66.9,77.7,88.5,66.1,0.62,25.81
WIS_COO_2,7/10/24,0.05,70.8,80.4,90,71.7,0.67,21.58
WIS_COO_2,7/11/24,0.05,73.5,80.9,88.2,71.9,2.27,16.34
WIS_COO_2,7/12/24,0,63.6,73,82.4,65.2,0.78,15.84
WIS_COO_2,7/13/24,0.03,71.8,78,84.2,68.6,2.24,17.16
WIS_COO_2,7/14/24,0,62.3,74.7,87.2,66.3,0.62,22.03
WIS_COO_2,7/15/24,0.01,67.8,77.3,86.9,65.7,1.36,22.31
WIS_COO_2,7/16/24,0.7,65.9,77.5,89,69.2,0.71,21.16
WIS_COO_2,7/17/24,0.12,64.7,77.2,89.7,68.3,0.65,21.24
WIS_COO_2,7/18/24,1.12,68,77.9,87.9,68.2,0.86,20.1
WIS_COO_2,7/19/24,0,54.2,67.4,80.6,57.8,0.69,18.34
WIS_COO_2,7/20/24,0,54.5,66.9,79.3,55.9,0.38,19.35
WIS_COO_2,7/21/24,0.41,61.6,71.3,81.1,63.4,0.35,16.13
WIS_COO_2,7/22/24,0,60,71,82,61.3,0.45,19.58
WIS_COO_2,7/23/24,0.09,65.7,73.3,80.9,65.9,0.82,14.05
WIS_COO_2,7/24/24,0.02,66.7,71.5,76.3,66.3,0.77,8.95
WIS_COO_2,7/25/24,0,69.7,74.8,79.9,68.2,2,10.94
WIS_COO_2,7/26/24,0,57.1,68.1,79.1,57.6,1.72,17.36
WIS_COO_2,7/27/24,0,54.4,67,79.7,55.3,0.55,20.11
WIS_COO_2,7/28/24,0,55.6,68.7,81.7,57.2,0.52,21.39
WIS_COO_2,7/29/24,0.04,62.2,72.4,82.5,61.8,0.62,20.1
WIS_COO_2,7/30/24,0.04,63.7,71,78.4,65.2,0.48,11.77
WIS_COO_2,7/31/24,0.02,70.4,78,85.7,68.7,1.31,17.92
WIS_COO_2,8/1/24,0.71,65.5,73.7,81.9,69.8,0.37,10.25
WIS_COO_2,8/2/24,0,66,77,88,67.7,0.72,22.77
WIS_COO_2,8/3/24,1.06,69.5,77.8,86,70.3,0.56,15.53
WIS_COO_2,8/4/24,0.13,69.8,76.8,83.8,70.2,0.69,13.65
WIS_COO_2,8/5/24,0.07,62.7,71.5,80.3,67.8,0.37,10.01
WIS_COO_2,8/6/24,0.55,66.9,76.3,85.6,66.5,0.52,21.06
WIS_COO_2,8/7/24,0.51,59.8,67.9,76,63.8,0.6,7.94
WIS_COO_2,8/8/24,0.12,58.5,63.4,68.3,59.4,0.41,6.23
WIS_COO_2,8/9/24,0.21,62.9,66.8,70.8,62.5,0.61,6.46
WIS_COO_2,8/10/24,1.17,67.2,73.4,79.6,70.9,0.69,7.2
WIS_COO_2,8/11/24,0,55.6,68.2,80.7,59.9,0.59,17.82
WIS_COO_2,8/12/24,0,52.6,65.3,78.1,55.7,0.28,17.92
WIS_COO_2,8/13/24,0,51.1,62.9,74.8,55.4,0.27,14.36
WIS_COO_2,8/14/24,0,55.9,66.2,76.6,57.3,0.45,14.98
WIS_COO_2,8/15/24,0,56.9,69,81.1,59.3,0.65,18.82
WIS_COO_2,8/16/24,0,59.4,70.4,81.4,62,0.51,17.32
WIS_COO_2,8/17/24,0,62.6,73,83.4,64.6,0.57,18.83
WIS_COO_2,8/18/24,0.01,65.2,71,76.8,63.9,1.52,9.94
WIS_COO_2,8/19/24,0.15,64.1,68.4,72.8,64.6,0.56,6.41
WIS_COO_2,8/20/24,0.28,54.5,67.4,80.4,61.2,0.5,12.05
WIS_COO_2,8/21/24,0,44.9,55.1,65.2,47,0.22,10.32
WIS_COO_2,8/22/24,0.05,46,57.5,69,48.9,0.29,12.41
WIS_COO_2,8/23/24,0,49.1,60.7,72.2,52.3,0.39,13.47
WIS_COO_2,8/24/24,0,53.1,65.1,77.2,53.8,0.68,18.27
WIS_COO_2,8/25/24,0,55.9,67.9,79.8,56.6,0.75,19.3
WIS_COO_2,8/26/24,0.88,57.4,69.4,81.4,61.1,0.28,18.21
WIS_COO_2,8/27/24,0,56.7,68.8,80.9,60.2,0.38,18.04
WIS_COO_2,8/28/24,0,58,69.8,81.6,62,0,19.59
WIS_COO_2,8/29/24,0,62.1,73.8,85.5,64.2,3.21,17.41
WIS_COO_2,8/30/24,0,59.3,64.9,70.5,56.9,1.23,9.12
WIS_COO_2,8/31/24,0.02,59.1,66.1,73.2,55.1,1.51,13.69
WIS_COO_2,9/1/24,0,62.8,68.3,73.8,64.9,0.97,7.33
WIS_COO_2,9/2/24,0,58,68.8,79.7,63.3,1.09,12.35
WIS_COO_2,9/3/24,0,42.9,57.2,71.6,46.9,0.49,14.76
WIS_COO_2,9/4/24,0,44.4,57.2,70.1,45.6,0.28,15.49
WIS_COO_2,9/5/24,0,48.8,61.9,75,51.2,0.43,16.75
WIS_COO_2,9/6/24,0,46.9,60.9,75,50.3,0.41,17.39
WIS_COO_2,9/7/24,0,55.3,65.2,75.2,58.8,0.52,12.08
WIS_COO_2,9/8/24,0.43,45.9,57.5,69.2,53.8,0.23,5.77
WIS_COO_2,9/9/24,0,43.5,54.4,65.3,42.2,0.85,12.98
WIS_COO_2,9/10/24,0,49,59.4,69.9,50.8,0.7,12.02
WIS_COO_2,9/11/24,0,43.2,57.5,71.9,46.2,0.51,16.43
WIS_COO_2,9/12/24,0,47.9,61.2,74.5,48.8,0.62,18.04
WIS_COO_2,9/13/24,0,51.6,64.8,78.1,54.6,0.44,17.45
WIS_COO_2,9/14/24,0,53.7,66.6,79.4,58.1,0.37,16.53
WIS_COO_2,9/15/24,0,55.6,68.3,81,58.6,0.38,19.42
WIS_COO_2,9/16/24,0,48.9,63.6,78.3,55.8,0.32,15.6
WIS_COO_2,9/17/24,0,48.9,64.2,79.5,50.3,0.35,23.88
WIS_COO_2,9/18/24,0,52,65.3,78.7,52.5,0.62,22.25
WIS_COO_2,9/19/24,0,50.8,62.2,73.5,54.3,0.57,13.68
WIS_COO_2,9/20/24,0,53.2,66.5,79.7,57.8,0.61,17.36
WIS_COO_2,9/21/24,0,57.2,65.3,73.5,57,1.83,11.49
WIS_COO_2,9/22/24,0,48.5,60.2,71.9,51.9,0.38,12.81
WIS_COO_2,9/23/24,0,47.8,58.8,69.8,49.6,0.64,11.61
WIS_COO_2,9/24/24,0,47,55.2,63.4,48.9,0.52,8.23
WIS_COO_2,9/25/24,0,51.5,58,64.5,49.7,0.94,9.06
WIS_COO_2,9/26/24,0.11,55.7,58.5,61.2,54.2,0.66,5.09
WIS_COO_2,9/27/24,0.56,58.1,62.3,66.4,60.3,0.54,1.83
WIS_COO_2,9/28/24,0,58.1,65.3,72.5,56.9,0.77,13.4
WIS_COO_2,9/29/24,0.16,58.2,65.2,72.3,57,1.26,11.27
WIS_COO_2,9/30/24,0.05,51.6,56.6,61.5,54.4,0.25,4
WIS_COO_2,10/1/24,0,51,61.8,72.6,54.8,0.24,11.83
WIS_COO_2,10/2/24,0,50.8,60.3,69.9,51,0.55,12.3
WIS_COO_2,10/3/24,0,53.7,59.4,65,51.5,1.02,8.97
WIS_COO_2,10/4/24,0,47.9,59.8,71.7,52.7,0.31,12.06
WIS_COO_2,10/5/24,0,50.8,61.7,72.6,54.9,0.32,12.5
WIS_COO_2,10/6/24,0,38.5,54,69.4,44.3,0.25,14.66
WIS_COO_2,10/7/24,0,41.1,55.6,70.2,49,0.35,15.34
WIS_COO_2,10/8/24,0,38.9,54.1,69.2,45.3,0.28,13.77
WIS_COO_2,10/9/24,0,37.8,50.9,64.1,39.6,0.28,12.91
WIS_COO_2,10/10/24,0.01,36.3,49.3,62.2,37.8,0.33,12.47
WIS_COO_2,10/11/24,0,36.3,46.5,56.7,35.4,0.6,8.64
WIS_COO_2,10/12/24,0,40.3,53.3,66.3,40.3,1.08,14.67
WIS_COO_2,10/13/24,0.02,33.6,51.2,68.8,33.1,0.53,18.83
WIS_COO_2,10/14/24,0.67,41.7,45.4,49.1,43.5,0.24,2.46
WIS_COO_2,10/15/24,0.06,29.5,43.9,58.3,37.9,0.11,7.5
WIS_COO_2,10/16/24,0.01,30,41.8,53.6,33.3,0.05,7.69
WIS_COO_2,10/17/24,0,27.8,41,54.2,31.7,0.23,7.97
WIS_COO_2,10/18/24,0,29.7,43.2,56.6,32.5,0.28,9.47
WIS_COO_2,10/19/24,0,31.3,47.7,64.1,33.4,0.28,14.45
WIS_COO_2,10/20/24,0,30.1,49.4,68.7,33.7,0.2,17.77
WIS_COO_2,10/21/24,0,32.2,51.8,71.4,36.4,0.17,19.58
WIS_COO_2,10/22/24,0,38.9,58.5,78.1,46.1,0.16,21.82
WIS_COO_2,10/23/24,0,45.8,63.1,80.3,49.4,0.74,23.06
WIS_COO_2,10/24/24,0,46.4,60.8,75.2,48.2,0.54,20.09
WIS_COO_2,10/25/24,0,32.4,46.7,61,38,0.44,9.45
WIS_COO_2,10/26/24,0,33.6,46.2,58.9,34.3,0.42,10.83
WIS_COO_2,10/27/24,0,28.8,43.7,58.7,29,0.53,11.28
WIS_COO_2,10/28/24,0,27.5,40.1,52.7,23.8,0.57,9.88
WIS_COO_2,10/29/24,0,31.6,43.7,55.7,32.6,0.46,9.39
WIS_COO_2,10/30/24,0.11,43.7,49.4,55.2,46.8,0.57,4.65
WIS_COO_2,10/31/24,0,46.1,59.7,73.3,51.5,0.37,13.57
WIS_COO_2,11/1/24,0,47.9,62.6,77.4,52.9,0.77,18.76
WIS_COO_2,11/2/24,0,40.8,58.3,75.8,40.6,2,21.67
WIS_COO_2,11/3/24,0,26.1,39.2,52.4,29.7,0.31,7.27
WIS_COO_2,11/4/24,0,25,37,49,21.8,0.47,8.11
WIS_COO_2,11/5/24,0,32.4,43.1,53.8,38.3,0.8,6.97
WIS_COO_2,11/6/24,0,52,62.2,72.3,51.8,2.08,14.61
WIS_COO_2,11/7/24,0,47.5,61.9,76.3,53.8,0.47,15.89
WIS_COO_2,11/8/24,0,30.4,47.2,64,37.8,0.22,11.17
WIS_COO_2,11/9/24,0,29.2,45.5,61.9,30,0.48,13.05
WIS_COO_2,11/10/24,0,24.8,36.5,48.2,19.9,0.63,8.18
WIS_COO_2,11/11/24,0.18,29.1,41.2,53.3,35.1,0.34,9.27
WIS_COO_2,11/12/24,0,41.9,51.8,61.8,41.6,0.55,9.51
WIS_COO_2,11/13/24,0,28.7,37.4,46.2,22.6,1.78,5.73
WIS_COO_2,11/14/24,0,20.8,32.6,44.4,17.5,0.56,6.65
WIS_COO_2,11/15/24,0,21.4,33,44.5,14.6,0.7,7.89
WIS_COO_2,11/16/24,0,26.5,38.4,50.3,17.2,1.47,9.3
WIS_COO_2,11/17/24,0,28.9,42.8,56.8,22.7,0.67,11.89
WIS_COO_2,11/18/24,0.04,31.4,43.7,56,26.7,0.96,11.09
WIS_COO_2,11/19/24,0,32.6,45.6,58.7,33.4,0.82,10.23
WIS_COO_2,11/20/24,0,32.5,42.4,52.4,32.3,0.74,7.35
WIS_COO_2,11/21/24,0.33,40.2,48.5,56.9,36.1,0.2,9.5
WIS_COO_2,11/22/24,1.51,32.6,38.1,43.6,37.7,0.18,0.97
WIS_COO_2,11/23/24,0.4,32.5,35.2,37.8,33.3,0.12,0.97
WIS_COO_2,11/24/24,0,35.3,39.9,44.4,32.8,0.37,3.77
WIS_COO_2,11/25/24,0,27.9,36.2,44.5,27.1,0.73,5.04
WIS_COO_2,11/26/24,0,27.4,36.7,46,27.2,0.5,5.95
WIS_COO_2,11/27/24,0.24,27.9,38.7,49.4,34.8,0,3.53
WIS_COO_2,11/28/24,0.17,27.9,36.8,45.7,28.9,0.22,5.42
WIS_COO_2,11/29/24,0.69,30,34.2,38.4,32.3,0.12,1.69
WIS_COO_2,11/30/24,0,20.2,30.3,40.3,25.2,0.05,3.67
WIS_COO_2,12/1/24,0,17.1,25.8,34.5,15.9,0.54,3.5
WIS_COO_2,12/2/24,0,15.7,24.5,33.2,13.7,0.38,3.69
WIS_COO_2,12/3/24,0,17.3,25.6,33.9,17.7,0.35,3.21
WIS_COO_2,12/4/24,0.04,13.6,24.3,34.9,18.5,0.27,3.04
WIS_COO_2,12/5/24,0.23,13.8,23.8,33.9,23.2,0.17,2.97
WIS_COO_2,12/6/24,0.05,22.3,28.6,34.9,21,0.16,2.74
WIS_COO_2,12/7/24,0,17,22.6,28.3,11.1,0.61,2.9
WIS_COO_2,12/8/24,0.04,20.9,27.9,34.9,19.6,0.44,3.37
WIS_COO_2,12/9/24,0,28.8,37.3,45.7,27.1,0.42,5.63
WIS_COO_2,12/10/24,0.28,30.9,37,43,35.4,0.16,3.37
WIS_COO_2,12/11/24,0.36,37.1,41.4,45.8,37.2,0.21,0.81
WIS_COO_2,12/12/24,1.87,30.9,45,59.1,41.5,0.16,2.81
WIS_COO_2,12/13/24,0,16.3,25.9,35.6,10.5,0.77,4.43
WIS_COO_2,12/14/24,0,11.6,19.9,28.1,8,0.35,3.17
WIS_COO_2,12/15/24,0,11.9,20.9,29.9,10.8,0.36,3.12
WIS_COO_2,12/16/24,0.08,15,24.5,34,21.3,0.18,3.12
WIS_COO_2,12/17/24,0.32,31.6,39.5,47.4,36.9,0.14,1.09
WIS_COO_2,12/18/24,0,26.7,39.2,51.6,35,0.07,4.65
WIS_COO_2,12/19/24,0.33,27.1,37.1,47.2,33.7,0.09,4.79
WIS_COO_2,12/20/24,0,26.5,31.6,36.6,22.5,0.66,3.11
WIS_COO_2,12/21/24,0.07,21.7,26,30.2,23.4,0.31,1.6
WIS_COO_2,12/22/24,0,4.3,13.6,23,6,0.4,1.74
WIS_COO_2,12/23/24,0,-1.1,5.4,11.9,-4.3,0.27,1.31
WIS_COO_2,12/24/24,0.06,0.6,12.7,24.7,4.6,0.32,2.77
WIS_COO_2,12/25/24,0.01,20.7,25.2,29.6,21.2,0.36,1.39
WIS_COO_2,12/26/24,0,9.1,18.3,27.5,12,0.27,1.84
WIS_COO_2,12/27/24,0,9.2,19.7,30.2,9.9,0.42,2.86
WIS_COO_2,12/28/24,0.1,5.2,21,36.8,20.1,0.11,3.85
WIS_COO_2,12/29/24,0.13,34,39,44.1,36.3,0.37,1.56
WIS_COO_2,12/30/24,0.62,39.2,47.3,55.3,46.7,0.18,2.33
WIS_COO_2,12/31/24,0.02,29.9,41.7,53.5,35,0.37,6.37
,,,,,,,,
WIS_KEN,1/1/24,0,30.8,35.5,40.2,27.3,0.46,3.96
WIS_KEN,1/2/24,0,20.4,31.2,42,24.5,0.3,3.64
WIS_KEN,1/3/24,0,20.9,30.9,40.8,21.6,0.3,4.72
WIS_KEN,1/4/24,0,22.5,30.7,38.9,26.6,0.24,3.12
WIS_KEN,1/5/24,0,17.9,30.3,42.7,17.6,0.56,5.01
WIS_KEN,1/6/24,0,18.1,27.3,36.6,17,0.26,4.11
WIS_KEN,1/7/24,0.99,20.7,26.8,32.8,24.9,0.22,2.32
WIS_KEN,1/8/24,0.17,25.8,29.7,33.7,27.6,0.11,1.66
WIS_KEN,1/9/24,0,18.6,29.7,40.9,21.9,0.22,4.25
WIS_KEN,1/10/24,1.96,22,38.4,54.8,38.4,0.18,2.93
WIS_KEN,1/11/24,0,38.4,43.4,48.4,29.6,2.2,5.85
WIS_KEN,1/12/24,0,29.8,36.5,43.3,27.3,0.72,4.71
WIS_KEN,1/13/24,0.41,29,39.9,50.7,33.6,0.39,6.32
WIS_KEN,1/14/24,0.02,29.5,43.5,57.5,27.2,0.49,5.94
WIS_KEN,1/15/24,0,17,27.6,38.1,9.5,1.22,5.06
WIS_KEN,1/16/24,0.07,17.5,22.8,28.1,10,0.39,3.56
WIS_KEN,1/17/24,0.11,11.1,18.2,25.4,14.4,0.31,1.53
WIS_KEN,1/18/24,0,12.1,17.6,23.1,1,0.9,2.72
WIS_KEN,1/19/24,0,15,21,26.9,13.8,0.58,2.58
WIS_KEN,1/20/24,0.08,11.5,18.8,26.1,13.3,0.33,1.57
WIS_KEN,1/21/24,0,6.6,14.2,21.8,4.1,0.38,2.23
WIS_KEN,1/22/24,0,5.7,16.9,28.2,5.8,0.23,3.24
WIS_KEN,1/23/24,0,8,21.8,35.7,14,0.32,4.39
WIS_KEN,1/24/24,0.09,32.2,35.1,37.9,29.7,0.23,3.35
WIS_KEN,1/25/24,0.71,33.4,38,42.5,36.1,0.12,0.64
WIS_KEN,1/26/24,0.4,38.3,45.3,52.3,43,0.22,2.06
WIS_KEN,1/27/24,0.06,37.5,39.9,42.4,38.8,0.1,0.97
WIS_KEN,1/28/24,0.29,36.1,39.9,43.6,35.7,0.27,2.58
WIS_KEN,1/29/24,0.7,32.7,34.9,37.1,32.8,0.13,1.17
WIS_KEN,1/30/24,0,30.1,32.9,35.8,26.8,0.66,1.99
WIS_KEN,1/31/24,0,30.3,32.5,34.7,25.6,0.62,2.58
WIS_KEN,2/1/24,0,28,31.8,35.6,29.2,0.25,1.6
WIS_KEN,2/2/24,0.04,31.4,36.4,41.4,32.8,0.34,2.73
WIS_KEN,2/3/24,0.02,28.4,34.8,41.1,28.9,0.25,2.86
WIS_KEN,2/4/24,0,23.1,31.7,40.3,19.2,0.95,4.81
WIS_KEN,2/5/24,0,22.4,32.6,42.8,19,0.72,5.63
WIS_KEN,2/6/24,0,21.2,30.8,40.4,13,1.11,5.68
WIS_KEN,2/7/24,0,19.8,29.9,39.9,17.8,0.4,4.95
WIS_KEN,2/8/24,0,22.1,33.9,45.8,21.9,0.44,6.64
WIS_KEN,2/9/24,0,26.3,39.3,52.2,25.5,0.55,9.35
WIS_KEN,2/10/24,0,31,42.9,54.8,33.8,0.28,7.86
WIS_KEN,2/11/24,0.04,32.7,45.3,57.9,39.6,0.16,7.13
WIS_KEN,2/12/24,0,24.3,35.2,46.1,27.8,0.17,5.23
WIS_KEN,2/13/24,0.21,25.7,32.8,39.8,26.9,0.23,3.26
WIS_KEN,2/14/24,0.19,23,30.8,38.7,22.5,0.25,3.77
WIS_KEN,2/15/24,0,15.7,24.8,33.9,9,0.75,4.52
WIS_KEN,2/16/24,0.01,18.4,28,37.6,16.4,0.84,5.05
WIS_KEN,2/17/24,0.07,26.6,32.5,38.5,17.6,0.34,5.13
WIS_KEN,2/18/24,0.03,14.9,24.2,33.5,13.9,0.35,3.8
WIS_KEN,2/19/24,0,20.9,28.6,36.2,13.4,1.4,4.54
WIS_KEN,2/20/24,0,12.2,24.7,37.1,7.7,0.51,5.7
WIS_KEN,2/21/24,0,13.7,25.5,37.2,11.2,0.39,5.19
WIS_KEN,2/22/24,0,18.2,28.1,38.1,21.7,0.49,3.73
WIS_KEN,2/23/24,0.27,31.4,37.6,43.8,31.3,0.22,4.42
WIS_KEN,2/24/24,0.02,28.1,37.6,47,33.8,0.06,3.41
WIS_KEN,2/25/24,0,14.5,26.2,37.8,8.9,0.84,5.27
WIS_KEN,2/26/24,0,17.7,28.6,39.6,14.5,1.16,5.69
WIS_KEN,2/27/24,0,28.2,43.3,58.4,29.1,0.4,10.91
WIS_KEN,2/28/24,0.42,34.6,46.9,59.2,44.2,0.51,8.52
WIS_KEN,2/29/24,0.49,27,42.6,58.2,37.7,0.74,4.14
WIS_KEN,3/1/24,0,20.9,28.6,36.3,9.4,1.16,5.01
WIS_KEN,3/2/24,0.02,23.5,35.8,48.1,22.5,0.44,7.96
WIS_KEN,3/3/24,0.54,36.4,41.4,46.4,41.9,0.12,1.09
WIS_KEN,3/4/24,0,37.5,49.6,61.6,42.9,0.19,7.83
WIS_KEN,3/5/24,0,41.7,50.5,59.3,42.7,0.43,6.9
WIS_KEN,3/6/24,0.31,42.5,44.5,46.5,42.8,0.17,1.25
WIS_KEN,3/7/24,1.56,44.4,48.6,52.8,46.3,0.29,2.53
WIS_KEN,3/8/24,0.05,30.7,40.2,49.7,36.4,0.41,3.17
WIS_KEN,3/9/24,0,33.6,44.9,56.1,28.9,0.98,11.02
WIS_KEN,3/10/24,1.42,38.7,40.6,42.6,36.3,0.16,2.67
WIS_KEN,3/11/24,0.02,32.3,40.2,48.1,26.9,0.63,5.74
WIS_KEN,3/12/24,0,32.7,41.2,49.7,18.2,2.22,9.34
WIS_KEN,3/13/24,0,32.4,47.7,63.1,27.9,0.83,14.84
WIS_KEN,3/14/24,0,35.3,52.9,70.6,34.7,0.68,17.84
WIS_KEN,3/15/24,0,40.9,56.4,72,36,1.65,21.94
WIS_KEN,3/16/24,0,34.2,50.1,66,41.1,0.17,9.96
WIS_KEN,3/17/24,0,38.7,49.2,59.8,33,1.09,12.32
WIS_KEN,3/18/24,0,33.1,44.8,56.5,29.9,1.17,10.1
WIS_KEN,3/19/24,0,31.2,39.6,48,19.2,2.06,7.96
WIS_KEN,3/20/24,0,33,38.5,44,22.3,1.18,6.58
WIS_KEN,3/21/24,0.08,26.7,36.8,46.8,21.3,0.86,6.05
WIS_KEN,3/22/24,0,20.1,29.2,38.2,9.3,1.22,5.41
WIS_KEN,3/23/24,0.35,25.3,32.7,40,16.9,0.21,6.01
WIS_KEN,3/24/24,2.13,24.2,30.3,36.5,26.5,0.18,2.31
WIS_KEN,3/25/24,0,24.4,33.4,42.4,20.4,0.59,5.46
WIS_KEN,3/26/24,0,29.4,41.1,52.8,20.1,1.46,10.01
WIS_KEN,3/27/24,0,37,46.5,56.1,34.6,0.84,8.02
WIS_KEN,3/28/24,0.51,41.1,45.1,49.2,42.6,0.13,3.26
WIS_KEN,3/29/24,0,37.9,42.7,47.5,33.3,0.36,4.98
WIS_KEN,3/30/24,0,35.9,44.9,53.9,23.1,2.68,9.82
WIS_KEN,3/31/24,0,34.2,47.1,60,25.4,1.68,13.12
WIS_KEN,4/1/24,0,37.4,49,60.6,31.1,1.33,12.32
WIS_KEN,4/2/24,0.01,38.5,46.3,54,35.5,0.67,6.9
WIS_KEN,4/3/24,0.74,40.3,42.2,44,39.2,0.39,2.66
WIS_KEN,4/4/24,1.52,32.9,36.6,40.3,34.6,0.18,1.49
WIS_KEN,4/5/24,0.02,32.3,37.2,42.2,31,0.35,3.27
WIS_KEN,4/6/24,0,36.2,41,45.7,29.7,1.12,5.22
WIS_KEN,4/7/24,0,36.9,43.9,50.9,30.1,1.23,7.1
WIS_KEN,4/8/24,0,29,43.2,57.5,27.5,0.63,11.06
WIS_KEN,4/9/24,0,38.3,51.3,64.4,29.9,1.88,16.21
WIS_KEN,4/10/24,0,48.8,62.5,76.1,39.3,3.25,22.7
WIS_KEN,4/11/24,0.09,50.3,54.8,59.4,48.3,0.72,7.75
WIS_KEN,4/12/24,0.72,51.5,57.7,63.8,55.9,0.61,3.56
WIS_KEN,4/13/24,0.34,45.2,54.4,63.7,46.6,0.95,7
WIS_KEN,4/14/24,0.01,40.6,44.8,49,35.3,1.79,4.99
WIS_KEN,4/15/24,0.11,43.1,53.4,63.6,43.4,0.15,11.45
WIS_KEN,4/16/24,0,39.7,56.8,73.9,39.5,0.83,19.73
WIS_KEN,4/17/24,0,40,55,69.9,32.3,1.62,19.21
WIS_KEN,4/18/24,0.28,44.1,53.4,62.7,40.8,0.41,11.93
WIS_KEN,4/19/24,0.03,43.1,45,46.8,40.4,0.58,2.73
WIS_KEN,4/20/24,0.12,45.9,52.2,58.5,42.9,0.36,8.45
WIS_KEN,4/21/24,0,31.6,47.9,64.2,33.4,0.45,14.25
WIS_KEN,4/22/24,0,32.1,41,49.9,25.2,1.33,7.92
WIS_KEN,4/23/24,0,31.4,45.7,60,26.7,0.7,13.2
WIS_KEN,4/24/24,0,43.5,55.1,66.6,31.7,3.18,16.2
WIS_KEN,4/25/24,0,33.2,49.9,66.5,33.5,2.11,14.01
WIS_KEN,4/26/24,0,30.5,44.2,57.9,22.9,0.57,13.21
WIS_KEN,4/27/24,0,36,49.8,63.7,26.4,1.75,15.96
WIS_KEN,4/28/24,0.02,45.8,55.1,64.3,34.3,1.23,14.45
WIS_KEN,4/29/24,0.02,51.5,63,74.5,55.8,0.51,13.86
WIS_KEN,4/30/24,0,55.2,66.1,77,54.6,1.23,14.26
WIS_KEN,5/1/24,0.25,54.4,60.3,66.1,53.9,0.29,7.26
WIS_KEN,5/2/24,0,53.6,65.4,77.3,52.8,0.4,19.7
WIS_KEN,5/3/24,0,48.3,65.6,82.8,47.2,0.81,29.21
WIS_KEN,5/4/24,0,46.3,57.1,67.8,46.2,0.77,11.66
WIS_KEN,5/5/24,0.19,47,56.9,66.8,46,0.53,11.49
WIS_KEN,5/6/24,0.79,47.5,50.4,53.2,48.8,0.18,1.38
WIS_KEN,5/7/24,0,46.7,59.5,72.4,56.1,0.11,8.6
WIS_KEN,5/8/24,0.24,52.1,65.3,78.5,47.2,0.52,24.03
WIS_KEN,5/9/24,0.05,54.3,69.8,85.4,52.3,0.51,30.18
WIS_KEN,5/10/24,0.45,47.8,56.2,64.6,46.9,0.49,10.11
WIS_KEN,5/11/24,0.04,42.2,48.6,55,44.9,0.08,4.98
WIS_KEN,5/12/24,0.04,44.7,54.4,64.1,42,0.29,11.86
WIS_KEN,5/13/24,0.02,41.1,48,54.8,44.3,0.23,4.58
WIS_KEN,5/14/24,0,48.4,58.3,68.2,49.5,0.44,11.91
WIS_KEN,5/15/24,0.34,57,67.5,78,56.4,0.34,17.1
WIS_KEN,5/16/24,0.28,58.4,62.8,67.3,58.2,0.48,5.9
WIS_KEN,5/17/24,0.09,51.8,57.1,62.4,55.8,0.18,3.57
WIS_KEN,5/18/24,0,53.5,63,72.5,55.4,0.51,12.24
WIS_KEN,5/19/24,0,57.2,64.6,72.1,54.9,1.37,11.85
WIS_KEN,5/20/24,0,52.8,64.7,76.6,55.1,0.51,15.72
WIS_KEN,5/21/24,0,56.6,69.2,81.7,58.2,0.79,19.12
WIS_KEN,5/22/24,0,60.6,74.1,87.6,60.8,1.46,26.43
WIS_KEN,5/23/24,0.01,65.5,77.1,88.7,62.9,1.9,26.7
WIS_KEN,5/24/24,0.28,54.5,67.5,80.5,61.3,0.35,15.54
WIS_KEN,5/25/24,0,53.1,68.5,84,51.5,1.25,27.71
WIS_KEN,5/26/24,0,60.4,70.7,81.1,55.2,2.39,20.52
WIS_KEN,5/27/24,0.02,66.9,75.9,85,63.9,1.54,20.9
WIS_KEN,5/28/24,0.67,62,69.5,76.9,65.5,0.29,9.96
WIS_KEN,5/29/24,0,53.4,65.8,78.2,55.6,0.46,17.88
WIS_KEN,5/30/24,0.42,52.4,63.1,73.7,54.6,0.56,14.81
WIS_KEN,5/31/24,0,47.6,58.7,69.9,46.9,0.76,15.15
WIS_KEN,6/1/24,0,47.5,61.9,76.2,42.5,1.61,22.12
WIS_KEN,6/2/24,0,51,67.3,83.6,48.6,1.1,28.35
WIS_KEN,6/3/24,0,60.5,71.8,83,55.8,2.22,24.52
WIS_KEN,6/4/24,0,58.8,72,85.3,57.2,1.25,27.69
WIS_KEN,6/5/24,0,58.9,72.3,85.7,59.8,1.12,24.94
WIS_KEN,6/6/24,0.02,67.3,75,82.7,65.5,1.25,17.67
WIS_KEN,6/7/24,1,62.3,71.6,81,67,0.26,11.39
WIS_KEN,6/8/24,0,54.3,67.1,79.9,55.4,1.16,19.4
WIS_KEN,6/9/24,0,58.5,67.2,75.9,53.6,1.94,17.48
WIS_KEN,6/10/24,0.14,54,63.4,72.7,53.2,0.79,14.3
WIS_KEN,6/11/24,0,51.3,61.7,72.1,51,0.74,13.85
WIS_KEN,6/12/24,0,51.9,60.1,68.2,52.8,0.54,9.77
WIS_KEN,6/13/24,0,51.4,62.6,73.7,53,0.52,14.44
WIS_KEN,6/14/24,0,62.1,74.3,86.4,59.1,2.28,27.5
WIS_KEN,6/15/24,0.14,57.7,68.3,79,63.2,0.38,11.32
WIS_KEN,6/16/24,0,50.7,65.2,79.7,48.4,1.75,23.79
WIS_KEN,6/17/24,0,57.7,68.3,79,52.6,1.31,21.42
WIS_KEN,6/18/24,0,66.4,77.1,87.7,64.7,2.61,22.1
WIS_KEN,6/19/24,0,70.2,81.5,92.7,68.4,4.36,26.06
WIS_KEN,6/20/24,0,69.5,81.7,93.9,67.7,3.89,29.01
WIS_KEN,6/21/24,0,70.4,82.5,94.7,68.7,2.45,32.53
WIS_KEN,6/22/24,0.66,69.3,81.3,93.2,70.6,0.53,27.63
WIS_KEN,6/23/24,1.39,69.5,80.8,92.2,71,0.61,24.74
WIS_KEN,6/24/24,0.34,69.9,79.8,89.7,69.8,1.55,19.72
WIS_KEN,6/25/24,0,58.4,67.2,76,55.9,1.75,14.96
WIS_KEN,6/26/24,0,66.9,77.5,88,56,5.7,31.24
WIS_KEN,6/27/24,0.71,64,77.6,91.1,64.9,0.6,29
WIS_KEN,6/28/24,0,51.6,66.5,81.3,53.9,1.21,20.53
WIS_KEN,6/29/24,0,60.7,69,77.3,47.3,4.93,21.85
WIS_KEN,6/30/24,0.05,65.5,72.4,79.2,68.6,1.52,11.6
WIS_KEN,7/1/24,0.29,56.8,70.3,83.7,65.4,0.74,10.32
WIS_KEN,7/2/24,0,52.4,65.3,78.2,55.2,0.67,17.86
WIS_KEN,7/3/24,0,58.3,70.5,82.8,56.3,1.3,23.07
WIS_KEN,7/4/24,0,64.4,74.4,84.4,56.6,4.07,24.52
WIS_KEN,7/5/24,0.11,69.1,76.3,83.6,69.2,0.78,12.73
WIS_KEN,7/6/24,0.84,71.9,79.8,87.8,73.5,0.56,15.67
WIS_KEN,7/7/24,0,68.9,80.2,91.5,72.9,0.6,21.57
WIS_KEN,7/8/24,0,66.1,78.5,90.8,67.3,0.78,26.62
WIS_KEN,7/9/24,0,70.3,81.1,91.8,68.5,1.11,29.51
WIS_KEN,7/10/24,0,73.7,83.8,94,73.7,1.31,26.88
WIS_KEN,7/11/24,0.04,72.9,82,91.1,73.4,1.47,19.52
WIS_KEN,7/12/24,0,66.7,75.6,84.6,66.3,1.57,17.69
WIS_KEN,7/13/24,0,72.4,79.6,86.8,69.5,1.94,20.28
WIS_KEN,7/14/24,0.26,66.7,78.9,91,69.7,0.68,26.01
WIS_KEN,7/15/24,0,71.5,81.1,90.6,68.9,1.94,25.21
WIS_KEN,7/16/24,0.24,67.7,79.9,92.2,70.5,0.9,25.39
WIS_KEN,7/17/24,0.03,67.7,81,94.2,69.2,1.38,29.23
WIS_KEN,7/18/24,1.28,69.4,80.3,91.2,70.9,0.29,23.73
WIS_KEN,7/19/24,0,56.7,70.5,84.3,59.8,0.7,22.73
WIS_KEN,7/20/24,0,58.2,70.7,83.2,58.4,0.65,22.74
WIS_KEN,7/21/24,0.12,65,74.5,84,65.8,0.46,18.54
WIS_KEN,7/22/24,0,63.2,74.7,86.2,63,0.77,25.39
WIS_KEN,7/23/24,0.19,67.2,75.2,83.1,68,0.59,14.83
WIS_KEN,7/24/24,0.07,68.1,72.5,77,68.7,0.5,7.66
WIS_KEN,7/25/24,0.04,69.8,76.1,82.5,70.2,0.87,12.15
WIS_KEN,7/26/24,0,57.6,69.9,82.1,58.8,1.42,20.58
WIS_KEN,7/27/24,0,55.9,69.8,83.8,56.5,0.61,25.02
WIS_KEN,7/28/24,0,57.7,71.2,84.7,58.8,0.75,25.41
WIS_KEN,7/29/24,0.02,63.9,74.7,85.4,62.8,0.89,23.76
WIS_KEN,7/30/24,0.06,66.6,76.1,85.6,67.2,0.82,20.67
WIS_KEN,7/31/24,0,72.1,80.6,89,69.9,1.79,22.39
WIS_KEN,8/1/24,0.7,67.9,76.1,84.3,70.8,0.7,12.94
WIS_KEN,8/2/24,0,68.9,80.5,92.2,69.6,1.05,28.05
WIS_KEN,8/3/24,0.52,71.2,80.1,89,71.5,0.69,18.5
WIS_KEN,8/4/24,0.13,70.7,79,87.3,71.5,0.71,17.88
WIS_KEN,8/5/24,0.32,65.9,75.5,85,69.8,0.67,14.95
WIS_KEN,8/6/24,0.07,69.4,79.3,89.3,67.8,0.79,25.76
WIS_KEN,8/7/24,0.63,62.5,70.9,79.3,66.8,0.6,9.35
WIS_KEN,8/8/24,0.06,62.4,65.7,69.1,62.2,0.79,5.4
WIS_KEN,8/9/24,0.52,64.5,68.5,72.5,65,0.42,4.95
WIS_KEN,8/10/24,1.17,67.8,74.7,81.6,72.7,0.24,8.33
WIS_KEN,8/11/24,0,58.1,71.2,84.3,61,0.65,22.77
WIS_KEN,8/12/24,0,56.7,69.2,81.7,57,1,21.87
WIS_KEN,8/13/24,0,54.6,66.8,79,56.4,0.66,18.35
WIS_KEN,8/14/24,0,57.4,69.3,81.3,58.5,0.37,20.62
WIS_KEN,8/15/24,0,57.9,71.7,85.6,60.1,0.66,24.66
WIS_KEN,8/16/24,0,60.9,73,85.1,63.3,0.53,21.94
WIS_KEN,8/17/24,0,65.1,75.6,86,65.6,1.1,21.68
WIS_KEN,8/18/24,0.01,67.5,73.8,80,66.1,1.44,12.08
WIS_KEN,8/19/24,0.43,66.5,71.3,76.2,67.4,0.34,7.27
WIS_KEN,8/20/24,0.07,57.8,70.1,82.4,62.2,0.89,13.57
WIS_KEN,8/21/24,0,48.4,58.8,69.3,48.2,0.59,13.07
WIS_KEN,8/22/24,0,51.2,61.7,72.2,49.8,1.01,14.96
WIS_KEN,8/23/24,0,51.2,63.2,75.2,53.6,0.51,15.98
WIS_KEN,8/24/24,0,53.9,67.3,80.7,55.2,0.43,21.78
WIS_KEN,8/25/24,0,56.8,70,83.3,58.2,0.51,22.64
WIS_KEN,8/26/24,0.09,59.6,72.4,85.3,62,0.26,22.67
WIS_KEN,8/27/24,0,58.6,71.9,85.2,62,0.37,23.14
WIS_KEN,8/28/24,0,63.6,74.1,84.5,63.7,1.05,22.53
WIS_KEN,8/29/24,0,63.9,76.8,89.8,65.6,4.2,22.03
WIS_KEN,8/30/24,0.35,61.6,68,74.5,60.4,1.04,10.65
WIS_KEN,8/31/24,0,61.9,67.7,73.5,58.8,1.38,11.83
WIS_KEN,9/1/24,0.02,66.3,71.3,76.3,66.9,1.66,8.53
WIS_KEN,9/2/24,0.01,58.8,70.7,82.7,65.6,0.98,14.48
WIS_KEN,9/3/24,0,45.6,60.9,76.2,49.4,0.49,18.54
WIS_KEN,9/4/24,0,46.8,60.2,73.6,47.4,0.37,18
WIS_KEN,9/5/24,0,48.9,63.5,78,52.1,0.29,19.65
WIS_KEN,9/6/24,0,48.4,63.4,78.3,50.7,0.47,20.1
WIS_KEN,9/7/24,0,55.5,66.1,76.7,60.7,0.48,12.42
WIS_KEN,9/8/24,0.42,47.8,59.8,71.8,56.3,0.19,6.41
WIS_KEN,9/9/24,0,44.5,56.7,68.8,44.2,0.6,15.29
WIS_KEN,9/10/24,0,51.4,62.8,74.3,52.6,0.58,15.78
WIS_KEN,9/11/24,0,44.9,61.1,77.3,49.6,0.38,20.33
WIS_KEN,9/12/24,0,48.5,63.2,78,50.1,0.37,21.75
WIS_KEN,9/13/24,0,53,67.6,82.2,56.2,0.38,20.49
WIS_KEN,9/14/24,0,56.2,69.8,83.4,60.1,0.44,20.59
WIS_KEN,9/15/24,0,57.3,71,84.6,60.8,0.37,22.76
WIS_KEN,9/16/24,0,51.4,66.8,82.3,57.4,0.4,19.38
WIS_KEN,9/17/24,0,50.1,66.3,82.5,52.1,0.28,27
WIS_KEN,9/18/24,0,53.3,67,80.7,56,0.14,23.3
WIS_KEN,9/19/24,0,52.4,64.1,75.7,57.6,0.23,13.44
WIS_KEN,9/20/24,0,54.3,68.9,83.4,59.4,0.29,20.83
WIS_KEN,9/21/24,0,54.8,67.2,79.5,58.6,0.4,16.91
WIS_KEN,9/22/24,0,50.4,62.9,75.4,54.4,0.33,14.7
WIS_KEN,9/23/24,0,52.3,63.7,75,52.1,1.04,15.39
WIS_KEN,9/24/24,0,51,57.9,64.8,51.9,0.7,8.34
WIS_KEN,9/25/24,0,54,61.1,68.1,51.6,1.11,11.01
WIS_KEN,9/26/24,0.09,56.1,59.6,63,56.5,0.31,5.08
WIS_KEN,9/27/24,0.47,59.6,64.2,68.8,63.4,0.3,1.84
WIS_KEN,9/28/24,0,60.4,67.4,74.4,59.8,0.69,13.64
WIS_KEN,9/29/24,0.28,58.8,66.4,73.9,59.1,0.47,12.2
WIS_KEN,9/30/24,0.04,56.1,59.3,62.5,58,0.36,2.88
WIS_KEN,10/1/24,0,52.1,63.5,74.9,56.3,0.23,13.35
WIS_KEN,10/2/24,0,53.5,63.3,73,53.4,0.57,14.34
WIS_KEN,10/3/24,0,57.1,61.7,66.4,53.5,1.43,9.21
WIS_KEN,10/4/24,0,49.2,61.7,74.2,54,0.24,13.83
WIS_KEN,10/5/24,0,52.2,64.2,76.2,56.8,0.29,15.71
WIS_KEN,10/6/24,0,41.1,57.1,73.1,46.5,0.27,17.34
WIS_KEN,10/7/24,0,44.4,58.8,73.2,51.1,0.3,17.29
WIS_KEN,10/8/24,0,41.1,57,72.8,46.4,0.35,16.67
WIS_KEN,10/9/24,0,42.1,55.2,68.4,41.7,0.39,16.37
WIS_KEN,10/10/24,0,38.6,52.4,66.2,38.2,0.74,15.35
WIS_KEN,10/11/24,0,34.1,47.3,60.5,36,0.26,10.81
WIS_KEN,10/12/24,0,38.7,54.4,70.2,41.2,0.69,17.91
WIS_KEN,10/13/24,0.01,37.1,55.3,73.5,35,0.81,22.87
WIS_KEN,10/14/24,0.4,43.4,46.3,49.2,45.5,0.27,2.08
WIS_KEN,10/15/24,0,33.2,47.2,61.1,38.5,0.24,9.51
WIS_KEN,10/16/24,0,35,46.3,57.5,34.3,0.52,9.82
WIS_KEN,10/17/24,0,29.6,43.7,57.8,32.5,0.27,9.83
WIS_KEN,10/18/24,0,31.3,45.2,59.2,33,0.3,11.38
WIS_KEN,10/19/24,0,32.4,49.9,67.3,34.1,0.25,16.8
WIS_KEN,10/20/24,0,32.2,52,71.7,36.1,0.23,20.1
WIS_KEN,10/21/24,0,34.9,55.1,75.3,37.8,0.33,23.33
WIS_KEN,10/22/24,0,42.4,62.2,82,47.6,0.46,25.95
WIS_KEN,10/23/24,0,47.1,65.6,84.1,49.9,0.51,27.66
WIS_KEN,10/24/24,0,49.6,64.4,79.1,48.2,0.96,24.92
WIS_KEN,10/25/24,0,33.7,49.5,65.4,38.1,0.42,13.17
WIS_KEN,10/26/24,0,35.4,48.6,61.8,35.1,0.64,12.45
WIS_KEN,10/27/24,0,31.8,47.3,62.9,30.6,0.76,13.62
WIS_KEN,10/28/24,0,31.3,44.3,57.3,25.2,0.92,12.27
WIS_KEN,10/29/24,0,33.7,46.5,59.3,33.4,0.4,11.45
WIS_KEN,10/30/24,0.02,39.2,49.2,59.3,48.9,0.1,6.02
WIS_KEN,10/31/24,0,48.6,63,77.4,52,0.44,17.76
WIS_KEN,11/1/24,0,51.4,66.1,80.7,54.5,1.12,21.65
WIS_KEN,11/2/24,0,42.8,60.8,78.7,41.2,2.6,24.93
WIS_KEN,11/3/24,0,29.6,43.5,57.4,31,0.72,9.65
WIS_KEN,11/4/24,0,27.2,40.2,53.2,22.7,0.77,10.06
WIS_KEN,11/5/24,0,33.5,45.1,56.8,39.9,0.79,8.42
WIS_KEN,11/6/24,0,53,63.4,73.9,53.8,1.64,15.41
WIS_KEN,11/7/24,0,52.7,66.5,80.2,56.1,0.87,19.65
WIS_KEN,11/8/24,0,35.3,52.7,70.1,40.3,0.47,15.72
WIS_KEN,11/9/24,0,33.8,50.1,66.3,30.9,1.39,16.14
WIS_KEN,11/10/24,0,27.3,40.8,54.2,20.3,0.96,11.38
WIS_KEN,11/11/24,0.23,31.5,43.5,55.6,37.2,0.42,10.31
WIS_KEN,11/12/24,0,45.4,55.8,66.2,42.3,1.29,12.79
WIS_KEN,11/13/24,0,30.9,41,51.1,23.7,2.22,7.71
WIS_KEN,11/14/24,0,22.5,35.1,47.8,19.4,0.59,8.01
WIS_KEN,11/15/24,0,25.3,35.6,45.9,18.6,0.94,7.8
WIS_KEN,11/16/24,0,27.9,41.5,55.2,22.5,1.23,10.41
WIS_KEN,11/17/24,0,29.5,46.6,63.7,24.1,0.87,15.8
WIS_KEN,11/18/24,0,32.2,45.7,59.3,29.8,1.02,12.56
WIS_KEN,11/19/24,0,33.3,48.9,64.5,33.9,0.85,13.97
WIS_KEN,11/20/24,0,34.9,45.7,56.5,33.8,0.93,9.51
WIS_KEN,11/21/24,0.52,43,49.7,56.4,38.9,0.5,8.33
WIS_KEN,11/22/24,1.62,33,39.7,46.4,38.6,0.22,1.14
WIS_KEN,11/23/24,0.5,32.8,36,39.1,33.7,0.14,1.22
WIS_KEN,11/24/24,0,36.5,43.1,49.7,33.7,0.54,5.74
WIS_KEN,11/25/24,0,30.8,40.4,50,28,1.04,7.26
WIS_KEN,11/26/24,0.03,31.3,41,50.7,30.1,0.75,7.84
WIS_KEN,11/27/24,0.34,33,44.3,55.6,35.7,0.34,6.03
WIS_KEN,11/28/24,0.33,32.4,40.7,49,30.2,0.4,6.71
WIS_KEN,11/29/24,0.71,30.4,35.2,40,33,0.2,2.26
WIS_KEN,11/30/24,0,26.7,35,43.3,25.9,0.7,4.24
WIS_KEN,12/1/24,0,22.3,29.6,36.9,16.4,1.32,4.02
WIS_KEN,12/2/24,0,18,27.2,36.4,13.9,0.56,4.58
WIS_KEN,12/3/24,0,18.3,27.9,37.5,18.7,0.39,4.12
WIS_KEN,12/4/24,0,17.3,28,38.7,19,0.45,3.98
WIS_KEN,12/5/24,0.2,17.5,27.3,37,23.5,0.21,3.84
WIS_KEN,12/6/24,0,27,32.4,37.8,21.3,0.26,3.73
WIS_KEN,12/7/24,0,25.5,29,32.4,12.1,1.8,3.8
WIS_KEN,12/8/24,0,28.5,33.3,38.1,19.9,1.16,4.25
WIS_KEN,12/9/24,0,29.6,39.6,49.5,27.9,0.43,6.97
WIS_KEN,12/10/24,0.32,30.4,37.3,44.3,37.9,0.19,3.2
WIS_KEN,12/11/24,0.44,40.8,44.1,47.4,41,0.14,0.73
WIS_KEN,12/12/24,1.4,34,47.2,60.3,42.2,0.3,3.04
WIS_KEN,12/13/24,0,22,30.2,38.5,10.9,1.71,5.26
WIS_KEN,12/14/24,0,11.8,22.1,32.3,8.5,0.3,4.25
WIS_KEN,12/15/24,0,11.7,21.9,32.2,12.1,0.23,3.58
WIS_KEN,12/16/24,0.28,13.1,23.8,34.5,22.9,0.18,3.08
WIS_KEN,12/17/24,0.26,31.5,38.2,44.8,36.9,0.06,0.61
WIS_KEN,12/18/24,0,28.7,42.1,55.6,36,0.2,6.76
WIS_KEN,12/19/24,0.3,28.6,39.3,50.1,35,0.11,5.97
WIS_KEN,12/20/24,0,27.9,34.8,41.6,23.9,0.61,4.42
WIS_KEN,12/21/24,0.12,25.2,28,30.8,24.7,0.34,1.55
WIS_KEN,12/22/24,0,7.8,17.9,28.1,8,0.46,2.65
WIS_KEN,12/23/24,0,-1.3,7.8,16.9,-3,0.22,1.84
WIS_KEN,12/24/24,0.07,-1.2,11.8,24.8,5.8,0.24,2.7
WIS_KEN,12/25/24,0.01,22.4,28.1,33.8,22.8,0.34,2.09
WIS_KEN,12/26/24,0,8.3,20.4,32.6,14.2,0.23,2.78
WIS_KEN,12/27/24,0,7,18.4,29.8,11.2,0.17,2.42
WIS_KEN,12/28/24,0.12,8.8,21.7,34.6,21.6,0.12,2.74
WIS_KEN,12/29/24,0.14,32.9,36.5,40,37.2,0,0.18
WIS_KEN,12/30/24,0.46,37,47,56.9,47.8,0.07,2.67
WIS_KEN,12/31/24,0,33.8,44.8,55.7,35.4,0.69,7.59
,,,,,,,,
ZUE_REE,1/1/24,0.01,27.6,30.7,33.9,28.2,0.19,1.43
ZUE_REE,1/2/24,0.01,26,27.3,28.7,22.8,0.6,1.18
ZUE_REE,1/3/24,0,29.3,32.8,36.2,26.3,0.67,2.33
ZUE_REE,1/4/24,0,31.3,33.2,35.1,28.8,0.43,1.77
ZUE_REE,1/5/24,0.03,21.6,26.5,31.3,17.4,0.61,1.96
ZUE_REE,1/6/24,0,24.2,27.1,29.9,20.3,0.88,1.93
ZUE_REE,1/7/24,0.68,26.2,27.9,29.6,25.4,0.17,1.52
ZUE_REE,1/8/24,0.01,26.8,28.8,30.7,27,0.14,0.78
ZUE_REE,1/9/24,0,30.7,33.5,36.3,27.7,0.64,2.01
ZUE_REE,1/10/24,0.22,33.4,40.4,47.4,34.8,0.72,2.91
ZUE_REE,1/11/24,0,31.6,36.3,41.1,28.1,0.51,3.31
ZUE_REE,1/12/24,0.07,31.4,34.3,37.2,31,0.25,1.98
ZUE_REE,1/13/24,0.46,31,36.2,41.4,32.2,0.13,3.61
ZUE_REE,1/14/24,0,26.7,34,41.4,22.3,0.34,3.24
ZUE_REE,1/15/24,0,11.2,18.9,26.7,7,0.72,2.25
ZUE_REE,1/16/24,0,11.2,17.3,23.4,5.9,0.69,2.56
ZUE_REE,1/17/24,0.04,7.1,13.6,20,8.3,0.34,1.2
ZUE_REE,1/18/24,0,7.3,13.3,19.3,2.6,0.56,2.11
ZUE_REE,1/19/24,0,17.5,21.5,25.4,18.3,0.28,1.47
ZUE_REE,1/20/24,0.05,9.8,16.1,22.3,12,0.27,0.73
ZUE_REE,1/21/24,0.03,9.9,12.5,15.1,7.9,0.42,0.72
ZUE_REE,1/22/24,0,10.6,17.1,23.5,11.3,0.39,1.69
ZUE_REE,1/23/24,0,11.9,23.5,35.2,18.5,0.21,4
ZUE_REE,1/24/24,0.24,30.8,33.3,35.8,32.1,0.06,1.01
ZUE_REE,1/25/24,0.48,34.3,38.9,43.5,37.9,0,1.25
ZUE_REE,1/26/24,0.82,34.6,38.1,41.5,37.7,0.01,0.46
ZUE_REE,1/27/24,0.02,33.8,41.9,50,37.4,0.09,1.82
ZUE_REE,1/28/24,0.46,32.8,36.7,40.7,36.6,0,0.97
ZUE_REE,1/29/24,0.47,30.7,34,37.4,32.6,0.02,0.41
ZUE_REE,1/30/24,0,27.9,30.2,32.6,27.4,0.25,1.01
ZUE_REE,1/31/24,0,27,29.8,32.7,28.1,0.38,0.97
ZUE_REE,2/1/24,0,28.4,34,39.6,31.3,0.31,2.26
ZUE_REE,2/2/24,0.03,35.1,36.5,37.9,34.7,0.19,1.31
ZUE_REE,2/3/24,0,28.9,31.9,34.9,29,0.35,1.05
ZUE_REE,2/4/24,0,22.5,28.6,34.8,23.8,0.22,2.27
ZUE_REE,2/5/24,0,24.2,32.1,40,26.8,0.27,3.55
ZUE_REE,2/6/24,0,20.2,27.5,34.7,22.1,0.41,2.42
ZUE_REE,2/7/24,0,20.8,28.6,36.4,22.3,0.23,3.02
ZUE_REE,2/8/24,0,24.1,33.9,43.8,26.7,0.37,4.8
ZUE_REE,2/9/24,0,31.7,42.2,52.7,28.1,1.32,8.22
ZUE_REE,2/10/24,0,42.4,51.1,59.7,39.7,1.63,8.5
ZUE_REE,2/11/24,0,35.6,46.3,57.1,36.3,1.24,6.15
ZUE_REE,2/12/24,0,30.7,33.8,36.9,27.4,0.97,2.39
ZUE_REE,2/13/24,0,27.9,31.6,35.4,25.9,0.5,2.48
ZUE_REE,2/14/24,0,20,27.9,35.9,21.3,0.62,2.87
ZUE_REE,2/15/24,0,19.2,24.1,29,14.2,0.64,2.65
ZUE_REE,2/16/24,0,20.4,27.8,35.3,21.7,0.5,2.8
ZUE_REE,2/17/24,0.07,20.5,26.3,32,18.9,0.3,2.93
ZUE_REE,2/18/24,0.01,18,21.5,25,12.6,0.49,1.95
ZUE_REE,2/19/24,0,17.7,23.7,29.8,16,0.9,2.14
ZUE_REE,2/20/24,0,13.9,19.9,26,9.6,0.72,2.21
ZUE_REE,2/21/24,0,16,27.1,38.2,17.3,0.79,4.28
ZUE_REE,2/22/24,0,25.6,35.9,46.1,25.4,1.29,5.75
ZUE_REE,2/23/24,0.19,31.4,34.5,37.6,34.4,0.04,1.45
ZUE_REE,2/24/24,0,14.2,33.7,53.3,27.4,0.22,7.06
ZUE_REE,2/25/24,0,14.4,17.8,21.3,8.1,0.76,1.85
ZUE_REE,2/26/24,0,19.5,32.4,45.3,17.9,1,7.6
ZUE_REE,2/27/24,0,32.2,42.5,52.8,31.4,0.96,7.19
ZUE_REE,2/28/24,0.16,45.1,54.9,64.7,42.3,1.23,12.07
ZUE_REE,2/29/24,0.08,21.2,39.9,58.6,29.9,0.75,4.35
ZUE_REE,3/1/24,0,20.4,24.1,27.9,12.7,0.63,2.82
ZUE_REE,3/2/24,0.1,24.6,36.8,49.1,23.9,0.71,7.78
ZUE_REE,3/3/24,0.18,37.9,42.5,47,42.1,0.04,1.06
ZUE_REE,3/4/24,0,36.9,44.6,52.3,41.4,0.13,3.82
ZUE_REE,3/5/24,0,42,54.8,67.6,46.2,0.6,11.52
ZUE_REE,3/6/24,0.08,48.8,54.2,59.7,48,0.46,4.64
ZUE_REE,3/7/24,0.65,36.8,44.3,51.8,41.9,0.19,1.27
ZUE_REE,3/8/24,0,27.5,36.9,46.4,30.9,0.24,4.21
ZUE_REE,3/9/24,0,31.4,44.4,57.3,32.3,0.48,9.96
ZUE_REE,3/10/24,0.56,36.5,40.7,44.8,37.1,0.25,4.2
ZUE_REE,3/11/24,0.17,26.8,32.8,38.8,26.3,0.28,2.51
ZUE_REE,3/12/24,0,30.5,36.5,42.6,23.6,1.24,5.22
ZUE_REE,3/13/24,0,31.9,45.4,58.8,35.6,0.71,9.82
ZUE_REE,3/14/24,0,36.3,52.7,69.1,39,0.67,15.08
ZUE_REE,3/15/24,0.24,36.8,48.6,60.5,39.8,0.23,10.42
ZUE_REE,3/16/24,0,36.4,41.6,46.9,37.8,0.3,2.92
ZUE_REE,3/17/24,0.06,37.8,45.5,53.2,33.4,0.75,8.18
ZUE_REE,3/18/24,0.02,29.7,38,46.3,27.7,0.52,6.02
ZUE_REE,3/19/24,0.01,28.4,31.5,34.6,22.3,0.69,2.83
ZUE_REE,3/20/24,0.02,28.5,32.2,35.9,28.2,0.26,2.39
ZUE_REE,3/21/24,0.05,22.2,30.4,38.6,20.9,0.3,3.09
ZUE_REE,3/22/24,0,20.1,24.2,28.3,12.6,0.96,2.66
ZUE_REE,3/23/24,0.41,21.7,23.4,25.2,19.6,0.25,1.86
ZUE_REE,3/24/24,0.02,21.6,24.9,28.1,20.4,0.3,1.18
ZUE_REE,3/25/24,0,20.7,26.9,33.2,11.9,0.78,4.32
ZUE_REE,3/26/24,0,28.7,41.3,53.9,23.9,1.48,9.42
ZUE_REE,3/27/24,0,39.4,48.2,57,34.7,2.46,8.92
ZUE_REE,3/28/24,0,35.2,47.4,59.5,36.9,1.59,7.28
ZUE_REE,3/29/24,0,29.7,38.4,47.1,24.1,1.19,6.39
ZUE_REE,3/30/24,0,32,35.8,39.7,25.1,1.41,3.91
ZUE_REE,3/31/24,0,33.2,40.7,48.3,28.2,1.46,6.71
ZUE_REE,4/1/24,0,34.4,42.3,50.2,31.1,0.98,6.4
ZUE_REE,4/2/24,0,36.9,45.8,54.8,33.4,1.12,7.32
ZUE_REE,4/3/24,0.79,40.6,43.4,46.1,40.1,0.5,2.55
ZUE_REE,4/4/24,0.88,35,39.9,44.8,37,0.2,2.14
ZUE_REE,4/5/24,0.13,32.1,35.2,38.4,33,0.28,1.06
ZUE_REE,4/6/24,0.05,32.9,36.3,39.8,33.7,0.38,2.3
ZUE_REE,4/7/24,0,37.1,43.9,50.7,32.7,1.29,6.51
ZUE_REE,4/8/24,0,31,42.3,53.6,27.4,0.83,9.82
ZUE_REE,4/9/24,0,36.4,47.8,59.2,35.1,0.95,11.18
ZUE_REE,4/10/24,0,45.8,60.6,75.3,41.1,2.61,23.46
ZUE_REE,4/11/24,0.46,52.5,59.1,65.8,51.2,0.31,8.54
ZUE_REE,4/12/24,0.33,55.2,60.7,66.2,56.9,0.6,6.77
ZUE_REE,4/13/24,0.31,38.5,49.1,59.8,41,0.86,6.76
ZUE_REE,4/14/24,0.2,38.5,43.6,48.7,35,0.84,5.07
ZUE_REE,4/15/24,0.09,41.7,50.8,59.9,43.6,0.44,6.38
ZUE_REE,4/16/24,0,38.4,49.1,59.9,36.6,1.28,9.95
ZUE_REE,4/17/24,0,36.6,49.9,63.1,33.5,0.88,12.83
ZUE_REE,4/18/24,0.33,42.7,49.2,55.6,46.9,0.39,5.51
ZUE_REE,4/19/24,0.04,44.9,52.4,60,48.9,0.18,5.06
ZUE_REE,4/20/24,0.03,41.9,50.3,58.7,43.6,1.35,5.79
ZUE_REE,4/21/24,0,38.8,45.7,52.7,29,2.37,7.74
ZUE_REE,4/22/24,0,33,39.5,45.9,27.8,1.16,5.66
ZUE_REE,4/23/24,0,37.8,46.4,55,27.7,1.89,10.4
ZUE_REE,4/24/24,0.05,48.6,58.3,68.1,37.4,1.13,18.07
ZUE_REE,4/25/24,0.03,26.9,39.9,52.9,30.4,0.4,4.21
ZUE_REE,4/26/24,0,25,36.8,48.5,21.3,0.63,7.53
ZUE_REE,4/27/24,0,34.3,47.5,60.7,27.1,2.02,13.78
ZUE_REE,4/28/24,0.07,48.9,53.8,58.8,43.6,1.35,9.19
ZUE_REE,4/29/24,0.05,54.7,62.3,69.9,58.2,0.45,8.26
ZUE_REE,4/30/24,0,50.9,59.7,68.5,53.7,0.51,8.08
ZUE_REE,5/1/24,0.06,47.4,58.2,69,53,0.12,8.41
ZUE_REE,5/2/24,0,48.2,59.6,70.9,52,0,11.78
ZUE_REE,5/3/24,0,44.7,57,69.4,45.9,0.52,13.86
ZUE_REE,5/4/24,0,48.8,62.8,76.7,50.6,1.18,19
ZUE_REE,5/5/24,0.52,49.1,57.6,66.1,48.4,0.65,10.14
ZUE_REE,5/6/24,0.03,50.4,57.1,63.9,52.8,0.53,5.54
ZUE_REE,5/7/24,0,41.3,56,70.7,42.5,0.63,17.31
ZUE_REE,5/8/24,0.23,50.4,62.3,74.1,45.5,0.45,21.01
ZUE_REE,5/9/24,0,47.9,61.6,75.2,48.3,0.75,20.21
ZUE_REE,5/10/24,0.14,48.3,54.3,60.3,44.4,0.62,8.82
ZUE_REE,5/11/24,0.48,48.4,51.3,54.3,46.8,0.66,3.92
ZUE_REE,5/12/24,0.25,50.1,56.3,62.5,46.4,1.07,10.02
ZUE_REE,5/13/24,0,47.3,54.9,62.4,47.4,0.75,7.98
ZUE_REE,5/14/24,0.09,53.7,61,68.3,51.7,1.64,9.67
ZUE_REE,5/15/24,0.01,56.2,67.3,78.4,55.2,0.6,18.96
ZUE_REE,5/16/24,0.07,57.9,61.8,65.6,58.3,0.33,5.05
ZUE_REE,5/17/24,0,58.2,65.8,73.5,56.5,0.71,13.05
ZUE_REE,5/18/24,0.08,59.4,66.6,73.7,56.7,0.81,12.85
ZUE_REE,5/19/24,0.01,57.9,65,72.1,59.9,0.67,7.37
ZUE_REE,5/20/24,0,57.7,68.5,79.3,59.6,0.63,17.35
ZUE_REE,5/21/24,0,64,74.4,84.8,61.6,2.44,21.64
ZUE_REE,5/22/24,0.01,64.1,76,87.9,59.6,3.35,29.7
ZUE_REE,5/23/24,0.13,63.6,76.1,88.6,61.2,3.37,27.67
ZUE_REE,5/24/24,0,58.2,68.1,78.1,46.7,5.02,22.81
ZUE_REE,5/25/24,0,49.1,63.9,78.8,48.5,0.92,22.3
ZUE_REE,5/26/24,0.31,59.2,67.6,76,58.7,0.3,16.86
ZUE_REE,5/27/24,0,62,69.3,76.7,59.5,0.91,14.71
ZUE_REE,5/28/24,0.23,61.1,68.7,76.2,59.9,1.76,11.85
ZUE_REE,5/29/24,0.11,54.4,61.1,67.7,55.1,0.51,8.16
ZUE_REE,5/30/24,0,45,55.2,65.4,45.8,0.56,11.81
ZUE_REE,5/31/24,0,46.1,54.7,63.2,39.8,1.8,12.09
ZUE_REE,6/1/24,0,49.4,61.4,73.5,41.1,3.25,19.82
ZUE_REE,6/2/24,0,56.9,67.9,79,46.4,3.56,24.3
ZUE_REE,6/3/24,0.06,61,69.7,78.4,57.4,0.92,18.33
ZUE_REE,6/4/24,0,60.7,70.2,79.7,60.9,0.92,16.06
ZUE_REE,6/5/24,0,65.8,76,86.2,60.2,3.77,26.5
ZUE_REE,6/6/24,0.04,68.7,74.5,80.3,66.2,1.4,13.87
ZUE_REE,6/7/24,0.22,61.8,70.3,78.9,58.9,0.98,16.99
ZUE_REE,6/8/24,0.36,57.9,64,70.2,53.3,2.42,10.96
ZUE_REE,6/9/24,0.69,54.5,64,73.5,51.1,0.89,15.59
ZUE_REE,6/10/24,0.24,53.8,61,68.2,52.2,0.94,10.92
ZUE_REE,6/11/24,0,54.6,58.2,61.8,50.3,2,5.89
ZUE_REE,6/12/24,0,55.2,58.3,61.4,52.9,1.21,5.55
ZUE_REE,6/13/24,0,57.9,65.5,73.2,52.7,2.3,14.43
ZUE_REE,6/14/24,0,68.2,77.3,86.5,57.3,6.48,27.45
ZUE_REE,6/15/24,0,59,69.3,79.6,53.3,2.65,20.88
ZUE_REE,6/16/24,0.03,51.5,62.1,72.7,49.6,1.28,14.9
ZUE_REE,6/17/24,0,62.1,71.1,80.1,54.5,5.84,20.46
ZUE_REE,6/18/24,0.28,69.5,79.2,89,66.2,2.6,23.46
ZUE_REE,6/19/24,0.77,73.9,81.7,89.6,71.5,2.63,20.17
ZUE_REE,6/20/24,0.13,72,81.4,90.8,71.9,2.48,21.31
ZUE_REE,6/21/24,0,68.9,79.6,90.3,69.1,1.44,23.76
ZUE_REE,6/22/24,0.12,70.3,79.2,88.1,70.4,0.98,19.34
ZUE_REE,6/23/24,0.31,72.4,80.2,87.9,70.8,1.64,19.18
ZUE_REE,6/24/24,0.07,62,72.4,82.7,64,2.15,14.07
ZUE_REE,6/25/24,0,59.5,69.3,79,55.2,2.19,20.55
ZUE_REE,6/26/24,0,69.1,75.3,81.5,60,5.67,22.11
ZUE_REE,6/27/24,0.15,62.7,72.5,82.2,60.3,1.13,23.02
ZUE_REE,6/28/24,0,51.3,61.7,72.1,50.7,1.02,14.95
ZUE_REE,6/29/24,0.32,59.8,67.9,76,53.8,1.24,18.53
ZUE_REE,6/30/24,0.79,67,72,77,68.7,1.1,6.24
ZUE_REE,7/1/24,0,58.7,69.6,80.4,57.8,1.82,14.11
ZUE_REE,7/2/24,0,53.3,62.7,72,50.6,1.75,14.65
ZUE_REE,7/3/24,0,61.4,70.4,79.5,55.9,4.78,19.47
ZUE_REE,7/4/24,0.01,70.3,78.5,86.7,65.9,3.18,20.93
ZUE_REE,7/5/24,0,71.8,79.4,87,69.2,2.73,20.74
ZUE_REE,7/6/24,0.01,69.9,78.2,86.6,69.5,1.09,18.92
ZUE_REE,7/7/24,0.01,65.5,76.1,86.6,63.9,3.27,22.4
ZUE_REE,7/8/24,0,65.6,74.8,84.1,63.9,2.13,19.13
ZUE_REE,7/9/24,0,68.1,78.1,88.2,65.8,2.04,25.2
ZUE_REE,7/10/24,0.1,71.8,79.9,87.9,69,2.26,22.87
ZUE_REE,7/11/24,0.22,70.4,81,91.5,71.7,1.12,21.8
ZUE_REE,7/12/24,0.02,65.8,70.5,75.3,65.9,0.9,7.27
ZUE_REE,7/13/24,0,69,77.1,85.2,66.6,1.87,19.41
ZUE_REE,7/14/24,0,64.5,74.7,84.9,64.7,2.29,19.62
ZUE_REE,7/15/24,0,71.2,80.5,89.8,64.9,4.05,30.57
ZUE_REE,7/16/24,0.78,68.3,79,89.6,68.4,2.12,22.4
ZUE_REE,7/17/24,0.03,70.9,79.1,87.3,68.6,2.25,16.43
ZUE_REE,7/18/24,0.01,64.7,72.2,79.8,64.6,2.65,12.86
ZUE_REE,7/19/24,0,60.4,67.5,74.6,56.3,2.48,13.72
ZUE_REE,7/20/24,0,59.7,68.8,77.9,57.5,1.57,16.96
ZUE_REE,7/21/24,0,61.7,71.7,81.7,57.3,2.85,21.52
ZUE_REE,7/22/24,0,64.9,73.6,82.3,63,2.05,18.33
ZUE_REE,7/23/24,0.09,66.9,76.1,85.2,65.2,0.89,23.39
ZUE_REE,7/24/24,0.33,68.7,75.7,82.7,65.6,2.55,17.46
ZUE_REE,7/25/24,0.02,66.3,75.9,85.6,65.2,2.74,20.83
ZUE_REE,7/26/24,0,59.3,67.7,76.2,54.9,2.64,16.89
ZUE_REE,7/27/24,0,56.1,67.3,78.6,52.6,2.75,20.34
ZUE_REE,7/28/24,0,60.1,71,81.9,56.4,2.25,22.19
ZUE_REE,7/29/24,0,62.7,74.4,86.2,59.8,2.4,27.03
ZUE_REE,7/30/24,0,67.2,76.9,86.6,64.2,2.31,24.36
ZUE_REE,7/31/24,0.47,71.6,79.9,88.2,69.5,3.06,21.22
ZUE_REE,8/1/24,0.12,68.7,76.7,84.8,68.1,2.29,17.27
ZUE_REE,8/2/24,0.05,71.5,80.4,89.2,69,1.81,23.04
ZUE_REE,8/3/24,0.28,68.3,74.4,80.4,69.8,0.55,9.18
ZUE_REE,8/4/24,0.05,68.6,74.5,80.3,69.8,0.88,10.54
ZUE_REE,8/5/24,0,66,76.7,87.3,64.1,2.48,25.11
ZUE_REE,8/6/24,0.62,68.3,76.4,84.5,68.1,0.41,16.87
ZUE_REE,8/7/24,0.07,58.9,64.4,70,61.3,0.94,5.79
ZUE_REE,8/8/24,0,63.1,70.3,77.6,59.7,2.33,16.89
ZUE_REE,8/9/24,0.6,67.5,72.1,76.8,66.7,0.74,8.58
ZUE_REE,8/10/24,1.93,60.1,69.6,79,65.4,0.5,8.83
ZUE_REE,8/11/24,0,60.7,68.6,76.5,55,3.28,16.84
ZUE_REE,8/12/24,0.23,59.3,66.5,73.8,56.8,1.44,12.28
ZUE_REE,8/13/24,0.03,61.2,67.2,73.1,58.2,1.62,11.49
ZUE_REE,8/14/24,0,59.8,68.7,77.6,58.4,1.79,15.76
ZUE_REE,8/15/24,0,60.2,70.7,81.3,59.2,1.86,19.12
ZUE_REE,8/16/24,0,60.8,72,83.2,60.7,1.76,21.7
ZUE_REE,8/17/24,0.03,65.9,75.3,84.7,62.3,2.23,23.82
ZUE_REE,8/18/24,0.06,68.5,73.4,78.4,66.9,1.93,9.02
ZUE_REE,8/19/24,0.77,64.6,72.1,79.6,66.9,0.54,10.93
ZUE_REE,8/20/24,0.35,54.7,59.8,64.9,54.6,0.63,3.33
ZUE_REE,8/21/24,0,52.9,58.8,64.7,49.6,1.27,9.22
ZUE_REE,8/22/24,0.03,56.2,61.8,67.4,51.8,2.23,10.48
ZUE_REE,8/23/24,0,56.1,65.2,74.2,52.6,1.92,16.53
ZUE_REE,8/24/24,0,55.7,66.8,77.9,55,1.26,18.68
ZUE_REE,8/25/24,0.02,58.7,69.6,80.4,58.7,0.95,19.06
ZUE_REE,8/26/24,0,59,70.3,81.6,59.8,0.93,19.59
ZUE_REE,8/27/24,0,60.6,71.5,82.3,61.7,1.08,17.84
ZUE_REE,8/28/24,0,64.1,75.3,86.5,67.6,1.7,21.57
ZUE_REE,8/29/24,0,61.4,70.2,79.1,63.8,1.72,9.73
ZUE_REE,8/30/24,0,62.8,68.2,73.7,61.6,1.34,9.82
ZUE_REE,8/31/24,0.08,67.3,72.3,77.3,64.4,2.11,9.59
ZUE_REE,9/1/24,0.17,62.6,71.1,79.6,65.9,0.63,9.46
ZUE_REE,9/2/24,0.06,56.6,69.2,81.8,58.8,1.52,18.51
ZUE_REE,9/3/24,0,48.4,57.2,65.9,46.8,1.28,10.7
ZUE_REE,9/4/24,0,50.9,61.5,72.1,49.1,1.28,15.79
ZUE_REE,9/5/24,0,54,65.3,76.5,52.6,1.99,18.13
ZUE_REE,9/6/24,0,56.9,67.4,77.8,52.2,3.26,19.52
ZUE_REE,9/7/24,0.86,57.7,69.3,80.8,60,0.73,18.39
ZUE_REE,9/8/24,0.09,48.4,57.5,66.6,48.6,1.2,9.48
ZUE_REE,9/9/24,0,51.2,58.1,65,44.7,3.08,12.32
ZUE_REE,9/10/24,0.73,55.7,63.3,70.9,55.6,0.45,10.73
ZUE_REE,9/11/24,0,50.2,61.3,72.4,49.9,0.59,16.36
ZUE_REE,9/12/24,0,54.6,66.8,78.9,56.7,0.75,17.96
ZUE_REE,9/13/24,0,58.5,69.8,81,59.6,1.35,18.78
ZUE_REE,9/14/24,0.01,57.8,69.2,80.6,60.3,0.61,17.33
ZUE_REE,9/15/24,0,59.7,71.3,82.9,62,0.8,19.64
ZUE_REE,9/16/24,0,59.3,71.1,82.9,60.6,1.25,20.84
ZUE_REE,9/17/24,0,57.7,69.8,81.9,59.2,1.87,19.72
ZUE_REE,9/18/24,0,57.6,68.4,79.2,56.2,1.01,20.95
ZUE_REE,9/19/24,0,58.5,66,73.6,59.8,0.9,11
ZUE_REE,9/20/24,0,56.2,68.2,80.2,60,0.4,17.15
ZUE_REE,9/21/24,0,59.5,70.2,80.9,60,1.21,19.31
ZUE_REE,9/22/24,0.02,61.4,71.2,81,62.2,1.08,17.24
ZUE_REE,9/23/24,0.05,62.3,69.4,76.5,61.1,1.74,11.99
ZUE_REE,9/24/24,0.09,58.1,61.6,65.1,56.4,1.15,4.16
ZUE_REE,9/25/24,0.22,58.1,61.3,64.5,55.8,1.29,5.3
ZUE_REE,9/26/24,0.17,61.3,65.1,68.8,60.3,0.73,6.41
ZUE_REE,9/27/24,0.12,53.7,62.3,70.8,59.6,0.25,6.68
ZUE_REE,9/28/24,0,56.7,65.1,73.6,57,0.63,14.63
ZUE_REE,9/29/24,0.46,62.1,66.5,70.8,62.9,0.98,6.49
ZUE_REE,9/30/24,0,57.5,63.3,69.1,60.6,0.27,5.29
ZUE_REE,10/1/24,0,57.5,65.4,73.2,59.5,0.41,10.24
ZUE_REE,10/2/24,0,58.1,64.8,71.5,55.3,0.78,11.66
ZUE_REE,10/3/24,0.13,47.4,56.4,65.4,49.5,0.54,10.02
ZUE_REE,10/4/24,0,49.8,60.8,71.7,49.4,0.56,15.49
ZUE_REE,10/5/24,0.03,51,63.4,75.7,53.2,0.58,16.55
ZUE_REE,10/6/24,0.03,45.5,56.5,67.5,46,0.57,12.86
ZUE_REE,10/7/24,0.09,49.9,62.5,75,52.4,1.37,16.4
ZUE_REE,10/8/24,0.02,46.5,53.8,61.2,44.8,1.73,7.85
ZUE_REE,10/9/24,0,44.3,53.3,62.3,41.7,1.37,11.07
ZUE_REE,10/10/24,0.07,42.1,50.9,59.7,39.9,1,9.99
ZUE_REE,10/11/24,0,41,46.7,52.3,39.1,0.64,5.27
ZUE_REE,10/12/24,0,43.8,56,68.1,45.2,1.07,13.38
ZUE_REE,10/13/24,0.18,40.4,51.1,61.9,40.3,0.63,11.37
ZUE_REE,10/14/24,0.58,43.3,44.7,46.1,43.4,0.33,0.94
ZUE_REE,10/15/24,0.29,40,43.8,47.6,38.2,0.46,3.38
ZUE_REE,10/16/24,0.18,40.3,45.3,50.4,36.8,0.74,5.9
ZUE_REE,10/17/24,0.03,36.4,42.9,49.5,36.2,0.5,4.59
ZUE_REE,10/18/24,0,37.5,47.4,57.4,38,0.42,8.2
ZUE_REE,10/19/24,0,38,51.6,65.1,41,0.38,12.31
ZUE_REE,10/20/24,0,40.3,54.3,68.3,40.8,0.83,14.79
ZUE_REE,10/21/24,0,44.6,58.7,72.8,40.3,2.29,19.76
ZUE_REE,10/22/24,0,52.4,65.7,79,46.3,3.48,20.8
ZUE_REE,10/23/24,0,54.9,66.5,78.1,47.4,4.2,22.91
ZUE_REE,10/24/24,0,45.8,61.5,77.1,46.4,1.75,20.94
ZUE_REE,10/25/24,0,34.7,43.5,52.2,34.6,0.59,6.43
ZUE_REE,10/26/24,0,39.6,48.8,58,40.9,1.15,8.91
ZUE_REE,10/27/24,0,34.9,44.7,54.4,34,1,7.96
ZUE_REE,10/28/24,0,37.3,44.6,51.9,32.3,1.23,7.58
ZUE_REE,10/29/24,0,39.5,48.7,58,34.7,1.27,9.8
ZUE_REE,10/30/24,0.13,47.1,53.7,60.3,46.3,1.46,7.35
ZUE_REE,10/31/24,0,52.7,64.9,77,51.8,2.08,17.42
ZUE_REE,11/1/24,0.06,55.1,65.9,76.7,55.9,1.49,16.23
ZUE_REE,11/2/24,0,37.9,47.8,57.8,38.9,0.77,6.2
ZUE_REE,11/3/24,0.01,31.5,37.7,44,31.7,0.37,3.38
ZUE_REE,11/4/24,0,31.6,41.6,51.7,30.8,0.4,7.19
ZUE_REE,11/5/24,0,43.9,51.2,58.5,36.9,4.11,9.15
ZUE_REE,11/6/24,0,56.2,66.8,77.5,53.2,4.53,18.57
ZUE_REE,11/7/24,0,52.8,61,69.2,55.8,1.18,7.37
ZUE_REE,11/8/24,0,42.5,47.9,53.4,40.8,1.4,5.49
ZUE_REE,11/9/24,0,32.3,44.4,56.4,33.1,1.34,7.66
ZUE_REE,11/10/24,0,31.9,39.7,47.5,27.6,1.25,6.16
ZUE_REE,11/11/24,0.26,40.2,47.6,54.9,40.3,0.67,8.78
ZUE_REE,11/12/24,0.12,36.1,45.1,54.1,41.5,0.67,4.66
ZUE_REE,11/13/24,0,25.9,33.3,40.8,27.5,0.49,3.4
ZUE_REE,11/14/24,0,28.7,36.5,44.3,24,0.75,5.37
ZUE_REE,11/15/24,0,35.7,40.3,44.9,28.1,1.56,5.24
ZUE_REE,11/16/24,0,39.4,43.2,46.9,38.2,1.14,3.05
ZUE_REE,11/17/24,0,31.8,41.3,50.8,34,0.2,6.9
ZUE_REE,11/18/24,0,33.2,42.4,51.7,39,0.28,4.8
ZUE_REE,11/19/24,0,33.7,45.2,56.7,37.9,0.23,7.84
ZUE_REE,11/20/24,0,34.8,42.3,49.8,40.3,0.2,4.03
ZUE_REE,11/21/24,0.25,37.7,47.8,57.8,44.6,0.47,3.93
ZUE_REE,11/22/24,0.76,34.8,39.4,44,35.7,0.23,2.84
ZUE_REE,11/23/24,0.52,33.8,36.9,39.9,35.3,0.22,0.97
ZUE_REE,11/24/24,0.01,37.7,40.8,44,36.7,0.4,2.34
ZUE_REE,11/25/24,0,30.4,36.9,43.5,31.7,0.36,4.08
ZUE_REE,11/26/24,0.54,31.8,39.5,47.3,37.2,0.34,4.18
ZUE_REE,11/27/24,0,33.4,40.9,48.5,32.8,0.61,4.1
ZUE_REE,11/28/24,0.31,32.8,39,45.2,29.6,0.27,5.18
ZUE_REE,11/29/24,0.1,32.3,34.6,36.9,30.6,0.17,2.1
ZUE_REE,11/30/24,0.02,25.7,30.9,36.1,22.2,0.68,3.04
ZUE_REE,12/1/24,0,24.7,27.9,31,16.7,1.35,2.28
ZUE_REE,12/2/24,0,25.5,28.5,31.6,19.5,0.81,2.57
ZUE_REE,12/3/24,0.03,28.1,30.8,33.6,24.8,0.61,2.55
ZUE_REE,12/4/24,0,24.7,28.7,32.7,19.6,0.68,3.18
ZUE_REE,12/5/24,0.03,27.1,30.4,33.7,22.9,0.45,2.73
ZUE_REE,12/6/24,0.02,22,27.8,33.7,20.7,0.47,2.41
ZUE_REE,12/7/24,0,21.7,25.3,28.9,16.6,0.94,2.79
ZUE_REE,12/8/24,0,28.2,34.6,40.9,23.8,0.62,3.98
ZUE_REE,12/9/24,0,35.6,39.7,43.8,32.6,0.84,3.72
ZUE_REE,12/10/24,0.34,37.6,41.7,45.9,40.1,0.34,1.73
ZUE_REE,12/11/24,0.14,43.2,47.7,52.1,45.2,0.43,2.65
ZUE_REE,12/12/24,0.37,28.2,36.2,44.3,31,0.42,2.47
ZUE_REE,12/13/24,0,17.2,22.4,27.6,9.6,0.9,2.43
ZUE_REE,12/14/24,0,12.4,18.8,25.2,7.7,0.43,2.69
ZUE_REE,12/15/24,0,13.1,21.8,30.4,13.8,0.45,2.8
ZUE_REE,12/16/24,0.13,25.7,31.1,36.4,27,0.72,2.32
ZUE_REE,12/17/24,0.17,36.7,41.9,47.1,37.9,0.93,2.77
ZUE_REE,12/18/24,0,35.7,40.8,45.9,33.5,0.68,3.55
ZUE_REE,12/19/24,0.26,31.9,35.2,38.6,31.6,0.35,1.76
ZUE_REE,12/20/24,0,28.7,30.2,31.7,21.7,0.96,2.37
ZUE_REE,12/21/24,0.21,20.1,24.8,29.5,23.1,0.34,1.12
ZUE_REE,12/22/24,0.02,4.7,11.9,19.1,8,0.36,1.01
ZUE_REE,12/23/24,0.03,0.1,6.7,13.2,0.2,0.26,1.04
ZUE_REE,12/24/24,0.06,7.3,18.5,29.7,14.7,0.39,2.38
ZUE_REE,12/25/24,0,25.2,30,34.7,26.7,0.35,1.48
ZUE_REE,12/26/24,0,25.1,26.2,27.3,19.9,0.57,1.42
ZUE_REE,12/27/24,0,17.7,23.3,28.8,19.3,0.27,1.41
ZUE_REE,12/28/24,0,21,30.7,40.5,27.7,0.42,2.99
ZUE_REE,12/29/24,0,37.4,43.5,49.7,39.8,0.19,2.84
ZUE_REE,12/30/24,0.01,39.6,50,60.3,46.4,0.33,5.38
ZUE_REE,12/31/24,0.02,34.1,40.1,46.2,32.6,0.9,4.35
,,,,,,,,
SMI_CAN_2,1/1/24,0,24.2,27.9,31.7,23.2,0.29,1.81
SMI_CAN_2,1/2/24,0,20.9,25.1,29.2,18.6,0.49,1.74
SMI_CAN_2,1/3/24,0,23.1,28.2,33.3,22.6,0.54,2.24
SMI_CAN_2,1/4/24,0.02,27,30.2,33.3,26.7,0.16,1.6
SMI_CAN_2,1/5/24,0.03,16,22.8,29.6,13.6,0.49,1.88
SMI_CAN_2,1/6/24,0,15,21.2,27.4,16.7,0.35,1.8
SMI_CAN_2,1/7/24,0.48,20.8,24.5,28.2,21.9,0.23,1.49
SMI_CAN_2,1/8/24,0.2,22,25.8,29.7,23,0.18,1.12
SMI_CAN_2,1/9/24,0,21.6,26.8,32,23.4,0.23,1.56
SMI_CAN_2,1/10/24,0.79,25.2,34.6,44,31.9,0.17,2
SMI_CAN_2,1/11/24,0.03,28.7,34.3,39.9,27.5,0.23,3.02
SMI_CAN_2,1/12/24,0.1,28.5,31.3,34.2,27.8,0.23,1.74
SMI_CAN_2,1/13/24,0.3,27.7,33.1,38.6,28.9,0.19,2.84
SMI_CAN_2,1/14/24,0.19,23.4,32.3,41.1,23.7,0.12,2.68
SMI_CAN_2,1/15/24,0.07,4.9,15.4,25.9,6.6,0.18,2.16
SMI_CAN_2,1/16/24,0,4.8,12.4,20,5.5,0.21,1.94
SMI_CAN_2,1/17/24,0.1,5,12.1,19.2,8.8,0.27,1.01
SMI_CAN_2,1/18/24,0,2.6,9.3,16,-1,0.44,1.78
SMI_CAN_2,1/19/24,0,10.5,16,21.4,10.7,0.28,1.68
SMI_CAN_2,1/20/24,0,1.3,10.9,20.4,5.2,0.25,1.14
SMI_CAN_2,1/21/24,0.03,1.8,6.5,11.1,1.3,0.31,0.83
SMI_CAN_2,1/22/24,0,1.5,10.7,20,5.2,0.23,1.65
SMI_CAN_2,1/23/24,0,8,19.8,31.5,15.4,0.28,3.22
SMI_CAN_2,1/24/24,0.26,28.4,30.6,32.7,28.8,0.05,1.25
SMI_CAN_2,1/25/24,0.67,31.6,34.9,38.2,34.5,0.08,0.77
SMI_CAN_2,1/26/24,0.84,34.1,37.5,40.9,37.2,0,0.38
SMI_CAN_2,1/27/24,0.09,31.5,37.1,42.8,34.8,0.13,1.29
SMI_CAN_2,1/28/24,0.02,31.5,33.7,35.9,33.2,0.03,0.58
SMI_CAN_2,1/29/24,0.58,27.1,31.3,35.5,30.7,0,0.74
SMI_CAN_2,1/30/24,0,23.7,26.7,29.6,23.6,0.24,1.04
SMI_CAN_2,1/31/24,0,23.5,26,28.5,23.7,0.27,0.94
SMI_CAN_2,2/1/24,0,27.8,31,34.3,27.8,0.4,1.57
SMI_CAN_2,2/2/24,0.03,30.6,32.5,34.3,31,0.13,1.11
SMI_CAN_2,2/3/24,0,24.8,29.7,34.6,25.3,0.27,1.62
SMI_CAN_2,2/4/24,0,16.8,24.5,32.2,18.6,0.22,2.47
SMI_CAN_2,2/5/24,0,17.2,27.4,37.6,19.3,0.26,4.15
SMI_CAN_2,2/6/24,0,13.9,25.1,36.4,14.3,0.4,4.22
SMI_CAN_2,2/7/24,0,13.9,25.7,37.4,16.5,0.21,4.17
SMI_CAN_2,2/8/24,0,16.8,28.5,40.2,21.3,0.27,4.59
SMI_CAN_2,2/9/24,0,23.9,36.2,48.5,23.2,0.53,7.49
SMI_CAN_2,2/10/24,0,31.8,41.6,51.5,32.4,0.55,6.59
SMI_CAN_2,2/11/24,0,31,42,53.1,34.9,0.47,5
SMI_CAN_2,2/12/24,0,29,31.7,34.5,25.4,0.91,1.96
SMI_CAN_2,2/13/24,0,24.7,29.3,33.8,24.1,0.21,2.24
SMI_CAN_2,2/14/24,0.04,13.8,24.8,35.9,17.9,0.3,3.75
SMI_CAN_2,2/15/24,0,7.9,16.3,24.6,8,0.2,2.34
SMI_CAN_2,2/16/24,0.28,8,19.9,31.8,16.1,0.23,3.16
SMI_CAN_2,2/17/24,0.07,17,23.1,29.2,16.1,0.19,2.49
SMI_CAN_2,2/18/24,0.05,7.4,16.1,24.9,9.7,0.28,2.03
SMI_CAN_2,2/19/24,0.01,10.8,18,25.3,12.2,0.5,1.82
SMI_CAN_2,2/20/24,0,0,12.2,24.4,1.8,0.22,2.66
SMI_CAN_2,2/21/24,0,2.9,18.7,34.4,9.6,0.35,4.19
SMI_CAN_2,2/22/24,0,14.9,27.3,39.7,19.4,0.48,4.53
SMI_CAN_2,2/23/24,0.1,26.6,31,35.4,29.8,0.03,1.65
SMI_CAN_2,2/24/24,0,13.5,29,44.4,27.8,0.1,3.35
SMI_CAN_2,2/25/24,0,4.4,13.1,21.7,3.3,0.18,2.32
SMI_CAN_2,2/26/24,0,7.2,22.9,38.6,14,0.25,5.32
SMI_CAN_2,2/27/24,0,26.4,38.8,51.1,25.7,0.65,7.82
SMI_CAN_2,2/28/24,0.09,34.8,48.3,61.8,39.7,0.71,11.48
SMI_CAN_2,2/29/24,0.53,17.1,36,55,30.5,0.46,2.81
SMI_CAN_2,3/1/24,0.07,12.9,16.3,19.8,10.9,0.26,1.41
SMI_CAN_2,3/2/24,0,14.3,29.2,44.1,19.9,0.31,6.5
SMI_CAN_2,3/3/24,0.68,36.6,39.4,42.3,38.4,0.32,0.88
SMI_CAN_2,3/4/24,0,39.2,42.4,45.7,41.3,0.02,1.29
SMI_CAN_2,3/5/24,0,40,49.6,59.3,42.8,0.17,7.13
SMI_CAN_2,3/6/24,0.22,41.2,43.7,46.2,42.4,0.04,1.19
SMI_CAN_2,3/7/24,1.03,37.4,43.8,50.1,43.9,0.03,1.1
SMI_CAN_2,3/8/24,0,28.2,39.1,50,32.7,0.28,5.13
SMI_CAN_2,3/9/24,0,29.1,40.7,52.4,25.7,0.57,8.65
SMI_CAN_2,3/10/24,1.22,32.5,37.4,42.3,31.8,0.05,4.9
SMI_CAN_2,3/11/24,0.05,21.9,29.4,36.9,25.1,0.05,1.91
SMI_CAN_2,3/12/24,0,24.8,31.2,37.6,20.6,0.58,4.3
SMI_CAN_2,3/13/24,0,29.3,40.7,52.1,27.3,0.45,7.96
SMI_CAN_2,3/14/24,0,33.2,48.8,64.4,36.4,0.52,12.46
SMI_CAN_2,3/15/24,0.38,37.4,48.5,59.5,35.3,0.18,11.99
SMI_CAN_2,3/16/24,0,34.6,40.4,46.3,37.8,0.12,2.34
SMI_CAN_2,3/17/24,0.05,36,43.1,50.1,30.8,0.36,7.46
SMI_CAN_2,3/18/24,0.1,26.5,34.5,42.4,28.5,0.17,4.42
SMI_CAN_2,3/19/24,0.05,21.9,28.1,34.2,20.8,0.39,2.95
SMI_CAN_2,3/20/24,0.02,22.9,28.9,34.9,24.2,0.29,3.15
SMI_CAN_2,3/21/24,0.09,16.1,28,39.8,19.6,0.22,4.2
SMI_CAN_2,3/22/24,0,11.2,17.4,23.7,9,0.53,2.12
SMI_CAN_2,3/23/24,0.85,14.1,20.7,27.2,13.8,0.16,2.92
SMI_CAN_2,3/24/24,0.28,12.8,21.4,30,19.6,0.15,0.59
SMI_CAN_2,3/25/24,0,14.6,21.7,28.8,13.1,0.25,2.71
SMI_CAN_2,3/26/24,0,22.9,31.6,40.3,20.3,1.18,4.14
SMI_CAN_2,3/27/24,0,32.7,41.4,50.1,33.8,1.06,5.52
SMI_CAN_2,3/28/24,0.01,35,42.3,49.7,37.6,0.36,2.85
SMI_CAN_2,3/29/24,0,29.1,33.5,37.9,25.6,0.82,2.92
SMI_CAN_2,3/30/24,0,29,34.4,39.8,22.6,0.93,4.17
SMI_CAN_2,3/31/24,0,29.9,37,44.1,24.1,1.09,5.55
SMI_CAN_2,4/1/24,0,28.4,37.1,45.9,28,0.42,5.26
SMI_CAN_2,4/2/24,0,32.2,43.2,54.1,31,0.85,6.96
SMI_CAN_2,4/3/24,0.2,35,37.6,40.3,34.7,0.22,2.51
SMI_CAN_2,4/4/24,0.93,29.9,34,38.2,31.7,0.05,1.28
SMI_CAN_2,4/5/24,0.19,28.4,30.9,33.4,28.7,0.09,1.22
SMI_CAN_2,4/6/24,0.07,28.7,31.6,34.4,30.2,0.17,1.3
SMI_CAN_2,4/7/24,0,33.8,37.9,41.9,28.5,0.98,3.6
SMI_CAN_2,4/8/24,0,28.3,40.9,53.5,24.2,0.79,9.84
SMI_CAN_2,4/9/24,0,35.6,47.5,59.3,26.9,2.02,13.12
SMI_CAN_2,4/10/24,0,43.4,57.1,70.9,36.4,3.1,18.88
SMI_CAN_2,4/11/24,0.18,47.7,53.9,60.2,48.5,0.18,7.19
SMI_CAN_2,4/12/24,0.34,48.2,55,61.7,53.4,0.09,4.45
SMI_CAN_2,4/13/24,0.39,37.7,50.1,62.6,43.7,0.63,5.14
SMI_CAN_2,4/14/24,0.2,36.8,40,43.2,32.8,0.57,3.33
SMI_CAN_2,4/15/24,0.16,41.1,45.7,50.4,40.4,0.12,4.36
SMI_CAN_2,4/16/24,0,36,45.3,54.5,33.6,0.68,7.61
SMI_CAN_2,4/17/24,0,31.6,44.2,56.9,29,0.81,10.18
SMI_CAN_2,4/18/24,0.65,41.6,49.5,57.4,40.7,0.15,8.52
SMI_CAN_2,4/19/24,0.13,41.4,43.2,45,40.7,0.19,1.06
SMI_CAN_2,4/20/24,0.04,43.1,48.7,54.3,43.3,0.67,4.5
SMI_CAN_2,4/21/24,0.02,30.7,41.8,52.9,27.4,1.12,8.35
SMI_CAN_2,4/22/24,0,31.5,35.7,39.8,24.5,1.25,4.03
SMI_CAN_2,4/23/24,0,30.5,39.5,48.5,21.3,1.33,8.18
SMI_CAN_2,4/24/24,0.08,41.7,53,64.3,31.5,0.82,15.55
SMI_CAN_2,4/25/24,0.04,22.9,35.5,48,28.8,0.62,2.83
SMI_CAN_2,4/26/24,0,26.4,37.1,47.9,15.7,1.15,8.64
SMI_CAN_2,4/27/24,0.02,36.7,47,57.2,19.8,3.16,12.52
SMI_CAN_2,4/28/24,0.37,44.8,52.7,60.6,36.7,0.4,12.38
SMI_CAN_2,4/29/24,0.25,48.1,59.1,70.2,57,0.19,9.64
SMI_CAN_2,4/30/24,0.22,50.1,58.3,66.5,50.6,0.42,7.61
SMI_CAN_2,5/1/24,0.24,50,58.9,67.9,53.7,0.08,7.15
SMI_CAN_2,5/2/24,0,54.4,61.7,69,50.2,1.34,11.89
SMI_CAN_2,5/3/24,0,42.5,53.5,64.4,44.3,0.25,10.9
SMI_CAN_2,5/4/24,0,50.4,59.1,67.8,46.1,2.21,11.84
SMI_CAN_2,5/5/24,0.42,47.1,55.5,64,44.9,0.47,10.09
SMI_CAN_2,5/6/24,0.33,46.6,49.8,53.1,48.4,0.12,1.43
SMI_CAN_2,5/7/24,0,38.6,52.8,67,40.9,0.15,13.82
SMI_CAN_2,5/8/24,0.48,48.3,58.5,68.8,41.4,0.36,16.62
SMI_CAN_2,5/9/24,0.04,45.3,58.8,72.4,47.6,0.41,17.42
SMI_CAN_2,5/10/24,0.04,45,51.8,58.6,42.1,0.46,8.04
SMI_CAN_2,5/11/24,0.11,44.6,48,51.3,44.6,0.19,3.21
SMI_CAN_2,5/12/24,0.09,42.6,49.9,57.3,42,0.29,7.27
SMI_CAN_2,5/13/24,0,39.5,46.1,52.7,40.7,0.18,4.9
SMI_CAN_2,5/14/24,0.06,46.2,54.6,62.9,48.5,0.41,8.72
SMI_CAN_2,5/15/24,0.28,55.5,65.8,76.1,52.8,0.2,18.28
SMI_CAN_2,5/16/24,0.55,51.3,56.1,60.9,55.7,0.02,2.05
SMI_CAN_2,5/17/24,0,47.1,56.1,65,53.2,0.04,6.28
SMI_CAN_2,5/18/24,0.01,53.8,62.1,70.5,52.4,0.61,11.83
SMI_CAN_2,5/19/24,0,54.8,59.5,64.1,54.5,0.58,6.24
SMI_CAN_2,5/20/24,0,54.1,64.5,74.9,54.6,0.58,14.57
SMI_CAN_2,5/21/24,0,60.3,70.2,80.1,57.9,1.83,19.51
SMI_CAN_2,5/22/24,0.01,62.6,71.6,80.6,58.6,3.77,18.02
SMI_CAN_2,5/23/24,0.13,61.8,73.1,84.4,59,1.14,25.39
SMI_CAN_2,5/24/24,0,50.5,61.1,71.8,50.6,1.04,14.51
SMI_CAN_2,5/25/24,0,45.4,58.9,72.4,45.5,0.59,16.39
SMI_CAN_2,5/26/24,0.13,55.1,65.4,75.7,53.7,0.15,18.03
SMI_CAN_2,5/27/24,0.01,59.7,67.7,75.7,57.1,0.99,15.96
SMI_CAN_2,5/28/24,0.41,57.2,65.8,74.4,60.8,0.36,10.4
SMI_CAN_2,5/29/24,0.1,52.2,58.7,65.1,53.7,0.42,6.13
SMI_CAN_2,5/30/24,0,44.1,54.4,64.6,43.9,0.97,11.74
SMI_CAN_2,5/31/24,0,42,52,62,39.6,1.1,10.34
SMI_CAN_2,6/1/24,0,47.2,56.2,65.2,38.9,2.3,14.32
SMI_CAN_2,6/2/24,0,45.6,59.1,72.5,42.6,0.81,18.71
SMI_CAN_2,6/3/24,0,57.2,66.2,75.2,52.1,1.73,18.76
SMI_CAN_2,6/4/24,0,54.9,64.9,74.9,56.7,0.26,14.22
SMI_CAN_2,6/5/24,0,61,70.9,80.8,58.1,2.56,20.04
SMI_CAN_2,6/6/24,0,64.6,72.7,80.8,62.2,0.81,16.66
SMI_CAN_2,6/7/24,1.18,56.3,65.6,74.9,61.2,0.28,7.51
SMI_CAN_2,6/8/24,0.18,52.2,60.3,68.3,52.4,0.72,9.96
SMI_CAN_2,6/9/24,0.56,50.6,57.9,65.2,50.4,0.1,7.95
SMI_CAN_2,6/10/24,0.17,51.1,56.6,62,50.2,0.17,7.21
SMI_CAN_2,6/11/24,0,50.5,53.8,57.1,49.2,0.47,3.77
SMI_CAN_2,6/12/24,0,49.2,53.5,57.7,50.6,0.17,3.78
SMI_CAN_2,6/13/24,0,48,55.3,62.7,50.3,0.12,6.74
SMI_CAN_2,6/14/24,0.14,59.5,69.8,80.1,57.2,1.55,19.42
SMI_CAN_2,6/15/24,0,52.3,63.3,74.4,53.1,0.66,15.83
SMI_CAN_2,6/16/24,0,42.3,55.6,68.8,44.6,0.27,13.16
SMI_CAN_2,6/17/24,0,54.2,63.9,73.6,49.5,2.36,16.96
SMI_CAN_2,6/18/24,0,65.3,75.3,85.2,64.1,2.67,20.19
SMI_CAN_2,6/19/24,0,72.8,80.5,88.2,69.2,2.85,20.19
SMI_CAN_2,6/20/24,0.04,70.9,79.2,87.4,70,2.02,18.03
SMI_CAN_2,6/21/24,0.05,64.1,75.1,86.1,67.2,0.35,17.48
SMI_CAN_2,6/22/24,0.44,66.4,74.4,82.4,68.2,0.11,13.51
SMI_CAN_2,6/23/24,0.57,66.5,73.3,80.2,68.7,0.2,10.31
SMI_CAN_2,6/24/24,0.35,57.9,70.2,82.5,64.5,0.77,13.93
SMI_CAN_2,6/25/24,0.05,53.5,59.5,65.5,55.2,0.58,5.82
SMI_CAN_2,6/26/24,0.02,65,72,79,55.2,5.16,20.95
SMI_CAN_2,6/27/24,0.14,57.3,67.5,77.6,58.3,0.19,18.26
SMI_CAN_2,6/28/24,0.01,42.9,54.1,65.3,48.7,0.14,9.64
SMI_CAN_2,6/29/24,0.21,54.9,62.9,71,46.9,0.73,16.45
SMI_CAN_2,6/30/24,0.56,59.1,66.2,73.4,65.4,0.69,5.11
SMI_CAN_2,7/1/24,0.06,55.2,67.6,80,58,0.79,13.63
SMI_CAN_2,7/2/24,0,47.9,59,70.1,51.6,0.19,10.8
SMI_CAN_2,7/3/24,0,57.8,66.5,75.1,53.5,2.3,16.2
SMI_CAN_2,7/4/24,0,65.2,72.4,79.7,59.3,4.62,16.98
SMI_CAN_2,7/5/24,0,65.5,73.8,82.1,65.7,0.81,15.03
SMI_CAN_2,7/6/24,0.03,70,75.1,80.2,69.2,0.6,11.31
SMI_CAN_2,7/7/24,0,60.4,72.2,83.9,64.6,0.62,17.61
SMI_CAN_2,7/8/24,0,60,69.6,79.2,61.4,0.36,14.9
SMI_CAN_2,7/9/24,0,63.9,73.8,83.8,63.1,0.6,21.56
SMI_CAN_2,7/10/24,0,67.5,76.4,85.2,66.9,1.07,19.33
SMI_CAN_2,7/11/24,0.48,68.4,77.9,87.3,70.8,0.31,17.84
SMI_CAN_2,7/12/24,0.12,64.3,69.7,75,65.3,0.23,7.91
SMI_CAN_2,7/13/24,0.01,63.4,70.7,78.1,64.7,0.59,11.59
SMI_CAN_2,7/14/24,0,55.3,67.7,80,62.4,0.11,14.81
SMI_CAN_2,7/15/24,0,64.6,73.5,82.3,61.8,1.87,20.82
SMI_CAN_2,7/16/24,0.51,65.6,75.4,85.3,67,0.3,17.87
SMI_CAN_2,7/17/24,0.51,65,75.1,85.2,66.5,0.66,16.1
SMI_CAN_2,7/18/24,0.07,60.6,70.3,80,65.3,0.3,11.81
SMI_CAN_2,7/19/24,0,51.9,61.8,71.7,54.2,0.16,11.84
SMI_CAN_2,7/20/24,0,52.4,62.7,73,54.4,0.12,13.46
SMI_CAN_2,7/21/24,0,53.2,65.5,77.8,55.8,0.41,16.46
SMI_CAN_2,7/22/24,0,57.1,67,76.9,59.6,0.25,13.36
SMI_CAN_2,7/23/24,0.54,61.7,70.8,80,63.3,0.06,15.77
SMI_CAN_2,7/24/24,0.05,62,68.8,75.7,63.4,0.21,10.14
SMI_CAN_2,7/25/24,0.1,63.2,70.2,77.2,64.9,0.19,8.96
SMI_CAN_2,7/26/24,0,54.2,62.2,70.2,54.4,1.28,11.5
SMI_CAN_2,7/27/24,0,50.3,62.1,73.9,52,0.29,14.93
SMI_CAN_2,7/28/24,0,53.5,65.3,77.2,55.9,0.19,16.62
SMI_CAN_2,7/29/24,0,58.8,69.6,80.4,58.6,0.38,20.07
SMI_CAN_2,7/30/24,0,61,71.4,81.9,60.8,0.68,20.63
SMI_CAN_2,7/31/24,0.04,69.2,76.3,83.5,66.9,1.22,16.69
SMI_CAN_2,8/1/24,0.09,64,71.2,78.3,67.7,0.29,8.18
SMI_CAN_2,8/2/24,0,63.4,73.2,82.9,65,0.29,18.79
SMI_CAN_2,8/3/24,0.72,66.4,74.8,83.1,67.8,0.34,14.02
SMI_CAN_2,8/4/24,0.08,67.5,73.6,79.7,67.8,0.08,12.55
SMI_CAN_2,8/5/24,0,59,70.3,81.6,64.1,0.23,14.73
SMI_CAN_2,8/6/24,1.67,64.1,71.7,79.3,65.2,0.12,13.36
SMI_CAN_2,8/7/24,0.12,56.4,63.1,69.9,59.5,0.14,5.38
SMI_CAN_2,8/8/24,0,56.4,64.1,71.7,57.3,0.38,10.85
SMI_CAN_2,8/9/24,0.79,59.7,62.8,65.9,62.1,0.09,2.99
SMI_CAN_2,8/10/24,1.23,63.5,69.3,75.2,66,0.15,6.38
SMI_CAN_2,8/11/24,0,54.2,64.6,75,54.2,1.27,14.38
SMI_CAN_2,8/12/24,0.18,53.3,61.9,70.5,54.1,0.35,11.37
SMI_CAN_2,8/13/24,0.22,54.2,59.4,64.7,55.2,0.08,5.45
SMI_CAN_2,8/14/24,0,57,64.4,71.8,57.4,0.11,9.71
SMI_CAN_2,8/15/24,0.03,55,65,75.1,58.5,0.17,10.29
SMI_CAN_2,8/16/24,0,54.6,65.3,75.9,59.3,0.23,10.87
SMI_CAN_2,8/17/24,0.04,58.9,68.9,79,61.6,0.54,15.95
SMI_CAN_2,8/18/24,0.21,64.6,69.8,74.9,62.5,0.8,9.65
SMI_CAN_2,8/19/24,0.22,62.6,67.9,73.2,65.1,0.12,5.26
SMI_CAN_2,8/20/24,0.09,48.5,60.4,72.2,55.6,0.34,5.43
SMI_CAN_2,8/21/24,0,46.5,52.7,58.9,47,0.16,6.36
SMI_CAN_2,8/22/24,0.15,49.6,55.1,60.6,49.7,0.41,5.8
SMI_CAN_2,8/23/24,0,49.7,58.8,67.9,50.5,0.6,10.75
SMI_CAN_2,8/24/24,0,50.4,61,71.7,53.3,0.22,12.27
SMI_CAN_2,8/25/24,0,54.9,65.5,76,55.5,0.19,16.4
SMI_CAN_2,8/26/24,0,53.7,64.9,76.1,57.6,0.05,13.84
SMI_CAN_2,8/27/24,0.07,54.4,65.6,76.7,59.4,0.02,13.49
SMI_CAN_2,8/28/24,0,58.3,68.9,79.5,62,0.19,17.66
SMI_CAN_2,8/29/24,0,56.7,66.2,75.7,63,0.25,8.02
SMI_CAN_2,8/30/24,0.13,57.6,62.8,68.1,58.8,0.33,5.89
SMI_CAN_2,8/31/24,0,60.6,63.5,66.4,59.1,0.77,4.7
SMI_CAN_2,9/1/24,0.39,63.1,65.3,67.6,64.1,0.27,3.14
SMI_CAN_2,9/2/24,0.12,52.5,64.9,77.2,57.7,0.32,15.82
SMI_CAN_2,9/3/24,0,40.7,51.5,62.2,45.5,0.12,8.34
SMI_CAN_2,9/4/24,0,43.2,54.5,65.8,46.4,0.04,10.89
SMI_CAN_2,9/5/24,0,45.9,58.8,71.7,50.4,0.09,13.91
SMI_CAN_2,9/6/24,0,50.3,62.5,74.6,50.1,1.02,16.61
SMI_CAN_2,9/7/24,0,54.3,64.2,74,55,0.78,15.15
SMI_CAN_2,9/8/24,0.54,44.5,54.1,63.7,50.4,0.26,4.64
SMI_CAN_2,9/9/24,0,46.3,51.7,57.1,41.1,1.59,8.19
SMI_CAN_2,9/10/24,0.36,50.6,57.6,64.6,52.2,0.28,7.23
SMI_CAN_2,9/11/24,0,41.4,53.1,64.9,45,0.07,11.99
SMI_CAN_2,9/12/24,0,47.7,59.6,71.5,49.8,0.22,15.63
SMI_CAN_2,9/13/24,0,53.3,64.7,76.2,56.6,0.19,14.99
SMI_CAN_2,9/14/24,0,52.9,64.2,75.5,58.3,0.04,13.18
SMI_CAN_2,9/15/24,0,53.1,64.9,76.7,58.1,0.07,14.69
SMI_CAN_2,9/16/24,0,55.5,66.9,78.4,58.7,0.14,16.47
SMI_CAN_2,9/17/24,0,51.8,64.4,77,55.7,0.36,16.27
SMI_CAN_2,9/18/24,0,49.5,62.6,75.7,52.1,0.27,17.9
SMI_CAN_2,9/19/24,0,50.4,61.7,72.9,55.2,0.08,13.24
SMI_CAN_2,9/20/24,0,51.5,64.6,77.8,55.6,0.1,17.62
SMI_CAN_2,9/21/24,0,53.1,63.2,73.3,56.3,0.17,11.92
SMI_CAN_2,9/22/24,0,54.6,63.8,72.9,54.8,1.16,11.35
SMI_CAN_2,9/23/24,0,53.6,62.6,71.6,53.1,1.59,11.12
SMI_CAN_2,9/24/24,0.01,50,56,62,50.3,0.69,6.36
SMI_CAN_2,9/25/24,0.02,52,58.3,64.7,49.7,0.95,8.57
SMI_CAN_2,9/26/24,0.53,53.2,56.7,60.2,54.6,0.21,3.64
SMI_CAN_2,9/27/24,0.28,51.4,57.3,63.2,58.4,0.01,1.82
SMI_CAN_2,9/28/24,0,54.6,62.9,71.2,54.2,0.34,13.2
SMI_CAN_2,9/29/24,0,57.1,65.4,73.6,58.4,0.67,10.66
SMI_CAN_2,9/30/24,0,54.3,59.9,65.5,56.8,0.06,5.27
SMI_CAN_2,10/1/24,0,51.7,60.7,69.7,55,0.05,9.58
SMI_CAN_2,10/2/24,0,48.4,58.4,68.5,50.6,0,10.99
SMI_CAN_2,10/3/24,0.07,43.8,51,58.1,51.4,0.01,2.83
SMI_CAN_2,10/4/24,0,43.9,55,66.2,48.6,0.01,9.44
SMI_CAN_2,10/5/24,0.08,45.8,59,72.3,50.8,0.04,16.54
SMI_CAN_2,10/6/24,0,39.1,50.9,62.7,42.9,0.19,10.23
SMI_CAN_2,10/7/24,0.02,41.4,55.2,69,47.6,0.31,13.99
SMI_CAN_2,10/8/24,0.01,38.8,48,57.1,43.3,0.36,5.64
SMI_CAN_2,10/9/24,0.11,37.4,46.2,55,39.9,0.08,6.61
SMI_CAN_2,10/10/24,0.27,37.4,44.7,52,38.4,0.14,5.24
SMI_CAN_2,10/11/24,0,37.7,41.7,45.6,37,0.32,2.91
SMI_CAN_2,10/12/24,0,40.9,50.6,60.4,42.5,0.4,8.87
SMI_CAN_2,10/13/24,0.2,33.4,44.3,55.1,35.1,0.11,8.72
SMI_CAN_2,10/14/24,0.67,38.7,40,41.4,40.5,0,0.33
SMI_CAN_2,10/15/24,0.26,33.7,40.1,46.4,37.3,0.02,1.29
SMI_CAN_2,10/16/24,0.16,32.3,38.1,43.9,34.3,0,3.2
SMI_CAN_2,10/17/24,0,27.2,35.6,44.1,32.2,0,3.2
SMI_CAN_2,10/18/24,0,29.5,40.8,52.1,33.3,0.04,6.73
SMI_CAN_2,10/19/24,0,31.5,45.3,59.1,35.3,0.09,10.56
SMI_CAN_2,10/20/24,0,32.7,48.2,63.6,34.7,0.16,12.85
SMI_CAN_2,10/21/24,0,38,52.8,67.5,37.4,1.33,15.73
SMI_CAN_2,10/22/24,0,47.3,60.4,73.6,46.2,1.34,16.68
SMI_CAN_2,10/23/24,0,47.8,61.6,75.5,47.5,1.14,18.68
SMI_CAN_2,10/24/24,0.05,44.4,58,71.6,45.3,0.36,17.16
SMI_CAN_2,10/25/24,0,29.3,39.1,48.9,34.5,0.08,4.56
SMI_CAN_2,10/26/24,0,31.1,42.9,54.8,35.4,0.16,8.9
SMI_CAN_2,10/27/24,0.02,28.2,38.7,49.3,29.4,0.52,7.55
SMI_CAN_2,10/28/24,0,28.9,37.9,46.9,27.5,0.58,5.86
SMI_CAN_2,10/29/24,0,32.2,41.5,50.8,30.2,0.66,6.04
SMI_CAN_2,10/30/24,0.17,42.1,49.1,56.1,43.6,0.64,6.61
SMI_CAN_2,10/31/24,0,52.2,62.7,73.1,50,2.43,14.79
SMI_CAN_2,11/1/24,0.07,53.3,63.7,74,53.5,1.62,14.88
SMI_CAN_2,11/2/24,0.02,38.1,50.9,63.6,40.1,0.62,8.76
SMI_CAN_2,11/3/24,0,24.8,33.1,41.3,29.7,0.2,2.57
SMI_CAN_2,11/4/24,0,25.1,36.3,47.5,20.5,0.29,7.84
SMI_CAN_2,11/5/24,0.02,34,42.3,50.7,34.7,1.38,6.49
SMI_CAN_2,11/6/24,0,50.9,61.4,71.8,51.5,2.66,13.47
SMI_CAN_2,11/7/24,0,51.1,59,67,54.1,0.74,6.51
SMI_CAN_2,11/8/24,0,36.1,44,51.9,37.2,0.82,5.22
SMI_CAN_2,11/9/24,0.09,28.4,40.9,53.4,31.6,0.6,6.54
SMI_CAN_2,11/10/24,0,26.9,35,43,21.2,1.01,5.82
SMI_CAN_2,11/11/24,0.17,35.4,44.1,52.8,34.9,0.44,9.23
SMI_CAN_2,11/12/24,0.18,32.8,42.8,52.8,41,0.32,4.44
SMI_CAN_2,11/13/24,0,20.5,29.9,39.2,22.4,0.4,3.81
SMI_CAN_2,11/14/24,0,21.3,31.5,41.6,17.3,0.52,5.69
SMI_CAN_2,11/15/24,0,23.8,31.9,40,14.8,1.06,5.71
SMI_CAN_2,11/16/24,0,29.1,39.5,49.9,24.3,1.14,7.92
SMI_CAN_2,11/17/24,0,31.7,40.8,49.8,29.9,0.2,7.51
SMI_CAN_2,11/18/24,0.03,32.2,40.4,48.5,32.7,0.2,5.4
SMI_CAN_2,11/19/24,0,31.2,42.3,53.3,35.1,0.39,6.71
SMI_CAN_2,11/20/24,0,31.4,41,50.7,33.5,0.39,6.3
SMI_CAN_2,11/21/24,0.6,33.8,43.7,53.5,37.2,0.13,6.31
SMI_CAN_2,11/22/24,0.87,31.2,33.6,36,33,0,0.3
SMI_CAN_2,11/23/24,0.26,30,33.6,37.1,31.9,0.04,1.08
SMI_CAN_2,11/24/24,0.2,33.1,36.4,39.7,33.4,0.09,1.89
SMI_CAN_2,11/25/24,0.1,26.3,30.9,35.6,28.5,0.28,1.89
SMI_CAN_2,11/26/24,0.37,26.7,33.9,41.1,28.1,0.12,4.22
SMI_CAN_2,11/27/24,0.21,33.1,38.6,44.1,32.4,0.06,3.18
SMI_CAN_2,11/28/24,0.18,31.1,35.7,40.2,25.4,0.05,4.56
SMI_CAN_2,11/29/24,0.58,27.9,30.1,32.2,29.9,0.02,1
SMI_CAN_2,11/30/24,0.03,19.2,26.2,33.2,21.1,0.35,2.04
SMI_CAN_2,12/1/24,0,16.3,22.6,29,15.2,0.66,2.14
SMI_CAN_2,12/2/24,0.01,16.7,21.6,26.5,14.8,0.41,2.03
SMI_CAN_2,12/3/24,0.02,20.1,24.7,29.3,19.2,0.28,1.97
SMI_CAN_2,12/4/24,0.06,15.5,22,28.5,17.8,0.19,1.51
SMI_CAN_2,12/5/24,0.07,18,23.2,28.4,21.3,0.24,1.8
SMI_CAN_2,12/6/24,0.13,15,22.8,30.6,20,0.24,1.99
SMI_CAN_2,12/7/24,0.05,15.2,19.3,23.5,13.8,0.35,1.89
SMI_CAN_2,12/8/24,0.21,22.9,28.1,33.4,21.4,0.31,2.73
SMI_CAN_2,12/9/24,0,30.9,34.6,38.3,29.9,0.27,2.61
SMI_CAN_2,12/10/24,0.48,31.1,35,38.8,33.6,0.01,1.93
SMI_CAN_2,12/11/24,0.26,35.1,40.8,46.5,39.3,0.01,1.03
SMI_CAN_2,12/12/24,1.02,27,36.2,45.4,33.2,0.02,1.7
SMI_CAN_2,12/13/24,0,13.8,20.6,27.5,10.1,0.63,2.15
SMI_CAN_2,12/14/24,0,8.2,15,21.8,7.5,0.25,1.82
SMI_CAN_2,12/15/24,0,7.4,17.6,27.7,9.4,0.22,2.62
SMI_CAN_2,12/16/24,0.16,15.7,24.7,33.6,21.2,0.28,3.04
SMI_CAN_2,12/17/24,0.13,34.2,39.8,45.4,36.2,0.45,1.7
SMI_CAN_2,12/18/24,0,35.5,41.5,47.5,33.4,0.73,4.21
SMI_CAN_2,12/19/24,0.34,30.6,35.7,40.9,31.1,0.05,2.77
SMI_CAN_2,12/20/24,0,21.9,26.4,30.9,21,0.32,1.79
SMI_CAN_2,12/21/24,0.15,11.9,17.8,23.8,19.1,0.13,0.67
SMI_CAN_2,12/22/24,0,-3.2,5.3,13.8,1.5,0.26,0.82
SMI_CAN_2,12/23/24,0,-7.7,-1.3,5,-7.6,0.16,0.69
SMI_CAN_2,12/24/24,0.19,-0.6,11,22.6,6.7,0.24,1.91
SMI_CAN_2,12/25/24,0,20,24.2,28.5,21.6,0.17,0.88
SMI_CAN_2,12/26/24,0,7.6,16.6,25.6,10.8,0.14,1.76
SMI_CAN_2,12/27/24,0,6.9,16.1,25.3,9.6,0.19,1.75
SMI_CAN_2,12/28/24,0,9.8,22.9,36,19.9,0.22,3.4
SMI_CAN_2,12/29/24,0.03,32.1,36.4,40.7,35.6,0.14,0.98
SMI_CAN_2,12/30/24,0.13,33.7,44.6,55.4,44.9,0.01,3.36
SMI_CAN_2,12/31/24,0,34.1,41.2,48.3,32.6,0.63,4.8
,,,,,,,,
SMI_COB_3,1/1/24,0,28.2,31,33.9,24.9,0.61,2.13
SMI_COB_3,1/2/24,0,22.3,27.6,33,20.2,0.59,2.33
SMI_COB_3,1/3/24,0,23.1,29.5,35.9,22.6,0.54,2.97
SMI_COB_3,1/4/24,0,28.7,32.1,35.5,26.9,0.5,2.09
SMI_COB_3,1/5/24,0.02,17.9,26.7,35.4,14.7,0.68,3.12
SMI_COB_3,1/6/24,0,19.3,24.6,29.9,17.6,0.76,2.22
SMI_COB_3,1/7/24,0.37,23.1,26.6,30.2,23.3,0.24,1.77
SMI_COB_3,1/8/24,0.17,25,28.3,31.5,24.6,0.26,1.43
SMI_COB_3,1/9/24,0,22.4,29.2,35.9,21.8,0.36,2.66
SMI_COB_3,1/10/24,0.83,24.7,35.6,46.4,33.3,0.18,1.91
SMI_COB_3,1/11/24,0,31.4,37.4,43.3,29.1,0.35,3.73
SMI_COB_3,1/12/24,0,31.1,34.3,37.6,28.6,0.59,2.62
SMI_COB_3,1/13/24,0.23,32,37.3,42.7,30.4,0.45,3.97
SMI_COB_3,1/14/24,0.17,26.7,36.8,46.9,26.6,0.1,3.29
SMI_COB_3,1/15/24,0.06,8.1,19.6,31.1,9.4,0.19,2.76
SMI_COB_3,1/16/24,0.02,8.6,16.6,24.5,8.1,0.33,2.59
SMI_COB_3,1/17/24,0.19,6.8,14,21.1,12.1,0.16,0.97
SMI_COB_3,1/18/24,0,5.8,12.5,19.3,0,0.56,2.05
SMI_COB_3,1/19/24,0,11.5,18.1,24.6,11.3,0.32,2.26
SMI_COB_3,1/20/24,0.02,5.2,13.9,22.6,7.8,0.35,1.36
SMI_COB_3,1/21/24,0.01,6,10.2,14.4,2.2,0.52,1.22
SMI_COB_3,1/22/24,0,5.8,13.6,21.4,4.9,0.34,1.94
SMI_COB_3,1/23/24,0,7.1,20.6,34.1,15.9,0.24,3.61
SMI_COB_3,1/24/24,0.22,29.7,32.2,34.8,29.1,0.07,2.01
SMI_COB_3,1/25/24,0.33,31.9,36.9,41.9,35.4,0.04,0.76
SMI_COB_3,1/26/24,0.68,34.4,40.1,45.7,38.8,0.06,1.14
SMI_COB_3,1/27/24,0.08,33.1,38.5,43.9,36.2,0.04,1.56
SMI_COB_3,1/28/24,0.03,33,35.8,38.5,34.3,0.04,1.1
SMI_COB_3,1/29/24,0.59,28.8,32.2,35.5,31.9,0,0.71
SMI_COB_3,1/30/24,0,25.1,28.4,31.6,25.4,0.2,1.2
SMI_COB_3,1/31/24,0,25.1,27.8,30.4,24.9,0.22,1.29
SMI_COB_3,2/1/24,0,28.2,31.4,34.6,28.6,0.3,1.51
SMI_COB_3,2/2/24,0.02,30.7,33.5,36.2,31.5,0.19,1.37
SMI_COB_3,2/3/24,0.03,26.4,31.6,36.8,26.3,0.23,1.92
SMI_COB_3,2/4/24,0,17.2,26.5,35.8,17.8,0.32,3.48
SMI_COB_3,2/5/24,0,18.8,29.5,40.2,18.3,0.41,4.89
SMI_COB_3,2/6/24,0,15.2,26.3,37.3,13.5,0.46,4.7
SMI_COB_3,2/7/24,0,15.1,26.3,37.5,17.1,0.24,4.09
SMI_COB_3,2/8/24,0,15.9,29.4,42.8,21,0.22,5.56
SMI_COB_3,2/9/24,0,23.5,36.8,50,23.4,0.42,8.4
SMI_COB_3,2/10/24,0,30.8,42.6,54.3,32.1,0.42,8.01
SMI_COB_3,2/11/24,0.01,31.1,44,56.8,36.3,0.25,7.02
SMI_COB_3,2/12/24,0,30.3,34.2,38.2,26.4,1.14,2.65
SMI_COB_3,2/13/24,0,26.8,31.9,37.1,24.5,0.6,3.02
SMI_COB_3,2/14/24,0.02,17,27.3,37.7,19.4,0.36,4.04
SMI_COB_3,2/15/24,0,13,20.1,27.3,7.4,0.71,2.97
SMI_COB_3,2/16/24,0.24,16,25.7,35.5,15.1,0.48,4.74
SMI_COB_3,2/17/24,0.23,21.1,27.1,33,16.1,0.3,3.55
SMI_COB_3,2/18/24,0.02,9.8,20.1,30.3,11.2,0.31,3.19
SMI_COB_3,2/19/24,0.01,17.1,23,28.8,12.8,0.89,2.66
SMI_COB_3,2/20/24,0,5.7,17.8,29.8,3.1,0.35,3.94
SMI_COB_3,2/21/24,0,7.3,22.2,37.1,9.9,0.33,5.06
SMI_COB_3,2/22/24,0,14.2,27.7,41.1,19.4,0.42,5.15
SMI_COB_3,2/23/24,0.04,27.1,33.9,40.6,29.8,0.09,3.25
SMI_COB_3,2/24/24,0,20.5,33.3,46,30.7,0.07,3.62
SMI_COB_3,2/25/24,0,7.4,18.8,30.2,4.9,0.34,3.7
SMI_COB_3,2/26/24,0,14,27.3,40.6,13.2,0.92,6.1
SMI_COB_3,2/27/24,0,24.6,40.5,56.4,26.2,0.11,10.31
SMI_COB_3,2/28/24,0.05,30.4,46.9,63.4,41.1,0.6,12.22
SMI_COB_3,2/29/24,0.65,19.4,38.3,57.1,34,0.55,3.25
SMI_COB_3,3/1/24,0.03,12.9,18.5,24.2,10.4,0.3,2.19
SMI_COB_3,3/2/24,0,15.3,30.8,46.3,20.1,0.5,7.01
SMI_COB_3,3/3/24,0.47,32.3,37.6,42.8,38.5,0,1.62
SMI_COB_3,3/4/24,0,39.5,44.2,49,42,0.14,2.21
SMI_COB_3,3/5/24,0,39.6,50.4,61.1,42.8,0.21,7.93
SMI_COB_3,3/6/24,0.67,37.9,40.8,43.7,41.1,0,1.14
SMI_COB_3,3/7/24,1.15,40,45.2,50.5,43.6,0.02,1.62
SMI_COB_3,3/8/24,0,26.3,38.4,50.6,34.4,0.1,5.17
SMI_COB_3,3/9/24,0,27.7,40.2,52.7,27.2,0.18,8.09
SMI_COB_3,3/10/24,1.18,31.3,36.3,41.3,31.5,0.02,3.57
SMI_COB_3,3/11/24,0.05,25.1,31.9,38.6,24.9,0.19,2.44
SMI_COB_3,3/12/24,0,28.1,33.5,38.8,20.4,1.28,4.45
SMI_COB_3,3/13/24,0,28.2,40.8,53.4,26.6,0.29,8.97
SMI_COB_3,3/14/24,0,30.2,48.2,66.2,37,0.32,13.69
SMI_COB_3,3/15/24,0.14,36.2,49.5,62.8,35.9,0.21,13.41
SMI_COB_3,3/16/24,0.05,35.2,41.6,47.9,38.7,0.14,2.83
SMI_COB_3,3/17/24,0.13,38.9,45.5,52.1,31.1,0.88,8.38
SMI_COB_3,3/18/24,0.12,29.6,37.4,45.3,29,0.34,5.44
SMI_COB_3,3/19/24,0.01,25.9,31.4,37,20.2,1.18,3.72
SMI_COB_3,3/20/24,0.02,26.7,31.9,37.1,23.4,0.46,3.9
SMI_COB_3,3/21/24,0.1,18.9,30.4,41.9,19.7,0.37,5.06
SMI_COB_3,3/22/24,0,15.2,21.7,28.2,8.6,0.87,2.91
SMI_COB_3,3/23/24,0.66,16.9,22.7,28.5,12.9,0.18,3.24
SMI_COB_3,3/24/24,0.81,11.8,21.4,31.1,21.1,0.14,0.81
SMI_COB_3,3/25/24,0,13.5,23.5,33.4,16.8,0.19,3.16
SMI_COB_3,3/26/24,0,16.6,29.1,41.6,21.2,0.4,4.28
SMI_COB_3,3/27/24,0,29,39.8,50.5,33.2,0.67,5.73
SMI_COB_3,3/28/24,0.26,36,40.6,45.2,38.4,0.04,1.26
SMI_COB_3,3/29/24,0,33,36.6,40.1,27.3,0.81,3.19
SMI_COB_3,3/30/24,0,31.5,37.4,43.2,22.5,1.75,5.4
SMI_COB_3,3/31/24,0,32.8,41.1,49.5,24.4,1.89,7.42
SMI_COB_3,4/1/24,0,28.9,39.6,50.3,28.5,0.43,7.13
SMI_COB_3,4/2/24,0,32.5,44.4,56.2,31.8,0.73,7.55
SMI_COB_3,4/3/24,0.32,35.1,38.4,41.7,35.3,0.3,2.8
SMI_COB_3,4/4/24,0.93,30.8,34.4,38,31.5,0.06,1.55
SMI_COB_3,4/5/24,0.11,29.3,32.4,35.5,28.7,0.11,1.9
SMI_COB_3,4/6/24,0.04,31,34.7,38.4,29.7,0.64,2.49
SMI_COB_3,4/7/24,0.03,34.7,38.8,42.9,29.1,1.27,3.82
SMI_COB_3,4/8/24,0,29,42.2,55.3,25,0.76,10.72
SMI_COB_3,4/9/24,0,36,49.2,62.5,28.5,1.73,14.86
SMI_COB_3,4/10/24,0,45.3,59.2,73.1,38.2,3.13,19.6
SMI_COB_3,4/11/24,0.13,45.5,53.9,62.4,48.3,0.01,7.95
SMI_COB_3,4/12/24,0.29,46.9,55.9,64.9,54.2,0,6.28
SMI_COB_3,4/13/24,0.33,39.2,53.2,67.2,44.8,1.16,7.81
SMI_COB_3,4/14/24,0.13,35.5,39.7,43.8,33.1,0.74,3.47
SMI_COB_3,4/15/24,0.17,40.5,45.5,50.6,42,0.06,5.07
SMI_COB_3,4/16/24,0,37.6,47.5,57.4,35.3,1.13,8.53
SMI_COB_3,4/17/24,0,31.8,46.3,60.7,30,0.59,12.26
SMI_COB_3,4/18/24,0.4,40.3,50.6,60.8,40.8,0.19,10.41
SMI_COB_3,4/19/24,0.13,40.5,42.5,44.5,40,0.32,1.36
SMI_COB_3,4/20/24,0,42.2,49.7,57.3,43.8,0.89,6.04
SMI_COB_3,4/21/24,0.03,29.4,42.7,56,28.4,0.76,9.67
SMI_COB_3,4/22/24,0,32.7,37.8,42.9,25.1,1.59,5.1
SMI_COB_3,4/23/24,0,29.8,41,52.1,22,0.96,9.4
SMI_COB_3,4/24/24,0,40,53.8,67.5,31.2,1.7,17.34
SMI_COB_3,4/25/24,0.02,24.3,39.3,54.2,30.9,0.57,5.32
SMI_COB_3,4/26/24,0,25.9,39.3,52.7,17.5,0.91,10.27
SMI_COB_3,4/27/24,0,31.5,45.2,58.9,22.3,1.17,13.12
SMI_COB_3,4/28/24,0.17,41.2,52.5,63.8,37.4,0.4,13.53
SMI_COB_3,4/29/24,0.08,49.1,60.7,72.2,57.8,0.29,10.74
SMI_COB_3,4/30/24,0,46.3,54.9,63.5,46.8,0.56,7.36
SMI_COB_3,5/1/24,0.6,50.1,60.7,71.3,55.3,0.12,10
SMI_COB_3,5/2/24,0,51.9,61,70.1,51.9,0.61,12.17
SMI_COB_3,5/3/24,0,42.7,56.1,69.4,44.8,0.22,14.6
SMI_COB_3,5/4/24,0,47.5,58.4,69.3,47,0.97,12.47
SMI_COB_3,5/5/24,0.14,46.3,56.9,67.4,46.1,0.35,11.35
SMI_COB_3,5/6/24,0.31,47.3,51,54.7,50,0.1,1.92
SMI_COB_3,5/7/24,0.01,40.1,55.4,70.6,43.4,0.28,15.59
SMI_COB_3,5/8/24,0.31,47.4,60.3,73.3,42.2,0.27,19.47
SMI_COB_3,5/9/24,0.03,46.6,61.6,76.7,47.8,0.41,21.44
SMI_COB_3,5/10/24,0.06,46.5,53.8,61.1,43.3,0.48,8.94
SMI_COB_3,5/11/24,0.03,41.9,47.9,53.9,44,0.15,4.68
SMI_COB_3,5/12/24,0.04,45.2,52.2,59.3,43.3,0.89,7.7
SMI_COB_3,5/13/24,0.02,39.4,47.3,55.1,40.8,0.48,6.12
SMI_COB_3,5/14/24,0.01,48.6,58.4,68.2,48.5,0.55,12.62
SMI_COB_3,5/15/24,0.48,56.3,67.6,78.9,53.2,0.33,20.47
SMI_COB_3,5/16/24,0.23,54.3,59.3,64.2,56.5,0.19,4.92
SMI_COB_3,5/17/24,0,47.4,56.3,65.3,53,0.08,6.5
SMI_COB_3,5/18/24,0,51.9,62.5,73.2,52.5,0.22,14.01
SMI_COB_3,5/19/24,0.01,53.6,62.1,70.7,53.7,0.75,10.66
SMI_COB_3,5/20/24,0,52.3,64,75.8,54.5,0.45,15.32
SMI_COB_3,5/21/24,0,59.7,70.9,82.2,58.6,1.96,20.56
SMI_COB_3,5/22/24,0,60.4,72.3,84.1,60.1,2.17,20.56
SMI_COB_3,5/23/24,0,64.3,75.8,87.3,59.5,2.35,28.48
SMI_COB_3,5/24/24,0,50.5,63.1,75.7,52.5,0.66,16.96
SMI_COB_3,5/25/24,0,45.4,61.4,77.4,46.4,0.53,20.74
SMI_COB_3,5/26/24,0.05,55.8,67.5,79.2,54.4,0.23,21.57
SMI_COB_3,5/27/24,0,62,70.8,79.6,58.9,1.78,18.63
SMI_COB_3,5/28/24,1.19,57.3,67.4,77.5,62.1,0.28,12.93
SMI_COB_3,5/29/24,0.21,53,61.6,70.1,54.8,0.5,9.35
SMI_COB_3,5/30/24,0,49,59.2,69.4,46.4,1.86,13.57
SMI_COB_3,5/31/24,0,43.4,54.4,65.3,40.7,1.22,12.13
SMI_COB_3,6/1/24,0,49.5,59.5,69.4,40,2.88,17.04
SMI_COB_3,6/2/24,0,45,61.3,77.6,44.1,0.49,23.94
SMI_COB_3,6/3/24,0,60,70.1,80.3,52.8,2.73,24.17
SMI_COB_3,6/4/24,0,56.3,68.2,80.1,56.2,0.46,20.56
SMI_COB_3,6/5/24,0,62.1,72.9,83.7,59.5,2.78,22.08
SMI_COB_3,6/6/24,0,64.3,74.4,84.6,61.6,1,25.12
SMI_COB_3,6/7/24,0.38,55.6,67.9,80.1,62.3,0.19,11.83
SMI_COB_3,6/8/24,0.02,52.5,63.4,74.2,52.3,1.2,16.11
SMI_COB_3,6/9/24,0.94,51.7,60.8,69.8,51.1,0.15,11.57
SMI_COB_3,6/10/24,0.08,51.6,58.8,66.1,50.6,0.15,9.53
SMI_COB_3,6/11/24,0,52.1,57,62,49.8,1.04,6.24
SMI_COB_3,6/12/24,0,51.8,56.9,61.9,51.3,0.58,5.94
SMI_COB_3,6/13/24,0,48.1,56.6,65.2,50.4,0.2,8.35
SMI_COB_3,6/14/24,0.04,60.3,71.7,83.2,57.6,2.02,22.73
SMI_COB_3,6/15/24,0,52.5,66.3,80,54.9,0.51,21.57
SMI_COB_3,6/16/24,0,43.7,58.3,72.8,45,0.37,16.37
SMI_COB_3,6/17/24,0,54.2,64.7,75.3,50.7,1.5,18.27
SMI_COB_3,6/18/24,0,68.2,78,87.8,64.5,4.36,22.68
SMI_COB_3,6/19/24,0.65,69.1,80.5,91.8,69.7,0.64,25.78
SMI_COB_3,6/20/24,0.55,68.3,79.2,90.2,70.8,0.48,18.81
SMI_COB_3,6/21/24,0,65.2,77.9,90.7,68.5,0.31,23.25
SMI_COB_3,6/22/24,0.42,66.9,76.3,85.8,69.3,0.23,16.95
SMI_COB_3,6/23/24,1.1,66.9,75.3,83.6,69.6,0.24,13.51
SMI_COB_3,6/24/24,0.08,61.9,74,86.1,65.5,1.99,18.55
SMI_COB_3,6/25/24,0.09,56.8,62.5,68.2,55.8,0.76,7.49
SMI_COB_3,6/26/24,0,66.6,74.2,81.7,55.6,6.34,23.82
SMI_COB_3,6/27/24,0.08,58.1,69.8,81.5,59.8,0.3,20.45
SMI_COB_3,6/28/24,0,45.7,59,72.2,49.7,0.49,12.05
SMI_COB_3,6/29/24,0.26,56.2,64.9,73.7,47.2,0.81,18.08
SMI_COB_3,6/30/24,0.28,57.9,67.1,76.4,66.5,0.27,6.99
SMI_COB_3,7/1/24,0.07,57.3,70.2,83.1,58.8,1.99,16.7
SMI_COB_3,7/2/24,0,50.2,62.4,74.7,52.7,0.34,16.16
SMI_COB_3,7/3/24,0,58.4,68.4,78.5,54.3,2.63,18.51
SMI_COB_3,7/4/24,0,65.4,73.9,82.4,59.2,4.64,20.14
SMI_COB_3,7/5/24,0,68.3,76.9,85.5,68.1,1.15,16.74
SMI_COB_3,7/6/24,0.06,71.4,77.5,83.6,70.7,0.5,14.26
SMI_COB_3,7/7/24,0.02,62.1,75,87.9,66.4,0.63,22.72
SMI_COB_3,7/8/24,0,61.2,72.5,83.8,62.8,0.47,20.19
SMI_COB_3,7/9/24,0,65.7,76.7,87.8,64.1,1.18,26.13
SMI_COB_3,7/10/24,0,68.1,79,89.9,67.3,1.54,27.05
SMI_COB_3,7/11/24,0.68,71.2,81.1,91.1,71.5,0.43,22.24
SMI_COB_3,7/12/24,0,66.8,72,77.2,65.7,1.21,10.01
SMI_COB_3,7/13/24,0,64.7,73.6,82.4,65.8,0.98,15.25
SMI_COB_3,7/14/24,0,56.9,70.6,84.3,63.5,0.23,19.04
SMI_COB_3,7/15/24,0,65.9,75.8,85.6,61.8,3,25.5
SMI_COB_3,7/16/24,0.24,68.2,78.8,89.4,67.4,0.79,23.63
SMI_COB_3,7/17/24,0.36,65.1,77.4,89.6,67.3,0.75,21.57
SMI_COB_3,7/18/24,0.77,62.7,73.4,84,67.8,0.26,15.15
SMI_COB_3,7/19/24,0,53.7,65,76.3,55.1,0.33,15.66
SMI_COB_3,7/20/24,0,54.7,65.9,77,54.8,0.3,16.75
SMI_COB_3,7/21/24,0,56.1,68.6,81,57.4,1.16,18.69
SMI_COB_3,7/22/24,0,59.5,70.3,81.1,60.4,0.55,18.05
SMI_COB_3,7/23/24,0.42,64.3,73.4,82.6,64.7,0.23,17.94
SMI_COB_3,7/24/24,0.02,61.2,69.9,78.6,63.8,0.06,11.92
SMI_COB_3,7/25/24,0.14,63.6,72.1,80.6,65.9,0.1,12.9
SMI_COB_3,7/26/24,0,56.6,66.3,76,55.5,1.98,15.91
SMI_COB_3,7/27/24,0,53.9,65.5,77.1,53.4,0.67,17.71
SMI_COB_3,7/28/24,0,55.7,68.2,80.7,56.9,0.39,19.74
SMI_COB_3,7/29/24,0,61.7,72.2,82.7,60.2,0.78,21.46
SMI_COB_3,7/30/24,0,63.5,73.1,82.6,62.5,1.01,19.47
SMI_COB_3,7/31/24,0.02,68.1,78.4,88.6,67.3,0.55,25.78
SMI_COB_3,8/1/24,0.26,66,73.8,81.6,69,0.34,10.93
SMI_COB_3,8/2/24,0,64.2,75.9,87.5,65.3,0.46,25.44
SMI_COB_3,8/3/24,0.55,67.8,76.5,85.1,68.8,0.06,16.94
SMI_COB_3,8/4/24,0.11,67.9,73.7,79.5,68.8,0.25,11.34
SMI_COB_3,8/5/24,0.17,61.6,73,84.4,65.8,0.56,16.66
SMI_COB_3,8/6/24,0.27,65.6,74.3,83.1,65.7,0.25,18.14
SMI_COB_3,8/7/24,0.46,56.4,63.1,69.7,59.7,0.25,5.81
SMI_COB_3,8/8/24,0.02,57.1,64.7,72.3,58.4,0.22,10.21
SMI_COB_3,8/9/24,0.68,60.9,64.2,67.5,62.4,0.29,4.49
SMI_COB_3,8/10/24,0.75,63.4,70.7,78,68.1,0.25,6.81
SMI_COB_3,8/11/24,0,53.3,65.2,77.1,55.7,0.69,15.83
SMI_COB_3,8/12/24,0.03,53.6,64.4,75.1,54.7,0.58,15.58
SMI_COB_3,8/13/24,0,52.6,60.6,68.5,55.4,0.12,8.13
SMI_COB_3,8/14/24,0,56.2,66,75.7,58.1,0.37,12.58
SMI_COB_3,8/15/24,0.02,56.7,68.2,79.6,58.4,0.53,15.48
SMI_COB_3,8/16/24,0,57.7,69,80.2,60.6,0.71,15.64
SMI_COB_3,8/17/24,0.01,62.2,72.7,83.2,62.8,1.14,19.25
SMI_COB_3,8/18/24,0.03,64.9,71.5,78.1,62.5,1.21,12.24
SMI_COB_3,8/19/24,0.03,62.8,70.4,78.1,65.1,0.23,10.64
SMI_COB_3,8/20/24,0.09,51.6,65,78.4,57,1.06,11.42
SMI_COB_3,8/21/24,0,47.2,55.7,64.2,47,0.36,9.27
SMI_COB_3,8/22/24,0.02,50.5,58.6,66.7,49.3,1.22,10.59
SMI_COB_3,8/23/24,0,49.9,60.7,71.6,51,0.81,13.62
SMI_COB_3,8/24/24,0,51.9,63.7,75.4,53.9,0.46,16.04
SMI_COB_3,8/25/24,0.04,56.1,67.5,78.9,55.9,0.28,18.59
SMI_COB_3,8/26/24,0,55.7,68.1,80.4,59.4,0.15,15.35
SMI_COB_3,8/27/24,0.1,55.5,68.5,81.4,59.3,0.05,18.04
SMI_COB_3,8/28/24,0,59.5,71,82.5,62.4,0.8,21.5
SMI_COB_3,8/29/24,0,58.6,69.6,80.7,62.2,2.63,12.41
SMI_COB_3,8/30/24,0.28,59.4,63.9,68.3,58.6,0.61,6.3
SMI_COB_3,8/31/24,0.1,57.4,63.8,70.1,58.5,0.22,7.57
SMI_COB_3,9/1/24,0.34,60.7,66.6,72.4,64.5,0.2,7.14
SMI_COB_3,9/2/24,0.1,53.7,67.6,81.4,58.8,0.29,20.71
SMI_COB_3,9/3/24,0,42,54.8,67.5,46.5,0.26,12.24
SMI_COB_3,9/4/24,0,45.5,57.2,68.9,46.5,0.26,13.26
SMI_COB_3,9/5/24,0,46.8,61.1,75.3,50.5,0.2,17.26
SMI_COB_3,9/6/24,0,43.7,60.6,77.5,50.6,0.17,17.36
SMI_COB_3,9/7/24,0,49.5,63.1,76.7,54.7,0.23,17.89
SMI_COB_3,9/8/24,0.58,45.8,58.7,71.5,51.6,0.09,9.73
SMI_COB_3,9/9/24,0,45.6,53.7,61.7,43.4,0.83,9.96
SMI_COB_3,9/10/24,0.17,51.4,60,68.6,52.6,0.48,10.65
SMI_COB_3,9/11/24,0,43.7,56.1,68.5,45,0.26,14.84
SMI_COB_3,9/12/24,0,47.7,61.4,75,50,0.12,17.31
SMI_COB_3,9/13/24,0,51.5,65.9,80.3,56.9,0.31,19.55
SMI_COB_3,9/14/24,0,53.4,66.7,80,58.2,0.16,16.62
SMI_COB_3,9/15/24,0,53.6,67.1,80.6,58.2,0.16,18.9
SMI_COB_3,9/16/24,0,54.8,68.1,81.4,59,0.26,19.58
SMI_COB_3,9/17/24,0,51,65.8,80.6,55,0.39,19.53
SMI_COB_3,9/18/24,0,48.1,63.5,78.9,51.5,0.32,23.01
SMI_COB_3,9/19/24,0,50.6,62.8,75,54.2,0.06,15.06
SMI_COB_3,9/20/24,0,51.5,66.1,80.7,55.5,0.13,20.72
SMI_COB_3,9/21/24,0,51.8,64.1,76.3,56.3,0.12,13.92
SMI_COB_3,9/22/24,0,50.8,63,75.2,54.1,0.4,14.09
SMI_COB_3,9/23/24,0,53.2,63.4,73.7,52,1.33,13.59
SMI_COB_3,9/24/24,0.01,47.6,56.2,64.9,49.1,0.49,8.7
SMI_COB_3,9/25/24,0,51.1,59.6,68.1,49.4,0.98,11.3
SMI_COB_3,9/26/24,0.13,53.9,57.6,61.3,54.2,0.25,4.92
SMI_COB_3,9/27/24,0.28,53.6,59.3,65,58.8,0.09,2.29
SMI_COB_3,9/28/24,0,54,63.6,73.3,54.5,0.2,15.12
SMI_COB_3,9/29/24,0,55.7,66.2,76.8,58.2,0.6,14.06
SMI_COB_3,9/30/24,0,53.6,60.3,67,55.8,0.18,6.8
SMI_COB_3,10/1/24,0,51.3,62.1,72.9,55.5,0.02,12.18
SMI_COB_3,10/2/24,0,51.4,61.3,71.2,51.4,0.13,13.28
SMI_COB_3,10/3/24,0.01,48.6,56.7,64.9,52.5,0.23,7.69
SMI_COB_3,10/4/24,0,45.2,58.7,72.3,48.9,0.1,14.44
SMI_COB_3,10/5/24,0.02,46.6,61,75.4,51.5,0.08,20.68
SMI_COB_3,10/6/24,0,37.5,52.3,67,42.8,0.02,13.77
SMI_COB_3,10/7/24,0,41.4,57.1,72.8,47.4,0.36,18.3
SMI_COB_3,10/8/24,0,39.9,51.5,63.2,43.9,0.55,10.02
SMI_COB_3,10/9/24,0.02,37.1,49.2,61.3,40,0.08,11.2
SMI_COB_3,10/10/24,0.14,38.4,47.7,57.1,39.4,0.35,8.55
SMI_COB_3,10/11/24,0,38.8,45.1,51.3,37.4,0.49,5.3
SMI_COB_3,10/12/24,0,43.9,53.4,63,42.6,1.21,11.36
SMI_COB_3,10/13/24,0.28,35.7,48.7,61.6,34.7,0.26,13.32
SMI_COB_3,10/14/24,0.7,40.3,42,43.8,41.7,0.02,0.67
SMI_COB_3,10/15/24,0.17,34.7,42.8,50.9,38.1,0.09,2.43
SMI_COB_3,10/16/24,0.05,36.6,43.1,49.6,34.4,0.74,5.57
SMI_COB_3,10/17/24,0,28.4,38.5,48.6,32.1,0.2,5.29
SMI_COB_3,10/18/24,0,30.3,43.3,56.4,34,0.11,8.37
SMI_COB_3,10/19/24,0,33.4,48.8,64.2,35.3,0.22,14.12
SMI_COB_3,10/20/24,0,33.6,51.6,69.6,35.8,0.26,19.31
SMI_COB_3,10/21/24,0,37.8,54.6,71.4,38.2,1.36,19.1
SMI_COB_3,10/22/24,0,50,63.9,77.8,48,1.67,19.88
SMI_COB_3,10/23/24,0,50.8,65.6,80.4,49.5,1.84,22.06
SMI_COB_3,10/24/24,0.1,46.1,61.8,77.5,45.3,0.39,23.07
SMI_COB_3,10/25/24,0,30.7,42.9,55.1,36.6,0.17,6.65
SMI_COB_3,10/26/24,0,32,46,59.9,36.8,0.28,12.59
SMI_COB_3,10/27/24,0.03,27.8,41.3,54.8,29.5,0.52,9.94
SMI_COB_3,10/28/24,0,28.7,39.9,51.1,28.3,0.56,7.61
SMI_COB_3,10/29/24,0,27.2,40.2,53.1,30.1,0.19,6.98
SMI_COB_3,10/30/24,0.13,28.2,43.6,59.1,45.1,0.18,8.06
SMI_COB_3,10/31/24,0,54.4,65.8,77.2,51.3,3.17,19.37
SMI_COB_3,11/1/24,0,57.4,67.5,77.6,53.9,4.1,18.93
SMI_COB_3,11/2/24,0.03,42.4,56.2,69.9,40.8,2,12.58
SMI_COB_3,11/3/24,0,24.4,34.9,45.5,29.6,0.24,4.11
SMI_COB_3,11/4/24,0,24.5,37,49.5,22.5,0.32,8.66
SMI_COB_3,11/5/24,0,30.1,42.1,54.1,35.5,0.71,9.1
SMI_COB_3,11/6/24,0,48.4,62,75.6,53,1.63,16.23
SMI_COB_3,11/7/24,0,52.8,62.6,72.5,55,1.63,10.61
SMI_COB_3,11/8/24,0,37,47.2,57.4,38.5,0.76,7.36
SMI_COB_3,11/9/24,0.1,32.7,45.3,57.8,32.6,1,9.37
SMI_COB_3,11/10/24,0,24,35,46,22.3,0.43,6.57
SMI_COB_3,11/11/24,0.08,24.8,40.1,55.4,36.1,0.21,10.95
SMI_COB_3,11/12/24,0.05,37.2,47.2,57.1,41.2,0.84,6.17
SMI_COB_3,11/13/24,0,20.7,31.4,42.1,22.7,0.37,4.62
SMI_COB_3,11/14/24,0,18.4,30.6,42.8,18.8,0.17,6.11
SMI_COB_3,11/15/24,0,19.3,31.9,44.5,13.9,0.37,8.58
SMI_COB_3,11/16/24,0,24.6,39.2,53.8,21.9,1.03,10.99
SMI_COB_3,11/17/24,0,32.9,43.6,54.3,28.9,0.3,10.02
SMI_COB_3,11/18/24,0,34.1,44.3,54.5,33.2,0.5,8.73
SMI_COB_3,11/19/24,0,30,43.7,57.4,35.4,0.27,8.68
SMI_COB_3,11/20/24,0,30.3,41.9,53.5,33.3,0.34,8.07
SMI_COB_3,11/21/24,0.56,40.6,48.4,56.2,37,0.22,8.1
SMI_COB_3,11/22/24,1.36,32.7,36.6,40.5,34.4,0.04,0.86
SMI_COB_3,11/23/24,0.25,31.8,35,38.3,33,0.03,1.08
SMI_COB_3,11/24/24,0.11,36.2,39.4,42.7,34.1,0.44,2.71
SMI_COB_3,11/25/24,0.02,28.7,34.4,40.2,29.1,0.63,3.14
SMI_COB_3,11/26/24,0.4,28.6,36.9,45.3,28.1,0.15,5.39
SMI_COB_3,11/27/24,0.06,33.8,40.6,47.5,33.1,0.09,3.67
SMI_COB_3,11/28/24,0.21,30.7,36.9,43.1,26.3,0.1,5.64
SMI_COB_3,11/29/24,0.71,30.2,32.6,35,30.5,0.04,1.63
SMI_COB_3,11/30/24,0.02,23,29.5,36,22.5,0.48,2.64
SMI_COB_3,12/1/24,0,18,24.1,30.2,15.9,0.89,2.28
SMI_COB_3,12/2/24,0,17.7,23,28.2,15,0.67,2.23
SMI_COB_3,12/3/24,0.01,17.3,23.9,30.6,19,0.28,2.26
SMI_COB_3,12/4/24,0.08,12.5,21.7,30.8,18.9,0.17,1.83
SMI_COB_3,12/5/24,0.04,13.7,23,32.2,21.9,0.26,2.95
SMI_COB_3,12/6/24,0.07,18.1,25.8,33.4,20.6,0.4,2.64
SMI_COB_3,12/7/24,0.01,17.3,21.5,25.7,13.6,0.37,2.37
SMI_COB_3,12/8/24,0.12,25.1,31,36.9,21.7,0.46,3.65
SMI_COB_3,12/9/24,0,32.9,37,41.1,30.5,0.47,3.57
SMI_COB_3,12/10/24,0.38,32.1,34.6,37,33.2,0.01,1.53
SMI_COB_3,12/11/24,0.23,35.1,42,48.9,40.4,0.04,1.89
SMI_COB_3,12/12/24,1.42,30.3,38.2,46.1,34.4,0.04,2.09
SMI_COB_3,12/13/24,0,16.5,23.8,31.1,10.9,0.99,2.83
SMI_COB_3,12/14/24,0,9.8,17,24.1,9,0.25,2.12
SMI_COB_3,12/15/24,0,9.3,18.4,27.4,10.4,0.22,2.55
SMI_COB_3,12/16/24,0.06,10.9,20.8,30.8,21,0.14,2.23
SMI_COB_3,12/17/24,0.07,30.2,39.3,48.5,37.3,0.09,2.74
SMI_COB_3,12/18/24,0,37.3,43.9,50.6,34.2,1.53,5.15
SMI_COB_3,12/19/24,0.31,33,38.6,44.1,31.7,0.09,3.77
SMI_COB_3,12/20/24,0,23.7,28.1,32.5,20.8,0.78,2.25
SMI_COB_3,12/21/24,0.22,16.5,21,25.4,20.1,0.21,0.96
SMI_COB_3,12/22/24,0,-1.5,8,17.4,2.3,0.28,1.2
SMI_COB_3,12/23/24,0,-10.3,-1.4,7.6,-7.6,0.16,0.94
SMI_COB_3,12/24/24,0.16,-7.9,9,26,6.3,0.19,2.03
SMI_COB_3,12/25/24,0,22.7,27.1,31.5,22.4,0.46,1.31
SMI_COB_3,12/26/24,0,1.9,14.7,27.6,10.9,0.15,1.91
SMI_COB_3,12/27/24,0,0.2,13.8,27.3,8,0.16,2.06
SMI_COB_3,12/28/24,0,3.8,17.7,31.5,17.7,0.14,2.62
SMI_COB_3,12/29/24,0,25.7,36.2,46.7,33.5,0,3.04
SMI_COB_3,12/30/24,0.2,29.2,43.1,57.1,44.2,0,4.51
SMI_COB_3,12/31/24,0.02,32.7,42.4,52.2,33.6,0.77,6.11
,,,,,,,,
SMI_DOU_3,1/1/24,0,22.2,26.5,30.8,22.1,0.2,1.81
SMI_DOU_3,1/2/24,0,20.8,24.5,28.1,17.7,0.65,1.6
SMI_DOU_3,1/3/24,0,24.9,29.2,33.5,23.1,0.74,2.13
SMI_DOU_3,1/4/24,0.04,28.1,30.3,32.4,27.3,0.29,1.14
SMI_DOU_3,1/5/24,0.02,13.5,20.7,27.8,12.8,0.47,1.47
SMI_DOU_3,1/6/24,0.02,16.1,21.3,26.5,17.3,0.55,1.4
SMI_DOU_3,1/7/24,0.43,23.8,26,28.1,21.2,0.45,1.41
SMI_DOU_3,1/8/24,0.27,19.5,23.9,28.3,22,0.17,1.03
SMI_DOU_3,1/9/24,0,22,26,29.9,22.1,0.3,1.32
SMI_DOU_3,1/10/24,0.79,25.5,33.6,41.6,31,0.23,1.67
SMI_DOU_3,1/11/24,0.03,29.1,34.1,39.1,27.6,0.34,2.57
SMI_DOU_3,1/12/24,0.11,28.2,31,33.8,27.9,0.21,1.55
SMI_DOU_3,1/13/24,0.29,27.3,31.4,35.6,28.4,0.21,2
SMI_DOU_3,1/14/24,0.24,24.1,31.5,38.9,24.7,0.14,2.18
SMI_DOU_3,1/15/24,0.04,10.2,17.3,24.4,8.1,0.49,1.74
SMI_DOU_3,1/16/24,0,8,13.4,18.8,5.9,0.37,1.58
SMI_DOU_3,1/17/24,0.11,8.6,13.8,19.1,9.7,0.38,0.85
SMI_DOU_3,1/18/24,0,7.4,11.8,16.2,0.3,0.63,1.64
SMI_DOU_3,1/19/24,0,12.7,16.9,21.1,11.3,0.35,1.51
SMI_DOU_3,1/20/24,0,-1,8.7,18.4,3.9,0.24,1.07
SMI_DOU_3,1/21/24,0,-0.8,4.8,10.4,0.1,0.26,0.85
SMI_DOU_3,1/22/24,0,1.4,10.5,19.6,4.1,0.28,1.54
SMI_DOU_3,1/23/24,0,14.9,22.5,30.2,16,0.56,2.97
SMI_DOU_3,1/24/24,0.28,28.5,30.1,31.7,27.4,0.22,1.16
SMI_DOU_3,1/25/24,0.79,31.5,32.7,33.8,32.9,0.12,0.58
SMI_DOU_3,1/26/24,0.85,32.8,35.1,37.4,36.2,0,0
SMI_DOU_3,1/27/24,0.2,31.5,35,38.5,34.3,0.11,0.75
SMI_DOU_3,1/28/24,0.01,30.9,32.7,34.6,33,0,0.27
SMI_DOU_3,1/29/24,0.57,28.3,31.7,35.1,30.1,0.15,0.78
SMI_DOU_3,1/30/24,0,24.9,27.8,30.7,22.8,0.52,1.47
SMI_DOU_3,1/31/24,0,24.9,26.6,28.4,23.1,0.53,1.03
SMI_DOU_3,2/1/24,0,28,31.1,34.2,27.8,0.42,1.58
SMI_DOU_3,2/2/24,0.04,30.6,32.4,34.2,31.1,0.09,1.02
SMI_DOU_3,2/3/24,0,24.2,29.6,35.1,24.8,0.25,1.71
SMI_DOU_3,2/4/24,0,16.9,25.1,33.2,17.7,0.34,2.84
SMI_DOU_3,2/5/24,0,17.6,27.1,36.7,18.9,0.34,3.84
SMI_DOU_3,2/6/24,0,13.8,25.1,36.5,12.9,0.46,4.47
SMI_DOU_3,2/7/24,0,14.2,25.5,36.9,15.8,0.33,4.1
SMI_DOU_3,2/8/24,0,17,27.8,38.6,20.6,0.34,4.22
SMI_DOU_3,2/9/24,0,26.3,35.3,44.4,22.8,1.11,5.98
SMI_DOU_3,2/10/24,0,32.1,39.6,47.1,31.6,0.76,5.3
SMI_DOU_3,2/11/24,0.13,30.8,41.5,52.2,35.2,0.25,4.63
SMI_DOU_3,2/12/24,0,29.6,32.5,35.4,25.2,1.04,2.22
SMI_DOU_3,2/13/24,0,26.8,30.4,34,24.2,0.58,2.25
SMI_DOU_3,2/14/24,0.02,12.7,24.2,35.7,17.8,0.21,3.66
SMI_DOU_3,2/15/24,0,7.8,17.1,26.5,6.2,0.35,2.9
SMI_DOU_3,2/16/24,0.37,8.2,18.9,29.7,16,0.24,2.7
SMI_DOU_3,2/17/24,0.07,18.9,23.9,28.9,15.2,0.28,2.49
SMI_DOU_3,2/18/24,0.04,12,18.6,25.1,9.1,0.39,2.22
SMI_DOU_3,2/19/24,0.01,10.6,17.2,23.8,12.7,0.47,1.57
SMI_DOU_3,2/20/24,0,-0.8,11.8,24.4,1.3,0.19,2.77
SMI_DOU_3,2/21/24,0,0.8,17.1,33.4,9,0.28,3.92
SMI_DOU_3,2/22/24,0,17.1,27.7,38.3,18.6,0.77,4.25
SMI_DOU_3,2/23/24,0.19,26.3,30.2,34.2,29.9,0.02,1.3
SMI_DOU_3,2/24/24,0,12.7,26.7,40.8,26.9,0.13,2.48
SMI_DOU_3,2/25/24,0,3.5,13,22.6,2.4,0.22,2.46
SMI_DOU_3,2/26/24,0,5.3,21.3,37.3,14,0.17,4.89
SMI_DOU_3,2/27/24,0,27.3,38.1,48.9,25.2,0.89,6.87
SMI_DOU_3,2/28/24,0.08,36.5,48.9,61.3,39.4,1.03,11.23
SMI_DOU_3,2/29/24,0.4,15.3,34.2,53.1,30.7,0.4,2.51
SMI_DOU_3,3/1/24,0.04,14.6,18.5,22.3,10.2,0.32,1.91
SMI_DOU_3,3/2/24,0.02,15.4,30.1,44.7,19.9,0.36,6.72
SMI_DOU_3,3/3/24,0.64,32.9,36.8,40.8,37.9,0.01,0.58
SMI_DOU_3,3/4/24,0,38.9,43.6,48.4,41.7,0.01,2.11
SMI_DOU_3,3/5/24,0,40.6,49,57.5,42.7,0.32,5.98
SMI_DOU_3,3/6/24,0.26,41,42.7,44.3,41.9,0.04,0.97
SMI_DOU_3,3/7/24,1.14,39.8,44.2,48.5,43.5,0.12,0.88
SMI_DOU_3,3/8/24,0,25.2,39.1,52.9,31.8,0.12,7.46
SMI_DOU_3,3/9/24,0,26.9,39.2,51.5,25,0.38,8.58
SMI_DOU_3,3/10/24,1.09,31.1,35,39,31.5,0.03,2.85
SMI_DOU_3,3/11/24,0.08,23.8,30.1,36.4,25.2,0.12,1.86
SMI_DOU_3,3/12/24,0,26.8,31.7,36.6,20.8,0.88,3.95
SMI_DOU_3,3/13/24,0,28.5,40.6,52.7,25.3,0.61,8.88
SMI_DOU_3,3/14/24,0,30.8,47.1,63.3,34.9,0.37,11.97
SMI_DOU_3,3/15/24,0.36,34.3,47.7,61.1,35.4,0.13,13.13
SMI_DOU_3,3/16/24,0.01,35.2,42.4,49.6,37.7,0.12,4.29
SMI_DOU_3,3/17/24,0.05,36.7,43.6,50.6,31.6,0.32,7.5
SMI_DOU_3,3/18/24,0.06,28.6,36,43.4,28.2,0.29,4.84
SMI_DOU_3,3/19/24,0.03,24,29,34,22.1,0.47,2.69
SMI_DOU_3,3/20/24,0.05,24.6,30.1,35.6,25.1,0.25,3.07
SMI_DOU_3,3/21/24,0.11,17.6,28.9,40.1,19.4,0.26,4.43
SMI_DOU_3,3/22/24,0,10.9,18.3,25.7,8.2,0.6,2.55
SMI_DOU_3,3/23/24,0.86,12.9,19.9,26.9,13.4,0.13,2.99
SMI_DOU_3,3/24/24,0.35,9.4,20.5,31.7,19.3,0.14,1.02
SMI_DOU_3,3/25/24,0,10.9,21.9,32.9,12.7,0.26,3.85
SMI_DOU_3,3/26/24,0,20.5,31.4,42.2,18.1,1.12,5.49
SMI_DOU_3,3/27/24,0,30.9,41.3,51.8,32.7,0.7,5.95
SMI_DOU_3,3/28/24,0,35.4,41.6,47.8,37.2,0.29,2.62
SMI_DOU_3,3/29/24,0,30.2,35.6,41,26.2,1.02,3.66
SMI_DOU_3,3/30/24,0,30.5,36.5,42.6,22.6,1.33,5.44
SMI_DOU_3,3/31/24,0,32,39.2,46.3,23.9,1.22,6.31
SMI_DOU_3,4/1/24,0,28,37.7,47.3,27.6,0.46,5.86
SMI_DOU_3,4/2/24,0,32.1,44.2,56.3,30,0.97,8.58
SMI_DOU_3,4/3/24,0.15,36,40.3,44.5,34,0.37,4.45
SMI_DOU_3,4/4/24,1.05,30.5,34.4,38.3,31.7,0.06,1.42
SMI_DOU_3,4/5/24,0.21,29.1,32.4,35.6,29,0.08,1.94
SMI_DOU_3,4/6/24,0.03,30.7,34.6,38.4,30.6,0.41,2.25
SMI_DOU_3,4/7/24,0,30.9,37.5,44.1,28.8,0.54,4.26
SMI_DOU_3,4/8/24,0,27.4,41.8,56.3,23.3,0.68,11.89
SMI_DOU_3,4/9/24,0,33.2,47.8,62.4,27,1.28,14.88
SMI_DOU_3,4/10/24,0.01,43.1,57.7,72.2,37,2.71,19.98
SMI_DOU_3,4/11/24,0.17,48.3,54.2,60.1,48.5,0.24,7.3
SMI_DOU_3,4/12/24,0.39,48,54.7,61.4,53.6,0.12,3.52
SMI_DOU_3,4/13/24,0.79,36.2,49.9,63.5,45.2,0.36,4.92
SMI_DOU_3,4/14/24,0.17,33.2,37.7,42.1,33.6,0.36,2.66
SMI_DOU_3,4/15/24,0.25,35.4,41.1,46.7,39.6,0.01,3.29
SMI_DOU_3,4/16/24,0,31.6,43.5,55.3,33.5,0.16,8.48
SMI_DOU_3,4/17/24,0,32,46.2,60.4,29.3,0.82,12.61
SMI_DOU_3,4/18/24,0.86,41.1,50.7,60.3,39.7,0.2,11.32
SMI_DOU_3,4/19/24,0.32,39.4,41.7,44,39.9,0.13,1.12
SMI_DOU_3,4/20/24,0.19,40.5,47.5,54.6,43.5,0.38,4.77
SMI_DOU_3,4/21/24,0,30,42.5,55.1,27.9,0.85,9.44
SMI_DOU_3,4/22/24,0,31.6,37.6,43.6,25.4,1.16,5.13
SMI_DOU_3,4/23/24,0,28.5,40.1,51.6,19.7,1.04,9.54
SMI_DOU_3,4/24/24,0.05,40,53.9,67.9,32.6,0.52,18.17
SMI_DOU_3,4/25/24,0.06,23.5,37.1,50.7,28.9,0.51,4.01
SMI_DOU_3,4/26/24,0,24.8,38.6,52.4,17.5,0.71,10.37
SMI_DOU_3,4/27/24,0,34,46.8,59.6,18.8,2.46,14.42
SMI_DOU_3,4/28/24,0.19,44,54.1,64.2,37.3,0.51,14.51
SMI_DOU_3,4/29/24,0.2,50.2,60.4,70.5,56.9,0.43,9.93
SMI_DOU_3,4/30/24,0.27,48.2,55.3,62.4,49.5,0.25,5.94
SMI_DOU_3,5/1/24,0.3,50.2,59.1,68.1,53.5,0.15,7.69
SMI_DOU_3,5/2/24,0,49.7,59.9,70.1,51,0.15,12.55
SMI_DOU_3,5/3/24,0,43.3,55.6,67.9,45.1,0.25,13.25
SMI_DOU_3,5/4/24,0,50.4,60.3,70.2,46.7,1.79,13.78
SMI_DOU_3,5/5/24,0.42,46.5,56.2,65.9,45.8,0.33,10.9
SMI_DOU_3,5/6/24,0.41,46.6,49.3,52.1,49,0.08,0.77
SMI_DOU_3,5/7/24,0,38.7,54.6,70.5,41.6,0.2,17.17
SMI_DOU_3,5/8/24,0.31,48.8,61.5,74.2,42.7,0.32,20.22
SMI_DOU_3,5/9/24,0.09,46.1,60.1,74.1,49.2,0.24,18.36
SMI_DOU_3,5/10/24,0.01,47,55.4,63.9,42.4,0.96,11.2
SMI_DOU_3,5/11/24,0.08,46,51,55.9,45.8,0.14,5.46
SMI_DOU_3,5/12/24,0.06,45,53.2,61.3,44.3,0.3,9.24
SMI_DOU_3,5/13/24,0,37,47,56.9,41.7,0.08,6.59
SMI_DOU_3,5/14/24,0.09,47,57.6,68.3,49.7,0.26,11.57
SMI_DOU_3,5/15/24,0.33,55.5,68.2,80.9,54.2,0.18,23.05
SMI_DOU_3,5/16/24,0.63,50.6,56.6,62.6,56.9,0,2.81
SMI_DOU_3,5/17/24,0,49.3,59.5,69.8,54.4,0.11,9.67
SMI_DOU_3,5/18/24,0.01,54.8,64.6,74.3,53,0.78,15.41
SMI_DOU_3,5/19/24,0,53.7,62.5,71.2,53.6,0.77,11.83
SMI_DOU_3,5/20/24,0,53.6,66.6,79.5,55.1,0.44,19.91
SMI_DOU_3,5/21/24,0,58.4,71.2,83.9,58.7,0.74,23.37
SMI_DOU_3,5/22/24,0.06,59.4,71.6,83.7,61.1,0.86,20.2
SMI_DOU_3,5/23/24,0.11,61.1,74.8,88.5,60.4,0.36,30.01
SMI_DOU_3,5/24/24,0,47.4,61.1,74.9,51.4,0.33,17.55
SMI_DOU_3,5/25/24,0,44.9,60.4,75.9,45.8,0.47,19.2
SMI_DOU_3,5/26/24,0.05,54.6,66,77.5,54.2,0.12,19.26
SMI_DOU_3,5/27/24,0.02,61.2,71.1,81.1,57.8,1.21,22.17
SMI_DOU_3,5/28/24,0.49,57,67.7,78.3,61.7,0.23,14.17
SMI_DOU_3,5/29/24,0.06,52,59.5,67.1,54.7,0.25,7.02
SMI_DOU_3,5/30/24,0,44.6,56.3,67.9,44.5,0.87,13.88
SMI_DOU_3,5/31/24,0,41.3,54.8,68.2,40.2,0.74,15.36
SMI_DOU_3,6/1/24,0,45.8,58.4,71.1,40.8,1.5,18.84
SMI_DOU_3,6/2/24,0,45.2,61.5,77.7,44.4,0.5,23.52
SMI_DOU_3,6/3/24,0,56.4,67.9,79.5,52.8,1.16,23.23
SMI_DOU_3,6/4/24,0,55.2,68.3,81.4,56.2,0.36,22.33
SMI_DOU_3,6/5/24,0,59.1,72.3,85.6,58.9,1.42,25.92
SMI_DOU_3,6/6/24,0.01,64.7,75.6,86.6,62.5,0.71,26.06
SMI_DOU_3,6/7/24,0.7,54.7,65.4,76.2,62.1,0.09,7.86
SMI_DOU_3,6/8/24,0.52,53,62.2,71.4,54.1,0.38,11.86
SMI_DOU_3,6/9/24,0.54,52.4,59.7,66.9,51.4,0.15,8.75
SMI_DOU_3,6/10/24,0.16,52.3,59.2,66.2,51.1,0.24,9.62
SMI_DOU_3,6/11/24,0.02,51.7,55.2,58.7,50.3,0.53,4.06
SMI_DOU_3,6/12/24,0,48.7,55.5,62.4,51,0.12,6.3
SMI_DOU_3,6/13/24,0,46.7,56.3,65.8,50.6,0.08,8.59
SMI_DOU_3,6/14/24,0.05,58.6,71.2,83.9,58.4,0.75,22.87
SMI_DOU_3,6/15/24,0,51.5,64.4,77.3,54.4,0.44,18.15
SMI_DOU_3,6/16/24,0,42.3,58,73.7,44.9,0.29,17.59
SMI_DOU_3,6/17/24,0,53.7,64.2,74.6,48.9,1.98,17.96
SMI_DOU_3,6/18/24,0,64.7,76.6,88.5,65.1,1.33,23.82
SMI_DOU_3,6/19/24,0,70.3,81,91.8,69.8,1.32,25.18
SMI_DOU_3,6/20/24,0,68.4,79.1,89.8,71,0.76,19.76
SMI_DOU_3,6/21/24,0.01,63.9,76.6,89.4,68,0.33,20.69
SMI_DOU_3,6/22/24,0.3,67.8,77.3,86.8,68.9,0.18,17.95
SMI_DOU_3,6/23/24,1.58,68,75.6,83.1,69.4,0.29,13.21
SMI_DOU_3,6/24/24,0.36,59.7,72.4,85,65.5,0.78,16.45
SMI_DOU_3,6/25/24,0.07,54.2,61,67.8,56.2,0.52,7.29
SMI_DOU_3,6/26/24,0,64.4,73.2,81.9,57.2,4.04,23.77
SMI_DOU_3,6/27/24,0.07,58.9,69.8,80.6,58.9,0.32,21.15
SMI_DOU_3,6/28/24,0,44.2,56.8,69.4,49,0.38,11.53
SMI_DOU_3,6/29/24,0.1,54.6,64.2,73.8,47.5,0.56,18.48
SMI_DOU_3,6/30/24,1.13,57.7,65.6,73.6,65.6,0.36,5.24
SMI_DOU_3,7/1/24,0.04,55.9,67.9,80,59.4,0.6,12.88
SMI_DOU_3,7/2/24,0,48,62,75.9,51.9,0.21,17.85
SMI_DOU_3,7/3/24,0,58.3,68.5,78.7,54.4,2.24,20.41
SMI_DOU_3,7/4/24,0.02,64.8,74.5,84.3,60.3,3.3,21.81
SMI_DOU_3,7/5/24,0,66.7,75.8,84.8,66.6,1.03,18.04
SMI_DOU_3,7/6/24,0.13,70.5,77.8,85.1,69.8,0.58,16.85
SMI_DOU_3,7/7/24,0,61.2,74.2,87.1,66.2,0.41,19.76
SMI_DOU_3,7/8/24,0,59.6,71.7,83.8,61.7,0.48,20.01
SMI_DOU_3,7/9/24,0,63.8,76.2,88.6,63.8,0.46,26.78
SMI_DOU_3,7/10/24,0,69.2,78.4,87.6,68.4,1.27,21.03
SMI_DOU_3,7/11/24,0.46,69.5,80.2,90.9,71.8,0.2,22.41
SMI_DOU_3,7/12/24,0.12,65.8,71.1,76.3,66.8,0.29,8.17
SMI_DOU_3,7/13/24,0.02,63.1,72.8,82.5,66.1,0.27,15.48
SMI_DOU_3,7/14/24,0,57.4,71,84.5,63.1,0.2,19.46
SMI_DOU_3,7/15/24,0,63.5,74.9,86.3,63,0.72,24.94
SMI_DOU_3,7/16/24,0.43,66.8,78.6,90.4,68.3,0.26,24.06
SMI_DOU_3,7/17/24,1.33,64.1,75.5,86.8,68,0.15,16.9
SMI_DOU_3,7/18/24,0.03,61.5,71.6,81.6,66.2,0.29,12.86
SMI_DOU_3,7/19/24,0,52.5,64.2,76,55.2,0.14,15.56
SMI_DOU_3,7/20/24,0,53.2,65.8,78.5,55.1,0.16,18.39
SMI_DOU_3,7/21/24,0,53.7,67.6,81.5,55.9,0.56,20.11
SMI_DOU_3,7/22/24,0.02,56.3,68.5,80.7,60.5,0.15,16.75
SMI_DOU_3,7/23/24,0.35,63,73,83.1,64.5,0.09,17.56
SMI_DOU_3,7/24/24,0.02,61.8,71.1,80.5,64.2,0.14,14.68
SMI_DOU_3,7/25/24,0.04,64.1,72.2,80.4,66.3,0.26,11.27
SMI_DOU_3,7/26/24,0,54.9,64.7,74.5,55.8,1.01,14.21
SMI_DOU_3,7/27/24,0,52.2,66,79.8,53.8,0.38,20.85
SMI_DOU_3,7/28/24,0,54.4,68.2,82,57.5,0.18,20.98
SMI_DOU_3,7/29/24,0,59.1,71.4,83.7,59.2,0.42,24.3
SMI_DOU_3,7/30/24,0,61.7,73,84.4,62.2,0.5,23.01
SMI_DOU_3,7/31/24,0.02,68.6,78.3,87.9,68.1,0.85,21.9
SMI_DOU_3,8/1/24,0.34,64.7,72.8,80.9,69,0.13,9.85
SMI_DOU_3,8/2/24,0,62.7,74.7,86.8,65.9,0.16,22.85
SMI_DOU_3,8/3/24,0.6,66.5,75.9,85.4,68.9,0.03,15.98
SMI_DOU_3,8/4/24,0.03,68.6,75.5,82.4,69.1,0.12,14.65
SMI_DOU_3,8/5/24,0,61,73.2,85.4,65.4,0.32,18.48
SMI_DOU_3,8/6/24,1.14,65.5,73.9,82.3,66.5,0.15,15.53
SMI_DOU_3,8/7/24,0.1,56.4,63.5,70.6,59.7,0.28,6.54
SMI_DOU_3,8/8/24,0,56.3,66.4,76.5,57.6,0.17,15.22
SMI_DOU_3,8/9/24,0.84,60.9,63.8,66.7,62.1,0.15,4.23
SMI_DOU_3,8/10/24,1.31,61.7,69.1,76.5,66.9,0.13,7.36
SMI_DOU_3,8/11/24,0,52.4,64.7,77,55.1,0.5,15.48
SMI_DOU_3,8/12/24,0.12,53.3,63.9,74.5,55.5,0.16,14.16
SMI_DOU_3,8/13/24,0.28,51.4,60.2,69,55.9,0.04,7.92
SMI_DOU_3,8/14/24,0,55,66,77.1,58.5,0.06,14.71
SMI_DOU_3,8/15/24,0.46,54.7,66.9,79.2,59.2,0.1,15.25
SMI_DOU_3,8/16/24,0,55.3,67.5,79.6,61,0.1,13.72
SMI_DOU_3,8/17/24,0.02,61.3,72.3,83.4,62.8,0.71,20.78
SMI_DOU_3,8/18/24,0.24,65.8,71.3,76.8,64.2,0.76,10.49
SMI_DOU_3,8/19/24,0.71,65,69.4,73.8,65.6,0.31,5.44
SMI_DOU_3,8/20/24,0.48,51.1,62.9,74.7,57.1,0.45,6.68
SMI_DOU_3,8/21/24,0,48.3,56.4,64.5,48.4,0.23,9.25
SMI_DOU_3,8/22/24,0.09,50.4,57.9,65.4,51,0.27,8.7
SMI_DOU_3,8/23/24,0.02,49.2,60.7,72.3,52.4,0.23,13.95
SMI_DOU_3,8/24/24,0,49.5,62.8,76.1,54.3,0.07,16.62
SMI_DOU_3,8/25/24,0,54.6,67.4,80.2,56.2,0.18,19.07
SMI_DOU_3,8/26/24,0,54.3,67.7,81.2,58.2,0.08,19.54
SMI_DOU_3,8/27/24,0.6,54.4,67.8,81.1,60.1,0.02,16.86
SMI_DOU_3,8/28/24,0.02,60,70.7,81.4,63.2,0.3,18.93
SMI_DOU_3,8/29/24,0.03,57.5,68.8,80.1,62.7,0.62,12.12
SMI_DOU_3,8/30/24,0.03,59.6,66.4,73.1,58.3,0.66,10.55
SMI_DOU_3,8/31/24,0,59.9,63.3,66.6,58.8,0.73,5.4
SMI_DOU_3,9/1/24,0.45,62.1,65.9,69.6,64.9,0.11,4.05
SMI_DOU_3,9/2/24,0.08,54,67.2,80.4,59.9,0.16,18.03
SMI_DOU_3,9/3/24,0,39.1,52.8,66.4,46.1,0,10.89
SMI_DOU_3,9/4/24,0,43.5,57.2,70.8,47.4,0.04,14.26
SMI_DOU_3,9/5/24,0,46.6,61,75.4,51.4,0.07,16.49
SMI_DOU_3,9/6/24,0,47.5,61.9,76.3,52,0.45,16.83
SMI_DOU_3,9/7/24,0,52,63.7,75.4,56.2,0.36,15.52
SMI_DOU_3,9/8/24,0.56,46.5,55.5,64.5,51.4,0.31,4.11
SMI_DOU_3,9/9/24,0.05,43.6,51.1,58.5,44,0.08,7.65
SMI_DOU_3,9/10/24,0.18,47.5,57.9,68.4,53.1,0.06,10.16
SMI_DOU_3,9/11/24,0,41.1,55.8,70.6,44.9,0.05,16.51
SMI_DOU_3,9/12/24,0,45.6,60.6,75.5,50.1,0.08,17.1
SMI_DOU_3,9/13/24,0,50.5,65.3,80.1,57.7,0,18.02
SMI_DOU_3,9/14/24,0,53.1,66.6,80.2,59.4,0.05,17.08
SMI_DOU_3,9/15/24,0,53.4,67.3,81.3,58.8,0.07,19.51
SMI_DOU_3,9/16/24,0,53.7,68.3,82.8,59,0.07,22.18
SMI_DOU_3,9/17/24,0,51.6,66.2,80.7,57.1,0.15,18.55
SMI_DOU_3,9/18/24,0,49.7,63.4,77,54.5,0.14,17.25
SMI_DOU_3,9/19/24,0,51.3,63.3,75.2,57.2,0.07,14.19
SMI_DOU_3,9/20/24,0,51.5,66.8,82,56.5,0.09,21.44
SMI_DOU_3,9/21/24,0,52.9,65.1,77.2,57.2,0.05,15.58
SMI_DOU_3,9/22/24,0,53.3,63.8,74.3,55.8,0.67,12.63
SMI_DOU_3,9/23/24,0,54,63.6,73.3,53.1,1.86,12.27
SMI_DOU_3,9/24/24,0,50.1,56.4,62.8,50.1,0.92,7.14
SMI_DOU_3,9/25/24,0.11,52.3,59.4,66.5,49.9,0.86,10.26
SMI_DOU_3,9/26/24,0.96,53.4,56.2,59.1,54.6,0.21,2.95
SMI_DOU_3,9/27/24,0.34,50.5,57.2,63.9,58.1,0.01,2.01
SMI_DOU_3,9/28/24,0,52.1,62.7,73.3,55.2,0.01,14.52
SMI_DOU_3,9/29/24,0,58,66.7,75.4,58.2,1.24,12.6
SMI_DOU_3,9/30/24,0,51.7,60.8,69.9,56.4,0.03,9.17
SMI_DOU_3,10/1/24,0,51.8,62.1,72.5,56,0,11.35
SMI_DOU_3,10/2/24,0,50.5,60.5,70.6,51.9,0.08,12.02
SMI_DOU_3,10/3/24,0.08,45.6,53.1,60.7,51.7,0.04,4.03
SMI_DOU_3,10/4/24,0,43.4,56.3,69.2,48.5,0,11.86
SMI_DOU_3,10/5/24,0.04,44.9,59.9,74.9,51.9,0,18.33
SMI_DOU_3,10/6/24,0,37.3,52.3,67.3,42.7,0.01,13.82
SMI_DOU_3,10/7/24,0.12,40.3,55.3,70.2,48.5,0.22,14.47
SMI_DOU_3,10/8/24,0.02,36.1,48.8,61.5,44,0.02,8.31
SMI_DOU_3,10/9/24,0.08,37.9,48.3,58.8,41.4,0.04,8.33
SMI_DOU_3,10/10/24,0.25,37.2,45.5,53.9,40.1,0.09,5.59
SMI_DOU_3,10/11/24,0,36.8,44,51.2,37.6,0.12,5.05
SMI_DOU_3,10/12/24,0,41.4,50.7,59.9,44,0.3,7.93
SMI_DOU_3,10/13/24,0.15,35,47.4,59.8,36.4,0.14,11.1
SMI_DOU_3,10/14/24,0.84,40,41.8,43.7,41.3,0.04,0.68
SMI_DOU_3,10/15/24,0.3,33.1,39.9,46.7,37.6,0.02,1.26
SMI_DOU_3,10/16/24,0.1,35.8,41.6,47.4,35.6,0.24,4.22
SMI_DOU_3,10/17/24,0,27.1,38.2,49.2,31.9,0.02,5.44
SMI_DOU_3,10/18/24,0,28.7,43.1,57.5,33.5,0.01,9.45
SMI_DOU_3,10/19/24,0,30.1,46.5,62.9,36.5,0.05,12.2
SMI_DOU_3,10/20/24,0,31.7,48.6,65.5,35.1,0.14,14.49
SMI_DOU_3,10/21/24,0,33.6,50.9,68.2,39.2,0.33,15.45
SMI_DOU_3,10/22/24,0,44.1,59.3,74.5,46.2,0.45,17.67
SMI_DOU_3,10/23/24,0,46,61.7,77.5,48.8,0.43,19.66
SMI_DOU_3,10/24/24,0.08,44.6,59.6,74.5,46.6,0.24,19.36
SMI_DOU_3,10/25/24,0,28.5,41.1,53.8,35,0.08,6.58
SMI_DOU_3,10/26/24,0.01,29.3,42.2,55,37,0.11,8.5
SMI_DOU_3,10/27/24,0,26.2,39.7,53.3,28.4,0.38,9.51
SMI_DOU_3,10/28/24,0,28,38.5,49,29.8,0.34,6.26
SMI_DOU_3,10/29/24,0,30.5,40.9,51.2,30.8,0.39,6.26
SMI_DOU_3,10/30/24,0.16,33.9,45,56.1,44.8,0.11,6.08
SMI_DOU_3,10/31/24,0,48.4,61.4,74.5,51.1,0.47,15.65
SMI_DOU_3,11/1/24,0.24,54.5,65.1,75.8,54.1,0.91,16.57
SMI_DOU_3,11/2/24,0.04,38.5,50.5,62.6,41.5,0.45,7.57
SMI_DOU_3,11/3/24,0,24.2,34.6,44.9,29.3,0.22,4.06
SMI_DOU_3,11/4/24,0,24.9,36.6,48.3,22.9,0.28,7.9
SMI_DOU_3,11/5/24,0.03,35,42.1,49.1,34.4,0.92,5.73
SMI_DOU_3,11/6/24,0.01,48.2,60.1,72,51.7,1.36,13.44
SMI_DOU_3,11/7/24,0.02,49.4,58.2,67,54.2,0.31,6.38
SMI_DOU_3,11/8/24,0,33.1,43.2,53.3,37.7,0.25,5.58
SMI_DOU_3,11/9/24,0,29.1,41,53,32.3,0.65,6.08
SMI_DOU_3,11/10/24,0,25.5,35.2,44.9,22.5,0.6,6.36
SMI_DOU_3,11/11/24,0.2,29.7,40.6,51.6,35.3,0.2,8.13
SMI_DOU_3,11/12/24,0.14,34.5,44.2,54,41.8,0.34,5
SMI_DOU_3,11/13/24,0,20.6,30.7,40.8,22.5,0.38,4.37
SMI_DOU_3,11/14/24,0,20.5,30.9,41.3,19.1,0.31,5.23
SMI_DOU_3,11/15/24,0,23.8,32.4,40.9,15.1,0.98,6.17
SMI_DOU_3,11/16/24,0,25.5,38.5,51.5,20.8,1.17,9.56
SMI_DOU_3,11/17/24,0,30.3,40.9,51.5,28.6,0.17,8.66
SMI_DOU_3,11/18/24,0.02,31.6,39.8,48,33.8,0.13,4.84
SMI_DOU_3,11/19/24,0,29.9,42,54.2,35.6,0.23,6.95
SMI_DOU_3,11/20/24,0,30.8,41,51.2,34.1,0.29,6.37
SMI_DOU_3,11/21/24,0.42,36.2,44.8,53.3,36.4,0.11,6.74
SMI_DOU_3,11/22/24,1.1,32.3,35.5,38.7,34.4,0.03,0.61
SMI_DOU_3,11/23/24,0.28,31.5,35.9,40.3,33.5,0.04,1.45
SMI_DOU_3,11/24/24,0.05,34.6,38.4,42.3,33.1,0.18,2.93
SMI_DOU_3,11/25/24,0.02,24.6,31.7,38.8,27,0.32,3.22
SMI_DOU_3,11/26/24,0.28,25,33.5,42.1,27,0.15,4.6
SMI_DOU_3,11/27/24,0.21,33.8,39,44.2,32.8,0.05,2.96
SMI_DOU_3,11/28/24,0.18,28.8,34.7,40.5,25.7,0.04,4.47
SMI_DOU_3,11/29/24,0.59,29.2,31.1,33,30.8,0.01,0.9
SMI_DOU_3,11/30/24,0,21.6,27.9,34.1,21.6,0.52,2.34
SMI_DOU_3,12/1/24,0,17.5,23.7,30,16.9,0.64,2.15
SMI_DOU_3,12/2/24,0.02,17.9,23.1,28.3,17.2,0.3,2.11
SMI_DOU_3,12/3/24,0,17.9,24,30.1,19.9,0.19,2
SMI_DOU_3,12/4/24,0.04,12.3,20.6,29,17.5,0.14,1.59
SMI_DOU_3,12/5/24,0.13,16.2,22.9,29.5,22.3,0.17,1.81
SMI_DOU_3,12/6/24,0.2,16.7,24,31.2,21.4,0.24,1.75
SMI_DOU_3,12/7/24,0.09,16.4,20.5,24.6,14.8,0.3,2.05
SMI_DOU_3,12/8/24,0.32,21.1,26.2,31.2,23.6,0.1,1.71
SMI_DOU_3,12/9/24,0.01,28.9,33.3,37.7,30.9,0.02,2.01
SMI_DOU_3,12/10/24,0.49,31.5,34.2,37,33.1,0.01,1.52
SMI_DOU_3,12/11/24,0.33,33.9,37.3,40.7,38.4,0,0
SMI_DOU_3,12/12/24,0.96,28.5,35.5,42.5,33.7,0.02,1.64
SMI_DOU_3,12/13/24,0.04,10.1,19.3,28.5,12.1,0.24,2.03
SMI_DOU_3,12/14/24,0,5.5,13.6,21.8,9.8,0.17,1.5
SMI_DOU_3,12/15/24,0,4.9,15.9,26.9,9.5,0.18,2.41
SMI_DOU_3,12/16/24,0.17,9.9,20,30.2,20.1,0.11,2.3
SMI_DOU_3,12/17/24,0.17,29.2,35.6,42,35.9,0.05,0.81
SMI_DOU_3,12/18/24,0.01,33.3,38.9,44.5,34,0.25,3.1
SMI_DOU_3,12/19/24,0.27,30.8,35.4,39.9,31.6,0.06,2.39
SMI_DOU_3,12/20/24,0,22.4,27.1,31.7,20.6,0.4,2.06
SMI_DOU_3,12/21/24,0.12,15.2,20.6,26,18.8,0.3,1
SMI_DOU_3,12/22/24,0,-3,7,16.9,0.5,0.3,1.25
SMI_DOU_3,12/23/24,0,-9.6,-1.2,7.2,-8.4,0.16,0.92
SMI_DOU_3,12/24/24,0.22,-4.5,7.6,19.6,7.3,0.2,1.3
SMI_DOU_3,12/25/24,0.01,13.9,21,28.1,20.6,0.07,0.89
SMI_DOU_3,12/26/24,0,-0.3,13,26.3,9.5,0.13,1.85
SMI_DOU_3,12/27/24,0,-0.9,12.3,25.5,8.2,0.12,1.8
SMI_DOU_3,12/28/24,0,5.6,18.3,31.1,18.1,0.21,2.36
SMI_DOU_3,12/29/24,0.02,28.5,32.9,37.2,34,0,0.56
SMI_DOU_3,12/30/24,0.17,33.5,41.9,50.3,43.5,0.01,0.87
SMI_DOU_3,12/31/24,0.03,34.3,41.2,48.2,33.4,0.47,4.63
,,,,,,,,
SMI_JOH,1/1/24,0,25.1,28.5,31.9,25.4,0.23,1.35
SMI_JOH,1/2/24,0,23.5,26.5,29.4,20.1,0.66,1.63
SMI_JOH,1/3/24,0,28.3,31.2,34.1,24.4,0.88,2.14
SMI_JOH,1/4/24,0.02,30.7,32.9,35.1,27.9,0.47,1.87
SMI_JOH,1/5/24,0.02,20.7,26,31.4,16.1,0.59,2.06
SMI_JOH,1/6/24,0,20.8,25,29.2,18.4,0.74,2.01
SMI_JOH,1/7/24,0.51,25.6,27.9,30.2,23.6,0.26,1.74
SMI_JOH,1/8/24,0.19,23.5,27.6,31.6,24.8,0.16,1.17
SMI_JOH,1/9/24,0.01,24.1,29,33.9,26.5,0.24,1.48
SMI_JOH,1/10/24,0.72,30.2,37.1,44,33.2,0.42,1.94
SMI_JOH,1/11/24,0.02,31.6,36.4,41.2,28,0.76,3.3
SMI_JOH,1/12/24,0.11,31.2,33.4,35.6,29.8,0.31,1.7
SMI_JOH,1/13/24,0.37,31.2,35.9,40.5,30.6,0.32,3.32
SMI_JOH,1/14/24,0.11,27.6,34.8,42.1,24.1,0.29,2.97
SMI_JOH,1/15/24,0.07,9.6,19.3,28.9,7.5,0.48,2.62
SMI_JOH,1/16/24,0,9.6,16,22.5,6.5,0.42,2.35
SMI_JOH,1/17/24,0.07,8.4,14.5,20.6,9.3,0.38,1.16
SMI_JOH,1/18/24,0,7.3,12.8,18.4,1,0.66,2.01
SMI_JOH,1/19/24,0.01,16.2,20,23.7,14.2,0.34,1.73
SMI_JOH,1/20/24,0,5.6,14.2,22.8,6.7,0.36,1.25
SMI_JOH,1/21/24,0.05,5.9,9.8,13.6,4.4,0.4,0.88
SMI_JOH,1/22/24,0,6.9,14.8,22.7,8.7,0.32,1.75
SMI_JOH,1/23/24,0,11.5,22.2,32.9,17.2,0.38,3.4
SMI_JOH,1/24/24,0.2,31,32.5,34,30.2,0.22,1.13
SMI_JOH,1/25/24,0.63,33.5,36.8,40.1,35.2,0.1,1
SMI_JOH,1/26/24,0.88,36,39,42.1,37.9,0.1,0.58
SMI_JOH,1/27/24,0.17,32.6,38.5,44.5,35.8,0.11,1.05
SMI_JOH,1/28/24,0.02,32.5,35.1,37.7,34.3,0.07,0.79
SMI_JOH,1/29/24,0.59,29.9,33.3,36.7,31.2,0.15,0.77
SMI_JOH,1/30/24,0,27.4,29,30.6,24.9,0.56,1.01
SMI_JOH,1/31/24,0,27.5,28.9,30.4,25.3,0.69,1.08
SMI_JOH,2/1/24,0,30.8,33.8,36.8,29.6,0.67,1.91
SMI_JOH,2/2/24,0.05,33.3,34.4,35.6,33,0.16,0.99
SMI_JOH,2/3/24,0,27.3,31.4,35.5,27.2,0.27,1.56
SMI_JOH,2/4/24,0,20.2,26.4,32.6,21.4,0.23,2.19
SMI_JOH,2/5/24,0,20.2,29.4,38.6,23.4,0.24,3.73
SMI_JOH,2/6/24,0,18,27.5,37.1,17.8,0.48,3.93
SMI_JOH,2/7/24,0,17.9,28.2,38.4,18.4,0.38,4.23
SMI_JOH,2/8/24,0,20.9,31.2,41.5,23.5,0.44,4.63
SMI_JOH,2/9/24,0,28.1,40,51.9,25,0.97,8.75
SMI_JOH,2/10/24,0,37.2,46.5,55.8,34.4,1.48,8.31
SMI_JOH,2/11/24,0.03,34.7,45.1,55.5,35.9,1,5.74
SMI_JOH,2/12/24,0,32.2,33.9,35.6,26.7,1.19,1.97
SMI_JOH,2/13/24,0,26.6,30.7,34.7,25.6,0.32,2.31
SMI_JOH,2/14/24,0.03,16.9,27,37.1,19.7,0.47,3.82
SMI_JOH,2/15/24,0,12,19,26.1,10.6,0.34,2.36
SMI_JOH,2/16/24,0.17,13,23.5,33.9,19.5,0.28,3.19
SMI_JOH,2/17/24,0.1,19.6,25.2,30.8,19.2,0.27,2.41
SMI_JOH,2/18/24,0.07,12.4,19.3,26.1,12,0.34,2.03
SMI_JOH,2/19/24,0.01,16.9,22.6,28.3,14.2,0.84,2.06
SMI_JOH,2/20/24,0,6.2,15.6,25,3.9,0.43,2.58
SMI_JOH,2/21/24,0,4,20,36,11.5,0.29,4.5
SMI_JOH,2/22/24,0,24.6,33.5,42.3,21.5,1.59,5.09
SMI_JOH,2/23/24,0.29,31.8,34.1,36.3,31.9,0.29,1.34
SMI_JOH,2/24/24,0,13.2,30.3,47.4,27.9,0.17,4.35
SMI_JOH,2/25/24,0,10.1,15.8,21.4,4.6,0.55,2.23
SMI_JOH,2/26/24,0,13.9,27.3,40.7,16.1,0.63,5.88
SMI_JOH,2/27/24,0,31.1,41.6,52,28.5,1.04,7.63
SMI_JOH,2/28/24,0.04,43.1,53.5,64,41.4,1.54,12.42
SMI_JOH,2/29/24,0.62,21,39.3,57.5,31.6,0.62,3.36
SMI_JOH,3/1/24,0.09,12.5,18.3,24.1,13,0.21,1.89
SMI_JOH,3/2/24,0.02,14.6,31.2,47.8,22,0.25,7.69
SMI_JOH,3/3/24,0.37,38,41,44,39.9,0.1,0.91
SMI_JOH,3/4/24,0,35,41.6,48.2,41.4,0,2.38
SMI_JOH,3/5/24,0,40.8,52.7,64.7,44.3,0.5,9.46
SMI_JOH,3/6/24,0.09,43.8,47.6,51.4,44.7,0.18,2.38
SMI_JOH,3/7/24,0.78,39.8,46.4,53,44.4,0.16,1.23
SMI_JOH,3/8/24,0,24.4,38.7,52.9,31.7,0.08,7.44
SMI_JOH,3/9/24,0,27.6,42.6,57.5,26.7,0.24,11.44
SMI_JOH,3/10/24,0.74,35.2,40.7,46.2,34.5,0.28,5.56
SMI_JOH,3/11/24,0.11,26.3,31.9,37.5,26.1,0.47,1.98
SMI_JOH,3/12/24,0,25.5,32.2,39,22,0.37,4.52
SMI_JOH,3/13/24,0,27.6,40.8,53.9,30.1,0.17,8.03
SMI_JOH,3/14/24,0,31.6,49.3,67,37.1,0.08,13.71
SMI_JOH,3/15/24,0.39,33.9,48.1,62.2,38.1,0.16,13.02
SMI_JOH,3/16/24,0,34.5,41.1,47.8,37.7,0.14,3.09
SMI_JOH,3/17/24,0.03,37.2,44.5,51.8,32.1,0.54,7.85
SMI_JOH,3/18/24,0.19,29.1,36.9,44.8,28.8,0.26,5.3
SMI_JOH,3/19/24,0.04,26.9,31.2,35.4,22.6,0.48,3.09
SMI_JOH,3/20/24,0.03,27.2,31.9,36.6,27.1,0.39,3.14
SMI_JOH,3/21/24,0.15,21.3,30.9,40.6,20.4,0.29,3.99
SMI_JOH,3/22/24,0,14.3,20.5,26.6,10.8,0.7,2.47
SMI_JOH,3/23/24,0.76,17.4,23.1,28.8,16.3,0.22,2.87
SMI_JOH,3/24/24,0.23,5.6,17.9,30.1,18.6,0.1,0.93
SMI_JOH,3/25/24,0,12.5,23.6,34.6,11.7,0.28,4.43
SMI_JOH,3/26/24,0,23.4,36.8,50.2,22.1,1.16,8.15
SMI_JOH,3/27/24,0,34.1,46.5,58.8,36.8,1.59,7.26
SMI_JOH,3/28/24,0,38,48.3,58.5,38,1.58,6.66
SMI_JOH,3/29/24,0,27.4,35,42.7,25.5,0.52,4.55
SMI_JOH,3/30/24,0,28.7,35.3,41.8,24.2,0.46,4.76
SMI_JOH,3/31/24,0,34,40.1,46.1,25.7,1.07,6.26
SMI_JOH,4/1/24,0,28.5,38.7,48.8,29.3,0.17,6.18
SMI_JOH,4/2/24,0,29.7,43.3,56.9,32,0.19,8.61
SMI_JOH,4/3/24,0.15,40.1,43.3,46.6,36.4,0.6,4.7
SMI_JOH,4/4/24,0.79,32,37.7,43.5,33.7,0.08,2.66
SMI_JOH,4/5/24,0.22,31.1,34.1,37.1,31.5,0.09,1.72
SMI_JOH,4/6/24,0.08,32,35.5,39,33.2,0.23,1.81
SMI_JOH,4/7/24,0,28.6,38.2,47.7,31.5,0,5.26
SMI_JOH,4/8/24,0,29,43,56.9,26.8,0.62,11.21
SMI_JOH,4/9/24,0,36.2,50.3,64.4,30.3,1.28,16.08
SMI_JOH,4/10/24,0.01,46,61.4,76.8,38.7,2.95,24.65
SMI_JOH,4/11/24,0.25,51.9,58.8,65.6,51.6,0.32,8.57
SMI_JOH,4/12/24,0.26,52.9,59.3,65.6,55.2,0.32,7.16
SMI_JOH,4/13/24,0.2,38.1,52.2,66.3,43.4,0.57,7.98
SMI_JOH,4/14/24,0.23,31.5,38.2,44.8,34.4,0.07,3.5
SMI_JOH,4/15/24,0.15,38.9,46.7,54.4,41.6,0.22,4.78
SMI_JOH,4/16/24,0,31.6,44.3,57,34.9,0.15,9.41
SMI_JOH,4/17/24,0,32.4,46.7,61,30.7,0.62,12.77
SMI_JOH,4/18/24,0.29,45.8,54.1,62.4,43.1,0.29,12.09
SMI_JOH,4/19/24,0.17,44.8,48.5,52.1,44.4,0.17,2.28
SMI_JOH,4/20/24,0.07,43,49.4,55.8,44.2,0.87,4.57
SMI_JOH,4/21/24,0,31.5,43.2,54.9,28.4,0.98,9.19
SMI_JOH,4/22/24,0,30.7,37.8,44.9,27.3,0.65,5.29
SMI_JOH,4/23/24,0,32.3,43,53.7,24.6,1.17,9.87
SMI_JOH,4/24/24,0.12,46.9,57.9,68.9,35.4,0.47,18.87
SMI_JOH,4/25/24,0,21.5,36.2,50.9,29.5,0.33,4.08
SMI_JOH,4/26/24,0,23.4,37.6,51.8,19.7,0.28,9.7
SMI_JOH,4/27/24,0,34.3,48.1,61.8,22.5,1.93,15.41
SMI_JOH,4/28/24,0.24,47.1,55.3,63.5,39.4,0.98,13.99
SMI_JOH,4/29/24,0.18,54.2,62.7,71.2,58,0.15,10.19
SMI_JOH,4/30/24,0.22,51.1,61.3,71.5,54.2,0.32,9.52
SMI_JOH,5/1/24,0.07,49.9,61.9,73.8,53.8,0.03,11.75
SMI_JOH,5/2/24,0,51.4,60.8,70.2,50.9,0.47,12.51
SMI_JOH,5/3/24,0,41.4,53.9,66.3,45.3,0.13,11.82
SMI_JOH,5/4/24,0,55,67,78.9,47.8,3.66,22.78
SMI_JOH,5/5/24,0.48,48.9,59.3,69.7,46,0.7,13.75
SMI_JOH,5/6/24,0.05,49,52.9,56.7,50.9,0.5,2.9
SMI_JOH,5/7/24,0,39.2,54.6,70.1,41.6,0.33,17.31
SMI_JOH,5/8/24,0.78,50.2,62.1,74,44.4,0.34,20.15
SMI_JOH,5/9/24,0.06,48.8,62.4,76,49.3,0.42,20.92
SMI_JOH,5/10/24,0.06,48.1,55.5,63,44.2,0.58,10.43
SMI_JOH,5/11/24,0.36,48,51.5,55,47.6,0.22,4.05
SMI_JOH,5/12/24,0.11,47,54.3,61.7,45.7,0.52,8.99
SMI_JOH,5/13/24,0,42.3,51.4,60.4,44,0.22,8.14
SMI_JOH,5/14/24,0.13,52.2,60.5,68.8,51.1,0.82,10.66
SMI_JOH,5/15/24,0.03,57.8,69.3,80.7,54.6,0.79,22.69
SMI_JOH,5/16/24,0.29,52.4,59.1,65.7,58.1,0,4.58
SMI_JOH,5/17/24,0.01,52.2,62,71.7,55.6,0.18,11.16
SMI_JOH,5/18/24,0.02,57.2,67,76.7,54.6,0.62,17.06
SMI_JOH,5/19/24,0,52.6,61,69.4,57.2,0,7.97
SMI_JOH,5/20/24,0,55.1,67.9,80.7,57,0.46,21.31
SMI_JOH,5/21/24,0,61.2,72.9,84.7,60.7,1.24,23.15
SMI_JOH,5/22/24,0.01,60.4,74,87.6,60,1.84,27.83
SMI_JOH,5/23/24,0.15,61.4,75.2,88.9,61.2,0.8,29.45
SMI_JOH,5/24/24,0,48.7,62.8,76.9,50.7,0.54,19.68
SMI_JOH,5/25/24,0,47,61.9,76.8,47,0.58,19.85
SMI_JOH,5/26/24,0.18,56.1,67.9,79.8,56.2,0.07,21.43
SMI_JOH,5/27/24,0.08,59.5,70.4,81.3,58.7,0.62,22.87
SMI_JOH,5/28/24,1.06,59.2,68.1,77,61.6,0.51,11.77
SMI_JOH,5/29/24,0.23,55.4,61.5,67.6,55,0.63,8.06
SMI_JOH,5/30/24,0,43.7,55.6,67.4,44.1,0.66,14
SMI_JOH,5/31/24,0,40.2,52.7,65.2,40.5,0.42,12.74
SMI_JOH,6/1/24,0,43.2,57.1,71,41.2,0.46,18.82
SMI_JOH,6/2/24,0,48.9,63.8,78.7,44.6,1.15,24.61
SMI_JOH,6/3/24,0.04,59.2,69.9,80.6,55.7,1.24,23.08
SMI_JOH,6/4/24,0,58,68.4,78.9,59.2,0.61,16.4
SMI_JOH,6/5/24,0,61.3,74.2,87.1,59.2,1.8,27.74
SMI_JOH,6/6/24,0.02,67.1,77,86.9,65,1.08,22.63
SMI_JOH,6/7/24,0.87,53.4,65.6,77.9,61.5,0.1,10.4
SMI_JOH,6/8/24,0.17,54.3,62.8,71.4,54,0.56,11.63
SMI_JOH,6/9/24,0.53,53.3,61.1,68.9,51.7,0.33,10.69
SMI_JOH,6/10/24,0.18,53.3,60,66.8,52,0.63,10.15
SMI_JOH,6/11/24,0.02,53.3,56.5,59.7,50.4,0.68,4.94
SMI_JOH,6/12/24,0.01,54,58,61.9,52.2,0.84,5.75
SMI_JOH,6/13/24,0,51.1,59.5,68,52.2,0.49,9.45
SMI_JOH,6/14/24,0.02,63,74,85,58.6,2.01,24.22
SMI_JOH,6/15/24,0,52.4,65.3,78.1,53.9,0.41,19.17
SMI_JOH,6/16/24,0,44.2,58.6,72.9,47.3,0.29,15.71
SMI_JOH,6/17/24,0,58.1,69.6,81.2,51.3,4.4,26.74
SMI_JOH,6/18/24,0,69.2,80.9,92.6,65.1,3.24,30.32
SMI_JOH,6/19/24,0.01,72.2,82.5,92.8,71,1.98,25.44
SMI_JOH,6/20/24,0.04,70.3,81.4,92.5,72,1.15,23.44
SMI_JOH,6/21/24,0,65.2,77.6,90,68,0.46,22.12
SMI_JOH,6/22/24,0,67.3,77.2,87,69.3,0.35,18.45
SMI_JOH,6/23/24,0.07,69.4,77.6,85.7,69.8,0.59,17.07
SMI_JOH,6/24/24,0.35,61.1,72.7,84.2,65.3,1.36,14.97
SMI_JOH,6/25/24,0.08,56,64,72,55.9,0.68,10.75
SMI_JOH,6/26/24,0,65.2,74.5,83.8,57.7,3.85,26.45
SMI_JOH,6/27/24,0.09,57.4,70.1,82.8,59.9,0,23.91
SMI_JOH,6/28/24,0,45.2,57.1,69,49.7,0.32,12.39
SMI_JOH,6/29/24,0.32,59.2,67.6,75.9,49.6,0.9,20.8
SMI_JOH,6/30/24,0.83,60.3,67.2,74.1,67.4,0.39,4.6
SMI_JOH,7/1/24,0.08,57.4,69.1,80.8,59,0.77,13.48
SMI_JOH,7/2/24,0,49.3,61.2,73,52.6,0.34,13.54
SMI_JOH,7/3/24,0,61.2,72.7,84.3,54.9,3.54,27.49
SMI_JOH,7/4/24,0.03,66.5,75.7,84.8,62.3,2.84,21.5
SMI_JOH,7/5/24,0,68.4,77.6,86.9,67.4,1.36,21.51
SMI_JOH,7/6/24,0,70.3,78.9,87.4,69.7,0.98,20.84
SMI_JOH,7/7/24,0,59.5,74.2,88.9,65.2,0.15,25.09
SMI_JOH,7/8/24,0,62.3,73.1,83.8,62.7,0.72,19.64
SMI_JOH,7/9/24,0,66.4,78,89.6,65.1,0.93,29.43
SMI_JOH,7/10/24,0.02,70.5,79.6,88.7,68.6,1.51,24.34
SMI_JOH,7/11/24,1.41,70.4,80.2,89.9,72.2,0.56,19.77
SMI_JOH,7/12/24,0,67.4,73,78.5,66.7,1.07,10.98
SMI_JOH,7/13/24,0,65.4,74.7,84.1,66.3,0.36,18.21
SMI_JOH,7/14/24,0,58.5,71.6,84.8,63.6,0.46,19.21
SMI_JOH,7/15/24,0,67.6,77.6,87.7,64,2.88,27.57
SMI_JOH,7/16/24,1.12,67.5,79.6,91.6,68.8,0.42,25.41
SMI_JOH,7/17/24,0.99,66.4,77.6,88.8,68.6,0.46,18.75
SMI_JOH,7/18/24,0.02,60.6,71.2,81.7,65.8,0.3,13.26
SMI_JOH,7/19/24,0,53.5,64.6,75.7,56.2,0.19,14.7
SMI_JOH,7/20/24,0,55.4,66.7,78,56.6,0.43,17.01
SMI_JOH,7/21/24,0,56.4,68.7,80.9,56.7,0.65,21.55
SMI_JOH,7/22/24,0,59.3,70.1,80.9,60.9,0.56,17.21
SMI_JOH,7/23/24,0.05,65.5,76.5,87.5,64.6,0.44,25.47
SMI_JOH,7/24/24,0.13,65.3,73.5,81.7,65.7,0.97,15.85
SMI_JOH,7/25/24,0.19,62.7,72.6,82.6,66.5,0,13.43
SMI_JOH,7/26/24,0,55.8,65.3,74.8,56.4,0.82,14.15
SMI_JOH,7/27/24,0,54,65.9,77.8,53.1,1.1,19.45
SMI_JOH,7/28/24,0,57.5,69.2,81,57.1,0.75,19.97
SMI_JOH,7/29/24,0,60.5,73.6,86.8,59.3,0.95,28.57
SMI_JOH,7/30/24,0,62.4,74.2,86,61.7,0.95,26.09
SMI_JOH,7/31/24,0.01,72.3,80.1,87.9,68.9,3.98,20.41
SMI_JOH,8/1/24,0.24,65.6,73.7,81.8,68.8,0.45,10.81
SMI_JOH,8/2/24,0,66.3,77.1,87.9,67.4,0.74,22.55
SMI_JOH,8/3/24,1.04,66.7,77.7,88.6,69.2,0.17,20.96
SMI_JOH,8/4/24,0.02,70.4,77.1,83.8,69.9,0.45,16.11
SMI_JOH,8/5/24,0,60.7,73.7,86.7,65.1,0.31,21.07
SMI_JOH,8/6/24,1.83,67.5,76.2,85,67.7,0.46,18.46
SMI_JOH,8/7/24,0.06,56.1,64.2,72.2,61.4,0.34,7.17
SMI_JOH,8/8/24,0,58.2,68.6,78.9,58.6,0.29,17.82
SMI_JOH,8/9/24,0.94,63.3,67.9,72.6,64.8,0.26,6.95
SMI_JOH,8/10/24,1.07,59,67.9,76.8,66.9,0.12,6.66
SMI_JOH,8/11/24,0,54.7,66.2,77.8,55.7,0.64,16.88
SMI_JOH,8/12/24,0.21,54.8,65.7,76.5,56.7,0.12,15.4
SMI_JOH,8/13/24,0.33,55.3,62.6,70,57.2,0.26,8.72
SMI_JOH,8/14/24,0,56.5,66.8,77.1,58.8,0.43,14.33
SMI_JOH,8/15/24,0.02,56.5,68.6,80.8,59.7,0.53,17.55
SMI_JOH,8/16/24,0,56.3,69,81.6,59.6,0.66,18.24
SMI_JOH,8/17/24,0.13,60.7,73.4,86,61.8,0.72,25.37
SMI_JOH,8/18/24,0.03,67.1,72.5,77.9,65.2,1.35,9.87
SMI_JOH,8/19/24,0.89,64.4,71.9,79.4,67.1,0.05,9.86
SMI_JOH,8/20/24,0.37,51.7,62.1,72.6,56.2,0.35,4.47
SMI_JOH,8/21/24,0.1,48.1,55.6,63,50.1,0.16,7.18
SMI_JOH,8/22/24,0.17,49.8,56.9,64,53.2,0,6.68
SMI_JOH,8/23/24,0,50.6,61.8,73.1,52.5,0.43,14.57
SMI_JOH,8/24/24,0,53.3,64.6,75.8,55.2,0.55,15.84
SMI_JOH,8/25/24,0,57.5,68.8,80.1,57.5,0.66,19.03
SMI_JOH,8/26/24,0,56.5,68.7,81,58.8,0.46,18.78
SMI_JOH,8/27/24,0,57.5,69.3,81.1,60.9,0.41,16.18
SMI_JOH,8/28/24,0,63.5,74.1,84.6,64.4,1.57,23.44
SMI_JOH,8/29/24,0,63.1,70.7,78.2,63.8,2.03,9.61
SMI_JOH,8/30/24,0,63.5,68.4,73.3,61.8,1.5,8.98
SMI_JOH,8/31/24,0,64.2,67.8,71.4,61.9,1.69,6.38
SMI_JOH,9/1/24,0.31,61.6,66.5,71.5,65.9,0.2,3.59
SMI_JOH,9/2/24,0.09,57.4,69.1,80.8,59.5,1.35,17.51
SMI_JOH,9/3/24,0,43.3,54.3,65.3,46.6,0.39,9.99
SMI_JOH,9/4/24,0,48,59,70.1,48.2,0.63,13.58
SMI_JOH,9/5/24,0,52,64.5,76.9,52.1,1.14,17.91
SMI_JOH,9/6/24,0,52.9,65.7,78.6,52.4,1.36,20.28
SMI_JOH,9/7/24,0,58.2,68.7,79.1,58.3,1.16,17.42
SMI_JOH,9/8/24,0.51,49,56.9,64.8,50.5,0.9,6.73
SMI_JOH,9/9/24,0,48.4,54.6,60.8,44.2,1.74,9.54
SMI_JOH,9/10/24,0.55,53.1,60.9,68.6,54.6,0.24,9.34
SMI_JOH,9/11/24,0,45.1,57.2,69.4,47,0.19,14.77
SMI_JOH,9/12/24,0,50.2,64,77.8,53.1,0.38,17.7
SMI_JOH,9/13/24,0,56.6,69.3,82.1,58.9,0.7,19.66
SMI_JOH,9/14/24,0,57,68.4,79.7,59.8,0.42,15.82
SMI_JOH,9/15/24,0,58.3,70.7,83,60,0.83,21.56
SMI_JOH,9/16/24,0,58.8,71.6,84.4,60.5,0.85,22.76
SMI_JOH,9/17/24,0,57.3,70.3,83.4,58.9,1.53,20.8
SMI_JOH,9/18/24,0,55.4,67.5,79.5,55.4,0.83,20.35
SMI_JOH,9/19/24,0,55.1,65.7,76.3,58.6,0.29,14.93
SMI_JOH,9/20/24,0,54.7,68,81.3,58.1,0.43,20.21
SMI_JOH,9/21/24,0,57.8,69.5,81.2,58.1,0.99,19.75
SMI_JOH,9/22/24,0,58.7,69.5,80.4,58.8,1.76,17.49
SMI_JOH,9/23/24,0,58.5,68.5,78.5,57.7,2.19,14.12
SMI_JOH,9/24/24,0.03,55.8,59.1,62.4,53.7,1.31,5.03
SMI_JOH,9/25/24,0.2,55.6,61.3,67.1,53,1.05,8.81
SMI_JOH,9/26/24,0.42,56.4,58.9,61.4,57.3,0.33,2.92
SMI_JOH,9/27/24,0.4,53,59.5,66,59.1,0.11,2.95
SMI_JOH,9/28/24,0,54.1,63.9,73.7,56.4,0.22,14.56
SMI_JOH,9/29/24,0,61.8,70.4,79,60.8,1.33,14.97
SMI_JOH,9/30/24,0,56.5,64.4,72.3,59.2,0.27,9.18
SMI_JOH,10/1/24,0,53.7,64,74.2,56.9,0.18,13.26
SMI_JOH,10/2/24,0,50.6,61.8,73,53.1,0,13.64
SMI_JOH,10/3/24,0.07,43.4,52,60.7,51.5,0,3.7
SMI_JOH,10/4/24,0,44.6,56.4,68.3,49.3,0.01,11.12
SMI_JOH,10/5/24,0.05,49,62.1,75.2,53.4,0.2,17.02
SMI_JOH,10/6/24,0,42.3,54.1,65.9,45.4,0.3,11.3
SMI_JOH,10/7/24,0.02,43.5,57.8,72.2,50.2,0.39,15.94
SMI_JOH,10/8/24,0.05,39.5,49.7,59.9,45.4,0.11,6.39
SMI_JOH,10/9/24,0.08,38.1,48.4,58.8,42.6,0.08,7.68
SMI_JOH,10/10/24,0.36,41.3,48.8,56.3,41.3,0.46,7.17
SMI_JOH,10/11/24,0,37.5,42.8,48.1,39.3,0.17,3.41
SMI_JOH,10/12/24,0,39.5,52.1,64.6,45.7,0.1,10.55
SMI_JOH,10/13/24,0.12,35.7,46.5,57.2,38.7,0.07,8.71
SMI_JOH,10/14/24,0.74,42.4,43.3,44.1,42.9,0.11,0.61
SMI_JOH,10/15/24,0.26,36.3,40.8,45.3,38.6,0.1,1.42
SMI_JOH,10/16/24,0.32,37.6,42.8,48.1,37.4,0.24,4.14
SMI_JOH,10/17/24,0,30.8,38.9,47,35.1,0.02,3.52
SMI_JOH,10/18/24,0,31,42.6,54.3,35.2,0.04,7.25
SMI_JOH,10/19/24,0,33.8,47.1,60.4,38.4,0.12,9.94
SMI_JOH,10/20/24,0,35,49.4,63.7,38.3,0.19,11.47
SMI_JOH,10/21/24,0,35.9,52.6,69.4,41.1,0.33,15.99
SMI_JOH,10/22/24,0,45.3,60.5,75.8,47.5,0.47,18.1
SMI_JOH,10/23/24,0,48.1,63.9,79.8,48.6,1.11,22.64
SMI_JOH,10/24/24,0.06,47.4,61.6,75.8,47.5,1.11,19.67
SMI_JOH,10/25/24,0,30.2,41,51.9,34.8,0.16,5.62
SMI_JOH,10/26/24,0,31.1,44.4,57.8,40.2,0.24,9.06
SMI_JOH,10/27/24,0.02,27.3,40.5,53.8,31.9,0.09,8.99
SMI_JOH,10/28/24,0,27.3,38.8,50.2,31.9,0.12,6.46
SMI_JOH,10/29/24,0,31.1,44.1,57.1,32.9,0,9.55
SMI_JOH,10/30/24,0.19,44.2,51.5,58.9,44.5,1.25,7.7
SMI_JOH,10/31/24,0,50.5,63.9,77.2,51.4,1.5,17.4
SMI_JOH,11/1/24,0.13,53.7,66.1,78.4,55.2,0.75,19.17
SMI_JOH,11/2/24,0.07,40,51.4,62.8,41,0.5,7.59
SMI_JOH,11/3/24,0,26.6,35.2,43.9,31.8,0.17,3.02
SMI_JOH,11/4/24,0,28.4,39.2,50,26.8,0.27,7.89
SMI_JOH,11/5/24,0,41.1,47.5,53.8,35.8,2.37,7.3
SMI_JOH,11/6/24,0,53.1,64.7,76.2,53,2.81,16.77
SMI_JOH,11/7/24,0.03,49.9,59.4,68.9,55.1,0.33,7.14
SMI_JOH,11/8/24,0,34.2,44,53.8,38.1,0.4,5.77
SMI_JOH,11/9/24,0.02,31.6,43.4,55.2,32.9,1.13,6.99
SMI_JOH,11/10/24,0,28.2,37.4,46.6,24.9,0.75,6.52
SMI_JOH,11/11/24,0.22,37,46.2,55.4,38.1,0.48,9.84
SMI_JOH,11/12/24,0.19,36.1,45.6,55.2,42.5,0.5,5.18
SMI_JOH,11/13/24,0,22.4,32.5,42.6,25.2,0.26,4.47
SMI_JOH,11/14/24,0,23.8,34.6,45.4,21.6,0.39,6.6
SMI_JOH,11/15/24,0,27.7,35.2,42.7,19.8,1.08,6
SMI_JOH,11/16/24,0,28.9,40.6,52.3,29.4,0.38,7.62
SMI_JOH,11/17/24,0,31.7,41.8,51.8,32.5,0.22,7.58
SMI_JOH,11/18/24,0.04,35.6,43,50.4,37.6,0.18,4.91
SMI_JOH,11/19/24,0,29,42.5,56,37,0.12,7.25
SMI_JOH,11/20/24,0,30.3,41.2,52,36.8,0.2,6.16
SMI_JOH,11/21/24,0.47,35.3,44.8,54.2,40.4,0.24,5.42
SMI_JOH,11/22/24,1.11,32.9,35.8,38.7,35.1,0.05,0.59
SMI_JOH,11/23/24,0.22,33.2,37.1,41,34.5,0.13,1.49
SMI_JOH,11/24/24,0.13,37.5,40.7,44,36,0.27,2.89
SMI_JOH,11/25/24,0.09,27.6,33.5,39.3,31.4,0.18,2.29
SMI_JOH,11/26/24,0.25,27.8,36.6,45.5,32.4,0.18,4.84
SMI_JOH,11/27/24,0.13,36.4,41.9,47.4,33.5,0.3,3.94
SMI_JOH,11/28/24,0.21,31.3,37.3,43.2,27.9,0.18,5.01
SMI_JOH,11/29/24,0.4,31.9,34,36.2,31.4,0.14,1.71
SMI_JOH,11/30/24,0,26.6,32,37.5,22.2,1,3.39
SMI_JOH,12/1/24,0,21.3,27.1,33,17.4,0.82,2.8
SMI_JOH,12/2/24,0.04,22.6,27.4,32.3,18.8,0.34,2.99
SMI_JOH,12/3/24,0.03,19.2,26.4,33.6,23.7,0.15,2.52
SMI_JOH,12/4/24,0.08,15,23.8,32.6,19.8,0.17,2.18
SMI_JOH,12/5/24,0.03,23.5,28.1,32.7,23.1,0.33,2.51
SMI_JOH,12/6/24,0.19,19.8,27.8,35.8,22.6,0.25,3.02
SMI_JOH,12/7/24,0.03,19.7,23.9,28.1,17.1,0.46,2.41
SMI_JOH,12/8/24,0.16,27.9,31.7,35.4,24,0.59,2.7
SMI_JOH,12/9/24,0,30.5,36.5,42.5,31.4,0.09,3.62
SMI_JOH,12/10/24,0.45,30.7,36.2,41.7,36.1,0.04,1.74
SMI_JOH,12/11/24,0.14,41.4,45.1,48.7,42.8,0.28,1.67
SMI_JOH,12/12/24,0.76,30.8,39.2,47.6,33.8,0.22,2.18
SMI_JOH,12/13/24,0.03,15.5,22.9,30.4,11.6,0.66,2.68
SMI_JOH,12/14/24,0,13,19.8,26.6,10.1,0.33,2.59
SMI_JOH,12/15/24,0,13.3,21.2,29.2,12.8,0.39,2.52
SMI_JOH,12/16/24,0.22,20,27.3,34.5,24.3,0.31,2.66
SMI_JOH,12/17/24,0.18,34.9,40,45.1,37.2,0.59,1.79
SMI_JOH,12/18/24,0,35.3,41,46.8,34.2,0.56,3.78
SMI_JOH,12/19/24,0.27,33.1,37.7,42.3,32.2,0.27,3.06
SMI_JOH,12/20/24,0.02,24.4,28.5,32.6,22.8,0.37,1.98
SMI_JOH,12/21/24,0.16,16.1,22.4,28.7,20.7,0.26,1.1
SMI_JOH,12/22/24,0.02,-2.3,7.3,17,5.2,0.22,0.93
SMI_JOH,12/23/24,0,-3.9,3,10,-4.5,0.21,0.94
SMI_JOH,12/24/24,0.18,3.8,14.8,25.8,11.8,0.26,1.88
SMI_JOH,12/25/24,0,21.2,27.3,33.4,23.3,0.28,1.6
SMI_JOH,12/26/24,0,5.5,18,30.6,12.9,0.11,2.4
SMI_JOH,12/27/24,0,6.4,17.5,28.7,11.9,0.17,2
SMI_JOH,12/28/24,0,13.6,26.9,40.2,23.2,0.32,3.26
SMI_JOH,12/29/24,0.01,34.8,39.3,43.8,37.3,0.06,1.59
SMI_JOH,12/30/24,0.05,37.5,47.9,58.3,46.4,0.09,4.54
SMI_JOH,12/31/24,0,33.4,41.2,49,33.5,0.62,5.11
,,,,,,,,
SMI_KEL,1/1/24,0,26.6,30,33.4,24.4,0.57,2.1
SMI_KEL,1/2/24,0,22.8,27.3,31.8,19.4,0.71,2.19
SMI_KEL,1/3/24,0,24.2,29.7,35.1,22.8,0.72,2.68
SMI_KEL,1/4/24,0.01,29.3,32.3,35.3,27,0.51,2.04
SMI_KEL,1/5/24,0,17.7,25.6,33.6,15.2,0.64,2.46
SMI_KEL,1/6/24,0.02,18.4,23.8,29.1,17.2,0.79,2.07
SMI_KEL,1/7/24,0.44,23.1,26.2,29.3,22.6,0.26,1.56
SMI_KEL,1/8/24,0.25,24.5,27.3,30.2,24,0.28,1.22
SMI_KEL,1/9/24,0,21.9,28.1,34.3,23.1,0.26,2.07
SMI_KEL,1/10/24,0.77,25.2,35,44.9,32.1,0.19,2
SMI_KEL,1/11/24,0.03,31.6,36.7,41.8,28.3,0.49,3.36
SMI_KEL,1/12/24,0.04,30.7,33.4,36.1,28.7,0.49,2.17
SMI_KEL,1/13/24,0.2,30.6,35.7,40.8,29.6,0.4,3.29
SMI_KEL,1/14/24,0.22,27,35.4,43.9,25,0.27,2.99
SMI_KEL,1/15/24,0.07,8.4,18.8,29.3,7.7,0.34,2.5
SMI_KEL,1/16/24,0,8.8,15.9,22.9,6.6,0.38,2.33
SMI_KEL,1/17/24,0.11,7.3,14.1,20.9,10.3,0.31,1.07
SMI_KEL,1/18/24,0,5.6,11.9,18.1,-0.8,0.58,1.97
SMI_KEL,1/19/24,0,12.1,17.7,23.4,11.1,0.32,1.99
SMI_KEL,1/20/24,0,4.5,13.2,22,6.7,0.32,1.33
SMI_KEL,1/21/24,0,4.8,9.4,14,2.1,0.45,1.17
SMI_KEL,1/22/24,0,4.4,12.5,20.6,5.3,0.29,1.72
SMI_KEL,1/23/24,0,8.2,20.4,32.6,14.9,0.37,3.34
SMI_KEL,1/24/24,0.23,29.9,31.8,33.7,28.6,0.21,1.62
SMI_KEL,1/25/24,0.77,32.6,35.8,39,34.6,0.13,0.74
SMI_KEL,1/26/24,0.79,34.9,39.2,43.5,38,0.07,0.85
SMI_KEL,1/27/24,0.2,33.1,37.8,42.6,35.5,0.09,1.3
SMI_KEL,1/28/24,0,33,35.3,37.6,33.9,0.09,0.91
SMI_KEL,1/29/24,0.64,29.3,32.5,35.6,31.4,0.05,0.73
SMI_KEL,1/30/24,0,25.3,28.2,31.1,24.6,0.31,1.2
SMI_KEL,1/31/24,0,25.5,27.5,29.6,24.5,0.32,1.12
SMI_KEL,2/1/24,0,28.8,31.6,34.4,28.4,0.45,1.49
SMI_KEL,2/2/24,0.02,31.2,33.2,35.3,31.1,0.18,1.3
SMI_KEL,2/3/24,0,26.2,31.1,36.1,25.9,0.24,1.67
SMI_KEL,2/4/24,0,17.7,26.2,34.7,18.1,0.37,3.15
SMI_KEL,2/5/24,0,18.7,28.7,38.6,19.5,0.35,4.29
SMI_KEL,2/6/24,0,15.8,26.5,37.1,14.3,0.43,4.57
SMI_KEL,2/7/24,0,15.3,26.1,36.9,16.9,0.3,3.96
SMI_KEL,2/8/24,0,17.2,29.3,41.4,21.2,0.32,5.06
SMI_KEL,2/9/24,0,24.1,36.4,48.8,23.4,0.5,7.81
SMI_KEL,2/10/24,0,32,42.3,52.7,31.9,0.61,7.19
SMI_KEL,2/11/24,0.05,31.9,43.5,55.1,35.2,0.45,6.16
SMI_KEL,2/12/24,0,30.9,34.1,37.2,25.9,1.18,2.52
SMI_KEL,2/13/24,0,26.5,31.3,36.2,24.1,0.52,2.87
SMI_KEL,2/14/24,0,16.9,27,37.2,19,0.42,3.96
SMI_KEL,2/15/24,0,12.1,19.1,26.1,7.9,0.54,2.7
SMI_KEL,2/16/24,0.34,14.3,24,33.8,16.1,0.34,4.16
SMI_KEL,2/17/24,0.03,20.9,26.1,31.3,16.3,0.33,2.98
SMI_KEL,2/18/24,0.03,10.2,19.5,28.7,10.4,0.34,2.87
SMI_KEL,2/19/24,0.02,16.5,22,27.5,12.7,0.79,2.38
SMI_KEL,2/20/24,0,4.1,16.3,28.4,2.4,0.3,3.66
SMI_KEL,2/21/24,0,5.9,21,36.2,9.9,0.33,4.71
SMI_KEL,2/22/24,0,15.1,27.7,40.2,19.2,0.48,4.87
SMI_KEL,2/23/24,0.07,27.5,32.9,38.2,29.8,0.15,2.5
SMI_KEL,2/24/24,0,18.6,32.2,45.7,29.3,0.16,3.76
SMI_KEL,2/25/24,0,7.4,17.3,27.2,3.9,0.45,3.14
SMI_KEL,2/26/24,0,11.5,25.2,38.9,13.6,0.66,5.48
SMI_KEL,2/27/24,0,25.8,40.1,54.4,25.7,0.47,9.28
SMI_KEL,2/28/24,0.04,32.9,47.8,62.6,40.3,0.81,11.76
SMI_KEL,2/29/24,0.28,19.1,37.6,56,32.3,0.54,3.08
SMI_KEL,3/1/24,0.03,13.8,19,24.2,11.9,0.29,2.04
SMI_KEL,3/2/24,0,14.9,31,47.1,20.3,0.38,7.6
SMI_KEL,3/3/24,0.49,32.9,37.5,42.2,38.5,0,0.92
SMI_KEL,3/4/24,0,41.5,45.4,49.3,42.2,0.5,2.24
SMI_KEL,3/5/24,0,41.9,51.3,60.6,43.4,0.43,7.45
SMI_KEL,3/6/24,0.4,41.8,43.5,45.3,42.3,0.08,1.19
SMI_KEL,3/7/24,1.21,42.2,45.6,49,44.2,0.06,0.99
SMI_KEL,3/8/24,0,26.6,40.1,53.6,33.5,0.08,7.27
SMI_KEL,3/9/24,0,29.8,41.3,52.9,26.8,0.65,8.94
SMI_KEL,3/10/24,1.1,32.2,36.7,41.3,32,0.05,3.78
SMI_KEL,3/11/24,0.05,26.1,32.3,38.6,25.8,0.21,2.36
SMI_KEL,3/12/24,0,29.1,33.7,38.3,21.5,1.22,4.35
SMI_KEL,3/13/24,0,28.7,41.2,53.7,26.7,0.42,9.11
SMI_KEL,3/14/24,0,32.4,48,63.6,36.1,0.42,11.94
SMI_KEL,3/15/24,0.41,40.9,51.5,62.2,36.5,0.21,13.46
SMI_KEL,3/16/24,0.04,37.5,43.4,49.3,38.9,0.17,3.44
SMI_KEL,3/17/24,0.06,40,46.2,52.4,32.1,0.81,8.33
SMI_KEL,3/18/24,0.11,30.5,38.1,45.7,29.3,0.53,5.36
SMI_KEL,3/19/24,0.04,26.5,31.7,37,21.7,0.84,3.6
SMI_KEL,3/20/24,0.03,27.9,32.8,37.6,24.8,0.4,3.75
SMI_KEL,3/21/24,0.13,20.2,32.2,44.3,20.3,0.37,5.97
SMI_KEL,3/22/24,0,14.8,21.2,27.6,9.4,0.86,2.77
SMI_KEL,3/23/24,1.1,18.3,22.7,27.1,13.5,0.22,3.06
SMI_KEL,3/24/24,0.62,13.6,22.8,32,20.9,0.16,0.91
SMI_KEL,3/25/24,0,13.2,23.6,34,14.4,0.22,3.91
SMI_KEL,3/26/24,0,19.3,30.3,41.3,20.3,0.63,4.55
SMI_KEL,3/27/24,0,30.5,39.9,49.4,32.6,0.74,5.47
SMI_KEL,3/28/24,0.02,36.2,39.6,42.9,38,0.24,1.37
SMI_KEL,3/29/24,0,33,36.9,40.8,27,1.29,3.43
SMI_KEL,3/30/24,0,33.1,38.4,43.7,23.3,1.92,5.64
SMI_KEL,3/31/24,0,34.2,40.8,47.3,24.7,1.91,6.52
SMI_KEL,4/1/24,0,29.7,39.5,49.3,28.7,0.56,6.52
SMI_KEL,4/2/24,0,33,45.4,57.8,31.1,0.96,9.11
SMI_KEL,4/3/24,0.18,37.4,39.9,42.4,35.1,0.44,3.22
SMI_KEL,4/4/24,1.24,32,35.4,38.7,32.2,0.19,1.44
SMI_KEL,4/5/24,0.08,31.1,33.8,36.5,29.7,0.14,2.01
SMI_KEL,4/6/24,0.02,33,35.9,38.7,31.1,0.58,2.24
SMI_KEL,4/7/24,0,34.8,40,45.1,29.4,1.18,4.59
SMI_KEL,4/8/24,0,29.9,43.7,57.4,24.8,0.86,12.3
SMI_KEL,4/9/24,0,36.3,49.8,63.2,28.6,1.76,15
SMI_KEL,4/10/24,0,44.4,59.5,74.6,37.2,3.06,21.86
SMI_KEL,4/11/24,0.1,48.2,54.9,61.6,48.7,0.26,8.16
SMI_KEL,4/12/24,0.31,50.4,56.7,63.1,54.1,0.31,4.5
SMI_KEL,4/13/24,0.61,39.7,53.6,67.5,45.5,0.8,8.05
SMI_KEL,4/14/24,0.07,35.5,40,44.4,33.9,0.75,3.53
SMI_KEL,4/15/24,0.16,37.4,43.3,49.2,40.8,0.03,4.14
SMI_KEL,4/16/24,0,35.9,46.6,57.3,34.3,0.5,9.09
SMI_KEL,4/17/24,0,33.1,47.3,61.5,30,0.92,13.13
SMI_KEL,4/18/24,0.66,42.8,51.5,60.2,40.7,0.24,10.58
SMI_KEL,4/19/24,0.21,41.6,43.1,44.6,40.5,0.35,1.22
SMI_KEL,4/20/24,0.1,43.5,50.2,57,43.8,0.71,6.05
SMI_KEL,4/21/24,0,32.4,44.5,56.7,28.5,1.39,10.14
SMI_KEL,4/22/24,0,34.4,39.1,43.9,25.8,1.72,5.19
SMI_KEL,4/23/24,0,28.6,40.6,52.6,21.3,0.78,9.79
SMI_KEL,4/24/24,0.02,40.4,54.8,69.3,32.6,0.77,18.96
SMI_KEL,4/25/24,0.04,25.8,39.5,53.3,30.4,0.63,4.86
SMI_KEL,4/26/24,0,26,39.6,53.3,18.4,0.78,10.75
SMI_KEL,4/27/24,0,34.5,47,59.4,20.9,2.27,13.93
SMI_KEL,4/28/24,0.13,42.9,54.1,65.4,37.2,0.57,15.02
SMI_KEL,4/29/24,0.11,50.4,61.6,72.8,57.6,0.29,11.33
SMI_KEL,4/30/24,0.06,47.1,54.7,62.4,48.9,0.28,6.46
SMI_KEL,5/1/24,0.44,50.3,59.6,68.8,54.7,0.09,7.68
SMI_KEL,5/2/24,0,51.5,60.9,70.3,51.9,0.41,12.47
SMI_KEL,5/3/24,0,43.6,56.4,69.2,45.6,0.26,13.96
SMI_KEL,5/4/24,0,50.1,60.3,70.5,47,1.68,13.67
SMI_KEL,5/5/24,0.28,47,57,66.9,46.1,0.38,11.46
SMI_KEL,5/6/24,0.53,47.1,49.8,52.5,49.3,0.12,0.97
SMI_KEL,5/7/24,0,40.9,56.5,72,42.7,0.27,18.32
SMI_KEL,5/8/24,0.48,49.6,61.8,74,43,0.39,19.99
SMI_KEL,5/9/24,0.05,47.6,62.2,76.8,49.2,0.39,21.37
SMI_KEL,5/10/24,0,48.9,56.3,63.7,43,1.51,10.64
SMI_KEL,5/11/24,0.02,45.9,51.1,56.3,45.3,0.32,5.77
SMI_KEL,5/12/24,0.08,47.3,54.6,61.9,44.3,0.8,9.41
SMI_KEL,5/13/24,0.02,38.4,47.7,57,41.8,0.17,6.38
SMI_KEL,5/14/24,0.06,49.7,59.1,68.5,49.6,0.65,12.12
SMI_KEL,5/15/24,0.21,57.9,69.9,81.8,54.5,0.39,23.67
SMI_KEL,5/16/24,0.89,54.6,58.8,63,57.3,0.1,2.73
SMI_KEL,5/17/24,0,48.9,58.9,68.8,54.3,0.14,8.66
SMI_KEL,5/18/24,0.02,55.4,64.9,74.4,53.4,0.94,14.91
SMI_KEL,5/19/24,0,53.1,61.9,70.6,54.2,0.54,10.95
SMI_KEL,5/20/24,0,53,66.2,79.4,55.2,0.38,19.07
SMI_KEL,5/21/24,0,59.6,72.2,84.8,58.9,1.11,24.49
SMI_KEL,5/22/24,0.02,60.1,72,83.9,61.6,0.95,19.76
SMI_KEL,5/23/24,0.03,62.9,76,89.1,60.5,1.03,30.18
SMI_KEL,5/24/24,0,48.3,61.8,75.3,52.4,0.36,17.33
SMI_KEL,5/25/24,0,45,61.1,77.2,46.2,0.41,20.51
SMI_KEL,5/26/24,0.05,57.4,68.1,78.7,54.6,0.43,20.26
SMI_KEL,5/27/24,0.01,64.1,72.8,81.5,58.5,2.4,22.68
SMI_KEL,5/28/24,0.69,59.2,69.3,79.5,62.3,0.4,15.49
SMI_KEL,5/29/24,0,54.4,62.1,69.7,54.9,0.79,9.15
SMI_KEL,5/30/24,0,47.8,58.9,69.9,45.7,1.44,15.04
SMI_KEL,5/31/24,0,44.1,56.5,69,40.9,1.39,15.74
SMI_KEL,6/1/24,0,47.9,59.5,71.2,40.9,2.18,18.76
SMI_KEL,6/2/24,0,46.3,62.5,78.7,44.5,0.64,24.71
SMI_KEL,6/3/24,0,58.7,70.2,81.7,53.3,2.24,25.71
SMI_KEL,6/4/24,0,56.7,69.6,82.5,56.4,0.55,23.77
SMI_KEL,6/5/24,0,62,73.9,85.9,59.6,2.53,25.34
SMI_KEL,6/6/24,0,66.2,77.2,88.2,62.9,1.11,29.08
SMI_KEL,6/7/24,1.83,56,67.6,79.1,63,0.1,10.36
SMI_KEL,6/8/24,0.19,53.1,62.8,72.6,54.4,0.48,12.86
SMI_KEL,6/9/24,0.56,53.6,61.4,69.3,51.8,0.33,10.51
SMI_KEL,6/10/24,0.12,53.9,60.2,66.5,51.2,0.31,9.64
SMI_KEL,6/11/24,0,53.3,57.3,61.3,50.5,1.18,5.42
SMI_KEL,6/12/24,0,53.1,58.3,63.5,51.8,0.83,6.84
SMI_KEL,6/13/24,0,47.7,56.9,66,51.2,0.11,8.49
SMI_KEL,6/14/24,0.11,56,70.6,85.2,58.5,0.09,24.42
SMI_KEL,6/15/24,0,55.3,67.5,79.6,55.1,1.07,20.5
SMI_KEL,6/16/24,0,44,59,74,45.7,0.33,17.58
SMI_KEL,6/17/24,0,54,64.1,74.3,49.8,1.77,17.47
SMI_KEL,6/18/24,0,63.6,76.4,89.2,65.5,0.81,24.51
SMI_KEL,6/19/24,0,71.7,82.2,92.8,70.1,2.27,25.78
SMI_KEL,6/20/24,0.03,68.4,79.7,91,71.1,0.59,21.4
SMI_KEL,6/21/24,0,65.8,78.6,91.4,68.7,0.36,23.53
SMI_KEL,6/22/24,1.05,68,77.1,86.3,69.3,0.27,16.99
SMI_KEL,6/23/24,1.36,68.4,76.3,84.2,69.8,0.3,14
SMI_KEL,6/24/24,0.55,62.5,74.6,86.7,66.3,1.05,18.17
SMI_KEL,6/25/24,0,55.3,62.1,69,56.5,0.69,8.19
SMI_KEL,6/26/24,0,66,74.7,83.4,57.4,4.96,26.12
SMI_KEL,6/27/24,0.08,59.5,70.8,82.2,59.4,0.64,22.47
SMI_KEL,6/28/24,0,46.6,58.7,70.9,50.1,0.66,11.89
SMI_KEL,6/29/24,0.34,56.2,65.1,74,47.8,0.79,18.64
SMI_KEL,6/30/24,0.63,56.6,66.1,75.7,66.4,0.15,6.38
SMI_KEL,7/1/24,0,58.7,71.2,83.6,59.9,1.51,16.55
SMI_KEL,7/2/24,0,50.9,64,77.1,53,0.37,19.17
SMI_KEL,7/3/24,0,60.4,69.8,79.2,55.4,2.91,19.75
SMI_KEL,7/4/24,0.01,65.5,74.8,84.1,60.3,3.93,21.58
SMI_KEL,7/5/24,0,68.9,77.6,86.3,67.6,1.2,18.89
SMI_KEL,7/6/24,0.1,72,78.6,85.2,71,0.69,15.7
SMI_KEL,7/7/24,0,62.6,75.5,88.3,67.2,0.46,20.77
SMI_KEL,7/8/24,0,61.8,73,84.2,62.8,0.66,20.16
SMI_KEL,7/9/24,0,66,77.6,89.2,65,0.8,27.05
SMI_KEL,7/10/24,0,70,79.9,89.8,69.3,1.25,24.64
SMI_KEL,7/11/24,0.37,71.5,82,92.4,72.6,0.32,24.06
SMI_KEL,7/12/24,0.06,68,73.4,78.9,67.3,1.08,10.92
SMI_KEL,7/13/24,0,65.3,74.2,83,66.8,0.57,15.62
SMI_KEL,7/14/24,0,58.9,72.1,85.2,63.9,0.36,20
SMI_KEL,7/15/24,0,65.2,76,86.9,63.5,1.15,25.11
SMI_KEL,7/16/24,0.24,68.5,79.7,90.8,68.8,0.62,24.89
SMI_KEL,7/17/24,0.6,64.4,77.2,90,68.6,0.14,20.66
SMI_KEL,7/18/24,0.08,62.6,73,83.4,67.6,0.31,14.34
SMI_KEL,7/19/24,0,54.6,65.4,76.2,56,0.41,15.54
SMI_KEL,7/20/24,0,54.3,66.1,78,55.8,0.18,17.68
SMI_KEL,7/21/24,0,54.9,68.4,82,57.3,0.57,19.69
SMI_KEL,7/22/24,0,58,70,81.9,61.3,0.17,17.92
SMI_KEL,7/23/24,0.55,64.8,74,83.1,65.5,0.17,17.31
SMI_KEL,7/24/24,0,62.1,71.7,81.2,64.8,0.09,15.89
SMI_KEL,7/25/24,0.33,65.1,73,80.9,67.3,0.31,11.18
SMI_KEL,7/26/24,0,56.4,66,75.6,56.3,1.58,15.11
SMI_KEL,7/27/24,0,53.9,66.5,79,54.2,0.53,20.03
SMI_KEL,7/28/24,0,56.7,69.5,82.4,58,0.42,21.55
SMI_KEL,7/29/24,0,60.9,72.1,83.3,60.5,0.5,22.54
SMI_KEL,7/30/24,0,62.9,73.6,84.3,63.6,0.48,21.85
SMI_KEL,7/31/24,0.03,66.6,77.8,89.1,68.6,0,23.98
SMI_KEL,8/1/24,0.3,65.5,74,82.5,69.6,0.23,11.71
SMI_KEL,8/2/24,0,63.7,75.9,88.2,66.4,0.24,24.42
SMI_KEL,8/3/24,0.57,67.6,77,86.4,69.8,0.06,16.96
SMI_KEL,8/4/24,0.02,69.9,77,84.1,69.6,0.4,17.02
SMI_KEL,8/5/24,0,62.1,74.3,86.5,65.9,0.64,20.15
SMI_KEL,8/6/24,1.71,66.3,75.3,84.3,66.8,0.19,17.82
SMI_KEL,8/7/24,0.15,58,64.2,70.4,60.4,0.19,5.86
SMI_KEL,8/8/24,0,57.1,66.6,76.1,58.6,0.17,14.44
SMI_KEL,8/9/24,0.76,62,64.6,67.2,62.9,0.17,3.76
SMI_KEL,8/10/24,0.95,64.1,71.7,79.4,67.7,0.18,9.84
SMI_KEL,8/11/24,0,54.5,66.2,77.8,55.8,0.83,16.42
SMI_KEL,8/12/24,0.1,54.7,65.4,76.1,55.7,0.37,15.67
SMI_KEL,8/13/24,0.15,52.6,61,69.4,56.3,0.1,8.12
SMI_KEL,8/14/24,0,57.6,67.7,77.7,58.9,0.42,15.07
SMI_KEL,8/15/24,0.62,55.5,68,80.5,59.7,0.13,16.88
SMI_KEL,8/16/24,0,57.4,69.2,81,61.7,0.3,15.17
SMI_KEL,8/17/24,0,62.9,73.7,84.5,63.6,0.97,20.95
SMI_KEL,8/18/24,0.07,66.5,72.7,78.9,64.6,0.98,12.57
SMI_KEL,8/19/24,0.07,64.4,70.8,77.1,65.9,0.27,8.68
SMI_KEL,8/20/24,0.28,52.1,65.2,78.3,58,0.6,10.75
SMI_KEL,8/21/24,0,49.3,57,64.8,48.7,0.51,9.24
SMI_KEL,8/22/24,0.03,51,59.1,67.2,50.9,0.61,10.37
SMI_KEL,8/23/24,0,50.5,61.5,72.5,52.3,0.46,13.96
SMI_KEL,8/24/24,0,50,63.3,76.5,54.8,0.06,16.64
SMI_KEL,8/25/24,0,55.1,67.9,80.6,56.8,0.22,19.98
SMI_KEL,8/26/24,0,56.7,69,81.3,59,0.21,18.99
SMI_KEL,8/27/24,0.88,56,69.1,82.2,60.5,0.07,18.26
SMI_KEL,8/28/24,0,60.4,72,83.5,63.6,0.32,21.33
SMI_KEL,8/29/24,0,60.4,70.7,81,63.6,1.71,12.3
SMI_KEL,8/30/24,0.02,61.1,66.2,71.4,59.1,1.01,8.77
SMI_KEL,8/31/24,0,59.3,63.8,68.4,59.2,0.55,6.27
SMI_KEL,9/1/24,0.44,62.1,66.8,71.5,65.2,0.13,5.69
SMI_KEL,9/2/24,0.05,55.3,68.7,82.1,60.3,0.26,20.41
SMI_KEL,9/3/24,0,42.2,55.2,68.1,47.1,0.14,11.94
SMI_KEL,9/4/24,0,45.5,57.9,70.4,48,0.11,13.75
SMI_KEL,9/5/24,0,46.5,61.3,76.1,52,0,16.68
SMI_KEL,9/6/24,0,47.4,62.7,78.1,52.3,0.4,18.29
SMI_KEL,9/7/24,0,52.2,64.6,77,57,0.28,16.7
SMI_KEL,9/8/24,0.53,48.1,58.3,68.4,52.7,0.35,6.11
SMI_KEL,9/9/24,0,45.8,53.5,61.2,44.2,0.73,9.32
SMI_KEL,9/10/24,0.21,52.5,61.3,70.1,53.7,0.42,11.32
SMI_KEL,9/11/24,0,42.1,55.8,69.5,46,0.05,15.15
SMI_KEL,9/12/24,0,47.3,61.4,75.5,50.5,0.12,17.55
SMI_KEL,9/13/24,0,51.7,66.3,81,57.8,0.08,18.58
SMI_KEL,9/14/24,0,54.4,67.6,80.8,59.9,0.11,17.28
SMI_KEL,9/15/24,0,54,68,82,59.4,0.07,19.87
SMI_KEL,9/16/24,0,54.2,68.8,83.3,59.5,0.09,22.04
SMI_KEL,9/17/24,0,52.6,67.1,81.5,57,0.31,19.19
SMI_KEL,9/18/24,0,49.5,64,78.6,55,0.07,18.39
SMI_KEL,9/19/24,0,52.5,64.5,76.4,57.3,0.1,15.13
SMI_KEL,9/20/24,0,51.9,67.9,83.9,57,0.08,23.49
SMI_KEL,9/21/24,0,53.2,65.5,77.7,57.5,0.08,15.51
SMI_KEL,9/22/24,0,52.1,64.1,76.2,55.7,0.45,14.69
SMI_KEL,9/23/24,0,55.1,64.9,74.7,52.8,2.12,13.67
SMI_KEL,9/24/24,0.01,49.7,57.7,65.6,50.3,0.79,8.94
SMI_KEL,9/25/24,0.02,53.1,60.4,67.8,50.2,0.99,11.1
SMI_KEL,9/26/24,0.23,54.9,58.1,61.4,54.9,0.38,4.64
SMI_KEL,9/27/24,0.23,56.3,60.8,65.4,59.8,0.05,2.2
SMI_KEL,9/28/24,0,55.5,64.8,74.1,55.8,0.12,15.32
SMI_KEL,9/29/24,0,58.8,68.1,77.4,58.9,1.28,14.31
SMI_KEL,9/30/24,0,54.2,61.8,69.4,57,0.08,8.27
SMI_KEL,10/1/24,0,53.5,63.4,73.4,56.7,0.07,11.94
SMI_KEL,10/2/24,0,50.8,61.4,72.1,52.3,0.08,13.24
SMI_KEL,10/3/24,0.01,47.7,55.5,63.4,52.7,0.07,6.04
SMI_KEL,10/4/24,0,44,57.2,70.5,49.3,0,12.44
SMI_KEL,10/5/24,0.04,46.2,61.1,76.1,53.1,0.04,19.48
SMI_KEL,10/6/24,0,37.1,52.5,67.9,43.9,0,13.75
SMI_KEL,10/7/24,0,41.3,56.5,71.7,48.8,0.19,15.69
SMI_KEL,10/8/24,0,39.1,51.1,63.1,44.8,0.23,9.27
SMI_KEL,10/9/24,0.04,40.4,51,61.6,41.9,0.11,10.23
SMI_KEL,10/10/24,0.14,39.1,47.7,56.4,40.4,0.3,7.23
SMI_KEL,10/11/24,0,37.7,44.6,51.6,37.9,0.24,5.25
SMI_KEL,10/12/24,0,42.8,52.9,62.9,44.3,0.51,9.87
SMI_KEL,10/13/24,0.15,36.4,48.7,60.9,36.9,0.18,11.84
SMI_KEL,10/14/24,0.59,40.9,42.4,43.9,41.9,0.09,0.59
SMI_KEL,10/15/24,0.31,35.4,42.7,50,38.6,0.05,1.89
SMI_KEL,10/16/24,0.03,37.4,43.7,50,35.8,0.57,5.3
SMI_KEL,10/17/24,0,27.8,38.7,49.6,32.5,0.02,5.52
SMI_KEL,10/18/24,0,30,43.8,57.6,34.2,0.07,9.26
SMI_KEL,10/19/24,0,32.4,48.2,64,36.8,0.11,13.15
SMI_KEL,10/20/24,0,32.3,50,67.6,36.3,0.09,16.21
SMI_KEL,10/21/24,0,35.4,53,70.5,39.8,0.47,17.39
SMI_KEL,10/22/24,0,45.4,61.5,77.5,47,0.53,20.04
SMI_KEL,10/23/24,0,48.3,63.9,79.4,49.4,1,21.15
SMI_KEL,10/24/24,0.05,47.1,63,78.9,47,0.44,24.31
SMI_KEL,10/25/24,0,29.9,41.8,53.6,36.2,0.12,6.18
SMI_KEL,10/26/24,0,32,44.6,57.2,38,0.19,9.45
SMI_KEL,10/27/24,0,28.4,42.1,55.8,29.4,0.58,10.48
SMI_KEL,10/28/24,0,31.7,42.2,52.7,29.7,0.8,7.97
SMI_KEL,10/29/24,0,29.3,40.6,51.9,30.8,0.37,6.52
SMI_KEL,10/30/24,0.12,32.1,45.4,58.7,45.7,0.07,7.44
SMI_KEL,10/31/24,0,49.4,63.9,78.5,51.7,0.55,20.19
SMI_KEL,11/1/24,0.02,55.4,66.7,77.9,54.4,1.54,18.81
SMI_KEL,11/2/24,0,41,54.7,68.5,41.9,0.97,11.55
SMI_KEL,11/3/24,0,24.8,35.6,46.5,30,0.25,4.56
SMI_KEL,11/4/24,0,25.2,37.3,49.4,24.5,0.28,8.1
SMI_KEL,11/5/24,0.01,34.3,41.8,49.3,35.3,0.88,5.6
SMI_KEL,11/6/24,0,48.2,61.9,75.6,52.5,1.02,16.55
SMI_KEL,11/7/24,0,50.1,60.8,71.4,54.9,0.35,9.52
SMI_KEL,11/8/24,0,32.9,44.2,55.6,38.3,0.18,6.45
SMI_KEL,11/9/24,0.02,30.9,43.5,56.2,32.9,0.76,7.94
SMI_KEL,11/10/24,0,24.9,35.2,45.5,23.2,0.44,6.45
SMI_KEL,11/11/24,0.13,28.3,41,53.7,35.9,0.19,9.08
SMI_KEL,11/12/24,0.07,36.9,46.8,56.8,42.1,0.51,6.21
SMI_KEL,11/13/24,0,21,31.9,42.7,23,0.37,4.97
SMI_KEL,11/14/24,0,20.5,31.5,42.6,19.7,0.29,5.72
SMI_KEL,11/15/24,0,23.3,32.9,42.4,16.7,0.76,6.52
SMI_KEL,11/16/24,0,24.4,38.4,52.4,22.7,0.7,9.67
SMI_KEL,11/17/24,0,34.9,43.6,52.3,30.3,0.43,8.59
SMI_KEL,11/18/24,0,34.8,42.6,50.4,34.8,0.34,5.74
SMI_KEL,11/19/24,0,30.4,43.2,56,36.1,0.26,7.76
SMI_KEL,11/20/24,0,31.4,41.9,52.3,34.5,0.34,6.86
SMI_KEL,11/21/24,0.31,38,46.5,54.9,37.4,0.17,7.37
SMI_KEL,11/22/24,1.18,32.4,35.7,39,35.1,0.01,0.56
SMI_KEL,11/23/24,0.22,31.7,35.9,40,33.9,0.04,1.39
SMI_KEL,11/24/24,0.02,36.3,40.2,44.1,34.2,0.31,3.18
SMI_KEL,11/25/24,0.01,26.5,33.2,39.9,28.4,0.41,3.26
SMI_KEL,11/26/24,0.34,26.8,35.1,43.4,27.6,0.17,4.9
SMI_KEL,11/27/24,0.23,34,40.5,47,33.4,0.06,3.66
SMI_KEL,11/28/24,0.19,30.1,36.5,43,26.1,0.19,5.4
SMI_KEL,11/29/24,0.73,30.7,32.5,34.2,31.1,0.03,1.24
SMI_KEL,11/30/24,0,22.9,29.7,36.5,22.4,0.56,2.91
SMI_KEL,12/1/24,0,20,26.7,33.4,16.5,0.96,3.05
SMI_KEL,12/2/24,0,21,26.1,31.1,15.9,0.67,2.81
SMI_KEL,12/3/24,0,21,26.7,32.3,20.2,0.31,2.49
SMI_KEL,12/4/24,0.02,12.8,22.3,31.8,18.2,0.14,2.15
SMI_KEL,12/5/24,0.07,14.8,23.6,32.4,22.2,0.18,2.82
SMI_KEL,12/6/24,0.07,18.7,26.5,34.3,21.4,0.25,2.72
SMI_KEL,12/7/24,0.03,17.7,22.5,27.4,14.5,0.36,2.64
SMI_KEL,12/8/24,0.24,23.4,29.6,35.8,23.1,0.25,3.14
SMI_KEL,12/9/24,0,32.4,37,41.5,30.6,0.38,3.58
SMI_KEL,12/10/24,0.55,32.5,34.2,35.9,33.1,0.02,1.24
SMI_KEL,12/11/24,0.29,35.1,38.7,42.4,39,0,0.27
SMI_KEL,12/12/24,1.52,30.6,37.3,43.9,34.3,0.14,1.96
SMI_KEL,12/13/24,0,16.4,24.1,31.9,11.7,0.79,2.98
SMI_KEL,12/14/24,0,9.8,17.1,24.5,9.8,0.24,2.07
SMI_KEL,12/15/24,0,9.4,19.2,29,10.6,0.23,2.81
SMI_KEL,12/16/24,0.11,13.3,21.9,30.6,21.3,0.13,2.21
SMI_KEL,12/17/24,0.08,30.2,38.7,47.1,36.6,0.06,1.91
SMI_KEL,12/18/24,0,35.5,43.1,50.7,34.3,0.69,5.4
SMI_KEL,12/19/24,0.26,32.9,38.2,43.5,32.1,0.16,3.62
SMI_KEL,12/20/24,0,24.8,28.8,32.9,21.4,0.7,2.22
SMI_KEL,12/21/24,0.12,16.7,21.4,26,20,0.21,1
SMI_KEL,12/22/24,0,-0.6,8.6,17.8,2.2,0.37,1.24
SMI_KEL,12/23/24,0,-8,0.6,9.2,-7.6,0.17,1.09
SMI_KEL,12/24/24,0.16,-3.8,8,19.8,6.6,0.2,1.42
SMI_KEL,12/25/24,0.02,19.2,24.5,29.7,21.6,0.19,1.12
SMI_KEL,12/26/24,0,2.3,15.6,28.8,10.3,0.14,2.23
SMI_KEL,12/27/24,0,1.8,14.5,27.3,8.4,0.14,2.05
SMI_KEL,12/28/24,0,5.6,17.7,29.8,17.9,0.13,2.09
SMI_KEL,12/29/24,0.02,27.8,33.4,39,34,0,1.01
SMI_KEL,12/30/24,0.11,32.6,42.9,53.2,44.3,0.01,1.77
SMI_KEL,12/31/24,0.01,36.7,43.8,50.9,33.6,0.53,5.71
,,,,,,,,
SMI_LAT,1/1/24,0,27.4,30.5,33.6,26.7,0.27,1.44
SMI_LAT,1/2/24,0,23.6,28.2,32.8,20.9,0.54,2.11
SMI_LAT,1/3/24,0,24.5,30.2,35.9,23.7,0.37,2.74
SMI_LAT,1/4/24,0,29.8,32.7,35.7,27.4,0.34,2.06
SMI_LAT,1/5/24,0.02,19.4,25.9,32.4,17.1,0.51,2.25
SMI_LAT,1/6/24,0,14.5,22.4,30.2,16.5,0.23,2.45
SMI_LAT,1/7/24,0.45,20.4,25,29.7,23.5,0.16,1.73
SMI_LAT,1/8/24,0.13,25.5,29.8,34.1,26.1,0.14,1.2
SMI_LAT,1/9/24,0,23.6,30.8,38,27.3,0.1,2.18
SMI_LAT,1/10/24,0.76,28.2,37.7,47.3,35.4,0.22,2.16
SMI_LAT,1/11/24,0.02,30.4,36.6,42.9,28.8,0.58,3.63
SMI_LAT,1/12/24,0.06,30.4,33.5,36.6,29.7,0.2,1.89
SMI_LAT,1/13/24,0.53,29.5,36.2,42.8,31.1,0.18,3.81
SMI_LAT,1/14/24,0.09,26.5,35.7,44.9,24,0.13,3.13
SMI_LAT,1/15/24,0.06,6.6,17.9,29.2,6.4,0.31,2.65
SMI_LAT,1/16/24,0.01,6.9,15.9,24.9,5.2,0.36,3.01
SMI_LAT,1/17/24,0.1,4.6,13,21.5,8.5,0.31,1.16
SMI_LAT,1/18/24,0,2.6,10.8,19,-2.1,0.61,2.22
SMI_LAT,1/19/24,0,11.3,17.3,23.3,11.5,0.27,2
SMI_LAT,1/20/24,0.02,4.5,14.6,24.8,8.6,0.24,1.17
SMI_LAT,1/21/24,0.03,4.5,10.2,15.9,4.9,0.31,1.2
SMI_LAT,1/22/24,0,4.3,13.8,23.4,7.7,0.23,2.01
SMI_LAT,1/23/24,0,3.4,18.3,33.3,14.1,0.2,3.76
SMI_LAT,1/24/24,0.24,30.3,32.8,35.3,30.7,0.06,1.32
SMI_LAT,1/25/24,0.5,33.5,37.5,41.5,36.2,0.05,0.91
SMI_LAT,1/26/24,0.72,36.9,41.3,45.6,40.6,0,0.5
SMI_LAT,1/27/24,0.03,32.9,40.4,47.9,38,0.13,1.2
SMI_LAT,1/28/24,0.06,33.1,36.3,39.5,35.7,0,0.96
SMI_LAT,1/29/24,0.62,28.5,32.7,37,32.1,0,0.46
SMI_LAT,1/30/24,0,25,28.4,31.9,25.8,0.23,0.96
SMI_LAT,1/31/24,0,24.7,27.3,30,25.1,0.39,0.91
SMI_LAT,2/1/24,0,28.8,32.5,36.2,28.8,0.51,1.79
SMI_LAT,2/2/24,0,31.7,33.7,35.8,32.3,0.06,1.17
SMI_LAT,2/3/24,0,26.6,31.6,36.6,27.7,0.1,1.54
SMI_LAT,2/4/24,0,18.1,26.5,35,21.1,0.15,2.7
SMI_LAT,2/5/24,0,17.9,29.5,41.1,21.8,0.17,4.98
SMI_LAT,2/6/24,0,14.1,26.6,39.1,17.8,0.24,4.31
SMI_LAT,2/7/24,0,13.5,26.9,40.4,16.9,0.17,5.08
SMI_LAT,2/8/24,0,16.8,30.8,44.7,23,0.2,6.03
SMI_LAT,2/9/24,0,23.9,38.6,53.3,24.8,0.25,9.68
SMI_LAT,2/10/24,0,34.7,45.7,56.6,33.7,0.79,8.77
SMI_LAT,2/11/24,0.01,33.4,45,56.6,35.9,0.61,6.37
SMI_LAT,2/12/24,0,29.8,33.2,36.6,26.3,0.92,2.31
SMI_LAT,2/13/24,0,24.7,30.7,36.7,24.6,0.19,3.07
SMI_LAT,2/14/24,0.06,17,27.8,38.6,19.5,0.43,4.55
SMI_LAT,2/15/24,0,9.8,18.2,26.5,9.9,0.25,2.49
SMI_LAT,2/16/24,0.11,9.6,22.5,35.4,19.1,0.19,3.89
SMI_LAT,2/17/24,0.09,19.6,25.8,32.1,18.7,0.23,2.96
SMI_LAT,2/18/24,0.03,8.7,19.2,29.8,11.2,0.33,2.53
SMI_LAT,2/19/24,0.03,16.4,22.3,28.3,13.4,0.72,2.32
SMI_LAT,2/20/24,0,0.8,15.2,29.6,2.6,0.26,3.85
SMI_LAT,2/21/24,0,0.3,19.8,39.3,10.5,0.24,5.75
SMI_LAT,2/22/24,0,12.5,27.9,43.2,21.1,0.24,5.46
SMI_LAT,2/23/24,0.07,28.4,33.4,38.4,31.2,0.08,1.96
SMI_LAT,2/24/24,0,15.2,32.9,50.5,29.9,0.13,5.57
SMI_LAT,2/25/24,0,6.6,15.9,25.2,3.2,0.29,3
SMI_LAT,2/26/24,0,9.2,25.4,41.6,14.4,0.36,6.38
SMI_LAT,2/27/24,0,26.3,41.5,56.8,27.6,0.15,10.57
SMI_LAT,2/28/24,0.08,35.9,50.5,65,42,0.87,13
SMI_LAT,2/29/24,0.28,19.8,38.7,57.7,32.6,0.48,2.91
SMI_LAT,3/1/24,0.1,11.1,19.4,27.8,10.9,0.26,2.44
SMI_LAT,3/2/24,0.03,13.7,30.5,47.2,21.1,0.31,7.59
SMI_LAT,3/3/24,0.52,35.8,40.7,45.5,40.2,0.02,0.96
SMI_LAT,3/4/24,0,35.1,41.2,47.4,40.8,0.01,1.84
SMI_LAT,3/5/24,0,37.7,50.6,63.5,43.8,0.09,8.85
SMI_LAT,3/6/24,0.15,43,47.4,51.9,44.4,0.09,2.43
SMI_LAT,3/7/24,0.93,39.3,46.3,53.3,45.5,0.07,1.53
SMI_LAT,3/8/24,0,25,37.6,50.2,33.2,0.08,4.77
SMI_LAT,3/9/24,0,26.2,42.6,59.1,26.1,0.16,12.48
SMI_LAT,3/10/24,1.08,32.3,38.1,43.8,33.8,0.03,4.34
SMI_LAT,3/11/24,0.12,24.6,31.1,37.6,26,0.22,1.86
SMI_LAT,3/12/24,0,25.4,32.7,40,20.5,0.55,5.17
SMI_LAT,3/13/24,0,27.4,42.3,57.3,29.4,0.21,10.16
SMI_LAT,3/14/24,0,31.1,49.7,68.4,36.6,0.19,15.43
SMI_LAT,3/15/24,0.27,33,49.5,66,37.7,0.11,15.93
SMI_LAT,3/16/24,0,32.1,39.8,47.6,37.5,0.05,2.5
SMI_LAT,3/17/24,0.06,37.1,45.5,53.9,31.1,0.59,9.13
SMI_LAT,3/18/24,0.02,28.7,37.4,46.2,28.5,0.36,5.94
SMI_LAT,3/19/24,0.03,25,31.2,37.4,20.5,0.72,4.1
SMI_LAT,3/20/24,0.03,25.2,31.6,38.1,25.3,0.34,4.18
SMI_LAT,3/21/24,0.13,19.3,30.2,41,21.2,0.22,3.72
SMI_LAT,3/22/24,0.06,15.7,22.7,29.7,11.5,0.76,3.32
SMI_LAT,3/23/24,0.91,18,25,32,16.4,0.17,3.24
SMI_LAT,3/24/24,0.23,11,22.4,33.9,20.5,0.12,0.88
SMI_LAT,3/25/24,0,12.8,24.7,36.7,15.7,0.22,4.38
SMI_LAT,3/26/24,0,20.3,35,49.7,24.6,0.34,6.78
SMI_LAT,3/27/24,0,30.7,44.7,58.8,38.8,1.13,6.76
SMI_LAT,3/28/24,0,36.7,45.6,54.6,39.1,1.01,4.35
SMI_LAT,3/29/24,0,27.3,34.8,42.2,25.7,0.63,4.35
SMI_LAT,3/30/24,0,28.4,35.6,42.9,23.1,0.75,5.41
SMI_LAT,3/31/24,0,31.5,41,50.5,24.9,1.37,8.47
SMI_LAT,4/1/24,0,28.1,40.1,52.1,29.1,0.26,8.08
SMI_LAT,4/2/24,0,31.3,43.2,55.2,33.1,0.45,7.26
SMI_LAT,4/3/24,0.28,38.3,41.3,44.2,37.2,0.4,3.56
SMI_LAT,4/4/24,0.83,31.7,36.8,42,33.8,0.08,1.78
SMI_LAT,4/5/24,0.12,30.4,33.7,37.1,30.9,0.13,1.57
SMI_LAT,4/6/24,0.02,31.5,35.1,38.7,32.2,0.29,2.02
SMI_LAT,4/7/24,0,29.6,37.5,45.4,30.2,0.24,4.39
SMI_LAT,4/8/24,0,24.9,41,57.1,26,0.19,11.94
SMI_LAT,4/9/24,0,31.3,47,62.7,29.1,0.4,15.26
SMI_LAT,4/10/24,0,41.6,58.8,76.1,36.9,1.86,24.27
SMI_LAT,4/11/24,0.14,49.7,55,60.4,51.2,0.18,7.02
SMI_LAT,4/12/24,0.47,52,57.6,63.3,55.5,0.22,5.06
SMI_LAT,4/13/24,0.28,36.6,49.7,62.9,43.7,0.48,6.21
SMI_LAT,4/14/24,0.17,31.7,37,42.3,34.5,0.14,2.01
SMI_LAT,4/15/24,0.05,36.9,45.3,53.7,41.9,0.06,4.78
SMI_LAT,4/16/24,0,31.4,45.3,59.3,35.7,0.19,9.83
SMI_LAT,4/17/24,0,30.3,46.6,63,29.9,0.39,14.22
SMI_LAT,4/18/24,0.45,39.4,51.5,63.6,43.5,0.27,13.04
SMI_LAT,4/19/24,0.07,42.4,46.4,50.4,44.4,0.2,1.59
SMI_LAT,4/20/24,0.05,42.9,48.2,53.6,44.4,0.48,3.7
SMI_LAT,4/21/24,0,32.4,43.8,55.1,28.4,1.32,9.36
SMI_LAT,4/22/24,0,29.1,36.5,43.9,24.9,0.69,5.28
SMI_LAT,4/23/24,0,27.9,41.5,55,24.4,0.48,10.95
SMI_LAT,4/24/24,0.06,41.8,54.5,67.1,34.1,0.65,17.29
SMI_LAT,4/25/24,0,22,37.6,53.2,30.7,0.43,4.38
SMI_LAT,4/26/24,0,22.5,37.8,53.2,17.9,0.46,11.04
SMI_LAT,4/27/24,0,33.4,48.1,62.9,21.4,2.02,17.13
SMI_LAT,4/28/24,0.07,46.1,52.8,59.5,37.7,0.73,12.48
SMI_LAT,4/29/24,0.11,49.1,58.9,68.7,57.7,0.04,8.2
SMI_LAT,4/30/24,0.05,52.6,65.7,78.8,57.1,0.05,16.5
SMI_LAT,5/1/24,0.12,48.1,64.3,80.4,55.8,0.04,18.93
SMI_LAT,5/2/24,0,50.2,62.2,74.2,50.7,0.25,16.93
SMI_LAT,5/3/24,0,40.2,55.5,70.7,44.8,0.05,15.57
SMI_LAT,5/4/24,0,50,62.9,75.7,47,1.49,19.2
SMI_LAT,5/5/24,0.23,47.2,57.4,67.5,45.2,0.61,12.42
SMI_LAT,5/6/24,0.1,46.3,50.1,54,49.9,0.23,1.58
SMI_LAT,5/7/24,0,35.5,53.4,71.3,42.5,0.16,18.11
SMI_LAT,5/8/24,0.29,45.1,60.5,75.9,44.2,0.24,22.46
SMI_LAT,5/9/24,0,47.7,62.4,77.1,49.1,0.5,22.02
SMI_LAT,5/10/24,0.12,46.1,53.7,61.3,44.7,0.07,9.16
SMI_LAT,5/11/24,0.2,45.6,50,54.4,47,0.03,3.37
SMI_LAT,5/12/24,0.06,44.2,52.3,60.4,44,0.46,8.34
SMI_LAT,5/13/24,0,42.8,49.4,56.1,43,0.29,5.92
SMI_LAT,5/14/24,0.02,47.7,56.2,64.7,50.6,0.49,7.83
SMI_LAT,5/15/24,0.25,56.5,67.7,78.8,54.3,0.22,19.81
SMI_LAT,5/16/24,0.09,51.6,58.3,65,56.8,0.03,4.62
SMI_LAT,5/17/24,0.01,48.5,58.6,68.7,54.2,0.04,8.63
SMI_LAT,5/18/24,0.03,54.5,63.9,73.2,54.2,0.25,13.33
SMI_LAT,5/19/24,0.03,55.6,59.6,63.6,57.8,0.12,3.4
SMI_LAT,5/20/24,0,51.6,66.2,80.7,56,0.16,21.51
SMI_LAT,5/21/24,0,57.1,71.4,85.7,60.1,0.15,24.88
SMI_LAT,5/22/24,0.01,56.4,71,85.5,58.9,0.64,23.87
SMI_LAT,5/23/24,0.01,58.5,73,87.5,60.7,0.12,26.93
SMI_LAT,5/24/24,0,45.8,61.7,77.7,50.9,0.15,20.22
SMI_LAT,5/25/24,0,43.7,61.1,78.6,47.1,0.16,22.4
SMI_LAT,5/26/24,0.21,53.4,67.9,82.4,55.4,0.08,24.43
SMI_LAT,5/27/24,0.08,57.7,68.9,80.1,58.8,0.28,20.83
SMI_LAT,5/28/24,0.53,56.5,66,75.4,62.2,0.1,10.08
SMI_LAT,5/29/24,0.02,51.4,60.3,69.2,54.3,0.07,9.29
SMI_LAT,5/30/24,0,42.3,54.7,67.1,45.3,0.37,12.45
SMI_LAT,5/31/24,0,36.9,51.4,66,40,0.07,12.85
SMI_LAT,6/1/24,0,40.2,55.7,71.1,40.1,0.29,18.69
SMI_LAT,6/2/24,0,44.9,62.1,79.3,43.2,0.5,26.74
SMI_LAT,6/3/24,0.09,54.8,66.5,78.3,56.1,0.23,20.15
SMI_LAT,6/4/24,0,55.1,66.3,77.5,59.5,0.09,14
SMI_LAT,6/5/24,0,57,71,85.1,59.4,0.49,25.1
SMI_LAT,6/6/24,0,65,74.6,84.3,65,0.49,18.77
SMI_LAT,6/7/24,1.23,52.6,65.2,77.9,61.5,0.13,10.05
SMI_LAT,6/8/24,0.11,51.9,61.5,71.1,53.5,0.21,10.72
SMI_LAT,6/9/24,0.61,51.6,60.7,69.8,51.5,0.16,11.61
SMI_LAT,6/10/24,0.23,50.9,58.5,66.2,51.8,0.24,8.76
SMI_LAT,6/11/24,0,51.4,55.8,60.2,50.5,0.52,5.23
SMI_LAT,6/12/24,0,51.4,56.3,61.3,52.4,0.2,5.18
SMI_LAT,6/13/24,0,48,57.8,67.5,51.7,0.06,9.06
SMI_LAT,6/14/24,0.04,59.4,72,84.5,58.6,1.36,23.9
SMI_LAT,6/15/24,0,50.3,65.3,80.3,53.5,0.24,22.21
SMI_LAT,6/16/24,0,41.1,57.2,73.4,46.1,0.13,16.61
SMI_LAT,6/17/24,0,52.9,66,79.1,52.2,1.62,23.32
SMI_LAT,6/18/24,0,66.2,77.7,89.3,65.1,1.62,25.33
SMI_LAT,6/19/24,0,70.2,80.8,91.5,70.5,1.12,24.01
SMI_LAT,6/20/24,0,69.3,80.7,92,71.5,0.78,23.65
SMI_LAT,6/21/24,0.02,64.4,77.1,89.8,68.6,0.07,21.21
SMI_LAT,6/22/24,0.18,65.4,75.8,86.1,69.5,0.09,16.14
SMI_LAT,6/23/24,0.61,67.3,76.9,86.5,69.4,0.29,18.52
SMI_LAT,6/24/24,0.06,59.4,72,84.6,66,1.37,15.03
SMI_LAT,6/25/24,0.12,52.3,61.5,70.8,54.9,0.26,9.95
SMI_LAT,6/26/24,0,64.1,73.3,82.6,56.8,4.09,25.43
SMI_LAT,6/27/24,0.2,56.1,69.8,83.4,59.8,0.07,24.37
SMI_LAT,6/28/24,0,42.6,55.9,69.2,49.6,0.12,11.46
SMI_LAT,6/29/24,0.29,53.1,64.5,75.8,49.5,0.62,21.23
SMI_LAT,6/30/24,0.89,59.2,66,72.9,67.1,0.44,4.01
SMI_LAT,7/1/24,0.04,55.3,69.3,83.3,59.3,0.59,16.51
SMI_LAT,7/2/24,0,46.8,60.1,73.4,52.3,0.04,13.27
SMI_LAT,7/3/24,0,55,67.9,80.8,54.9,0.44,22.53
SMI_LAT,7/4/24,0,65.5,74.2,82.8,60.9,3.86,19.45
SMI_LAT,7/5/24,0,66.1,76.9,87.6,67.3,0.44,21.76
SMI_LAT,7/6/24,0.01,69.2,77.3,85.4,70.6,0.37,15.62
SMI_LAT,7/7/24,0,59.8,74.5,89.2,65.6,0.24,24.96
SMI_LAT,7/8/24,0,59.7,72.5,85.4,62.7,0.17,22.57
SMI_LAT,7/9/24,0,63.6,76.4,89.3,64.9,0.27,27.84
SMI_LAT,7/10/24,0,66.6,78.5,90.3,67.8,0.47,27.09
SMI_LAT,7/11/24,0.62,68.1,79.1,90.1,72,0.21,20.8
SMI_LAT,7/12/24,0.08,64.3,70.6,76.8,66.3,0.07,8.85
SMI_LAT,7/13/24,0,62.6,73.1,83.5,65.4,0.15,17.61
SMI_LAT,7/14/24,0,57.1,71.2,85.4,63.8,0.08,20.79
SMI_LAT,7/15/24,0,61,74.6,88.2,62.9,0,30.26
SMI_LAT,7/16/24,0.53,64.3,77,89.8,68,0.28,23.41
SMI_LAT,7/17/24,0.18,63.1,75.8,88.4,67.5,0.13,18.57
SMI_LAT,7/18/24,0.14,59,71.5,83.9,66.7,0.05,15.45
SMI_LAT,7/19/24,0,50.7,63.3,75.8,55.2,0.04,15.06
SMI_LAT,7/20/24,0,52.8,65.3,77.8,55.7,0.07,17.2
SMI_LAT,7/21/24,0,52.3,67.7,83.1,57,0.16,23.76
SMI_LAT,7/22/24,0,56.3,69.3,82.3,60.1,0.21,19.74
SMI_LAT,7/23/24,0.48,62.2,73.8,85.5,64.3,0.12,22.98
SMI_LAT,7/24/24,1.39,61.9,71.3,80.8,64.8,0.03,15.11
SMI_LAT,7/25/24,0.8,62.2,71,79.9,66.4,0.1,9.56
SMI_LAT,7/26/24,0,51.9,63.9,76,55.4,0.18,16.24
SMI_LAT,7/27/24,0,48.1,62.8,77.5,52.3,0.12,19.21
SMI_LAT,7/28/24,0,52.7,67.4,82.1,56.5,0.08,22.35
SMI_LAT,7/29/24,0,57,70.8,84.6,59.7,0.17,24.21
SMI_LAT,7/30/24,0,60.3,73,85.7,61.7,0.43,25.48
SMI_LAT,7/31/24,0.02,68.9,77.7,86.5,68.7,0.97,18.52
SMI_LAT,8/1/24,0.16,62.5,72,81.5,67.6,0.07,11.34
SMI_LAT,8/2/24,0,63.7,76.2,88.7,66.9,0.13,23.96
SMI_LAT,8/3/24,0.98,65.8,76.2,86.5,68.2,0.12,17.44
SMI_LAT,8/4/24,0.17,67.8,75.2,82.6,69.2,0.14,14.16
SMI_LAT,8/5/24,0.02,58.7,73,87.3,64.8,0.11,21.36
SMI_LAT,8/6/24,0.3,63.2,73.4,83.7,67,0.08,16.89
SMI_LAT,8/7/24,0.05,57.2,65,72.8,62.4,0.31,5.89
SMI_LAT,8/8/24,0.04,59.8,67.3,74.8,59.7,0.6,12.05
SMI_LAT,8/9/24,0.75,61.4,65.4,69.3,64.5,0.22,3.94
SMI_LAT,8/10/24,1.72,59.2,68.5,77.9,67.2,0.13,7.89
SMI_LAT,8/11/24,0,50.9,64.1,77.3,55.3,0.11,16.38
SMI_LAT,8/12/24,0.03,51.8,63,74.1,55.5,0.12,13.28
SMI_LAT,8/13/24,0.07,52.2,61.1,69.9,55.5,0.06,9.77
SMI_LAT,8/14/24,0,52.6,64.7,76.7,56.9,0.07,14.41
SMI_LAT,8/15/24,0,53.3,67.2,81,58.3,0.05,18.56
SMI_LAT,8/16/24,0,53.8,68,82.2,59.2,0.14,18.87
SMI_LAT,8/17/24,0.07,57,70.5,84,61.7,0.2,22.07
SMI_LAT,8/18/24,0.27,65.5,70.6,75.7,64.4,0.81,8.22
SMI_LAT,8/19/24,2.25,64.4,69.5,74.6,66.7,0.11,5.38
SMI_LAT,8/20/24,0.1,49.8,61.5,73.1,56.6,0.22,5.55
SMI_LAT,8/21/24,0.03,44.7,53.3,62,47.7,0.04,7.51
SMI_LAT,8/22/24,0.12,48.5,56.6,64.7,51.5,0.01,7.43
SMI_LAT,8/23/24,0,46.4,59.2,71.9,51.4,0.02,13.4
SMI_LAT,8/24/24,0,50.9,64,77,54.3,0.16,17.11
SMI_LAT,8/25/24,0,54,67.2,80.3,56.4,0.13,20.52
SMI_LAT,8/26/24,0,53.4,67.6,81.9,57.9,0.06,20.2
SMI_LAT,8/27/24,0,55.5,68.6,81.8,59.9,0.1,18.11
SMI_LAT,8/28/24,0,57.2,70.1,83,63.1,0.07,21.64
SMI_LAT,8/29/24,0,60.1,70.2,80.3,66.1,0.33,10.55
SMI_LAT,8/30/24,0.11,60.2,65.2,70.2,62.3,0.44,5.38
SMI_LAT,8/31/24,0,62.2,66,69.9,61.6,0.32,5.62
SMI_LAT,9/1/24,0.11,61.9,65.6,69.3,65.1,0.38,2.45
SMI_LAT,9/2/24,0.09,51.2,66.7,82.2,58.4,0.19,20.33
SMI_LAT,9/3/24,0,39.4,53.1,66.8,46.4,0,11.16
SMI_LAT,9/4/24,0,42.6,57,71.3,47.5,0,15.15
SMI_LAT,9/5/24,0,45.3,60.5,75.7,50.7,0,17.27
SMI_LAT,9/6/24,0,49.6,63.7,77.9,52.1,0.3,19.83
SMI_LAT,9/7/24,0,55,66.2,77.5,57.7,0.64,17.08
SMI_LAT,9/8/24,0.56,43.4,54.3,65.3,51.2,0.14,6.35
SMI_LAT,9/9/24,0,45,54.7,64.4,43.1,0.42,12.59
SMI_LAT,9/10/24,0.33,50.7,60,69.4,53.8,0.21,11.21
SMI_LAT,9/11/24,0,40.8,55.3,69.7,46.9,0,15.23
SMI_LAT,9/12/24,0,43.3,60.1,76.8,52,0,17.5
SMI_LAT,9/13/24,0,50.9,65.8,80.7,57.1,0.05,19.01
SMI_LAT,9/14/24,0,52.5,66.7,81,58.4,0.11,18.43
SMI_LAT,9/15/24,0,52.3,67.7,83.1,58.1,0.07,23.5
SMI_LAT,9/16/24,0,52.5,68.3,84.1,58.7,0.1,23.5
SMI_LAT,9/17/24,0,50,66,82,56.7,0.04,21.14
SMI_LAT,9/18/24,0,48.7,64.8,80.8,54,0.05,22.88
SMI_LAT,9/19/24,0,50.1,62.9,75.7,56.1,0.03,15.26
SMI_LAT,9/20/24,0,51,67.2,83.3,57,0.11,23.45
SMI_LAT,9/21/24,0,51.3,65.9,80.5,56.6,0.03,19.71
SMI_LAT,9/22/24,0,51.4,65.2,79,57.2,0.12,16.59
SMI_LAT,9/23/24,0,55.1,66.7,78.3,57,0.19,15.12
SMI_LAT,9/24/24,0,54.3,56.9,59.6,52.9,1.19,3.47
SMI_LAT,9/25/24,0.01,55,59.8,64.6,51.9,1.58,6.83
SMI_LAT,9/26/24,0.32,56.2,59.2,62.2,56.7,0.34,3.74
SMI_LAT,9/27/24,0.15,54.8,60.8,66.8,60.2,0.18,2.54
SMI_LAT,9/28/24,0,53.6,63.8,74,56.1,0.16,15.15
SMI_LAT,9/29/24,0.01,58,67.6,77.2,60.9,0.29,13.28
SMI_LAT,9/30/24,0.01,55.4,60.4,65.4,59,0.13,3.43
SMI_LAT,10/1/24,0,50.4,62.8,75.2,55.8,0.03,13.8
SMI_LAT,10/2/24,0,49.9,60.8,71.8,52.3,0.05,13.21
SMI_LAT,10/3/24,0.17,47,53.2,59.4,53.1,0.06,2.15
SMI_LAT,10/4/24,0,44.7,56.4,68.2,49.5,0,10.65
SMI_LAT,10/5/24,0.05,45.5,60.4,75.2,53,0,17.98
SMI_LAT,10/6/24,0,37.5,52.6,67.6,44.8,0,13.52
SMI_LAT,10/7/24,0.05,39.3,55.5,71.7,49.3,0.01,15.68
SMI_LAT,10/8/24,0.02,37.6,49,60.5,44.7,0.02,6.89
SMI_LAT,10/9/24,0.03,35,48.3,61.7,41.1,0,10.26
SMI_LAT,10/10/24,0.19,36,47.5,58.9,39.7,0.02,9.56
SMI_LAT,10/11/24,0.02,33.7,41.1,48.6,37.4,0.04,3.87
SMI_LAT,10/12/24,0,36.4,50.5,64.6,43.9,0.05,11.52
SMI_LAT,10/13/24,0.21,32.4,47,61.7,36.5,0.04,12.56
SMI_LAT,10/14/24,0.39,39.5,41.8,44.2,42.2,0.03,0.81
SMI_LAT,10/15/24,0.16,36.2,42.2,48.2,39.2,0.03,1.38
SMI_LAT,10/16/24,0.19,35,42,49,36.6,0.02,4.54
SMI_LAT,10/17/24,0.08,29.5,38.1,46.6,34.7,0,3.24
SMI_LAT,10/18/24,0,28.8,42.5,56.1,34,0,8.67
SMI_LAT,10/19/24,0,29.6,46.6,63.7,35.1,0.03,13.43
SMI_LAT,10/20/24,0,29.7,49.3,68.9,36.4,0,16.31
SMI_LAT,10/21/24,0,32.3,52.2,72.1,38.5,0.15,19.88
SMI_LAT,10/22/24,0,42,60.4,78.9,47.7,0.17,21.3
SMI_LAT,10/23/24,0,45.4,62.2,79,47.3,0.48,22.09
SMI_LAT,10/24/24,0.05,45.7,60.8,76,47.5,0.35,19.84
SMI_LAT,10/25/24,0,27.5,41.3,55.1,33.9,0.01,7.56
SMI_LAT,10/26/24,0,28,42.6,57.3,38.2,0.04,9.36
SMI_LAT,10/27/24,0,25.9,40.7,55.5,31.6,0.05,10.08
SMI_LAT,10/28/24,0,26.8,39.4,51.9,28.9,0.13,7.99
SMI_LAT,10/29/24,0,31.2,44.4,57.7,31.6,0.17,10.09
SMI_LAT,10/30/24,0.11,40.6,49,57.3,43.9,0.7,7.18
SMI_LAT,10/31/24,0,45.3,60.6,75.9,50.9,0.09,16.28
SMI_LAT,11/1/24,0.02,45.7,61.4,77.2,54.4,0.16,17.74
SMI_LAT,11/2/24,0.02,39.6,53.2,66.8,40.5,0.74,9.95
SMI_LAT,11/3/24,0.02,23.6,33.8,44.1,30.9,0.05,3.05
SMI_LAT,11/4/24,0,24.7,38.1,51.5,25,0.08,9.25
SMI_LAT,11/5/24,0,36.3,44.4,52.5,36.1,2.02,7.07
SMI_LAT,11/6/24,0,50.7,62.7,74.6,52.3,2.05,15.64
SMI_LAT,11/7/24,0,47.8,58.8,69.8,55,0.1,7.7
SMI_LAT,11/8/24,0,30.6,43.2,55.9,37.4,0.04,6.63
SMI_LAT,11/9/24,0.02,29.4,44,58.5,32.6,0.31,9.37
SMI_LAT,11/10/24,0,24,36,48,23.1,0.22,7.55
SMI_LAT,11/11/24,0.17,33.6,43.6,53.5,37.2,0.27,9
SMI_LAT,11/12/24,0.15,35.2,44.5,53.8,42.7,0.31,3.9
SMI_LAT,11/13/24,0,20.2,30.9,41.6,25,0.13,4.02
SMI_LAT,11/14/24,0,19.4,33.1,46.9,19.5,0.19,7.48
SMI_LAT,11/15/24,0,21.7,31.6,41.5,20.4,0.23,5.51
SMI_LAT,11/16/24,0,27.8,40.9,54,29.4,0.24,8.24
SMI_LAT,11/17/24,0,28.2,40.8,53.4,30.9,0.05,8.76
SMI_LAT,11/18/24,0.02,31.3,42.1,52.8,35,0.1,7.45
SMI_LAT,11/19/24,0,28.7,42.8,56.9,36.1,0.08,7.94
SMI_LAT,11/20/24,0,29.1,41.3,53.5,36.5,0.08,6.92
SMI_LAT,11/21/24,0.53,34.4,44.8,55.2,42,0.09,5.14
SMI_LAT,11/22/24,1.02,31.8,34.8,37.7,33.7,0.01,0.5
SMI_LAT,11/23/24,0.1,31.9,35.7,39.5,33.2,0.05,1.29
SMI_LAT,11/24/24,0.16,35.1,38.8,42.6,35.5,0.08,2.38
SMI_LAT,11/25/24,0.05,28.1,34.3,40.5,31.4,0.18,2.68
SMI_LAT,11/26/24,0.33,28.1,37.4,46.6,32.9,0.08,5.24
SMI_LAT,11/27/24,0.11,34.4,41.5,48.5,34.2,0.1,3.4
SMI_LAT,11/28/24,0.26,31,37.4,43.7,27.3,0.06,5.52
SMI_LAT,11/29/24,0.54,30.4,32.8,35.2,31.1,0.01,1.4
SMI_LAT,11/30/24,0.02,21.5,28.9,36.2,23,0.41,2.42
SMI_LAT,12/1/24,0,17,24.2,31.4,16.9,0.51,2.56
SMI_LAT,12/2/24,0,18.1,24.7,31.3,16.6,0.42,2.84
SMI_LAT,12/3/24,0.03,21.6,27.7,33.9,22.6,0.12,2.93
SMI_LAT,12/4/24,0.13,9.2,21.3,33.5,17.5,0.09,2.28
SMI_LAT,12/5/24,0.1,18.5,24.7,30.9,22.5,0.14,2.21
SMI_LAT,12/6/24,0.13,18.7,25.9,33.2,22.5,0.15,2.1
SMI_LAT,12/7/24,0.01,16.9,22.1,27.3,15.6,0.5,2.29
SMI_LAT,12/8/24,0.09,24.6,29.3,34,23,0.24,2.56
SMI_LAT,12/9/24,0,30.3,35.6,40.9,30.7,0.06,3.14
SMI_LAT,12/10/24,0.39,29.6,34.8,40,37,0,1.5
SMI_LAT,12/11/24,0.16,36.4,41.5,46.7,43.2,0,0.53
SMI_LAT,12/12/24,0.9,27.8,37.2,46.7,34.8,0,1.76
SMI_LAT,12/13/24,0,12.7,21.5,30.3,10,0.58,2.74
SMI_LAT,12/14/24,0,7.6,17.7,27.7,8.3,0.2,3.02
SMI_LAT,12/15/24,0,7.3,19,30.7,12,0.17,2.9
SMI_LAT,12/16/24,0.18,18.2,25.7,33.1,25,0.1,2.45
SMI_LAT,12/17/24,0.15,32.9,38.3,43.7,38.1,0.06,1.14
SMI_LAT,12/18/24,0,32.5,40.6,48.7,34.8,0.19,4.03
SMI_LAT,12/19/24,0.29,30.5,35.5,40.5,32.3,0.03,2.14
SMI_LAT,12/20/24,0,24.8,28.7,32.5,24,0.19,1.8
SMI_LAT,12/21/24,0.19,13.8,21.6,29.5,22.3,0.06,0.93
SMI_LAT,12/22/24,0,-5.8,6.2,18.3,5.2,0.19,1.02
SMI_LAT,12/23/24,0,-11.1,0,11,-7.4,0.17,1.11
SMI_LAT,12/24/24,0.15,-4.6,9.4,23.4,9.8,0.13,1.74
SMI_LAT,12/25/24,0,21.8,26.8,31.8,24.9,0.09,1.02
SMI_LAT,12/26/24,0,0.9,16.1,31.2,11.5,0.06,2.59
SMI_LAT,12/27/24,0,1.7,15.9,30.1,9.3,0.13,2.38
SMI_LAT,12/28/24,0,9.1,23.7,38.3,24.5,0.19,3.19
SMI_LAT,12/29/24,0.02,35.2,39.7,44.2,38.6,0,1.19
SMI_LAT,12/30/24,0.1,35.6,46.2,56.8,47.9,0.01,2.97
SMI_LAT,12/31/24,0,32.2,40.2,48.2,34.3,0.41,4.41
,,,,,,,,
SMI_LAT_2,1/1/24,0,27.4,30.5,33.6,26.7,0.27,1.44
SMI_LAT_2,1/2/24,0,23.6,28.2,32.8,20.9,0.54,2.11
SMI_LAT_2,1/3/24,0,24.5,30.2,35.9,23.7,0.37,2.74
SMI_LAT_2,1/4/24,0,29.8,32.7,35.7,27.4,0.34,2.06
SMI_LAT_2,1/5/24,0.02,19.4,25.9,32.4,17.1,0.51,2.25
SMI_LAT_2,1/6/24,0,14.5,22.4,30.2,16.5,0.23,2.45
SMI_LAT_2,1/7/24,0.45,20.4,25,29.7,23.5,0.16,1.73
SMI_LAT_2,1/8/24,0.13,25.5,29.8,34.1,26.1,0.14,1.2
SMI_LAT_2,1/9/24,0,23.6,30.8,38,27.3,0.1,2.18
SMI_LAT_2,1/10/24,0.76,28.2,37.7,47.3,35.4,0.22,2.16
SMI_LAT_2,1/11/24,0.02,30.4,36.6,42.9,28.8,0.58,3.63
SMI_LAT_2,1/12/24,0.06,30.4,33.5,36.6,29.7,0.2,1.89
SMI_LAT_2,1/13/24,0.53,29.5,36.2,42.8,31.1,0.18,3.81
SMI_LAT_2,1/14/24,0.09,26.5,35.7,44.9,24,0.13,3.13
SMI_LAT_2,1/15/24,0.06,6.6,17.9,29.2,6.4,0.31,2.65
SMI_LAT_2,1/16/24,0.01,6.9,15.9,24.9,5.2,0.36,3.01
SMI_LAT_2,1/17/24,0.1,4.6,13,21.5,8.5,0.31,1.16
SMI_LAT_2,1/18/24,0,2.6,10.8,19,-2.1,0.61,2.22
SMI_LAT_2,1/19/24,0,11.3,17.3,23.3,11.5,0.27,2
SMI_LAT_2,1/20/24,0.02,4.5,14.6,24.8,8.6,0.24,1.17
SMI_LAT_2,1/21/24,0.03,4.5,10.2,15.9,4.9,0.31,1.2
SMI_LAT_2,1/22/24,0,4.3,13.8,23.4,7.7,0.23,2.01
SMI_LAT_2,1/23/24,0,3.4,18.3,33.3,14.1,0.2,3.76
SMI_LAT_2,1/24/24,0.24,30.3,32.8,35.3,30.7,0.06,1.32
SMI_LAT_2,1/25/24,0.5,33.5,37.5,41.5,36.2,0.05,0.91
SMI_LAT_2,1/26/24,0.72,36.9,41.3,45.6,40.6,0,0.5
SMI_LAT_2,1/27/24,0.03,32.9,40.4,47.9,38,0.13,1.2
SMI_LAT_2,1/28/24,0.06,33.1,36.3,39.5,35.7,0,0.96
SMI_LAT_2,1/29/24,0.62,28.5,32.7,37,32.1,0,0.46
SMI_LAT_2,1/30/24,0,25,28.4,31.9,25.8,0.23,0.96
SMI_LAT_2,1/31/24,0,24.7,27.3,30,25.1,0.39,0.91
SMI_LAT_2,2/1/24,0,28.8,32.5,36.2,28.8,0.51,1.79
SMI_LAT_2,2/2/24,0,31.7,33.7,35.8,32.3,0.06,1.17
SMI_LAT_2,2/3/24,0,26.6,31.6,36.6,27.7,0.1,1.54
SMI_LAT_2,2/4/24,0,18.1,26.5,35,21.1,0.15,2.7
SMI_LAT_2,2/5/24,0,17.9,29.5,41.1,21.8,0.17,4.98
SMI_LAT_2,2/6/24,0,14.1,26.6,39.1,17.8,0.24,4.31
SMI_LAT_2,2/7/24,0,13.5,26.9,40.4,16.9,0.17,5.08
SMI_LAT_2,2/8/24,0,16.8,30.8,44.7,23,0.2,6.03
SMI_LAT_2,2/9/24,0,23.9,38.6,53.3,24.8,0.25,9.68
SMI_LAT_2,2/10/24,0,34.7,45.7,56.6,33.7,0.79,8.77
SMI_LAT_2,2/11/24,0.01,33.4,45,56.6,35.9,0.61,6.37
SMI_LAT_2,2/12/24,0,29.8,33.2,36.6,26.3,0.92,2.31
SMI_LAT_2,2/13/24,0,24.7,30.7,36.7,24.6,0.19,3.07
SMI_LAT_2,2/14/24,0.06,17,27.8,38.6,19.5,0.43,4.55
SMI_LAT_2,2/15/24,0,9.8,18.2,26.5,9.9,0.25,2.49
SMI_LAT_2,2/16/24,0.11,9.6,22.5,35.4,19.1,0.19,3.89
SMI_LAT_2,2/17/24,0.09,19.6,25.8,32.1,18.7,0.23,2.96
SMI_LAT_2,2/18/24,0.03,8.7,19.2,29.8,11.2,0.33,2.53
SMI_LAT_2,2/19/24,0.03,16.4,22.3,28.3,13.4,0.72,2.32
SMI_LAT_2,2/20/24,0,0.8,15.2,29.6,2.6,0.26,3.85
SMI_LAT_2,2/21/24,0,0.3,19.8,39.3,10.5,0.24,5.75
SMI_LAT_2,2/22/24,0,12.5,27.9,43.2,21.1,0.24,5.46
SMI_LAT_2,2/23/24,0.07,28.4,33.4,38.4,31.2,0.08,1.96
SMI_LAT_2,2/24/24,0,15.2,32.9,50.5,29.9,0.13,5.57
SMI_LAT_2,2/25/24,0,6.6,15.9,25.2,3.2,0.29,3
SMI_LAT_2,2/26/24,0,9.2,25.4,41.6,14.4,0.36,6.38
SMI_LAT_2,2/27/24,0,26.3,41.5,56.8,27.6,0.15,10.57
SMI_LAT_2,2/28/24,0.08,35.9,50.5,65,42,0.87,13
SMI_LAT_2,2/29/24,0.28,19.8,38.7,57.7,32.6,0.48,2.91
SMI_LAT_2,3/1/24,0.1,11.1,19.4,27.8,10.9,0.26,2.44
SMI_LAT_2,3/2/24,0.03,13.7,30.5,47.2,21.1,0.31,7.59
SMI_LAT_2,3/3/24,0.52,35.8,40.7,45.5,40.2,0.02,0.96
SMI_LAT_2,3/4/24,0,35.1,41.2,47.4,40.8,0.01,1.84
SMI_LAT_2,3/5/24,0,37.7,50.6,63.5,43.8,0.09,8.85
SMI_LAT_2,3/6/24,0.15,43,47.4,51.9,44.4,0.09,2.43
SMI_LAT_2,3/7/24,0.93,39.3,46.3,53.3,45.5,0.07,1.53
SMI_LAT_2,3/8/24,0,25,37.6,50.2,33.2,0.08,4.77
SMI_LAT_2,3/9/24,0,26.2,42.6,59.1,26.1,0.16,12.48
SMI_LAT_2,3/10/24,1.08,32.3,38.1,43.8,33.8,0.03,4.34
SMI_LAT_2,3/11/24,0.12,24.6,31.1,37.6,26,0.22,1.86
SMI_LAT_2,3/12/24,0,25.4,32.7,40,20.5,0.55,5.17
SMI_LAT_2,3/13/24,0,27.4,42.3,57.3,29.4,0.21,10.16
SMI_LAT_2,3/14/24,0,31.1,49.7,68.4,36.6,0.19,15.43
SMI_LAT_2,3/15/24,0.27,33,49.5,66,37.7,0.11,15.93
SMI_LAT_2,3/16/24,0,32.1,39.8,47.6,37.5,0.05,2.5
SMI_LAT_2,3/17/24,0.06,37.1,45.5,53.9,31.1,0.59,9.13
SMI_LAT_2,3/18/24,0.02,28.7,37.4,46.2,28.5,0.36,5.94
SMI_LAT_2,3/19/24,0.03,25,31.2,37.4,20.5,0.72,4.1
SMI_LAT_2,3/20/24,0.03,25.2,31.6,38.1,25.3,0.34,4.18
SMI_LAT_2,3/21/24,0.13,19.3,30.2,41,21.2,0.22,3.72
SMI_LAT_2,3/22/24,0.06,15.7,22.7,29.7,11.5,0.76,3.32
SMI_LAT_2,3/23/24,0.91,18,25,32,16.4,0.17,3.24
SMI_LAT_2,3/24/24,0.23,11,22.4,33.9,20.5,0.12,0.88
SMI_LAT_2,3/25/24,0,12.8,24.7,36.7,15.7,0.22,4.38
SMI_LAT_2,3/26/24,0,20.3,35,49.7,24.6,0.34,6.78
SMI_LAT_2,3/27/24,0,30.7,44.7,58.8,38.8,1.13,6.76
SMI_LAT_2,3/28/24,0,36.7,45.6,54.6,39.1,1.01,4.35
SMI_LAT_2,3/29/24,0,27.3,34.8,42.2,25.7,0.63,4.35
SMI_LAT_2,3/30/24,0,28.4,35.6,42.9,23.1,0.75,5.41
SMI_LAT_2,3/31/24,0,31.5,41,50.5,24.9,1.37,8.47
SMI_LAT_2,4/1/24,0,28.1,40.1,52.1,29.1,0.26,8.08
SMI_LAT_2,4/2/24,0,31.3,43.2,55.2,33.1,0.45,7.26
SMI_LAT_2,4/3/24,0.28,38.3,41.3,44.2,37.2,0.4,3.56
SMI_LAT_2,4/4/24,0.83,31.7,36.8,42,33.8,0.08,1.78
SMI_LAT_2,4/5/24,0.12,30.4,33.7,37.1,30.9,0.13,1.57
SMI_LAT_2,4/6/24,0.02,31.5,35.1,38.7,32.2,0.29,2.02
SMI_LAT_2,4/7/24,0,29.6,37.5,45.4,30.2,0.24,4.39
SMI_LAT_2,4/8/24,0,24.9,41,57.1,26,0.19,11.94
SMI_LAT_2,4/9/24,0,31.3,47,62.7,29.1,0.4,15.26
SMI_LAT_2,4/10/24,0,41.6,58.8,76.1,36.9,1.86,24.27
SMI_LAT_2,4/11/24,0.14,49.7,55,60.4,51.2,0.18,7.02
SMI_LAT_2,4/12/24,0.47,52,57.6,63.3,55.5,0.22,5.06
SMI_LAT_2,4/13/24,0.28,36.6,49.7,62.9,43.7,0.48,6.21
SMI_LAT_2,4/14/24,0.17,31.7,37,42.3,34.5,0.14,2.01
SMI_LAT_2,4/15/24,0.05,36.9,45.3,53.7,41.9,0.06,4.78
SMI_LAT_2,4/16/24,0,31.4,45.3,59.3,35.7,0.19,9.83
SMI_LAT_2,4/17/24,0,30.3,46.6,63,29.9,0.39,14.22
SMI_LAT_2,4/18/24,0.45,39.4,51.5,63.6,43.5,0.27,13.04
SMI_LAT_2,4/19/24,0.07,42.4,46.4,50.4,44.4,0.2,1.59
SMI_LAT_2,4/20/24,0.05,42.9,48.2,53.6,44.4,0.48,3.7
SMI_LAT_2,4/21/24,0,32.4,43.8,55.1,28.4,1.32,9.36
SMI_LAT_2,4/22/24,0,29.1,36.5,43.9,24.9,0.69,5.28
SMI_LAT_2,4/23/24,0,27.9,41.5,55,24.4,0.48,10.95
SMI_LAT_2,4/24/24,0.06,41.8,54.5,67.1,34.1,0.65,17.29
SMI_LAT_2,4/25/24,0,22,37.6,53.2,30.7,0.43,4.38
SMI_LAT_2,4/26/24,0,22.5,37.8,53.2,17.9,0.46,11.04
SMI_LAT_2,4/27/24,0,33.4,48.1,62.9,21.4,2.02,17.13
SMI_LAT_2,4/28/24,0.07,46.1,52.8,59.5,37.7,0.73,12.48
SMI_LAT_2,4/29/24,0.11,49.1,58.9,68.7,57.7,0.04,8.2
SMI_LAT_2,4/30/24,0.05,52.6,65.7,78.8,57.1,0.05,16.5
SMI_LAT_2,5/1/24,0.12,48.1,64.3,80.4,55.8,0.04,18.93
SMI_LAT_2,5/2/24,0,50.2,62.2,74.2,50.7,0.25,16.93
SMI_LAT_2,5/3/24,0,40.2,55.5,70.7,44.8,0.05,15.57
SMI_LAT_2,5/4/24,0,50,62.9,75.7,47,1.49,19.2
SMI_LAT_2,5/5/24,0.23,47.2,57.4,67.5,45.2,0.61,12.42
SMI_LAT_2,5/6/24,0.1,46.3,50.1,54,49.9,0.23,1.58
SMI_LAT_2,5/7/24,0,35.5,53.4,71.3,42.5,0.16,18.11
SMI_LAT_2,5/8/24,0.29,45.1,60.5,75.9,44.2,0.24,22.46
SMI_LAT_2,5/9/24,0,47.7,62.4,77.1,49.1,0.5,22.02
SMI_LAT_2,5/10/24,0.12,46.1,53.7,61.3,44.7,0.07,9.16
SMI_LAT_2,5/11/24,0.2,45.6,50,54.4,47,0.03,3.37
SMI_LAT_2,5/12/24,0.06,44.2,52.3,60.4,44,0.46,8.34
SMI_LAT_2,5/13/24,0,42.8,49.4,56.1,43,0.29,5.92
SMI_LAT_2,5/14/24,0.02,47.7,56.2,64.7,50.6,0.49,7.83
SMI_LAT_2,5/15/24,0.25,56.5,67.7,78.8,54.3,0.22,19.81
SMI_LAT_2,5/16/24,0.09,51.6,58.3,65,56.8,0.03,4.62
SMI_LAT_2,5/17/24,0.01,48.5,58.6,68.7,54.2,0.04,8.63
SMI_LAT_2,5/18/24,0.03,54.5,63.9,73.2,54.2,0.25,13.33
SMI_LAT_2,5/19/24,0.03,55.6,59.6,63.6,57.8,0.12,3.4
SMI_LAT_2,5/20/24,0,51.6,66.2,80.7,56,0.16,21.51
SMI_LAT_2,5/21/24,0,57.1,71.4,85.7,60.1,0.15,24.88
SMI_LAT_2,5/22/24,0.01,56.4,71,85.5,58.9,0.64,23.87
SMI_LAT_2,5/23/24,0.01,58.5,73,87.5,60.7,0.12,26.93
SMI_LAT_2,5/24/24,0,45.8,61.7,77.7,50.9,0.15,20.22
SMI_LAT_2,5/25/24,0,43.7,61.1,78.6,47.1,0.16,22.4
SMI_LAT_2,5/26/24,0.21,53.4,67.9,82.4,55.4,0.08,24.43
SMI_LAT_2,5/27/24,0.08,57.7,68.9,80.1,58.8,0.28,20.83
SMI_LAT_2,5/28/24,0.53,56.5,66,75.4,62.2,0.1,10.08
SMI_LAT_2,5/29/24,0.02,51.4,60.3,69.2,54.3,0.07,9.29
SMI_LAT_2,5/30/24,0,42.3,54.7,67.1,45.3,0.37,12.45
SMI_LAT_2,5/31/24,0,36.9,51.4,66,40,0.07,12.85
SMI_LAT_2,6/1/24,0,40.2,55.7,71.1,40.1,0.29,18.69
SMI_LAT_2,6/2/24,0,44.9,62.1,79.3,43.2,0.5,26.74
SMI_LAT_2,6/3/24,0.09,54.8,66.5,78.3,56.1,0.23,20.15
SMI_LAT_2,6/4/24,0,55.1,66.3,77.5,59.5,0.09,14
SMI_LAT_2,6/5/24,0,57,71,85.1,59.4,0.49,25.1
SMI_LAT_2,6/6/24,0,65,74.6,84.3,65,0.49,18.77
SMI_LAT_2,6/7/24,1.23,52.6,65.2,77.9,61.5,0.13,10.05
SMI_LAT_2,6/8/24,0.11,51.9,61.5,71.1,53.5,0.21,10.72
SMI_LAT_2,6/9/24,0.61,51.6,60.7,69.8,51.5,0.16,11.61
SMI_LAT_2,6/10/24,0.23,50.9,58.5,66.2,51.8,0.24,8.76
SMI_LAT_2,6/11/24,0,51.4,55.8,60.2,50.5,0.52,5.23
SMI_LAT_2,6/12/24,0,51.4,56.3,61.3,52.4,0.2,5.18
SMI_LAT_2,6/13/24,0,48,57.8,67.5,51.7,0.06,9.06
SMI_LAT_2,6/14/24,0.04,59.4,72,84.5,58.6,1.36,23.9
SMI_LAT_2,6/15/24,0,50.3,65.3,80.3,53.5,0.24,22.21
SMI_LAT_2,6/16/24,0,41.1,57.2,73.4,46.1,0.13,16.61
SMI_LAT_2,6/17/24,0,52.9,66,79.1,52.2,1.62,23.32
SMI_LAT_2,6/18/24,0,66.2,77.7,89.3,65.1,1.62,25.33
SMI_LAT_2,6/19/24,0,70.2,80.8,91.5,70.5,1.12,24.01
SMI_LAT_2,6/20/24,0,69.3,80.7,92,71.5,0.78,23.65
SMI_LAT_2,6/21/24,0.02,64.4,77.1,89.8,68.6,0.07,21.21
SMI_LAT_2,6/22/24,0.18,65.4,75.8,86.1,69.5,0.09,16.14
SMI_LAT_2,6/23/24,0.61,67.3,76.9,86.5,69.4,0.29,18.52
SMI_LAT_2,6/24/24,0.06,59.4,72,84.6,66,1.37,15.03
SMI_LAT_2,6/25/24,0.12,52.3,61.5,70.8,54.9,0.26,9.95
SMI_LAT_2,6/26/24,0,64.1,73.3,82.6,56.8,4.09,25.43
SMI_LAT_2,6/27/24,0.2,56.1,69.8,83.4,59.8,0.07,24.37
SMI_LAT_2,6/28/24,0,42.6,55.9,69.2,49.6,0.12,11.46
SMI_LAT_2,6/29/24,0.29,53.1,64.5,75.8,49.5,0.62,21.23
SMI_LAT_2,6/30/24,0.89,59.2,66,72.9,67.1,0.44,4.01
SMI_LAT_2,7/1/24,0.04,55.3,69.3,83.3,59.3,0.59,16.51
SMI_LAT_2,7/2/24,0,46.8,60.1,73.4,52.3,0.04,13.27
SMI_LAT_2,7/3/24,0,55,67.9,80.8,54.9,0.44,22.53
SMI_LAT_2,7/4/24,0,65.5,74.2,82.8,60.9,3.86,19.45
SMI_LAT_2,7/5/24,0,66.1,76.9,87.6,67.3,0.44,21.76
SMI_LAT_2,7/6/24,0.01,69.2,77.3,85.4,70.6,0.37,15.62
SMI_LAT_2,7/7/24,0,59.8,74.5,89.2,65.6,0.24,24.96
SMI_LAT_2,7/8/24,0,59.7,72.5,85.4,62.7,0.17,22.57
SMI_LAT_2,7/9/24,0,63.6,76.4,89.3,64.9,0.27,27.84
SMI_LAT_2,7/10/24,0,66.6,78.5,90.3,67.8,0.47,27.09
SMI_LAT_2,7/11/24,0.62,68.1,79.1,90.1,72,0.21,20.8
SMI_LAT_2,7/12/24,0.08,64.3,70.6,76.8,66.3,0.07,8.85
SMI_LAT_2,7/13/24,0,62.6,73.1,83.5,65.4,0.15,17.61
SMI_LAT_2,7/14/24,0,57.1,71.2,85.4,63.8,0.08,20.79
SMI_LAT_2,7/15/24,0,61,74.6,88.2,62.9,0,30.26
SMI_LAT_2,7/16/24,0.53,64.3,77,89.8,68,0.28,23.41
SMI_LAT_2,7/17/24,0.18,63.1,75.8,88.4,67.5,0.13,18.57
SMI_LAT_2,7/18/24,0.14,59,71.5,83.9,66.7,0.05,15.45
SMI_LAT_2,7/19/24,0,50.7,63.3,75.8,55.2,0.04,15.06
SMI_LAT_2,7/20/24,0,52.8,65.3,77.8,55.7,0.07,17.2
SMI_LAT_2,7/21/24,0,52.3,67.7,83.1,57,0.16,23.76
SMI_LAT_2,7/22/24,0,56.3,69.3,82.3,60.1,0.21,19.74
SMI_LAT_2,7/23/24,0.48,62.2,73.8,85.5,64.3,0.12,22.98
SMI_LAT_2,7/24/24,1.39,61.9,71.3,80.8,64.8,0.03,15.11
SMI_LAT_2,7/25/24,0.8,62.2,71,79.9,66.4,0.1,9.56
SMI_LAT_2,7/26/24,0,51.9,63.9,76,55.4,0.18,16.24
SMI_LAT_2,7/27/24,0,48.1,62.8,77.5,52.3,0.12,19.21
SMI_LAT_2,7/28/24,0,52.7,67.4,82.1,56.5,0.08,22.35
SMI_LAT_2,7/29/24,0,57,70.8,84.6,59.7,0.17,24.21
SMI_LAT_2,7/30/24,0,60.3,73,85.7,61.7,0.43,25.48
SMI_LAT_2,7/31/24,0.02,68.9,77.7,86.5,68.7,0.97,18.52
SMI_LAT_2,8/1/24,0.16,62.5,72,81.5,67.6,0.07,11.34
SMI_LAT_2,8/2/24,0,63.7,76.2,88.7,66.9,0.13,23.96
SMI_LAT_2,8/3/24,0.98,65.8,76.2,86.5,68.2,0.12,17.44
SMI_LAT_2,8/4/24,0.17,67.8,75.2,82.6,69.2,0.14,14.16
SMI_LAT_2,8/5/24,0.02,58.7,73,87.3,64.8,0.11,21.36
SMI_LAT_2,8/6/24,0.3,63.2,73.4,83.7,67,0.08,16.89
SMI_LAT_2,8/7/24,0.05,57.2,65,72.8,62.4,0.31,5.89
SMI_LAT_2,8/8/24,0.04,59.8,67.3,74.8,59.7,0.6,12.05
SMI_LAT_2,8/9/24,0.75,61.4,65.4,69.3,64.5,0.22,3.94
SMI_LAT_2,8/10/24,1.72,59.2,68.5,77.9,67.2,0.13,7.89
SMI_LAT_2,8/11/24,0,50.9,64.1,77.3,55.3,0.11,16.38
SMI_LAT_2,8/12/24,0.03,51.8,63,74.1,55.5,0.12,13.28
SMI_LAT_2,8/13/24,0.07,52.2,61.1,69.9,55.5,0.06,9.77
SMI_LAT_2,8/14/24,0,52.6,64.7,76.7,56.9,0.07,14.41
SMI_LAT_2,8/15/24,0,53.3,67.2,81,58.3,0.05,18.56
SMI_LAT_2,8/16/24,0,53.8,68,82.2,59.2,0.14,18.87
SMI_LAT_2,8/17/24,0.07,57,70.5,84,61.7,0.2,22.07
SMI_LAT_2,8/18/24,0.27,65.5,70.6,75.7,64.4,0.81,8.22
SMI_LAT_2,8/19/24,2.25,64.4,69.5,74.6,66.7,0.11,5.38
SMI_LAT_2,8/20/24,0.1,49.8,61.5,73.1,56.6,0.22,5.55
SMI_LAT_2,8/21/24,0.03,44.7,53.3,62,47.7,0.04,7.51
SMI_LAT_2,8/22/24,0.12,48.5,56.6,64.7,51.5,0.01,7.43
SMI_LAT_2,8/23/24,0,46.4,59.2,71.9,51.4,0.02,13.4
SMI_LAT_2,8/24/24,0,50.9,64,77,54.3,0.16,17.11
SMI_LAT_2,8/25/24,0,54,67.2,80.3,56.4,0.13,20.52
SMI_LAT_2,8/26/24,0,53.4,67.6,81.9,57.9,0.06,20.2
SMI_LAT_2,8/27/24,0,55.5,68.6,81.8,59.9,0.1,18.11
SMI_LAT_2,8/28/24,0,57.2,70.1,83,63.1,0.07,21.64
SMI_LAT_2,8/29/24,0,60.1,70.2,80.3,66.1,0.33,10.55
SMI_LAT_2,8/30/24,0.11,60.2,65.2,70.2,62.3,0.44,5.38
SMI_LAT_2,8/31/24,0,62.2,66,69.9,61.6,0.32,5.62
SMI_LAT_2,9/1/24,0.11,61.9,65.6,69.3,65.1,0.38,2.45
SMI_LAT_2,9/2/24,0.09,51.2,66.7,82.2,58.4,0.19,20.33
SMI_LAT_2,9/3/24,0,39.4,53.1,66.8,46.4,0,11.16
SMI_LAT_2,9/4/24,0,42.6,57,71.3,47.5,0,15.15
SMI_LAT_2,9/5/24,0,45.3,60.5,75.7,50.7,0,17.27
SMI_LAT_2,9/6/24,0,49.6,63.7,77.9,52.1,0.3,19.83
SMI_LAT_2,9/7/24,0,55,66.2,77.5,57.7,0.64,17.08
SMI_LAT_2,9/8/24,0.56,43.4,54.3,65.3,51.2,0.14,6.35
SMI_LAT_2,9/9/24,0,45,54.7,64.4,43.1,0.42,12.59
SMI_LAT_2,9/10/24,0.33,50.7,60,69.4,53.8,0.21,11.21
SMI_LAT_2,9/11/24,0,40.8,55.3,69.7,46.9,0,15.23
SMI_LAT_2,9/12/24,0,43.3,60.1,76.8,52,0,17.5
SMI_LAT_2,9/13/24,0,50.9,65.8,80.7,57.1,0.05,19.01
SMI_LAT_2,9/14/24,0,52.5,66.7,81,58.4,0.11,18.43
SMI_LAT_2,9/15/24,0,52.3,67.7,83.1,58.1,0.07,23.5
SMI_LAT_2,9/16/24,0,52.5,68.3,84.1,58.7,0.1,23.5
SMI_LAT_2,9/17/24,0,50,66,82,56.7,0.04,21.14
SMI_LAT_2,9/18/24,0,48.7,64.8,80.8,54,0.05,22.88
SMI_LAT_2,9/19/24,0,50.1,62.9,75.7,56.1,0.03,15.26
SMI_LAT_2,9/20/24,0,51,67.2,83.3,57,0.11,23.45
SMI_LAT_2,9/21/24,0,51.3,65.9,80.5,56.6,0.03,19.71
SMI_LAT_2,9/22/24,0,51.4,65.2,79,57.2,0.12,16.59
SMI_LAT_2,9/23/24,0,55.1,66.7,78.3,57,0.19,15.12
SMI_LAT_2,9/24/24,0,54.3,56.9,59.6,52.9,1.19,3.47
SMI_LAT_2,9/25/24,0.01,55,59.8,64.6,51.9,1.58,6.83
SMI_LAT_2,9/26/24,0.32,56.2,59.2,62.2,56.7,0.34,3.74
SMI_LAT_2,9/27/24,0.15,54.8,60.8,66.8,60.2,0.18,2.54
SMI_LAT_2,9/28/24,0,53.6,63.8,74,56.1,0.16,15.15
SMI_LAT_2,9/29/24,0.01,58,67.6,77.2,60.9,0.29,13.28
SMI_LAT_2,9/30/24,0.01,55.4,60.4,65.4,59,0.13,3.43
SMI_LAT_2,10/1/24,0,50.4,62.8,75.2,55.8,0.03,13.8
SMI_LAT_2,10/2/24,0,49.9,60.8,71.8,52.3,0.05,13.21
SMI_LAT_2,10/3/24,0.17,47,53.2,59.4,53.1,0.06,2.15
SMI_LAT_2,10/4/24,0,44.7,56.4,68.2,49.5,0,10.65
SMI_LAT_2,10/5/24,0.05,45.5,60.4,75.2,53,0,17.98
SMI_LAT_2,10/6/24,0,37.5,52.6,67.6,44.8,0,13.52
SMI_LAT_2,10/7/24,0.05,39.3,55.5,71.7,49.3,0.01,15.68
SMI_LAT_2,10/8/24,0.02,37.6,49,60.5,44.7,0.02,6.89
SMI_LAT_2,10/9/24,0.03,35,48.3,61.7,41.1,0,10.26
SMI_LAT_2,10/10/24,0.19,36,47.5,58.9,39.7,0.02,9.56
SMI_LAT_2,10/11/24,0.02,33.7,41.1,48.6,37.4,0.04,3.87
SMI_LAT_2,10/12/24,0,36.4,50.5,64.6,43.9,0.05,11.52
SMI_LAT_2,10/13/24,0.21,32.4,47,61.7,36.5,0.04,12.56
SMI_LAT_2,10/14/24,0.39,39.5,41.8,44.2,42.2,0.03,0.81
SMI_LAT_2,10/15/24,0.16,36.2,42.2,48.2,39.2,0.03,1.38
SMI_LAT_2,10/16/24,0.19,35,42,49,36.6,0.02,4.54
SMI_LAT_2,10/17/24,0.08,29.5,38.1,46.6,34.7,0,3.24
SMI_LAT_2,10/18/24,0,28.8,42.5,56.1,34,0,8.67
SMI_LAT_2,10/19/24,0,29.6,46.6,63.7,35.1,0.03,13.43
SMI_LAT_2,10/20/24,0,29.7,49.3,68.9,36.4,0,16.31
SMI_LAT_2,10/21/24,0,32.3,52.2,72.1,38.5,0.15,19.88
SMI_LAT_2,10/22/24,0,42,60.4,78.9,47.7,0.17,21.3
SMI_LAT_2,10/23/24,0,45.4,62.2,79,47.3,0.48,22.09
SMI_LAT_2,10/24/24,0.05,45.7,60.8,76,47.5,0.35,19.84
SMI_LAT_2,10/25/24,0,27.5,41.3,55.1,33.9,0.01,7.56
SMI_LAT_2,10/26/24,0,28,42.6,57.3,38.2,0.04,9.36
SMI_LAT_2,10/27/24,0,25.9,40.7,55.5,31.6,0.05,10.08
SMI_LAT_2,10/28/24,0,26.8,39.4,51.9,28.9,0.13,7.99
SMI_LAT_2,10/29/24,0,31.2,44.4,57.7,31.6,0.17,10.09
SMI_LAT_2,10/30/24,0.11,40.6,49,57.3,43.9,0.7,7.18
SMI_LAT_2,10/31/24,0,45.3,60.6,75.9,50.9,0.09,16.28
SMI_LAT_2,11/1/24,0.02,45.7,61.4,77.2,54.4,0.16,17.74
SMI_LAT_2,11/2/24,0.02,39.6,53.2,66.8,40.5,0.74,9.95
SMI_LAT_2,11/3/24,0.02,23.6,33.8,44.1,30.9,0.05,3.05
SMI_LAT_2,11/4/24,0,24.7,38.1,51.5,25,0.08,9.25
SMI_LAT_2,11/5/24,0,36.3,44.4,52.5,36.1,2.02,7.07
SMI_LAT_2,11/6/24,0,50.7,62.7,74.6,52.3,2.05,15.64
SMI_LAT_2,11/7/24,0,47.8,58.8,69.8,55,0.1,7.7
SMI_LAT_2,11/8/24,0,30.6,43.2,55.9,37.4,0.04,6.63
SMI_LAT_2,11/9/24,0.02,29.4,44,58.5,32.6,0.31,9.37
SMI_LAT_2,11/10/24,0,24,36,48,23.1,0.22,7.55
SMI_LAT_2,11/11/24,0.17,33.6,43.6,53.5,37.2,0.27,9
SMI_LAT_2,11/12/24,0.15,35.2,44.5,53.8,42.7,0.31,3.9
SMI_LAT_2,11/13/24,0,20.2,30.9,41.6,25,0.13,4.02
SMI_LAT_2,11/14/24,0,19.4,33.1,46.9,19.5,0.19,7.48
SMI_LAT_2,11/15/24,0,21.7,31.6,41.5,20.4,0.23,5.51
SMI_LAT_2,11/16/24,0,27.8,40.9,54,29.4,0.24,8.24
SMI_LAT_2,11/17/24,0,28.2,40.8,53.4,30.9,0.05,8.76
SMI_LAT_2,11/18/24,0.02,31.3,42.1,52.8,35,0.1,7.45
SMI_LAT_2,11/19/24,0,28.7,42.8,56.9,36.1,0.08,7.94
SMI_LAT_2,11/20/24,0,29.1,41.3,53.5,36.5,0.08,6.92
SMI_LAT_2,11/21/24,0.53,34.4,44.8,55.2,42,0.09,5.14
SMI_LAT_2,11/22/24,1.02,31.8,34.8,37.7,33.7,0.01,0.5
SMI_LAT_2,11/23/24,0.1,31.9,35.7,39.5,33.2,0.05,1.29
SMI_LAT_2,11/24/24,0.16,35.1,38.8,42.6,35.5,0.08,2.38
SMI_LAT_2,11/25/24,0.05,28.1,34.3,40.5,31.4,0.18,2.68
SMI_LAT_2,11/26/24,0.33,28.1,37.4,46.6,32.9,0.08,5.24
SMI_LAT_2,11/27/24,0.11,34.4,41.5,48.5,34.2,0.1,3.4
SMI_LAT_2,11/28/24,0.26,31,37.4,43.7,27.3,0.06,5.52
SMI_LAT_2,11/29/24,0.54,30.4,32.8,35.2,31.1,0.01,1.4
SMI_LAT_2,11/30/24,0.02,21.5,28.9,36.2,23,0.41,2.42
SMI_LAT_2,12/1/24,0,17,24.2,31.4,16.9,0.51,2.56
SMI_LAT_2,12/2/24,0,18.1,24.7,31.3,16.6,0.42,2.84
SMI_LAT_2,12/3/24,0.03,21.6,27.7,33.9,22.6,0.12,2.93
SMI_LAT_2,12/4/24,0.13,9.2,21.3,33.5,17.5,0.09,2.28
SMI_LAT_2,12/5/24,0.1,18.5,24.7,30.9,22.5,0.14,2.21
SMI_LAT_2,12/6/24,0.13,18.7,25.9,33.2,22.5,0.15,2.1
SMI_LAT_2,12/7/24,0.01,16.9,22.1,27.3,15.6,0.5,2.29
SMI_LAT_2,12/8/24,0.09,24.6,29.3,34,23,0.24,2.56
SMI_LAT_2,12/9/24,0,30.3,35.6,40.9,30.7,0.06,3.14
SMI_LAT_2,12/10/24,0.39,29.6,34.8,40,37,0,1.5
SMI_LAT_2,12/11/24,0.16,36.4,41.5,46.7,43.2,0,0.53
SMI_LAT_2,12/12/24,0.9,27.8,37.2,46.7,34.8,0,1.76
SMI_LAT_2,12/13/24,0,12.7,21.5,30.3,10,0.58,2.74
SMI_LAT_2,12/14/24,0,7.6,17.7,27.7,8.3,0.2,3.02
SMI_LAT_2,12/15/24,0,7.3,19,30.7,12,0.17,2.9
SMI_LAT_2,12/16/24,0.18,18.2,25.7,33.1,25,0.1,2.45
SMI_LAT_2,12/17/24,0.15,32.9,38.3,43.7,38.1,0.06,1.14
SMI_LAT_2,12/18/24,0,32.5,40.6,48.7,34.8,0.19,4.03
SMI_LAT_2,12/19/24,0.29,30.5,35.5,40.5,32.3,0.03,2.14
SMI_LAT_2,12/20/24,0,24.8,28.7,32.5,24,0.19,1.8
SMI_LAT_2,12/21/24,0.19,13.8,21.6,29.5,22.3,0.06,0.93
SMI_LAT_2,12/22/24,0,-5.8,6.2,18.3,5.2,0.19,1.02
SMI_LAT_2,12/23/24,0,-11.1,0,11,-7.4,0.17,1.11
SMI_LAT_2,12/24/24,0.15,-4.6,9.4,23.4,9.8,0.13,1.74
SMI_LAT_2,12/25/24,0,21.8,26.8,31.8,24.9,0.09,1.02
SMI_LAT_2,12/26/24,0,0.9,16.1,31.2,11.5,0.06,2.59
SMI_LAT_2,12/27/24,0,1.7,15.9,30.1,9.3,0.13,2.38
SMI_LAT_2,12/28/24,0,9.1,23.7,38.3,24.5,0.19,3.19
SMI_LAT_2,12/29/24,0.02,35.2,39.7,44.2,38.6,0,1.19
SMI_LAT_2,12/30/24,0.1,35.6,46.2,56.8,47.9,0.01,2.97
SMI_LAT_2,12/31/24,0,32.2,40.2,48.2,34.3,0.41,4.41
,,,,,,,,
SMI_MCC,1/1/24,0,21.3,25.5,29.6,21.3,0.19,1.64
SMI_MCC,1/2/24,0,20,23.7,27.3,16.8,0.62,1.57
SMI_MCC,1/3/24,0,24.6,28.5,32.5,22.5,0.75,1.95
SMI_MCC,1/4/24,0.05,27.8,29.6,31.4,26.7,0.29,1
SMI_MCC,1/5/24,0.02,12.2,19.5,26.7,11.6,0.46,1.42
SMI_MCC,1/6/24,0.02,15.7,20.7,25.7,17.3,0.51,1.26
SMI_MCC,1/7/24,0.45,23.7,25.5,27.4,20.6,0.47,1.36
SMI_MCC,1/8/24,0.28,18.9,23.2,27.6,21.3,0.18,1.03
SMI_MCC,1/9/24,0,21.3,25.1,28.9,21.3,0.3,1.25
SMI_MCC,1/10/24,0.81,24.9,32.8,40.6,30.5,0.24,1.59
SMI_MCC,1/11/24,0.06,28.5,33.4,38.4,27,0.31,2.49
SMI_MCC,1/12/24,0.13,27.7,30.2,32.7,26.9,0.25,1.45
SMI_MCC,1/13/24,0.24,26.6,30.7,34.7,27.8,0.19,1.93
SMI_MCC,1/14/24,0.28,23.5,30.6,37.7,24.2,0.16,2.08
SMI_MCC,1/15/24,0.05,10.7,17.1,23.5,7.5,0.6,1.68
SMI_MCC,1/16/24,0,7.4,12.6,17.8,5.5,0.36,1.48
SMI_MCC,1/17/24,0.11,8.4,13.3,18.3,9.2,0.39,0.81
SMI_MCC,1/18/24,0,7.4,11.4,15.3,0,0.61,1.55
SMI_MCC,1/19/24,0.01,12.4,16.4,20.4,11,0.35,1.45
SMI_MCC,1/20/24,0,-2.4,7.6,17.6,2.8,0.23,1.06
SMI_MCC,1/21/24,0,-2.1,3.7,9.4,-0.6,0.24,0.8
SMI_MCC,1/22/24,0,0.6,9.8,19,3.5,0.27,1.53
SMI_MCC,1/23/24,0,15.4,22.5,29.6,16.9,0.52,2.77
SMI_MCC,1/24/24,0.29,27.8,29.4,31,26.8,0.2,1.11
SMI_MCC,1/25/24,0.74,31,31.8,32.7,31.8,0.1,0.53
SMI_MCC,1/26/24,0.82,31.9,34,36.2,35.3,0,0
SMI_MCC,1/27/24,0.23,31.1,34.4,37.7,33.6,0.13,0.79
SMI_MCC,1/28/24,0.01,30.5,32.2,34,32.2,0,0.33
SMI_MCC,1/29/24,0.55,27.9,31.2,34.5,29.6,0.16,0.75
SMI_MCC,1/30/24,0,24.4,27.3,30.1,22.3,0.5,1.41
SMI_MCC,1/31/24,0,24.5,26,27.6,22.6,0.53,0.96
SMI_MCC,2/1/24,0,27.5,30.6,33.6,27.8,0.35,1.43
SMI_MCC,2/2/24,0.04,30.4,32.1,33.7,31.1,0.04,0.91
SMI_MCC,2/3/24,0,23.6,28.9,34.1,24.2,0.26,1.58
SMI_MCC,2/4/24,0,16.3,24.3,32.3,17.3,0.33,2.66
SMI_MCC,2/5/24,0,16.8,26.3,35.9,18.8,0.29,3.56
SMI_MCC,2/6/24,0,13,24.4,35.8,12.4,0.45,4.35
SMI_MCC,2/7/24,0,13.7,25.1,36.5,15.7,0.31,4.02
SMI_MCC,2/8/24,0,16.6,27.1,37.5,20.2,0.36,3.92
SMI_MCC,2/9/24,0,25.9,34.6,43.3,22.6,1.07,5.54
SMI_MCC,2/10/24,0,32,39,46,31.9,0.67,4.95
SMI_MCC,2/11/24,0.22,30.5,40.7,50.8,35.1,0.18,4.07
SMI_MCC,2/12/24,0,29.3,31.9,34.5,24.9,1.02,2.03
SMI_MCC,2/13/24,0,26.6,29.8,32.9,24.2,0.56,1.97
SMI_MCC,2/14/24,0.05,11.7,23.7,35.6,17.4,0.14,3.71
SMI_MCC,2/15/24,0,7.1,16.3,25.4,5.6,0.33,2.72
SMI_MCC,2/16/24,0.4,7.4,18,28.5,15.3,0.25,2.52
SMI_MCC,2/17/24,0.08,18,22.9,27.9,15.4,0.24,2.17
SMI_MCC,2/18/24,0.05,11.6,17.7,23.8,9.2,0.38,1.96
SMI_MCC,2/19/24,0.02,9.3,15.9,22.6,12.2,0.43,1.43
SMI_MCC,2/20/24,0,-1.5,10.7,22.9,0.6,0.19,2.55
SMI_MCC,2/21/24,0,0.7,16.5,32.2,8.9,0.28,3.6
SMI_MCC,2/22/24,0,16.7,27.1,37.6,18,0.78,4.1
SMI_MCC,2/23/24,0.18,26.1,29.7,33.3,30,0.01,1.05
SMI_MCC,2/24/24,0,11.6,25.8,40,26.7,0.1,2.26
SMI_MCC,2/25/24,0,2.6,11.9,21.3,2.1,0.18,2.29
SMI_MCC,2/26/24,0,3.7,19.9,36,14.3,0.05,4.42
SMI_MCC,2/27/24,0,27.2,37.3,47.4,25.4,0.86,6.21
SMI_MCC,2/28/24,0.11,37.1,48.6,60.2,39.3,0.95,10.55
SMI_MCC,2/29/24,0.36,14.4,33,51.6,30.7,0.33,2.13
SMI_MCC,3/1/24,0.04,13.9,17.4,21,9.6,0.32,1.76
SMI_MCC,3/2/24,0.02,15,28.5,42.1,19.9,0.33,5.67
SMI_MCC,3/3/24,0.6,33,36.9,40.8,37.9,0.01,0.53
SMI_MCC,3/4/24,0,38.5,43.1,47.8,41.5,0.01,1.97
SMI_MCC,3/5/24,0,40,48,56,42.6,0.23,5.21
SMI_MCC,3/6/24,0.26,40.7,42.5,44.3,41.9,0.04,0.94
SMI_MCC,3/7/24,1.14,39.4,43.7,48.1,43.3,0.12,0.75
SMI_MCC,3/8/24,0,24.5,38.1,51.6,31.3,0.08,6.73
SMI_MCC,3/9/24,0,26.3,38.4,50.5,24.7,0.32,8.16
SMI_MCC,3/10/24,1.09,30.7,34,37.3,31.4,0.02,2.06
SMI_MCC,3/11/24,0.08,22.9,29,35.1,25.1,0.1,1.57
SMI_MCC,3/12/24,0,26.1,30.7,35.4,20.8,0.76,3.6
SMI_MCC,3/13/24,0,27.9,39.7,51.5,24.6,0.61,8.41
SMI_MCC,3/14/24,0,30.4,46.3,62.1,34.6,0.35,11.18
SMI_MCC,3/15/24,0.35,33.4,46.5,59.6,35.4,0.13,12.1
SMI_MCC,3/16/24,0,34.5,41.7,48.8,37.4,0.09,3.95
SMI_MCC,3/17/24,0.05,35.8,42.2,48.6,31.7,0.23,6.43
SMI_MCC,3/18/24,0.07,27.7,34.5,41.3,27.9,0.24,4.22
SMI_MCC,3/19/24,0.03,22.9,27.7,32.5,22.3,0.4,2.23
SMI_MCC,3/20/24,0.07,23.4,28.9,34.4,25.1,0.24,2.75
SMI_MCC,3/21/24,0.11,16.7,27.6,38.4,19.1,0.26,3.76
SMI_MCC,3/22/24,0,9.6,17.1,24.5,7.9,0.53,2.33
SMI_MCC,3/23/24,0.8,11.4,18.6,25.8,13.3,0.12,2.88
SMI_MCC,3/24/24,0.34,9.1,19.8,30.5,18.9,0.15,0.84
SMI_MCC,3/25/24,0,10.3,20.9,31.5,12.3,0.26,3.55
SMI_MCC,3/26/24,0,21,31.3,41.6,17.3,1.24,5.35
SMI_MCC,3/27/24,0,30.6,41.1,51.6,33.2,0.65,5.83
SMI_MCC,3/28/24,0.01,35.1,41.6,48.1,37.1,0.33,2.75
SMI_MCC,3/29/24,0,29.8,34.9,40,25.9,0.97,3.42
SMI_MCC,3/30/24,0,29.8,35.7,41.5,22.5,1.16,4.98
SMI_MCC,3/31/24,0,31.2,38.4,45.6,23.9,1.13,6.08
SMI_MCC,4/1/24,0,27.3,36.7,46.2,27.2,0.43,5.46
SMI_MCC,4/2/24,0,31.3,43.3,55.2,29.5,0.88,8.17
SMI_MCC,4/3/24,0.1,35.3,39.8,44.2,33.5,0.36,4.46
SMI_MCC,4/4/24,1.05,30.1,34,37.9,31.6,0.05,1.27
SMI_MCC,4/5/24,0.22,28.4,31.7,34.9,28.9,0.08,1.7
SMI_MCC,4/6/24,0.03,29.9,33.7,37.5,30.6,0.28,1.98
SMI_MCC,4/7/24,0,30.4,36.6,42.7,29,0.46,3.74
SMI_MCC,4/8/24,0,26.7,41,55.3,23.4,0.63,11.25
SMI_MCC,4/9/24,0,32.6,46.7,60.8,26.8,1.16,14.05
SMI_MCC,4/10/24,0.06,42.4,56.6,70.9,37.2,2.31,18.97
SMI_MCC,4/11/24,0.16,48.3,53.8,59.4,48.6,0.24,6.79
SMI_MCC,4/12/24,0.4,47.2,54,60.9,53.5,0.07,3.19
SMI_MCC,4/13/24,1.08,35.2,48.9,62.5,45.2,0.23,4.2
SMI_MCC,4/14/24,0.2,32.6,37,41.4,33.6,0.31,2.43
SMI_MCC,4/15/24,0.24,34.7,40.4,46,39.3,0.01,3.08
SMI_MCC,4/16/24,0,31,42.6,54.2,33.2,0.17,8.06
SMI_MCC,4/17/24,0,31.2,45.4,59.5,29.1,0.7,12.13
SMI_MCC,4/18/24,0.78,40.4,50.2,60,39.6,0.2,11.18
SMI_MCC,4/19/24,0.44,38.5,41,43.6,40.1,0.05,0.87
SMI_MCC,4/20/24,0.21,39.3,46.6,53.9,43.5,0.2,4.31
SMI_MCC,4/21/24,0,29.6,41.7,53.7,27.9,0.74,8.69
SMI_MCC,4/22/24,0,30.3,36.5,42.7,25.2,0.98,4.85
SMI_MCC,4/23/24,0,28,39.4,50.9,19.2,1.03,9.26
SMI_MCC,4/24/24,0.07,39.7,53.3,66.9,32.8,0.44,17.43
SMI_MCC,4/25/24,0.11,23.1,36.4,49.8,28.1,0.52,3.93
SMI_MCC,4/26/24,0,24,37.8,51.5,17.3,0.65,10
SMI_MCC,4/27/24,0,33.5,46.2,58.8,18.8,2.32,14
SMI_MCC,4/28/24,0.11,44,53.8,63.6,37.3,0.46,14.15
SMI_MCC,4/29/24,0.26,49.9,59.9,69.8,56.7,0.35,9.37
SMI_MCC,4/30/24,0.21,48.1,55.2,62.3,50.1,0.23,5.45
SMI_MCC,5/1/24,0.31,50.1,58.6,67.1,53.4,0.15,6.87
SMI_MCC,5/2/24,0,49.7,59.1,68.4,50.6,0.2,11.15
SMI_MCC,5/3/24,0,43,54.6,66.3,44.8,0.26,12.04
SMI_MCC,5/4/24,0,50.2,59.6,69,46.4,1.79,13.08
SMI_MCC,5/5/24,0.4,46,55.5,65,45.6,0.33,10.37
SMI_MCC,5/6/24,0.51,46.1,48.8,51.5,48.9,0,0.61
SMI_MCC,5/7/24,0,38.4,53.8,69.3,41,0.22,16.17
SMI_MCC,5/8/24,0.34,48.5,60.4,72.3,42.3,0.31,18.7
SMI_MCC,5/9/24,0.22,45.8,59.3,72.9,49,0.25,16.97
SMI_MCC,5/10/24,0.02,46.6,54.5,62.4,42,0.9,10.45
SMI_MCC,5/11/24,0.18,45.4,50.1,54.7,45.6,0.11,4.78
SMI_MCC,5/12/24,0.08,43.9,52.1,60.2,44.1,0.21,8.46
SMI_MCC,5/13/24,0.02,36.4,46.1,55.7,41.5,0.07,5.98
SMI_MCC,5/14/24,0.11,46.5,56.4,66.3,49.5,0.3,10.48
SMI_MCC,5/15/24,0.37,54.9,67,79.1,53.9,0.18,21.01
SMI_MCC,5/16/24,0.65,49.8,55.8,61.8,56.6,0,2.4
SMI_MCC,5/17/24,0,48.9,58.8,68.6,54.2,0.08,8.84
SMI_MCC,5/18/24,0.04,54.5,63.8,73,52.7,0.8,14.28
SMI_MCC,5/19/24,0,53,61.6,70.3,53.2,0.67,11.4
SMI_MCC,5/20/24,0,53.2,65.5,77.7,54.9,0.41,17.66
SMI_MCC,5/21/24,0,57.8,70.1,82.3,58.4,0.69,21.68
SMI_MCC,5/22/24,0.03,59.2,70.7,82.3,60.9,0.79,18.55
SMI_MCC,5/23/24,0.13,60.5,73.7,86.8,60.3,0.27,27.74
SMI_MCC,5/24/24,0,47.1,60.3,73.5,50.9,0.34,16.36
SMI_MCC,5/25/24,0,44.3,59.5,74.7,45.5,0.42,18.25
SMI_MCC,5/26/24,0.06,53.8,65.1,76.4,53.9,0.12,18.52
SMI_MCC,5/27/24,0.02,60.9,70.1,79.3,57.6,1.16,20.02
SMI_MCC,5/28/24,0.51,56.3,66.8,77.2,61.4,0.24,12.87
SMI_MCC,5/29/24,0.1,51.4,58.7,66.1,54.3,0.18,6.5
SMI_MCC,5/30/24,0,43.6,55.4,67.2,44.2,0.74,13.41
SMI_MCC,5/31/24,0,41,53.9,66.7,39.8,0.74,14.28
SMI_MCC,6/1/24,0,46.3,57.9,69.5,40.6,1.71,17.56
SMI_MCC,6/2/24,0,44.9,60.5,76,44.3,0.49,21.73
SMI_MCC,6/3/24,0,55.9,66.9,77.9,52.7,0.91,21.5
SMI_MCC,6/4/24,0,54.5,67,79.5,55.9,0.34,20.13
SMI_MCC,6/5/24,0,58.6,71.2,83.8,58.5,1.37,23.87
SMI_MCC,6/6/24,0,64.2,74.6,85,62.3,0.65,23.72
SMI_MCC,6/7/24,0.67,53.9,64.5,75.1,61.7,0.11,7.32
SMI_MCC,6/8/24,0.48,52.9,61.4,69.9,53.9,0.38,10.45
SMI_MCC,6/9/24,0.49,51.8,58.8,65.9,51.1,0.14,8.06
SMI_MCC,6/10/24,0.21,51.7,58.2,64.8,50.8,0.28,8.8
SMI_MCC,6/11/24,0.02,50.8,54.4,57.9,50.1,0.28,3.68
SMI_MCC,6/12/24,0,47.8,54.6,61.3,50.6,0.09,5.75
SMI_MCC,6/13/24,0,46,55.2,64.4,50.2,0.06,7.93
SMI_MCC,6/14/24,0.2,58.5,70.5,82.5,58.2,0.74,21.4
SMI_MCC,6/15/24,0,51,63.5,76.1,54.1,0.4,16.9
SMI_MCC,6/16/24,0,41.2,56.8,72.5,44.5,0.23,16.44
SMI_MCC,6/17/24,0,53.4,63.5,73.6,48.4,2.02,17.14
SMI_MCC,6/18/24,0,64.5,75.5,86.5,64.8,1.35,21.45
SMI_MCC,6/19/24,0,70,80.1,90.2,69.7,1.23,22.94
SMI_MCC,6/20/24,0.01,68,78.2,88.4,70.7,0.7,18.26
SMI_MCC,6/21/24,0,63.4,75.7,88,67.6,0.27,19.28
SMI_MCC,6/22/24,0.37,67.2,76.1,84.9,68.6,0.17,16.06
SMI_MCC,6/23/24,1.84,67.6,74.6,81.6,69.1,0.27,11.43
SMI_MCC,6/24/24,0.29,58.7,71.2,83.7,65.2,0.72,14.81
SMI_MCC,6/25/24,0.1,53.9,60.6,67.3,56,0.49,6.97
SMI_MCC,6/26/24,0,63.5,71.9,80.4,57.2,3.56,21.72
SMI_MCC,6/27/24,0.07,58.1,68.7,79.3,58.4,0.27,19.99
SMI_MCC,6/28/24,0,43.3,55.7,68.2,48.6,0.29,11.11
SMI_MCC,6/29/24,0.08,53.7,63.1,72.4,47.4,0.5,17.36
SMI_MCC,6/30/24,1.27,57.2,65.2,73.2,65.5,0.33,4.74
SMI_MCC,7/1/24,0.07,54.9,66.9,78.9,58.8,0.46,12.37
SMI_MCC,7/2/24,0,47,60.9,74.7,51.4,0.18,16.72
SMI_MCC,7/3/24,0,57.2,67.3,77.4,54,2,18.95
SMI_MCC,7/4/24,0.03,64.5,73.7,82.9,60.3,3.03,20.22
SMI_MCC,7/5/24,0,66.1,74.9,83.7,66.2,0.98,17.1
SMI_MCC,7/6/24,0.04,69.6,76.6,83.6,69.1,0.49,15.75
SMI_MCC,7/7/24,0,60.9,73.3,85.6,65.6,0.47,18.39
SMI_MCC,7/8/24,0,58.6,70.3,82,61.2,0.42,18.13
SMI_MCC,7/9/24,0,63.1,74.9,86.8,63.1,0.5,24.66
SMI_MCC,7/10/24,0,68.6,77.4,86.1,68,1.17,19.24
SMI_MCC,7/11/24,0.9,68.9,79.1,89.3,71.5,0.21,20.15
SMI_MCC,7/12/24,0.08,65,70.2,75.4,66.5,0.1,7.22
SMI_MCC,7/13/24,0,62.3,71.8,81.2,65.6,0.23,14.24
SMI_MCC,7/14/24,0,57,70.1,83.1,62.7,0.19,17.76
SMI_MCC,7/15/24,0,63.4,73.9,84.5,62.6,0.84,23.07
SMI_MCC,7/16/24,0.45,65.9,77.2,88.5,68,0.2,21.3
SMI_MCC,7/17/24,1.31,63.7,74.8,85.9,67.7,0.14,15.72
SMI_MCC,7/18/24,0.03,60.6,70.6,80.6,65.4,0.29,12.25
SMI_MCC,7/19/24,0,51.8,63.3,74.7,54.8,0.1,14.52
SMI_MCC,7/20/24,0,52.2,64.5,76.7,54.6,0.13,16.75
SMI_MCC,7/21/24,0,53.3,66.6,79.8,55.2,0.59,19.04
SMI_MCC,7/22/24,0.12,55.4,67.3,79.2,59.7,0.16,15.52
SMI_MCC,7/23/24,0.26,62.3,72.1,81.9,63.9,0.09,16.73
SMI_MCC,7/24/24,0.03,61.2,70,78.8,63.8,0.14,13
SMI_MCC,7/25/24,0.06,63.4,71.4,79.4,65.9,0.24,10.44
SMI_MCC,7/26/24,0,54.2,63.7,73.3,55.5,0.86,13.34
SMI_MCC,7/27/24,0,51.7,65,78.3,53.3,0.37,19.56
SMI_MCC,7/28/24,0,53.7,67.3,80.9,57,0.17,19.75
SMI_MCC,7/29/24,0,58.4,70.4,82.4,58.5,0.41,22.59
SMI_MCC,7/30/24,0,61.1,72,82.9,61.5,0.53,21.26
SMI_MCC,7/31/24,0.02,68.7,77.6,86.5,67.9,0.94,19.75
SMI_MCC,8/1/24,0.31,64.4,72.1,79.8,68.6,0.14,9.01
SMI_MCC,8/2/24,0,62.2,73.8,85.4,65.8,0.14,20.63
SMI_MCC,8/3/24,0.7,65.7,75.1,84.5,68.4,0,15.44
SMI_MCC,8/4/24,0.03,68.1,74.7,81.3,68.8,0.1,13.46
SMI_MCC,8/5/24,0,60.7,72.5,84.3,65.1,0.3,17.3
SMI_MCC,8/6/24,0.92,64.9,73,81.2,66.1,0.14,14.35
SMI_MCC,8/7/24,0.12,55.6,62.8,70,59.2,0.1,6.31
SMI_MCC,8/8/24,0,56.1,65.8,75.4,56.7,0.31,14.78
SMI_MCC,8/9/24,0.97,60.1,63.2,66.2,62,0.14,3.95
SMI_MCC,8/10/24,1.45,61.2,68.4,75.5,66.6,0.14,6.43
SMI_MCC,8/11/24,0,51.9,63.8,75.7,55.1,0.37,14.36
SMI_MCC,8/12/24,0.22,52.7,62.8,72.9,55.3,0.09,12.73
SMI_MCC,8/13/24,0.34,50.7,59.1,67.4,55.6,0.03,6.74
SMI_MCC,8/14/24,0,54.1,65.1,76.1,58,0.05,13.88
SMI_MCC,8/15/24,0.31,54.4,66.3,78.1,58.6,0.11,14.03
SMI_MCC,8/16/24,0,55.1,66.9,78.8,60.7,0.15,12.91
SMI_MCC,8/17/24,0,60.7,71.4,82,62.4,0.67,19.45
SMI_MCC,8/18/24,0.16,65.6,70.8,76,64.1,0.74,9.46
SMI_MCC,8/19/24,0.92,64.9,68.6,72.4,65.5,0.29,4.46
SMI_MCC,8/20/24,0.38,50.5,62.1,73.7,56.5,0.42,6.21
SMI_MCC,8/21/24,0,47.8,55.5,63.2,48.4,0.17,8.49
SMI_MCC,8/22/24,0.07,49.8,56.9,64.1,50.8,0.2,7.86
SMI_MCC,8/23/24,0.02,48.9,60.1,71.2,52.2,0.2,13.18
SMI_MCC,8/24/24,0,48.9,61.9,74.9,53.8,0.09,15.49
SMI_MCC,8/25/24,0,54,66.2,78.3,55.7,0.18,17.8
SMI_MCC,8/26/24,0,53.9,66.7,79.4,57.9,0.08,17.89
SMI_MCC,8/27/24,0.7,53.3,66.6,79.9,59.6,0.01,16
SMI_MCC,8/28/24,0.05,59,69.9,80.8,63,0.22,18.21
SMI_MCC,8/29/24,0.06,56.6,67.8,79.1,62.1,0.54,11.63
SMI_MCC,8/30/24,0,58.9,65.7,72.4,58.2,0.56,10.08
SMI_MCC,8/31/24,0.02,59.6,62.9,66.2,58.9,0.59,5.07
SMI_MCC,9/1/24,0.43,62.2,65.6,69.1,64.7,0.09,3.74
SMI_MCC,9/2/24,0.1,53.5,66.2,78.9,59.6,0.14,16.35
SMI_MCC,9/3/24,0,38.4,51.6,64.8,45.6,0,9.75
SMI_MCC,9/4/24,0,42.7,56.3,69.9,47,0.01,13.72
SMI_MCC,9/5/24,0,46,60,74,50.9,0.06,15.48
SMI_MCC,9/6/24,0,47.6,61.5,75.4,51.7,0.48,16.21
SMI_MCC,9/7/24,0,52.4,63.4,74.5,56,0.38,14.79
SMI_MCC,9/8/24,0.56,45.6,54.7,63.8,51.1,0.27,3.89
SMI_MCC,9/9/24,0.09,43.3,50.4,57.5,43.5,0.05,7.09
SMI_MCC,9/10/24,0.16,46.8,56.8,66.9,52.8,0.12,9.02
SMI_MCC,9/11/24,0,40.4,54.9,69.3,44.3,0.05,15.65
SMI_MCC,9/12/24,0,44.9,59.5,74,49.8,0.07,16.73
SMI_MCC,9/13/24,0,50.1,64.4,78.6,57.5,0,16.47
SMI_MCC,9/14/24,0,52.6,66,79.3,59,0.05,16.59
SMI_MCC,9/15/24,0,53.1,66.6,80.1,58.6,0.07,18.39
SMI_MCC,9/16/24,0,53.2,67.3,81.3,58.6,0.06,20.46
SMI_MCC,9/17/24,0,51.2,65.2,79.3,57.1,0.11,17.46
SMI_MCC,9/18/24,0,49.1,62.8,76.5,54.3,0.1,16.6
SMI_MCC,9/19/24,0,51,62.8,74.7,57,0.06,13.83
SMI_MCC,9/20/24,0,51.2,65.9,80.7,55.8,0.09,20.27
SMI_MCC,9/21/24,0,53.2,64.7,76.3,56.6,0.13,14.95
SMI_MCC,9/22/24,0,53.1,63.3,73.4,55.8,0.63,11.64
SMI_MCC,9/23/24,0,53.6,63,72.5,53,1.9,11.78
SMI_MCC,9/24/24,0,49.8,56,62.2,49.9,0.88,6.81
SMI_MCC,9/25/24,0.16,51.9,58.8,65.7,49.6,0.81,9.75
SMI_MCC,9/26/24,1.12,52.5,55.4,58.3,54.3,0.13,2.67
SMI_MCC,9/27/24,0.46,49,56.2,63.4,57.5,0.01,1.99
SMI_MCC,9/28/24,0,51.3,61.6,72,54.6,0.01,13.32
SMI_MCC,9/29/24,0,57.8,66.3,74.8,57.7,1.28,12.28
SMI_MCC,9/30/24,0,50.8,60.1,69.3,56,0.03,8.82
SMI_MCC,10/1/24,0,51.7,61.7,71.6,55.3,0.03,10.81
SMI_MCC,10/2/24,0,50.7,60.4,70,51.5,0.26,11.69
SMI_MCC,10/3/24,0.09,44.4,52.1,59.8,51.1,0.02,3.73
SMI_MCC,10/4/24,0,42.9,55.5,68.1,47.7,0.01,11.34
SMI_MCC,10/5/24,0.05,44.6,58.9,73.2,51.1,0,16.76
SMI_MCC,10/6/24,0,36.8,51.5,66.2,41.8,0.07,13.2
SMI_MCC,10/7/24,0.2,40.2,54.8,69.3,48.1,0.25,13.8
SMI_MCC,10/8/24,0.02,35,47.6,60.3,43.3,0.02,7.65
SMI_MCC,10/9/24,0.05,36.9,47.1,57.2,40.7,0.04,7.43
SMI_MCC,10/10/24,0.26,36.7,44.7,52.7,39.6,0.08,4.95
SMI_MCC,10/11/24,0,36.6,43.1,49.6,37.1,0.13,4.41
SMI_MCC,10/12/24,0,41,50.1,59.1,43.6,0.31,7.57
SMI_MCC,10/13/24,0.14,34.3,46.5,58.7,35.7,0.14,10.62
SMI_MCC,10/14/24,0.92,40.1,41.6,43.2,40.9,0.05,0.68
SMI_MCC,10/15/24,0.38,32.9,39.4,45.9,37.1,0.02,1.25
SMI_MCC,10/16/24,0.15,35,40.5,46,35.3,0.17,3.67
SMI_MCC,10/17/24,0,26.5,37.5,48.4,31.2,0.07,5.22
SMI_MCC,10/18/24,0,28.3,42.4,56.5,32.6,0.08,9.2
SMI_MCC,10/19/24,0,29.8,45.9,62.1,35.5,0.09,11.98
SMI_MCC,10/20/24,0,31.3,47.8,64.2,34.5,0.18,13.44
SMI_MCC,10/21/24,0,33.4,49.9,66.5,38.9,0.41,14.17
SMI_MCC,10/22/24,0,44,58.4,72.9,45.6,0.61,16.35
SMI_MCC,10/23/24,0,45.5,60.7,75.9,48.4,0.5,18.31
SMI_MCC,10/24/24,0.11,43.9,58.5,73.1,46.4,0.27,18.03
SMI_MCC,10/25/24,0,28.2,40.5,52.8,34.5,0.08,6.22
SMI_MCC,10/26/24,0.01,29.1,41.5,53.9,36.4,0.16,8.09
SMI_MCC,10/27/24,0,25.5,38.5,51.6,27.4,0.41,8.86
SMI_MCC,10/28/24,0,27.8,37.4,47.1,29.9,0.34,5.47
SMI_MCC,10/29/24,0,30.9,40.7,50.5,30.7,0.38,6
SMI_MCC,10/30/24,0.17,34.6,44.9,55.2,44.4,0.16,5.75
SMI_MCC,10/31/24,0,48.7,60.9,73,50.7,0.79,14.21
SMI_MCC,11/1/24,0.24,54,64.4,74.8,53.8,0.92,15.77
SMI_MCC,11/2/24,0.02,37.9,49.3,60.7,41.3,0.38,6.57
SMI_MCC,11/3/24,0,23.9,34,44,28.7,0.24,3.83
SMI_MCC,11/4/24,0,24.6,36.2,47.7,22.3,0.27,7.75
SMI_MCC,11/5/24,0.04,34.7,41.5,48.4,34,0.85,5.55
SMI_MCC,11/6/24,0.01,47.4,59,70.6,51.5,1.08,12.24
SMI_MCC,11/7/24,0.05,49,57.2,65.5,53.9,0.28,5.38
SMI_MCC,11/8/24,0,33.3,42.9,52.5,37.4,0.31,5.27
SMI_MCC,11/9/24,0,28.8,40.2,51.5,32.2,0.65,5.31
SMI_MCC,11/10/24,0,25,34.6,44.3,22.2,0.57,6.15
SMI_MCC,11/11/24,0.24,29.1,39.9,50.8,35,0.19,7.79
SMI_MCC,11/12/24,0.16,33.8,43.4,52.9,41.4,0.32,4.55
SMI_MCC,11/13/24,0,20.3,30,39.7,22.1,0.37,4.05
SMI_MCC,11/14/24,0,19.9,30.3,40.7,18.9,0.28,4.95
SMI_MCC,11/15/24,0,23.6,32,40.5,14.2,1.03,6.15
SMI_MCC,11/16/24,0,25.3,38.2,51.1,19.2,1.35,9.6
SMI_MCC,11/17/24,0,29.1,40.2,51.3,27.5,0.17,8.9
SMI_MCC,11/18/24,0.03,29.9,38.6,47.3,33.1,0.1,4.76
SMI_MCC,11/19/24,0,30.4,41.8,53.3,35.3,0.25,6.61
SMI_MCC,11/20/24,0,30.9,40.9,50.8,33.9,0.31,6.26
SMI_MCC,11/21/24,0.38,36,44.5,53,35.9,0.21,6.76
SMI_MCC,11/22/24,1.13,32.2,35.3,38.3,34,0.02,0.59
SMI_MCC,11/23/24,0.26,31.3,35.6,39.9,33.4,0.03,1.4
SMI_MCC,11/24/24,0.04,33.9,37.7,41.5,32.7,0.16,2.73
SMI_MCC,11/25/24,0.03,24.1,31.1,38.1,25.8,0.37,3.19
SMI_MCC,11/26/24,0.27,24.5,33,41.6,26.4,0.14,4.58
SMI_MCC,11/27/24,0.21,33.3,38.1,42.9,32.6,0.05,2.68
SMI_MCC,11/28/24,0.19,28.2,33.8,39.4,25.6,0.04,4.1
SMI_MCC,11/29/24,0.58,28.6,30.6,32.5,30.6,0.01,0.82
SMI_MCC,11/30/24,0,21.4,27.2,33,21.4,0.49,2.1
SMI_MCC,12/1/24,0,16.3,22.5,28.6,16.9,0.51,1.84
SMI_MCC,12/2/24,0.02,16.4,21.4,26.5,17.1,0.25,1.75
SMI_MCC,12/3/24,0,16.6,22.8,29,19.3,0.19,1.8
SMI_MCC,12/4/24,0.04,10.6,19,27.5,16.6,0.12,1.43
SMI_MCC,12/5/24,0.17,15.4,21.9,28.3,22.2,0.15,1.5
SMI_MCC,12/6/24,0.26,14.9,22.6,30.2,21.2,0.2,1.41
SMI_MCC,12/7/24,0.19,15.3,19.4,23.4,14.5,0.29,1.86
SMI_MCC,12/8/24,0.34,20.6,25.4,30.2,23.5,0.09,1.45
SMI_MCC,12/9/24,0.01,28.7,32.7,36.7,30.8,0.01,1.72
SMI_MCC,12/10/24,0.5,31,33.8,36.7,33.1,0.04,1.41
SMI_MCC,12/11/24,0.36,33.9,37.4,40.8,38.1,0,0.03
SMI_MCC,12/12/24,0.86,27.4,35,42.6,33.5,0.02,1.54
SMI_MCC,12/13/24,0.05,8.9,18.1,27.4,12.1,0.17,1.76
SMI_MCC,12/14/24,0,4.1,12.2,20.3,9.6,0.15,1.21
SMI_MCC,12/15/24,0,3.7,14.7,25.7,8.8,0.16,2.21
SMI_MCC,12/16/24,0.19,10.1,20,29.9,19.8,0.13,2.29
SMI_MCC,12/17/24,0.21,29.3,35.6,41.8,35.8,0.05,0.82
SMI_MCC,12/18/24,0.01,32.6,38,43.5,33.8,0.12,2.79
SMI_MCC,12/19/24,0.28,29.7,34,38.4,31.3,0.03,1.94
SMI_MCC,12/20/24,0,20.7,25.6,30.4,20.1,0.31,1.77
SMI_MCC,12/21/24,0.13,13.2,19.2,25.2,18.4,0.22,0.93
SMI_MCC,12/22/24,0,-4.7,5,14.7,-0.1,0.27,1
SMI_MCC,12/23/24,0,-11.4,-2.7,6,-9,0.15,0.82
SMI_MCC,12/24/24,0.23,-4.6,7.6,19.7,7.6,0.2,1.28
SMI_MCC,12/25/24,0.01,12.9,20.2,27.5,20.2,0.06,0.83
SMI_MCC,12/26/24,0,-1.3,11.9,25.2,9.2,0.12,1.66
SMI_MCC,12/27/24,0,-2,11.4,24.8,8,0.1,1.72
SMI_MCC,12/28/24,0,5.7,19.2,32.8,18.8,0.21,2.63
SMI_MCC,12/29/24,0.03,29,33.1,37.3,34.3,0,0.52
SMI_MCC,12/30/24,0.19,34,42.1,50.2,43.7,0.01,0.94
SMI_MCC,12/31/24,0.04,33.4,40.3,47.2,33.3,0.42,4.18