,card_id,field_id,date_collected,total_scm,scm_male,scm_female,florilega,season_total,male_total,female_total,weekly_prop,weekly_prop_f,weekly_prop_m,season_prop,total_flies,week,year,ppt_in,tmin_f,tmean_f,tmax_f,tdmean_f,vpdmin_hPa,vpdmax_hPa,prop_corn_current_year_500m,prop_soy_current_year_500m,prop_ag_current_year_500m,prop_nat_current_year_500m,prop_semi_nat_current_year_500m,prop_corn_current_year_1000m,prop_soy_current_year_1000m,prop_ag_current_year_1000m,prop_nat_current_year_1000m,prop_semi_nat_current_year_1000m,prop_corn_previous_year_500m,prop_soy_previous_year_500m,prop_ag_previous_year_500m,prop_nat_previous_year_500m,prop_semi_nat_previous_year_500m,prop_corn_previous_year_1000m,prop_soy_previous_year_1000m,prop_ag_previous_year_1000m,prop_nat_previous_year_1000m,prop_semi_nat_previous_year_1000m,previous_crop,cover_crop,manure,tillage,soil_texture,ph,organic_matter
0,2006,DIP_FLE,3/13/23,0,0,0,0,1556,780,776,0,0,0,0,0,11,2023,0.148571429,24.85714286,32.08571429,39.34285714,24.51428571,0.4,3.751428571,0.302484472,0.005590062,0.604658385,0.145652174,0.12173913,0.302484472,0.005590062,0.604658385,0.145652174,0.12173913,0.440424205,0.006862133,0.580786026,0.190268247,0.173424828,0.314892952,0.00531333,0.69792155,0.143928739,0.116580716,Silage Corn,Yes,No,No,5,6.317162514,28.22133827
1,2001,DIP_CUR,3/13/23,0,0,0,0,1308,655,653,0,0,0,0,0,11,2023,0.145714286,19.15714286,28.41428571,37.71428571,21.15714286,0.604285714,3.735714286,0.308626596,0.06944877,0.54936157,0.164123326,0.143880411,0.308626596,0.06944877,0.54936157,0.164123326,0.143880411,0.338983051,0.03138732,0.61393597,0.133082235,0.16007533,0.350290469,0.063118229,0.613597111,0.169414351,0.138326268,Silage Corn,Yes,No,No,4,5.927192211,18.15420723
2,2002,DIP_CUR,3/13/23,0,0,0,0,1308,655,653,0,0,0,0,0,11,2023,0.145714286,19.15714286,28.41428571,37.71428571,21.15714286,0.604285714,3.735714286,0.308626596,0.06944877,0.54936157,0.164123326,0.143880411,0.308626596,0.06944877,0.54936157,0.164123326,0.143880411,0.338983051,0.03138732,0.61393597,0.133082235,0.16007533,0.350290469,0.063118229,0.613597111,0.169414351,0.138326268,Silage Corn,Yes,No,No,4,5.927192211,18.15420723
3,2005,DIP_FLE,3/13/23,0,0,0,0,1556,780,776,0,0,0,0,0,11,2023,0.148571429,24.85714286,32.08571429,39.34285714,24.51428571,0.4,3.751428571,0.302484472,0.005590062,0.604658385,0.145652174,0.12173913,0.302484472,0.005590062,0.604658385,0.145652174,0.12173913,0.440424205,0.006862133,0.580786026,0.190268247,0.173424828,0.314892952,0.00531333,0.69792155,0.143928739,0.116580716,Silage Corn,Yes,No,No,5,6.317162514,28.22133827
4,2004,POV_DUN,3/13/23,0,0,0,0,275,185,90,0,0,0,0,0,11,2023,0.154285714,21.72857143,30.5,39.31428571,23.1,0.395714286,3.991428571,0.002804612,0.001246494,0.031785603,0.479588657,0.272982237,0.002804612,0.001246494,0.031785603,0.479588657,0.272982237,0.006926952,0.001889169,0.10768262,0.47418136,0.331234257,0.002672116,0.00047155,0.116944357,0.487896888,0.261867337,Silage Corn,No,No,No,4,5.781182766,20.7029171
5,2003,POV_DUN,3/13/23,0,0,0,0,275,185,90,0,0,0,0,0,11,2023,0.154285714,21.72857143,30.5,39.31428571,23.1,0.395714286,3.991428571,0.002804612,0.001246494,0.031785603,0.479588657,0.272982237,0.002804612,0.001246494,0.031785603,0.479588657,0.272982237,0.006926952,0.001889169,0.10768262,0.47418136,0.331234257,0.002672116,0.00047155,0.116944357,0.487896888,0.261867337,Silage Corn,No,No,No,4,5.781182766,20.7029171
6,2012,POV_DUN,3/21/23,0,0,0,0,275,185,90,0,0,0,0,0,12,2023,0.075714286,27.65714286,38.15714286,48.61428571,25.14285714,0.79,7.235714286,0.002804612,0.001246494,0.031785603,0.479588657,0.272982237,0.002804612,0.001246494,0.031785603,0.479588657,0.272982237,0.006926952,0.001889169,0.10768262,0.47418136,0.331234257,0.002672116,0.00047155,0.116944357,0.487896888,0.261867337,Silage Corn,No,No,No,4,5.781182766,20.7029171
7,2011,POV_DUN,3/21/23,0,0,0,0,275,185,90,0,0,0,0,0,12,2023,0.075714286,27.65714286,38.15714286,48.61428571,25.14285714,0.79,7.235714286,0.002804612,0.001246494,0.031785603,0.479588657,0.272982237,0.002804612,0.001246494,0.031785603,0.479588657,0.272982237,0.006926952,0.001889169,0.10768262,0.47418136,0.331234257,0.002672116,0.00047155,0.116944357,0.487896888,0.261867337,Silage Corn,No,No,No,4,5.781182766,20.7029171
8,2010,DIP_CUR,3/21/23,0,0,0,0,1308,655,653,0,0,0,0,0,12,2023,0.084285714,26.18571429,36.71428571,47.21428571,23.61428571,0.824285714,6.881428571,0.308626596,0.06944877,0.54936157,0.164123326,0.143880411,0.308626596,0.06944877,0.54936157,0.164123326,0.143880411,0.338983051,0.03138732,0.61393597,0.133082235,0.16007533,0.350290469,0.063118229,0.613597111,0.169414351,0.138326268,Silage Corn,Yes,No,No,4,5.927192211,18.15420723
9,2009,DIP_CUR,3/21/23,0,0,0,0,1308,655,653,0,0,0,0,0,12,2023,0.084285714,26.18571429,36.71428571,47.21428571,23.61428571,0.824285714,6.881428571,0.308626596,0.06944877,0.54936157,0.164123326,0.143880411,0.308626596,0.06944877,0.54936157,0.164123326,0.143880411,0.338983051,0.03138732,0.61393597,0.133082235,0.16007533,0.350290469,0.063118229,0.613597111,0.169414351,0.138326268,Silage Corn,Yes,No,No,4,5.927192211,18.15420723
10,2008,DIP_FLE,3/21/23,0,0,0,0,1556,780,776,0,0,0,0,0,12,2023,0.082857143,29.22857143,39,48.7,26.5,0.828571429,7.047142857,0.302484472,0.005590062,0.604658385,0.145652174,0.12173913,0.302484472,0.005590062,0.604658385,0.145652174,0.12173913,0.440424205,0.006862133,0.580786026,0.190268247,0.173424828,0.314892952,0.00531333,0.69792155,0.143928739,0.116580716,Silage Corn,Yes,No,No,5,6.317162514,28.22133827
11,2007,DIP_FLE,3/21/23,0,0,0,0,1556,780,776,0,0,0,0,0,12,2023,0.082857143,29.22857143,39,48.7,26.5,0.828571429,7.047142857,0.302484472,0.005590062,0.604658385,0.145652174,0.12173913,0.302484472,0.005590062,0.604658385,0.145652174,0.12173913,0.440424205,0.006862133,0.580786026,0.190268247,0.173424828,0.314892952,0.00531333,0.69792155,0.143928739,0.116580716,Silage Corn,Yes,No,No,5,6.317162514,28.22133827
12,2013,DIP_FLE,3/28/23,23,14,9,0,1556,780,776,0.014781491,0.011597938,0.017948718,0.014781491,23,13,2023,0.115714286,27.05714286,38.81428571,50.61428571,27.95714286,0.424285714,8.19,0.302484472,0.005590062,0.604658385,0.145652174,0.12173913,0.302484472,0.005590062,0.604658385,0.145652174,0.12173913,0.440424205,0.006862133,0.580786026,0.190268247,0.173424828,0.314892952,0.00531333,0.69792155,0.143928739,0.116580716,Silage Corn,Yes,No,No,5,6.317162514,28.22133827
13,2016,POV_DUN,3/28/23,50,41,9,0,275,185,90,0.181818182,0.1,0.221621622,0.181818182,50,13,2023,0.102857143,25.2,37.92857143,50.67142857,26.45714286,0.468571429,8.498571429,0.002804612,0.001246494,0.031785603,0.479588657,0.272982237,0.002804612,0.001246494,0.031785603,0.479588657,0.272982237,0.006926952,0.001889169,0.10768262,0.47418136,0.331234257,0.002672116,0.00047155,0.116944357,0.487896888,0.261867337,Silage Corn,No,No,No,4,5.781182766,20.7029171
14,2014,DIP_FLE,3/28/23,42,29,13,0,1556,780,776,0.026992288,0.016752577,0.037179487,0.041773779,42,13,2023,0.115714286,27.05714286,38.81428571,50.61428571,27.95714286,0.424285714,8.19,0.302484472,0.005590062,0.604658385,0.145652174,0.12173913,0.302484472,0.005590062,0.604658385,0.145652174,0.12173913,0.440424205,0.006862133,0.580786026,0.190268247,0.173424828,0.314892952,0.00531333,0.69792155,0.143928739,0.116580716,Silage Corn,Yes,No,No,5,6.317162514,28.22133827
15,2018,DIP_CUR,3/28/23,0,0,0,0,1308,655,653,0,0,0,0,0,13,2023,0.114285714,24.18571429,36.85714286,49.5,24.87142857,0.628571429,8.218571429,0.308626596,0.06944877,0.54936157,0.164123326,0.143880411,0.308626596,0.06944877,0.54936157,0.164123326,0.143880411,0.338983051,0.03138732,0.61393597,0.133082235,0.16007533,0.350290469,0.063118229,0.613597111,0.169414351,0.138326268,Silage Corn,Yes,No,No,4,5.927192211,18.15420723
16,2026,GAB_STE,3/28/23,16,7,9,0,729,414,315,0.021947874,0.028571429,0.016908213,0.021947874,16,13,2023,0.134285714,26.38571429,39.21428571,52.04285714,25.14285714,0.452857143,9.905714286,0.089423373,0,0.187172371,0.636139377,0.121184089,0.089423373,0,0.187172371,0.636139377,0.121184089,0.154886294,0,0.250768285,0.561770129,0.12968654,0.102323434,0.00015387,0.219879982,0.632404985,0.117402677,Silage Corn,No,Yes,Yes,5,5.358693123,12.73650074
17,2017,DIP_CUR,3/28/23,0,0,0,0,1308,655,653,0,0,0,0,0,13,2023,0.114285714,24.18571429,36.85714286,49.5,24.87142857,0.628571429,8.218571429,0.308626596,0.06944877,0.54936157,0.164123326,0.143880411,0.308626596,0.06944877,0.54936157,0.164123326,0.143880411,0.338983051,0.03138732,0.61393597,0.133082235,0.16007533,0.350290469,0.063118229,0.613597111,0.169414351,0.138326268,Silage Corn,Yes,No,No,4,5.927192211,18.15420723
18,2064,GAB_STE,4/3/23,50,37,13,0,729,414,315,0.068587106,0.041269841,0.089371981,0.090534979,50,14,2023,0.081428571,32.34285714,42.62857143,52.91428571,26.24285714,0.811428571,8.252857143,0.089423373,0,0.187172371,0.636139377,0.121184089,0.089423373,0,0.187172371,0.636139377,0.121184089,0.154886294,0,0.250768285,0.561770129,0.12968654,0.102323434,0.00015387,0.219879982,0.632404985,0.117402677,Silage Corn,No,Yes,Yes,5,5.358693123,12.73650074
19,2024,POV_DUN,4/4/23,104,57,47,0,275,185,90,0.378181818,0.522222222,0.308108108,0.56,104,14,2023,0.13,31.71428571,43.25714286,54.78571429,30,0.738571429,8.847142857,0.002804612,0.001246494,0.031785603,0.479588657,0.272982237,0.002804612,0.001246494,0.031785603,0.479588657,0.272982237,0.006926952,0.001889169,0.10768262,0.47418136,0.331234257,0.002672116,0.00047155,0.116944357,0.487896888,0.261867337,Silage Corn,No,No,No,4,5.781182766,20.7029171
20,2020,DIP_FLE,4/4/23,45,15,30,0,1556,780,776,0.028920308,0.038659794,0.019230769,0.070694087,45,14,2023,0.152857143,33.54285714,44.04285714,54.5,31.78571429,0.79,8.251428571,0.302484472,0.005590062,0.604658385,0.145652174,0.12173913,0.302484472,0.005590062,0.604658385,0.145652174,0.12173913,0.440424205,0.006862133,0.580786026,0.190268247,0.173424828,0.314892952,0.00531333,0.69792155,0.143928739,0.116580716,Silage Corn,Yes,No,No,5,6.317162514,28.22133827
21,2022,DIP_CUR,4/6/23,29,14,15,0,1308,655,653,0.022171254,0.022970904,0.021374046,0.022171254,29,14,2023,0.165714286,32.18571429,43.04285714,53.92857143,28.45714286,1.337142857,8.725714286,0.308626596,0.06944877,0.54936157,0.164123326,0.143880411,0.308626596,0.06944877,0.54936157,0.164123326,0.143880411,0.338983051,0.03138732,0.61393597,0.133082235,0.16007533,0.350290469,0.063118229,0.613597111,0.169414351,0.138326268,Silage Corn,Yes,No,No,4,5.927192211,18.15420723
22,2044,KAT_TEE_2,4/10/23,1,1,0,0,445,211,234,0.002247191,0,0.004739336,0.002247191,1,15,2023,0,40.97142857,55.38571429,69.78571429,34.47142857,3.147142857,19.42142857,0.100748596,0.002183406,0.112913288,0.732376794,0.054585153,0.100748596,0.002183406,0.112913288,0.732376794,0.054585153,0.328922495,0,0.441713926,0.419029616,0.095778198,0.116462071,0.000629525,0.188227888,0.740163676,0.052250551,Silage Corn,No,Yes,Yes,5,5.739637852,17.81757545
23,2036,KAT_JEF_2,4/10/23,4,1,3,0,109,60,49,0.036697248,0.06122449,0.016666667,0.036697248,4,15,2023,0,41.18571429,56.67142857,72.17142857,35.34285714,2.644285714,20.85714286,0.103738318,0.007476636,0.12834891,0.520560748,0.169158879,0.103738318,0.007476636,0.12834891,0.520560748,0.169158879,0.149178255,0.003160556,0.405183312,0.336283186,0.178255373,0.120977918,0.002839117,0.30362776,0.524132492,0.13044164,Silage Corn,No,Yes,Yes,5,6.26295042,37.54327011
24,2038,KAT_JEF,4/10/23,2,0,2,0,109,62,47,0.018348624,0.042553191,0,0.018348624,2,15,2023,0,41.65714286,57.45714286,73.25714286,35.47142857,2.59,21.79571429,0.05625,0.0015625,0.07,0.4128125,0.204375,0.05625,0.0015625,0.07,0.4128125,0.204375,0.031605563,0.006321113,0.274968394,0.470290771,0.202907712,0.069973148,0.003159059,0.329015953,0.409887853,0.176433423,Silage Corn,No,Yes,Yes,5,5.586032867,22.36896324
25,2040,KAT_HAB,4/10/23,12,7,5,0,242,139,103,0.049586777,0.048543689,0.050359712,0.049586777,12,15,2023,0.001428571,47.02857143,59.02857143,71.01428571,36.87142857,3.864285714,19.18142857,0.239130435,0.072670807,0.327639752,0.283850932,0.102173913,0.239130435,0.072670807,0.327639752,0.283850932,0.102173913,0.244360902,0.193609023,0.601503759,0.176065163,0.112155388,0.195389682,0.093774502,0.426689666,0.279128117,0.118551043,Soybean,No,No,Yes,5,5.957181454,23.42772102
26,2042,KAT_HAB_2,4/10/23,34,14,20,1,516,324,192,0.065891473,0.104166667,0.043209877,0.065891473,35,15,2023,0.001428571,44.41428571,57.54285714,70.67142857,35.82857143,3.484285714,19.31428571,0.281755915,0.009028643,0.326276463,0.328767123,0.086239103,0.281755915,0.009028643,0.326276463,0.328767123,0.086239103,0.457214241,0.06620862,0.695815116,0.137414116,0.083697689,0.351588171,0.019089344,0.536848693,0.324988265,0.078235018,Silage Corn,Yes,Yes,Yes,5,5.955316067,20.81032753
27,2046,KAT_SAU,4/10/23,123,69,54,0,273,142,131,0.450549451,0.41221374,0.485915493,0.450549451,123,15,2023,0,42.24285714,57.37142857,72.48571429,34.42857143,3.888571429,21.76571429,0.122455371,0.004384591,0.17099906,0.461634826,0.150642029,0.122455371,0.004384591,0.17099906,0.461634826,0.150642029,0.170266836,0.028589581,0.548284625,0.302414231,0.103557814,0.096979332,0.009062003,0.330206677,0.459618442,0.136406995,Silage Corn,Yes,Yes,Yes,5,5.537230015,19.16375542
28,2066,GAB_STE,4/10/23,51,27,24,0,729,414,315,0.069958848,0.076190476,0.065217391,0.160493827,51,15,2023,0,44.92857143,60.11428571,75.28571429,36.4,2.558571429,24.47428571,0.089423373,0,0.187172371,0.636139377,0.121184089,0.089423373,0,0.187172371,0.636139377,0.121184089,0.154886294,0,0.250768285,0.561770129,0.12968654,0.102323434,0.00015387,0.219879982,0.632404985,0.117402677,Silage Corn,No,Yes,Yes,5,5.358693123,12.73650074
29,2050,KAT_BAR,4/10/23,28,16,12,0,769,226,543,0.036410923,0.022099448,0.07079646,0.036410923,28,15,2023,0,41.24285714,58.58571429,75.87142857,37.11428571,1.521428571,24.70857143,0.150015659,0.024115252,0.186658315,0.465079862,0.165988099,0.150015659,0.024115252,0.186658315,0.465079862,0.165988099,0.328234544,0.005736138,0.38623327,0.275334608,0.149139579,0.120152575,0.020979021,0.223617292,0.469961856,0.149237127,Soybean,No,No,Yes,5,5.867260933,22.92560768
30,2052,KAT_TEE,4/10/23,5,1,4,0,173,78,95,0.028901734,0.042105263,0.012820513,0.028901734,5,15,2023,0,40.7,56.54285714,72.4,35.31428571,2.654285714,21.13571429,0.126246883,0.002182045,0.185785536,0.42861596,0.202306733,0.126246883,0.002182045,0.185785536,0.42861596,0.202306733,0.234404537,0,0.323881537,0.45431632,0.142407057,0.164802269,0.001260438,0.305656216,0.443989286,0.174413109,Silage Corn,No,Yes,Yes,5,5.959934235,23.65135002
31,2224,MIL_MCC,4/10/23,40,22,18,0,439,240,199,0.091116173,0.090452261,0.091666667,0.091116173,40,15,2023,0,40.6,56.12857143,71.62857143,36.67142857,1.415714286,20.17714286,0.200738916,0.253694581,0.501539409,0.303571429,0.11453202,0.200738916,0.253694581,0.501539409,0.303571429,0.11453202,0.3432282,0.226963513,0.586270872,0.365491651,0.042053185,0.257456344,0.167362077,0.526348323,0.308607634,0.120537784,Soybean,No,Yes,No,5,6.210189819,27.60095024
32,2070,GAB_ALL,4/10/23,141,36,105,0,1143,822,321,0.12335958,0.327102804,0.04379562,0.12335958,141,15,2023,0.004285714,46.98571429,61.71428571,76.47142857,37.04285714,3.087142857,25.53142857,0.017310665,0,0.02194745,0.588871716,0.062751159,0.017310665,0,0.02194745,0.588871716,0.062751159,0.00618047,0,0.030284302,0.592707046,0.145241038,0.005874169,0.010975421,0.030298346,0.58417066,0.065852527,Silage Corn,No,Yes,Yes,5,5.886958599,28.32917595
33,2220,MIL_YOD,4/10/23,293,145,148,0,501,299,202,0.584830339,0.732673267,0.484949833,0.584830339,293,15,2023,0,41.11428571,56.41428571,71.74285714,36.31428571,1.707142857,20.50285714,0.159567901,0.087654321,0.439197531,0.282716049,0.186111111,0.159567901,0.087654321,0.439197531,0.282716049,0.186111111,0.181257707,0.113440197,0.548705302,0.388409371,0.062885327,0.213491818,0.072553257,0.491355357,0.279098487,0.183698672,Soybean,Yes,Yes,No,5,6.349746704,20.46067619
34,2222,MIL_CHA,4/10/23,137,67,70,0,277,157,120,0.494584838,0.583333333,0.426751592,0.494584838,137,15,2023,0,40.6,55.67142857,70.78571429,36.22857143,1.548571429,19.53714286,0.292412091,0.211597779,0.667797656,0.15885256,0.102097471,0.292412091,0.211597779,0.667797656,0.15885256,0.102097471,0.490147783,0.02955665,0.754926108,0.069581281,0.075738916,0.42769136,0.09795164,0.69012783,0.161096566,0.091637148,Silage Corn,No,Yes,Yes,5,6.120146751,20.23761559
35,2048,KAT_SAU_2,4/10/23,58,10,48,0,302,107,195,0.19205298,0.246153846,0.093457944,0.19205298,58,15,2023,0,43.05714286,57.67142857,72.27142857,34.71428571,4.072857143,21.46285714,0.151657286,0.025953721,0.269543465,0.252970607,0.186366479,0.151657286,0.025953721,0.269543465,0.252970607,0.186366479,0.19581749,0,0.655259823,0.117237009,0.154626109,0.181052297,0.000794786,0.499284692,0.249721825,0.164997616,Silage Corn,Yes,Yes,Yes,5,5.722351551,21.01234818
36,2028,POV_DUN,4/11/23,15,12,3,0,275,185,90,0.054545455,0.033333333,0.064864865,0.614545455,15,15,2023,0.02,40.41428571,56.74285714,73.11428571,36.41428571,1.484285714,21.85285714,0.002804612,0.001246494,0.031785603,0.479588657,0.272982237,0.002804612,0.001246494,0.031785603,0.479588657,0.272982237,0.006926952,0.001889169,0.10768262,0.47418136,0.331234257,0.002672116,0.00047155,0.116944357,0.487896888,0.261867337,Silage Corn,No,No,No,4,5.781182766,20.7029171
37,2030,DIP_PAT,4/11/23,101,44,57,0,1602,817,785,0.063046192,0.072611465,0.053855569,0.063046192,101,15,2023,0,46.34285714,60.54285714,74.71428571,38.81428571,2.721428571,22.95714286,0.256710892,0.140080222,0.721382289,0.14594261,0.053687134,0.256710892,0.140080222,0.721382289,0.14594261,0.053687134,0.504944376,0.014833127,0.615574784,0.35723115,0.021013597,0.41602227,0.079647386,0.755799567,0.151716672,0.039746366,Silage Corn,Yes,Yes,,5,6.454941273,26.51252174
38,2034,DIP_FLE,4/11/23,329,159,170,0,1556,780,776,0.211439589,0.219072165,0.203846154,0.282133676,329,15,2023,0,46.11428571,59.71428571,73.35714286,38.47142857,2.775714286,21.50857143,0.302484472,0.005590062,0.604658385,0.145652174,0.12173913,0.302484472,0.005590062,0.604658385,0.145652174,0.12173913,0.440424205,0.006862133,0.580786026,0.190268247,0.173424828,0.314892952,0.00531333,0.69792155,0.143928739,0.116580716,Silage Corn,Yes,No,No,5,6.317162514,28.22133827
39,2032,DIP_CUR,4/11/23,172,26,146,0,1308,655,653,0.131498471,0.223583461,0.039694656,0.153669725,172,15,2023,0.012857143,39.7,55.68571429,71.7,34.9,1.724285714,20.74714286,0.308626596,0.06944877,0.54936157,0.164123326,0.143880411,0.308626596,0.06944877,0.54936157,0.164123326,0.143880411,0.338983051,0.03138732,0.61393597,0.133082235,0.16007533,0.350290469,0.063118229,0.613597111,0.169414351,0.138326268,Silage Corn,Yes,No,No,4,5.927192211,18.15420723
40,2100,SMI_CRO,4/12/23,139,78,61,0,188,105,83,0.739361702,0.734939759,0.742857143,0.739361702,139,15,2023,0,43.07142857,58.85714286,74.61428571,36.82857143,1.954285714,23.32857143,0.178527228,0.173267327,0.451113861,0.101175743,0.171410891,0.178527228,0.173267327,0.451113861,0.101175743,0.171410891,0.441961515,0.213531968,0.836126629,0.018001241,0.104283054,0.216145026,0.146885652,0.700340874,0.100867679,0.152928416,Grain Corn,No,No,Yes,5,6.335429668,26.11972809
41,2054,STA_HEM,4/12/23,72,49,23,0,1309,715,594,0.05500382,0.038720539,0.068531469,0.05500382,72,15,2023,0,47.47142857,60.22857143,73.01428571,39.22857143,3.497142857,20.88285714,0.286287832,0.106856084,0.547560222,0.199505868,0.152563311,0.286287832,0.106856084,0.547560222,0.199505868,0.152563311,0.369202226,0.031539889,0.562770563,0.193568336,0.153370439,0.290197897,0.089208411,0.572820037,0.198670377,0.140538033,Silage Corn,Yes,Yes,Yes,4,6.554670334,26.48303223
42,2056,STA_HEM_2,4/12/23,73,45,28,0,891,516,375,0.081930415,0.074666667,0.087209302,0.081930415,73,15,2023,0,47.71428571,60.32857143,72.98571429,38.88571429,3.741428571,21.01,0.260896445,0.02812983,0.565378671,0.200309119,0.136012365,0.260896445,0.02812983,0.565378671,0.200309119,0.136012365,0.334572491,0.005576208,0.724907063,0.128252788,0.078066914,0.174566295,0.034696406,0.576982652,0.194392813,0.123451053,Grain Corn,Yes,Yes,Yes,4,6.685321331,23.87444115
43,2058,STA_WIL,4/12/23,26,22,4,1,281,230,51,0.09252669,0.078431373,0.095652174,0.09252669,27,15,2023,0,46.64285714,59.92857143,73.21428571,39.6,2.924285714,20.88857143,0.241368681,0.017879162,0.487977805,0.305487053,0.114981504,0.241368681,0.017879162,0.487977805,0.305487053,0.114981504,0.127149877,0.007371007,0.587223587,0.131449631,0.156019656,0.194632943,0.013109192,0.522208513,0.303207896,0.110734115,Silage Corn,Yes,No,Yes,4,6.444833279,34.71776962
44,2060,STA_SWE,4/12/23,2,2,0,0,366,297,69,0.005464481,0,0.006734007,0.005464481,2,15,2023,0,47.94285714,60.37142857,72.82857143,37.44285714,3.912857143,20.91142857,0.266069221,0.01946848,0.502163164,0.253090235,0.136897404,0.266069221,0.01946848,0.502163164,0.253090235,0.136897404,0.316542289,0.043532338,0.672263682,0.104477612,0.111940299,0.29850978,0.028407327,0.56116113,0.264669357,0.096864328,Silage Corn,Yes,Yes,Yes,5,6.38201952,33.36382294
45,2062,STA_COL,4/12/23,4,2,2,0,720,532,188,0.005555556,0.010638298,0.003759398,0.005555556,4,15,2023,0,48.77142857,60.68571429,72.6,38.51428571,4.028571429,20.35,0.271051014,0.052858021,0.55654579,0.158881377,0.178549478,0.271051014,0.052858021,0.55654579,0.158881377,0.178549478,0.55006105,0.101343101,0.812576313,0.038461538,0.076312576,0.274777539,0.091132249,0.591745934,0.164007364,0.147744707,Silage Corn,Yes,Yes,No,5,6.560458183,23.67193604
46,2102,SMI_CAN,4/12/23,75,33,42,0,657,260,397,0.114155251,0.105793451,0.126923077,0.114155251,75,15,2023,0,38.78571429,54.57142857,70.3,35.34285714,1.142857143,19.31285714,0.141579272,0.020049352,0.295805059,0.277606416,0.220542875,0.141579272,0.020049352,0.295805059,0.277606416,0.220542875,0.134282178,0.008044554,0.273514851,0.404084158,0.190594059,0.162074303,0.01130031,0.447213622,0.276934985,0.200773994,Silage Corn,No,Yes,Yes,5,5.585507393,15.5769558
47,2108,SMI_DOU,4/12/23,32,14,18,0,114,52,62,0.280701754,0.290322581,0.269230769,0.280701754,32,15,2023,0,41.34285714,56.22857143,71.07142857,35.58571429,1.92,19.99142857,0.025261861,0.048367221,0.172520025,0.204559458,0.199014171,0.025261861,0.048367221,0.172520025,0.204559458,0.199014171,0.033846154,0.081846154,0.583384615,0.107076923,0.214769231,0.046504466,0.036495226,0.497228211,0.205112411,0.177702495,Soybean,No,Yes,Yes,5,6.29728651,24.98108101
48,2106,SMI_COB,4/12/23,75,51,24,0,245,187,58,0.306122449,0.413793103,0.272727273,0.306122449,75,15,2023,0.002857143,42.01428571,57.9,73.78571429,36.37142857,1.667142857,22.54857143,0.140111593,0.001549907,0.348419095,0.162430254,0.207067576,0.140111593,0.001549907,0.348419095,0.162430254,0.207067576,0.034246575,0.00871731,0.321295143,0.221668742,0.215442092,0.083905178,0.005614473,0.330474111,0.151902682,0.272925764,Silage Corn,Yes,No,No,4,5.930618286,20.99067307
49,2188,WIS_COO_2,4/12/23,1,1,0,0,295,206,89,0.003389831,0,0.004854369,0.003389831,1,15,2023,0.018571429,45.45714286,59.84285714,74.25714286,34.8,2.89,23.86857143,0.086559647,0.028958137,0.146049732,0.548001259,0.162732137,0.086559647,0.028958137,0.146049732,0.548001259,0.162732137,0.096981374,0.138728324,0.316634554,0.453436095,0.125240848,0.069302177,0.04081306,0.196702945,0.549295775,0.157010243,Silage Corn,No,No,No,5,5.979127407,44.69318771
50,2112,SMI_MCC,4/12/23,38,17,21,0,264,138,126,0.143939394,0.166666667,0.123188406,0.143939394,38,15,2023,0,41,55.48571429,69.97142857,35.48571429,1.888571429,18.98714286,0.093008931,0.065906991,0.193717277,0.263319988,0.262704034,0.093008931,0.065906991,0.193717277,0.263319988,0.262704034,0.199261993,0.117466175,0.67404674,0.064575646,0.208487085,0.115461385,0.032703823,0.460770766,0.264854906,0.222171043,Soybean,No,No,No,5,6.356281281,15.2996912
51,2116,SMI_HOL,4/12/23,123,63,60,0,352,226,126,0.349431818,0.476190476,0.278761062,0.349431818,123,15,2023,0,46.2,60.9,75.55714286,36.42857143,3.254285714,24.52428571,0.201545595,0.022256569,0.39690881,0.267078825,0.105409583,0.201545595,0.022256569,0.39690881,0.267078825,0.105409583,0.298701299,0.009894867,0.799628942,0.081014224,0.089672233,0.218319666,0.00448708,0.572025375,0.271081541,0.105369024,Grain Corn,No,No,Yes,5,6.415804386,25.43291092
52,2118,SMI_JOH,4/12/23,115,64,51,0,497,258,239,0.23138833,0.213389121,0.248062016,0.23138833,115,15,2023,0,44.84285714,59.2,73.58571429,38.1,2.377142857,21.88,0.145672929,0.129966123,0.343393902,0.354173083,0.178318448,0.145672929,0.129966123,0.343393902,0.354173083,0.178318448,0.275246305,0.003694581,0.480295567,0.269704433,0.180418719,0.265186556,0.00431699,0.39978415,0.370490287,0.157415973,Wheat,No,Yes,Yes,5,6.416008472,24.34096146
53,2120,SMI_JOH_2,4/12/23,74,34,40,0,302,184,118,0.245033113,0.338983051,0.184782609,0.245033113,74,15,2023,0,45.32857143,59.54285714,73.77142857,37.98571429,2.595714286,22.21285714,0.231906375,0.004003696,0.310748383,0.467508469,0.118878965,0.231906375,0.004003696,0.310748383,0.467508469,0.118878965,0.023327195,0.04849601,0.421731123,0.345610804,0.114180479,0.065106972,0.095428659,0.343081422,0.46052024,0.118362321,Wheat,Yes,No,Yes,5,6.468092918,24.67160034
54,2186,WIS_COO,4/12/23,25,16,9,0,1367,880,487,0.018288222,0.018480493,0.018181818,0.018288222,25,15,2023,0.014285714,45.77142857,59.52857143,73.25714286,34.94285714,3,22.77714286,0.217132099,0.023219329,0.349858801,0.26513963,0.294634452,0.217132099,0.023219329,0.349858801,0.26513963,0.294634452,0.05942492,0.018530351,0.522044728,0.108626198,0.34313099,0.121682123,0.056443876,0.382475216,0.262711864,0.31371922,Silage Corn Strip Cropped With Alfalfa,No,Yes,No,5,5.968518734,24.17316246
55,2104,SMI_KEL,4/12/23,58,30,28,0,328,147,181,0.176829268,0.154696133,0.204081633,0.176829268,58,15,2023,0,43.32857143,58.81428571,74.31428571,36.62857143,2.167142857,23.02857143,0.273343606,0.009861325,0.358089368,0.267180277,0.163328197,0.273343606,0.009861325,0.358089368,0.267180277,0.163328197,0.060456508,0.110425663,0.410857495,0.438618137,0.078963603,0.111660232,0.197220077,0.563706564,0.265791506,0.116602317,Silage Corn,Yes,Yes,Yes,5,6.507095337,28.20439339
56,2117,SMI_HOF,4/13/23,168,88,80,0,444,244,200,0.378378378,0.4,0.360655738,0.378378378,168,15,2023,0.022857143,43.98571429,59.42857143,74.87142857,37.08571429,2.371428571,23.36428571,0.110834371,0.057285181,0.215442092,0.453611457,0.205790785,0.110834371,0.057285181,0.215442092,0.453611457,0.205790785,0.076244486,0,0.195337114,0.619407687,0.06805293,0.157239641,0.007405073,0.249251615,0.459587207,0.197888766,Silage Corn,Yes,No,Yes,5,5.903712749,31.93047523
57,2114,SMI_DUR,4/13/23,278,104,174,0,1550,602,948,0.179354839,0.183544304,0.172757475,0.179354839,278,15,2023,0,47.18571429,61.01428571,74.85714286,38.24285714,3.275714286,23.26571429,0.110255621,0.07145057,0.292577764,0.436094857,0.157068063,0.110255621,0.07145057,0.292577764,0.436094857,0.157068063,0.332103321,0.009840098,0.412669127,0.38499385,0.114391144,0.228140394,0.013238916,0.326508621,0.433189655,0.144550493,Silage Corn,Yes,Yes,No,5,6.667976379,34.23325348
58,2110,SMI_LAT,4/13/23,67,25,42,0,521,197,324,0.128598848,0.12962963,0.126903553,0.128598848,67,15,2023,0.01,38.74285714,56.47142857,74.18571429,38.07142857,0.53,22.52428571,0.215594905,0.000310655,0.448275862,0.278347313,0.117738428,0.215594905,0.000310655,0.448275862,0.278347313,0.117738428,0.182440847,0.054171856,0.53860523,0.253424658,0.102739726,0.18591242,0.032102228,0.494623656,0.27411563,0.116097865,Silage Corn,Yes,Yes,Yes,5,5.557508469,21.01000977
59,2190,WIS_KEN,4/14/23,29,23,6,1,448,296,152,0.064732143,0.039473684,0.077702703,0.064732143,30,15,2023,0.13,47.32857143,62.31428571,77.28571429,38.71428571,2.398571429,25.96,0.000315259,0.000630517,0.039722573,0.289407314,0.106872636,0.000315259,0.000630517,0.039722573,0.289407314,0.106872636,0.005157963,0,0.09929078,0.320438427,0.181818182,0.001771622,0,0.046223224,0.299565147,0.096956032,Grain Corn,Yes,No,Yes,4,5.452927113,13.98438168
60,2192,WIS_HIG,4/14/23,1,0,1,0,160,98,62,0.00625,0.016129032,0,0.00625,1,15,2023,0.145714286,46.2,61.72857143,77.28571429,37.25714286,2.41,26.41142857,0.001572822,0.000314564,0.054419629,0.52689525,0.164831708,0.001572822,0.000314564,0.054419629,0.52689525,0.164831708,0.003861004,0,0.048262548,0.554054054,0.115186615,0.003690037,0.001283491,0.065297609,0.539387133,0.13765442,,Yes,No,Yes,5,5.566951752,23.14190102
61,2194,WIS_MEG,4/14/23,36,3,33,0,251,124,127,0.143426295,0.25984252,0.024193548,0.143426295,36,15,2023,0.011428571,45.94285714,61.58571429,77.22857143,36.74285714,2.414285714,26.64285714,0.082419304,0.000626763,0.123472266,0.270761517,0.261360075,0.082419304,0.000626763,0.123472266,0.270761517,0.261360075,0.106234097,0.010178117,0.251908397,0.218193384,0.220101781,0.059188544,0.017979316,0.191408115,0.273349244,0.231821798,Sweet Corn,No,No,Yes,4,5.365185261,16.90901184
62,2068,GAB_STE,4/17/23,5,2,3,0,729,414,315,0.006858711,0.00952381,0.004830918,0.167352538,5,16,2023,0.131428571,42.95714286,52.9,62.82857143,39.65714286,1.422857143,11.77571429,0.089423373,0,0.187172371,0.636139377,0.121184089,0.089423373,0,0.187172371,0.636139377,0.121184089,0.154886294,0,0.250768285,0.561770129,0.12968654,0.102323434,0.00015387,0.219879982,0.632404985,0.117402677,Silage Corn,No,Yes,Yes,5,5.358693123,12.73650074
63,2072,GAB_ALL,4/17/23,7,4,3,0,1143,822,321,0.006124234,0.009345794,0.00486618,0.129483815,7,16,2023,0.184285714,45.51428571,54.45714286,63.42857143,40.5,1.87,11.98857143,0.017310665,0,0.02194745,0.588871716,0.062751159,0.017310665,0,0.02194745,0.588871716,0.062751159,0.00618047,0,0.030284302,0.592707046,0.145241038,0.005874169,0.010975421,0.030298346,0.58417066,0.065852527,Silage Corn,No,Yes,Yes,5,5.886958599,28.32917595
64,2082,KAT_HAB,4/17/23,3,1,2,0,242,139,103,0.012396694,0.019417476,0.007194245,0.061983471,3,16,2023,0.217142857,38.47142857,50.61428571,62.75714286,38.31428571,0.651428571,13.35857143,0.239130435,0.072670807,0.327639752,0.283850932,0.102173913,0.239130435,0.072670807,0.327639752,0.283850932,0.102173913,0.244360902,0.193609023,0.601503759,0.176065163,0.112155388,0.195389682,0.093774502,0.426689666,0.279128117,0.118551043,Soybean,No,No,Yes,5,5.957181454,23.42772102
65,2084,KAT_HAB_2,4/17/23,25,9,16,0,516,324,192,0.048449612,0.083333333,0.027777778,0.114341085,25,16,2023,0.22,37.47142857,49.68571429,61.85714286,37.64285714,0.615714286,12.90857143,0.281755915,0.009028643,0.326276463,0.328767123,0.086239103,0.281755915,0.009028643,0.326276463,0.328767123,0.086239103,0.457214241,0.06620862,0.695815116,0.137414116,0.083697689,0.351588171,0.019089344,0.536848693,0.324988265,0.078235018,Silage Corn,Yes,Yes,Yes,5,5.955316067,20.81032753
66,2086,KAT_JEF,4/17/23,0,0,0,0,109,62,47,0,0,0,0.018348624,0,16,2023,0.231428571,37.82857143,50.42857143,63.02857143,38.24285714,0.76,13.80428571,0.05625,0.0015625,0.07,0.4128125,0.204375,0.05625,0.0015625,0.07,0.4128125,0.204375,0.031605563,0.006321113,0.274968394,0.470290771,0.202907712,0.069973148,0.003159059,0.329015953,0.409887853,0.176433423,Silage Corn,No,Yes,Yes,5,5.586032867,22.36896324
67,2088,KAT_JEF_2,4/17/23,2,0,2,0,109,60,49,0.018348624,0.040816327,0,0.055045872,2,16,2023,0.327142857,37.54285714,49.9,62.24285714,38.08571429,0.728571429,13.14714286,0.103738318,0.007476636,0.12834891,0.520560748,0.169158879,0.103738318,0.007476636,0.12834891,0.520560748,0.169158879,0.149178255,0.003160556,0.405183312,0.336283186,0.178255373,0.120977918,0.002839117,0.30362776,0.524132492,0.13044164,Silage Corn,No,Yes,Yes,5,6.26295042,37.54327011
68,2090,KAT_BAR,4/17/23,0,0,0,0,769,226,543,0,0,0,0.036410923,0,16,2023,0.147142857,39.9,53.28571429,66.68571429,39.67142857,0.874285714,16.45714286,0.150015659,0.024115252,0.186658315,0.465079862,0.165988099,0.150015659,0.024115252,0.186658315,0.465079862,0.165988099,0.328234544,0.005736138,0.38623327,0.275334608,0.149139579,0.120152575,0.020979021,0.223617292,0.469961856,0.149237127,Soybean,No,No,Yes,5,5.867260933,22.92560768
69,2092,KAT_SAU,4/17/23,13,8,5,0,273,142,131,0.047619048,0.038167939,0.056338028,0.498168498,13,16,2023,0.082857143,39.7,51.25714286,62.8,37.81428571,1.044285714,13.77571429,0.122455371,0.004384591,0.17099906,0.461634826,0.150642029,0.122455371,0.004384591,0.17099906,0.461634826,0.150642029,0.170266836,0.028589581,0.548284625,0.302414231,0.103557814,0.096979332,0.009062003,0.330206677,0.459618442,0.136406995,Silage Corn,Yes,Yes,Yes,5,5.537230015,19.16375542
70,2094,KAT_SAU_2,4/17/23,25,21,4,0,302,107,195,0.082781457,0.020512821,0.196261682,0.274834437,25,16,2023,0.082857143,40.34285714,51.47142857,62.57142857,38.07142857,1.105714286,13.49428571,0.151657286,0.025953721,0.269543465,0.252970607,0.186366479,0.151657286,0.025953721,0.269543465,0.252970607,0.186366479,0.19581749,0,0.655259823,0.117237009,0.154626109,0.181052297,0.000794786,0.499284692,0.249721825,0.164997616,Silage Corn,Yes,Yes,Yes,5,5.722351551,21.01234818
71,2126,SMI_KEL,4/17/23,0,0,0,0,328,147,181,0,0,0,0.176829268,0,16,2023,0.258571429,40.92857143,51.32857143,61.72857143,39.61428571,0.898571429,12.03857143,0.273343606,0.009861325,0.358089368,0.267180277,0.163328197,0.273343606,0.009861325,0.358089368,0.267180277,0.163328197,0.060456508,0.110425663,0.410857495,0.438618137,0.078963603,0.111660232,0.197220077,0.563706564,0.265791506,0.116602317,Silage Corn,Yes,Yes,Yes,5,6.507095337,28.20439339
72,2098,KAT_TEE_2,4/17/23,1,1,0,0,445,211,234,0.002247191,0,0.004739336,0.004494382,1,16,2023,0.171428571,37.3,48.67142857,59.97142857,37.47142857,0.808571429,11.75,0.100748596,0.002183406,0.112913288,0.732376794,0.054585153,0.100748596,0.002183406,0.112913288,0.732376794,0.054585153,0.328922495,0,0.441713926,0.419029616,0.095778198,0.116462071,0.000629525,0.188227888,0.740163676,0.052250551,Silage Corn,No,Yes,Yes,5,5.739637852,17.81757545
73,2122,SMI_CRO,4/17/23,0,0,0,0,188,105,83,0,0,0,0.739361702,0,16,2023,0.241428571,41.01428571,51.48571429,61.94285714,39.78571429,0.93,12.10571429,0.178527228,0.173267327,0.451113861,0.101175743,0.171410891,0.178527228,0.173267327,0.451113861,0.101175743,0.171410891,0.441961515,0.213531968,0.836126629,0.018001241,0.104283054,0.216145026,0.146885652,0.700340874,0.100867679,0.152928416,Grain Corn,No,No,Yes,5,6.335429668,26.11972809
74,2124,SMI_CAN,4/17/23,23,9,14,0,657,260,397,0.03500761,0.035264484,0.034615385,0.149162861,23,16,2023,0.187142857,37.45714286,48.15714286,58.87142857,38.14285714,0.641428571,10.39142857,0.141579272,0.020049352,0.295805059,0.277606416,0.220542875,0.141579272,0.020049352,0.295805059,0.277606416,0.220542875,0.134282178,0.008044554,0.273514851,0.404084158,0.190594059,0.162074303,0.01130031,0.447213622,0.276934985,0.200773994,Silage Corn,No,Yes,Yes,5,5.585507393,15.5769558
75,2128,SMI_COB,4/17/23,15,13,2,0,245,187,58,0.06122449,0.034482759,0.069518717,0.367346939,15,16,2023,0.232857143,40.55714286,50.77142857,60.98571429,39.72857143,0.81,11.05571429,0.140111593,0.001549907,0.348419095,0.162430254,0.207067576,0.140111593,0.001549907,0.348419095,0.162430254,0.207067576,0.034246575,0.00871731,0.321295143,0.221668742,0.215442092,0.083905178,0.005614473,0.330474111,0.151902682,0.272925764,Silage Corn,Yes,No,No,4,5.930618286,20.99067307
76,2130,SMI_DOU,4/17/23,0,0,0,0,114,52,62,0,0,0,0.280701754,0,16,2023,0.312857143,38.12857143,48.55714286,58.95714286,38.34285714,0.73,10.55142857,0.025261861,0.048367221,0.172520025,0.204559458,0.199014171,0.025261861,0.048367221,0.172520025,0.204559458,0.199014171,0.033846154,0.081846154,0.583384615,0.107076923,0.214769231,0.046504466,0.036495226,0.497228211,0.205112411,0.177702495,Soybean,No,Yes,Yes,5,6.29728651,24.98108101
77,2134,SMI_MCC,4/17/23,13,11,2,0,264,138,126,0.049242424,0.015873016,0.079710145,0.193181818,13,16,2023,0.29,37.65714286,47.88571429,58.14285714,38.15714286,0.7,9.995714286,0.093008931,0.065906991,0.193717277,0.263319988,0.262704034,0.093008931,0.065906991,0.193717277,0.263319988,0.262704034,0.199261993,0.117466175,0.67404674,0.064575646,0.208487085,0.115461385,0.032703823,0.460770766,0.264854906,0.222171043,Soybean,No,No,No,5,6.356281281,15.2996912
78,2138,SMI_HOL,4/17/23,5,3,2,0,352,226,126,0.014204545,0.015873016,0.013274336,0.363636364,5,16,2023,0.224285714,42.52857143,52.41428571,62.32857143,40.01428571,1.09,11.95285714,0.201545595,0.022256569,0.39690881,0.267078825,0.105409583,0.201545595,0.022256569,0.39690881,0.267078825,0.105409583,0.298701299,0.009894867,0.799628942,0.081014224,0.089672233,0.218319666,0.00448708,0.572025375,0.271081541,0.105369024,Grain Corn,No,No,Yes,5,6.415804386,25.43291092
79,2156,LET_NOB,4/17/23,9,2,7,0,977,669,308,0.009211873,0.022727273,0.002989537,0.009211873,9,16,2023,0.098571429,38.7,50.2,61.72857143,38.71428571,0.722857143,12.78285714,0.44619666,0.014533086,0.739950526,0.147186147,0.058441558,0.44619666,0.014533086,0.739950526,0.147186147,0.058441558,0.455052697,0.047737136,0.735895846,0.120272784,0.060136392,0.378466305,0.067544539,0.756777692,0.155538342,0.040588691,Silage Corn,Yes,Yes,Yes,4,6.663196564,25.65228653
80,2158,LET_TAB,4/17/23,26,7,19,0,465,281,184,0.055913978,0.10326087,0.024911032,0.055913978,26,16,2023,0.138571429,37.95714286,49.51428571,61.08571429,37.32857143,0.878571429,12.93285714,0.273178295,0.011472868,0.648682171,0.222945736,0.062325581,0.273178295,0.011472868,0.648682171,0.222945736,0.062325581,0.382554517,0.000623053,0.584423676,0.280996885,0.037383178,0.334164977,0.007016997,0.680024949,0.225323562,0.031810385,Silage Corn,Yes,Yes,No,5,6.075114727,22.3497448
81,2096,KAT_TEE,4/17/23,5,0,5,0,173,78,95,0.028901734,0.052631579,0,0.057803468,5,16,2023,0.162857143,37.2,49.82857143,62.51428571,38.02857143,0.702857143,13.60285714,0.126246883,0.002182045,0.185785536,0.42861596,0.202306733,0.126246883,0.002182045,0.185785536,0.42861596,0.202306733,0.234404537,0,0.323881537,0.45431632,0.142407057,0.164802269,0.001260438,0.305656216,0.443989286,0.174413109,Silage Corn,No,Yes,Yes,5,5.959934235,23.65135002
82,2132,SMI_LAT,4/18/23,17,9,8,0,521,197,324,0.032629559,0.024691358,0.045685279,0.161228407,17,16,2023,0.19,38.68571429,50.74285714,62.77142857,40.88571429,0.388571429,12.68714286,0.215594905,0.000310655,0.448275862,0.278347313,0.117738428,0.215594905,0.000310655,0.448275862,0.278347313,0.117738428,0.182440847,0.054171856,0.53860523,0.253424658,0.102739726,0.18591242,0.032102228,0.494623656,0.27411563,0.116097865,Silage Corn,Yes,Yes,Yes,5,5.557508469,21.01000977
83,2076,DIP_FLE,4/18/23,88,64,24,0,1556,780,776,0.05655527,0.030927835,0.082051282,0.338688946,88,16,2023,0.152857143,40.27142857,51.88571429,63.51428571,40.41428571,0.765714286,13.89571429,0.302484472,0.005590062,0.604658385,0.145652174,0.12173913,0.302484472,0.005590062,0.604658385,0.145652174,0.12173913,0.440424205,0.006862133,0.580786026,0.190268247,0.173424828,0.314892952,0.00531333,0.69792155,0.143928739,0.116580716,Silage Corn,Yes,No,No,5,6.317162514,28.22133827
84,2078,DIP_CUR,4/18/23,60,25,35,0,1308,655,653,0.04587156,0.053598775,0.038167939,0.199541284,60,16,2023,0.135714286,39.82857143,51.18571429,62.52857143,37.3,1.607142857,13.96285714,0.308626596,0.06944877,0.54936157,0.164123326,0.143880411,0.308626596,0.06944877,0.54936157,0.164123326,0.143880411,0.338983051,0.03138732,0.61393597,0.133082235,0.16007533,0.350290469,0.063118229,0.613597111,0.169414351,0.138326268,Silage Corn,Yes,No,No,4,5.927192211,18.15420723
85,2080,POV_DUN,4/18/23,2,2,0,0,275,185,90,0.007272727,0,0.010810811,0.621818182,2,16,2023,0.127142857,40.02857143,51.78571429,63.51428571,38.75714286,1.091428571,14.41571429,0.002804612,0.001246494,0.031785603,0.479588657,0.272982237,0.002804612,0.001246494,0.031785603,0.479588657,0.272982237,0.006926952,0.001889169,0.10768262,0.47418136,0.331234257,0.002672116,0.00047155,0.116944357,0.487896888,0.261867337,Silage Corn,No,No,No,4,5.781182766,20.7029171
86,2136,SMI_DUR,4/18/23,63,22,41,0,1550,602,948,0.040645161,0.043248945,0.03654485,0.22,63,16,2023,0.211428571,40.72857143,52.2,63.64285714,39.77142857,1.035714286,14.51285714,0.110255621,0.07145057,0.292577764,0.436094857,0.157068063,0.110255621,0.07145057,0.292577764,0.436094857,0.157068063,0.332103321,0.009840098,0.412669127,0.38499385,0.114391144,0.228140394,0.013238916,0.326508621,0.433189655,0.144550493,Silage Corn,Yes,Yes,No,5,6.667976379,34.23325348
87,2074,DIP_PAT,4/18/23,72,44,28,0,1602,817,785,0.04494382,0.03566879,0.053855569,0.107990012,72,16,2023,0.178571429,40,51.97142857,63.92857143,40.55714286,0.662857143,14.54142857,0.256710892,0.140080222,0.721382289,0.14594261,0.053687134,0.256710892,0.140080222,0.721382289,0.14594261,0.053687134,0.504944376,0.014833127,0.615574784,0.35723115,0.021013597,0.41602227,0.079647386,0.755799567,0.151716672,0.039746366,Silage Corn,Yes,Yes,,5,6.454941273,26.51252174
88,2142,SMI_JOH_2,4/18/23,88,63,25,0,302,184,118,0.291390728,0.211864407,0.342391304,0.536423841,88,16,2023,0.222857143,40.24285714,51.31428571,62.38571429,39.75714286,0.894285714,13.23857143,0.231906375,0.004003696,0.310748383,0.467508469,0.118878965,0.231906375,0.004003696,0.310748383,0.467508469,0.118878965,0.023327195,0.04849601,0.421731123,0.345610804,0.114180479,0.065106972,0.095428659,0.343081422,0.46052024,0.118362321,Wheat,Yes,No,Yes,5,6.468092918,24.67160034
89,2144,SMI_JOH,4/18/23,20,18,2,0,497,258,239,0.040241449,0.008368201,0.069767442,0.271629779,20,16,2023,0.232857143,40.58571429,51.35714286,62.15714286,40.01428571,0.927142857,12.92,0.145672929,0.129966123,0.343393902,0.354173083,0.178318448,0.145672929,0.129966123,0.343393902,0.354173083,0.178318448,0.275246305,0.003694581,0.480295567,0.269704433,0.180418719,0.265186556,0.00431699,0.39978415,0.370490287,0.157415973,Wheat,No,Yes,Yes,5,6.416008472,24.34096146
90,2226,MIL_YOD,4/18/23,26,20,6,0,501,299,202,0.051896208,0.02970297,0.066889632,0.636726547,26,16,2023,0.234285714,38.45714286,49.55714286,60.68571429,38.7,0.702857143,12.11142857,0.159567901,0.087654321,0.439197531,0.282716049,0.186111111,0.159567901,0.087654321,0.439197531,0.282716049,0.186111111,0.181257707,0.113440197,0.548705302,0.388409371,0.062885327,0.213491818,0.072553257,0.491355357,0.279098487,0.183698672,Soybean,Yes,Yes,No,5,6.349746704,20.46067619
91,2228,MIL_CHA,4/18/23,7,1,6,0,277,157,120,0.025270758,0.05,0.006369427,0.519855596,7,16,2023,0.251428571,38.52857143,49.11428571,59.65714286,38.32857143,0.805714286,11.23571429,0.292412091,0.211597779,0.667797656,0.15885256,0.102097471,0.292412091,0.211597779,0.667797656,0.15885256,0.102097471,0.490147783,0.02955665,0.754926108,0.069581281,0.075738916,0.42769136,0.09795164,0.69012783,0.161096566,0.091637148,Silage Corn,No,Yes,Yes,5,6.120146751,20.23761559
92,2230,MIL_MCC,4/18/23,20,15,5,0,439,240,199,0.045558087,0.025125628,0.0625,0.13667426,20,16,2023,0.235714286,38.71428571,49.65714286,60.57142857,39.07142857,0.675714286,11.68285714,0.200738916,0.253694581,0.501539409,0.303571429,0.11453202,0.200738916,0.253694581,0.501539409,0.303571429,0.11453202,0.3432282,0.226963513,0.586270872,0.365491651,0.042053185,0.257456344,0.167362077,0.526348323,0.308607634,0.120537784,Soybean,No,Yes,No,5,6.210189819,27.60095024
93,2140,SMI_HOF,4/18/23,8,5,3,2,444,244,200,0.018018018,0.015,0.020491803,0.396396396,10,16,2023,0.21,39.92857143,52.2,64.47142857,39.8,0.838571429,14.48285714,0.110834371,0.057285181,0.215442092,0.453611457,0.205790785,0.110834371,0.057285181,0.215442092,0.453611457,0.205790785,0.076244486,0,0.195337114,0.619407687,0.06805293,0.157239641,0.007405073,0.249251615,0.459587207,0.197888766,Silage Corn,Yes,No,Yes,5,5.903712749,31.93047523
94,2270,ZUE_REE,4/19/23,8,5,3,0,2497,1359,1138,0.003203845,0.002636204,0.003679176,0.003203845,8,16,2023,0.188571429,40.9,52.12857143,63.34285714,40.41428571,0.925714286,13.80142857,0.129882207,0.14383137,0.500619963,0.149411035,0.119652821,0.129882207,0.14383137,0.500619963,0.149411035,0.119652821,0.070807453,0.199378882,0.582608696,0.173291925,0.165217391,0.07720988,0.209414323,0.523380457,0.148982445,0.114338978,Pumpkins,No,No,Yes,4,6.537268639,24.44252777
95,2198,WIS_COO_2,4/19/23,0,0,0,0,295,206,89,0,0,0,0.003389831,0,16,2023,0.144285714,41.7,51.28571429,60.84285714,39.37142857,0.935714286,9.641428571,0.086559647,0.028958137,0.146049732,0.548001259,0.162732137,0.086559647,0.028958137,0.146049732,0.548001259,0.162732137,0.096981374,0.138728324,0.316634554,0.453436095,0.125240848,0.069302177,0.04081306,0.196702945,0.549295775,0.157010243,Silage Corn,No,No,No,5,5.979127407,44.69318771
96,2196,WIS_COO,4/19/23,1,1,0,0,1367,880,487,0.000731529,0,0.001136364,0.019019751,1,16,2023,0.15,41.61428571,50.75714286,59.92857143,39.47142857,0.901428571,9.075714286,0.217132099,0.023219329,0.349858801,0.26513963,0.294634452,0.217132099,0.023219329,0.349858801,0.26513963,0.294634452,0.05942492,0.018530351,0.522044728,0.108626198,0.34313099,0.121682123,0.056443876,0.382475216,0.262711864,0.31371922,Silage Corn Strip Cropped With Alfalfa,No,Yes,No,5,5.968518734,24.17316246
97,2146,STA_COL,4/20/23,6,3,3,0,720,532,188,0.008333333,0.015957447,0.005639098,0.013888889,6,16,2023,0.107142857,40.17142857,51.28571429,62.42857143,38.77142857,1.037142857,13.22428571,0.271051014,0.052858021,0.55654579,0.158881377,0.178549478,0.271051014,0.052858021,0.55654579,0.158881377,0.178549478,0.55006105,0.101343101,0.812576313,0.038461538,0.076312576,0.274777539,0.091132249,0.591745934,0.164007364,0.147744707,Silage Corn,Yes,Yes,No,5,6.560458183,23.67193604
98,2148,STA_SWE,4/20/23,3,2,1,0,366,297,69,0.008196721,0.014492754,0.006734007,0.013661202,3,16,2023,0.154285714,38.72857143,50.51428571,62.31428571,38.72857143,0.775714286,13.42428571,0.266069221,0.01946848,0.502163164,0.253090235,0.136897404,0.266069221,0.01946848,0.502163164,0.253090235,0.136897404,0.316542289,0.043532338,0.672263682,0.104477612,0.111940299,0.29850978,0.028407327,0.56116113,0.264669357,0.096864328,Silage Corn,Yes,Yes,Yes,5,6.38201952,33.36382294
99,2150,STA_HEM,4/20/23,7,3,4,0,1309,715,594,0.005347594,0.006734007,0.004195804,0.060351413,7,16,2023,0.2,40.45714286,51.4,62.38571429,39.92857143,0.928571429,13.04285714,0.286287832,0.106856084,0.547560222,0.199505868,0.152563311,0.286287832,0.106856084,0.547560222,0.199505868,0.152563311,0.369202226,0.031539889,0.562770563,0.193568336,0.153370439,0.290197897,0.089208411,0.572820037,0.198670377,0.140538033,Silage Corn,Yes,Yes,Yes,4,6.554670334,26.48303223
100,2240,DEG_PER_STRIP,4/20/23,15,8,7,0,190,106,84,0.078947368,0.083333333,0.075471698,0.078947368,15,16,2023,0.137142857,39.15714286,50.21428571,61.27142857,39.6,0.652857143,12.22714286,0.220601924,0.038783742,0.410176854,0.322680732,0.135587962,0.220601924,0.038783742,0.410176854,0.322680732,0.135587962,0.194271482,0.132004981,0.655666252,0.103362391,0.188044832,0.193266833,0.048784289,0.476620948,0.325436409,0.131390274,Silage Corn,Yes,No,No,5,5.993263245,23.35876274
101,2153,STA_HEM_2,4/20/23,32,15,17,0,891,516,375,0.035914703,0.045333333,0.029069767,0.117845118,32,16,2023,0.204285714,40.28571429,51.27142857,62.24285714,39.85714286,0.918571429,13.00571429,0.260896445,0.02812983,0.565378671,0.200309119,0.136012365,0.260896445,0.02812983,0.565378671,0.200309119,0.136012365,0.334572491,0.005576208,0.724907063,0.128252788,0.078066914,0.174566295,0.034696406,0.576982652,0.194392813,0.123451053,Grain Corn,Yes,Yes,Yes,4,6.685321331,23.87444115
102,2238,DEG_YOU_JONES,4/20/23,27,3,24,1,1097,521,576,0.02461258,0.041666667,0.005758157,0.02461258,28,16,2023,0.142857143,39.6,50.81428571,62.07142857,39.67142857,0.761428571,12.92,0.253564786,0.007129572,0.347489151,0.206757595,0.201487911,0.253564786,0.007129572,0.347489151,0.206757595,0.201487911,0.241121495,0.021806854,0.456074766,0.188161994,0.224299065,0.237071651,0.010903427,0.46588785,0.204361371,0.19953271,Silage Corn,No,Yes,Yes,5,6.899239063,17.49082565
103,2242,DEG_VIL,4/20/23,19,3,16,0,836,460,376,0.022727273,0.042553191,0.006521739,0.022727273,19,16,2023,0.14,39.45714286,50.67142857,61.88571429,39.68571429,0.725714286,12.72285714,0.310547479,0.014228271,0.434580885,0.206928549,0.139808228,0.310547479,0.014228271,0.434580885,0.206928549,0.139808228,0.509034268,0.024922118,0.591277259,0.099688474,0.150155763,0.289432668,0.013871571,0.4909601,0.210723192,0.147755611,Grain Corn,Yes,,Yes,5,6.654009819,18.75856018
104,2152,STA_WIL,4/20/23,30,23,7,3,281,230,51,0.106761566,0.137254902,0.1,0.199288256,33,16,2023,0.225714286,40.55714286,51.74285714,62.92857143,40.01428571,0.945714286,13.53142857,0.241368681,0.017879162,0.487977805,0.305487053,0.114981504,0.241368681,0.017879162,0.487977805,0.305487053,0.114981504,0.127149877,0.007371007,0.587223587,0.131449631,0.156019656,0.194632943,0.013109192,0.522208513,0.303207896,0.110734115,Silage Corn,Yes,No,Yes,4,6.444833279,34.71776962
105,2204,WIS_KEN,4/21/23,12,8,4,0,448,296,152,0.026785714,0.026315789,0.027027027,0.091517857,12,16,2023,0.265714286,46,54.97142857,63.92857143,42.15714286,1.155714286,10.86428571,0.000315259,0.000630517,0.039722573,0.289407314,0.106872636,0.000315259,0.000630517,0.039722573,0.289407314,0.106872636,0.005157963,0,0.09929078,0.320438427,0.181818182,0.001771622,0,0.046223224,0.299565147,0.096956032,Grain Corn,Yes,No,Yes,4,5.452927113,13.98438168
106,2202,WIS_HIG,4/21/23,2,2,0,0,160,98,62,0.0125,0,0.020408163,0.01875,2,16,2023,0.262857143,44.5,54.15714286,63.78571429,41.17142857,1.03,11.16,0.001572822,0.000314564,0.054419629,0.52689525,0.164831708,0.001572822,0.000314564,0.054419629,0.52689525,0.164831708,0.003861004,0,0.048262548,0.554054054,0.115186615,0.003690037,0.001283491,0.065297609,0.539387133,0.13765442,,Yes,No,Yes,5,5.566951752,23.14190102
107,2244,DEG_DIE_SWC,4/21/23,38,9,29,0,223,110,113,0.170403587,0.256637168,0.081818182,0.170403587,38,16,2023,0.14,39.67142857,50.88571429,62.12857143,39.68571429,0.765714286,12.98714286,0.24301676,0.054314091,0.315021726,0.289261328,0.253258845,0.24301676,0.054314091,0.315021726,0.289261328,0.253258845,0.344569288,0.111735331,0.571785268,0.173533084,0.171660424,0.252068051,0.053379117,0.378336195,0.295770251,0.229904792,Sweet Corn,No,No,Yes,5,6.143694878,24.17197609
108,2200,WIS_MEG,4/21/23,15,10,5,0,251,124,127,0.059760956,0.039370079,0.080645161,0.203187251,15,16,2023,0.234285714,43.97142857,53.61428571,63.24285714,40.8,1.045714286,11.00857143,0.082419304,0.000626763,0.123472266,0.270761517,0.261360075,0.082419304,0.000626763,0.123472266,0.270761517,0.261360075,0.106234097,0.010178117,0.251908397,0.218193384,0.220101781,0.059188544,0.017979316,0.191408115,0.273349244,0.231821798,Sweet Corn,No,No,Yes,4,5.365185261,16.90901184
109,2248,DEG_YOU_BOCES,4/21/23,150,17,133,2,639,344,295,0.234741784,0.450847458,0.049418605,0.234741784,152,16,2023,0.132857143,39.6,51.02857143,62.48571429,39.52857143,0.794285714,13.42285714,0.118339529,0.004337051,0.146530359,0.248141264,0.298946716,0.118339529,0.004337051,0.146530359,0.248141264,0.298946716,0.329595016,0.002492212,0.404984424,0.038629283,0.396261682,0.117720531,0.006088993,0.198907104,0.251053864,0.288056206,,No,Yes,Yes,5,6.506287098,17.9388752
110,2250,DEG_YOU_OSHEA,4/21/23,21,6,15,0,610,262,348,0.03442623,0.043103448,0.022900763,0.03442623,21,16,2023,0.135714286,38.94285714,49.62857143,60.31428571,39.12857143,0.727142857,11.55857143,0.175759454,0.160880347,0.416924985,0.312461252,0.058586485,0.175759454,0.160880347,0.416924985,0.312461252,0.058586485,0.435433562,0.061135371,0.691827823,0.204616344,0.028072364,0.276087974,0.034316019,0.455155202,0.314147559,0.049602246,Silage Corn,No,,,5,5.277257442,19.04313278
111,2252,DEG_FOU_WOOD,4/21/23,59,28,31,1,436,235,201,0.135321101,0.154228856,0.119148936,0.135321101,60,16,2023,0.137142857,39.21428571,50.18571429,61.14285714,39.21428571,0.775714286,12.29,0.307191569,0.00216987,0.413515189,0.190638562,0.173279603,0.307191569,0.00216987,0.413515189,0.190638562,0.173279603,0.440349781,0.007495315,0.678326046,0.036227358,0.187382886,0.310037523,0.005159475,0.561913696,0.194340213,0.166823014,Silage Corn,Yes,No,Yes,5,5.715062618,20.57002831
112,2294,SEA_HOO,4/21/23,39,11,28,0,2273,1338,935,0.017157941,0.029946524,0.008221226,0.017157941,39,16,2023,0.16,41.27142857,52.07142857,62.87142857,40.2,1.007142857,12.84714286,0.219527363,0.179726368,0.765547264,0.113495025,0.043221393,0.219527363,0.179726368,0.765547264,0.113495025,0.043221393,0.187149095,0.132875858,0.746724891,0.147223955,0.029320025,0.259756478,0.152357165,0.782391508,0.113019045,0.03886981,Mixed Veg,Yes,Yes,Yes,4,6.488575935,26.25037003
113,2246,DEG_DIE_HILL,4/21/23,38,23,15,0,1157,731,426,0.032843561,0.035211268,0.031463748,0.032843561,38,16,2023,0.132857143,39.37142857,50.51428571,61.7,39.54285714,0.728571429,12.65857143,0.144630664,0.00496586,0.287709497,0.170391061,0.226256983,0.144630664,0.00496586,0.287709497,0.170391061,0.226256983,0.282035176,0.236180905,0.600502513,0.123115578,0.212939698,0.12490242,0.068852459,0.354722873,0.177673692,0.20952381,,No,No,Yes,5,6.117238522,22.74447823
114,2164,KAT_JEF,4/24/23,1,1,0,0,109,62,47,0.009174312,0,0.016129032,0.027522936,1,17,2023,0.068571429,34.77142857,43.55714286,52.41428571,35.27142857,0.448571429,6.928571429,0.05625,0.0015625,0.07,0.4128125,0.204375,0.05625,0.0015625,0.07,0.4128125,0.204375,0.031605563,0.006321113,0.274968394,0.470290771,0.202907712,0.069973148,0.003159059,0.329015953,0.409887853,0.176433423,Silage Corn,No,Yes,Yes,5,5.586032867,22.36896324
115,2166,KAT_JEF_2,4/24/23,0,0,0,0,109,60,49,0,0,0,0.055045872,0,17,2023,0.074285714,34.34285714,43.14285714,51.95714286,35.15714286,0.415714286,6.71,0.103738318,0.007476636,0.12834891,0.520560748,0.169158879,0.103738318,0.007476636,0.12834891,0.520560748,0.169158879,0.149178255,0.003160556,0.405183312,0.336283186,0.178255373,0.120977918,0.002839117,0.30362776,0.524132492,0.13044164,Silage Corn,No,Yes,Yes,5,6.26295042,37.54327011
116,2168,KAT_BAR,4/24/23,120,49,71,0,769,226,543,0.156046814,0.130755064,0.216814159,0.192457737,120,17,2023,0.08,36.15714286,45.45714286,54.77142857,37.18571429,0.361428571,7.342857143,0.150015659,0.024115252,0.186658315,0.465079862,0.165988099,0.150015659,0.024115252,0.186658315,0.465079862,0.165988099,0.328234544,0.005736138,0.38623327,0.275334608,0.149139579,0.120152575,0.020979021,0.223617292,0.469961856,0.149237127,Soybean,No,No,Yes,5,5.867260933,22.92560768
117,2170,KAT_SAU,4/24/23,46,23,23,1,273,142,131,0.168498168,0.175572519,0.161971831,0.666666667,47,17,2023,0.081428571,36.05714286,43.54285714,50.98571429,34.47142857,0.718571429,6.372857143,0.122455371,0.004384591,0.17099906,0.461634826,0.150642029,0.122455371,0.004384591,0.17099906,0.461634826,0.150642029,0.170266836,0.028589581,0.548284625,0.302414231,0.103557814,0.096979332,0.009062003,0.330206677,0.459618442,0.136406995,Silage Corn,Yes,Yes,Yes,5,5.537230015,19.16375542
118,2172,KAT_SAU_2,4/24/23,41,14,27,1,302,107,195,0.135761589,0.138461538,0.130841121,0.410596026,42,17,2023,0.081428571,36.48571429,43.62857143,50.77142857,34.68571429,0.798571429,6.205714286,0.151657286,0.025953721,0.269543465,0.252970607,0.186366479,0.151657286,0.025953721,0.269543465,0.252970607,0.186366479,0.19581749,0,0.655259823,0.117237009,0.154626109,0.181052297,0.000794786,0.499284692,0.249721825,0.164997616,Silage Corn,Yes,Yes,Yes,5,5.722351551,21.01234818
119,2174,KAT_TEE,4/24/23,44,6,38,3,173,78,95,0.25433526,0.4,0.076923077,0.312138728,47,17,2023,0.045714286,34.45714286,43.25714286,52.02857143,35.11428571,0.428571429,6.774285714,0.126246883,0.002182045,0.185785536,0.42861596,0.202306733,0.126246883,0.002182045,0.185785536,0.42861596,0.202306733,0.234404537,0,0.323881537,0.45431632,0.142407057,0.164802269,0.001260438,0.305656216,0.443989286,0.174413109,Silage Corn,No,Yes,Yes,5,5.959934235,23.65135002
120,2176,KAT_TEE_2,4/24/23,20,8,12,0,445,211,234,0.04494382,0.051282051,0.037914692,0.049438202,20,17,2023,0.04,34.48571429,42.1,49.74285714,34.37142857,0.487142857,5.897142857,0.100748596,0.002183406,0.112913288,0.732376794,0.054585153,0.100748596,0.002183406,0.112913288,0.732376794,0.054585153,0.328922495,0,0.441713926,0.419029616,0.095778198,0.116462071,0.000629525,0.188227888,0.740163676,0.052250551,Silage Corn,No,Yes,Yes,5,5.739637852,17.81757545
121,2206,LET_TAB,4/24/23,93,49,44,0,465,281,184,0.2,0.239130435,0.174377224,0.255913978,93,17,2023,0.035714286,34.97142857,43.24285714,51.47142857,34.44285714,0.554285714,6.538571429,0.273178295,0.011472868,0.648682171,0.222945736,0.062325581,0.273178295,0.011472868,0.648682171,0.222945736,0.062325581,0.382554517,0.000623053,0.584423676,0.280996885,0.037383178,0.334164977,0.007016997,0.680024949,0.225323562,0.031810385,Silage Corn,Yes,Yes,No,5,6.075114727,22.3497448
122,2208,LET_NOB,4/24/23,29,16,13,0,977,669,308,0.029682702,0.042207792,0.023916293,0.038894575,29,17,2023,0.067142857,35.82857143,44.28571429,52.77142857,36.47142857,0.39,6.6,0.44619666,0.014533086,0.739950526,0.147186147,0.058441558,0.44619666,0.014533086,0.739950526,0.147186147,0.058441558,0.455052697,0.047737136,0.735895846,0.120272784,0.060136392,0.378466305,0.067544539,0.756777692,0.155538342,0.040588691,Silage Corn,Yes,Yes,Yes,4,6.663196564,25.65228653
123,2302,GAB_STE,4/24/23,14,8,6,0,729,414,315,0.01920439,0.019047619,0.019323671,0.186556927,14,17,2023,0.137142857,36.81428571,47.04285714,57.3,37.17142857,0.554285714,9.465714286,0.089423373,0,0.187172371,0.636139377,0.121184089,0.089423373,0,0.187172371,0.636139377,0.121184089,0.154886294,0,0.250768285,0.561770129,0.12968654,0.102323434,0.00015387,0.219879982,0.632404985,0.117402677,Silage Corn,No,Yes,Yes,5,5.358693123,12.73650074
124,2480,SMI_DOU,4/24/23,13,6,7,0,114,52,62,0.114035088,0.112903226,0.115384615,0.394736842,13,17,2023,0.144285714,33.75714286,42.82857143,51.94285714,34.97142857,0.295714286,6.677142857,0.025261861,0.048367221,0.172520025,0.204559458,0.199014171,0.025261861,0.048367221,0.172520025,0.204559458,0.199014171,0.033846154,0.081846154,0.583384615,0.107076923,0.214769231,0.046504466,0.036495226,0.497228211,0.205112411,0.177702495,Soybean,No,Yes,Yes,5,6.29728651,24.98108101
125,2486,SMI_CAN,4/24/23,87,19,68,0,657,260,397,0.132420091,0.171284635,0.073076923,0.281582953,87,17,2023,0.115714286,33.71428571,42.27142857,50.82857143,34.92857143,0.274285714,6.021428571,0.141579272,0.020049352,0.295805059,0.277606416,0.220542875,0.141579272,0.020049352,0.295805059,0.277606416,0.220542875,0.134282178,0.008044554,0.273514851,0.404084158,0.190594059,0.162074303,0.01130031,0.447213622,0.276934985,0.200773994,Silage Corn,No,Yes,Yes,5,5.585507393,15.5769558
126,2492,SMI_CRO,4/24/23,13,8,5,0,188,105,83,0.069148936,0.060240964,0.076190476,0.808510638,13,17,2023,0.097142857,36.58571429,45.82857143,55.07142857,36.62857143,0.39,8.008571429,0.178527228,0.173267327,0.451113861,0.101175743,0.171410891,0.178527228,0.173267327,0.451113861,0.101175743,0.171410891,0.441961515,0.213531968,0.836126629,0.018001241,0.104283054,0.216145026,0.146885652,0.700340874,0.100867679,0.152928416,Grain Corn,No,No,Yes,5,6.335429668,26.11972809
127,2498,SMI_MCC,4/24/23,8,4,4,0,264,138,126,0.03030303,0.031746032,0.028985507,0.223484848,8,17,2023,0.122857143,33.3,42.15714286,51,34.81428571,0.277142857,6.182857143,0.093008931,0.065906991,0.193717277,0.263319988,0.262704034,0.093008931,0.065906991,0.193717277,0.263319988,0.262704034,0.199261993,0.117466175,0.67404674,0.064575646,0.208487085,0.115461385,0.032703823,0.460770766,0.264854906,0.222171043,Soybean,No,No,No,5,6.356281281,15.2996912
128,2504,SMI_KEL,4/24/23,1,0,1,0,328,147,181,0.00304878,0.005524862,0,0.179878049,1,17,2023,0.111428571,36.45714286,45.64285714,54.84285714,36.41428571,0.364285714,7.977142857,0.273343606,0.009861325,0.358089368,0.267180277,0.163328197,0.273343606,0.009861325,0.358089368,0.267180277,0.163328197,0.060456508,0.110425663,0.410857495,0.438618137,0.078963603,0.111660232,0.197220077,0.563706564,0.265791506,0.116602317,Silage Corn,Yes,Yes,Yes,5,6.507095337,28.20439339
129,2510,SMI_COB,4/24/23,46,32,14,0,245,187,58,0.187755102,0.24137931,0.171122995,0.555102041,46,17,2023,0.082857143,36.24285714,45.08571429,53.95714286,36.67142857,0.328571429,7.195714286,0.140111593,0.001549907,0.348419095,0.162430254,0.207067576,0.140111593,0.001549907,0.348419095,0.162430254,0.207067576,0.034246575,0.00871731,0.321295143,0.221668742,0.215442092,0.083905178,0.005614473,0.330474111,0.151902682,0.272925764,Silage Corn,Yes,No,No,4,5.930618286,20.99067307
130,2516,SMI_HOL,4/24/23,12,9,3,0,352,226,126,0.034090909,0.023809524,0.039823009,0.397727273,12,17,2023,0.082857143,37.87142857,47.22857143,56.64285714,36.81428571,0.447142857,9.082857143,0.201545595,0.022256569,0.39690881,0.267078825,0.105409583,0.201545595,0.022256569,0.39690881,0.267078825,0.105409583,0.298701299,0.009894867,0.799628942,0.081014224,0.089672233,0.218319666,0.00448708,0.572025375,0.271081541,0.105369024,Grain Corn,No,No,Yes,5,6.415804386,25.43291092
131,2300,GAB_ALL,4/24/23,41,28,13,0,1143,822,321,0.035870516,0.040498442,0.03406326,0.165354331,41,17,2023,0.14,39.1,48.71428571,58.35714286,37.98571429,0.648571429,9.878571429,0.017310665,0,0.02194745,0.588871716,0.062751159,0.017310665,0,0.02194745,0.588871716,0.062751159,0.00618047,0,0.030284302,0.592707046,0.145241038,0.005874169,0.010975421,0.030298346,0.58417066,0.065852527,Silage Corn,No,Yes,Yes,5,5.886958599,28.32917595
132,2160,KAT_HAB,4/25/23,7,6,1,0,242,139,103,0.02892562,0.009708738,0.043165468,0.090909091,7,17,2023,0.075714286,37.72857143,46.17142857,54.64285714,36.15714286,0.787142857,7.418571429,0.239130435,0.072670807,0.327639752,0.283850932,0.102173913,0.239130435,0.072670807,0.327639752,0.283850932,0.102173913,0.244360902,0.193609023,0.601503759,0.176065163,0.112155388,0.195389682,0.093774502,0.426689666,0.279128117,0.118551043,Soybean,No,No,Yes,5,5.957181454,23.42772102
133,2162,KAT_HAB_2,4/25/23,80,64,16,0,516,324,192,0.15503876,0.083333333,0.197530864,0.269379845,80,17,2023,0.077142857,35.91428571,44.58571429,53.24285714,35.2,0.574285714,7.058571429,0.281755915,0.009028643,0.326276463,0.328767123,0.086239103,0.281755915,0.009028643,0.326276463,0.328767123,0.086239103,0.457214241,0.06620862,0.695815116,0.137414116,0.083697689,0.351588171,0.019089344,0.536848693,0.324988265,0.078235018,Silage Corn,Yes,Yes,Yes,5,5.955316067,20.81032753
134,2178,DIP_PAT,4/25/23,67,14,53,0,1602,817,785,0.041822722,0.067515924,0.017135863,0.149812734,67,17,2023,0.088571429,37.45714286,45.97142857,54.51428571,37.52857143,0.464285714,7.277142857,0.256710892,0.140080222,0.721382289,0.14594261,0.053687134,0.256710892,0.140080222,0.721382289,0.14594261,0.053687134,0.504944376,0.014833127,0.615574784,0.35723115,0.021013597,0.41602227,0.079647386,0.755799567,0.151716672,0.039746366,Silage Corn,Yes,Yes,,5,6.454941273,26.51252174
135,2180,DIP_FLE,4/25/23,70,43,27,2,1556,780,776,0.044987147,0.034793814,0.055128205,0.383676093,72,17,2023,0.071428571,37.35714286,45.48571429,53.64285714,37.32857143,0.458571429,6.632857143,0.302484472,0.005590062,0.604658385,0.145652174,0.12173913,0.302484472,0.005590062,0.604658385,0.145652174,0.12173913,0.440424205,0.006862133,0.580786026,0.190268247,0.173424828,0.314892952,0.00531333,0.69792155,0.143928739,0.116580716,Silage Corn,Yes,No,No,5,6.317162514,28.22133827
136,2182,DIP_CUR,4/25/23,25,10,15,1,1308,655,653,0.01911315,0.022970904,0.015267176,0.218654434,26,17,2023,0.165714286,34.18571429,43.14285714,52.11428571,34.85714286,0.512857143,6.502857143,0.308626596,0.06944877,0.54936157,0.164123326,0.143880411,0.308626596,0.06944877,0.54936157,0.164123326,0.143880411,0.338983051,0.03138732,0.61393597,0.133082235,0.16007533,0.350290469,0.063118229,0.613597111,0.169414351,0.138326268,Silage Corn,Yes,No,No,4,5.927192211,18.15420723
137,2528,SMI_LAT,4/25/23,22,8,14,0,521,197,324,0.042226488,0.043209877,0.040609137,0.203454894,22,17,2023,0.122857143,34.71428571,44.48571429,54.3,37.77142857,0.055714286,7.071428571,0.215594905,0.000310655,0.448275862,0.278347313,0.117738428,0.215594905,0.000310655,0.448275862,0.278347313,0.117738428,0.182440847,0.054171856,0.53860523,0.253424658,0.102739726,0.18591242,0.032102228,0.494623656,0.27411563,0.116097865,Silage Corn,Yes,Yes,Yes,5,5.557508469,21.01000977
138,2522,SMI_HOF,4/25/23,28,19,9,0,444,244,200,0.063063063,0.045,0.077868852,0.459459459,28,17,2023,0.147142857,36.05714286,45.72857143,55.4,36.57142857,0.354285714,7.991428571,0.110834371,0.057285181,0.215442092,0.453611457,0.205790785,0.110834371,0.057285181,0.215442092,0.453611457,0.205790785,0.076244486,0,0.195337114,0.619407687,0.06805293,0.157239641,0.007405073,0.249251615,0.459587207,0.197888766,Silage Corn,Yes,No,Yes,5,5.903712749,31.93047523
139,2534,SMI_DUR,4/25/23,342,92,250,1,1550,602,948,0.220645161,0.26371308,0.15282392,0.440645161,343,17,2023,0.1,38.52857143,46.85714286,55.2,36.38571429,0.908571429,8.017142857,0.110255621,0.07145057,0.292577764,0.436094857,0.157068063,0.110255621,0.07145057,0.292577764,0.436094857,0.157068063,0.332103321,0.009840098,0.412669127,0.38499385,0.114391144,0.228140394,0.013238916,0.326508621,0.433189655,0.144550493,Silage Corn,Yes,Yes,No,5,6.667976379,34.23325348
140,2540,SMI_JOH,4/25/23,21,16,5,0,497,258,239,0.042253521,0.020920502,0.062015504,0.3138833,21,17,2023,0.111428571,37.9,45.94285714,53.97142857,36.6,0.651428571,7.271428571,0.145672929,0.129966123,0.343393902,0.354173083,0.178318448,0.145672929,0.129966123,0.343393902,0.354173083,0.178318448,0.275246305,0.003694581,0.480295567,0.269704433,0.180418719,0.265186556,0.00431699,0.39978415,0.370490287,0.157415973,Wheat,No,Yes,Yes,5,6.416008472,24.34096146
141,2546,SMI_JOH_2,4/25/23,10,5,5,0,302,184,118,0.033112583,0.042372881,0.027173913,0.569536424,10,17,2023,0.097142857,37.54285714,45.88571429,54.2,36.31428571,0.647142857,7.495714286,0.231906375,0.004003696,0.310748383,0.467508469,0.118878965,0.231906375,0.004003696,0.310748383,0.467508469,0.118878965,0.023327195,0.04849601,0.421731123,0.345610804,0.114180479,0.065106972,0.095428659,0.343081422,0.46052024,0.118362321,Wheat,Yes,No,Yes,5,6.468092918,24.67160034
142,2184,POV_DUN,4/25/23,11,6,5,0,275,185,90,0.04,0.055555556,0.032432432,0.661818182,11,17,2023,0.125714286,34.95714286,44.24285714,53.52857143,35.9,0.368571429,6.998571429,0.002804612,0.001246494,0.031785603,0.479588657,0.272982237,0.002804612,0.001246494,0.031785603,0.479588657,0.272982237,0.006926952,0.001889169,0.10768262,0.47418136,0.331234257,0.002672116,0.00047155,0.116944357,0.487896888,0.261867337,Silage Corn,No,No,No,4,5.781182766,20.7029171
143,2272,ZUE_REE,4/26/23,133,65,68,0,2497,1359,1138,0.053263917,0.059753954,0.047829286,0.056467761,133,17,2023,0.104285714,38.05714286,45.71428571,53.38571429,37.94285714,0.557142857,6.31,0.129882207,0.14383137,0.500619963,0.149411035,0.119652821,0.129882207,0.14383137,0.500619963,0.149411035,0.119652821,0.070807453,0.199378882,0.582608696,0.173291925,0.165217391,0.07720988,0.209414323,0.523380457,0.148982445,0.114338978,Pumpkins,No,No,Yes,4,6.537268639,24.44252777
144,2218,STA_HEM_2,4/26/23,95,25,70,0,891,516,375,0.106621773,0.186666667,0.048449612,0.224466891,95,17,2023,0.108571429,37.01428571,44.68571429,52.34285714,37.25714286,0.517142857,6.05,0.260896445,0.02812983,0.565378671,0.200309119,0.136012365,0.260896445,0.02812983,0.565378671,0.200309119,0.136012365,0.334572491,0.005576208,0.724907063,0.128252788,0.078066914,0.174566295,0.034696406,0.576982652,0.194392813,0.123451053,Grain Corn,Yes,Yes,Yes,4,6.685321331,23.87444115
145,2216,STA_SWE,4/26/23,24,23,1,0,366,297,69,0.06557377,0.014492754,0.077441077,0.079234973,24,17,2023,0.044285714,36.12857143,44.92857143,53.7,36.34285714,0.484285714,7.15,0.266069221,0.01946848,0.502163164,0.253090235,0.136897404,0.266069221,0.01946848,0.502163164,0.253090235,0.136897404,0.316542289,0.043532338,0.672263682,0.104477612,0.111940299,0.29850978,0.028407327,0.56116113,0.264669357,0.096864328,Silage Corn,Yes,Yes,Yes,5,6.38201952,33.36382294
146,2214,STA_WIL,4/26/23,37,29,8,0,281,230,51,0.131672598,0.156862745,0.126086957,0.330960854,37,17,2023,0.095714286,38,45.62857143,53.24285714,37.62857143,0.611428571,6.342857143,0.241368681,0.017879162,0.487977805,0.305487053,0.114981504,0.241368681,0.017879162,0.487977805,0.305487053,0.114981504,0.127149877,0.007371007,0.587223587,0.131449631,0.156019656,0.194632943,0.013109192,0.522208513,0.303207896,0.110734115,Silage Corn,Yes,No,Yes,4,6.444833279,34.71776962
147,2212,STA_HEM,4/26/23,74,42,32,0,1309,715,594,0.056531704,0.053872054,0.058741259,0.116883117,74,17,2023,0.108571429,37.27142857,44.91428571,52.57142857,37.38571429,0.527142857,6.101428571,0.286287832,0.106856084,0.547560222,0.199505868,0.152563311,0.286287832,0.106856084,0.547560222,0.199505868,0.152563311,0.369202226,0.031539889,0.562770563,0.193568336,0.153370439,0.290197897,0.089208411,0.572820037,0.198670377,0.140538033,Silage Corn,Yes,Yes,Yes,4,6.554670334,26.48303223
148,2210,STA_COL,4/26/23,18,9,9,0,720,532,188,0.025,0.04787234,0.016917293,0.038888889,18,17,2023,0.114285714,38,45.85714286,53.68571429,36.81428571,0.685714286,6.98,0.271051014,0.052858021,0.55654579,0.158881377,0.178549478,0.271051014,0.052858021,0.55654579,0.158881377,0.178549478,0.55006105,0.101343101,0.812576313,0.038461538,0.076312576,0.274777539,0.091132249,0.591745934,0.164007364,0.147744707,Silage Corn,Yes,Yes,No,5,6.560458183,23.67193604
149,2232,MIL_YOD,4/27/23,46,36,10,0,501,299,202,0.091816367,0.04950495,0.120401338,0.728542914,46,17,2023,0.117142857,34.91428571,43.58571429,52.25714286,35.17142857,0.354285714,6.751428571,0.159567901,0.087654321,0.439197531,0.282716049,0.186111111,0.159567901,0.087654321,0.439197531,0.282716049,0.186111111,0.181257707,0.113440197,0.548705302,0.388409371,0.062885327,0.213491818,0.072553257,0.491355357,0.279098487,0.183698672,Soybean,Yes,Yes,No,5,6.349746704,20.46067619
150,2234,MIL_CHA,4/27/23,49,33,16,0,277,157,120,0.176895307,0.133333333,0.210191083,0.696750903,49,17,2023,0.117142857,34.71428571,43,51.27142857,34.91428571,0.387142857,6.267142857,0.292412091,0.211597779,0.667797656,0.15885256,0.102097471,0.292412091,0.211597779,0.667797656,0.15885256,0.102097471,0.490147783,0.02955665,0.754926108,0.069581281,0.075738916,0.42769136,0.09795164,0.69012783,0.161096566,0.091637148,Silage Corn,No,Yes,Yes,5,6.120146751,20.23761559
151,2236,MIL_MCC,4/27/23,133,72,61,0,439,240,199,0.302961276,0.306532663,0.3,0.439635535,133,17,2023,0.111428571,35.07142857,43.57142857,52.08571429,35.68571429,0.308571429,6.451428571,0.200738916,0.253694581,0.501539409,0.303571429,0.11453202,0.200738916,0.253694581,0.501539409,0.303571429,0.11453202,0.3432282,0.226963513,0.586270872,0.365491651,0.042053185,0.257456344,0.167362077,0.526348323,0.308607634,0.120537784,Soybean,No,Yes,No,5,6.210189819,27.60095024
152,2254,DEG_PER_STRIP,4/27/23,46,30,16,0,190,106,84,0.242105263,0.19047619,0.283018868,0.321052632,46,17,2023,0.114285714,34.92857143,43.2,51.44285714,36.51428571,0.208571429,5.782857143,0.220601924,0.038783742,0.410176854,0.322680732,0.135587962,0.220601924,0.038783742,0.410176854,0.322680732,0.135587962,0.194271482,0.132004981,0.655666252,0.103362391,0.188044832,0.193266833,0.048784289,0.476620948,0.325436409,0.131390274,Silage Corn,Yes,No,No,5,5.993263245,23.35876274
153,2256,DEG_VIL,4/27/23,107,60,47,2,836,460,376,0.127990431,0.125,0.130434783,0.150717703,109,17,2023,0.121428571,35.71428571,44.02857143,52.31428571,36.57142857,0.327142857,6.231428571,0.310547479,0.014228271,0.434580885,0.206928549,0.139808228,0.310547479,0.014228271,0.434580885,0.206928549,0.139808228,0.509034268,0.024922118,0.591277259,0.099688474,0.150155763,0.289432668,0.013871571,0.4909601,0.210723192,0.147755611,Grain Corn,Yes,,Yes,5,6.654009819,18.75856018
154,2264,DEG_YOU_BOCES,4/27/23,90,56,34,4,639,344,295,0.14084507,0.115254237,0.162790698,0.375586854,94,17,2023,0.141428571,35.71428571,44.14285714,52.54285714,36.44285714,0.328571429,6.388571429,0.118339529,0.004337051,0.146530359,0.248141264,0.298946716,0.118339529,0.004337051,0.146530359,0.248141264,0.298946716,0.329595016,0.002492212,0.404984424,0.038629283,0.396261682,0.117720531,0.006088993,0.198907104,0.251053864,0.288056206,,No,Yes,Yes,5,6.506287098,17.9388752
155,2260,DEG_YOU_OSHEA,4/27/23,47,30,17,1,610,262,348,0.07704918,0.048850575,0.114503817,0.11147541,48,17,2023,0.128571429,34.31428571,42.31428571,50.31428571,36.04285714,0.191428571,5.351428571,0.175759454,0.160880347,0.416924985,0.312461252,0.058586485,0.175759454,0.160880347,0.416924985,0.312461252,0.058586485,0.435433562,0.061135371,0.691827823,0.204616344,0.028072364,0.276087974,0.034316019,0.455155202,0.314147559,0.049602246,Silage Corn,No,,,5,5.277257442,19.04313278
156,2262,DEG_DIE_SWC,4/27/23,28,13,15,0,223,110,113,0.125560538,0.132743363,0.118181818,0.295964126,28,17,2023,0.151428571,35.88571429,44.15714286,52.42857143,36.57142857,0.348571429,6.264285714,0.24301676,0.054314091,0.315021726,0.289261328,0.253258845,0.24301676,0.054314091,0.315021726,0.289261328,0.253258845,0.344569288,0.111735331,0.571785268,0.173533084,0.171660424,0.252068051,0.053379117,0.378336195,0.295770251,0.229904792,Sweet Corn,No,No,Yes,5,6.143694878,24.17197609
157,2266,DEG_DIE_HILL,4/27/23,115,94,21,0,1157,731,426,0.099394987,0.049295775,0.128590971,0.132238548,115,17,2023,0.144285714,35.14285714,43.41428571,51.71428571,36.45714286,0.237142857,5.924285714,0.144630664,0.00496586,0.287709497,0.170391061,0.226256983,0.144630664,0.00496586,0.287709497,0.170391061,0.226256983,0.282035176,0.236180905,0.600502513,0.123115578,0.212939698,0.12490242,0.068852459,0.354722873,0.177673692,0.20952381,,No,No,Yes,5,6.117238522,22.74447823
158,2268,DEG_FOU_WOOD,4/27/23,61,37,24,0,436,235,201,0.139908257,0.119402985,0.157446809,0.275229358,61,17,2023,0.094285714,34.44285714,42.78571429,51.14285714,36.14285714,0.192857143,5.722857143,0.307191569,0.00216987,0.413515189,0.190638562,0.173279603,0.307191569,0.00216987,0.413515189,0.190638562,0.173279603,0.440349781,0.007495315,0.678326046,0.036227358,0.187382886,0.310037523,0.005159475,0.561913696,0.194340213,0.166823014,Silage Corn,Yes,No,Yes,5,5.715062618,20.57002831
159,2258,DEG_YOU_JONES,4/27/23,147,63,84,4,1097,521,576,0.134001823,0.145833333,0.120921305,0.158614403,151,17,2023,0.124285714,35.97142857,44.25714286,52.51428571,36.54285714,0.372857143,6.344285714,0.253564786,0.007129572,0.347489151,0.206757595,0.201487911,0.253564786,0.007129572,0.347489151,0.206757595,0.201487911,0.241121495,0.021806854,0.456074766,0.188161994,0.224299065,0.237071651,0.010903427,0.46588785,0.204361371,0.19953271,Silage Corn,No,Yes,Yes,5,6.899239063,17.49082565
160,2306,WIS_HIG,4/28/23,29,23,6,0,160,98,62,0.18125,0.096774194,0.234693878,0.2,29,17,2023,0.281428571,38.2,47.91428571,57.61428571,38.78571429,0.362857143,8.5,0.001572822,0.000314564,0.054419629,0.52689525,0.164831708,0.001572822,0.000314564,0.054419629,0.52689525,0.164831708,0.003861004,0,0.048262548,0.554054054,0.115186615,0.003690037,0.001283491,0.065297609,0.539387133,0.13765442,,Yes,No,Yes,5,5.566951752,23.14190102
161,2296,SEA_HOO,4/28/23,43,37,6,0,2273,1338,935,0.01891773,0.006417112,0.027653214,0.036075671,43,17,2023,0.078571429,37.58571429,44.97142857,52.37142857,37.78571429,0.412857143,5.625714286,0.219527363,0.179726368,0.765547264,0.113495025,0.043221393,0.219527363,0.179726368,0.765547264,0.113495025,0.043221393,0.187149095,0.132875858,0.746724891,0.147223955,0.029320025,0.259756478,0.152357165,0.782391508,0.113019045,0.03886981,Mixed Veg,Yes,Yes,Yes,4,6.488575935,26.25037003
162,2308,WIS_MEG,4/28/23,92,57,35,14,251,124,127,0.366533865,0.275590551,0.459677419,0.569721116,106,17,2023,0.241428571,38.01428571,47.8,57.57142857,38.51428571,0.397142857,8.632857143,0.082419304,0.000626763,0.123472266,0.270761517,0.261360075,0.082419304,0.000626763,0.123472266,0.270761517,0.261360075,0.106234097,0.010178117,0.251908397,0.218193384,0.220101781,0.059188544,0.017979316,0.191408115,0.273349244,0.231821798,Sweet Corn,No,No,Yes,4,5.365185261,16.90901184
163,6640,ONE_ADO,4/28/23,75,31,44,0,614,344,270,0.122149837,0.162962963,0.090116279,0.122149837,75,17,2023,0.138571429,36.91428571,45.72857143,54.54285714,36.18571429,0.651428571,7.984285714,0.183208396,0.0017991,0.224287856,0.533133433,0.089955022,0.183208396,0.0017991,0.224287856,0.533133433,0.089955022,0.019976498,0,0.153936545,0.725616921,0.062867215,0.116693442,0.001460494,0.332262305,0.535270922,0.086169125,Silage Corn,No,Yes,No,4,6.463492393,28.13966751
164,2312,WIS_COO,4/28/23,11,9,2,0,1367,880,487,0.008046818,0.004106776,0.010227273,0.027066569,11,17,2023,0.241428571,36.54285714,45.37142857,54.15714286,36.98571429,0.458571429,7.031428571,0.217132099,0.023219329,0.349858801,0.26513963,0.294634452,0.217132099,0.023219329,0.349858801,0.26513963,0.294634452,0.05942492,0.018530351,0.522044728,0.108626198,0.34313099,0.121682123,0.056443876,0.382475216,0.262711864,0.31371922,Silage Corn Strip Cropped With Alfalfa,No,Yes,No,5,5.968518734,24.17316246
165,2314,WIS_COO_2,4/28/23,10,6,4,0,295,206,89,0.033898305,0.04494382,0.029126214,0.037288136,10,17,2023,0.215714286,36.45714286,45.7,54.92857143,36.82857143,0.484285714,7.511428571,0.086559647,0.028958137,0.146049732,0.548001259,0.162732137,0.086559647,0.028958137,0.146049732,0.548001259,0.162732137,0.096981374,0.138728324,0.316634554,0.453436095,0.125240848,0.069302177,0.04081306,0.196702945,0.549295775,0.157010243,Silage Corn,No,No,No,5,5.979127407,44.69318771
166,6626,ONE_TER,4/28/23,34,22,12,0,495,259,236,0.068686869,0.050847458,0.084942085,0.068686869,34,17,2023,0.152857143,37.01428571,46.04285714,55.05714286,36.8,0.651428571,7.891428571,0.184004811,0.00210463,0.308177992,0.156644618,0.175886951,0.184004811,0.00210463,0.308177992,0.156644618,0.175886951,0.288056206,0.0029274,0.441451991,0,0.197306792,0.180435736,0.003509285,0.300921187,0.161573329,0.194911537,Silage Corn,No,Yes,Yes,4,6.709459305,29.72609329
167,2310,WIS_KEN,4/28/23,83,73,10,0,448,296,152,0.185267857,0.065789474,0.246621622,0.276785714,83,17,2023,0.245714286,39.62857143,48.74285714,57.84285714,40.02857143,0.371428571,8.144285714,0.000315259,0.000630517,0.039722573,0.289407314,0.106872636,0.000315259,0.000630517,0.039722573,0.289407314,0.106872636,0.005157963,0,0.09929078,0.320438427,0.181818182,0.001771622,0,0.046223224,0.299565147,0.096956032,Grain Corn,Yes,No,Yes,4,5.452927113,13.98438168
168,2342,KAT_BAR,4/30/23,297,68,229,0,769,226,543,0.386215865,0.421731123,0.300884956,0.578673602,297,17,2023,0.08,36.15714286,45.45714286,54.77142857,37.18571429,0.361428571,7.342857143,0.150015659,0.024115252,0.186658315,0.465079862,0.165988099,0.150015659,0.024115252,0.186658315,0.465079862,0.165988099,0.328234544,0.005736138,0.38623327,0.275334608,0.149139579,0.120152575,0.020979021,0.223617292,0.469961856,0.149237127,Soybean,No,No,Yes,5,5.867260933,22.92560768
169,2344,KAT_HAB_2,4/30/23,80,56,24,0,516,324,192,0.15503876,0.125,0.172839506,0.424418605,80,17,2023,0.077142857,35.91428571,44.58571429,53.24285714,35.2,0.574285714,7.058571429,0.281755915,0.009028643,0.326276463,0.328767123,0.086239103,0.281755915,0.009028643,0.326276463,0.328767123,0.086239103,0.457214241,0.06620862,0.695815116,0.137414116,0.083697689,0.351588171,0.019089344,0.536848693,0.324988265,0.078235018,Silage Corn,Yes,Yes,Yes,5,5.955316067,20.81032753
170,2346,KAT_TEE,4/30/23,22,11,11,3,173,78,95,0.12716763,0.115789474,0.141025641,0.439306358,25,17,2023,0.045714286,34.45714286,43.25714286,52.02857143,35.11428571,0.428571429,6.774285714,0.126246883,0.002182045,0.185785536,0.42861596,0.202306733,0.126246883,0.002182045,0.185785536,0.42861596,0.202306733,0.234404537,0,0.323881537,0.45431632,0.142407057,0.164802269,0.001260438,0.305656216,0.443989286,0.174413109,Silage Corn,No,Yes,Yes,5,5.959934235,23.65135002
171,2348,KAT_TEE_2,4/30/23,170,73,97,1,445,211,234,0.382022472,0.414529915,0.345971564,0.431460674,171,17,2023,0.04,34.48571429,42.1,49.74285714,34.37142857,0.487142857,5.897142857,0.100748596,0.002183406,0.112913288,0.732376794,0.054585153,0.100748596,0.002183406,0.112913288,0.732376794,0.054585153,0.328922495,0,0.441713926,0.419029616,0.095778198,0.116462071,0.000629525,0.188227888,0.740163676,0.052250551,Silage Corn,No,Yes,Yes,5,5.739637852,17.81757545
172,2352,KAT_JEF,4/30/23,37,17,20,2,109,62,47,0.339449541,0.425531915,0.274193548,0.366972477,39,17,2023,0.068571429,34.77142857,43.55714286,52.41428571,35.27142857,0.448571429,6.928571429,0.05625,0.0015625,0.07,0.4128125,0.204375,0.05625,0.0015625,0.07,0.4128125,0.204375,0.031605563,0.006321113,0.274968394,0.470290771,0.202907712,0.069973148,0.003159059,0.329015953,0.409887853,0.176433423,Silage Corn,No,Yes,Yes,5,5.586032867,22.36896324
173,2354,KAT_HAB,4/30/23,38,31,7,2,242,139,103,0.157024793,0.067961165,0.223021583,0.247933884,40,17,2023,0.075714286,37.72857143,46.17142857,54.64285714,36.15714286,0.787142857,7.418571429,0.239130435,0.072670807,0.327639752,0.283850932,0.102173913,0.239130435,0.072670807,0.327639752,0.283850932,0.102173913,0.244360902,0.193609023,0.601503759,0.176065163,0.112155388,0.195389682,0.093774502,0.426689666,0.279128117,0.118551043,Soybean,No,No,Yes,5,5.957181454,23.42772102
174,2356,KAT_SAU,4/30/23,24,12,12,0,273,142,131,0.087912088,0.091603053,0.084507042,0.754578755,24,17,2023,0.081428571,36.05714286,43.54285714,50.98571429,34.47142857,0.718571429,6.372857143,0.122455371,0.004384591,0.17099906,0.461634826,0.150642029,0.122455371,0.004384591,0.17099906,0.461634826,0.150642029,0.170266836,0.028589581,0.548284625,0.302414231,0.103557814,0.096979332,0.009062003,0.330206677,0.459618442,0.136406995,Silage Corn,Yes,Yes,Yes,5,5.537230015,19.16375542
175,2358,KAT_SAU_2,4/30/23,44,14,30,0,302,107,195,0.145695364,0.153846154,0.130841121,0.556291391,44,17,2023,0.081428571,36.48571429,43.62857143,50.77142857,34.68571429,0.798571429,6.205714286,0.151657286,0.025953721,0.269543465,0.252970607,0.186366479,0.151657286,0.025953721,0.269543465,0.252970607,0.186366479,0.19581749,0,0.655259823,0.117237009,0.154626109,0.181052297,0.000794786,0.499284692,0.249721825,0.164997616,Silage Corn,Yes,Yes,Yes,5,5.722351551,21.01234818
176,2350,KAT_JEF_2,4/30/23,11,6,5,2,109,60,49,0.100917431,0.102040816,0.1,0.155963303,13,17,2023,0.074285714,34.34285714,43.14285714,51.95714286,35.15714286,0.415714286,6.71,0.103738318,0.007476636,0.12834891,0.520560748,0.169158879,0.103738318,0.007476636,0.12834891,0.520560748,0.169158879,0.149178255,0.003160556,0.405183312,0.336283186,0.178255373,0.120977918,0.002839117,0.30362776,0.524132492,0.13044164,Silage Corn,No,Yes,Yes,5,6.26295042,37.54327011
177,2280,SMI_KEL,5/1/23,3,1,2,0,328,147,181,0.009146341,0.011049724,0.006802721,0.18902439,3,18,2023,0.275714286,39.61428571,47.88571429,56.15714286,40.51428571,0.424285714,7.235714286,0.273343606,0.009861325,0.358089368,0.267180277,0.163328197,0.273343606,0.009861325,0.358089368,0.267180277,0.163328197,0.060456508,0.110425663,0.410857495,0.438618137,0.078963603,0.111660232,0.197220077,0.563706564,0.265791506,0.116602317,Silage Corn,Yes,Yes,Yes,5,6.507095337,28.20439339
178,2274,SMI_COB,5/1/23,21,18,3,0,245,187,58,0.085714286,0.051724138,0.096256684,0.640816327,21,18,2023,0.255714286,38.81428571,46.94285714,55.07142857,40.12857143,0.345714286,6.767142857,0.140111593,0.001549907,0.348419095,0.162430254,0.207067576,0.140111593,0.001549907,0.348419095,0.162430254,0.207067576,0.034246575,0.00871731,0.321295143,0.221668742,0.215442092,0.083905178,0.005614473,0.330474111,0.151902682,0.272925764,Silage Corn,Yes,No,No,4,5.930618286,20.99067307
179,2276,SMI_HOL,5/1/23,8,4,4,0,352,226,126,0.022727273,0.031746032,0.017699115,0.420454545,8,18,2023,0.231428571,40.77142857,49.07142857,57.41428571,41.21428571,0.504285714,7.831428571,0.201545595,0.022256569,0.39690881,0.267078825,0.105409583,0.201545595,0.022256569,0.39690881,0.267078825,0.105409583,0.298701299,0.009894867,0.799628942,0.081014224,0.089672233,0.218319666,0.00448708,0.572025375,0.271081541,0.105369024,Grain Corn,No,No,Yes,5,6.415804386,25.43291092
180,2278,SMI_DOU,5/1/23,10,3,7,0,114,52,62,0.087719298,0.112903226,0.057692308,0.48245614,10,18,2023,0.264285714,37.35714286,45.65714286,53.91428571,39.74285714,0.208571429,6.011428571,0.025261861,0.048367221,0.172520025,0.204559458,0.199014171,0.025261861,0.048367221,0.172520025,0.204559458,0.199014171,0.033846154,0.081846154,0.583384615,0.107076923,0.214769231,0.046504466,0.036495226,0.497228211,0.205112411,0.177702495,Soybean,No,Yes,Yes,5,6.29728651,24.98108101
181,2282,SMI_CRO,5/1/23,10,3,7,0,188,105,83,0.053191489,0.084337349,0.028571429,0.861702128,10,18,2023,0.287142857,39.37142857,47.68571429,55.95714286,40.41428571,0.421428571,7.165714286,0.178527228,0.173267327,0.451113861,0.101175743,0.171410891,0.178527228,0.173267327,0.451113861,0.101175743,0.171410891,0.441961515,0.213531968,0.836126629,0.018001241,0.104283054,0.216145026,0.146885652,0.700340874,0.100867679,0.152928416,Grain Corn,No,No,Yes,5,6.335429668,26.11972809
182,2298,GAB_ALL,5/1/23,165,122,43,0,1143,822,321,0.144356955,0.133956386,0.148418491,0.309711286,165,18,2023,0.228571429,42.9,51.57142857,60.22857143,41.91428571,0.735714286,9.518571429,0.017310665,0,0.02194745,0.588871716,0.062751159,0.017310665,0,0.02194745,0.588871716,0.062751159,0.00618047,0,0.030284302,0.592707046,0.145241038,0.005874169,0.010975421,0.030298346,0.58417066,0.065852527,Silage Corn,No,Yes,Yes,5,5.886958599,28.32917595
183,2286,SMI_JOH,5/1/23,18,14,4,0,497,258,239,0.036217304,0.016736402,0.054263566,0.350100604,18,18,2023,0.294285714,40.15714286,47.68571429,55.2,40.44285714,0.56,6.594285714,0.145672929,0.129966123,0.343393902,0.354173083,0.178318448,0.145672929,0.129966123,0.343393902,0.354173083,0.178318448,0.275246305,0.003694581,0.480295567,0.269704433,0.180418719,0.265186556,0.00431699,0.39978415,0.370490287,0.157415973,Wheat,No,Yes,Yes,5,6.416008472,24.34096146
184,2288,SMI_MCC,5/1/23,43,22,21,0,264,138,126,0.162878788,0.166666667,0.15942029,0.386363636,43,18,2023,0.305714286,37,44.98571429,52.97142857,39.7,0.18,5.411428571,0.093008931,0.065906991,0.193717277,0.263319988,0.262704034,0.093008931,0.065906991,0.193717277,0.263319988,0.262704034,0.199261993,0.117466175,0.67404674,0.064575646,0.208487085,0.115461385,0.032703823,0.460770766,0.264854906,0.222171043,Soybean,No,No,No,5,6.356281281,15.2996912
185,2290,LET_TAB,5/1/23,95,48,47,0,465,281,184,0.204301075,0.255434783,0.170818505,0.460215054,95,18,2023,0.17,35.87142857,43.92857143,52,38.11428571,0.382857143,5.37,0.273178295,0.011472868,0.648682171,0.222945736,0.062325581,0.273178295,0.011472868,0.648682171,0.222945736,0.062325581,0.382554517,0.000623053,0.584423676,0.280996885,0.037383178,0.334164977,0.007016997,0.680024949,0.225323562,0.031810385,Silage Corn,Yes,Yes,No,5,6.075114727,22.3497448
186,2292,LET_NOB,5/1/23,22,15,7,0,977,669,308,0.022517912,0.022727273,0.022421525,0.061412487,22,18,2023,0.148571429,36.9,44.95714286,53,39.92857143,0.237142857,5.381428571,0.44619666,0.014533086,0.739950526,0.147186147,0.058441558,0.44619666,0.014533086,0.739950526,0.147186147,0.058441558,0.455052697,0.047737136,0.735895846,0.120272784,0.060136392,0.378466305,0.067544539,0.756777692,0.155538342,0.040588691,Silage Corn,Yes,Yes,Yes,4,6.663196564,25.65228653
187,2304,GAB_STE,5/1/23,66,16,50,2,729,414,315,0.090534979,0.158730159,0.038647343,0.277091907,68,18,2023,0.321428571,40.5,49.81428571,59.1,41.47142857,0.352857143,8.842857143,0.089423373,0,0.187172371,0.636139377,0.121184089,0.089423373,0,0.187172371,0.636139377,0.121184089,0.154886294,0,0.250768285,0.561770129,0.12968654,0.102323434,0.00015387,0.219879982,0.632404985,0.117402677,Silage Corn,No,Yes,Yes,5,5.358693123,12.73650074
188,2284,SMI_CAN,5/1/23,117,21,96,2,657,260,397,0.178082192,0.241813602,0.080769231,0.459665145,119,18,2023,0.282857143,36.88571429,44.4,51.94285714,38.78571429,0.27,5.251428571,0.141579272,0.020049352,0.295805059,0.277606416,0.220542875,0.141579272,0.020049352,0.295805059,0.277606416,0.220542875,0.134282178,0.008044554,0.273514851,0.404084158,0.190594059,0.162074303,0.01130031,0.447213622,0.276934985,0.200773994,Silage Corn,No,Yes,Yes,5,5.585507393,15.5769558
189,2316,POV_DUN,5/2/23,22,12,10,0,275,185,90,0.08,0.111111111,0.064864865,0.741818182,22,18,2023,0.312857143,36.62857143,45.58571429,54.52857143,38.54285714,0.371428571,6.715714286,0.002804612,0.001246494,0.031785603,0.479588657,0.272982237,0.002804612,0.001246494,0.031785603,0.479588657,0.272982237,0.006926952,0.001889169,0.10768262,0.47418136,0.331234257,0.002672116,0.00047155,0.116944357,0.487896888,0.261867337,Silage Corn,No,No,No,4,5.781182766,20.7029171
190,2319,DIP_FLE,5/2/23,60,34,26,1,1556,780,776,0.038560411,0.033505155,0.043589744,0.422236504,61,18,2023,0.27,38.75714286,46.45714286,54.18571429,40.22857143,0.384285714,5.967142857,0.302484472,0.005590062,0.604658385,0.145652174,0.12173913,0.302484472,0.005590062,0.604658385,0.145652174,0.12173913,0.440424205,0.006862133,0.580786026,0.190268247,0.173424828,0.314892952,0.00531333,0.69792155,0.143928739,0.116580716,Silage Corn,Yes,No,No,5,6.317162514,28.22133827
191,2322,DIP_PAT,5/2/23,66,16,50,2,1602,817,785,0.041198502,0.063694268,0.019583843,0.191011236,68,18,2023,0.241428571,38.97142857,47.21428571,55.44285714,40.64285714,0.361428571,6.69,0.256710892,0.140080222,0.721382289,0.14594261,0.053687134,0.256710892,0.140080222,0.721382289,0.14594261,0.053687134,0.504944376,0.014833127,0.615574784,0.35723115,0.021013597,0.41602227,0.079647386,0.755799567,0.151716672,0.039746366,Silage Corn,Yes,Yes,,5,6.454941273,26.51252174
192,2318,DIP_CUR,5/2/23,187,94,93,1,1308,655,653,0.142966361,0.142419602,0.14351145,0.361620795,188,18,2023,0.344285714,36.6,45.21428571,53.81428571,37.27142857,0.658571429,6.515714286,0.308626596,0.06944877,0.54936157,0.164123326,0.143880411,0.308626596,0.06944877,0.54936157,0.164123326,0.143880411,0.338983051,0.03138732,0.61393597,0.133082235,0.16007533,0.350290469,0.063118229,0.613597111,0.169414351,0.138326268,Silage Corn,Yes,No,No,4,5.927192211,18.15420723
193,2326,SMI_JOH_2,5/2/23,10,5,5,1,302,184,118,0.033112583,0.042372881,0.027173913,0.602649007,11,18,2023,0.294285714,40,47.45714286,54.95714286,40.52857143,0.525714286,6.405714286,0.231906375,0.004003696,0.310748383,0.467508469,0.118878965,0.231906375,0.004003696,0.310748383,0.467508469,0.118878965,0.023327195,0.04849601,0.421731123,0.345610804,0.114180479,0.065106972,0.095428659,0.343081422,0.46052024,0.118362321,Wheat,Yes,No,Yes,5,6.468092918,24.67160034
194,2328,SMI_HOF,5/2/23,78,42,36,6,444,244,200,0.175675676,0.18,0.172131148,0.635135135,84,18,2023,0.515714286,38.72857143,47.5,56.3,39.71428571,0.442857143,7.417142857,0.110834371,0.057285181,0.215442092,0.453611457,0.205790785,0.110834371,0.057285181,0.215442092,0.453611457,0.205790785,0.076244486,0,0.195337114,0.619407687,0.06805293,0.157239641,0.007405073,0.249251615,0.459587207,0.197888766,Silage Corn,Yes,No,Yes,5,5.903712749,31.93047523
195,2330,SMI_DUR,5/2/23,167,38,129,0,1550,602,948,0.107741935,0.136075949,0.063122924,0.548387097,167,18,2023,0.342857143,40.7,48.15714286,55.61428571,40.7,0.675714286,6.784285714,0.110255621,0.07145057,0.292577764,0.436094857,0.157068063,0.110255621,0.07145057,0.292577764,0.436094857,0.157068063,0.332103321,0.009840098,0.412669127,0.38499385,0.114391144,0.228140394,0.013238916,0.326508621,0.433189655,0.144550493,Silage Corn,Yes,Yes,No,5,6.667976379,34.23325348
196,2384,ZUE_REE,5/2/23,134,55,79,7,2497,1359,1138,0.053664397,0.069420035,0.040470935,0.110132159,141,18,2023,0.23,39.45714286,46.84285714,54.24285714,40.58571429,0.471428571,5.96,0.129882207,0.14383137,0.500619963,0.149411035,0.119652821,0.129882207,0.14383137,0.500619963,0.149411035,0.119652821,0.070807453,0.199378882,0.582608696,0.173291925,0.165217391,0.07720988,0.209414323,0.523380457,0.148982445,0.114338978,Pumpkins,No,No,Yes,4,6.537268639,24.44252777
197,2324,SMI_LAT,5/2/23,126,56,70,1,521,197,324,0.24184261,0.216049383,0.284263959,0.445297505,127,18,2023,0.382857143,37.84285714,47.04285714,56.24285714,41.28571429,0.058571429,6.802857143,0.215594905,0.000310655,0.448275862,0.278347313,0.117738428,0.215594905,0.000310655,0.448275862,0.278347313,0.117738428,0.182440847,0.054171856,0.53860523,0.253424658,0.102739726,0.18591242,0.032102228,0.494623656,0.27411563,0.116097865,Silage Corn,Yes,Yes,Yes,5,5.557508469,21.01000977
198,2426,WIS_COO_2,5/3/23,31,23,8,0,295,206,89,0.105084746,0.08988764,0.111650485,0.142372881,31,18,2023,0.228571429,38.92857143,48.21428571,57.52857143,39.9,0.485714286,8.55,0.086559647,0.028958137,0.146049732,0.548001259,0.162732137,0.086559647,0.028958137,0.146049732,0.548001259,0.162732137,0.096981374,0.138728324,0.316634554,0.453436095,0.125240848,0.069302177,0.04081306,0.196702945,0.549295775,0.157010243,Silage Corn,No,No,No,5,5.979127407,44.69318771
199,2424,WIS_COO,5/3/23,11,9,2,0,1367,880,487,0.008046818,0.004106776,0.010227273,0.035113387,11,18,2023,0.225714286,40.08571429,48.31428571,56.52857143,40.12857143,0.58,7.785714286,0.217132099,0.023219329,0.349858801,0.26513963,0.294634452,0.217132099,0.023219329,0.349858801,0.26513963,0.294634452,0.05942492,0.018530351,0.522044728,0.108626198,0.34313099,0.121682123,0.056443876,0.382475216,0.262711864,0.31371922,Silage Corn Strip Cropped With Alfalfa,No,Yes,No,5,5.968518734,24.17316246
200,2340,STA_WIL,5/3/23,61,47,14,24,281,230,51,0.217081851,0.274509804,0.204347826,0.548042705,85,18,2023,0.187142857,38.84285714,46.48571429,54.12857143,40.35714286,0.425714286,5.921428571,0.241368681,0.017879162,0.487977805,0.305487053,0.114981504,0.241368681,0.017879162,0.487977805,0.305487053,0.114981504,0.127149877,0.007371007,0.587223587,0.131449631,0.156019656,0.194632943,0.013109192,0.522208513,0.303207896,0.110734115,Silage Corn,Yes,No,Yes,4,6.444833279,34.71776962
201,2338,STA_COL,5/3/23,25,14,11,4,720,532,188,0.034722222,0.058510638,0.026315789,0.073611111,29,18,2023,0.15,39.27142857,46.54285714,53.81428571,40.2,0.434285714,6.01,0.271051014,0.052858021,0.55654579,0.158881377,0.178549478,0.271051014,0.052858021,0.55654579,0.158881377,0.178549478,0.55006105,0.101343101,0.812576313,0.038461538,0.076312576,0.274777539,0.091132249,0.591745934,0.164007364,0.147744707,Silage Corn,Yes,Yes,No,5,6.560458183,23.67193604
202,2336,STA_SWE,5/3/23,24,19,5,9,366,297,69,0.06557377,0.072463768,0.063973064,0.144808743,33,18,2023,0.164285714,37.05714286,45.12857143,53.2,39.88571429,0.292857143,5.37,0.266069221,0.01946848,0.502163164,0.253090235,0.136897404,0.266069221,0.01946848,0.502163164,0.253090235,0.136897404,0.316542289,0.043532338,0.672263682,0.104477612,0.111940299,0.29850978,0.028407327,0.56116113,0.264669357,0.096864328,Silage Corn,Yes,Yes,Yes,5,6.38201952,33.36382294
203,2334,STA_HEM_2,5/3/23,76,56,20,2,891,516,375,0.085297419,0.053333333,0.108527132,0.30976431,78,18,2023,0.211428571,38.5,45.82857143,53.14285714,40.4,0.377142857,5.515714286,0.260896445,0.02812983,0.565378671,0.200309119,0.136012365,0.260896445,0.02812983,0.565378671,0.200309119,0.136012365,0.334572491,0.005576208,0.724907063,0.128252788,0.078066914,0.174566295,0.034696406,0.576982652,0.194392813,0.123451053,Grain Corn,Yes,Yes,Yes,4,6.685321331,23.87444115
204,2332,STA_HEM,5/3/23,101,28,73,3,1309,715,594,0.077158136,0.122895623,0.039160839,0.194041253,104,18,2023,0.185714286,38.88571429,46.12857143,53.35714286,40.37142857,0.421428571,5.585714286,0.286287832,0.106856084,0.547560222,0.199505868,0.152563311,0.286287832,0.106856084,0.547560222,0.199505868,0.152563311,0.369202226,0.031539889,0.562770563,0.193568336,0.153370439,0.290197897,0.089208411,0.572820037,0.198670377,0.140538033,Silage Corn,Yes,Yes,Yes,4,6.554670334,26.48303223
205,2364,DEG_DIE_SWC,5/4/23,22,9,13,1,223,110,113,0.098654709,0.115044248,0.081818182,0.394618834,23,18,2023,0.358571429,37.7,45.64285714,53.6,38.91428571,0.415714286,6.06,0.24301676,0.054314091,0.315021726,0.289261328,0.253258845,0.24301676,0.054314091,0.315021726,0.289261328,0.253258845,0.344569288,0.111735331,0.571785268,0.173533084,0.171660424,0.252068051,0.053379117,0.378336195,0.295770251,0.229904792,Sweet Corn,No,No,Yes,5,6.143694878,24.17197609
206,2360,DEG_YOU_BOCES,5/4/23,74,50,24,1,639,344,295,0.115805947,0.081355932,0.145348837,0.491392801,75,18,2023,0.351428571,37.04285714,45.37142857,53.64285714,38.81428571,0.311428571,6.102857143,0.118339529,0.004337051,0.146530359,0.248141264,0.298946716,0.118339529,0.004337051,0.146530359,0.248141264,0.298946716,0.329595016,0.002492212,0.404984424,0.038629283,0.396261682,0.117720531,0.006088993,0.198907104,0.251053864,0.288056206,,No,Yes,Yes,5,6.506287098,17.9388752
207,2362,DEG_PER_STRIP,5/4/23,37,16,21,2,190,106,84,0.194736842,0.25,0.150943396,0.515789474,39,18,2023,0.348571429,36.67142857,44.72857143,52.77142857,38.78571429,0.28,5.655714286,0.220601924,0.038783742,0.410176854,0.322680732,0.135587962,0.220601924,0.038783742,0.410176854,0.322680732,0.135587962,0.194271482,0.132004981,0.655666252,0.103362391,0.188044832,0.193266833,0.048784289,0.476620948,0.325436409,0.131390274,Silage Corn,Yes,No,No,5,5.993263245,23.35876274
208,2366,DEG_YOU_OSHEA,5/4/23,115,41,74,3,610,262,348,0.18852459,0.212643678,0.15648855,0.3,118,18,2023,0.345714286,36.24285714,44.08571429,51.92857143,38.57142857,0.237142857,5.238571429,0.175759454,0.160880347,0.416924985,0.312461252,0.058586485,0.175759454,0.160880347,0.416924985,0.312461252,0.058586485,0.435433562,0.061135371,0.691827823,0.204616344,0.028072364,0.276087974,0.034316019,0.455155202,0.314147559,0.049602246,Silage Corn,No,,,5,5.277257442,19.04313278
209,2700,MIL_MCC,5/4/23,26,10,16,12,439,240,199,0.059225513,0.08040201,0.041666667,0.498861048,38,18,2023,0.294285714,38.48571429,45.97142857,53.44285714,39.8,0.345714286,5.708571429,0.200738916,0.253694581,0.501539409,0.303571429,0.11453202,0.200738916,0.253694581,0.501539409,0.303571429,0.11453202,0.3432282,0.226963513,0.586270872,0.365491651,0.042053185,0.257456344,0.167362077,0.526348323,0.308607634,0.120537784,Soybean,No,Yes,No,5,6.210189819,27.60095024
210,2370,DEG_YOU_JONES,5/4/23,196,77,119,13,1097,521,576,0.178669098,0.206597222,0.147792706,0.3372835,209,18,2023,0.354285714,37.57142857,45.5,53.41428571,39.15714286,0.361428571,5.901428571,0.253564786,0.007129572,0.347489151,0.206757595,0.201487911,0.253564786,0.007129572,0.347489151,0.206757595,0.201487911,0.241121495,0.021806854,0.456074766,0.188161994,0.224299065,0.237071651,0.010903427,0.46588785,0.204361371,0.19953271,Silage Corn,No,Yes,Yes,5,6.899239063,17.49082565
211,2374,DEG_DIE_HILL,5/4/23,324,176,148,53,1157,731,426,0.280034572,0.34741784,0.240766074,0.41227312,377,18,2023,0.352857143,36.84285714,44.85714286,52.94285714,38.64285714,0.302857143,5.755714286,0.144630664,0.00496586,0.287709497,0.170391061,0.226256983,0.144630664,0.00496586,0.287709497,0.170391061,0.226256983,0.282035176,0.236180905,0.600502513,0.123115578,0.212939698,0.12490242,0.068852459,0.354722873,0.177673692,0.20952381,,No,No,Yes,5,6.117238522,22.74447823
212,2702,MIL_CHA,5/4/23,24,12,12,3,277,157,120,0.086642599,0.1,0.076433121,0.783393502,27,18,2023,0.281428571,38.4,45.62857143,52.85714286,39.57142857,0.398571429,5.434285714,0.292412091,0.211597779,0.667797656,0.15885256,0.102097471,0.292412091,0.211597779,0.667797656,0.15885256,0.102097471,0.490147783,0.02955665,0.754926108,0.069581281,0.075738916,0.42769136,0.09795164,0.69012783,0.161096566,0.091637148,Silage Corn,No,Yes,Yes,5,6.120146751,20.23761559
213,2704,MIL_YOD,5/4/23,12,9,3,0,501,299,202,0.023952096,0.014851485,0.030100334,0.75249501,12,18,2023,0.294285714,37.94285714,45.75714286,53.57142857,39.42857143,0.344285714,5.938571429,0.159567901,0.087654321,0.439197531,0.282716049,0.186111111,0.159567901,0.087654321,0.439197531,0.282716049,0.186111111,0.181257707,0.113440197,0.548705302,0.388409371,0.062885327,0.213491818,0.072553257,0.491355357,0.279098487,0.183698672,Soybean,Yes,Yes,No,5,6.349746704,20.46067619
214,2368,DEG_VIL,5/4/23,304,157,147,0,836,460,376,0.363636364,0.390957447,0.341304348,0.514354067,304,18,2023,0.352857143,37.6,45.51428571,53.42857143,39.21428571,0.352857143,5.878571429,0.310547479,0.014228271,0.434580885,0.206928549,0.139808228,0.310547479,0.014228271,0.434580885,0.206928549,0.139808228,0.509034268,0.024922118,0.591277259,0.099688474,0.150155763,0.289432668,0.013871571,0.4909601,0.210723192,0.147755611,Grain Corn,Yes,,Yes,5,6.654009819,18.75856018
215,2618,WIS_HIG,5/5/23,21,14,7,0,160,98,62,0.13125,0.112903226,0.142857143,0.33125,21,18,2023,0.322857143,41.45714286,50.52857143,59.58571429,41.55714286,0.465714286,9.458571429,0.001572822,0.000314564,0.054419629,0.52689525,0.164831708,0.001572822,0.000314564,0.054419629,0.52689525,0.164831708,0.003861004,0,0.048262548,0.554054054,0.115186615,0.003690037,0.001283491,0.065297609,0.539387133,0.13765442,,Yes,No,Yes,5,5.566951752,23.14190102
216,2554,SEA_HOO,5/5/23,68,38,30,7,2273,1338,935,0.02991641,0.032085561,0.028400598,0.065992081,75,18,2023,0.218571429,38.7,46.34285714,54.01428571,39.98571429,0.481428571,5.944285714,0.219527363,0.179726368,0.765547264,0.113495025,0.043221393,0.219527363,0.179726368,0.765547264,0.113495025,0.043221393,0.187149095,0.132875858,0.746724891,0.147223955,0.029320025,0.259756478,0.152357165,0.782391508,0.113019045,0.03886981,Mixed Veg,Yes,Yes,Yes,4,6.488575935,26.25037003
217,2422,WIS_KEN,5/5/23,78,69,9,3,448,296,152,0.174107143,0.059210526,0.233108108,0.450892857,81,18,2023,0.264285714,42.75714286,51.44285714,60.12857143,42.45714286,0.501428571,9.515714286,0.000315259,0.000630517,0.039722573,0.289407314,0.106872636,0.000315259,0.000630517,0.039722573,0.289407314,0.106872636,0.005157963,0,0.09929078,0.320438427,0.181818182,0.001771622,0,0.046223224,0.299565147,0.096956032,Grain Corn,Yes,No,Yes,4,5.452927113,13.98438168
218,2420,WIS_MEG,5/5/23,66,34,32,13,251,124,127,0.262948207,0.251968504,0.274193548,0.832669323,79,18,2023,0.331428571,41.1,50.58571429,60.05714286,40.85714286,0.558571429,10.03428571,0.082419304,0.000626763,0.123472266,0.270761517,0.261360075,0.082419304,0.000626763,0.123472266,0.270761517,0.261360075,0.106234097,0.010178117,0.251908397,0.218193384,0.220101781,0.059188544,0.017979316,0.191408115,0.273349244,0.231821798,Sweet Corn,No,No,Yes,4,5.365185261,16.90901184
219,2403,KAT_SAU,5/8/23,31,9,22,0,273,142,131,0.113553114,0.167938931,0.063380282,0.868131868,31,19,2023,0.005714286,44.45714286,57.31428571,70.11428571,39.57142857,1.964285714,17.51571429,0.122455371,0.004384591,0.17099906,0.461634826,0.150642029,0.122455371,0.004384591,0.17099906,0.461634826,0.150642029,0.170266836,0.028589581,0.548284625,0.302414231,0.103557814,0.096979332,0.009062003,0.330206677,0.459618442,0.136406995,Silage Corn,Yes,Yes,Yes,5,5.537230015,19.16375542
220,2402,KAT_TEE_2,5/8/23,58,22,36,2,445,211,234,0.130337079,0.153846154,0.104265403,0.561797753,60,19,2023,0.01,42.7,55.87142857,69.01428571,40.52857143,1.182857143,16.42142857,0.100748596,0.002183406,0.112913288,0.732376794,0.054585153,0.100748596,0.002183406,0.112913288,0.732376794,0.054585153,0.328922495,0,0.441713926,0.419029616,0.095778198,0.116462071,0.000629525,0.188227888,0.740163676,0.052250551,Silage Corn,No,Yes,Yes,5,5.739637852,17.81757545
221,2400,KAT_TEE,5/8/23,23,14,9,0,173,78,95,0.132947977,0.094736842,0.179487179,0.572254335,23,19,2023,0.01,41.08571429,56.24285714,71.4,40.94285714,0.738571429,18.18142857,0.126246883,0.002182045,0.185785536,0.42861596,0.202306733,0.126246883,0.002182045,0.185785536,0.42861596,0.202306733,0.234404537,0,0.323881537,0.45431632,0.142407057,0.164802269,0.001260438,0.305656216,0.443989286,0.174413109,Silage Corn,No,Yes,Yes,5,5.959934235,23.65135002
222,2398,KAT_JEF_2,5/8/23,7,4,3,0,109,60,49,0.064220183,0.06122449,0.066666667,0.220183486,7,19,2023,0.021428571,42.21428571,56.88571429,71.52857143,41.31428571,1.1,17.84142857,0.103738318,0.007476636,0.12834891,0.520560748,0.169158879,0.103738318,0.007476636,0.12834891,0.520560748,0.169158879,0.149178255,0.003160556,0.405183312,0.336283186,0.178255373,0.120977918,0.002839117,0.30362776,0.524132492,0.13044164,Silage Corn,No,Yes,Yes,5,6.26295042,37.54327011
223,2396,KAT_JEF,5/8/23,28,19,9,2,109,62,47,0.256880734,0.191489362,0.306451613,0.623853211,30,19,2023,0.015714286,42.77142857,57.28571429,71.8,41.78571429,1.142857143,17.99,0.05625,0.0015625,0.07,0.4128125,0.204375,0.05625,0.0015625,0.07,0.4128125,0.204375,0.031605563,0.006321113,0.274968394,0.470290771,0.202907712,0.069973148,0.003159059,0.329015953,0.409887853,0.176433423,Silage Corn,No,Yes,Yes,5,5.586032867,22.36896324
224,2388,LET_TAB,5/8/23,26,17,9,0,465,281,184,0.055913978,0.048913043,0.060498221,0.516129032,26,19,2023,0.024285714,44.18571429,56.75714286,69.28571429,39.94285714,1.887142857,16.87142857,0.273178295,0.011472868,0.648682171,0.222945736,0.062325581,0.273178295,0.011472868,0.648682171,0.222945736,0.062325581,0.382554517,0.000623053,0.584423676,0.280996885,0.037383178,0.334164977,0.007016997,0.680024949,0.225323562,0.031810385,Silage Corn,Yes,Yes,No,5,6.075114727,22.3497448
225,2392,KAT_HAB,5/8/23,20,13,7,1,242,139,103,0.082644628,0.067961165,0.09352518,0.330578512,21,19,2023,0.02,46.52857143,59.78571429,73.05714286,41.37142857,2.53,18.70857143,0.239130435,0.072670807,0.327639752,0.283850932,0.102173913,0.239130435,0.072670807,0.327639752,0.283850932,0.102173913,0.244360902,0.193609023,0.601503759,0.176065163,0.112155388,0.195389682,0.093774502,0.426689666,0.279128117,0.118551043,Soybean,No,No,Yes,5,5.957181454,23.42772102
226,2390,KAT_BAR,5/8/23,191,25,166,0,769,226,543,0.248374512,0.305709024,0.110619469,0.827048114,191,19,2023,0.035714286,41.28571429,57.62857143,73.94285714,42.08571429,0.578571429,20.46,0.150015659,0.024115252,0.186658315,0.465079862,0.165988099,0.150015659,0.024115252,0.186658315,0.465079862,0.165988099,0.328234544,0.005736138,0.38623327,0.275334608,0.149139579,0.120152575,0.020979021,0.223617292,0.469961856,0.149237127,Soybean,No,No,Yes,5,5.867260933,22.92560768
227,2386,LET_NOB,5/8/23,87,65,22,2,977,669,308,0.089048106,0.071428571,0.09715994,0.150460594,89,19,2023,0.025714286,45.75714286,57.9,70.01428571,40.8,2.165714286,17.22142857,0.44619666,0.014533086,0.739950526,0.147186147,0.058441558,0.44619666,0.014533086,0.739950526,0.147186147,0.058441558,0.455052697,0.047737136,0.735895846,0.120272784,0.060136392,0.378466305,0.067544539,0.756777692,0.155538342,0.040588691,Silage Corn,Yes,Yes,Yes,4,6.663196564,25.65228653
228,2406,KAT_SAU_2,5/8/23,111,31,80,2,302,107,195,0.367549669,0.41025641,0.289719626,0.92384106,113,19,2023,0.007142857,44.6,57.22857143,69.9,39.54285714,1.994285714,17.32714286,0.151657286,0.025953721,0.269543465,0.252970607,0.186366479,0.151657286,0.025953721,0.269543465,0.252970607,0.186366479,0.19581749,0,0.655259823,0.117237009,0.154626109,0.181052297,0.000794786,0.499284692,0.249721825,0.164997616,Silage Corn,Yes,Yes,Yes,5,5.722351551,21.01234818
229,2394,KAT_HAB_2,5/8/23,49,30,19,1,516,324,192,0.09496124,0.098958333,0.092592593,0.519379845,50,19,2023,0.018571429,44.08571429,57.72857143,71.4,40.91428571,1.937142857,17.84857143,0.281755915,0.009028643,0.326276463,0.328767123,0.086239103,0.281755915,0.009028643,0.326276463,0.328767123,0.086239103,0.457214241,0.06620862,0.695815116,0.137414116,0.083697689,0.351588171,0.019089344,0.536848693,0.324988265,0.078235018,Silage Corn,Yes,Yes,Yes,5,5.955316067,20.81032753
230,2408,STA_COL,5/8/23,80,41,39,26,720,532,188,0.111111111,0.207446809,0.077067669,0.184722222,106,19,2023,0.021428571,46.22857143,58.08571429,69.95714286,40.45714286,2.355714286,17.33714286,0.271051014,0.052858021,0.55654579,0.158881377,0.178549478,0.271051014,0.052858021,0.55654579,0.158881377,0.178549478,0.55006105,0.101343101,0.812576313,0.038461538,0.076312576,0.274777539,0.091132249,0.591745934,0.164007364,0.147744707,Silage Corn,Yes,Yes,No,5,6.560458183,23.67193604
231,2464,GAB_STE,5/8/23,18,10,8,0,729,414,315,0.024691358,0.025396825,0.024154589,0.301783265,18,19,2023,0.01,42.15714286,58.32857143,74.47142857,39.32857143,0.907142857,22.37,0.089423373,0,0.187172371,0.636139377,0.121184089,0.089423373,0,0.187172371,0.636139377,0.121184089,0.154886294,0,0.250768285,0.561770129,0.12968654,0.102323434,0.00015387,0.219879982,0.632404985,0.117402677,Silage Corn,No,Yes,Yes,5,5.358693123,12.73650074
232,2412,STA_HEM_2,5/8/23,39,22,17,3,891,516,375,0.043771044,0.045333333,0.042635659,0.353535354,42,19,2023,0.03,45.77142857,57.77142857,69.75714286,40.97142857,2.65,17.50142857,0.260896445,0.02812983,0.565378671,0.200309119,0.136012365,0.260896445,0.02812983,0.565378671,0.200309119,0.136012365,0.334572491,0.005576208,0.724907063,0.128252788,0.078066914,0.174566295,0.034696406,0.576982652,0.194392813,0.123451053,Grain Corn,Yes,Yes,Yes,4,6.685321331,23.87444115
233,6668,ONE_STA,5/8/23,239,60,179,4,1683,826,857,0.142008318,0.208868145,0.072639225,0.142008318,243,19,2023,0.008571429,41.95714286,56.7,71.44285714,37.51428571,1.758571429,18.25714286,0.515442279,0.0005997,0.553523238,0.242278861,0.072563718,0.515442279,0.0005997,0.553523238,0.242278861,0.072563718,0.758700696,0.005800464,0.811484919,0.089327146,0.023201856,0.525,0.00247093,0.57122093,0.254360465,0.055959302,Silage Corn,No,Yes,Yes,5,6.000911713,29.96791649
234,6628,ONE_TER,5/8/23,55,29,26,3,495,259,236,0.111111111,0.110169492,0.111969112,0.17979798,58,19,2023,0.01,42.1,56.07142857,70.02857143,38.5,1.461428571,17.56,0.184004811,0.00210463,0.308177992,0.156644618,0.175886951,0.184004811,0.00210463,0.308177992,0.156644618,0.175886951,0.288056206,0.0029274,0.441451991,0,0.197306792,0.180435736,0.003509285,0.300921187,0.161573329,0.194911537,Silage Corn,No,Yes,Yes,4,6.709459305,29.72609329
235,2548,SMI_JOH_2,5/8/23,2,2,0,0,302,184,118,0.006622517,0,0.010869565,0.609271523,2,19,2023,0.017142857,44.34285714,57.38571429,70.4,40.24285714,1.781428571,17.99,0.231906375,0.004003696,0.310748383,0.467508469,0.118878965,0.231906375,0.004003696,0.310748383,0.467508469,0.118878965,0.023327195,0.04849601,0.421731123,0.345610804,0.114180479,0.065106972,0.095428659,0.343081422,0.46052024,0.118362321,Wheat,Yes,No,Yes,5,6.468092918,24.67160034
236,2536,SMI_DUR,5/8/23,47,17,30,0,1550,602,948,0.030322581,0.03164557,0.028239203,0.578709677,47,19,2023,0.017142857,46.27142857,58.74285714,71.15714286,40.54285714,2.498571429,18.79,0.110255621,0.07145057,0.292577764,0.436094857,0.157068063,0.110255621,0.07145057,0.292577764,0.436094857,0.157068063,0.332103321,0.009840098,0.412669127,0.38499385,0.114391144,0.228140394,0.013238916,0.326508621,0.433189655,0.144550493,Silage Corn,Yes,Yes,No,5,6.667976379,34.23325348
237,2530,SMI_LAT,5/8/23,163,20,143,0,521,197,324,0.312859885,0.441358025,0.101522843,0.75815739,163,19,2023,0.015714286,37.97142857,54.85714286,71.68571429,40.65714286,0.02,19.24,0.215594905,0.000310655,0.448275862,0.278347313,0.117738428,0.215594905,0.000310655,0.448275862,0.278347313,0.117738428,0.182440847,0.054171856,0.53860523,0.253424658,0.102739726,0.18591242,0.032102228,0.494623656,0.27411563,0.116097865,Silage Corn,Yes,Yes,Yes,5,5.557508469,21.01000977
238,2542,SMI_JOH,5/8/23,5,2,3,0,497,258,239,0.010060362,0.012552301,0.007751938,0.360160966,5,19,2023,0.015714286,44.15714286,57.38571429,70.62857143,40.05714286,1.711428571,18.27285714,0.145672929,0.129966123,0.343393902,0.354173083,0.178318448,0.145672929,0.129966123,0.343393902,0.354173083,0.178318448,0.275246305,0.003694581,0.480295567,0.269704433,0.180418719,0.265186556,0.00431699,0.39978415,0.370490287,0.157415973,Wheat,No,Yes,Yes,5,6.416008472,24.34096146
239,7386,ONE_ADO,5/8/23,70,35,35,7,614,344,270,0.114006515,0.12962963,0.101744186,0.236156352,77,19,2023,0.011428571,40.95714286,55.51428571,70.1,37.9,1.242857143,17.50428571,0.183208396,0.0017991,0.224287856,0.533133433,0.089955022,0.183208396,0.0017991,0.224287856,0.533133433,0.089955022,0.019976498,0,0.153936545,0.725616921,0.062867215,0.116693442,0.001460494,0.332262305,0.535270922,0.086169125,Silage Corn,No,Yes,No,4,6.463492393,28.13966751
240,2460,GAB_ALL,5/8/23,111,99,12,1,1143,822,321,0.097112861,0.037383178,0.120437956,0.406824147,112,19,2023,0,46.6,61.11428571,75.6,39.72857143,2.117142857,23.36571429,0.017310665,0,0.02194745,0.588871716,0.062751159,0.017310665,0,0.02194745,0.588871716,0.062751159,0.00618047,0,0.030284302,0.592707046,0.145241038,0.005874169,0.010975421,0.030298346,0.58417066,0.065852527,Silage Corn,No,Yes,Yes,5,5.886958599,28.32917595
241,2416,STA_WIL,5/8/23,61,54,7,12,281,230,51,0.217081851,0.137254902,0.234782609,0.765124555,73,19,2023,0.045714286,45.95714286,58.37142857,70.74285714,41.21428571,2.32,18.19857143,0.241368681,0.017879162,0.487977805,0.305487053,0.114981504,0.241368681,0.017879162,0.487977805,0.305487053,0.114981504,0.127149877,0.007371007,0.587223587,0.131449631,0.156019656,0.194632943,0.013109192,0.522208513,0.303207896,0.110734115,Silage Corn,Yes,No,Yes,4,6.444833279,34.71776962
242,2414,STA_SWE,5/8/23,143,122,21,3,366,297,69,0.390710383,0.304347826,0.410774411,0.535519126,146,19,2023,0.028571429,46.25714286,58.38571429,70.52857143,40.87142857,2.31,17.65714286,0.266069221,0.01946848,0.502163164,0.253090235,0.136897404,0.266069221,0.01946848,0.502163164,0.253090235,0.136897404,0.316542289,0.043532338,0.672263682,0.104477612,0.111940299,0.29850978,0.028407327,0.56116113,0.264669357,0.096864328,Silage Corn,Yes,Yes,Yes,5,6.38201952,33.36382294
243,2524,SMI_HOF,5/8/23,56,42,14,0,444,244,200,0.126126126,0.07,0.172131148,0.761261261,56,19,2023,0.021428571,41.81428571,57,72.17142857,40.17142857,1.14,19.47714286,0.110834371,0.057285181,0.215442092,0.453611457,0.205790785,0.110834371,0.057285181,0.215442092,0.453611457,0.205790785,0.076244486,0,0.195337114,0.619407687,0.06805293,0.157239641,0.007405073,0.249251615,0.459587207,0.197888766,Silage Corn,Yes,No,Yes,5,5.903712749,31.93047523
244,2410,STA_HEM,5/8/23,49,23,26,5,1309,715,594,0.037433155,0.043771044,0.032167832,0.231474408,54,19,2023,0.032857143,46.05714286,58.07142857,70.07142857,41,2.714285714,17.69857143,0.286287832,0.106856084,0.547560222,0.199505868,0.152563311,0.286287832,0.106856084,0.547560222,0.199505868,0.152563311,0.369202226,0.031539889,0.562770563,0.193568336,0.153370439,0.290197897,0.089208411,0.572820037,0.198670377,0.140538033,Silage Corn,Yes,Yes,Yes,4,6.554670334,26.48303223
245,2418,ZUE_REE,5/9/23,165,72,93,7,2497,1359,1138,0.066079295,0.08172232,0.052980132,0.176211454,172,19,2023,0.025714286,46.58571429,58.74285714,70.92857143,41.31428571,2.695714286,18.35714286,0.129882207,0.14383137,0.500619963,0.149411035,0.119652821,0.129882207,0.14383137,0.500619963,0.149411035,0.119652821,0.070807453,0.199378882,0.582608696,0.173291925,0.165217391,0.07720988,0.209414323,0.523380457,0.148982445,0.114338978,Pumpkins,No,No,Yes,4,6.537268639,24.44252777
246,2376,DIP_PAT,5/9/23,61,32,29,6,1602,817,785,0.038077403,0.036942675,0.039167687,0.229088639,67,19,2023,0.035714286,44.55714286,57.92857143,71.31428571,41.08571429,1.752857143,18.88142857,0.256710892,0.140080222,0.721382289,0.14594261,0.053687134,0.256710892,0.140080222,0.721382289,0.14594261,0.053687134,0.504944376,0.014833127,0.615574784,0.35723115,0.021013597,0.41602227,0.079647386,0.755799567,0.151716672,0.039746366,Silage Corn,Yes,Yes,,5,6.454941273,26.51252174
247,2378,DIP_FLE,5/9/23,28,11,17,1,1556,780,776,0.017994859,0.021907216,0.014102564,0.440231362,29,19,2023,0.021428571,43.84285714,56.84285714,69.84285714,41.54285714,1.27,17.13142857,0.302484472,0.005590062,0.604658385,0.145652174,0.12173913,0.302484472,0.005590062,0.604658385,0.145652174,0.12173913,0.440424205,0.006862133,0.580786026,0.190268247,0.173424828,0.314892952,0.00531333,0.69792155,0.143928739,0.116580716,Silage Corn,Yes,No,No,5,6.317162514,28.22133827
248,2380,DIP_CUR,5/9/23,80,36,44,4,1308,655,653,0.06116208,0.067381317,0.054961832,0.422782875,84,19,2023,0.024285714,39.27142857,53.9,68.55714286,37.92857143,1.13,16.90428571,0.308626596,0.06944877,0.54936157,0.164123326,0.143880411,0.308626596,0.06944877,0.54936157,0.164123326,0.143880411,0.338983051,0.03138732,0.61393597,0.133082235,0.16007533,0.350290469,0.063118229,0.613597111,0.169414351,0.138326268,Silage Corn,Yes,No,No,4,5.927192211,18.15420723
249,2382,POV_DUN,5/9/23,9,7,2,0,275,185,90,0.032727273,0.022222222,0.037837838,0.774545455,9,19,2023,0.022857143,39.32857143,54.7,70.08571429,39.5,0.508571429,17.91714286,0.002804612,0.001246494,0.031785603,0.479588657,0.272982237,0.002804612,0.001246494,0.031785603,0.479588657,0.272982237,0.006926952,0.001889169,0.10768262,0.47418136,0.331234257,0.002672116,0.00047155,0.116944357,0.487896888,0.261867337,Silage Corn,No,No,No,4,5.781182766,20.7029171
250,2482,SMI_DOU,5/9/23,9,6,3,0,114,52,62,0.078947368,0.048387097,0.115384615,0.561403509,9,19,2023,0.01,39.8,54.91428571,70.01428571,38.4,0.762857143,17.92857143,0.025261861,0.048367221,0.172520025,0.204559458,0.199014171,0.025261861,0.048367221,0.172520025,0.204559458,0.199014171,0.033846154,0.081846154,0.583384615,0.107076923,0.214769231,0.046504466,0.036495226,0.497228211,0.205112411,0.177702495,Soybean,No,Yes,Yes,5,6.29728651,24.98108101
251,2494,SMI_CRO,5/9/23,12,6,6,0,188,105,83,0.063829787,0.072289157,0.057142857,0.925531915,12,19,2023,0.011428571,42.44285714,57.38571429,72.34285714,39.34285714,1.141428571,20.06142857,0.178527228,0.173267327,0.451113861,0.101175743,0.171410891,0.178527228,0.173267327,0.451113861,0.101175743,0.171410891,0.441961515,0.213531968,0.836126629,0.018001241,0.104283054,0.216145026,0.146885652,0.700340874,0.100867679,0.152928416,Grain Corn,No,No,Yes,5,6.335429668,26.11972809
252,2500,SMI_MCC,5/9/23,24,7,17,1,264,138,126,0.090909091,0.134920635,0.050724638,0.477272727,25,19,2023,0.007142857,39.42857143,54.1,68.78571429,38.3,0.768571429,16.74142857,0.093008931,0.065906991,0.193717277,0.263319988,0.262704034,0.093008931,0.065906991,0.193717277,0.263319988,0.262704034,0.199261993,0.117466175,0.67404674,0.064575646,0.208487085,0.115461385,0.032703823,0.460770766,0.264854906,0.222171043,Soybean,No,No,No,5,6.356281281,15.2996912
253,2506,SMI_KEL,5/9/23,3,0,3,0,328,147,181,0.009146341,0.016574586,0,0.198170732,3,19,2023,0.008571429,42.74285714,57.68571429,72.62857143,39.51428571,1.174285714,20.23714286,0.273343606,0.009861325,0.358089368,0.267180277,0.163328197,0.273343606,0.009861325,0.358089368,0.267180277,0.163328197,0.060456508,0.110425663,0.410857495,0.438618137,0.078963603,0.111660232,0.197220077,0.563706564,0.265791506,0.116602317,Silage Corn,Yes,Yes,Yes,5,6.507095337,28.20439339
254,2512,SMI_COB,5/9/23,14,10,4,0,245,187,58,0.057142857,0.068965517,0.053475936,0.697959184,14,19,2023,0.01,41.84285714,56.82857143,71.8,38.77142857,1.107142857,19.61,0.140111593,0.001549907,0.348419095,0.162430254,0.207067576,0.140111593,0.001549907,0.348419095,0.162430254,0.207067576,0.034246575,0.00871731,0.321295143,0.221668742,0.215442092,0.083905178,0.005614473,0.330474111,0.151902682,0.272925764,Silage Corn,Yes,No,No,4,5.930618286,20.99067307
255,2518,SMI_HOL,5/9/23,19,7,12,0,352,226,126,0.053977273,0.095238095,0.030973451,0.474431818,19,19,2023,0.004285714,44.44285714,58.94285714,73.4,39.27142857,1.635714286,21.08428571,0.201545595,0.022256569,0.39690881,0.267078825,0.105409583,0.201545595,0.022256569,0.39690881,0.267078825,0.105409583,0.298701299,0.009894867,0.799628942,0.081014224,0.089672233,0.218319666,0.00448708,0.572025375,0.271081541,0.105369024,Grain Corn,No,No,Yes,5,6.415804386,25.43291092
256,2488,SMI_CAN,5/9/23,50,11,39,1,657,260,397,0.076103501,0.098236776,0.042307692,0.535768645,51,19,2023,0.012857143,37.91428571,52.75714286,67.62857143,37.45714286,0.637142857,16.09571429,0.141579272,0.020049352,0.295805059,0.277606416,0.220542875,0.141579272,0.020049352,0.295805059,0.277606416,0.220542875,0.134282178,0.008044554,0.273514851,0.404084158,0.190594059,0.162074303,0.01130031,0.447213622,0.276934985,0.200773994,Silage Corn,No,Yes,Yes,5,5.585507393,15.5769558
257,2612,WIS_COO_2,5/10/23,18,10,8,0,295,206,89,0.061016949,0.08988764,0.048543689,0.203389831,18,19,2023,0.03,43.44285714,58.62857143,73.82857143,38.21428571,1.412857143,21.94142857,0.086559647,0.028958137,0.146049732,0.548001259,0.162732137,0.086559647,0.028958137,0.146049732,0.548001259,0.162732137,0.096981374,0.138728324,0.316634554,0.453436095,0.125240848,0.069302177,0.04081306,0.196702945,0.549295775,0.157010243,Silage Corn,No,No,No,5,5.979127407,44.69318771
258,2608,WIS_COO,5/10/23,21,14,7,0,1367,880,487,0.015362107,0.014373717,0.015909091,0.050475494,21,19,2023,0.027142857,44.08571429,58.35714286,72.6,38.65714286,1.515714286,20.46,0.217132099,0.023219329,0.349858801,0.26513963,0.294634452,0.217132099,0.023219329,0.349858801,0.26513963,0.294634452,0.05942492,0.018530351,0.522044728,0.108626198,0.34313099,0.121682123,0.056443876,0.382475216,0.262711864,0.31371922,Silage Corn Strip Cropped With Alfalfa,No,Yes,No,5,5.968518734,24.17316246
259,2428,MIL_CHA,5/11/23,36,29,7,4,277,157,120,0.129963899,0.058333333,0.184713376,0.913357401,40,19,2023,0.015714286,40.64285714,54.37142857,68.14285714,38.82857143,0.952857143,16.21,0.292412091,0.211597779,0.667797656,0.15885256,0.102097471,0.292412091,0.211597779,0.667797656,0.15885256,0.102097471,0.490147783,0.02955665,0.754926108,0.069581281,0.075738916,0.42769136,0.09795164,0.69012783,0.161096566,0.091637148,Silage Corn,No,Yes,Yes,5,6.120146751,20.23761559
260,2430,MIL_YOD,5/11/23,4,2,2,1,501,299,202,0.007984032,0.00990099,0.006688963,0.760479042,5,19,2023,0.015714286,40.72857143,54.77142857,68.81428571,38.72857143,1.001428571,16.98285714,0.159567901,0.087654321,0.439197531,0.282716049,0.186111111,0.159567901,0.087654321,0.439197531,0.282716049,0.186111111,0.181257707,0.113440197,0.548705302,0.388409371,0.062885327,0.213491818,0.072553257,0.491355357,0.279098487,0.183698672,Soybean,Yes,Yes,No,5,6.349746704,20.46067619
261,2432,MIL_MCC,5/11/23,21,15,6,4,439,240,199,0.047835991,0.030150754,0.0625,0.546697039,25,19,2023,0.015714286,40.62857143,54.72857143,68.78571429,39.21428571,0.868571429,16.74714286,0.200738916,0.253694581,0.501539409,0.303571429,0.11453202,0.200738916,0.253694581,0.501539409,0.303571429,0.11453202,0.3432282,0.226963513,0.586270872,0.365491651,0.042053185,0.257456344,0.167362077,0.526348323,0.308607634,0.120537784,Soybean,No,Yes,No,5,6.210189819,27.60095024
262,2560,DEG_DIE_HILL,5/11/23,149,116,33,3,1157,731,426,0.128781331,0.077464789,0.158686731,0.541054451,152,19,2023,0.022857143,40.4,54.38571429,68.34285714,39.41428571,0.654285714,16.58714286,0.144630664,0.00496586,0.287709497,0.170391061,0.226256983,0.144630664,0.00496586,0.287709497,0.170391061,0.226256983,0.282035176,0.236180905,0.600502513,0.123115578,0.212939698,0.12490242,0.068852459,0.354722873,0.177673692,0.20952381,,No,No,Yes,5,6.117238522,22.74447823
263,2576,DEG_YOU_JONES,5/11/23,33,13,20,1,1097,521,576,0.030082042,0.034722222,0.024952015,0.367365542,34,19,2023,0.038571429,41.24285714,55.04285714,68.87142857,39.77142857,0.912857143,16.92142857,0.253564786,0.007129572,0.347489151,0.206757595,0.201487911,0.253564786,0.007129572,0.347489151,0.206757595,0.201487911,0.241121495,0.021806854,0.456074766,0.188161994,0.224299065,0.237071651,0.010903427,0.46588785,0.204361371,0.19953271,Silage Corn,No,Yes,Yes,5,6.899239063,17.49082565
264,2572,DEG_VIL,5/11/23,86,52,34,5,836,460,376,0.102870813,0.090425532,0.113043478,0.61722488,91,19,2023,0.038571429,41.28571429,55.08571429,68.88571429,39.77142857,0.914285714,16.91571429,0.310547479,0.014228271,0.434580885,0.206928549,0.139808228,0.310547479,0.014228271,0.434580885,0.206928549,0.139808228,0.509034268,0.024922118,0.591277259,0.099688474,0.150155763,0.289432668,0.013871571,0.4909601,0.210723192,0.147755611,Grain Corn,Yes,,Yes,5,6.654009819,18.75856018
265,2590,DEG_YOU_BOCES,5/11/23,28,21,7,2,639,344,295,0.043818466,0.023728814,0.061046512,0.535211268,30,19,2023,0.024285714,40.87142857,54.97142857,69.05714286,39.64285714,0.744285714,17.15285714,0.118339529,0.004337051,0.146530359,0.248141264,0.298946716,0.118339529,0.004337051,0.146530359,0.248141264,0.298946716,0.329595016,0.002492212,0.404984424,0.038629283,0.396261682,0.117720531,0.006088993,0.198907104,0.251053864,0.288056206,,No,Yes,Yes,5,6.506287098,17.9388752
266,2596,DEG_YOU_OSHEA,5/11/23,28,14,14,0,610,262,348,0.045901639,0.040229885,0.053435115,0.345901639,28,19,2023,0.032857143,39.25714286,53.28571429,67.31428571,39.25714286,0.407142857,15.75428571,0.175759454,0.160880347,0.416924985,0.312461252,0.058586485,0.175759454,0.160880347,0.416924985,0.312461252,0.058586485,0.435433562,0.061135371,0.691827823,0.204616344,0.028072364,0.276087974,0.034316019,0.455155202,0.314147559,0.049602246,Silage Corn,No,,,5,5.277257442,19.04313278
267,2566,DEG_DIE_SWC,5/11/23,5,3,2,1,223,110,113,0.022421525,0.017699115,0.027272727,0.417040359,6,19,2023,0.025714286,41.48571429,55.27142857,69.02857143,39.62857143,0.995714286,17.08142857,0.24301676,0.054314091,0.315021726,0.289261328,0.253258845,0.24301676,0.054314091,0.315021726,0.289261328,0.253258845,0.344569288,0.111735331,0.571785268,0.173533084,0.171660424,0.252068051,0.053379117,0.378336195,0.295770251,0.229904792,Sweet Corn,No,No,Yes,5,6.143694878,24.17197609
268,2584,DEG_FOU_WOOD,5/12/23,7,5,2,0,436,235,201,0.016055046,0.009950249,0.021276596,0.291284404,7,19,2023,0.024285714,39.02857143,53.55714286,68.07142857,38.95714286,0.394285714,16.50142857,0.307191569,0.00216987,0.413515189,0.190638562,0.173279603,0.307191569,0.00216987,0.413515189,0.190638562,0.173279603,0.440349781,0.007495315,0.678326046,0.036227358,0.187382886,0.310037523,0.005159475,0.561913696,0.194340213,0.166823014,Silage Corn,Yes,No,Yes,5,5.715062618,20.57002831
269,2602,DEG_PER_STRIP,5/12/23,15,10,5,0,190,106,84,0.078947368,0.05952381,0.094339623,0.594736842,15,19,2023,0.041428571,40.11428571,54.14285714,68.2,39.41428571,0.642857143,16.47857143,0.220601924,0.038783742,0.410176854,0.322680732,0.135587962,0.220601924,0.038783742,0.410176854,0.322680732,0.135587962,0.194271482,0.132004981,0.655666252,0.103362391,0.188044832,0.193266833,0.048784289,0.476620948,0.325436409,0.131390274,Silage Corn,Yes,No,No,5,5.993263245,23.35876274
270,2622,WIS_KEN,5/12/23,70,26,44,0,448,296,152,0.15625,0.289473684,0.087837838,0.607142857,70,19,2023,0.017142857,47.25714286,62.31428571,77.37142857,42.58571429,1.35,24.27714286,0.000315259,0.000630517,0.039722573,0.289407314,0.106872636,0.000315259,0.000630517,0.039722573,0.289407314,0.106872636,0.005157963,0,0.09929078,0.320438427,0.181818182,0.001771622,0,0.046223224,0.299565147,0.096956032,Grain Corn,Yes,No,Yes,4,5.452927113,13.98438168
271,2616,WIS_HIG,5/12/23,19,11,8,0,160,98,62,0.11875,0.129032258,0.112244898,0.45,19,19,2023,0.021428571,46.07142857,61.47142857,76.9,41,1.458571429,24.31,0.001572822,0.000314564,0.054419629,0.52689525,0.164831708,0.001572822,0.000314564,0.054419629,0.52689525,0.164831708,0.003861004,0,0.048262548,0.554054054,0.115186615,0.003690037,0.001283491,0.065297609,0.539387133,0.13765442,,Yes,No,Yes,5,5.566951752,23.14190102
272,2605,WIS_MEG,5/12/23,28,11,17,0,251,124,127,0.111553785,0.133858268,0.088709677,0.944223108,28,19,2023,0.014285714,45.45714286,61.22857143,77.01428571,39.67142857,1.594285714,25.13,0.082419304,0.000626763,0.123472266,0.270761517,0.261360075,0.082419304,0.000626763,0.123472266,0.270761517,0.261360075,0.106234097,0.010178117,0.251908397,0.218193384,0.220101781,0.059188544,0.017979316,0.191408115,0.273349244,0.231821798,Sweet Corn,No,No,Yes,4,5.365185261,16.90901184
273,2442,KAT_TEE,5/15/23,6,2,4,0,173,78,95,0.034682081,0.042105263,0.025641026,0.606936416,6,20,2023,0.1,36.51428571,50.91428571,65.25714286,36.7,0.844285714,14.25,0.126246883,0.002182045,0.185785536,0.42861596,0.202306733,0.126246883,0.002182045,0.185785536,0.42861596,0.202306733,0.234404537,0,0.323881537,0.45431632,0.142407057,0.164802269,0.001260438,0.305656216,0.443989286,0.174413109,Silage Corn,No,Yes,Yes,5,5.959934235,23.65135002
274,2444,KAT_TEE_2,5/15/23,20,11,9,0,445,211,234,0.04494382,0.038461538,0.052132701,0.606741573,20,20,2023,0.1,37.75714286,50.42857143,63.08571429,36.25714286,0.994285714,12.85714286,0.100748596,0.002183406,0.112913288,0.732376794,0.054585153,0.100748596,0.002183406,0.112913288,0.732376794,0.054585153,0.328922495,0,0.441713926,0.419029616,0.095778198,0.116462071,0.000629525,0.188227888,0.740163676,0.052250551,Silage Corn,No,Yes,Yes,5,5.739637852,17.81757545
275,2446,KAT_JEF,5/15/23,0,0,0,0,109,62,47,0,0,0,0.623853211,0,20,2023,0.088571429,37.94285714,51.72857143,65.5,37.51428571,0.845714286,14.24714286,0.05625,0.0015625,0.07,0.4128125,0.204375,0.05625,0.0015625,0.07,0.4128125,0.204375,0.031605563,0.006321113,0.274968394,0.470290771,0.202907712,0.069973148,0.003159059,0.329015953,0.409887853,0.176433423,Silage Corn,No,Yes,Yes,5,5.586032867,22.36896324
276,2450,KAT_SAU,5/15/23,6,3,3,0,273,142,131,0.021978022,0.022900763,0.021126761,0.89010989,6,20,2023,0.045714286,39.14285714,52.02857143,64.87142857,34.9,1.678571429,14.31285714,0.122455371,0.004384591,0.17099906,0.461634826,0.150642029,0.122455371,0.004384591,0.17099906,0.461634826,0.150642029,0.170266836,0.028589581,0.548284625,0.302414231,0.103557814,0.096979332,0.009062003,0.330206677,0.459618442,0.136406995,Silage Corn,Yes,Yes,Yes,5,5.537230015,19.16375542
277,2452,KAT_SAU_2,5/15/23,1,1,0,0,302,107,195,0.003311258,0,0.009345794,0.927152318,1,20,2023,0.048571429,39.27142857,51.98571429,64.68571429,34.9,1.695714286,14.15857143,0.151657286,0.025953721,0.269543465,0.252970607,0.186366479,0.151657286,0.025953721,0.269543465,0.252970607,0.186366479,0.19581749,0,0.655259823,0.117237009,0.154626109,0.181052297,0.000794786,0.499284692,0.249721825,0.164997616,Silage Corn,Yes,Yes,Yes,5,5.722351551,21.01234818
278,2454,KAT_HAB,5/15/23,21,11,10,2,242,139,103,0.08677686,0.097087379,0.079136691,0.417355372,23,20,2023,0.101428571,41.2,53.62857143,66.04285714,37.65714286,1.394285714,14.59142857,0.239130435,0.072670807,0.327639752,0.283850932,0.102173913,0.239130435,0.072670807,0.327639752,0.283850932,0.102173913,0.244360902,0.193609023,0.601503759,0.176065163,0.112155388,0.195389682,0.093774502,0.426689666,0.279128117,0.118551043,Soybean,No,No,Yes,5,5.957181454,23.42772102
279,2456,KAT_HAB_2,5/15/23,16,14,2,1,516,324,192,0.031007752,0.010416667,0.043209877,0.550387597,17,20,2023,0.104285714,38.84285714,51.8,64.7,37.24285714,1.067142857,13.82571429,0.281755915,0.009028643,0.326276463,0.328767123,0.086239103,0.281755915,0.009028643,0.326276463,0.328767123,0.086239103,0.457214241,0.06620862,0.695815116,0.137414116,0.083697689,0.351588171,0.019089344,0.536848693,0.324988265,0.078235018,Silage Corn,Yes,Yes,Yes,5,5.955316067,20.81032753
280,2458,KAT_BAR,5/15/23,29,6,23,0,769,226,543,0.037711313,0.042357274,0.026548673,0.864759428,29,20,2023,0.024285714,37.57142857,52.94285714,68.28571429,37.14285714,0.952857143,16.56285714,0.150015659,0.024115252,0.186658315,0.465079862,0.165988099,0.150015659,0.024115252,0.186658315,0.465079862,0.165988099,0.328234544,0.005736138,0.38623327,0.275334608,0.149139579,0.120152575,0.020979021,0.223617292,0.469961856,0.149237127,Soybean,No,No,Yes,5,5.867260933,22.92560768
281,2462,GAB_ALL,5/15/23,8,2,6,0,1143,822,321,0.006999125,0.018691589,0.00243309,0.413823272,8,20,2023,0.038571429,45.18571429,56.71428571,68.24285714,37.05714286,2.53,16.55,0.017310665,0,0.02194745,0.588871716,0.062751159,0.017310665,0,0.02194745,0.588871716,0.062751159,0.00618047,0,0.030284302,0.592707046,0.145241038,0.005874169,0.010975421,0.030298346,0.58417066,0.065852527,Silage Corn,No,Yes,Yes,5,5.886958599,28.32917595
282,2466,GAB_STE,5/15/23,7,5,2,0,729,414,315,0.009602195,0.006349206,0.012077295,0.31138546,7,20,2023,0.041428571,41.44285714,54.17142857,66.88571429,36.27142857,1.682857143,15.49714286,0.089423373,0,0.187172371,0.636139377,0.121184089,0.089423373,0,0.187172371,0.636139377,0.121184089,0.154886294,0,0.250768285,0.561770129,0.12968654,0.102323434,0.00015387,0.219879982,0.632404985,0.117402677,Silage Corn,No,Yes,Yes,5,5.358693123,12.73650074
283,2484,SMI_DOU,5/15/23,3,0,3,0,114,52,62,0.026315789,0.048387097,0,0.587719298,3,20,2023,0.017142857,37.57142857,50.91428571,64.22857143,35.18571429,1.21,13.89428571,0.025261861,0.048367221,0.172520025,0.204559458,0.199014171,0.025261861,0.048367221,0.172520025,0.204559458,0.199014171,0.033846154,0.081846154,0.583384615,0.107076923,0.214769231,0.046504466,0.036495226,0.497228211,0.205112411,0.177702495,Soybean,No,Yes,Yes,5,6.29728651,24.98108101
284,2448,KAT_JEF_2,5/15/23,7,3,4,0,109,60,49,0.064220183,0.081632653,0.05,0.28440367,7,20,2023,0.081428571,37.24285714,51.21428571,65.18571429,37.08571429,0.818571429,14.14142857,0.103738318,0.007476636,0.12834891,0.520560748,0.169158879,0.103738318,0.007476636,0.12834891,0.520560748,0.169158879,0.149178255,0.003160556,0.405183312,0.336283186,0.178255373,0.120977918,0.002839117,0.30362776,0.524132492,0.13044164,Silage Corn,No,Yes,Yes,5,6.26295042,37.54327011
285,2496,SMI_CRO,5/15/23,1,1,0,0,188,105,83,0.005319149,0,0.00952381,0.930851064,1,20,2023,0.01,40.58571429,53.32857143,66.11428571,36.11428571,1.618571429,15.06428571,0.178527228,0.173267327,0.451113861,0.101175743,0.171410891,0.178527228,0.173267327,0.451113861,0.101175743,0.171410891,0.441961515,0.213531968,0.836126629,0.018001241,0.104283054,0.216145026,0.146885652,0.700340874,0.100867679,0.152928416,Grain Corn,No,No,Yes,5,6.335429668,26.11972809
286,6642,ONE_ADO,5/15/23,21,17,4,0,614,344,270,0.034201954,0.014814815,0.049418605,0.270358306,21,20,2023,0.038571429,41.28571429,53.2,65.15714286,36.62857143,1.487142857,14.08285714,0.183208396,0.0017991,0.224287856,0.533133433,0.089955022,0.183208396,0.0017991,0.224287856,0.533133433,0.089955022,0.019976498,0,0.153936545,0.725616921,0.062867215,0.116693442,0.001460494,0.332262305,0.535270922,0.086169125,Silage Corn,No,Yes,No,4,6.463492393,28.13966751
287,2550,SMI_JOH_2,5/15/23,7,6,1,0,302,184,118,0.023178808,0.008474576,0.032608696,0.632450331,7,20,2023,0.031428571,42,53.88571429,65.77142857,36.74285714,2.157142857,14.96428571,0.231906375,0.004003696,0.310748383,0.467508469,0.118878965,0.231906375,0.004003696,0.310748383,0.467508469,0.118878965,0.023327195,0.04849601,0.421731123,0.345610804,0.114180479,0.065106972,0.095428659,0.343081422,0.46052024,0.118362321,Wheat,Yes,No,Yes,5,6.468092918,24.67160034
288,2544,SMI_JOH,5/15/23,15,6,9,0,497,258,239,0.030181087,0.037656904,0.023255814,0.390342052,15,20,2023,0.03,42.08571429,53.88571429,65.7,36.58571429,2.14,14.89571429,0.145672929,0.129966123,0.343393902,0.354173083,0.178318448,0.145672929,0.129966123,0.343393902,0.354173083,0.178318448,0.275246305,0.003694581,0.480295567,0.269704433,0.180418719,0.265186556,0.00431699,0.39978415,0.370490287,0.157415973,Wheat,No,Yes,Yes,5,6.416008472,24.34096146
289,2490,SMI_CAN,5/15/23,5,3,2,0,657,260,397,0.00761035,0.005037783,0.011538462,0.543378995,5,20,2023,0.012857143,35.3,48.87142857,62.45714286,34.04285714,0.935714286,12.74428571,0.141579272,0.020049352,0.295805059,0.277606416,0.220542875,0.141579272,0.020049352,0.295805059,0.277606416,0.220542875,0.134282178,0.008044554,0.273514851,0.404084158,0.190594059,0.162074303,0.01130031,0.447213622,0.276934985,0.200773994,Silage Corn,No,Yes,Yes,5,5.585507393,15.5769558
290,2538,SMI_DUR,5/15/23,9,6,3,0,1550,602,948,0.005806452,0.003164557,0.009966777,0.584516129,9,20,2023,0.035714286,43.52857143,55.1,66.67142857,37.05714286,2.625714286,15.79285714,0.110255621,0.07145057,0.292577764,0.436094857,0.157068063,0.110255621,0.07145057,0.292577764,0.436094857,0.157068063,0.332103321,0.009840098,0.412669127,0.38499385,0.114391144,0.228140394,0.013238916,0.326508621,0.433189655,0.144550493,Silage Corn,Yes,Yes,No,5,6.667976379,34.23325348
291,6670,ONE_STA,5/15/23,138,50,88,12,1683,826,857,0.081996435,0.102683781,0.060532688,0.224004753,150,20,2023,0.045714286,41.12857143,53.44285714,65.74285714,36.38571429,1.651428571,14.55,0.515442279,0.0005997,0.553523238,0.242278861,0.072563718,0.515442279,0.0005997,0.553523238,0.242278861,0.072563718,0.758700696,0.005800464,0.811484919,0.089327146,0.023201856,0.525,0.00247093,0.57122093,0.254360465,0.055959302,Silage Corn,No,Yes,Yes,5,6.000911713,29.96791649
292,2526,SMI_HOF,5/15/23,3,1,2,0,444,244,200,0.006756757,0.01,0.004098361,0.768018018,3,20,2023,0.007142857,38.57142857,52.45714286,66.34285714,36.24285714,1.385714286,15.28857143,0.110834371,0.057285181,0.215442092,0.453611457,0.205790785,0.110834371,0.057285181,0.215442092,0.453611457,0.205790785,0.076244486,0,0.195337114,0.619407687,0.06805293,0.157239641,0.007405073,0.249251615,0.459587207,0.197888766,Silage Corn,Yes,No,Yes,5,5.903712749,31.93047523
293,2520,SMI_HOL,5/15/23,10,8,2,0,352,226,126,0.028409091,0.015873016,0.03539823,0.502840909,10,20,2023,0.008571429,42.82857143,54.87142857,66.91428571,36.68571429,1.937142857,15.46142857,0.201545595,0.022256569,0.39690881,0.267078825,0.105409583,0.201545595,0.022256569,0.39690881,0.267078825,0.105409583,0.298701299,0.009894867,0.799628942,0.081014224,0.089672233,0.218319666,0.00448708,0.572025375,0.271081541,0.105369024,Grain Corn,No,No,Yes,5,6.415804386,25.43291092
294,2514,SMI_COB,5/15/23,9,8,1,0,245,187,58,0.036734694,0.017241379,0.042780749,0.734693878,9,20,2023,0.002857143,40.21428571,52.8,65.45714286,35.94285714,1.515714286,14.45,0.140111593,0.001549907,0.348419095,0.162430254,0.207067576,0.140111593,0.001549907,0.348419095,0.162430254,0.207067576,0.034246575,0.00871731,0.321295143,0.221668742,0.215442092,0.083905178,0.005614473,0.330474111,0.151902682,0.272925764,Silage Corn,Yes,No,No,4,5.930618286,20.99067307
295,2508,SMI_KEL,5/15/23,0,0,0,0,328,147,181,0,0,0,0.198170732,0,20,2023,0.01,40.67142857,53.44285714,66.17142857,36.24285714,1.622857143,15.10714286,0.273343606,0.009861325,0.358089368,0.267180277,0.163328197,0.273343606,0.009861325,0.358089368,0.267180277,0.163328197,0.060456508,0.110425663,0.410857495,0.438618137,0.078963603,0.111660232,0.197220077,0.563706564,0.265791506,0.116602317,Silage Corn,Yes,Yes,Yes,5,6.507095337,28.20439339
296,2502,SMI_MCC,5/15/23,1,0,1,0,264,138,126,0.003787879,0.007936508,0,0.481060606,1,20,2023,0.022857143,37.04285714,50.15714286,63.31428571,35.12857143,1.095714286,13.06142857,0.093008931,0.065906991,0.193717277,0.263319988,0.262704034,0.093008931,0.065906991,0.193717277,0.263319988,0.262704034,0.199261993,0.117466175,0.67404674,0.064575646,0.208487085,0.115461385,0.032703823,0.460770766,0.264854906,0.222171043,Soybean,No,No,No,5,6.356281281,15.2996912
297,2532,SMI_LAT,5/15/23,11,6,5,0,521,197,324,0.021113244,0.015432099,0.030456853,0.779270633,11,20,2023,0.01,36.08571429,51.05714286,66.01428571,37,0.874285714,14.80142857,0.215594905,0.000310655,0.448275862,0.278347313,0.117738428,0.215594905,0.000310655,0.448275862,0.278347313,0.117738428,0.182440847,0.054171856,0.53860523,0.253424658,0.102739726,0.18591242,0.032102228,0.494623656,0.27411563,0.116097865,Silage Corn,Yes,Yes,Yes,5,5.557508469,21.01000977
298,2434,POV_DUN,5/16/23,0,0,0,0,275,185,90,0,0,0,0.774545455,0,20,2023,0.022857143,36.7,50.9,65.05714286,35.07142857,1.29,14.88428571,0.002804612,0.001246494,0.031785603,0.479588657,0.272982237,0.002804612,0.001246494,0.031785603,0.479588657,0.272982237,0.006926952,0.001889169,0.10768262,0.47418136,0.331234257,0.002672116,0.00047155,0.116944357,0.487896888,0.261867337,Silage Corn,No,No,No,4,5.781182766,20.7029171
299,2436,DIP_CUR,5/16/23,3,2,1,0,1308,655,653,0.002293578,0.001531394,0.003053435,0.425076453,3,20,2023,0.012857143,36.67142857,50.55714286,64.42857143,33.07142857,1.817142857,14.93857143,0.308626596,0.06944877,0.54936157,0.164123326,0.143880411,0.308626596,0.06944877,0.54936157,0.164123326,0.143880411,0.338983051,0.03138732,0.61393597,0.133082235,0.16007533,0.350290469,0.063118229,0.613597111,0.169414351,0.138326268,Silage Corn,Yes,No,No,4,5.927192211,18.15420723
300,2438,DIP_FLE,5/16/23,3,2,1,0,1556,780,776,0.001928021,0.00128866,0.002564103,0.442159383,3,20,2023,0.035714286,40.52857143,52.68571429,64.84285714,37.22857143,1.742857143,14.14571429,0.302484472,0.005590062,0.604658385,0.145652174,0.12173913,0.302484472,0.005590062,0.604658385,0.145652174,0.12173913,0.440424205,0.006862133,0.580786026,0.190268247,0.173424828,0.314892952,0.00531333,0.69792155,0.143928739,0.116580716,Silage Corn,Yes,No,No,5,6.317162514,28.22133827
301,2440,DIP_PAT,5/16/23,30,14,16,3,1602,817,785,0.018726592,0.020382166,0.017135863,0.247815231,33,20,2023,0.044285714,41.74285714,53.92857143,66.08571429,37.2,2.03,15.37285714,0.256710892,0.140080222,0.721382289,0.14594261,0.053687134,0.256710892,0.140080222,0.721382289,0.14594261,0.053687134,0.504944376,0.014833127,0.615574784,0.35723115,0.021013597,0.41602227,0.079647386,0.755799567,0.151716672,0.039746366,Silage Corn,Yes,Yes,,5,6.454941273,26.51252174
302,2472,STA_COL,5/16/23,104,80,24,19,720,532,188,0.144444444,0.127659574,0.15037594,0.329166667,123,20,2023,0.094285714,44.65714286,54.07142857,63.48571429,37.95714286,2.227142857,12.99,0.271051014,0.052858021,0.55654579,0.158881377,0.178549478,0.271051014,0.052858021,0.55654579,0.158881377,0.178549478,0.55006105,0.101343101,0.812576313,0.038461538,0.076312576,0.274777539,0.091132249,0.591745934,0.164007364,0.147744707,Silage Corn,Yes,Yes,No,5,6.560458183,23.67193604
303,2470,LET_TAB,5/16/23,55,32,23,34,465,281,184,0.11827957,0.125,0.113879004,0.634408602,89,20,2023,0.095714286,39.67142857,51.44285714,63.22857143,35.88571429,1.645714286,13.10428571,0.273178295,0.011472868,0.648682171,0.222945736,0.062325581,0.273178295,0.011472868,0.648682171,0.222945736,0.062325581,0.382554517,0.000623053,0.584423676,0.280996885,0.037383178,0.334164977,0.007016997,0.680024949,0.225323562,0.031810385,Silage Corn,Yes,Yes,No,5,6.075114727,22.3497448
304,2474,STA_WIL,5/16/23,26,23,3,0,281,230,51,0.09252669,0.058823529,0.1,0.857651246,26,20,2023,0.175714286,43.74285714,54.25714286,64.82857143,37.67142857,2.548571429,14.22,0.241368681,0.017879162,0.487977805,0.305487053,0.114981504,0.241368681,0.017879162,0.487977805,0.305487053,0.114981504,0.127149877,0.007371007,0.587223587,0.131449631,0.156019656,0.194632943,0.013109192,0.522208513,0.303207896,0.110734115,Silage Corn,Yes,No,Yes,4,6.444833279,34.71776962
305,2476,STA_HEM,5/16/23,97,61,36,2,1309,715,594,0.074102368,0.060606061,0.085314685,0.305576776,99,20,2023,0.131428571,43.54285714,53.9,64.27142857,37.27142857,2.718571429,13.86,0.286287832,0.106856084,0.547560222,0.199505868,0.152563311,0.286287832,0.106856084,0.547560222,0.199505868,0.152563311,0.369202226,0.031539889,0.562770563,0.193568336,0.153370439,0.290197897,0.089208411,0.572820037,0.198670377,0.140538033,Silage Corn,Yes,Yes,Yes,4,6.554670334,26.48303223
306,2477,STA_HEM_2,5/16/23,28,16,12,0,891,516,375,0.031425365,0.032,0.031007752,0.384960718,28,20,2023,0.127142857,43.15714286,53.62857143,64.12857143,37.07142857,2.715714286,13.84,0.260896445,0.02812983,0.565378671,0.200309119,0.136012365,0.260896445,0.02812983,0.565378671,0.200309119,0.136012365,0.334572491,0.005576208,0.724907063,0.128252788,0.078066914,0.174566295,0.034696406,0.576982652,0.194392813,0.123451053,Grain Corn,Yes,Yes,Yes,4,6.685321331,23.87444115
307,2468,LET_NOB,5/16/23,126,117,9,0,977,669,308,0.128966223,0.029220779,0.174887892,0.279426817,126,20,2023,0.114285714,41.78571429,52.68571429,63.57142857,37.67142857,1.847142857,12.96714286,0.44619666,0.014533086,0.739950526,0.147186147,0.058441558,0.44619666,0.014533086,0.739950526,0.147186147,0.058441558,0.455052697,0.047737136,0.735895846,0.120272784,0.060136392,0.378466305,0.067544539,0.756777692,0.155538342,0.040588691,Silage Corn,Yes,Yes,Yes,4,6.663196564,25.65228653
308,2736,SEA_HOO,5/17/23,41,40,1,0,2273,1338,935,0.018037835,0.001069519,0.029895366,0.084029916,41,20,2023,0.087142857,43.34285714,54.35714286,65.37142857,37.21428571,2.582857143,14.56285714,0.219527363,0.179726368,0.765547264,0.113495025,0.043221393,0.219527363,0.179726368,0.765547264,0.113495025,0.043221393,0.187149095,0.132875858,0.746724891,0.147223955,0.029320025,0.259756478,0.152357165,0.782391508,0.113019045,0.03886981,Mixed Veg,Yes,Yes,Yes,4,6.488575935,26.25037003
309,2610,WIS_COO_2,5/17/23,0,0,0,0,295,206,89,0,0,0,0.203389831,0,20,2023,0.108571429,39.55714286,52.88571429,66.17142857,36.14285714,1.082857143,15.02857143,0.086559647,0.028958137,0.146049732,0.548001259,0.162732137,0.086559647,0.028958137,0.146049732,0.548001259,0.162732137,0.096981374,0.138728324,0.316634554,0.453436095,0.125240848,0.069302177,0.04081306,0.196702945,0.549295775,0.157010243,Silage Corn,No,No,No,5,5.979127407,44.69318771
310,2606,WIS_COO,5/17/23,48,26,22,0,1367,880,487,0.035113387,0.045174538,0.029545455,0.085588881,48,20,2023,0.11,40.31428571,52.8,65.28571429,36.41428571,1.22,14.20142857,0.217132099,0.023219329,0.349858801,0.26513963,0.294634452,0.217132099,0.023219329,0.349858801,0.26513963,0.294634452,0.05942492,0.018530351,0.522044728,0.108626198,0.34313099,0.121682123,0.056443876,0.382475216,0.262711864,0.31371922,Silage Corn Strip Cropped With Alfalfa,No,Yes,No,5,5.968518734,24.17316246
311,2552,ZUE_REE,5/17/23,67,43,24,6,2497,1359,1138,0.026832199,0.021089631,0.031640912,0.203043652,73,20,2023,0.1,43.75714286,54.45714286,65.17142857,37.54285714,2.692857143,14.47857143,0.129882207,0.14383137,0.500619963,0.149411035,0.119652821,0.129882207,0.14383137,0.500619963,0.149411035,0.119652821,0.070807453,0.199378882,0.582608696,0.173291925,0.165217391,0.07720988,0.209414323,0.523380457,0.148982445,0.114338978,Pumpkins,No,No,Yes,4,6.537268639,24.44252777
312,2578,DEG_YOU_JONES,5/18/23,46,14,32,0,1097,521,576,0.041932543,0.055555556,0.026871401,0.409298086,46,20,2023,0.025714286,38.45714286,51.31428571,64.08571429,35.88571429,1.458571429,14.07428571,0.253564786,0.007129572,0.347489151,0.206757595,0.201487911,0.253564786,0.007129572,0.347489151,0.206757595,0.201487911,0.241121495,0.021806854,0.456074766,0.188161994,0.224299065,0.237071651,0.010903427,0.46588785,0.204361371,0.19953271,Silage Corn,No,Yes,Yes,5,6.899239063,17.49082565
313,2558,DEG_DIE_HILL,5/18/23,28,25,3,0,1157,731,426,0.024200519,0.007042254,0.034199726,0.56525497,28,20,2023,0.018571429,37.68571429,50.64285714,63.62857143,35.57142857,1.245714286,13.83857143,0.144630664,0.00496586,0.287709497,0.170391061,0.226256983,0.144630664,0.00496586,0.287709497,0.170391061,0.226256983,0.282035176,0.236180905,0.600502513,0.123115578,0.212939698,0.12490242,0.068852459,0.354722873,0.177673692,0.20952381,,No,No,Yes,5,6.117238522,22.74447823
314,2564,DEG_DIE_SWC,5/18/23,5,1,4,0,223,110,113,0.022421525,0.03539823,0.009090909,0.439461883,5,20,2023,0.02,38.61428571,51.42857143,64.22857143,35.72857143,1.494285714,14.24428571,0.24301676,0.054314091,0.315021726,0.289261328,0.253258845,0.24301676,0.054314091,0.315021726,0.289261328,0.253258845,0.344569288,0.111735331,0.571785268,0.173533084,0.171660424,0.252068051,0.053379117,0.378336195,0.295770251,0.229904792,Sweet Corn,No,No,Yes,5,6.143694878,24.17197609
315,2570,DEG_VIL,5/18/23,6,4,2,2,836,460,376,0.007177033,0.005319149,0.008695652,0.624401914,8,20,2023,0.025714286,38.48571429,51.31428571,64.08571429,35.91428571,1.458571429,14.07142857,0.310547479,0.014228271,0.434580885,0.206928549,0.139808228,0.310547479,0.014228271,0.434580885,0.206928549,0.139808228,0.509034268,0.024922118,0.591277259,0.099688474,0.150155763,0.289432668,0.013871571,0.4909601,0.210723192,0.147755611,Grain Corn,Yes,,Yes,5,6.654009819,18.75856018
316,2582,DEG_FOU_WOOD,5/18/23,68,25,43,1,436,235,201,0.155963303,0.213930348,0.106382979,0.447247706,69,20,2023,0.022857143,36.52857143,49.97142857,63.41428571,34.94285714,1.135714286,13.84,0.307191569,0.00216987,0.413515189,0.190638562,0.173279603,0.307191569,0.00216987,0.413515189,0.190638562,0.173279603,0.440349781,0.007495315,0.678326046,0.036227358,0.187382886,0.310037523,0.005159475,0.561913696,0.194340213,0.166823014,Silage Corn,Yes,No,Yes,5,5.715062618,20.57002831
317,2710,MIL_YOD,5/18/23,0,0,0,0,501,299,202,0,0,0,0.760479042,0,20,2023,0.027142857,38.18571429,51.18571429,64.18571429,35.31428571,1.407142857,13.99857143,0.159567901,0.087654321,0.439197531,0.282716049,0.186111111,0.159567901,0.087654321,0.439197531,0.282716049,0.186111111,0.181257707,0.113440197,0.548705302,0.388409371,0.062885327,0.213491818,0.072553257,0.491355357,0.279098487,0.183698672,Soybean,Yes,Yes,No,5,6.349746704,20.46067619
318,2594,DEG_YOU_OSHEA,5/18/23,170,38,132,2,610,262,348,0.278688525,0.379310345,0.145038168,0.624590164,172,20,2023,0.02,36.48571429,49.62857143,62.78571429,35.34285714,1.037142857,13.2,0.175759454,0.160880347,0.416924985,0.312461252,0.058586485,0.175759454,0.160880347,0.416924985,0.312461252,0.058586485,0.435433562,0.061135371,0.691827823,0.204616344,0.028072364,0.276087974,0.034316019,0.455155202,0.314147559,0.049602246,Silage Corn,No,,,5,5.277257442,19.04313278
319,2624,STA_SWE,5/18/23,60,48,12,1,366,297,69,0.163934426,0.173913043,0.161616162,0.699453552,61,20,2023,0.108571429,41.87142857,52.81428571,63.74285714,37.65714286,1.825714286,13.15285714,0.266069221,0.01946848,0.502163164,0.253090235,0.136897404,0.266069221,0.01946848,0.502163164,0.253090235,0.136897404,0.316542289,0.043532338,0.672263682,0.104477612,0.111940299,0.29850978,0.028407327,0.56116113,0.264669357,0.096864328,Silage Corn,Yes,Yes,Yes,5,6.38201952,33.36382294
320,2706,MIL_CHA,5/18/23,0,0,0,0,277,157,120,0,0,0,0.913357401,0,20,2023,0.028571429,38.4,50.97142857,63.51428571,35.44285714,1.46,13.38,0.292412091,0.211597779,0.667797656,0.15885256,0.102097471,0.292412091,0.211597779,0.667797656,0.15885256,0.102097471,0.490147783,0.02955665,0.754926108,0.069581281,0.075738916,0.42769136,0.09795164,0.69012783,0.161096566,0.091637148,Silage Corn,No,Yes,Yes,5,6.120146751,20.23761559
321,2708,MIL_MCC,5/18/23,66,28,38,6,439,240,199,0.150341686,0.190954774,0.116666667,0.697038724,72,20,2023,0.022857143,38.32857143,51.02857143,63.8,35.7,1.358571429,13.49,0.200738916,0.253694581,0.501539409,0.303571429,0.11453202,0.200738916,0.253694581,0.501539409,0.303571429,0.11453202,0.3432282,0.226963513,0.586270872,0.365491651,0.042053185,0.257456344,0.167362077,0.526348323,0.308607634,0.120537784,Soybean,No,Yes,No,5,6.210189819,27.60095024
322,2588,DEG_YOU_BOCES,5/18/23,0,0,0,0,639,344,295,0,0,0,0.535211268,0,20,2023,0.02,38.04285714,51.15714286,64.22857143,35.82857143,1.3,14.26714286,0.118339529,0.004337051,0.146530359,0.248141264,0.298946716,0.118339529,0.004337051,0.146530359,0.248141264,0.298946716,0.329595016,0.002492212,0.404984424,0.038629283,0.396261682,0.117720531,0.006088993,0.198907104,0.251053864,0.288056206,,No,Yes,Yes,5,6.506287098,17.9388752
323,2620,WIS_KEN,5/19/23,34,15,19,0,448,296,152,0.075892857,0.125,0.050675676,0.683035714,34,20,2023,0.08,43.12857143,56.11428571,69.11428571,39.81428571,1.181428571,16.47714286,0.000315259,0.000630517,0.039722573,0.289407314,0.106872636,0.000315259,0.000630517,0.039722573,0.289407314,0.106872636,0.005157963,0,0.09929078,0.320438427,0.181818182,0.001771622,0,0.046223224,0.299565147,0.096956032,Grain Corn,Yes,No,Yes,4,5.452927113,13.98438168
324,2614,WIS_HIG,5/19/23,4,0,4,0,160,98,62,0.025,0.064516129,0,0.475,4,20,2023,0.084285714,41.94285714,55.28571429,68.67142857,38.42857143,1.207142857,16.46857143,0.001572822,0.000314564,0.054419629,0.52689525,0.164831708,0.001572822,0.000314564,0.054419629,0.52689525,0.164831708,0.003861004,0,0.048262548,0.554054054,0.115186615,0.003690037,0.001283491,0.065297609,0.539387133,0.13765442,,Yes,No,Yes,5,5.566951752,23.14190102
325,2604,WIS_MEG,5/19/23,8,6,2,1,251,124,127,0.03187251,0.015748031,0.048387097,0.976095618,9,20,2023,0.082857143,41.5,55.1,68.65714286,37.34285714,1.292857143,16.87857143,0.082419304,0.000626763,0.123472266,0.270761517,0.261360075,0.082419304,0.000626763,0.123472266,0.270761517,0.261360075,0.106234097,0.010178117,0.251908397,0.218193384,0.220101781,0.059188544,0.017979316,0.191408115,0.273349244,0.231821798,Sweet Corn,No,No,Yes,4,5.365185261,16.90901184
326,2600,DEG_PER_STRIP,5/19/23,30,10,20,0,190,106,84,0.157894737,0.238095238,0.094339623,0.752631579,30,20,2023,0.027142857,37.25714286,50.4,63.55714286,35.51428571,1.192857143,13.78285714,0.220601924,0.038783742,0.410176854,0.322680732,0.135587962,0.220601924,0.038783742,0.410176854,0.322680732,0.135587962,0.194271482,0.132004981,0.655666252,0.103362391,0.188044832,0.193266833,0.048784289,0.476620948,0.325436409,0.131390274,Silage Corn,Yes,No,No,5,5.993263245,23.35876274
327,2664,KAT_JEF,5/22/23,2,1,1,0,109,62,47,0.018348624,0.021276596,0.016129032,0.642201835,2,21,2023,0,40.54285714,56.02857143,71.52857143,41.42857143,0.578571429,17.71571429,0.05625,0.0015625,0.07,0.4128125,0.204375,0.05625,0.0015625,0.07,0.4128125,0.204375,0.031605563,0.006321113,0.274968394,0.470290771,0.202907712,0.069973148,0.003159059,0.329015953,0.409887853,0.176433423,Silage Corn,No,Yes,Yes,5,5.586032867,22.36896324
328,2662,KAT_BAR,5/22/23,1,0,1,0,769,226,543,0.00130039,0.001841621,0,0.866059818,1,21,2023,0,39.85714286,56.6,73.28571429,42.65714286,0.324285714,18.95857143,0.150015659,0.024115252,0.186658315,0.465079862,0.165988099,0.150015659,0.024115252,0.186658315,0.465079862,0.165988099,0.328234544,0.005736138,0.38623327,0.275334608,0.149139579,0.120152575,0.020979021,0.223617292,0.469961856,0.149237127,Soybean,No,No,Yes,5,5.867260933,22.92560768
329,2660,SMI_CAN,5/22/23,6,5,1,0,657,260,397,0.00913242,0.002518892,0.019230769,0.552511416,6,21,2023,0.002857143,38.67142857,53.18571429,67.71428571,40.51428571,0.56,14.29857143,0.141579272,0.020049352,0.295805059,0.277606416,0.220542875,0.141579272,0.020049352,0.295805059,0.277606416,0.220542875,0.134282178,0.008044554,0.273514851,0.404084158,0.190594059,0.162074303,0.01130031,0.447213622,0.276934985,0.200773994,Silage Corn,No,Yes,Yes,5,5.585507393,15.5769558
330,2646,SMI_HOF,5/22/23,9,4,5,0,444,244,200,0.02027027,0.025,0.016393443,0.788288288,9,21,2023,0,42.25714286,57.27142857,72.31428571,42.55714286,1.014285714,17.88857143,0.110834371,0.057285181,0.215442092,0.453611457,0.205790785,0.110834371,0.057285181,0.215442092,0.453611457,0.205790785,0.076244486,0,0.195337114,0.619407687,0.06805293,0.157239641,0.007405073,0.249251615,0.459587207,0.197888766,Silage Corn,Yes,No,Yes,5,5.903712749,31.93047523
331,2652,SMI_JOH,5/22/23,12,4,8,0,497,258,239,0.024144869,0.033472803,0.015503876,0.414486922,12,21,2023,0.01,43.57142857,57,70.41428571,42.71428571,1.241428571,16.09571429,0.145672929,0.129966123,0.343393902,0.354173083,0.178318448,0.145672929,0.129966123,0.343393902,0.354173083,0.178318448,0.275246305,0.003694581,0.480295567,0.269704433,0.180418719,0.265186556,0.00431699,0.39978415,0.370490287,0.157415973,Wheat,No,Yes,Yes,5,6.416008472,24.34096146
332,2650,SMI_LAT,5/22/23,10,6,4,0,521,197,324,0.019193858,0.012345679,0.030456853,0.798464491,10,21,2023,0.002857143,38.97142857,55.31428571,71.65714286,43.78571429,0.255714286,16.79714286,0.215594905,0.000310655,0.448275862,0.278347313,0.117738428,0.215594905,0.000310655,0.448275862,0.278347313,0.117738428,0.182440847,0.054171856,0.53860523,0.253424658,0.102739726,0.18591242,0.032102228,0.494623656,0.27411563,0.116097865,Silage Corn,Yes,Yes,Yes,5,5.557508469,21.01000977
333,2648,SMI_JOH_2,5/22/23,3,3,0,0,302,184,118,0.009933775,0,0.016304348,0.642384106,3,21,2023,0.015714286,43.6,56.82857143,70.04285714,42.74285714,1.298571429,15.79714286,0.231906375,0.004003696,0.310748383,0.467508469,0.118878965,0.231906375,0.004003696,0.310748383,0.467508469,0.118878965,0.023327195,0.04849601,0.421731123,0.345610804,0.114180479,0.065106972,0.095428659,0.343081422,0.46052024,0.118362321,Wheat,Yes,No,Yes,5,6.468092918,24.67160034
334,2654,SMI_DUR,5/22/23,348,163,185,0,1550,602,948,0.224516129,0.195147679,0.27076412,0.809032258,348,21,2023,0.015714286,44.91428571,57.78571429,70.61428571,42.85714286,1.714285714,16.43857143,0.110255621,0.07145057,0.292577764,0.436094857,0.157068063,0.110255621,0.07145057,0.292577764,0.436094857,0.157068063,0.332103321,0.009840098,0.412669127,0.38499385,0.114391144,0.228140394,0.013238916,0.326508621,0.433189655,0.144550493,Silage Corn,Yes,Yes,No,5,6.667976379,34.23325348
335,2666,KAT_JEF_2,5/22/23,14,10,4,0,109,60,49,0.128440367,0.081632653,0.166666667,0.412844037,14,21,2023,0,40.2,55.62857143,71.07142857,41.08571429,0.575714286,17.40285714,0.103738318,0.007476636,0.12834891,0.520560748,0.169158879,0.103738318,0.007476636,0.12834891,0.520560748,0.169158879,0.149178255,0.003160556,0.405183312,0.336283186,0.178255373,0.120977918,0.002839117,0.30362776,0.524132492,0.13044164,Silage Corn,No,Yes,Yes,5,6.26295042,37.54327011
336,2670,KAT_HAB_2,5/22/23,12,12,0,1,516,324,192,0.023255814,0,0.037037037,0.573643411,13,21,2023,0,41.77142857,56.21428571,70.65714286,40.82857143,1.251428571,17.19142857,0.281755915,0.009028643,0.326276463,0.328767123,0.086239103,0.281755915,0.009028643,0.326276463,0.328767123,0.086239103,0.457214241,0.06620862,0.695815116,0.137414116,0.083697689,0.351588171,0.019089344,0.536848693,0.324988265,0.078235018,Silage Corn,Yes,Yes,Yes,5,5.955316067,20.81032753
337,2672,KAT_SAU,5/22/23,2,1,1,0,273,142,131,0.007326007,0.007633588,0.007042254,0.897435897,2,21,2023,0,41.57142857,55.77142857,69.98571429,40.31428571,1.081428571,16.60142857,0.122455371,0.004384591,0.17099906,0.461634826,0.150642029,0.122455371,0.004384591,0.17099906,0.461634826,0.150642029,0.170266836,0.028589581,0.548284625,0.302414231,0.103557814,0.096979332,0.009062003,0.330206677,0.459618442,0.136406995,Silage Corn,Yes,Yes,Yes,5,5.537230015,19.16375542
338,2674,KAT_SAU_2,5/22/23,1,1,0,0,302,107,195,0.003311258,0,0.009345794,0.930463576,1,21,2023,0,41.65714286,55.71428571,69.8,40.31428571,1.097142857,16.40285714,0.151657286,0.025953721,0.269543465,0.252970607,0.186366479,0.151657286,0.025953721,0.269543465,0.252970607,0.186366479,0.19581749,0,0.655259823,0.117237009,0.154626109,0.181052297,0.000794786,0.499284692,0.249721825,0.164997616,Silage Corn,Yes,Yes,Yes,5,5.722351551,21.01234818
339,2676,KAT_TEE,5/22/23,3,2,1,0,173,78,95,0.01734104,0.010526316,0.025641026,0.624277457,3,21,2023,0,39.1,55.07142857,71.08571429,40.84285714,0.402857143,17.55857143,0.126246883,0.002182045,0.185785536,0.42861596,0.202306733,0.126246883,0.002182045,0.185785536,0.42861596,0.202306733,0.234404537,0,0.323881537,0.45431632,0.142407057,0.164802269,0.001260438,0.305656216,0.443989286,0.174413109,Silage Corn,No,Yes,Yes,5,5.959934235,23.65135002
340,2678,KAT_TEE_2,5/22/23,49,12,37,1,445,211,234,0.11011236,0.158119658,0.056872038,0.716853933,50,21,2023,0,40.41428571,54.5,68.64285714,40.42857143,0.745714286,15.57142857,0.100748596,0.002183406,0.112913288,0.732376794,0.054585153,0.100748596,0.002183406,0.112913288,0.732376794,0.054585153,0.328922495,0,0.441713926,0.419029616,0.095778198,0.116462071,0.000629525,0.188227888,0.740163676,0.052250551,Silage Corn,No,Yes,Yes,5,5.739637852,17.81757545
341,2680,GAB_ALL,5/22/23,9,3,6,0,1143,822,321,0.007874016,0.018691589,0.003649635,0.421697288,9,21,2023,0.02,45.64285714,59.91428571,74.18571429,44.35714286,1.301428571,18.99285714,0.017310665,0,0.02194745,0.588871716,0.062751159,0.017310665,0,0.02194745,0.588871716,0.062751159,0.00618047,0,0.030284302,0.592707046,0.145241038,0.005874169,0.010975421,0.030298346,0.58417066,0.065852527,Silage Corn,No,Yes,Yes,5,5.886958599,28.32917595
342,2684,GAB_STE,5/22/23,4,4,0,0,729,414,315,0.005486968,0,0.009661836,0.316872428,4,21,2023,0.018571429,42.31428571,57.77142857,73.22857143,43.87142857,0.507142857,18.20285714,0.089423373,0,0.187172371,0.636139377,0.121184089,0.089423373,0,0.187172371,0.636139377,0.121184089,0.154886294,0,0.250768285,0.561770129,0.12968654,0.102323434,0.00015387,0.219879982,0.632404985,0.117402677,Silage Corn,No,Yes,Yes,5,5.358693123,12.73650074
343,6632,ONE_TER,5/22/23,65,47,18,2,495,259,236,0.131313131,0.076271186,0.181467181,0.311111111,67,21,2023,0.068571429,41.65714286,55.3,68.95714286,39.3,1.592857143,16.40142857,0.184004811,0.00210463,0.308177992,0.156644618,0.175886951,0.184004811,0.00210463,0.308177992,0.156644618,0.175886951,0.288056206,0.0029274,0.441451991,0,0.197306792,0.180435736,0.003509285,0.300921187,0.161573329,0.194911537,Silage Corn,No,Yes,Yes,4,6.709459305,29.72609329
344,6672,ONE_STA,5/22/23,134,81,53,7,1683,826,857,0.079619727,0.061843641,0.098062954,0.30362448,141,21,2023,0.052857143,41.41428571,55.55714286,69.74285714,38.6,1.875714286,17.26285714,0.515442279,0.0005997,0.553523238,0.242278861,0.072563718,0.515442279,0.0005997,0.553523238,0.242278861,0.072563718,0.758700696,0.005800464,0.811484919,0.089327146,0.023201856,0.525,0.00247093,0.57122093,0.254360465,0.055959302,Silage Corn,No,Yes,Yes,5,6.000911713,29.96791649
345,2668,KAT_HAB,5/22/23,1,1,0,0,242,139,103,0.004132231,0,0.007194245,0.421487603,1,21,2023,0,43.8,58.01428571,72.2,41.28571429,1.721428571,18.32142857,0.239130435,0.072670807,0.327639752,0.283850932,0.102173913,0.239130435,0.072670807,0.327639752,0.283850932,0.102173913,0.244360902,0.193609023,0.601503759,0.176065163,0.112155388,0.195389682,0.093774502,0.426689666,0.279128117,0.118551043,Soybean,No,No,Yes,5,5.957181454,23.42772102
346,2636,ZUE_REE,5/23/23,180,102,78,0,2497,1359,1138,0.072086504,0.068541301,0.075055188,0.275130156,180,21,2023,0.004285714,44.45714286,56.7,68.97142857,42.9,1.598571429,15.04714286,0.129882207,0.14383137,0.500619963,0.149411035,0.119652821,0.129882207,0.14383137,0.500619963,0.149411035,0.119652821,0.070807453,0.199378882,0.582608696,0.173291925,0.165217391,0.07720988,0.209414323,0.523380457,0.148982445,0.114338978,Pumpkins,No,No,Yes,4,6.537268639,24.44252777
347,2628,STA_HEM_2,5/23/23,42,31,11,2,891,516,375,0.047138047,0.029333333,0.060077519,0.432098765,44,21,2023,0.004285714,43.27142857,55.61428571,67.91428571,42.38571429,1.492857143,14.43428571,0.260896445,0.02812983,0.565378671,0.200309119,0.136012365,0.260896445,0.02812983,0.565378671,0.200309119,0.136012365,0.334572491,0.005576208,0.724907063,0.128252788,0.078066914,0.174566295,0.034696406,0.576982652,0.194392813,0.123451053,Grain Corn,Yes,Yes,Yes,4,6.685321331,23.87444115
348,2630,STA_HEM,5/23/23,74,48,26,3,1309,715,594,0.056531704,0.043771044,0.067132867,0.36210848,77,21,2023,0.004285714,43.77142857,55.94285714,68.1,42.47142857,1.582857143,14.53285714,0.286287832,0.106856084,0.547560222,0.199505868,0.152563311,0.286287832,0.106856084,0.547560222,0.199505868,0.152563311,0.369202226,0.031539889,0.562770563,0.193568336,0.153370439,0.290197897,0.089208411,0.572820037,0.198670377,0.140538033,Silage Corn,Yes,Yes,Yes,4,6.554670334,26.48303223
349,2632,STA_COL,5/23/23,175,163,12,0,720,532,188,0.243055556,0.063829787,0.306390977,0.572222222,175,21,2023,0.002857143,44.18571429,56.15714286,68.04285714,41.78571429,1.575714286,14.71142857,0.271051014,0.052858021,0.55654579,0.158881377,0.178549478,0.271051014,0.052858021,0.55654579,0.158881377,0.178549478,0.55006105,0.101343101,0.812576313,0.038461538,0.076312576,0.274777539,0.091132249,0.591745934,0.164007364,0.147744707,Silage Corn,Yes,Yes,No,5,6.560458183,23.67193604
350,2634,LET_TAB,5/23/23,69,50,19,11,465,281,184,0.148387097,0.10326087,0.177935943,0.782795699,80,21,2023,0,41.48571429,55.08571429,68.64285714,40.54285714,1.167142857,15.41857143,0.273178295,0.011472868,0.648682171,0.222945736,0.062325581,0.273178295,0.011472868,0.648682171,0.222945736,0.062325581,0.382554517,0.000623053,0.584423676,0.280996885,0.037383178,0.334164977,0.007016997,0.680024949,0.225323562,0.031810385,Silage Corn,Yes,Yes,No,5,6.075114727,22.3497448
351,2638,SMI_DOU,5/23/23,8,2,6,0,114,52,62,0.070175439,0.096774194,0.038461538,0.657894737,8,21,2023,0.005714286,39.98571429,54.81428571,69.62857143,41.6,0.621428571,15.61714286,0.025261861,0.048367221,0.172520025,0.204559458,0.199014171,0.025261861,0.048367221,0.172520025,0.204559458,0.199014171,0.033846154,0.081846154,0.583384615,0.107076923,0.214769231,0.046504466,0.036495226,0.497228211,0.205112411,0.177702495,Soybean,No,Yes,Yes,5,6.29728651,24.98108101
352,2626,STA_WIL,5/23/23,16,16,0,0,281,230,51,0.056939502,0,0.069565217,0.914590747,16,21,2023,0.007142857,44.28571429,56.37142857,68.44285714,42.64285714,1.568571429,14.72428571,0.241368681,0.017879162,0.487977805,0.305487053,0.114981504,0.241368681,0.017879162,0.487977805,0.305487053,0.114981504,0.127149877,0.007371007,0.587223587,0.131449631,0.156019656,0.194632943,0.013109192,0.522208513,0.303207896,0.110734115,Silage Corn,Yes,No,Yes,4,6.444833279,34.71776962
353,2644,SMI_COB,5/23/23,4,3,1,0,245,187,58,0.016326531,0.017241379,0.016042781,0.751020408,4,21,2023,0.024285714,41.78571429,56.65714286,71.52857143,42.77142857,0.777142857,16.85714286,0.140111593,0.001549907,0.348419095,0.162430254,0.207067576,0.140111593,0.001549907,0.348419095,0.162430254,0.207067576,0.034246575,0.00871731,0.321295143,0.221668742,0.215442092,0.083905178,0.005614473,0.330474111,0.151902682,0.272925764,Silage Corn,Yes,No,No,4,5.930618286,20.99067307
354,2659,SMI_HOL,5/23/23,53,32,21,0,352,226,126,0.150568182,0.166666667,0.14159292,0.653409091,53,21,2023,0.002857143,43.7,58.12857143,72.52857143,43.61428571,1.055714286,17.53,0.201545595,0.022256569,0.39690881,0.267078825,0.105409583,0.201545595,0.022256569,0.39690881,0.267078825,0.105409583,0.298701299,0.009894867,0.799628942,0.081014224,0.089672233,0.218319666,0.00448708,0.572025375,0.271081541,0.105369024,Grain Corn,No,No,Yes,5,6.415804386,25.43291092
355,2758,POV_DUN,5/23/23,39,37,2,0,275,185,90,0.141818182,0.022222222,0.2,0.916363636,39,21,2023,0,38.54285714,54.15714286,69.8,41.31428571,0.538571429,16.04428571,0.002804612,0.001246494,0.031785603,0.479588657,0.272982237,0.002804612,0.001246494,0.031785603,0.479588657,0.272982237,0.006926952,0.001889169,0.10768262,0.47418136,0.331234257,0.002672116,0.00047155,0.116944357,0.487896888,0.261867337,Silage Corn,No,No,No,4,5.781182766,20.7029171
356,2760,DIP_PAT,5/23/23,41,22,19,3,1602,817,785,0.025593009,0.024203822,0.026927785,0.27340824,44,21,2023,0.002857143,42.64285714,56.25714286,69.84285714,43.11428571,0.97,15.71571429,0.256710892,0.140080222,0.721382289,0.14594261,0.053687134,0.256710892,0.140080222,0.721382289,0.14594261,0.053687134,0.504944376,0.014833127,0.615574784,0.35723115,0.021013597,0.41602227,0.079647386,0.755799567,0.151716672,0.039746366,Silage Corn,Yes,Yes,,5,6.454941273,26.51252174
357,2762,DIP_FLE,5/23/23,31,17,14,1,1556,780,776,0.019922879,0.018041237,0.021794872,0.462082262,32,21,2023,0,42.3,55.74285714,69.18571429,43.32857143,0.857142857,14.79857143,0.302484472,0.005590062,0.604658385,0.145652174,0.12173913,0.302484472,0.005590062,0.604658385,0.145652174,0.12173913,0.440424205,0.006862133,0.580786026,0.190268247,0.173424828,0.314892952,0.00531333,0.69792155,0.143928739,0.116580716,Silage Corn,Yes,No,No,5,6.317162514,28.22133827
358,2764,DIP_CUR,5/23/23,13,6,7,0,1308,655,653,0.009938838,0.010719755,0.009160305,0.435015291,13,21,2023,0,38.25714286,53.77142857,69.27142857,39.62857143,1.042857143,16.02428571,0.308626596,0.06944877,0.54936157,0.164123326,0.143880411,0.308626596,0.06944877,0.54936157,0.164123326,0.143880411,0.338983051,0.03138732,0.61393597,0.133082235,0.16007533,0.350290469,0.063118229,0.613597111,0.169414351,0.138326268,Silage Corn,Yes,No,No,4,5.927192211,18.15420723
359,2642,SMI_MCC,5/23/23,15,12,3,0,264,138,126,0.056818182,0.023809524,0.086956522,0.537878788,15,21,2023,0.005714286,39.51428571,53.98571429,68.5,41.42857143,0.558571429,14.65142857,0.093008931,0.065906991,0.193717277,0.263319988,0.262704034,0.093008931,0.065906991,0.193717277,0.263319988,0.262704034,0.199261993,0.117466175,0.67404674,0.064575646,0.208487085,0.115461385,0.032703823,0.460770766,0.264854906,0.222171043,Soybean,No,No,No,5,6.356281281,15.2996912
360,6644,ONE_ADO,5/23/23,68,58,10,1,614,344,270,0.110749186,0.037037037,0.168604651,0.381107492,69,21,2023,0.145714286,41.01428571,54.91428571,68.78571429,38.98571429,1.595714286,16.27,0.183208396,0.0017991,0.224287856,0.533133433,0.089955022,0.183208396,0.0017991,0.224287856,0.533133433,0.089955022,0.019976498,0,0.153936545,0.725616921,0.062867215,0.116693442,0.001460494,0.332262305,0.535270922,0.086169125,Silage Corn,No,Yes,No,4,6.463492393,28.13966751
361,2640,SMI_CRO,5/24/23,4,3,1,0,188,105,83,0.021276596,0.012048193,0.028571429,0.95212766,4,21,2023,0.001428571,42.32857143,57.17142857,72,42.82857143,0.927142857,17.39,0.178527228,0.173267327,0.451113861,0.101175743,0.171410891,0.178527228,0.173267327,0.451113861,0.101175743,0.171410891,0.441961515,0.213531968,0.836126629,0.018001241,0.104283054,0.216145026,0.146885652,0.700340874,0.100867679,0.152928416,Grain Corn,No,No,Yes,5,6.335429668,26.11972809
362,2656,SMI_KEL,5/24/23,4,1,3,0,328,147,181,0.012195122,0.016574586,0.006802721,0.210365854,4,21,2023,0,42.51428571,57.24285714,71.95714286,42.94285714,0.928571429,17.37,0.273343606,0.009861325,0.358089368,0.267180277,0.163328197,0.273343606,0.009861325,0.358089368,0.267180277,0.163328197,0.060456508,0.110425663,0.410857495,0.438618137,0.078963603,0.111660232,0.197220077,0.563706564,0.265791506,0.116602317,Silage Corn,Yes,Yes,Yes,5,6.507095337,28.20439339
363,2816,WIS_COO,5/24/23,33,3,30,0,1367,880,487,0.024140454,0.061601643,0.003409091,0.109729334,33,21,2023,0.004285714,43.17142857,56.51428571,69.82857143,42.78571429,0.992857143,15.22428571,0.217132099,0.023219329,0.349858801,0.26513963,0.294634452,0.217132099,0.023219329,0.349858801,0.26513963,0.294634452,0.05942492,0.018530351,0.522044728,0.108626198,0.34313099,0.121682123,0.056443876,0.382475216,0.262711864,0.31371922,Silage Corn Strip Cropped With Alfalfa,No,Yes,No,5,5.968518734,24.17316246
364,2820,WIS_COO_2,5/24/23,13,4,9,0,295,206,89,0.044067797,0.101123596,0.019417476,0.247457627,13,21,2023,0.008571429,42.57142857,56.62857143,70.68571429,42.57142857,0.918571429,16.02857143,0.086559647,0.028958137,0.146049732,0.548001259,0.162732137,0.086559647,0.028958137,0.146049732,0.548001259,0.162732137,0.096981374,0.138728324,0.316634554,0.453436095,0.125240848,0.069302177,0.04081306,0.196702945,0.549295775,0.157010243,Silage Corn,No,No,No,5,5.979127407,44.69318771
365,2738,SEA_HOO,5/24/23,11,8,3,1,2273,1338,935,0.004839419,0.003208556,0.005979073,0.088869336,12,21,2023,0.001428571,43.27142857,56.18571429,69.08571429,42.6,1.301428571,15.02142857,0.219527363,0.179726368,0.765547264,0.113495025,0.043221393,0.219527363,0.179726368,0.765547264,0.113495025,0.043221393,0.187149095,0.132875858,0.746724891,0.147223955,0.029320025,0.259756478,0.152357165,0.782391508,0.113019045,0.03886981,Mixed Veg,Yes,Yes,Yes,4,6.488575935,26.25037003
366,2598,DEG_PER_STRIP,5/25/23,5,4,1,0,190,106,84,0.026315789,0.011904762,0.037735849,0.778947368,5,21,2023,0.004285714,39.94285714,54.05714286,68.18571429,41.48571429,0.621428571,14.81857143,0.220601924,0.038783742,0.410176854,0.322680732,0.135587962,0.220601924,0.038783742,0.410176854,0.322680732,0.135587962,0.194271482,0.132004981,0.655666252,0.103362391,0.188044832,0.193266833,0.048784289,0.476620948,0.325436409,0.131390274,Silage Corn,Yes,No,No,5,5.993263245,23.35876274
367,2592,DEG_YOU_OSHEA,5/25/23,76,35,41,0,610,262,348,0.124590164,0.117816092,0.133587786,0.749180328,76,21,2023,0.004285714,39.34285714,53.41428571,67.47142857,41.28571429,0.495714286,14.29142857,0.175759454,0.160880347,0.416924985,0.312461252,0.058586485,0.175759454,0.160880347,0.416924985,0.312461252,0.058586485,0.435433562,0.061135371,0.691827823,0.204616344,0.028072364,0.276087974,0.034316019,0.455155202,0.314147559,0.049602246,Silage Corn,No,,,5,5.277257442,19.04313278
368,2586,DEG_YOU_BOCES,5/25/23,152,107,45,0,639,344,295,0.237871674,0.152542373,0.311046512,0.773082942,152,21,2023,0.002857143,40.6,54.9,69.17142857,41.68571429,0.675714286,15.64857143,0.118339529,0.004337051,0.146530359,0.248141264,0.298946716,0.118339529,0.004337051,0.146530359,0.248141264,0.298946716,0.329595016,0.002492212,0.404984424,0.038629283,0.396261682,0.117720531,0.006088993,0.198907104,0.251053864,0.288056206,,No,Yes,Yes,5,6.506287098,17.9388752
369,2580,DEG_FOU_WOOD,5/25/23,64,25,39,0,436,235,201,0.146788991,0.194029851,0.106382979,0.594036697,64,21,2023,0.002857143,39.14285714,53.71428571,68.21428571,40.92857143,0.578571429,15.05285714,0.307191569,0.00216987,0.413515189,0.190638562,0.173279603,0.307191569,0.00216987,0.413515189,0.190638562,0.173279603,0.440349781,0.007495315,0.678326046,0.036227358,0.187382886,0.310037523,0.005159475,0.561913696,0.194340213,0.166823014,Silage Corn,Yes,No,Yes,5,5.715062618,20.57002831
370,2574,DEG_YOU_JONES,5/25/23,191,108,83,2,1097,521,576,0.174111212,0.144097222,0.207293666,0.583409298,193,21,2023,0.004285714,40.77142857,54.78571429,68.74285714,41.85714286,0.764285714,15.14,0.253564786,0.007129572,0.347489151,0.206757595,0.201487911,0.253564786,0.007129572,0.347489151,0.206757595,0.201487911,0.241121495,0.021806854,0.456074766,0.188161994,0.224299065,0.237071651,0.010903427,0.46588785,0.204361371,0.19953271,Silage Corn,No,Yes,Yes,5,6.899239063,17.49082565
371,2568,DEG_VIL,5/25/23,156,93,63,0,836,460,376,0.186602871,0.167553191,0.202173913,0.811004785,156,21,2023,0.004285714,40.81428571,54.78571429,68.74285714,41.88571429,0.767142857,15.14571429,0.310547479,0.014228271,0.434580885,0.206928549,0.139808228,0.310547479,0.014228271,0.434580885,0.206928549,0.139808228,0.509034268,0.024922118,0.591277259,0.099688474,0.150155763,0.289432668,0.013871571,0.4909601,0.210723192,0.147755611,Grain Corn,Yes,,Yes,5,6.654009819,18.75856018
372,2556,DEG_DIE_HILL,5/26/23,100,61,39,0,1157,731,426,0.086430424,0.091549296,0.083447332,0.651685393,100,21,2023,0.002857143,40.28571429,54.4,68.48571429,41.44285714,0.651428571,15.13571429,0.144630664,0.00496586,0.287709497,0.170391061,0.226256983,0.144630664,0.00496586,0.287709497,0.170391061,0.226256983,0.282035176,0.236180905,0.600502513,0.123115578,0.212939698,0.12490242,0.068852459,0.354722873,0.177673692,0.20952381,,No,No,Yes,5,6.117238522,22.74447823
373,2562,DEG_DIE_SWC,5/26/23,20,8,12,0,223,110,113,0.089686099,0.10619469,0.072727273,0.529147982,20,21,2023,0.004285714,41.14285714,55.11428571,69.1,41.65714286,0.845714286,15.53857143,0.24301676,0.054314091,0.315021726,0.289261328,0.253258845,0.24301676,0.054314091,0.315021726,0.289261328,0.253258845,0.344569288,0.111735331,0.571785268,0.173533084,0.171660424,0.252068051,0.053379117,0.378336195,0.295770251,0.229904792,Sweet Corn,No,No,Yes,5,6.143694878,24.17197609
374,2682,GAB_ALL,5/26/23,12,5,7,0,1143,822,321,0.010498688,0.021806854,0.006082725,0.432195976,12,21,2023,0.02,45.64285714,59.91428571,74.18571429,44.35714286,1.301428571,18.99285714,0.017310665,0,0.02194745,0.588871716,0.062751159,0.017310665,0,0.02194745,0.588871716,0.062751159,0.00618047,0,0.030284302,0.592707046,0.145241038,0.005874169,0.010975421,0.030298346,0.58417066,0.065852527,Silage Corn,No,Yes,Yes,5,5.886958599,28.32917595
375,2686,GAB_STE,5/26/23,36,15,21,1,729,414,315,0.049382716,0.066666667,0.036231884,0.366255144,37,21,2023,0.018571429,42.31428571,57.77142857,73.22857143,43.87142857,0.507142857,18.20285714,0.089423373,0,0.187172371,0.636139377,0.121184089,0.089423373,0,0.187172371,0.636139377,0.121184089,0.154886294,0,0.250768285,0.561770129,0.12968654,0.102323434,0.00015387,0.219879982,0.632404985,0.117402677,Silage Corn,No,Yes,Yes,5,5.358693123,12.73650074
376,2712,MIL_CHA,5/26/23,6,2,4,0,277,157,120,0.02166065,0.033333333,0.012738854,0.935018051,6,21,2023,0.008571429,40.75714286,54.45714286,68.15714286,41.47142857,0.888571429,14.42142857,0.292412091,0.211597779,0.667797656,0.15885256,0.102097471,0.292412091,0.211597779,0.667797656,0.15885256,0.102097471,0.490147783,0.02955665,0.754926108,0.069581281,0.075738916,0.42769136,0.09795164,0.69012783,0.161096566,0.091637148,Silage Corn,No,Yes,Yes,5,6.120146751,20.23761559
377,2714,MIL_MCC,5/26/23,88,46,42,0,439,240,199,0.200455581,0.211055276,0.191666667,0.897494305,88,21,2023,0.007142857,40.92857143,54.9,68.85714286,41.98571429,0.785714286,14.84285714,0.200738916,0.253694581,0.501539409,0.303571429,0.11453202,0.200738916,0.253694581,0.501539409,0.303571429,0.11453202,0.3432282,0.226963513,0.586270872,0.365491651,0.042053185,0.257456344,0.167362077,0.526348323,0.308607634,0.120537784,Soybean,No,Yes,No,5,6.210189819,27.60095024
378,2716,MIL_YOD,5/26/23,31,17,14,0,501,299,202,0.061876248,0.069306931,0.056856187,0.822355289,31,21,2023,0.008571429,40.61428571,54.67142857,68.74285714,41.5,0.837142857,15.02,0.159567901,0.087654321,0.439197531,0.282716049,0.186111111,0.159567901,0.087654321,0.439197531,0.282716049,0.186111111,0.181257707,0.113440197,0.548705302,0.388409371,0.062885327,0.213491818,0.072553257,0.491355357,0.279098487,0.183698672,Soybean,Yes,Yes,No,5,6.349746704,20.46067619
379,2828,WIS_KEN,5/26/23,14,3,11,0,448,296,152,0.03125,0.072368421,0.010135135,0.714285714,14,21,2023,0,44.88571429,59.4,73.9,45.3,0.754285714,18.05285714,0.000315259,0.000630517,0.039722573,0.289407314,0.106872636,0.000315259,0.000630517,0.039722573,0.289407314,0.106872636,0.005157963,0,0.09929078,0.320438427,0.181818182,0.001771622,0,0.046223224,0.299565147,0.096956032,Grain Corn,Yes,No,Yes,4,5.452927113,13.98438168
380,2690,STA_SWE,5/26/23,42,36,6,2,366,297,69,0.114754098,0.086956522,0.121212121,0.81420765,44,21,2023,0,43.34285714,56.1,68.87142857,41.8,1.44,15.20714286,0.266069221,0.01946848,0.502163164,0.253090235,0.136897404,0.266069221,0.01946848,0.502163164,0.253090235,0.136897404,0.316542289,0.043532338,0.672263682,0.104477612,0.111940299,0.29850978,0.028407327,0.56116113,0.264669357,0.096864328,Silage Corn,Yes,Yes,Yes,5,6.38201952,33.36382294
381,2824,WIS_MEG,5/27/23,2,2,0,1,251,124,127,0.007968127,0,0.016129032,0.984063745,3,21,2023,0.008571429,43.75714286,58.78571429,73.81428571,43.55714286,0.922857143,18.59428571,0.082419304,0.000626763,0.123472266,0.270761517,0.261360075,0.082419304,0.000626763,0.123472266,0.270761517,0.261360075,0.106234097,0.010178117,0.251908397,0.218193384,0.220101781,0.059188544,0.017979316,0.191408115,0.273349244,0.231821798,Sweet Corn,No,No,Yes,4,5.365185261,16.90901184
382,2772,DIP_CUR,5/30/23,68,39,29,0,1308,655,653,0.051987768,0.044410413,0.059541985,0.487003058,68,22,2023,0,48.2,65.77142857,83.34285714,46.82857143,2.074285714,28.63714286,0.308626596,0.06944877,0.54936157,0.164123326,0.143880411,0.308626596,0.06944877,0.54936157,0.164123326,0.143880411,0.338983051,0.03138732,0.61393597,0.133082235,0.16007533,0.350290469,0.063118229,0.613597111,0.169414351,0.138326268,Silage Corn,Yes,No,No,4,5.927192211,18.15420723
383,2692,STA_COL,5/30/23,23,18,5,5,720,532,188,0.031944444,0.026595745,0.033834586,0.604166667,28,22,2023,0,53.55714286,66.81428571,80.11428571,50.57142857,2.098571429,23.06,0.271051014,0.052858021,0.55654579,0.158881377,0.178549478,0.271051014,0.052858021,0.55654579,0.158881377,0.178549478,0.55006105,0.101343101,0.812576313,0.038461538,0.076312576,0.274777539,0.091132249,0.591745934,0.164007364,0.147744707,Silage Corn,Yes,Yes,No,5,6.560458183,23.67193604
384,2766,POV_DUN,5/30/23,3,3,0,0,275,185,90,0.010909091,0,0.016216216,0.927272727,3,22,2023,0,48.7,66.31428571,83.91428571,48.51428571,1.314285714,28.61285714,0.002804612,0.001246494,0.031785603,0.479588657,0.272982237,0.002804612,0.001246494,0.031785603,0.479588657,0.272982237,0.006926952,0.001889169,0.10768262,0.47418136,0.331234257,0.002672116,0.00047155,0.116944357,0.487896888,0.261867337,Silage Corn,No,No,No,4,5.781182766,20.7029171
385,2768,DIP_PAT,5/30/23,31,21,10,0,1602,817,785,0.019350811,0.012738854,0.025703794,0.292759051,31,22,2023,0,54.32857143,69.1,83.87142857,50.44285714,2.401428571,27.62857143,0.256710892,0.140080222,0.721382289,0.14594261,0.053687134,0.256710892,0.140080222,0.721382289,0.14594261,0.053687134,0.504944376,0.014833127,0.615574784,0.35723115,0.021013597,0.41602227,0.079647386,0.755799567,0.151716672,0.039746366,Silage Corn,Yes,Yes,,5,6.454941273,26.51252174
386,2770,DIP_FLE,5/30/23,57,31,26,0,1556,780,776,0.036632391,0.033505155,0.03974359,0.498714653,57,22,2023,0,53.62857143,68.41428571,83.18571429,50.52857143,2.307142857,26.57428571,0.302484472,0.005590062,0.604658385,0.145652174,0.12173913,0.302484472,0.005590062,0.604658385,0.145652174,0.12173913,0.440424205,0.006862133,0.580786026,0.190268247,0.173424828,0.314892952,0.00531333,0.69792155,0.143928739,0.116580716,Silage Corn,Yes,No,No,5,6.317162514,28.22133827
387,2778,SMI_CRO,5/30/23,1,0,1,0,188,105,83,0.005319149,0.012048193,0,0.957446809,1,22,2023,0.051428571,50.55714286,67.25714286,83.98571429,49.42857143,1.59,28.54857143,0.178527228,0.173267327,0.451113861,0.101175743,0.171410891,0.178527228,0.173267327,0.451113861,0.101175743,0.171410891,0.441961515,0.213531968,0.836126629,0.018001241,0.104283054,0.216145026,0.146885652,0.700340874,0.100867679,0.152928416,Grain Corn,No,No,Yes,5,6.335429668,26.11972809
388,2792,SMI_COB,5/30/23,9,9,0,0,245,187,58,0.036734694,0,0.048128342,0.787755102,9,22,2023,0.07,49.31428571,65.92857143,82.51428571,48.67142857,1.417142857,26.91,0.140111593,0.001549907,0.348419095,0.162430254,0.207067576,0.140111593,0.001549907,0.348419095,0.162430254,0.207067576,0.034246575,0.00871731,0.321295143,0.221668742,0.215442092,0.083905178,0.005614473,0.330474111,0.151902682,0.272925764,Silage Corn,Yes,No,No,4,5.930618286,20.99067307
389,2784,SMI_MCC,5/30/23,17,10,7,0,264,138,126,0.064393939,0.055555556,0.072463768,0.602272727,17,22,2023,0.094285714,48.72857143,65,81.24285714,48.47142857,1.25,24.80428571,0.093008931,0.065906991,0.193717277,0.263319988,0.262704034,0.093008931,0.065906991,0.193717277,0.263319988,0.262704034,0.199261993,0.117466175,0.67404674,0.064575646,0.208487085,0.115461385,0.032703823,0.460770766,0.264854906,0.222171043,Soybean,No,No,No,5,6.356281281,15.2996912
390,2788,SMI_DOU,5/30/23,1,0,1,0,114,52,62,0.00877193,0.016129032,0,0.666666667,1,22,2023,0.15,49.3,65.82857143,82.4,48.77142857,1.325714286,26.28142857,0.025261861,0.048367221,0.172520025,0.204559458,0.199014171,0.025261861,0.048367221,0.172520025,0.204559458,0.199014171,0.033846154,0.081846154,0.583384615,0.107076923,0.214769231,0.046504466,0.036495226,0.497228211,0.205112411,0.177702495,Soybean,No,Yes,Yes,5,6.29728651,24.98108101
391,2794,SMI_HOL,5/30/23,27,21,6,0,352,226,126,0.076704545,0.047619048,0.092920354,0.730113636,27,22,2023,0.012857143,51.67142857,67.58571429,83.48571429,49.97142857,1.87,27.91285714,0.201545595,0.022256569,0.39690881,0.267078825,0.105409583,0.201545595,0.022256569,0.39690881,0.267078825,0.105409583,0.298701299,0.009894867,0.799628942,0.081014224,0.089672233,0.218319666,0.00448708,0.572025375,0.271081541,0.105369024,Grain Corn,No,No,Yes,5,6.415804386,25.43291092
392,2814,WIS_HIG,5/30/23,10,8,2,1,160,98,62,0.0625,0.032258065,0.081632653,0.5375,11,22,2023,0,49.42857143,65.82857143,82.18571429,49.57142857,0.91,26.56285714,0.001572822,0.000314564,0.054419629,0.52689525,0.164831708,0.001572822,0.000314564,0.054419629,0.52689525,0.164831708,0.003861004,0,0.048262548,0.554054054,0.115186615,0.003690037,0.001283491,0.065297609,0.539387133,0.13765442,,Yes,No,Yes,5,5.566951752,23.14190102
393,6634,ONE_TER,5/30/23,53,33,20,0,495,259,236,0.107070707,0.084745763,0.127413127,0.418181818,53,22,2023,0,50.17142857,66.15714286,82.17142857,48.87142857,1.582857143,25.94142857,0.184004811,0.00210463,0.308177992,0.156644618,0.175886951,0.184004811,0.00210463,0.308177992,0.156644618,0.175886951,0.288056206,0.0029274,0.441451991,0,0.197306792,0.180435736,0.003509285,0.300921187,0.161573329,0.194911537,Silage Corn,No,Yes,Yes,4,6.709459305,29.72609329
394,6646,ONE_ADO,5/30/23,87,49,38,0,614,344,270,0.141693811,0.140740741,0.14244186,0.522801303,87,22,2023,0,49.95714286,66.1,82.24285714,48.58571429,1.754285714,26.16142857,0.183208396,0.0017991,0.224287856,0.533133433,0.089955022,0.183208396,0.0017991,0.224287856,0.533133433,0.089955022,0.019976498,0,0.153936545,0.725616921,0.062867215,0.116693442,0.001460494,0.332262305,0.535270922,0.086169125,Silage Corn,No,Yes,No,4,6.463492393,28.13966751
395,6674,ONE_STA,5/30/23,80,21,59,0,1683,826,857,0.047534165,0.068844807,0.025423729,0.351158645,80,22,2023,0,50.45714286,67.04285714,83.6,48.05714286,2.164285714,28.01142857,0.515442279,0.0005997,0.553523238,0.242278861,0.072563718,0.515442279,0.0005997,0.553523238,0.242278861,0.072563718,0.758700696,0.005800464,0.811484919,0.089327146,0.023201856,0.525,0.00247093,0.57122093,0.254360465,0.055959302,Silage Corn,No,Yes,Yes,5,6.000911713,29.96791649
396,2780,SMI_KEL,5/30/23,20,14,6,0,328,147,181,0.06097561,0.033149171,0.095238095,0.271341463,20,22,2023,0.107142857,50.91428571,67.55714286,84.21428571,49.55714286,1.637142857,28.88285714,0.273343606,0.009861325,0.358089368,0.267180277,0.163328197,0.273343606,0.009861325,0.358089368,0.267180277,0.163328197,0.060456508,0.110425663,0.410857495,0.438618137,0.078963603,0.111660232,0.197220077,0.563706564,0.265791506,0.116602317,Silage Corn,Yes,Yes,Yes,5,6.507095337,28.20439339
397,2728,KAT_TEE_2,5/31/23,26,22,4,0,445,211,234,0.058426966,0.017094017,0.104265403,0.775280899,26,22,2023,0,52.28571429,66.47142857,80.67142857,48.74285714,2.291428571,24.75,0.100748596,0.002183406,0.112913288,0.732376794,0.054585153,0.100748596,0.002183406,0.112913288,0.732376794,0.054585153,0.328922495,0,0.441713926,0.419029616,0.095778198,0.116462071,0.000629525,0.188227888,0.740163676,0.052250551,Silage Corn,No,Yes,Yes,5,5.739637852,17.81757545
398,2726,KAT_TEE,5/31/23,5,5,0,0,173,78,95,0.028901734,0,0.064102564,0.653179191,5,22,2023,0,51.28571429,67.27142857,83.22857143,49.21428571,1.784285714,27.40714286,0.126246883,0.002182045,0.185785536,0.42861596,0.202306733,0.126246883,0.002182045,0.185785536,0.42861596,0.202306733,0.234404537,0,0.323881537,0.45431632,0.142407057,0.164802269,0.001260438,0.305656216,0.443989286,0.174413109,Silage Corn,No,Yes,Yes,5,5.959934235,23.65135002
399,2724,KAT_HAB_2,5/31/23,16,11,5,0,516,324,192,0.031007752,0.026041667,0.033950617,0.604651163,16,22,2023,0,54.3,68.78571429,83.27142857,49.81428571,3.124285714,26.93285714,0.281755915,0.009028643,0.326276463,0.328767123,0.086239103,0.281755915,0.009028643,0.326276463,0.328767123,0.086239103,0.457214241,0.06620862,0.695815116,0.137414116,0.083697689,0.351588171,0.019089344,0.536848693,0.324988265,0.078235018,Silage Corn,Yes,Yes,Yes,5,5.955316067,20.81032753
400,2722,KAT_HAB,5/31/23,12,3,9,0,242,139,103,0.049586777,0.087378641,0.021582734,0.47107438,12,22,2023,0,55.57142857,70.2,84.82857143,50.1,3.665714286,28.07,0.239130435,0.072670807,0.327639752,0.283850932,0.102173913,0.239130435,0.072670807,0.327639752,0.283850932,0.102173913,0.244360902,0.193609023,0.601503759,0.176065163,0.112155388,0.195389682,0.093774502,0.426689666,0.279128117,0.118551043,Soybean,No,No,Yes,5,5.957181454,23.42772102
401,2696,STA_HEM,5/31/23,69,38,31,2,1309,715,594,0.052711994,0.052188552,0.053146853,0.414820474,71,22,2023,0,54.18571429,67.54285714,80.88571429,51.14285714,2.49,23.79142857,0.286287832,0.106856084,0.547560222,0.199505868,0.152563311,0.286287832,0.106856084,0.547560222,0.199505868,0.152563311,0.369202226,0.031539889,0.562770563,0.193568336,0.153370439,0.290197897,0.089208411,0.572820037,0.198670377,0.140538033,Silage Corn,Yes,Yes,Yes,4,6.554670334,26.48303223
402,2718,KAT_JEF,5/31/23,1,0,1,0,109,62,47,0.009174312,0.021276596,0,0.651376147,1,22,2023,0,52.18571429,68.11428571,84.07142857,49.91428571,1.91,27.67857143,0.05625,0.0015625,0.07,0.4128125,0.204375,0.05625,0.0015625,0.07,0.4128125,0.204375,0.031605563,0.006321113,0.274968394,0.470290771,0.202907712,0.069973148,0.003159059,0.329015953,0.409887853,0.176433423,Silage Corn,No,Yes,Yes,5,5.586032867,22.36896324
403,2698,STA_HEM_2,5/31/23,26,16,10,1,891,516,375,0.029180696,0.026666667,0.031007752,0.461279461,27,22,2023,0,53.95714286,67.34285714,80.75714286,50.94285714,2.53,23.76285714,0.260896445,0.02812983,0.565378671,0.200309119,0.136012365,0.260896445,0.02812983,0.565378671,0.200309119,0.136012365,0.334572491,0.005576208,0.724907063,0.128252788,0.078066914,0.174566295,0.034696406,0.576982652,0.194392813,0.123451053,Grain Corn,Yes,Yes,Yes,4,6.685321331,23.87444115
404,2694,STA_WIL,5/31/23,1,0,1,0,281,230,51,0.003558719,0.019607843,0,0.918149466,1,22,2023,0,54.15714286,67.55714286,80.94285714,50.98571429,2.395714286,23.94857143,0.241368681,0.017879162,0.487977805,0.305487053,0.114981504,0.241368681,0.017879162,0.487977805,0.305487053,0.114981504,0.127149877,0.007371007,0.587223587,0.131449631,0.156019656,0.194632943,0.013109192,0.522208513,0.303207896,0.110734115,Silage Corn,Yes,No,Yes,4,6.444833279,34.71776962
405,2730,KAT_SAU,5/31/23,0,0,0,0,273,142,131,0,0,0,0.897435897,0,22,2023,0,51.58571429,66.37142857,81.15714286,48.11428571,2.264285714,24.99857143,0.122455371,0.004384591,0.17099906,0.461634826,0.150642029,0.122455371,0.004384591,0.17099906,0.461634826,0.150642029,0.170266836,0.028589581,0.548284625,0.302414231,0.103557814,0.096979332,0.009062003,0.330206677,0.459618442,0.136406995,Silage Corn,Yes,Yes,Yes,5,5.537230015,19.16375542
406,2720,KAT_JEF_2,5/31/23,14,7,7,0,109,60,49,0.128440367,0.142857143,0.116666667,0.541284404,14,22,2023,0,52.01428571,67.68571429,83.38571429,49.75714286,1.868571429,26.98571429,0.103738318,0.007476636,0.12834891,0.520560748,0.169158879,0.103738318,0.007476636,0.12834891,0.520560748,0.169158879,0.149178255,0.003160556,0.405183312,0.336283186,0.178255373,0.120977918,0.002839117,0.30362776,0.524132492,0.13044164,Silage Corn,No,Yes,Yes,5,6.26295042,37.54327011
407,2732,KAT_SAU_2,5/31/23,0,0,0,0,302,107,195,0,0,0,0.930463576,0,22,2023,0,51.82857143,66.37142857,80.92857143,47.98571429,2.414285714,24.75571429,0.151657286,0.025953721,0.269543465,0.252970607,0.186366479,0.151657286,0.025953721,0.269543465,0.252970607,0.186366479,0.19581749,0,0.655259823,0.117237009,0.154626109,0.181052297,0.000794786,0.499284692,0.249721825,0.164997616,Silage Corn,Yes,Yes,Yes,5,5.722351551,21.01234818
408,2790,SMI_HOF,5/31/23,3,3,0,0,444,244,200,0.006756757,0,0.012295082,0.795045045,3,22,2023,0.004285714,51.55714286,68.7,85.85714286,49.02857143,2.188571429,31.10428571,0.110834371,0.057285181,0.215442092,0.453611457,0.205790785,0.110834371,0.057285181,0.215442092,0.453611457,0.205790785,0.076244486,0,0.195337114,0.619407687,0.06805293,0.157239641,0.007405073,0.249251615,0.459587207,0.197888766,Silage Corn,Yes,No,Yes,5,5.903712749,31.93047523
409,2740,SEA_HOO,5/31/23,37,22,15,0,2273,1338,935,0.016278047,0.016042781,0.016442451,0.105147382,37,22,2023,0,54.62857143,68.51428571,82.37142857,50.51428571,2.721428571,25.82428571,0.219527363,0.179726368,0.765547264,0.113495025,0.043221393,0.219527363,0.179726368,0.765547264,0.113495025,0.043221393,0.187149095,0.132875858,0.746724891,0.147223955,0.029320025,0.259756478,0.152357165,0.782391508,0.113019045,0.03886981,Mixed Veg,Yes,Yes,Yes,4,6.488575935,26.25037003
410,2886,GAB_STE,5/31/23,9,3,6,0,729,414,315,0.012345679,0.019047619,0.007246377,0.378600823,9,22,2023,0,50.31428571,67.17142857,84.04285714,50.95714286,1.065714286,28.12571429,0.089423373,0,0.187172371,0.636139377,0.121184089,0.089423373,0,0.187172371,0.636139377,0.121184089,0.154886294,0,0.250768285,0.561770129,0.12968654,0.102323434,0.00015387,0.219879982,0.632404985,0.117402677,Silage Corn,No,Yes,Yes,5,5.358693123,12.73650074
411,2818,WIS_COO,5/31/23,21,19,2,0,1367,880,487,0.015362107,0.004106776,0.021590909,0.125091441,21,22,2023,0.002857143,48.7,63.52857143,78.34285714,47.78571429,1.162857143,22.78285714,0.217132099,0.023219329,0.349858801,0.26513963,0.294634452,0.217132099,0.023219329,0.349858801,0.26513963,0.294634452,0.05942492,0.018530351,0.522044728,0.108626198,0.34313099,0.121682123,0.056443876,0.382475216,0.262711864,0.31371922,Silage Corn Strip Cropped With Alfalfa,No,Yes,No,5,5.968518734,24.17316246
412,2800,SMI_JOH_2,5/31/23,57,33,24,0,302,184,118,0.188741722,0.203389831,0.179347826,0.831125828,57,22,2023,0,53.71428571,69.1,84.5,49.85714286,2.661428571,28.76714286,0.231906375,0.004003696,0.310748383,0.467508469,0.118878965,0.231906375,0.004003696,0.310748383,0.467508469,0.118878965,0.023327195,0.04849601,0.421731123,0.345610804,0.114180479,0.065106972,0.095428659,0.343081422,0.46052024,0.118362321,Wheat,Yes,No,Yes,5,6.468092918,24.67160034
413,2798,SMI_JOH,5/31/23,6,2,4,0,497,258,239,0.012072435,0.016736402,0.007751938,0.426559356,6,22,2023,0,53.44285714,69.15714286,84.9,49.57142857,2.674285714,29.5,0.145672929,0.129966123,0.343393902,0.354173083,0.178318448,0.145672929,0.129966123,0.343393902,0.354173083,0.178318448,0.275246305,0.003694581,0.480295567,0.269704433,0.180418719,0.265186556,0.00431699,0.39978415,0.370490287,0.157415973,Wheat,No,Yes,Yes,5,6.416008472,24.34096146
414,2822,WIS_COO_2,5/31/23,3,1,2,0,295,206,89,0.010169492,0.02247191,0.004854369,0.257627119,3,22,2023,0.001428571,47.75714286,63.31428571,78.88571429,47.7,1.001428571,23.49,0.086559647,0.028958137,0.146049732,0.548001259,0.162732137,0.086559647,0.028958137,0.146049732,0.548001259,0.162732137,0.096981374,0.138728324,0.316634554,0.453436095,0.125240848,0.069302177,0.04081306,0.196702945,0.549295775,0.157010243,Silage Corn,No,No,No,5,5.979127407,44.69318771
415,2888,GAB_ALL,5/31/23,6,4,2,0,1143,822,321,0.005249344,0.00623053,0.00486618,0.437445319,6,22,2023,0,54.05714286,69.47142857,84.92857143,51.17142857,2.244285714,29.34857143,0.017310665,0,0.02194745,0.588871716,0.062751159,0.017310665,0,0.02194745,0.588871716,0.062751159,0.00618047,0,0.030284302,0.592707046,0.145241038,0.005874169,0.010975421,0.030298346,0.58417066,0.065852527,Silage Corn,No,Yes,Yes,5,5.886958599,28.32917595
416,2786,SMI_CAN,5/31/23,42,14,28,0,657,260,397,0.063926941,0.070528967,0.053846154,0.616438356,42,22,2023,0.078571429,46.64285714,63.38571429,80.12857143,46.91428571,1.031428571,24.07428571,0.141579272,0.020049352,0.295805059,0.277606416,0.220542875,0.141579272,0.020049352,0.295805059,0.277606416,0.220542875,0.134282178,0.008044554,0.273514851,0.404084158,0.190594059,0.162074303,0.01130031,0.447213622,0.276934985,0.200773994,Silage Corn,No,Yes,Yes,5,5.585507393,15.5769558
417,2782,SMI_DUR,5/31/23,266,136,130,0,1550,602,948,0.171612903,0.137130802,0.225913621,0.980645161,266,22,2023,0,55.72857143,70.32857143,84.85714286,50.12857143,3.572857143,29.18142857,0.110255621,0.07145057,0.292577764,0.436094857,0.157068063,0.110255621,0.07145057,0.292577764,0.436094857,0.157068063,0.332103321,0.009840098,0.412669127,0.38499385,0.114391144,0.228140394,0.013238916,0.326508621,0.433189655,0.144550493,Silage Corn,Yes,Yes,No,5,6.667976379,34.23325348
418,2796,SMI_LAT,5/31/23,21,20,1,0,521,197,324,0.040307102,0.00308642,0.101522843,0.838771593,21,22,2023,0.045714286,47.58571429,66.47142857,85.37142857,50.57142857,0.494285714,29.69857143,0.215594905,0.000310655,0.448275862,0.278347313,0.117738428,0.215594905,0.000310655,0.448275862,0.278347313,0.117738428,0.182440847,0.054171856,0.53860523,0.253424658,0.102739726,0.18591242,0.032102228,0.494623656,0.27411563,0.116097865,Silage Corn,Yes,Yes,Yes,5,5.557508469,21.01000977
419,2734,KAT_BAR,5/31/23,11,6,5,0,769,226,543,0.014304291,0.009208103,0.026548673,0.880364109,11,22,2023,0,50.48571429,68.11428571,85.72857143,50.38571429,0.932857143,30.70857143,0.150015659,0.024115252,0.186658315,0.465079862,0.165988099,0.150015659,0.024115252,0.186658315,0.465079862,0.165988099,0.328234544,0.005736138,0.38623327,0.275334608,0.149139579,0.120152575,0.020979021,0.223617292,0.469961856,0.149237127,Soybean,No,No,Yes,5,5.867260933,22.92560768
420,2752,DEG_VIL,6/1/23,91,45,46,0,836,460,376,0.108851675,0.122340426,0.097826087,0.919856459,91,22,2023,0,51.27142857,67.05714286,82.84285714,48.64285714,2.005714286,27.29571429,0.310547479,0.014228271,0.434580885,0.206928549,0.139808228,0.310547479,0.014228271,0.434580885,0.206928549,0.139808228,0.509034268,0.024922118,0.591277259,0.099688474,0.150155763,0.289432668,0.013871571,0.4909601,0.210723192,0.147755611,Grain Corn,Yes,,Yes,5,6.654009819,18.75856018
421,2742,DEG_YOU_JONES,6/1/23,144,82,62,0,1097,521,576,0.131267092,0.107638889,0.157389635,0.71467639,144,22,2023,0,51.22857143,67.11428571,82.95714286,48.58571429,2.008571429,27.51714286,0.253564786,0.007129572,0.347489151,0.206757595,0.201487911,0.253564786,0.007129572,0.347489151,0.206757595,0.201487911,0.241121495,0.021806854,0.456074766,0.188161994,0.224299065,0.237071651,0.010903427,0.46588785,0.204361371,0.19953271,Silage Corn,No,Yes,Yes,5,6.899239063,17.49082565
422,2744,DEG_FOU_WOOD,6/1/23,60,40,20,0,436,235,201,0.137614679,0.099502488,0.170212766,0.731651376,60,22,2023,0,48.58571429,65.32857143,82.11428571,47.47142857,1.381428571,27.00571429,0.307191569,0.00216987,0.413515189,0.190638562,0.173279603,0.307191569,0.00216987,0.413515189,0.190638562,0.173279603,0.440349781,0.007495315,0.678326046,0.036227358,0.187382886,0.310037523,0.005159475,0.561913696,0.194340213,0.166823014,Silage Corn,Yes,No,Yes,5,5.715062618,20.57002831
423,2746,DEG_DIE_HILL,6/1/23,18,11,7,0,1157,731,426,0.015557476,0.016431925,0.01504788,0.667242869,18,22,2023,0,49.98571429,66.22857143,82.42857143,47.8,1.715714286,27.42285714,0.144630664,0.00496586,0.287709497,0.170391061,0.226256983,0.144630664,0.00496586,0.287709497,0.170391061,0.226256983,0.282035176,0.236180905,0.600502513,0.123115578,0.212939698,0.12490242,0.068852459,0.354722873,0.177673692,0.20952381,,No,No,Yes,5,6.117238522,22.74447823
424,2748,DEG_DIE_SWC,6/1/23,14,9,5,0,223,110,113,0.062780269,0.044247788,0.081818182,0.591928251,14,22,2023,0,51.4,67.34285714,83.31428571,48.27142857,2.144285714,28.34142857,0.24301676,0.054314091,0.315021726,0.289261328,0.253258845,0.24301676,0.054314091,0.315021726,0.289261328,0.253258845,0.344569288,0.111735331,0.571785268,0.173533084,0.171660424,0.252068051,0.053379117,0.378336195,0.295770251,0.229904792,Sweet Corn,No,No,Yes,5,6.143694878,24.17197609
425,2750,DEG_YOU_BOCES,6/1/23,16,11,5,0,639,344,295,0.025039124,0.016949153,0.031976744,0.798122066,16,22,2023,0,51.05714286,67.17142857,83.31428571,48.11428571,2.004285714,28.55428571,0.118339529,0.004337051,0.146530359,0.248141264,0.298946716,0.118339529,0.004337051,0.146530359,0.248141264,0.298946716,0.329595016,0.002492212,0.404984424,0.038629283,0.396261682,0.117720531,0.006088993,0.198907104,0.251053864,0.288056206,,No,Yes,Yes,5,6.506287098,17.9388752
426,2754,DEG_YOU_OSHEA,6/1/23,10,6,4,0,610,262,348,0.016393443,0.011494253,0.022900763,0.76557377,10,22,2023,0,49.94285714,65.6,81.25714286,48.04285714,1.612857143,25.40714286,0.175759454,0.160880347,0.416924985,0.312461252,0.058586485,0.175759454,0.160880347,0.416924985,0.312461252,0.058586485,0.435433562,0.061135371,0.691827823,0.204616344,0.028072364,0.276087974,0.034316019,0.455155202,0.314147559,0.049602246,Silage Corn,No,,,5,5.277257442,19.04313278
427,2774,LET_TAB,6/1/23,80,67,13,0,465,281,184,0.172043011,0.070652174,0.238434164,0.95483871,80,22,2023,0,52.74285714,66.64285714,80.54285714,49.3,2.354285714,24.33428571,0.273178295,0.011472868,0.648682171,0.222945736,0.062325581,0.273178295,0.011472868,0.648682171,0.222945736,0.062325581,0.382554517,0.000623053,0.584423676,0.280996885,0.037383178,0.334164977,0.007016997,0.680024949,0.225323562,0.031810385,Silage Corn,Yes,Yes,No,5,6.075114727,22.3497448
428,2776,LET_NOB,6/1/23,137,115,22,3,977,669,308,0.140225179,0.071428571,0.171898356,0.419651996,140,22,2023,0,53.65714286,67.34285714,81.05714286,50.31428571,2.335714286,24.40571429,0.44619666,0.014533086,0.739950526,0.147186147,0.058441558,0.44619666,0.014533086,0.739950526,0.147186147,0.058441558,0.455052697,0.047737136,0.735895846,0.120272784,0.060136392,0.378466305,0.067544539,0.756777692,0.155538342,0.040588691,Silage Corn,Yes,Yes,Yes,4,6.663196564,25.65228653
429,2802,STA_SWE,6/1/23,6,4,2,0,366,297,69,0.016393443,0.028985507,0.013468013,0.830601093,6,22,2023,0,54.37142857,68.12857143,81.84285714,50.4,2.715714286,25.45571429,0.266069221,0.01946848,0.502163164,0.253090235,0.136897404,0.266069221,0.01946848,0.502163164,0.253090235,0.136897404,0.316542289,0.043532338,0.672263682,0.104477612,0.111940299,0.29850978,0.028407327,0.56116113,0.264669357,0.096864328,Silage Corn,Yes,Yes,Yes,5,6.38201952,33.36382294
430,2950,MIL_CHA,6/1/23,0,0,0,0,277,157,120,0,0,0,0.935018051,0,22,2023,0,49.91428571,66.05714286,82.21428571,47.98571429,1.82,26.43571429,0.292412091,0.211597779,0.667797656,0.15885256,0.102097471,0.292412091,0.211597779,0.667797656,0.15885256,0.102097471,0.490147783,0.02955665,0.754926108,0.069581281,0.075738916,0.42769136,0.09795164,0.69012783,0.161096566,0.091637148,Silage Corn,No,Yes,Yes,5,6.120146751,20.23761559
431,2956,MIL_MCC,6/1/23,1,0,1,0,439,240,199,0.002277904,0.005025126,0,0.89977221,1,22,2023,0.01,49.54285714,66.32857143,83.08571429,48.32857143,1.602857143,27.50857143,0.200738916,0.253694581,0.501539409,0.303571429,0.11453202,0.200738916,0.253694581,0.501539409,0.303571429,0.11453202,0.3432282,0.226963513,0.586270872,0.365491651,0.042053185,0.257456344,0.167362077,0.526348323,0.308607634,0.120537784,Soybean,No,Yes,No,5,6.210189819,27.60095024
432,2962,MIL_YOD,6/1/23,17,15,2,0,501,299,202,0.033932136,0.00990099,0.050167224,0.856287425,17,22,2023,0.001428571,50.28571429,66.54285714,82.8,47.85714286,1.972857143,27.29,0.159567901,0.087654321,0.439197531,0.282716049,0.186111111,0.159567901,0.087654321,0.439197531,0.282716049,0.186111111,0.181257707,0.113440197,0.548705302,0.388409371,0.062885327,0.213491818,0.072553257,0.491355357,0.279098487,0.183698672,Soybean,Yes,Yes,No,5,6.349746704,20.46067619
433,2756,DEG_PER_STRIP,6/1/23,3,2,1,0,190,106,84,0.015789474,0.011904762,0.018867925,0.794736842,3,22,2023,0,50.22857143,66.24285714,82.25714286,48.28571429,1.668571429,26.65571429,0.220601924,0.038783742,0.410176854,0.322680732,0.135587962,0.220601924,0.038783742,0.410176854,0.322680732,0.135587962,0.194271482,0.132004981,0.655666252,0.103362391,0.188044832,0.193266833,0.048784289,0.476620948,0.325436409,0.131390274,Silage Corn,Yes,No,No,5,5.993263245,23.35876274
434,2830,WIS_KEN,6/2/23,2,2,0,0,448,296,152,0.004464286,0,0.006756757,0.71875,2,22,2023,0,50.2,66.28571429,82.34285714,50.18571429,0.921428571,26.67857143,0.000315259,0.000630517,0.039722573,0.289407314,0.106872636,0.000315259,0.000630517,0.039722573,0.289407314,0.106872636,0.005157963,0,0.09929078,0.320438427,0.181818182,0.001771622,0,0.046223224,0.299565147,0.096956032,Grain Corn,Yes,No,Yes,4,5.452927113,13.98438168
435,2826,WIS_MEG,6/2/23,2,0,2,0,251,124,127,0.007968127,0.015748031,0,0.992031873,2,22,2023,0.002857143,49.64285714,66.14285714,82.62857143,49.11428571,1.155714286,27.51285714,0.082419304,0.000626763,0.123472266,0.270761517,0.261360075,0.082419304,0.000626763,0.123472266,0.270761517,0.261360075,0.106234097,0.010178117,0.251908397,0.218193384,0.220101781,0.059188544,0.017979316,0.191408115,0.273349244,0.231821798,Sweet Corn,No,No,Yes,4,5.365185261,16.90901184
436,2854,KAT_TEE_2,6/5/23,19,12,7,0,445,211,234,0.042696629,0.02991453,0.056872038,0.817977528,19,23,2023,0.002857143,44.14285714,54.77142857,65.4,42.5,0.927142857,13.79571429,0.100748596,0.002183406,0.112913288,0.732376794,0.054585153,0.100748596,0.002183406,0.112913288,0.732376794,0.054585153,0.328922495,0,0.441713926,0.419029616,0.095778198,0.116462071,0.000629525,0.188227888,0.740163676,0.052250551,Silage Corn,No,Yes,Yes,5,5.739637852,17.81757545
437,2852,KAT_TEE,6/5/23,42,24,18,0,173,78,95,0.242774566,0.189473684,0.307692308,0.895953757,42,23,2023,0.004285714,43.24285714,55.5,67.72857143,43.04285714,0.692857143,15.26142857,0.126246883,0.002182045,0.185785536,0.42861596,0.202306733,0.126246883,0.002182045,0.185785536,0.42861596,0.202306733,0.234404537,0,0.323881537,0.45431632,0.142407057,0.164802269,0.001260438,0.305656216,0.443989286,0.174413109,Silage Corn,No,Yes,Yes,5,5.959934235,23.65135002
438,2850,KAT_HAB_2,6/5/23,13,7,6,0,516,324,192,0.025193798,0.03125,0.021604938,0.629844961,13,23,2023,0.002857143,46.74285714,57.78571429,68.84285714,43.98571429,1.644285714,15.92,0.281755915,0.009028643,0.326276463,0.328767123,0.086239103,0.281755915,0.009028643,0.326276463,0.328767123,0.086239103,0.457214241,0.06620862,0.695815116,0.137414116,0.083697689,0.351588171,0.019089344,0.536848693,0.324988265,0.078235018,Silage Corn,Yes,Yes,Yes,5,5.955316067,20.81032753
439,2856,KAT_SAU,6/5/23,1,1,0,1,273,142,131,0.003663004,0,0.007042254,0.901098901,2,23,2023,0.005714286,44.8,55.24285714,65.64285714,41.64285714,1.061428571,13.67857143,0.122455371,0.004384591,0.17099906,0.461634826,0.150642029,0.122455371,0.004384591,0.17099906,0.461634826,0.150642029,0.170266836,0.028589581,0.548284625,0.302414231,0.103557814,0.096979332,0.009062003,0.330206677,0.459618442,0.136406995,Silage Corn,Yes,Yes,Yes,5,5.537230015,19.16375542
440,2846,KAT_JEF_2,6/5/23,1,1,0,0,109,60,49,0.009174312,0,0.016666667,0.550458716,1,23,2023,0.005714286,43.98571429,56.15714286,68.31428571,43.42857143,0.86,15.5,0.103738318,0.007476636,0.12834891,0.520560748,0.169158879,0.103738318,0.007476636,0.12834891,0.520560748,0.169158879,0.149178255,0.003160556,0.405183312,0.336283186,0.178255373,0.120977918,0.002839117,0.30362776,0.524132492,0.13044164,Silage Corn,No,Yes,Yes,5,6.26295042,37.54327011
441,2844,KAT_JEF,6/5/23,0,0,0,0,109,62,47,0,0,0,0.651376147,0,23,2023,0.005714286,43.91428571,56.31428571,68.75714286,43.44285714,0.834285714,15.81571429,0.05625,0.0015625,0.07,0.4128125,0.204375,0.05625,0.0015625,0.07,0.4128125,0.204375,0.031605563,0.006321113,0.274968394,0.470290771,0.202907712,0.069973148,0.003159059,0.329015953,0.409887853,0.176433423,Silage Corn,No,Yes,Yes,5,5.586032867,22.36896324
442,2848,KAT_HAB,6/5/23,5,4,1,1,242,139,103,0.020661157,0.009708738,0.028776978,0.491735537,6,23,2023,0.004285714,48.54285714,59.35714286,70.24285714,44.17142857,2.211428571,16.84714286,0.239130435,0.072670807,0.327639752,0.283850932,0.102173913,0.239130435,0.072670807,0.327639752,0.283850932,0.102173913,0.244360902,0.193609023,0.601503759,0.176065163,0.112155388,0.195389682,0.093774502,0.426689666,0.279128117,0.118551043,Soybean,No,No,Yes,5,5.957181454,23.42772102
443,2858,KAT_SAU_2,6/5/23,0,0,0,0,302,107,195,0,0,0,0.930463576,0,23,2023,0.007142857,45.17142857,55.32857143,65.45714286,41.4,1.207142857,13.63,0.151657286,0.025953721,0.269543465,0.252970607,0.186366479,0.151657286,0.025953721,0.269543465,0.252970607,0.186366479,0.19581749,0,0.655259823,0.117237009,0.154626109,0.181052297,0.000794786,0.499284692,0.249721825,0.164997616,Silage Corn,Yes,Yes,Yes,5,5.722351551,21.01234818
444,2812,WIS_HIG,6/5/23,69,37,32,0,160,98,62,0.43125,0.516129032,0.37755102,0.96875,69,23,2023,0.012857143,46.28571429,58.47142857,70.62857143,46.57142857,0.695714286,15.09571429,0.001572822,0.000314564,0.054419629,0.52689525,0.164831708,0.001572822,0.000314564,0.054419629,0.52689525,0.164831708,0.003861004,0,0.048262548,0.554054054,0.115186615,0.003690037,0.001283491,0.065297609,0.539387133,0.13765442,,Yes,No,Yes,5,5.566951752,23.14190102
445,2890,GAB_STE,6/5/23,0,0,0,0,729,414,315,0,0,0,0.378600823,0,23,2023,0.157142857,47.08571429,56.8,66.5,48.2,0.331428571,11.30571429,0.089423373,0,0.187172371,0.636139377,0.121184089,0.089423373,0,0.187172371,0.636139377,0.121184089,0.154886294,0,0.250768285,0.561770129,0.12968654,0.102323434,0.00015387,0.219879982,0.632404985,0.117402677,Silage Corn,No,Yes,Yes,5,5.358693123,12.73650074
446,6676,ONE_STA,6/5/23,18,11,7,0,1683,826,857,0.010695187,0.008168028,0.013317191,0.361853832,18,23,2023,0.022857143,47.14285714,57.12857143,67.1,47.65714286,0.265714286,11.96428571,0.515442279,0.0005997,0.553523238,0.242278861,0.072563718,0.515442279,0.0005997,0.553523238,0.242278861,0.072563718,0.758700696,0.005800464,0.811484919,0.089327146,0.023201856,0.525,0.00247093,0.57122093,0.254360465,0.055959302,Silage Corn,No,Yes,Yes,5,6.000911713,29.96791649
447,6648,ONE_ADO,6/5/23,36,24,12,0,614,344,270,0.058631922,0.044444444,0.069767442,0.581433225,36,23,2023,0.041428571,46.37142857,56.22857143,66.11428571,48.05714286,0.028571429,11.33571429,0.183208396,0.0017991,0.224287856,0.533133433,0.089955022,0.183208396,0.0017991,0.224287856,0.533133433,0.089955022,0.019976498,0,0.153936545,0.725616921,0.062867215,0.116693442,0.001460494,0.332262305,0.535270922,0.086169125,Silage Corn,No,Yes,No,4,6.463492393,28.13966751
448,6637,ONE_TER,6/5/23,37,24,13,1,495,259,236,0.074747475,0.055084746,0.092664093,0.492929293,38,23,2023,0.015714286,46.17142857,56.57142857,66.94285714,47.98571429,0.122857143,11.95142857,0.184004811,0.00210463,0.308177992,0.156644618,0.175886951,0.184004811,0.00210463,0.308177992,0.156644618,0.175886951,0.288056206,0.0029274,0.441451991,0,0.197306792,0.180435736,0.003509285,0.300921187,0.161573329,0.194911537,Silage Corn,No,Yes,Yes,4,6.709459305,29.72609329
449,2860,KAT_BAR,6/5/23,19,14,5,0,769,226,543,0.024707412,0.009208103,0.061946903,0.905071521,19,23,2023,0.048571429,45.44285714,57.58571429,69.7,44.52857143,0.578571429,16.11142857,0.150015659,0.024115252,0.186658315,0.465079862,0.165988099,0.150015659,0.024115252,0.186658315,0.465079862,0.165988099,0.328234544,0.005736138,0.38623327,0.275334608,0.149139579,0.120152575,0.020979021,0.223617292,0.469961856,0.149237127,Soybean,No,No,Yes,5,5.867260933,22.92560768
450,2986,SMI_CAN,6/5/23,149,86,63,1,657,260,397,0.226788432,0.158690176,0.330769231,0.843226788,150,23,2023,0.058571429,42.11428571,52.04285714,62.01428571,43.72857143,0.194285714,9.75,0.141579272,0.020049352,0.295805059,0.277606416,0.220542875,0.141579272,0.020049352,0.295805059,0.277606416,0.220542875,0.134282178,0.008044554,0.273514851,0.404084158,0.190594059,0.162074303,0.01130031,0.447213622,0.276934985,0.200773994,Silage Corn,No,Yes,Yes,5,5.585507393,15.5769558
451,2984,SMI_HOF,6/5/23,1,0,1,0,444,244,200,0.002252252,0.005,0,0.797297297,1,23,2023,0.05,45.92857143,56.92857143,67.95714286,44.58571429,0.772857143,14.13428571,0.110834371,0.057285181,0.215442092,0.453611457,0.205790785,0.110834371,0.057285181,0.215442092,0.453611457,0.205790785,0.076244486,0,0.195337114,0.619407687,0.06805293,0.157239641,0.007405073,0.249251615,0.459587207,0.197888766,Silage Corn,Yes,No,Yes,5,5.903712749,31.93047523
452,2892,GAB_ALL,6/5/23,4,4,0,0,1143,822,321,0.003499563,0,0.00486618,0.440944882,4,23,2023,0.144285714,49.61428571,59.05714286,68.54285714,48.67142857,1.072857143,12.81428571,0.017310665,0,0.02194745,0.588871716,0.062751159,0.017310665,0,0.02194745,0.588871716,0.062751159,0.00618047,0,0.030284302,0.592707046,0.145241038,0.005874169,0.010975421,0.030298346,0.58417066,0.065852527,Silage Corn,No,Yes,Yes,5,5.886958599,28.32917595
453,2988,SMI_COB,6/5/23,24,22,2,0,245,187,58,0.097959184,0.034482759,0.117647059,0.885714286,24,23,2023,0.034285714,45.67142857,55.58571429,65.54285714,45.95714286,0.684285714,11.32285714,0.140111593,0.001549907,0.348419095,0.162430254,0.207067576,0.140111593,0.001549907,0.348419095,0.162430254,0.207067576,0.034246575,0.00871731,0.321295143,0.221668742,0.215442092,0.083905178,0.005614473,0.330474111,0.151902682,0.272925764,Silage Corn,Yes,No,No,4,5.930618286,20.99067307
454,2838,DIP_CUR,6/6/23,21,13,8,4,1308,655,653,0.016055046,0.012251149,0.019847328,0.503058104,25,23,2023,0.018571429,43.41428571,54.35714286,65.32857143,42.3,0.888571429,12.98571429,0.308626596,0.06944877,0.54936157,0.164123326,0.143880411,0.308626596,0.06944877,0.54936157,0.164123326,0.143880411,0.338983051,0.03138732,0.61393597,0.133082235,0.16007533,0.350290469,0.063118229,0.613597111,0.169414351,0.138326268,Silage Corn,Yes,No,No,4,5.927192211,18.15420723
455,2804,STA_COL,6/6/23,11,9,2,0,720,532,188,0.015277778,0.010638298,0.016917293,0.619444444,11,23,2023,0.014285714,51.02857143,59.72857143,68.41428571,45.32857143,1.907142857,14.83,0.271051014,0.052858021,0.55654579,0.158881377,0.178549478,0.271051014,0.052858021,0.55654579,0.158881377,0.178549478,0.55006105,0.101343101,0.812576313,0.038461538,0.076312576,0.274777539,0.091132249,0.591745934,0.164007364,0.147744707,Silage Corn,Yes,Yes,No,5,6.560458183,23.67193604
456,2805,STA_COL,6/6/23,19,15,4,1,720,532,188,0.026388889,0.021276596,0.028195489,0.645833333,20,23,2023,0.014285714,51.02857143,59.72857143,68.41428571,45.32857143,1.907142857,14.83,0.271051014,0.052858021,0.55654579,0.158881377,0.178549478,0.271051014,0.052858021,0.55654579,0.158881377,0.178549478,0.55006105,0.101343101,0.812576313,0.038461538,0.076312576,0.274777539,0.091132249,0.591745934,0.164007364,0.147744707,Silage Corn,Yes,Yes,No,5,6.560458183,23.67193604
457,2806,STA_HEM,6/6/23,163,83,80,7,1309,715,594,0.124522536,0.134680135,0.116083916,0.53934301,170,23,2023,0.011428571,51.1,59.21428571,67.31428571,45.48571429,2.282857143,13.63,0.286287832,0.106856084,0.547560222,0.199505868,0.152563311,0.286287832,0.106856084,0.547560222,0.199505868,0.152563311,0.369202226,0.031539889,0.562770563,0.193568336,0.153370439,0.290197897,0.089208411,0.572820037,0.198670377,0.140538033,Silage Corn,Yes,Yes,Yes,4,6.554670334,26.48303223
458,2808,STA_HEM_2,6/6/23,32,17,15,0,891,516,375,0.035914703,0.04,0.032945736,0.497194164,32,23,2023,0.012857143,50.61428571,58.72857143,66.8,45.22857143,2.227142857,13.30857143,0.260896445,0.02812983,0.565378671,0.200309119,0.136012365,0.260896445,0.02812983,0.565378671,0.200309119,0.136012365,0.334572491,0.005576208,0.724907063,0.128252788,0.078066914,0.174566295,0.034696406,0.576982652,0.194392813,0.123451053,Grain Corn,Yes,Yes,Yes,4,6.685321331,23.87444115
459,2810,STA_WIL,6/6/23,1,1,0,0,281,230,51,0.003558719,0,0.004347826,0.921708185,1,23,2023,0.005714286,51.72857143,60.04285714,68.31428571,45.44285714,2.348571429,14.54571429,0.241368681,0.017879162,0.487977805,0.305487053,0.114981504,0.241368681,0.017879162,0.487977805,0.305487053,0.114981504,0.127149877,0.007371007,0.587223587,0.131449631,0.156019656,0.194632943,0.013109192,0.522208513,0.303207896,0.110734115,Silage Corn,Yes,No,Yes,4,6.444833279,34.71776962
460,2834,LET_NOB,6/6/23,46,29,17,3,977,669,308,0.047082907,0.055194805,0.043348281,0.466734903,49,23,2023,0.001428571,48.47142857,57.81428571,67.2,44.7,1.382857143,13.93714286,0.44619666,0.014533086,0.739950526,0.147186147,0.058441558,0.44619666,0.014533086,0.739950526,0.147186147,0.058441558,0.455052697,0.047737136,0.735895846,0.120272784,0.060136392,0.378466305,0.067544539,0.756777692,0.155538342,0.040588691,Silage Corn,Yes,Yes,Yes,4,6.663196564,25.65228653
461,2836,LET_TAB,6/6/23,5,3,2,0,465,281,184,0.010752688,0.010869565,0.010676157,0.965591398,5,23,2023,0.022857143,47.2,56.55714286,65.91428571,43.64285714,1.282857143,13.29142857,0.273178295,0.011472868,0.648682171,0.222945736,0.062325581,0.273178295,0.011472868,0.648682171,0.222945736,0.062325581,0.382554517,0.000623053,0.584423676,0.280996885,0.037383178,0.334164977,0.007016997,0.680024949,0.225323562,0.031810385,Silage Corn,Yes,Yes,No,5,6.075114727,22.3497448
462,2840,POV_DUN,6/6/23,0,0,0,0,275,185,90,0,0,0,0.927272727,0,23,2023,0.074285714,43.88571429,54.95714286,66.05714286,43.75714286,0.391428571,13.23428571,0.002804612,0.001246494,0.031785603,0.479588657,0.272982237,0.002804612,0.001246494,0.031785603,0.479588657,0.272982237,0.006926952,0.001889169,0.10768262,0.47418136,0.331234257,0.002672116,0.00047155,0.116944357,0.487896888,0.261867337,Silage Corn,No,No,No,4,5.781182766,20.7029171
463,2832,STA_SWE,6/6/23,5,1,4,0,366,297,69,0.013661202,0.057971014,0.003367003,0.844262295,5,23,2023,0.025714286,49.07142857,58.32857143,67.61428571,44.72857143,1.641428571,14.27,0.266069221,0.01946848,0.502163164,0.253090235,0.136897404,0.266069221,0.01946848,0.502163164,0.253090235,0.136897404,0.316542289,0.043532338,0.672263682,0.104477612,0.111940299,0.29850978,0.028407327,0.56116113,0.264669357,0.096864328,Silage Corn,Yes,Yes,Yes,5,6.38201952,33.36382294
464,2881,ZUE_REE,6/6/23,46,28,18,2,2497,1359,1138,0.018422107,0.015817223,0.020603385,0.293552263,48,23,2023,0.028571429,52.14285714,60.22857143,68.34285714,45.58571429,2.618571429,14.51142857,0.129882207,0.14383137,0.500619963,0.149411035,0.119652821,0.129882207,0.14383137,0.500619963,0.149411035,0.119652821,0.070807453,0.199378882,0.582608696,0.173291925,0.165217391,0.07720988,0.209414323,0.523380457,0.148982445,0.114338978,Pumpkins,No,No,Yes,4,6.537268639,24.44252777
465,2968,SMI_JOH,6/6/23,2,0,2,0,497,258,239,0.004024145,0.008368201,0,0.430583501,2,23,2023,0.094285714,48.28571429,57.72857143,67.17142857,45.52857143,1.182857143,13.15142857,0.145672929,0.129966123,0.343393902,0.354173083,0.178318448,0.145672929,0.129966123,0.343393902,0.354173083,0.178318448,0.275246305,0.003694581,0.480295567,0.269704433,0.180418719,0.265186556,0.00431699,0.39978415,0.370490287,0.157415973,Wheat,No,Yes,Yes,5,6.416008472,24.34096146
466,2970,SMI_JOH_2,6/6/23,24,13,11,0,302,184,118,0.079470199,0.093220339,0.070652174,0.910596026,24,23,2023,0.047142857,48.3,57.87142857,67.44285714,45.88571429,1.1,13.31142857,0.231906375,0.004003696,0.310748383,0.467508469,0.118878965,0.231906375,0.004003696,0.310748383,0.467508469,0.118878965,0.023327195,0.04849601,0.421731123,0.345610804,0.114180479,0.065106972,0.095428659,0.343081422,0.46052024,0.118362321,Wheat,Yes,No,Yes,5,6.468092918,24.67160034
467,2982,SMI_HOL,6/6/23,13,10,3,0,352,226,126,0.036931818,0.023809524,0.044247788,0.767045455,13,23,2023,0.042857143,47.31428571,57.34285714,67.41428571,47.05714286,0.88,12.37857143,0.201545595,0.022256569,0.39690881,0.267078825,0.105409583,0.201545595,0.022256569,0.39690881,0.267078825,0.105409583,0.298701299,0.009894867,0.799628942,0.081014224,0.089672233,0.218319666,0.00448708,0.572025375,0.271081541,0.105369024,Grain Corn,No,No,Yes,5,6.415804386,25.43291092
468,2972,SMI_DUR,6/6/23,12,11,1,0,1550,602,948,0.007741935,0.001054852,0.018272425,0.988387097,12,23,2023,0.05,50.07142857,59.15714286,68.22857143,45.84285714,1.77,14.16714286,0.110255621,0.07145057,0.292577764,0.436094857,0.157068063,0.110255621,0.07145057,0.292577764,0.436094857,0.157068063,0.332103321,0.009840098,0.412669127,0.38499385,0.114391144,0.228140394,0.013238916,0.326508621,0.433189655,0.144550493,Silage Corn,Yes,Yes,No,5,6.667976379,34.23325348
469,2974,SMI_LAT,6/6/23,43,27,16,0,521,197,324,0.082533589,0.049382716,0.137055838,0.921305182,43,23,2023,0.03,43.01428571,55.15714286,67.28571429,46.15714286,0.015714286,12.59142857,0.215594905,0.000310655,0.448275862,0.278347313,0.117738428,0.215594905,0.000310655,0.448275862,0.278347313,0.117738428,0.182440847,0.054171856,0.53860523,0.253424658,0.102739726,0.18591242,0.032102228,0.494623656,0.27411563,0.116097865,Silage Corn,Yes,Yes,Yes,5,5.557508469,21.01000977
470,2976,SMI_KEL,6/6/23,29,14,15,0,328,147,181,0.088414634,0.082872928,0.095238095,0.359756098,29,23,2023,0.032857143,46.37142857,56.77142857,67.17142857,46.12857143,0.692857143,12.87142857,0.273343606,0.009861325,0.358089368,0.267180277,0.163328197,0.273343606,0.009861325,0.358089368,0.267180277,0.163328197,0.060456508,0.110425663,0.410857495,0.438618137,0.078963603,0.111660232,0.197220077,0.563706564,0.265791506,0.116602317,Silage Corn,Yes,Yes,Yes,5,6.507095337,28.20439339
471,2978,SMI_DOU,6/6/23,3,1,2,0,114,52,62,0.026315789,0.032258065,0.019230769,0.692982456,3,23,2023,0.064285714,44.45714286,54.71428571,64.98571429,46.01428571,0.265714286,11.03857143,0.025261861,0.048367221,0.172520025,0.204559458,0.199014171,0.025261861,0.048367221,0.172520025,0.204559458,0.199014171,0.033846154,0.081846154,0.583384615,0.107076923,0.214769231,0.046504466,0.036495226,0.497228211,0.205112411,0.177702495,Soybean,No,Yes,Yes,5,6.29728651,24.98108101
472,2980,SMI_MCC,6/6/23,11,6,5,0,264,138,126,0.041666667,0.03968254,0.043478261,0.643939394,11,23,2023,0.057142857,43.87142857,53.91428571,63.88571429,45.75714286,0.22,10.25285714,0.093008931,0.065906991,0.193717277,0.263319988,0.262704034,0.093008931,0.065906991,0.193717277,0.263319988,0.262704034,0.199261993,0.117466175,0.67404674,0.064575646,0.208487085,0.115461385,0.032703823,0.460770766,0.264854906,0.222171043,Soybean,No,No,No,5,6.356281281,15.2996912
473,2842,DIP_PAT,6/6/23,76,51,25,1,1602,817,785,0.047440699,0.031847134,0.062423501,0.34019975,77,23,2023,0.004285714,49.07142857,58.75714286,68.5,45.84285714,1.262857143,14.61428571,0.256710892,0.140080222,0.721382289,0.14594261,0.053687134,0.256710892,0.140080222,0.721382289,0.14594261,0.053687134,0.504944376,0.014833127,0.615574784,0.35723115,0.021013597,0.41602227,0.079647386,0.755799567,0.151716672,0.039746366,Silage Corn,Yes,Yes,,5,6.454941273,26.51252174
474,2952,MIL_CHA,6/9/23,8,6,2,0,277,157,120,0.028880866,0.016666667,0.038216561,0.963898917,8,23,2023,0.17,44.31428571,54.45714286,64.61428571,44.35714286,0.375714286,11.52714286,0.292412091,0.211597779,0.667797656,0.15885256,0.102097471,0.292412091,0.211597779,0.667797656,0.15885256,0.102097471,0.490147783,0.02955665,0.754926108,0.069581281,0.075738916,0.42769136,0.09795164,0.69012783,0.161096566,0.091637148,Silage Corn,No,Yes,Yes,5,6.120146751,20.23761559
475,2958,MIL_MCC,6/9/23,44,32,12,3,439,240,199,0.10022779,0.060301508,0.133333333,1,47,23,2023,0.115714286,43.94285714,54.65714286,65.35714286,44.37142857,0.357142857,12.15714286,0.200738916,0.253694581,0.501539409,0.303571429,0.11453202,0.200738916,0.253694581,0.501539409,0.303571429,0.11453202,0.3432282,0.226963513,0.586270872,0.365491651,0.042053185,0.257456344,0.167362077,0.526348323,0.308607634,0.120537784,Soybean,No,Yes,No,5,6.210189819,27.60095024
476,2964,MIL_YOD,6/9/23,72,55,17,0,501,299,202,0.143712575,0.084158416,0.183946488,1,72,23,2023,0.125714286,44.72857143,54.97142857,65.18571429,44.15714286,0.508571429,12.15714286,0.159567901,0.087654321,0.439197531,0.282716049,0.186111111,0.159567901,0.087654321,0.439197531,0.282716049,0.186111111,0.181257707,0.113440197,0.548705302,0.388409371,0.062885327,0.213491818,0.072553257,0.491355357,0.279098487,0.183698672,Soybean,Yes,Yes,No,5,6.349746704,20.46067619
477,6086,WIS_COO_2,6/9/23,0,0,0,0,295,206,89,0,0,0,0.257627119,0,23,2023,0.014285714,43.87142857,55.28571429,66.68571429,45.42857143,0.587142857,12.27714286,0.086559647,0.028958137,0.146049732,0.548001259,0.162732137,0.086559647,0.028958137,0.146049732,0.548001259,0.162732137,0.096981374,0.138728324,0.316634554,0.453436095,0.125240848,0.069302177,0.04081306,0.196702945,0.549295775,0.157010243,Silage Corn,No,No,No,5,5.979127407,44.69318771
478,6100,WIS_MEG,6/9/23,1,1,0,0,251,124,127,0.003984064,0,0.008064516,0.996015936,1,23,2023,0.035714286,46.81428571,58.72857143,70.64285714,46.77142857,0.801428571,15.18714286,0.082419304,0.000626763,0.123472266,0.270761517,0.261360075,0.082419304,0.000626763,0.123472266,0.270761517,0.261360075,0.106234097,0.010178117,0.251908397,0.218193384,0.220101781,0.059188544,0.017979316,0.191408115,0.273349244,0.231821798,Sweet Corn,No,No,Yes,4,5.365185261,16.90901184
479,6110,SEA_HOO,6/9/23,19,12,7,4,2273,1338,935,0.008358997,0.007486631,0.00896861,0.113506379,23,23,2023,0.034285714,50.52857143,58.82857143,67.12857143,44.97142857,1.97,13.64428571,0.219527363,0.179726368,0.765547264,0.113495025,0.043221393,0.219527363,0.179726368,0.765547264,0.113495025,0.043221393,0.187149095,0.132875858,0.746724891,0.147223955,0.029320025,0.259756478,0.152357165,0.782391508,0.113019045,0.03886981,Mixed Veg,Yes,Yes,Yes,4,6.488575935,26.25037003
480,6096,WIS_KEN,6/9/23,28,19,9,4,448,296,152,0.0625,0.059210526,0.064189189,0.78125,32,23,2023,0.048571429,47.47142857,59.3,71.12857143,47.22857143,0.764285714,15.37428571,0.000315259,0.000630517,0.039722573,0.289407314,0.106872636,0.000315259,0.000630517,0.039722573,0.289407314,0.106872636,0.005157963,0,0.09929078,0.320438427,0.181818182,0.001771622,0,0.046223224,0.299565147,0.096956032,Grain Corn,Yes,No,Yes,4,5.452927113,13.98438168
481,2862,KAT_TEE,6/12/23,12,8,4,0,173,78,95,0.069364162,0.042105263,0.102564103,0.965317919,12,24,2023,0.154285714,48.17142857,58.3,68.41428571,52.21428571,0.115714286,11.25714286,0.126246883,0.002182045,0.185785536,0.42861596,0.202306733,0.126246883,0.002182045,0.185785536,0.42861596,0.202306733,0.234404537,0,0.323881537,0.45431632,0.142407057,0.164802269,0.001260438,0.305656216,0.443989286,0.174413109,Silage Corn,No,Yes,Yes,5,5.959934235,23.65135002
482,2864,KAT_TEE_2,6/12/23,30,20,10,4,445,211,234,0.06741573,0.042735043,0.09478673,0.885393258,34,24,2023,0.158571429,48.78571429,57.6,66.41428571,51.75714286,0.162857143,9.904285714,0.100748596,0.002183406,0.112913288,0.732376794,0.054585153,0.100748596,0.002183406,0.112913288,0.732376794,0.054585153,0.328922495,0,0.441713926,0.419029616,0.095778198,0.116462071,0.000629525,0.188227888,0.740163676,0.052250551,Silage Corn,No,Yes,Yes,5,5.739637852,17.81757545
483,2866,KAT_BAR,6/12/23,51,30,21,0,769,226,543,0.066319896,0.038674033,0.132743363,0.971391417,51,24,2023,0.337142857,52.3,62.18571429,72.02857143,53.34285714,0.364285714,14.46142857,0.150015659,0.024115252,0.186658315,0.465079862,0.165988099,0.150015659,0.024115252,0.186658315,0.465079862,0.165988099,0.328234544,0.005736138,0.38623327,0.275334608,0.149139579,0.120152575,0.020979021,0.223617292,0.469961856,0.149237127,Soybean,No,No,Yes,5,5.867260933,22.92560768
484,2868,KAT_JEF_2,6/12/23,5,3,2,0,109,60,49,0.04587156,0.040816327,0.05,0.596330275,5,24,2023,0.177142857,48.55714286,58.61428571,68.7,52.65714286,0.085714286,11.07714286,0.103738318,0.007476636,0.12834891,0.520560748,0.169158879,0.103738318,0.007476636,0.12834891,0.520560748,0.169158879,0.149178255,0.003160556,0.405183312,0.336283186,0.178255373,0.120977918,0.002839117,0.30362776,0.524132492,0.13044164,Silage Corn,No,Yes,Yes,5,6.26295042,37.54327011
485,2870,KAT_JEF,6/12/23,0,0,0,0,109,62,47,0,0,0,0.651376147,0,24,2023,0.184285714,48.67142857,58.85714286,69.05714286,52.71428571,0.097142857,11.41285714,0.05625,0.0015625,0.07,0.4128125,0.204375,0.05625,0.0015625,0.07,0.4128125,0.204375,0.031605563,0.006321113,0.274968394,0.470290771,0.202907712,0.069973148,0.003159059,0.329015953,0.409887853,0.176433423,Silage Corn,No,Yes,Yes,5,5.586032867,22.36896324
486,2872,KAT_SAU,6/12/23,6,4,2,0,273,142,131,0.021978022,0.015267176,0.028169014,0.923076923,6,24,2023,0.277142857,50.62857143,58.54285714,66.45714286,50.97142857,0.32,10.46142857,0.122455371,0.004384591,0.17099906,0.461634826,0.150642029,0.122455371,0.004384591,0.17099906,0.461634826,0.150642029,0.170266836,0.028589581,0.548284625,0.302414231,0.103557814,0.096979332,0.009062003,0.330206677,0.459618442,0.136406995,Silage Corn,Yes,Yes,Yes,5,5.537230015,19.16375542
487,2878,KAT_HAB_2,6/12/23,17,14,3,0,516,324,192,0.032945736,0.015625,0.043209877,0.662790698,17,24,2023,0.235714286,50.31428571,59.72857143,69.15714286,52.88571429,0.232857143,11.54428571,0.281755915,0.009028643,0.326276463,0.328767123,0.086239103,0.281755915,0.009028643,0.326276463,0.328767123,0.086239103,0.457214241,0.06620862,0.695815116,0.137414116,0.083697689,0.351588171,0.019089344,0.536848693,0.324988265,0.078235018,Silage Corn,Yes,Yes,Yes,5,5.955316067,20.81032753
488,2877,KAT_HAB,6/12/23,4,1,3,0,242,139,103,0.016528926,0.029126214,0.007194245,0.508264463,4,24,2023,0.215714286,51.84285714,60.95714286,70.08571429,53.05714286,0.471428571,12.07714286,0.239130435,0.072670807,0.327639752,0.283850932,0.102173913,0.239130435,0.072670807,0.327639752,0.283850932,0.102173913,0.244360902,0.193609023,0.601503759,0.176065163,0.112155388,0.195389682,0.093774502,0.426689666,0.279128117,0.118551043,Soybean,No,No,Yes,5,5.957181454,23.42772102
489,2884,LET_NOB,6/12/23,260,173,87,28,977,669,308,0.266120778,0.282467532,0.258594918,0.732855681,288,24,2023,0.185714286,52.72857143,60.55714286,68.38571429,53.47142857,0.34,10.43428571,0.44619666,0.014533086,0.739950526,0.147186147,0.058441558,0.44619666,0.014533086,0.739950526,0.147186147,0.058441558,0.455052697,0.047737136,0.735895846,0.120272784,0.060136392,0.378466305,0.067544539,0.756777692,0.155538342,0.040588691,Silage Corn,Yes,Yes,Yes,4,6.663196564,25.65228653
490,2874,KAT_SAU_2,6/12/23,7,5,2,0,302,107,195,0.023178808,0.01025641,0.046728972,0.953642384,7,24,2023,0.27,50.87142857,58.57142857,66.28571429,50.78571429,0.412857143,10.40857143,0.151657286,0.025953721,0.269543465,0.252970607,0.186366479,0.151657286,0.025953721,0.269543465,0.252970607,0.186366479,0.19581749,0,0.655259823,0.117237009,0.154626109,0.181052297,0.000794786,0.499284692,0.249721825,0.164997616,Silage Corn,Yes,Yes,Yes,5,5.722351551,21.01234818
491,6002,SMI_CRO,6/12/23,8,6,2,1,188,105,83,0.042553191,0.024096386,0.057142857,1,9,24,2023,0.288571429,54.82857143,63.38571429,71.92857143,55.07142857,0.75,12.78428571,0.178527228,0.173267327,0.451113861,0.101175743,0.171410891,0.178527228,0.173267327,0.451113861,0.101175743,0.171410891,0.441961515,0.213531968,0.836126629,0.018001241,0.104283054,0.216145026,0.146885652,0.700340874,0.100867679,0.152928416,Grain Corn,No,No,Yes,5,6.335429668,26.11972809
492,6005,SMI_COB,6/12/23,28,21,7,3,245,187,58,0.114285714,0.120689655,0.112299465,1,31,24,2023,0.25,54.71428571,63.01428571,71.3,54.94285714,0.735714286,12.11428571,0.140111593,0.001549907,0.348419095,0.162430254,0.207067576,0.140111593,0.001549907,0.348419095,0.162430254,0.207067576,0.034246575,0.00871731,0.321295143,0.221668742,0.215442092,0.083905178,0.005614473,0.330474111,0.151902682,0.272925764,Silage Corn,Yes,No,No,4,5.930618286,20.99067307
493,6006,SMI_HOL,6/12/23,82,69,13,3,352,226,126,0.232954545,0.103174603,0.305309735,1,85,24,2023,0.21,55.6,64.61428571,73.62857143,56.04285714,0.768571429,13.96142857,0.201545595,0.022256569,0.39690881,0.267078825,0.105409583,0.201545595,0.022256569,0.39690881,0.267078825,0.105409583,0.298701299,0.009894867,0.799628942,0.081014224,0.089672233,0.218319666,0.00448708,0.572025375,0.271081541,0.105369024,Grain Corn,No,No,Yes,5,6.415804386,25.43291092
494,6008,SMI_KEL,6/12/23,138,51,87,1,328,147,181,0.420731707,0.480662983,0.346938776,0.780487805,139,24,2023,0.28,55.15714286,63.64285714,72.14285714,55.05714286,0.751428571,13.02142857,0.273343606,0.009861325,0.358089368,0.267180277,0.163328197,0.273343606,0.009861325,0.358089368,0.267180277,0.163328197,0.060456508,0.110425663,0.410857495,0.438618137,0.078963603,0.111660232,0.197220077,0.563706564,0.265791506,0.116602317,Silage Corn,Yes,Yes,Yes,5,6.507095337,28.20439339
495,6011,SMI_DOU,6/12/23,35,20,15,2,114,52,62,0.307017544,0.241935484,0.384615385,1,37,24,2023,0.32,53,61.14285714,69.32857143,54.74285714,0.31,10.35142857,0.025261861,0.048367221,0.172520025,0.204559458,0.199014171,0.025261861,0.048367221,0.172520025,0.204559458,0.199014171,0.033846154,0.081846154,0.583384615,0.107076923,0.214769231,0.046504466,0.036495226,0.497228211,0.205112411,0.177702495,Soybean,No,Yes,Yes,5,6.29728651,24.98108101
496,6013,SMI_MCC,6/12/23,83,46,37,0,264,138,126,0.314393939,0.293650794,0.333333333,0.958333333,83,24,2023,0.354285714,51.98571429,60.11428571,68.22857143,54.5,0.181428571,9.42,0.093008931,0.065906991,0.193717277,0.263319988,0.262704034,0.093008931,0.065906991,0.193717277,0.263319988,0.262704034,0.199261993,0.117466175,0.67404674,0.064575646,0.208487085,0.115461385,0.032703823,0.460770766,0.264854906,0.222171043,Soybean,No,No,No,5,6.356281281,15.2996912
497,6638,ONE_TER,6/12/23,251,104,147,41,495,259,236,0.507070707,0.622881356,0.401544402,1,292,24,2023,0.345714286,53.7,63.17142857,72.61428571,56.14285714,0.224285714,12.98142857,0.184004811,0.00210463,0.308177992,0.156644618,0.175886951,0.184004811,0.00210463,0.308177992,0.156644618,0.175886951,0.288056206,0.0029274,0.441451991,0,0.197306792,0.180435736,0.003509285,0.300921187,0.161573329,0.194911537,Silage Corn,No,Yes,Yes,4,6.709459305,29.72609329
498,6650,ONE_ADO,6/12/23,104,73,31,1,614,344,270,0.169381107,0.114814815,0.212209302,0.750814332,105,24,2023,0.411428571,54.22857143,63.3,72.4,56.18571429,0.267142857,12.61714286,0.183208396,0.0017991,0.224287856,0.533133433,0.089955022,0.183208396,0.0017991,0.224287856,0.533133433,0.089955022,0.019976498,0,0.153936545,0.725616921,0.062867215,0.116693442,0.001460494,0.332262305,0.535270922,0.086169125,Silage Corn,No,Yes,No,4,6.463492393,28.13966751
499,7406,ONE_STA,6/12/23,387,259,128,30,1683,826,857,0.229946524,0.149358226,0.313559322,0.591800357,417,24,2023,0.255714286,54.98571429,64.52857143,74.1,55.85714286,0.697142857,14.49285714,0.515442279,0.0005997,0.553523238,0.242278861,0.072563718,0.515442279,0.0005997,0.553523238,0.242278861,0.072563718,0.758700696,0.005800464,0.811484919,0.089327146,0.023201856,0.525,0.00247093,0.57122093,0.254360465,0.055959302,Silage Corn,No,Yes,Yes,5,6.000911713,29.96791649
500,2998,SMI_CAN,6/12/23,103,59,44,0,657,260,397,0.156773212,0.110831234,0.226923077,1,103,24,2023,0.401428571,51.04285714,58.97142857,66.9,52.62857143,0.338571429,9.49,0.141579272,0.020049352,0.295805059,0.277606416,0.220542875,0.141579272,0.020049352,0.295805059,0.277606416,0.220542875,0.134282178,0.008044554,0.273514851,0.404084158,0.190594059,0.162074303,0.01130031,0.447213622,0.276934985,0.200773994,Silage Corn,No,Yes,Yes,5,5.585507393,15.5769558
501,2912,DEG_DIE_SWC,6/13/23,30,23,7,1,223,110,113,0.134529148,0.061946903,0.209090909,0.726457399,31,24,2023,0.355714286,55.04285714,62.74285714,70.44285714,52.97142857,1.265714286,12.85857143,0.24301676,0.054314091,0.315021726,0.289261328,0.253258845,0.24301676,0.054314091,0.315021726,0.289261328,0.253258845,0.344569288,0.111735331,0.571785268,0.173533084,0.171660424,0.252068051,0.053379117,0.378336195,0.295770251,0.229904792,Sweet Corn,No,No,Yes,5,6.143694878,24.17197609
502,2910,DEG_YOU_BOCES,6/13/23,22,17,5,0,639,344,295,0.034428795,0.016949153,0.049418605,0.832550861,22,24,2023,0.337142857,54.95714286,62.65714286,70.37142857,52.88571429,1.267142857,12.83857143,0.118339529,0.004337051,0.146530359,0.248141264,0.298946716,0.118339529,0.004337051,0.146530359,0.248141264,0.298946716,0.329595016,0.002492212,0.404984424,0.038629283,0.396261682,0.117720531,0.006088993,0.198907104,0.251053864,0.288056206,,No,Yes,Yes,5,6.506287098,17.9388752
503,2906,DEG_DIE_HILL,6/13/23,81,56,25,1,1157,731,426,0.070008643,0.058685446,0.076607387,0.737251513,82,24,2023,0.34,54.12857143,61.8,69.51428571,52.51428571,1.064285714,12.20571429,0.144630664,0.00496586,0.287709497,0.170391061,0.226256983,0.144630664,0.00496586,0.287709497,0.170391061,0.226256983,0.282035176,0.236180905,0.600502513,0.123115578,0.212939698,0.12490242,0.068852459,0.354722873,0.177673692,0.20952381,,No,No,Yes,5,6.117238522,22.74447823
504,2904,STA_HEM_2,6/13/23,243,152,91,42,891,516,375,0.272727273,0.242666667,0.294573643,0.769921437,285,24,2023,0.48,55.65714286,62.45714286,69.28571429,54.42857143,0.808571429,11.34285714,0.260896445,0.02812983,0.565378671,0.200309119,0.136012365,0.260896445,0.02812983,0.565378671,0.200309119,0.136012365,0.334572491,0.005576208,0.724907063,0.128252788,0.078066914,0.174566295,0.034696406,0.576982652,0.194392813,0.123451053,Grain Corn,Yes,Yes,Yes,4,6.685321331,23.87444115
505,2896,GAB_ALL,6/13/23,30,20,10,0,1143,822,321,0.026246719,0.031152648,0.0243309,0.467191601,30,24,2023,0.184285714,57.95714286,67.1,76.24285714,57.65714286,0.91,16.07,0.017310665,0,0.02194745,0.588871716,0.062751159,0.017310665,0,0.02194745,0.588871716,0.062751159,0.00618047,0,0.030284302,0.592707046,0.145241038,0.005874169,0.010975421,0.030298346,0.58417066,0.065852527,Silage Corn,No,Yes,Yes,5,5.886958599,28.32917595
506,2900,STA_COL,6/13/23,22,11,11,0,720,532,188,0.030555556,0.058510638,0.020676692,0.676388889,22,24,2023,0.174285714,54.62857143,62.07142857,69.5,53.95714286,0.668571429,10.95714286,0.271051014,0.052858021,0.55654579,0.158881377,0.178549478,0.271051014,0.052858021,0.55654579,0.158881377,0.178549478,0.55006105,0.101343101,0.812576313,0.038461538,0.076312576,0.274777539,0.091132249,0.591745934,0.164007364,0.147744707,Silage Corn,Yes,Yes,No,5,6.560458183,23.67193604
507,2898,STA_WIL,6/13/23,1,0,1,0,281,230,51,0.003558719,0.019607843,0,0.925266904,1,24,2023,0.49,56.3,63.17142857,70.04285714,54.21428571,1.131428571,11.82714286,0.241368681,0.017879162,0.487977805,0.305487053,0.114981504,0.241368681,0.017879162,0.487977805,0.305487053,0.114981504,0.127149877,0.007371007,0.587223587,0.131449631,0.156019656,0.194632943,0.013109192,0.522208513,0.303207896,0.110734115,Silage Corn,Yes,No,Yes,4,6.444833279,34.71776962
508,2914,DEG_FOU_WOOD,6/13/23,82,57,25,4,436,235,201,0.188073394,0.124378109,0.242553191,0.919724771,86,24,2023,0.397142857,53.75714286,61.41428571,69.12857143,52.07142857,1.02,12.13571429,0.307191569,0.00216987,0.413515189,0.190638562,0.173279603,0.307191569,0.00216987,0.413515189,0.190638562,0.173279603,0.440349781,0.007495315,0.678326046,0.036227358,0.187382886,0.310037523,0.005159475,0.561913696,0.194340213,0.166823014,Silage Corn,Yes,No,Yes,5,5.715062618,20.57002831
509,2894,GAB_STE,6/13/23,5,4,1,0,729,414,315,0.006858711,0.003174603,0.009661836,0.385459534,5,24,2023,0.328571429,56.02857143,65.6,75.21428571,57.28571429,0.561428571,15.06857143,0.089423373,0,0.187172371,0.636139377,0.121184089,0.089423373,0,0.187172371,0.636139377,0.121184089,0.154886294,0,0.250768285,0.561770129,0.12968654,0.102323434,0.00015387,0.219879982,0.632404985,0.117402677,Silage Corn,No,Yes,Yes,5,5.358693123,12.73650074
510,2902,STA_HEM,6/13/23,603,340,263,37,1309,715,594,0.46065699,0.442760943,0.475524476,1,640,24,2023,0.49,55.91428571,62.7,69.5,54.62857143,0.838571429,11.32571429,0.286287832,0.106856084,0.547560222,0.199505868,0.152563311,0.286287832,0.106856084,0.547560222,0.199505868,0.152563311,0.369202226,0.031539889,0.562770563,0.193568336,0.153370439,0.290197897,0.089208411,0.572820037,0.198670377,0.140538033,Silage Corn,Yes,Yes,Yes,4,6.554670334,26.48303223
511,2916,DEG_PER_STRIP,6/13/23,39,26,13,2,190,106,84,0.205263158,0.154761905,0.245283019,1,41,24,2023,0.257142857,54.34285714,61.88571429,69.45714286,53.05714286,0.907142857,11.95428571,0.220601924,0.038783742,0.410176854,0.322680732,0.135587962,0.220601924,0.038783742,0.410176854,0.322680732,0.135587962,0.194271482,0.132004981,0.655666252,0.103362391,0.188044832,0.193266833,0.048784289,0.476620948,0.325436409,0.131390274,Silage Corn,Yes,No,No,5,5.993263245,23.35876274
512,2908,DEG_YOU_OSHEA,6/13/23,143,92,51,14,610,262,348,0.23442623,0.146551724,0.351145038,1,157,24,2023,0.305714286,54.47142857,61.4,68.31428571,52.94285714,1.005714286,11.03142857,0.175759454,0.160880347,0.416924985,0.312461252,0.058586485,0.175759454,0.160880347,0.416924985,0.312461252,0.058586485,0.435433562,0.061135371,0.691827823,0.204616344,0.028072364,0.276087974,0.034316019,0.455155202,0.314147559,0.049602246,Silage Corn,No,,,5,5.277257442,19.04313278
513,2920,DEG_VIL,6/13/23,67,46,21,0,836,460,376,0.080143541,0.055851064,0.1,1,67,24,2023,0.255714286,54.82857143,62.38571429,69.97142857,53.27142857,1.085714286,12.28142857,0.310547479,0.014228271,0.434580885,0.206928549,0.139808228,0.310547479,0.014228271,0.434580885,0.206928549,0.139808228,0.509034268,0.024922118,0.591277259,0.099688474,0.150155763,0.289432668,0.013871571,0.4909601,0.210723192,0.147755611,Grain Corn,Yes,,Yes,5,6.654009819,18.75856018
514,2990,SMI_JOH,6/13/23,93,52,41,1,497,258,239,0.187122736,0.171548117,0.201550388,0.617706237,94,24,2023,0.388571429,56.44285714,64.02857143,71.61428571,54.54285714,1.28,12.99857143,0.145672929,0.129966123,0.343393902,0.354173083,0.178318448,0.145672929,0.129966123,0.343393902,0.354173083,0.178318448,0.275246305,0.003694581,0.480295567,0.269704433,0.180418719,0.265186556,0.00431699,0.39978415,0.370490287,0.157415973,Wheat,No,Yes,Yes,5,6.416008472,24.34096146
515,2992,SMI_JOH_2,6/13/23,4,4,0,0,302,184,118,0.013245033,0,0.02173913,0.92384106,4,24,2023,0.394285714,56.12857143,63.72857143,71.35714286,54.74285714,1.102857143,12.70428571,0.231906375,0.004003696,0.310748383,0.467508469,0.118878965,0.231906375,0.004003696,0.310748383,0.467508469,0.118878965,0.023327195,0.04849601,0.421731123,0.345610804,0.114180479,0.065106972,0.095428659,0.343081422,0.46052024,0.118362321,Wheat,Yes,No,Yes,5,6.468092918,24.67160034
516,6000,SMI_DUR,6/13/23,18,13,5,0,1550,602,948,0.011612903,0.005274262,0.021594684,1,18,24,2023,0.395714286,56.81428571,64.44285714,72.11428571,54.9,1.291428571,13.38714286,0.110255621,0.07145057,0.292577764,0.436094857,0.157068063,0.110255621,0.07145057,0.292577764,0.436094857,0.157068063,0.332103321,0.009840098,0.412669127,0.38499385,0.114391144,0.228140394,0.013238916,0.326508621,0.433189655,0.144550493,Silage Corn,Yes,Yes,No,5,6.667976379,34.23325348
517,6027,POV_DUN,6/13/23,0,0,0,0,275,185,90,0,0,0,0.927272727,0,24,2023,0.358571429,54.21428571,62.72857143,71.2,52.55714286,1.148571429,13.83142857,0.002804612,0.001246494,0.031785603,0.479588657,0.272982237,0.002804612,0.001246494,0.031785603,0.479588657,0.272982237,0.006926952,0.001889169,0.10768262,0.47418136,0.331234257,0.002672116,0.00047155,0.116944357,0.487896888,0.261867337,Silage Corn,No,No,No,4,5.781182766,20.7029171
518,6029,DIP_FLE,6/13/23,20,18,2,1,1556,780,776,0.01285347,0.00257732,0.023076923,0.511568123,21,24,2023,0.47,55.95714286,63.35714286,70.77142857,54.18571429,1.191428571,12.64428571,0.302484472,0.005590062,0.604658385,0.145652174,0.12173913,0.302484472,0.005590062,0.604658385,0.145652174,0.12173913,0.440424205,0.006862133,0.580786026,0.190268247,0.173424828,0.314892952,0.00531333,0.69792155,0.143928739,0.116580716,Silage Corn,Yes,No,No,5,6.317162514,28.22133827
519,6030,DIP_FLE,6/13/23,26,20,6,3,1556,780,776,0.016709512,0.007731959,0.025641026,0.528277635,29,24,2023,0.47,55.95714286,63.35714286,70.77142857,54.18571429,1.191428571,12.64428571,0.302484472,0.005590062,0.604658385,0.145652174,0.12173913,0.302484472,0.005590062,0.604658385,0.145652174,0.12173913,0.440424205,0.006862133,0.580786026,0.190268247,0.173424828,0.314892952,0.00531333,0.69792155,0.143928739,0.116580716,Silage Corn,Yes,No,No,5,6.317162514,28.22133827
520,6032,DIP_CUR,6/13/23,284,167,117,80,1308,655,653,0.217125382,0.179173047,0.254961832,0.720183486,364,24,2023,0.248571429,54.15714286,62.24285714,70.32857143,51.27142857,1.797142857,13.53285714,0.308626596,0.06944877,0.54936157,0.164123326,0.143880411,0.308626596,0.06944877,0.54936157,0.164123326,0.143880411,0.338983051,0.03138732,0.61393597,0.133082235,0.16007533,0.350290469,0.063118229,0.613597111,0.169414351,0.138326268,Silage Corn,Yes,No,No,4,5.927192211,18.15420723
521,6033,DIP_PAT,6/13/23,72,61,11,0,1602,817,785,0.04494382,0.014012739,0.074663403,0.385143571,72,24,2023,0.361428571,56.15714286,64.11428571,72.08571429,54.82857143,0.885714286,13.59,0.256710892,0.140080222,0.721382289,0.14594261,0.053687134,0.256710892,0.140080222,0.721382289,0.14594261,0.053687134,0.504944376,0.014833127,0.615574784,0.35723115,0.021013597,0.41602227,0.079647386,0.755799567,0.151716672,0.039746366,Silage Corn,Yes,Yes,,5,6.454941273,26.51252174
522,6034,DIP_PAT,6/13/23,118,82,36,8,1602,817,785,0.073657928,0.045859873,0.100367197,0.458801498,126,24,2023,0.361428571,56.15714286,64.11428571,72.08571429,54.82857143,0.885714286,13.59,0.256710892,0.140080222,0.721382289,0.14594261,0.053687134,0.256710892,0.140080222,0.721382289,0.14594261,0.053687134,0.504944376,0.014833127,0.615574784,0.35723115,0.021013597,0.41602227,0.079647386,0.755799567,0.151716672,0.039746366,Silage Corn,Yes,Yes,,5,6.454941273,26.51252174
523,6106,ZUE_REE,6/13/23,147,95,52,35,2497,1359,1138,0.058870645,0.0456942,0.069904341,0.352422907,182,24,2023,0.407142857,56.72857143,63.68571429,70.65714286,54.61428571,1.045714286,12.3,0.129882207,0.14383137,0.500619963,0.149411035,0.119652821,0.129882207,0.14383137,0.500619963,0.149411035,0.119652821,0.070807453,0.199378882,0.582608696,0.173291925,0.165217391,0.07720988,0.209414323,0.523380457,0.148982445,0.114338978,Pumpkins,No,No,Yes,4,6.537268639,24.44252777
524,2918,DEG_YOU_JONES,6/13/23,129,78,51,2,1097,521,576,0.117593437,0.088541667,0.149712092,0.832269827,131,24,2023,0.264285714,54.82857143,62.5,70.14285714,53.24285714,1.094285714,12.46142857,0.253564786,0.007129572,0.347489151,0.206757595,0.201487911,0.253564786,0.007129572,0.347489151,0.206757595,0.201487911,0.241121495,0.021806854,0.456074766,0.188161994,0.224299065,0.237071651,0.010903427,0.46588785,0.204361371,0.19953271,Silage Corn,No,Yes,Yes,5,6.899239063,17.49082565
525,2996,SMI_HOF,6/14/23,61,34,27,6,444,244,200,0.137387387,0.135,0.139344262,0.934684685,67,24,2023,0.317142857,54.88571429,63.68571429,72.52857143,53.32857143,1.16,14.44714286,0.110834371,0.057285181,0.215442092,0.453611457,0.205790785,0.110834371,0.057285181,0.215442092,0.453611457,0.205790785,0.076244486,0,0.195337114,0.619407687,0.06805293,0.157239641,0.007405073,0.249251615,0.459587207,0.197888766,Silage Corn,Yes,No,Yes,5,5.903712749,31.93047523
526,2994,SMI_LAT,6/14/23,41,20,21,0,521,197,324,0.078694818,0.064814815,0.101522843,1,41,24,2023,0.387142857,53.1,62.6,72.14285714,55.15714286,0.271428571,12.69,0.215594905,0.000310655,0.448275862,0.278347313,0.117738428,0.215594905,0.000310655,0.448275862,0.278347313,0.117738428,0.182440847,0.054171856,0.53860523,0.253424658,0.102739726,0.18591242,0.032102228,0.494623656,0.27411563,0.116097865,Silage Corn,Yes,Yes,Yes,5,5.557508469,21.01000977
527,2954,MIL_CHA,6/15/23,10,7,3,1,277,157,120,0.036101083,0.025,0.044585987,1,11,24,2023,0.347142857,53.14285714,61.07142857,69.01428571,53.1,0.635714286,11.31142857,0.292412091,0.211597779,0.667797656,0.15885256,0.102097471,0.292412091,0.211597779,0.667797656,0.15885256,0.102097471,0.490147783,0.02955665,0.754926108,0.069581281,0.075738916,0.42769136,0.09795164,0.69012783,0.161096566,0.091637148,Silage Corn,No,Yes,Yes,5,6.120146751,20.23761559
528,6090,WIS_COO,6/16/23,93,73,20,1,1367,880,487,0.068032187,0.041067762,0.082954545,0.193123628,94,24,2023,0.191428571,54.58571429,63.61428571,72.65714286,54.9,0.932857143,12.89285714,0.217132099,0.023219329,0.349858801,0.26513963,0.294634452,0.217132099,0.023219329,0.349858801,0.26513963,0.294634452,0.05942492,0.018530351,0.522044728,0.108626198,0.34313099,0.121682123,0.056443876,0.382475216,0.262711864,0.31371922,Silage Corn Strip Cropped With Alfalfa,No,Yes,No,5,5.968518734,24.17316246
529,6098,WIS_MEG,6/16/23,1,0,1,1,251,124,127,0.003984064,0.007874016,0,1,2,24,2023,0.092857143,56.04285714,66.58571429,77.08571429,56.32857143,0.974285714,17.18571429,0.082419304,0.000626763,0.123472266,0.270761517,0.261360075,0.082419304,0.000626763,0.123472266,0.270761517,0.261360075,0.106234097,0.010178117,0.251908397,0.218193384,0.220101781,0.059188544,0.017979316,0.191408115,0.273349244,0.231821798,Sweet Corn,No,No,Yes,4,5.365185261,16.90901184
530,6094,WIS_KEN,6/16/23,98,58,40,2,448,296,152,0.21875,0.263157895,0.195945946,1,100,24,2023,0.101428571,57,67.35714286,77.65714286,56.7,1.194285714,17.51428571,0.000315259,0.000630517,0.039722573,0.289407314,0.106872636,0.000315259,0.000630517,0.039722573,0.289407314,0.106872636,0.005157963,0,0.09929078,0.320438427,0.181818182,0.001771622,0,0.046223224,0.299565147,0.096956032,Grain Corn,Yes,No,Yes,4,5.452927113,13.98438168
531,6102,WIS_HIG,6/18/23,5,3,2,0,160,98,62,0.03125,0.032258065,0.030612245,1,5,24,2023,0.108571429,55.48571429,66.2,76.91428571,56,0.881428571,17.10142857,0.001572822,0.000314564,0.054419629,0.52689525,0.164831708,0.001572822,0.000314564,0.054419629,0.52689525,0.164831708,0.003861004,0,0.048262548,0.554054054,0.115186615,0.003690037,0.001283491,0.065297609,0.539387133,0.13765442,,Yes,No,Yes,5,5.566951752,23.14190102
532,6108,ZUE_REE,6/19/23,426,286,140,6,2497,1359,1138,0.170604726,0.123022847,0.210448859,0.523027633,432,25,2023,0.167142857,60.45714286,69.17142857,77.94285714,60.51428571,1.268571429,15.02,0.129882207,0.14383137,0.500619963,0.149411035,0.119652821,0.129882207,0.14383137,0.500619963,0.149411035,0.119652821,0.070807453,0.199378882,0.582608696,0.173291925,0.165217391,0.07720988,0.209414323,0.523380457,0.148982445,0.114338978,Pumpkins,No,No,Yes,4,6.537268639,24.44252777
533,6058,GAB_ALL,6/19/23,10,6,4,2,1143,822,321,0.008748906,0.012461059,0.00729927,0.475940507,12,25,2023,0.112857143,59.48571429,69.31428571,79.17142857,58.81428571,1.401428571,17.66571429,0.017310665,0,0.02194745,0.588871716,0.062751159,0.017310665,0,0.02194745,0.588871716,0.062751159,0.00618047,0,0.030284302,0.592707046,0.145241038,0.005874169,0.010975421,0.030298346,0.58417066,0.065852527,Silage Corn,No,Yes,Yes,5,5.886958599,28.32917595
534,6053,GAB_STE,6/19/23,111,62,49,3,729,414,315,0.152263374,0.155555556,0.149758454,0.537722908,114,25,2023,0.135714286,56.7,67.28571429,77.87142857,58.07142857,0.734285714,16.51285714,0.089423373,0,0.187172371,0.636139377,0.121184089,0.089423373,0,0.187172371,0.636139377,0.121184089,0.154886294,0,0.250768285,0.561770129,0.12968654,0.102323434,0.00015387,0.219879982,0.632404985,0.117402677,Silage Corn,No,Yes,Yes,5,5.358693123,12.73650074
535,2922,STA_WIL,6/20/23,21,15,6,0,281,230,51,0.074733096,0.117647059,0.065217391,1,21,25,2023,0.011428571,60.25714286,68.97142857,77.65714286,59.9,1.425714286,15.06285714,0.241368681,0.017879162,0.487977805,0.305487053,0.114981504,0.241368681,0.017879162,0.487977805,0.305487053,0.114981504,0.127149877,0.007371007,0.587223587,0.131449631,0.156019656,0.194632943,0.013109192,0.522208513,0.303207896,0.110734115,Silage Corn,Yes,No,Yes,4,6.444833279,34.71776962
536,2924,STA_COL,6/20/23,208,146,62,0,720,532,188,0.288888889,0.329787234,0.27443609,0.965277778,208,25,2023,0.038571429,60.17142857,68.67142857,77.18571429,59.44285714,1.442857143,14.53714286,0.271051014,0.052858021,0.55654579,0.158881377,0.178549478,0.271051014,0.052858021,0.55654579,0.158881377,0.178549478,0.55006105,0.101343101,0.812576313,0.038461538,0.076312576,0.274777539,0.091132249,0.591745934,0.164007364,0.147744707,Silage Corn,Yes,Yes,No,5,6.560458183,23.67193604
537,2930,STA_SWE,6/20/23,57,40,17,5,366,297,69,0.155737705,0.246376812,0.134680135,1,62,25,2023,0.014285714,58.28571429,67.75714286,77.18571429,59.31428571,0.817142857,14.71142857,0.266069221,0.01946848,0.502163164,0.253090235,0.136897404,0.266069221,0.01946848,0.502163164,0.253090235,0.136897404,0.316542289,0.043532338,0.672263682,0.104477612,0.111940299,0.29850978,0.028407327,0.56116113,0.264669357,0.096864328,Silage Corn,Yes,Yes,Yes,5,6.38201952,33.36382294
538,2932,KAT_HAB,6/20/23,119,61,58,3,242,139,103,0.491735537,0.563106796,0.438848921,1,122,25,2023,0.025714286,59.48571429,69.44285714,79.41428571,58.42857143,1.57,17.90571429,0.239130435,0.072670807,0.327639752,0.283850932,0.102173913,0.239130435,0.072670807,0.327639752,0.283850932,0.102173913,0.244360902,0.193609023,0.601503759,0.176065163,0.112155388,0.195389682,0.093774502,0.426689666,0.279128117,0.118551043,Soybean,No,No,Yes,5,5.957181454,23.42772102
539,2934,KAT_HAB_2,6/20/23,174,93,81,11,516,324,192,0.337209302,0.421875,0.287037037,1,185,25,2023,0.022857143,58.21428571,68.24285714,78.25714286,58.25714286,0.978571429,16.73142857,0.281755915,0.009028643,0.326276463,0.328767123,0.086239103,0.281755915,0.009028643,0.326276463,0.328767123,0.086239103,0.457214241,0.06620862,0.695815116,0.137414116,0.083697689,0.351588171,0.019089344,0.536848693,0.324988265,0.078235018,Silage Corn,Yes,Yes,Yes,5,5.955316067,20.81032753
540,2936,KAT_JEF,6/20/23,10,9,1,0,109,62,47,0.091743119,0.021276596,0.14516129,0.743119266,10,25,2023,0.07,56.91428571,66.91428571,76.94285714,58.32857143,0.354285714,15.32428571,0.05625,0.0015625,0.07,0.4128125,0.204375,0.05625,0.0015625,0.07,0.4128125,0.204375,0.031605563,0.006321113,0.274968394,0.470290771,0.202907712,0.069973148,0.003159059,0.329015953,0.409887853,0.176433423,Silage Corn,No,Yes,Yes,5,5.586032867,22.36896324
541,2938,KAT_JEF_2,6/20/23,44,25,19,1,109,60,49,0.403669725,0.387755102,0.416666667,1,45,25,2023,0.055714286,56.87142857,66.78571429,76.7,58.25714286,0.368571429,15.04857143,0.103738318,0.007476636,0.12834891,0.520560748,0.169158879,0.103738318,0.007476636,0.12834891,0.520560748,0.169158879,0.149178255,0.003160556,0.405183312,0.336283186,0.178255373,0.120977918,0.002839117,0.30362776,0.524132492,0.13044164,Silage Corn,No,Yes,Yes,5,6.26295042,37.54327011
542,2940,KAT_SAU,6/20/23,21,12,9,1,273,142,131,0.076923077,0.06870229,0.084507042,1,22,25,2023,0.091428571,56.7,65.17142857,73.64285714,57.57142857,0.544285714,12.17714286,0.122455371,0.004384591,0.17099906,0.461634826,0.150642029,0.122455371,0.004384591,0.17099906,0.461634826,0.150642029,0.170266836,0.028589581,0.548284625,0.302414231,0.103557814,0.096979332,0.009062003,0.330206677,0.459618442,0.136406995,Silage Corn,Yes,Yes,Yes,5,5.537230015,19.16375542
543,2948,KAT_BAR,6/20/23,22,12,10,1,769,226,543,0.028608583,0.018416206,0.053097345,1,23,25,2023,0.067142857,57.77142857,68.12857143,78.48571429,59.72857143,0.702857143,16.31857143,0.150015659,0.024115252,0.186658315,0.465079862,0.165988099,0.150015659,0.024115252,0.186658315,0.465079862,0.165988099,0.328234544,0.005736138,0.38623327,0.275334608,0.149139579,0.120152575,0.020979021,0.223617292,0.469961856,0.149237127,Soybean,No,No,Yes,5,5.867260933,22.92560768
544,2944,KAT_TEE,6/20/23,6,5,1,0,173,78,95,0.034682081,0.010526316,0.064102564,1,6,25,2023,0.07,56.22857143,66.41428571,76.6,57.92857143,0.437142857,15.17857143,0.126246883,0.002182045,0.185785536,0.42861596,0.202306733,0.126246883,0.002182045,0.185785536,0.42861596,0.202306733,0.234404537,0,0.323881537,0.45431632,0.142407057,0.164802269,0.001260438,0.305656216,0.443989286,0.174413109,Silage Corn,No,Yes,Yes,5,5.959934235,23.65135002
545,2942,KAT_SAU_2,6/20/23,10,7,3,0,302,107,195,0.033112583,0.015384615,0.065420561,0.986754967,10,25,2023,0.098571429,56.91428571,65.14285714,73.41428571,57.38571429,0.674285714,12.08857143,0.151657286,0.025953721,0.269543465,0.252970607,0.186366479,0.151657286,0.025953721,0.269543465,0.252970607,0.186366479,0.19581749,0,0.655259823,0.117237009,0.154626109,0.181052297,0.000794786,0.499284692,0.249721825,0.164997616,Silage Corn,Yes,Yes,Yes,5,5.722351551,21.01234818
546,6136,SMI_KEL,6/20/23,69,36,33,3,328,147,181,0.210365854,0.182320442,0.244897959,0.990853659,72,25,2023,0.082857143,57.27142857,67.54285714,77.81428571,58.42857143,0.772857143,15.91428571,0.273343606,0.009861325,0.358089368,0.267180277,0.163328197,0.273343606,0.009861325,0.358089368,0.267180277,0.163328197,0.060456508,0.110425663,0.410857495,0.438618137,0.078963603,0.111660232,0.197220077,0.563706564,0.265791506,0.116602317,Silage Corn,Yes,Yes,Yes,5,6.507095337,28.20439339
547,6042,DIP_PAT,6/20/23,248,152,96,0,1602,817,785,0.154806492,0.122292994,0.186046512,0.61360799,248,25,2023,0.021428571,59.7,69.51428571,79.35714286,60.15714286,0.968571429,16.98428571,0.256710892,0.140080222,0.721382289,0.14594261,0.053687134,0.256710892,0.140080222,0.721382289,0.14594261,0.053687134,0.504944376,0.014833127,0.615574784,0.35723115,0.021013597,0.41602227,0.079647386,0.755799567,0.151716672,0.039746366,Silage Corn,Yes,Yes,,5,6.454941273,26.51252174
548,6112,SEA_HOO,6/20/23,446,284,162,64,2273,1338,935,0.196216454,0.173262032,0.2122571,0.309722833,510,25,2023,0.031428571,59.2,67.85714286,76.54285714,59.77142857,0.932857143,13.64428571,0.219527363,0.179726368,0.765547264,0.113495025,0.043221393,0.219527363,0.179726368,0.765547264,0.113495025,0.043221393,0.187149095,0.132875858,0.746724891,0.147223955,0.029320025,0.259756478,0.152357165,0.782391508,0.113019045,0.03886981,Mixed Veg,Yes,Yes,Yes,4,6.488575935,26.25037003
549,6038,DIP_FLE,6/20/23,118,70,48,31,1556,780,776,0.075835476,0.06185567,0.08974359,0.604113111,149,25,2023,0.022857143,59.3,68.37142857,77.45714286,59.91428571,1.031428571,14.59714286,0.302484472,0.005590062,0.604658385,0.145652174,0.12173913,0.302484472,0.005590062,0.604658385,0.145652174,0.12173913,0.440424205,0.006862133,0.580786026,0.190268247,0.173424828,0.314892952,0.00531333,0.69792155,0.143928739,0.116580716,Silage Corn,Yes,No,No,5,6.317162514,28.22133827
550,6040,DIP_CUR,6/20/23,194,115,79,18,1308,655,653,0.148318043,0.120980092,0.175572519,0.868501529,212,25,2023,0.085714286,56.75714286,66.52857143,76.32857143,57.17142857,1.608571429,14.49571429,0.308626596,0.06944877,0.54936157,0.164123326,0.143880411,0.308626596,0.06944877,0.54936157,0.164123326,0.143880411,0.338983051,0.03138732,0.61393597,0.133082235,0.16007533,0.350290469,0.063118229,0.613597111,0.169414351,0.138326268,Silage Corn,Yes,No,No,4,5.927192211,18.15420723
551,6036,POV_DUN,6/20/23,3,3,0,0,275,185,90,0.010909091,0,0.016216216,0.938181818,3,25,2023,0.054285714,56.82857143,67.12857143,77.5,58.34285714,0.907142857,15.51142857,0.002804612,0.001246494,0.031785603,0.479588657,0.272982237,0.002804612,0.001246494,0.031785603,0.479588657,0.272982237,0.006926952,0.001889169,0.10768262,0.47418136,0.331234257,0.002672116,0.00047155,0.116944357,0.487896888,0.261867337,Silage Corn,No,No,No,4,5.781182766,20.7029171
552,2946,KAT_TEE_2,6/20/23,51,29,22,2,445,211,234,0.114606742,0.094017094,0.137440758,1,53,25,2023,0.074285714,56.77142857,65.71428571,74.65714286,57.52857143,0.664285714,13.37857143,0.100748596,0.002183406,0.112913288,0.732376794,0.054585153,0.100748596,0.002183406,0.112913288,0.732376794,0.054585153,0.328922495,0,0.441713926,0.419029616,0.095778198,0.116462071,0.000629525,0.188227888,0.740163676,0.052250551,Silage Corn,No,Yes,Yes,5,5.739637852,17.81757545
553,6124,SMI_JOH_2,6/21/23,23,16,7,1,302,184,118,0.07615894,0.059322034,0.086956522,1,24,25,2023,0.091428571,59.84285714,69.28571429,78.71428571,58.94285714,1.552857143,16.80428571,0.231906375,0.004003696,0.310748383,0.467508469,0.118878965,0.231906375,0.004003696,0.310748383,0.467508469,0.118878965,0.023327195,0.04849601,0.421731123,0.345610804,0.114180479,0.065106972,0.095428659,0.343081422,0.46052024,0.118362321,Wheat,Yes,No,Yes,5,6.468092918,24.67160034
554,6122,SMI_JOH,6/21/23,91,44,47,23,497,258,239,0.183098592,0.19665272,0.170542636,0.800804829,114,25,2023,0.09,59.95714286,69.22857143,78.54285714,58.48571429,1.734285714,16.88285714,0.145672929,0.129966123,0.343393902,0.354173083,0.178318448,0.145672929,0.129966123,0.343393902,0.354173083,0.178318448,0.275246305,0.003694581,0.480295567,0.269704433,0.180418719,0.265186556,0.00431699,0.39978415,0.370490287,0.157415973,Wheat,No,Yes,Yes,5,6.416008472,24.34096146
555,6088,WIS_COO,6/23/23,238,183,55,2,1367,880,487,0.174103877,0.112936345,0.207954545,0.367227505,240,25,2023,0.047142857,56.45714286,65.44285714,74.44285714,56.97142857,0.925714286,12.49857143,0.217132099,0.023219329,0.349858801,0.26513963,0.294634452,0.217132099,0.023219329,0.349858801,0.26513963,0.294634452,0.05942492,0.018530351,0.522044728,0.108626198,0.34313099,0.121682123,0.056443876,0.382475216,0.262711864,0.31371922,Silage Corn Strip Cropped With Alfalfa,No,Yes,No,5,5.968518734,24.17316246
556,6024,DEG_DIE_HILL,6/23/23,304,169,135,24,1157,731,426,0.262748487,0.316901408,0.23119015,1,328,25,2023,0.171428571,56.97142857,66.41428571,75.85714286,57.94285714,0.822857143,13.81857143,0.144630664,0.00496586,0.287709497,0.170391061,0.226256983,0.144630664,0.00496586,0.287709497,0.170391061,0.226256983,0.282035176,0.236180905,0.600502513,0.123115578,0.212939698,0.12490242,0.068852459,0.354722873,0.177673692,0.20952381,,No,No,Yes,5,6.117238522,22.74447823
557,6020,DEG_DIE_SWC,6/23/23,61,35,26,10,223,110,113,0.273542601,0.230088496,0.318181818,1,71,25,2023,0.135714286,58.05714286,67.42857143,76.8,58.37142857,1.055714286,14.65428571,0.24301676,0.054314091,0.315021726,0.289261328,0.253258845,0.24301676,0.054314091,0.315021726,0.289261328,0.253258845,0.344569288,0.111735331,0.571785268,0.173533084,0.171660424,0.252068051,0.053379117,0.378336195,0.295770251,0.229904792,Sweet Corn,No,No,Yes,5,6.143694878,24.17197609
558,6018,DEG_YOU_BOCES,6/23/23,107,65,42,1,639,344,295,0.167449139,0.142372881,0.188953488,1,108,25,2023,0.154285714,57.95714286,67.37142857,76.77142857,58.3,1.02,14.66857143,0.118339529,0.004337051,0.146530359,0.248141264,0.298946716,0.118339529,0.004337051,0.146530359,0.248141264,0.298946716,0.329595016,0.002492212,0.404984424,0.038629283,0.396261682,0.117720531,0.006088993,0.198907104,0.251053864,0.288056206,,No,Yes,Yes,5,6.506287098,17.9388752
559,6014,DEG_YOU_JONES,6/23/23,184,83,101,9,1097,521,576,0.167730173,0.175347222,0.159309021,1,193,25,2023,0.082857143,57.87142857,67.24285714,76.65714286,58.57142857,0.954285714,14.39714286,0.253564786,0.007129572,0.347489151,0.206757595,0.201487911,0.253564786,0.007129572,0.347489151,0.206757595,0.201487911,0.241121495,0.021806854,0.456074766,0.188161994,0.224299065,0.237071651,0.010903427,0.46588785,0.204361371,0.19953271,Silage Corn,No,Yes,Yes,5,6.899239063,17.49082565
560,6056,GAB_STE,6/26/23,46,28,18,1,729,414,315,0.063100137,0.057142857,0.06763285,0.600823045,47,26,2023,0.205714286,61.85714286,71.6,81.34285714,63.95714286,0.528571429,16.55571429,0.089423373,0,0.187172371,0.636139377,0.121184089,0.089423373,0,0.187172371,0.636139377,0.121184089,0.154886294,0,0.250768285,0.561770129,0.12968654,0.102323434,0.00015387,0.219879982,0.632404985,0.117402677,Silage Corn,No,Yes,Yes,5,5.358693123,12.73650074
561,6060,GAB_ALL,6/26/23,0,0,0,0,1143,822,321,0,0,0,0.475940507,0,26,2023,0.238571429,63.98571429,73.3,82.67142857,64.18571429,1.051428571,18.20285714,0.017310665,0,0.02194745,0.588871716,0.062751159,0.017310665,0,0.02194745,0.588871716,0.062751159,0.00618047,0,0.030284302,0.592707046,0.145241038,0.005874169,0.010975421,0.030298346,0.58417066,0.065852527,Silage Corn,No,Yes,Yes,5,5.886958599,28.32917595
562,6076,KAT_JEF,6/26/23,9,8,1,1,109,62,47,0.082568807,0.021276596,0.129032258,0.825688073,10,26,2023,0.384285714,58.01428571,67.95714286,77.97142857,61.44285714,0.052857143,14.09571429,0.05625,0.0015625,0.07,0.4128125,0.204375,0.05625,0.0015625,0.07,0.4128125,0.204375,0.031605563,0.006321113,0.274968394,0.470290771,0.202907712,0.069973148,0.003159059,0.329015953,0.409887853,0.176433423,Silage Corn,No,Yes,Yes,5,5.586032867,22.36896324
563,6104,DEG_FOU_WOOD,6/26/23,35,18,17,0,436,235,201,0.080275229,0.084577114,0.076595745,1,35,26,2023,0.334285714,61.11428571,68.57142857,76.05714286,61.04285714,0.965714286,12.77428571,0.307191569,0.00216987,0.413515189,0.190638562,0.173279603,0.307191569,0.00216987,0.413515189,0.190638562,0.173279603,0.440349781,0.007495315,0.678326046,0.036227358,0.187382886,0.310037523,0.005159475,0.561913696,0.194340213,0.166823014,Silage Corn,Yes,No,Yes,5,5.715062618,20.57002831
564,6080,KAT_SAU_2,6/26/23,4,3,1,0,302,107,195,0.013245033,0.005128205,0.028037383,1,4,26,2023,0.111428571,58.98571429,67.5,75.98571429,60.07142857,0.442857143,13.56428571,0.151657286,0.025953721,0.269543465,0.252970607,0.186366479,0.151657286,0.025953721,0.269543465,0.252970607,0.186366479,0.19581749,0,0.655259823,0.117237009,0.154626109,0.181052297,0.000794786,0.499284692,0.249721825,0.164997616,Silage Corn,Yes,Yes,Yes,5,5.722351551,21.01234818
565,6082,WIS_COO_2,6/26/23,46,37,9,1,295,206,89,0.155932203,0.101123596,0.17961165,0.413559322,47,26,2023,0.381428571,60.05714286,69.35714286,78.64285714,61.6,0.774285714,14.61428571,0.086559647,0.028958137,0.146049732,0.548001259,0.162732137,0.086559647,0.028958137,0.146049732,0.548001259,0.162732137,0.096981374,0.138728324,0.316634554,0.453436095,0.125240848,0.069302177,0.04081306,0.196702945,0.549295775,0.157010243,Silage Corn,No,No,No,5,5.979127407,44.69318771
566,6078,KAT_SAU,6/26/23,0,0,0,0,273,142,131,0,0,0,1,0,26,2023,0.107142857,58.77142857,67.45714286,76.1,60.3,0.348571429,13.56857143,0.122455371,0.004384591,0.17099906,0.461634826,0.150642029,0.122455371,0.004384591,0.17099906,0.461634826,0.150642029,0.170266836,0.028589581,0.548284625,0.302414231,0.103557814,0.096979332,0.009062003,0.330206677,0.459618442,0.136406995,Silage Corn,Yes,Yes,Yes,5,5.537230015,19.16375542
567,6050,DIP_CUR,6/27/23,10,8,2,1,1308,655,653,0.00764526,0.003062787,0.01221374,0.876146789,11,26,2023,0.144285714,61.3,69.07142857,76.85714286,60.45714286,1.828571429,13.55428571,0.308626596,0.06944877,0.54936157,0.164123326,0.143880411,0.308626596,0.06944877,0.54936157,0.164123326,0.143880411,0.338983051,0.03138732,0.61393597,0.133082235,0.16007533,0.350290469,0.063118229,0.613597111,0.169414351,0.138326268,Silage Corn,Yes,No,No,4,5.927192211,18.15420723
568,6046,POV_DUN,6/27/23,2,0,2,0,275,185,90,0.007272727,0.022222222,0,0.945454545,2,26,2023,0.262857143,61.2,69.74285714,78.25714286,61.67142857,0.971428571,14.74285714,0.002804612,0.001246494,0.031785603,0.479588657,0.272982237,0.002804612,0.001246494,0.031785603,0.479588657,0.272982237,0.006926952,0.001889169,0.10768262,0.47418136,0.331234257,0.002672116,0.00047155,0.116944357,0.487896888,0.261867337,Silage Corn,No,No,No,4,5.781182766,20.7029171
569,6048,DIP_PAT,6/27/23,36,20,16,7,1602,817,785,0.02247191,0.020382166,0.024479804,0.6360799,43,26,2023,0.374285714,63.34285714,71.6,79.81428571,63.91428571,0.848571429,15.10571429,0.256710892,0.140080222,0.721382289,0.14594261,0.053687134,0.256710892,0.140080222,0.721382289,0.14594261,0.053687134,0.504944376,0.014833127,0.615574784,0.35723115,0.021013597,0.41602227,0.079647386,0.755799567,0.151716672,0.039746366,Silage Corn,Yes,Yes,,5,6.454941273,26.51252174
570,6052,DIP_FLE,6/27/23,90,58,32,14,1556,780,776,0.057840617,0.041237113,0.074358974,0.661953728,104,26,2023,0.32,62.95714286,70.58571429,78.2,63.6,0.705714286,13.53,0.302484472,0.005590062,0.604658385,0.145652174,0.12173913,0.302484472,0.005590062,0.604658385,0.145652174,0.12173913,0.440424205,0.006862133,0.580786026,0.190268247,0.173424828,0.314892952,0.00531333,0.69792155,0.143928739,0.116580716,Silage Corn,Yes,No,No,5,6.317162514,28.22133827
571,6062,LET_NOB,6/27/23,261,137,124,89,977,669,308,0.267144319,0.402597403,0.204783259,1,350,26,2023,0.06,60.15714286,69.4,78.65714286,62.82857143,0.312857143,14.23285714,0.44619666,0.014533086,0.739950526,0.147186147,0.058441558,0.44619666,0.014533086,0.739950526,0.147186147,0.058441558,0.455052697,0.047737136,0.735895846,0.120272784,0.060136392,0.378466305,0.067544539,0.756777692,0.155538342,0.040588691,Silage Corn,Yes,Yes,Yes,4,6.663196564,25.65228653
572,6222,SEA_HOO,6/27/23,121,86,35,21,2273,1338,935,0.053233612,0.037433155,0.064275037,0.362956445,142,26,2023,0.191428571,62.52857143,70.07142857,77.61428571,63.02857143,0.642857143,12.96571429,0.219527363,0.179726368,0.765547264,0.113495025,0.043221393,0.219527363,0.179726368,0.765547264,0.113495025,0.043221393,0.187149095,0.132875858,0.746724891,0.147223955,0.029320025,0.259756478,0.152357165,0.782391508,0.113019045,0.03886981,Mixed Veg,Yes,Yes,Yes,4,6.488575935,26.25037003
573,6070,STA_HEM_2,6/27/23,205,121,84,52,891,516,375,0.230078563,0.224,0.234496124,1,257,26,2023,0.311428571,62.7,70.38571429,78.08571429,63.62857143,0.807142857,12.93571429,0.260896445,0.02812983,0.565378671,0.200309119,0.136012365,0.260896445,0.02812983,0.565378671,0.200309119,0.136012365,0.334572491,0.005576208,0.724907063,0.128252788,0.078066914,0.174566295,0.034696406,0.576982652,0.194392813,0.123451053,Grain Corn,Yes,Yes,Yes,4,6.685321331,23.87444115
574,6074,LET_TAB,6/27/23,16,8,8,13,465,281,184,0.034408602,0.043478261,0.028469751,1,29,26,2023,0.102857143,59.41428571,68.51428571,77.6,61.71428571,0.232857143,14.14857143,0.273178295,0.011472868,0.648682171,0.222945736,0.062325581,0.273178295,0.011472868,0.648682171,0.222945736,0.062325581,0.382554517,0.000623053,0.584423676,0.280996885,0.037383178,0.334164977,0.007016997,0.680024949,0.225323562,0.031810385,Silage Corn,Yes,Yes,No,5,6.075114727,22.3497448
575,6128,SMI_KEL,6/27/23,3,0,3,1,328,147,181,0.009146341,0.016574586,0,1,4,26,2023,0.13,61.45714286,70.21428571,79.01428571,62.97142857,0.667142857,14.28714286,0.273343606,0.009861325,0.358089368,0.267180277,0.163328197,0.273343606,0.009861325,0.358089368,0.267180277,0.163328197,0.060456508,0.110425663,0.410857495,0.438618137,0.078963603,0.111660232,0.197220077,0.563706564,0.265791506,0.116602317,Silage Corn,Yes,Yes,Yes,5,6.507095337,28.20439339
576,6130,SMI_JOH,6/27/23,3,1,2,0,497,258,239,0.006036217,0.008368201,0.003875969,0.806841046,3,26,2023,0.094285714,63.7,71.15714286,78.65714286,62.88571429,1.385714286,14.14,0.145672929,0.129966123,0.343393902,0.354173083,0.178318448,0.145672929,0.129966123,0.343393902,0.354173083,0.178318448,0.275246305,0.003694581,0.480295567,0.269704433,0.180418719,0.265186556,0.00431699,0.39978415,0.370490287,0.157415973,Wheat,No,Yes,Yes,5,6.416008472,24.34096146
577,6064,STA_COL,6/27/23,25,21,4,5,720,532,188,0.034722222,0.021276596,0.039473684,1,30,26,2023,0.241428571,62.38571429,70.8,79.18571429,63.25714286,0.751428571,13.95857143,0.271051014,0.052858021,0.55654579,0.158881377,0.178549478,0.271051014,0.052858021,0.55654579,0.158881377,0.178549478,0.55006105,0.101343101,0.812576313,0.038461538,0.076312576,0.274777539,0.091132249,0.591745934,0.164007364,0.147744707,Silage Corn,Yes,Yes,No,5,6.560458183,23.67193604
578,6256,SMI_JOH,7/3/23,23,10,13,4,497,258,239,0.046277666,0.054393305,0.03875969,0.853118712,27,27,2023,0.041428571,64.95714286,74.22857143,83.54285714,66.21428571,0.962857143,17.58857143,0.145672929,0.129966123,0.343393902,0.354173083,0.178318448,0.145672929,0.129966123,0.343393902,0.354173083,0.178318448,0.275246305,0.003694581,0.480295567,0.269704433,0.180418719,0.265186556,0.00431699,0.39978415,0.370490287,0.157415973,Wheat,No,Yes,Yes,5,6.416008472,24.34096146
579,6229,ZUE_REE,7/3/23,57,38,19,0,2497,1359,1138,0.022827393,0.016695958,0.027961737,0.545855026,57,27,2023,0.137142857,65.25714286,73.82857143,82.37142857,66.84285714,0.672857143,15.97,0.129882207,0.14383137,0.500619963,0.149411035,0.119652821,0.129882207,0.14383137,0.500619963,0.149411035,0.119652821,0.070807453,0.199378882,0.582608696,0.173291925,0.165217391,0.07720988,0.209414323,0.523380457,0.148982445,0.114338978,Pumpkins,No,No,Yes,4,6.537268639,24.44252777
580,6164,KAT_JEF,7/3/23,0,0,0,0,109,62,47,0,0,0,0.825688073,0,27,2023,0.11,60.11428571,70.68571429,81.2,63.98571429,0.127142857,16.70857143,0.05625,0.0015625,0.07,0.4128125,0.204375,0.05625,0.0015625,0.07,0.4128125,0.204375,0.031605563,0.006321113,0.274968394,0.470290771,0.202907712,0.069973148,0.003159059,0.329015953,0.409887853,0.176433423,Silage Corn,No,Yes,Yes,5,5.586032867,22.36896324
581,6160,GAB_STE,7/3/23,194,145,49,0,729,414,315,0.26611797,0.155555556,0.350241546,0.866941015,194,27,2023,0.271428571,65.3,75.52857143,85.74285714,67.92857143,0.495714286,19.43285714,0.089423373,0,0.187172371,0.636139377,0.121184089,0.089423373,0,0.187172371,0.636139377,0.121184089,0.154886294,0,0.250768285,0.561770129,0.12968654,0.102323434,0.00015387,0.219879982,0.632404985,0.117402677,Silage Corn,No,Yes,Yes,5,5.358693123,12.73650074
582,6156,GAB_ALL,7/3/23,0,0,0,0,1143,822,321,0,0,0,0.475940507,0,27,2023,0.26,68.18571429,78.01428571,87.82857143,68.61428571,1.348571429,22.30714286,0.017310665,0,0.02194745,0.588871716,0.062751159,0.017310665,0,0.02194745,0.588871716,0.062751159,0.00618047,0,0.030284302,0.592707046,0.145241038,0.005874169,0.010975421,0.030298346,0.58417066,0.065852527,Silage Corn,No,Yes,Yes,5,5.886958599,28.32917595
583,6169,DIP_PAT,7/5/23,90,49,41,14,1602,817,785,0.056179775,0.052229299,0.05997552,0.692259675,104,27,2023,0.067142857,65.12857143,74.07142857,83.02857143,66.87142857,0.564285714,16.70571429,0.256710892,0.140080222,0.721382289,0.14594261,0.053687134,0.256710892,0.140080222,0.721382289,0.14594261,0.053687134,0.504944376,0.014833127,0.615574784,0.35723115,0.021013597,0.41602227,0.079647386,0.755799567,0.151716672,0.039746366,Silage Corn,Yes,Yes,,5,6.454941273,26.51252174
584,6170,DIP_CUR,7/5/23,60,35,25,7,1308,655,653,0.04587156,0.038284839,0.053435115,0.922018349,67,27,2023,0.478571429,62.9,72.51428571,82.14285714,63.64285714,1.33,17.11142857,0.308626596,0.06944877,0.54936157,0.164123326,0.143880411,0.308626596,0.06944877,0.54936157,0.164123326,0.143880411,0.338983051,0.03138732,0.61393597,0.133082235,0.16007533,0.350290469,0.063118229,0.613597111,0.169414351,0.138326268,Silage Corn,Yes,No,No,4,5.927192211,18.15420723
585,6174,POV_DUN,7/5/23,5,4,1,0,275,185,90,0.018181818,0.011111111,0.021621622,0.963636364,5,27,2023,0.561428571,63.47142857,73.27142857,83.08571429,64.54285714,0.827142857,18.39142857,0.002804612,0.001246494,0.031785603,0.479588657,0.272982237,0.002804612,0.001246494,0.031785603,0.479588657,0.272982237,0.006926952,0.001889169,0.10768262,0.47418136,0.331234257,0.002672116,0.00047155,0.116944357,0.487896888,0.261867337,Silage Corn,No,No,No,4,5.781182766,20.7029171
586,6172,DIP_FLE,7/5/23,144,64,80,29,1556,780,776,0.092544987,0.103092784,0.082051282,0.754498715,173,27,2023,0.158571429,64.85714286,73.68571429,82.52857143,66.75714286,0.408571429,16.04142857,0.302484472,0.005590062,0.604658385,0.145652174,0.12173913,0.302484472,0.005590062,0.604658385,0.145652174,0.12173913,0.440424205,0.006862133,0.580786026,0.190268247,0.173424828,0.314892952,0.00531333,0.69792155,0.143928739,0.116580716,Silage Corn,Yes,No,No,5,6.317162514,28.22133827
587,6224,SEA_HOO,7/5/23,327,203,124,33,2273,1338,935,0.143862736,0.132620321,0.151718984,0.506819182,360,27,2023,0.222857143,65.58571429,73.42857143,81.25714286,65.78571429,0.858571429,15.21285714,0.219527363,0.179726368,0.765547264,0.113495025,0.043221393,0.219527363,0.179726368,0.765547264,0.113495025,0.043221393,0.187149095,0.132875858,0.746724891,0.147223955,0.029320025,0.259756478,0.152357165,0.782391508,0.113019045,0.03886981,Mixed Veg,Yes,Yes,Yes,4,6.488575935,26.25037003
588,6678,ONE_STA,7/6/23,323,209,114,26,1683,826,857,0.191919192,0.13302217,0.253026634,0.783719548,349,27,2023,0.054285714,63.92857143,74.85714286,85.74285714,65.92857143,0.584285714,19.13571429,0.515442279,0.0005997,0.553523238,0.242278861,0.072563718,0.515442279,0.0005997,0.553523238,0.242278861,0.072563718,0.758700696,0.005800464,0.811484919,0.089327146,0.023201856,0.525,0.00247093,0.57122093,0.254360465,0.055959302,Silage Corn,No,Yes,Yes,5,6.000911713,29.96791649
589,6147,KAT_JEF,7/10/23,4,3,1,1,109,62,47,0.036697248,0.021276596,0.048387097,0.862385321,5,28,2023,0.124285714,58.55714286,69.38571429,80.27142857,62.2,0.088571429,16.07857143,0.05625,0.0015625,0.07,0.4128125,0.204375,0.05625,0.0015625,0.07,0.4128125,0.204375,0.031605563,0.006321113,0.274968394,0.470290771,0.202907712,0.069973148,0.003159059,0.329015953,0.409887853,0.176433423,Silage Corn,No,Yes,Yes,5,5.586032867,22.36896324
590,6294,WIS_COO_2,7/10/23,11,7,4,0,295,206,89,0.037288136,0.04494382,0.033980583,0.450847458,11,28,2023,0.977142857,63.9,73.3,82.68571429,65.35714286,0.792857143,16.59,0.086559647,0.028958137,0.146049732,0.548001259,0.162732137,0.086559647,0.028958137,0.146049732,0.548001259,0.162732137,0.096981374,0.138728324,0.316634554,0.453436095,0.125240848,0.069302177,0.04081306,0.196702945,0.549295775,0.157010243,Silage Corn,No,No,No,5,5.979127407,44.69318771
591,6286,WIS_COO,7/10/23,102,55,47,5,1367,880,487,0.074615947,0.09650924,0.0625,0.441843453,107,28,2023,0.938571429,64.34285714,73,81.61428571,65.18571429,1.017142857,15.42571429,0.217132099,0.023219329,0.349858801,0.26513963,0.294634452,0.217132099,0.023219329,0.349858801,0.26513963,0.294634452,0.05942492,0.018530351,0.522044728,0.108626198,0.34313099,0.121682123,0.056443876,0.382475216,0.262711864,0.31371922,Silage Corn Strip Cropped With Alfalfa,No,Yes,No,5,5.968518734,24.17316246
592,6148,KAT_JEF,7/10/23,2,2,0,0,109,62,47,0.018348624,0,0.032258065,0.880733945,2,28,2023,0.124285714,58.55714286,69.38571429,80.27142857,62.2,0.088571429,16.07857143,0.05625,0.0015625,0.07,0.4128125,0.204375,0.05625,0.0015625,0.07,0.4128125,0.204375,0.031605563,0.006321113,0.274968394,0.470290771,0.202907712,0.069973148,0.003159059,0.329015953,0.409887853,0.176433423,Silage Corn,No,Yes,Yes,5,5.586032867,22.36896324
593,6162,GAB_STE,7/11/23,26,8,18,13,729,414,315,0.035665295,0.057142857,0.019323671,0.90260631,39,28,2023,0.555714286,64.31428571,74.07142857,83.84285714,66.6,0.304285714,17.72857143,0.089423373,0,0.187172371,0.636139377,0.121184089,0.089423373,0,0.187172371,0.636139377,0.121184089,0.154886294,0,0.250768285,0.561770129,0.12968654,0.102323434,0.00015387,0.219879982,0.632404985,0.117402677,Silage Corn,No,Yes,Yes,5,5.358693123,12.73650074
594,6158,GAB_ALL,7/11/23,3,1,2,0,1143,822,321,0.002624672,0.00623053,0.001216545,0.478565179,3,28,2023,0.642857143,66.82857143,76.44285714,86.05714286,67.14285714,0.977142857,20.54714286,0.017310665,0,0.02194745,0.588871716,0.062751159,0.017310665,0,0.02194745,0.588871716,0.062751159,0.00618047,0,0.030284302,0.592707046,0.145241038,0.005874169,0.010975421,0.030298346,0.58417066,0.065852527,Silage Corn,No,Yes,Yes,5,5.886958599,28.32917595
595,6176,DIP_PAT,7/11/23,9,6,3,0,1602,817,785,0.005617978,0.003821656,0.007343941,0.697877653,9,28,2023,0.154285714,64.07142857,73.01428571,81.9,64.25714286,0.781428571,17.12,0.256710892,0.140080222,0.721382289,0.14594261,0.053687134,0.256710892,0.140080222,0.721382289,0.14594261,0.053687134,0.504944376,0.014833127,0.615574784,0.35723115,0.021013597,0.41602227,0.079647386,0.755799567,0.151716672,0.039746366,Silage Corn,Yes,Yes,,5,6.454941273,26.51252174
596,6230,ZUE_REE,7/11/23,60,33,27,5,2497,1359,1138,0.024028835,0.023725835,0.024282561,0.569883861,65,28,2023,0.227142857,64.58571429,73.2,81.75714286,63.68571429,1.148571429,17.21571429,0.129882207,0.14383137,0.500619963,0.149411035,0.119652821,0.129882207,0.14383137,0.500619963,0.149411035,0.119652821,0.070807453,0.199378882,0.582608696,0.173291925,0.165217391,0.07720988,0.209414323,0.523380457,0.148982445,0.114338978,Pumpkins,No,No,Yes,4,6.537268639,24.44252777
597,6180,DIP_FLE,7/11/23,79,41,38,47,1556,780,776,0.050771208,0.048969072,0.052564103,0.805269923,126,28,2023,0.202857143,63.54285714,72.3,81.08571429,64.3,0.512857143,15.85428571,0.302484472,0.005590062,0.604658385,0.145652174,0.12173913,0.302484472,0.005590062,0.604658385,0.145652174,0.12173913,0.440424205,0.006862133,0.580786026,0.190268247,0.173424828,0.314892952,0.00531333,0.69792155,0.143928739,0.116580716,Silage Corn,Yes,No,No,5,6.317162514,28.22133827
598,6182,POV_DUN,7/11/23,0,0,0,0,275,185,90,0,0,0,0.963636364,0,28,2023,0.125714286,61.51428571,71.42857143,81.34285714,62.44285714,0.637142857,17.35714286,0.002804612,0.001246494,0.031785603,0.479588657,0.272982237,0.002804612,0.001246494,0.031785603,0.479588657,0.272982237,0.006926952,0.001889169,0.10768262,0.47418136,0.331234257,0.002672116,0.00047155,0.116944357,0.487896888,0.261867337,Silage Corn,No,No,No,4,5.781182766,20.7029171
599,6226,SEA_HOO,7/11/23,131,93,38,45,2273,1338,935,0.057633084,0.040641711,0.069506726,0.564452266,176,28,2023,0.187142857,64.34285714,72.32857143,80.35714286,62.78571429,1.358571429,16.29,0.219527363,0.179726368,0.765547264,0.113495025,0.043221393,0.219527363,0.179726368,0.765547264,0.113495025,0.043221393,0.187149095,0.132875858,0.746724891,0.147223955,0.029320025,0.259756478,0.152357165,0.782391508,0.113019045,0.03886981,Mixed Veg,Yes,Yes,Yes,4,6.488575935,26.25037003
600,6178,DIP_CUR,7/11/23,4,3,1,0,1308,655,653,0.003058104,0.001531394,0.004580153,0.925076453,4,28,2023,0.1,61.4,70.85714286,80.28571429,61.68571429,1.31,15.95,0.308626596,0.06944877,0.54936157,0.164123326,0.143880411,0.308626596,0.06944877,0.54936157,0.164123326,0.143880411,0.338983051,0.03138732,0.61393597,0.133082235,0.16007533,0.350290469,0.063118229,0.613597111,0.169414351,0.138326268,Silage Corn,Yes,No,No,4,5.927192211,18.15420723
601,6258,SMI_JOH,7/12/23,23,12,11,10,497,258,239,0.046277666,0.046025105,0.046511628,0.899396378,33,28,2023,0.171428571,64.04285714,72.54285714,81.01428571,64.21428571,0.971428571,15.94,0.145672929,0.129966123,0.343393902,0.354173083,0.178318448,0.145672929,0.129966123,0.343393902,0.354173083,0.178318448,0.275246305,0.003694581,0.480295567,0.269704433,0.180418719,0.265186556,0.00431699,0.39978415,0.370490287,0.157415973,Wheat,No,Yes,Yes,5,6.416008472,24.34096146
602,6296,WIS_COO_2,7/17/23,62,47,15,0,295,206,89,0.210169492,0.168539326,0.22815534,0.661016949,62,29,2023,0.191428571,60.9,71.04285714,81.17142857,62.62857143,0.875714286,16.97428571,0.086559647,0.028958137,0.146049732,0.548001259,0.162732137,0.086559647,0.028958137,0.146049732,0.548001259,0.162732137,0.096981374,0.138728324,0.316634554,0.453436095,0.125240848,0.069302177,0.04081306,0.196702945,0.549295775,0.157010243,Silage Corn,No,No,No,5,5.979127407,44.69318771
603,6288,WIS_COO,7/17/23,132,63,69,2,1367,880,487,0.096561814,0.141683778,0.071590909,0.538405267,134,29,2023,0.17,61.18571429,70.71428571,80.27142857,62.27142857,0.914285714,15.98142857,0.217132099,0.023219329,0.349858801,0.26513963,0.294634452,0.217132099,0.023219329,0.349858801,0.26513963,0.294634452,0.05942492,0.018530351,0.522044728,0.108626198,0.34313099,0.121682123,0.056443876,0.382475216,0.262711864,0.31371922,Silage Corn Strip Cropped With Alfalfa,No,Yes,No,5,5.968518734,24.17316246
604,6236,GAB_STE,7/17/23,6,4,2,0,729,414,315,0.008230453,0.006349206,0.009661836,0.910836763,6,29,2023,0.282857143,60.28571429,71.97142857,83.61428571,63.18571429,0.324285714,19.91285714,0.089423373,0,0.187172371,0.636139377,0.121184089,0.089423373,0,0.187172371,0.636139377,0.121184089,0.154886294,0,0.250768285,0.561770129,0.12968654,0.102323434,0.00015387,0.219879982,0.632404985,0.117402677,Silage Corn,No,Yes,Yes,5,5.358693123,12.73650074
605,6234,GAB_ALL,7/17/23,3,0,3,3,1143,822,321,0.002624672,0.009345794,0,0.481189851,6,29,2023,0.24,63.55714286,74.8,86.02857143,63.55714286,1.085714286,23.21142857,0.017310665,0,0.02194745,0.588871716,0.062751159,0.017310665,0,0.02194745,0.588871716,0.062751159,0.00618047,0,0.030284302,0.592707046,0.145241038,0.005874169,0.010975421,0.030298346,0.58417066,0.065852527,Silage Corn,No,Yes,Yes,5,5.886958599,28.32917595
606,6232,ZUE_REE,7/17/23,38,23,15,2,2497,1359,1138,0.015218262,0.013181019,0.016924209,0.585102123,40,29,2023,0.065714286,60.81428571,70.47142857,80.12857143,62.02857143,1.11,16.16714286,0.129882207,0.14383137,0.500619963,0.149411035,0.119652821,0.129882207,0.14383137,0.500619963,0.149411035,0.119652821,0.070807453,0.199378882,0.582608696,0.173291925,0.165217391,0.07720988,0.209414323,0.523380457,0.148982445,0.114338978,Pumpkins,No,No,Yes,4,6.537268639,24.44252777
607,6214,KAT_JEF,7/17/23,2,1,1,0,109,62,47,0.018348624,0.021276596,0.016129032,0.899082569,2,29,2023,0.125714286,55.75714286,67.54285714,79.37142857,59.88571429,0.158571429,16.96857143,0.05625,0.0015625,0.07,0.4128125,0.204375,0.05625,0.0015625,0.07,0.4128125,0.204375,0.031605563,0.006321113,0.274968394,0.470290771,0.202907712,0.069973148,0.003159059,0.329015953,0.409887853,0.176433423,Silage Corn,No,Yes,Yes,5,5.586032867,22.36896324
608,6184,DIP_PAT,7/18/23,85,20,65,74,1602,817,785,0.053058677,0.082802548,0.024479804,0.75093633,159,29,2023,0.045714286,60.42857143,70.48571429,80.55714286,62.07142857,0.904285714,16.71285714,0.256710892,0.140080222,0.721382289,0.14594261,0.053687134,0.256710892,0.140080222,0.721382289,0.14594261,0.053687134,0.504944376,0.014833127,0.615574784,0.35723115,0.021013597,0.41602227,0.079647386,0.755799567,0.151716672,0.039746366,Silage Corn,Yes,Yes,,5,6.454941273,26.51252174
609,6186,DIP_CUR,7/18/23,35,25,10,6,1308,655,653,0.02675841,0.015313936,0.038167939,0.951834862,41,29,2023,0.127142857,56.54285714,67.64285714,78.75714286,59.31428571,0.932857143,15.76714286,0.308626596,0.06944877,0.54936157,0.164123326,0.143880411,0.308626596,0.06944877,0.54936157,0.164123326,0.143880411,0.338983051,0.03138732,0.61393597,0.133082235,0.16007533,0.350290469,0.063118229,0.613597111,0.169414351,0.138326268,Silage Corn,Yes,No,No,4,5.927192211,18.15420723
610,6188,DIP_FLE,7/18/23,117,44,73,45,1556,780,776,0.075192802,0.094072165,0.056410256,0.880462725,162,29,2023,0.114285714,59.72857143,69.62857143,79.55714286,61.91428571,0.557142857,15.50571429,0.302484472,0.005590062,0.604658385,0.145652174,0.12173913,0.302484472,0.005590062,0.604658385,0.145652174,0.12173913,0.440424205,0.006862133,0.580786026,0.190268247,0.173424828,0.314892952,0.00531333,0.69792155,0.143928739,0.116580716,Silage Corn,Yes,No,No,5,6.317162514,28.22133827
611,6266,SMI_JOH,7/18/23,19,6,13,0,497,258,239,0.038229376,0.054393305,0.023255814,0.937625755,19,29,2023,0.05,60,70.37142857,80.72857143,61.14285714,0.934285714,17.44142857,0.145672929,0.129966123,0.343393902,0.354173083,0.178318448,0.145672929,0.129966123,0.343393902,0.354173083,0.178318448,0.275246305,0.003694581,0.480295567,0.269704433,0.180418719,0.265186556,0.00431699,0.39978415,0.370490287,0.157415973,Wheat,No,Yes,Yes,5,6.416008472,24.34096146
612,6680,ONE_STA,7/20/23,101,38,63,11,1683,826,857,0.060011884,0.073512252,0.046004843,0.843731432,112,29,2023,0.198571429,60.07142857,70.14285714,80.18571429,61.07142857,0.52,16.82857143,0.515442279,0.0005997,0.553523238,0.242278861,0.072563718,0.515442279,0.0005997,0.553523238,0.242278861,0.072563718,0.758700696,0.005800464,0.811484919,0.089327146,0.023201856,0.525,0.00247093,0.57122093,0.254360465,0.055959302,Silage Corn,No,Yes,Yes,5,6.000911713,29.96791649
613,6654,ONE_ADO,7/20/23,40,24,16,7,614,344,270,0.06514658,0.059259259,0.069767442,0.815960912,47,29,2023,0.107142857,59.98571429,69.61428571,79.24285714,61.25714286,0.204285714,15.95571429,0.183208396,0.0017991,0.224287856,0.533133433,0.089955022,0.183208396,0.0017991,0.224287856,0.533133433,0.089955022,0.019976498,0,0.153936545,0.725616921,0.062867215,0.116693442,0.001460494,0.332262305,0.535270922,0.086169125,Silage Corn,No,Yes,No,4,6.463492393,28.13966751
614,6274,SEA_HOO,7/21/23,127,69,58,44,2273,1338,935,0.055873295,0.062032086,0.051569507,0.620325561,171,29,2023,0.041428571,60.4,69.77142857,79.15714286,60.92857143,0.984285714,15.84285714,0.219527363,0.179726368,0.765547264,0.113495025,0.043221393,0.219527363,0.179726368,0.765547264,0.113495025,0.043221393,0.187149095,0.132875858,0.746724891,0.147223955,0.029320025,0.259756478,0.152357165,0.782391508,0.113019045,0.03886981,Mixed Veg,Yes,Yes,Yes,4,6.488575935,26.25037003
615,7408,SMI_MCC,7/22/23,11,3,8,0,264,138,126,0.041666667,0.063492063,0.02173913,1,11,29,2023,0.044285714,56.1,67.22857143,78.34285714,60,0.18,15.20428571,0.093008931,0.065906991,0.193717277,0.263319988,0.262704034,0.093008931,0.065906991,0.193717277,0.263319988,0.262704034,0.199261993,0.117466175,0.67404674,0.064575646,0.208487085,0.115461385,0.032703823,0.460770766,0.264854906,0.222171043,Soybean,No,No,No,5,6.356281281,15.2996912
616,6238,GAB_ALL,7/24/23,0,0,0,0,1143,822,321,0,0,0,0.481189851,0,30,2023,0.24,64.28571429,75.94285714,87.58571429,65.38571429,1.061428571,23.22571429,0.017310665,0,0.02194745,0.588871716,0.062751159,0.017310665,0,0.02194745,0.588871716,0.062751159,0.00618047,0,0.030284302,0.592707046,0.145241038,0.005874169,0.010975421,0.030298346,0.58417066,0.065852527,Silage Corn,No,Yes,Yes,5,5.886958599,28.32917595
617,6290,WIS_COO,7/24/23,70,48,22,0,1367,880,487,0.051207023,0.045174538,0.054545455,0.58961229,70,30,2023,0.394285714,62.05714286,72.88571429,83.65714286,63.51428571,0.981428571,18.82142857,0.217132099,0.023219329,0.349858801,0.26513963,0.294634452,0.217132099,0.023219329,0.349858801,0.26513963,0.294634452,0.05942492,0.018530351,0.522044728,0.108626198,0.34313099,0.121682123,0.056443876,0.382475216,0.262711864,0.31371922,Silage Corn Strip Cropped With Alfalfa,No,Yes,No,5,5.968518734,24.17316246
618,6240,GAB_STE,7/24/23,8,2,6,3,729,414,315,0.010973937,0.019047619,0.004830918,0.9218107,11,30,2023,0.105714286,61.42857143,73.44285714,85.47142857,64.72857143,0.382857143,20.55571429,0.089423373,0,0.187172371,0.636139377,0.121184089,0.089423373,0,0.187172371,0.636139377,0.121184089,0.154886294,0,0.250768285,0.561770129,0.12968654,0.102323434,0.00015387,0.219879982,0.632404985,0.117402677,Silage Corn,No,Yes,Yes,5,5.358693123,12.73650074
619,6298,WIS_COO_2,7/24/23,48,32,16,0,295,206,89,0.162711864,0.179775281,0.155339806,0.823728814,48,30,2023,0.387142857,61.74285714,73.17142857,84.61428571,63.72857143,0.854285714,19.83857143,0.086559647,0.028958137,0.146049732,0.548001259,0.162732137,0.086559647,0.028958137,0.146049732,0.548001259,0.162732137,0.096981374,0.138728324,0.316634554,0.453436095,0.125240848,0.069302177,0.04081306,0.196702945,0.549295775,0.157010243,Silage Corn,No,No,No,5,5.979127407,44.69318771
620,6194,DIP_CUR,7/25/23,1,0,1,1,1308,655,653,0.000764526,0.001531394,0,0.952599388,2,30,2023,0.207142857,60.04285714,70.91428571,81.8,62.02857143,0.998571429,17.48428571,0.308626596,0.06944877,0.54936157,0.164123326,0.143880411,0.308626596,0.06944877,0.54936157,0.164123326,0.143880411,0.338983051,0.03138732,0.61393597,0.133082235,0.16007533,0.350290469,0.063118229,0.613597111,0.169414351,0.138326268,Silage Corn,Yes,No,No,4,5.927192211,18.15420723
621,6196,DIP_FLE,7/25/23,102,22,80,52,1556,780,776,0.065552699,0.103092784,0.028205128,0.946015424,154,30,2023,0.218571429,62.8,72.6,82.44285714,64.8,0.498571429,16.98142857,0.302484472,0.005590062,0.604658385,0.145652174,0.12173913,0.302484472,0.005590062,0.604658385,0.145652174,0.12173913,0.440424205,0.006862133,0.580786026,0.190268247,0.173424828,0.314892952,0.00531333,0.69792155,0.143928739,0.116580716,Silage Corn,Yes,No,No,5,6.317162514,28.22133827
622,6272,ZUE_REE,7/25/23,32,17,15,8,2497,1359,1138,0.012815378,0.013181019,0.012509198,0.597917501,40,30,2023,0.248571429,64.02857143,73.54285714,83.08571429,65.27142857,0.888571429,17.30714286,0.129882207,0.14383137,0.500619963,0.149411035,0.119652821,0.129882207,0.14383137,0.500619963,0.149411035,0.119652821,0.070807453,0.199378882,0.582608696,0.173291925,0.165217391,0.07720988,0.209414323,0.523380457,0.148982445,0.114338978,Pumpkins,No,No,Yes,4,6.537268639,24.44252777
623,6198,POV_DUN,7/25/23,0,0,0,0,275,185,90,0,0,0,0.963636364,0,30,2023,0.288571429,60.44285714,71.52857143,82.58571429,62.77142857,0.581428571,18.53285714,0.002804612,0.001246494,0.031785603,0.479588657,0.272982237,0.002804612,0.001246494,0.031785603,0.479588657,0.272982237,0.006926952,0.001889169,0.10768262,0.47418136,0.331234257,0.002672116,0.00047155,0.116944357,0.487896888,0.261867337,Silage Corn,No,No,No,4,5.781182766,20.7029171
624,6192,DIP_PAT,7/25/23,25,6,19,19,1602,817,785,0.015605493,0.024203822,0.007343941,0.766541823,44,30,2023,0.227142857,63.5,73.45714286,83.4,65.21428571,0.618571429,17.79285714,0.256710892,0.140080222,0.721382289,0.14594261,0.053687134,0.256710892,0.140080222,0.721382289,0.14594261,0.053687134,0.504944376,0.014833127,0.615574784,0.35723115,0.021013597,0.41602227,0.079647386,0.755799567,0.151716672,0.039746366,Silage Corn,Yes,Yes,,5,6.454941273,26.51252174
625,6276,SEA_HOO,7/25/23,45,24,21,15,2273,1338,935,0.019797624,0.022459893,0.01793722,0.640123185,60,30,2023,0.131428571,64.62857143,73.44285714,82.3,63.91428571,1.162857143,17.74571429,0.219527363,0.179726368,0.765547264,0.113495025,0.043221393,0.219527363,0.179726368,0.765547264,0.113495025,0.043221393,0.187149095,0.132875858,0.746724891,0.147223955,0.029320025,0.259756478,0.152357165,0.782391508,0.113019045,0.03886981,Mixed Veg,Yes,Yes,Yes,4,6.488575935,26.25037003
626,6656,ONE_ADO,7/26/23,37,14,23,3,614,344,270,0.060260586,0.085185185,0.040697674,0.876221498,40,30,2023,0.351428571,61.3,70.62857143,79.98571429,63.38571429,0.264285714,14.52,0.183208396,0.0017991,0.224287856,0.533133433,0.089955022,0.183208396,0.0017991,0.224287856,0.533133433,0.089955022,0.019976498,0,0.153936545,0.725616921,0.062867215,0.116693442,0.001460494,0.332262305,0.535270922,0.086169125,Silage Corn,No,Yes,No,4,6.463492393,28.13966751
627,6268,SMI_JOH,7/26/23,10,0,10,2,497,258,239,0.020120724,0.041841004,0,0.957746479,12,30,2023,0.432857143,63.38571429,73.25714286,83.12857143,64.2,1.195714286,17.55857143,0.145672929,0.129966123,0.343393902,0.354173083,0.178318448,0.145672929,0.129966123,0.343393902,0.354173083,0.178318448,0.275246305,0.003694581,0.480295567,0.269704433,0.180418719,0.265186556,0.00431699,0.39978415,0.370490287,0.157415973,Wheat,No,Yes,Yes,5,6.416008472,24.34096146
628,6682,ONE_STA,7/26/23,40,19,21,4,1683,826,857,0.023767083,0.024504084,0.023002421,0.867498515,44,30,2023,0.388571429,61.47142857,71.02857143,80.57142857,63.01428571,0.468571429,15.34714286,0.515442279,0.0005997,0.553523238,0.242278861,0.072563718,0.515442279,0.0005997,0.553523238,0.242278861,0.072563718,0.758700696,0.005800464,0.811484919,0.089327146,0.023201856,0.525,0.00247093,0.57122093,0.254360465,0.055959302,Silage Corn,No,Yes,Yes,5,6.000911713,29.96791649
629,6220,KAT_JEF,7/31/23,0,0,0,2,109,62,47,0,0,0,0.899082569,2,31,2023,0.08,54.28571429,65.61428571,76.97142857,57.57142857,0.195714286,16.18142857,0.05625,0.0015625,0.07,0.4128125,0.204375,0.05625,0.0015625,0.07,0.4128125,0.204375,0.031605563,0.006321113,0.274968394,0.470290771,0.202907712,0.069973148,0.003159059,0.329015953,0.409887853,0.176433423,Silage Corn,No,Yes,Yes,5,5.586032867,22.36896324
630,6282,GAB_ALL,7/31/23,0,0,0,0,1143,822,321,0,0,0,0.481189851,0,31,2023,0.182857143,56.7,67.32857143,77.97142857,56.87142857,0.968571429,17.26285714,0.017310665,0,0.02194745,0.588871716,0.062751159,0.017310665,0,0.02194745,0.588871716,0.062751159,0.00618047,0,0.030284302,0.592707046,0.145241038,0.005874169,0.010975421,0.030298346,0.58417066,0.065852527,Silage Corn,No,Yes,Yes,5,5.886958599,28.32917595
631,6292,WIS_COO,7/31/23,6,5,1,0,1367,880,487,0.004389173,0.002053388,0.005681818,0.594001463,6,31,2023,0.005714286,53.9,64.14285714,74.42857143,53.98571429,1.252857143,14.85,0.217132099,0.023219329,0.349858801,0.26513963,0.294634452,0.217132099,0.023219329,0.349858801,0.26513963,0.294634452,0.05942492,0.018530351,0.522044728,0.108626198,0.34313099,0.121682123,0.056443876,0.382475216,0.262711864,0.31371922,Silage Corn Strip Cropped With Alfalfa,No,Yes,No,5,5.968518734,24.17316246
632,6278,GAB_STE,7/31/23,0,0,0,0,729,414,315,0,0,0,0.9218107,0,31,2023,0.198571429,53.31428571,64.98571429,76.64285714,55.97142857,0.317142857,16.31285714,0.089423373,0,0.187172371,0.636139377,0.121184089,0.089423373,0,0.187172371,0.636139377,0.121184089,0.154886294,0,0.250768285,0.561770129,0.12968654,0.102323434,0.00015387,0.219879982,0.632404985,0.117402677,Silage Corn,No,Yes,Yes,5,5.358693123,12.73650074
633,6300,WIS_COO_2,7/31/23,44,31,13,0,295,206,89,0.149152542,0.146067416,0.150485437,0.972881356,44,31,2023,0.004285714,53.57142857,64.44285714,75.3,54.37142857,1.174285714,15.53857143,0.086559647,0.028958137,0.146049732,0.548001259,0.162732137,0.086559647,0.028958137,0.146049732,0.548001259,0.162732137,0.096981374,0.138728324,0.316634554,0.453436095,0.125240848,0.069302177,0.04081306,0.196702945,0.549295775,0.157010243,Silage Corn,No,No,No,5,5.979127407,44.69318771
634,6200,DIP_PAT,8/1/23,38,15,23,20,1602,817,785,0.02372035,0.029299363,0.018359853,0.790262172,58,31,2023,0.024285714,57.18571429,67.4,77.64285714,57.08571429,1.028571429,17.21,0.256710892,0.140080222,0.721382289,0.14594261,0.053687134,0.256710892,0.140080222,0.721382289,0.14594261,0.053687134,0.504944376,0.014833127,0.615574784,0.35723115,0.021013597,0.41602227,0.079647386,0.755799567,0.151716672,0.039746366,Silage Corn,Yes,Yes,,5,6.454941273,26.51252174
635,6202,DIP_CUR,8/1/23,2,0,2,0,1308,655,653,0.001529052,0.003062787,0,0.95412844,2,31,2023,0.03,51.65714286,63.1,74.58571429,53.68571429,1.032857143,15.07714286,0.308626596,0.06944877,0.54936157,0.164123326,0.143880411,0.308626596,0.06944877,0.54936157,0.164123326,0.143880411,0.338983051,0.03138732,0.61393597,0.133082235,0.16007533,0.350290469,0.063118229,0.613597111,0.169414351,0.138326268,Silage Corn,Yes,No,No,4,5.927192211,18.15420723
636,6204,DIP_FLE,8/1/23,2,1,1,0,1556,780,776,0.001285347,0.00128866,0.001282051,0.947300771,2,31,2023,0.018571429,55.44285714,65.65714286,75.85714286,56.62857143,0.818571429,15.41,0.302484472,0.005590062,0.604658385,0.145652174,0.12173913,0.302484472,0.005590062,0.604658385,0.145652174,0.12173913,0.440424205,0.006862133,0.580786026,0.190268247,0.173424828,0.314892952,0.00531333,0.69792155,0.143928739,0.116580716,Silage Corn,Yes,No,No,5,6.317162514,28.22133827
637,6658,ONE_ADO,8/1/23,57,15,42,4,614,344,270,0.092833876,0.155555556,0.043604651,0.969055375,61,31,2023,0.08,53.31428571,64.22857143,75.1,55.75714286,0.122857143,14.22,0.183208396,0.0017991,0.224287856,0.533133433,0.089955022,0.183208396,0.0017991,0.224287856,0.533133433,0.089955022,0.019976498,0,0.153936545,0.725616921,0.062867215,0.116693442,0.001460494,0.332262305,0.535270922,0.086169125,Silage Corn,No,Yes,No,4,6.463492393,28.13966751
638,6683,ONE_STA,8/1/23,22,15,7,3,1683,826,857,0.013071895,0.008168028,0.018159806,0.88057041,25,31,2023,0.084285714,53.7,64.78571429,75.87142857,55.6,0.254285714,14.77714286,0.515442279,0.0005997,0.553523238,0.242278861,0.072563718,0.515442279,0.0005997,0.553523238,0.242278861,0.072563718,0.758700696,0.005800464,0.811484919,0.089327146,0.023201856,0.525,0.00247093,0.57122093,0.254360465,0.055959302,Silage Corn,No,Yes,Yes,5,6.000911713,29.96791649
639,6348,SEA_HOO,8/2/23,84,38,46,22,2273,1338,935,0.036955565,0.049197861,0.028400598,0.677078751,106,31,2023,0.018571429,56.65714286,66.22857143,75.78571429,56.11428571,1.088571429,16.39428571,0.219527363,0.179726368,0.765547264,0.113495025,0.043221393,0.219527363,0.179726368,0.765547264,0.113495025,0.043221393,0.187149095,0.132875858,0.746724891,0.147223955,0.029320025,0.259756478,0.152357165,0.782391508,0.113019045,0.03886981,Mixed Veg,Yes,Yes,Yes,4,6.488575935,26.25037003
640,6344,ZUE_REE,8/2/23,85,68,17,8,2497,1359,1138,0.034040849,0.014938489,0.050036792,0.63195835,93,31,2023,0.017142857,57.28571429,67.17142857,77.07142857,57.27142857,1.167142857,16.71142857,0.129882207,0.14383137,0.500619963,0.149411035,0.119652821,0.129882207,0.14383137,0.500619963,0.149411035,0.119652821,0.070807453,0.199378882,0.582608696,0.173291925,0.165217391,0.07720988,0.209414323,0.523380457,0.148982445,0.114338978,Pumpkins,No,No,Yes,4,6.537268639,24.44252777
641,6206,POV_DUN,8/2/23,0,0,0,0,275,185,90,0,0,0,0.963636364,0,31,2023,0.01,52.24285714,64.14285714,76.05714286,54.51428571,0.684285714,16.94428571,0.002804612,0.001246494,0.031785603,0.479588657,0.272982237,0.002804612,0.001246494,0.031785603,0.479588657,0.272982237,0.006926952,0.001889169,0.10768262,0.47418136,0.331234257,0.002672116,0.00047155,0.116944357,0.487896888,0.261867337,Silage Corn,No,No,No,4,5.781182766,20.7029171
642,6340,SMI_JOH,8/7/23,11,4,7,1,497,258,239,0.022132797,0.029288703,0.015503876,0.979879276,12,32,2023,0.197142857,61.28571429,69.24285714,77.22857143,61.72857143,0.937142857,12.76,0.145672929,0.129966123,0.343393902,0.354173083,0.178318448,0.145672929,0.129966123,0.343393902,0.354173083,0.178318448,0.275246305,0.003694581,0.480295567,0.269704433,0.180418719,0.265186556,0.00431699,0.39978415,0.370490287,0.157415973,Wheat,No,Yes,Yes,5,6.416008472,24.34096146
643,6284,GAB_ALL,8/7/23,0,0,0,0,1143,822,321,0,0,0,0.481189851,0,32,2023,0.182857143,62.42857143,71.3,80.15714286,62.18571429,1.422857143,16.04285714,0.017310665,0,0.02194745,0.588871716,0.062751159,0.017310665,0,0.02194745,0.588871716,0.062751159,0.00618047,0,0.030284302,0.592707046,0.145241038,0.005874169,0.010975421,0.030298346,0.58417066,0.065852527,Silage Corn,No,Yes,Yes,5,5.886958599,28.32917595
644,6280,GAB_STE,8/7/23,5,3,2,0,729,414,315,0.006858711,0.006349206,0.007246377,0.92866941,5,32,2023,0.14,59.42857143,69.41428571,79.42857143,61.42857143,0.665714286,15.83714286,0.089423373,0,0.187172371,0.636139377,0.121184089,0.089423373,0,0.187172371,0.636139377,0.121184089,0.154886294,0,0.250768285,0.561770129,0.12968654,0.102323434,0.00015387,0.219879982,0.632404985,0.117402677,Silage Corn,No,Yes,Yes,5,5.358693123,12.73650074
645,6942,WIS_COO_2,8/7/23,2,1,1,0,295,206,89,0.006779661,0.011235955,0.004854369,0.979661017,2,32,2023,0.207142857,59.02857143,68.48571429,77.94285714,60.24285714,1.107142857,14.59571429,0.086559647,0.028958137,0.146049732,0.548001259,0.162732137,0.086559647,0.028958137,0.146049732,0.548001259,0.162732137,0.096981374,0.138728324,0.316634554,0.453436095,0.125240848,0.069302177,0.04081306,0.196702945,0.549295775,0.157010243,Silage Corn,No,No,No,5,5.979127407,44.69318771
646,6302,KAT_JEF,8/8/23,0,0,0,0,109,62,47,0,0,0,0.899082569,0,32,2023,0.227142857,58.62857143,68.6,78.61428571,62.42857143,0.035714286,14.32285714,0.05625,0.0015625,0.07,0.4128125,0.204375,0.05625,0.0015625,0.07,0.4128125,0.204375,0.031605563,0.006321113,0.274968394,0.470290771,0.202907712,0.069973148,0.003159059,0.329015953,0.409887853,0.176433423,Silage Corn,No,Yes,Yes,5,5.586032867,22.36896324
647,6346,ZUE_REE,8/8/23,104,73,31,1,2497,1359,1138,0.04164998,0.027240773,0.053715968,0.67360833,105,32,2023,0.191428571,62.74285714,70.64285714,78.58571429,62.55714286,1.261428571,14.25714286,0.129882207,0.14383137,0.500619963,0.149411035,0.119652821,0.129882207,0.14383137,0.500619963,0.149411035,0.119652821,0.070807453,0.199378882,0.582608696,0.173291925,0.165217391,0.07720988,0.209414323,0.523380457,0.148982445,0.114338978,Pumpkins,No,No,Yes,4,6.537268639,24.44252777
648,6350,SEA_HOO,8/8/23,158,52,106,66,2273,1338,935,0.069511659,0.113368984,0.038863976,0.746590409,224,32,2023,0.234285714,61.77142857,69.48571429,77.24285714,61.27142857,1.128571429,13.48857143,0.219527363,0.179726368,0.765547264,0.113495025,0.043221393,0.219527363,0.179726368,0.765547264,0.113495025,0.043221393,0.187149095,0.132875858,0.746724891,0.147223955,0.029320025,0.259756478,0.152357165,0.782391508,0.113019045,0.03886981,Mixed Veg,Yes,Yes,Yes,4,6.488575935,26.25037003
649,6684,ONE_STA,8/8/23,51,28,23,3,1683,826,857,0.03030303,0.026837806,0.033898305,0.91087344,54,32,2023,0.2,59.75714286,69.04285714,78.38571429,61.22857143,0.512857143,13.97571429,0.515442279,0.0005997,0.553523238,0.242278861,0.072563718,0.515442279,0.0005997,0.553523238,0.242278861,0.072563718,0.758700696,0.005800464,0.811484919,0.089327146,0.023201856,0.525,0.00247093,0.57122093,0.254360465,0.055959302,Silage Corn,No,Yes,Yes,5,6.000911713,29.96791649
650,6660,ONE_ADO,8/8/23,13,3,10,0,614,344,270,0.021172638,0.037037037,0.00872093,0.990228013,13,32,2023,0.331428571,60.04285714,69.17142857,78.24285714,61.44285714,0.475714286,14.26571429,0.183208396,0.0017991,0.224287856,0.533133433,0.089955022,0.183208396,0.0017991,0.224287856,0.533133433,0.089955022,0.019976498,0,0.153936545,0.725616921,0.062867215,0.116693442,0.001460494,0.332262305,0.535270922,0.086169125,Silage Corn,No,Yes,No,4,6.463492393,28.13966751
651,6490,POV_DUN,8/8/23,0,0,0,0,275,185,90,0,0,0,0.963636364,0,32,2023,0.321428571,57.75714286,67.22857143,76.64285714,60.72857143,0.581428571,12.99714286,0.002804612,0.001246494,0.031785603,0.479588657,0.272982237,0.002804612,0.001246494,0.031785603,0.479588657,0.272982237,0.006926952,0.001889169,0.10768262,0.47418136,0.331234257,0.002672116,0.00047155,0.116944357,0.487896888,0.261867337,Silage Corn,No,No,No,4,5.781182766,20.7029171
652,6500,DIP_CUR,8/8/23,6,3,3,1,1308,655,653,0.004587156,0.004594181,0.004580153,0.958715596,7,32,2023,0.212857143,57.31428571,66.38571429,75.42857143,59.92857143,1.041428571,11.70428571,0.308626596,0.06944877,0.54936157,0.164123326,0.143880411,0.308626596,0.06944877,0.54936157,0.164123326,0.143880411,0.338983051,0.03138732,0.61393597,0.133082235,0.16007533,0.350290469,0.063118229,0.613597111,0.169414351,0.138326268,Silage Corn,Yes,No,No,4,5.927192211,18.15420723
653,6504,DIP_PAT,8/8/23,18,3,15,2,1602,817,785,0.011235955,0.01910828,0.003671971,0.801498127,20,32,2023,0.578571429,60.3,69.4,78.47142857,63.01428571,0.428571429,13.78285714,0.256710892,0.140080222,0.721382289,0.14594261,0.053687134,0.256710892,0.140080222,0.721382289,0.14594261,0.053687134,0.504944376,0.014833127,0.615574784,0.35723115,0.021013597,0.41602227,0.079647386,0.755799567,0.151716672,0.039746366,Silage Corn,Yes,Yes,,5,6.454941273,26.51252174
654,6496,DIP_FLE,8/8/23,31,7,24,10,1556,780,776,0.019922879,0.030927835,0.008974359,0.96722365,41,32,2023,0.342857143,60.37142857,68.47142857,76.55714286,62.48571429,0.627142857,11.81285714,0.302484472,0.005590062,0.604658385,0.145652174,0.12173913,0.302484472,0.005590062,0.604658385,0.145652174,0.12173913,0.440424205,0.006862133,0.580786026,0.190268247,0.173424828,0.314892952,0.00531333,0.69792155,0.143928739,0.116580716,Silage Corn,Yes,No,No,5,6.317162514,28.22133827
655,6354,ZUE_REE,8/14/23,66,20,46,0,2497,1359,1138,0.026431718,0.040421793,0.014716703,0.700040048,66,33,2023,0.102857143,60.82857143,67.98571429,75.1,60.31428571,1.237142857,12.28285714,0.129882207,0.14383137,0.500619963,0.149411035,0.119652821,0.129882207,0.14383137,0.500619963,0.149411035,0.119652821,0.070807453,0.199378882,0.582608696,0.173291925,0.165217391,0.07720988,0.209414323,0.523380457,0.148982445,0.114338978,Pumpkins,No,No,Yes,4,6.537268639,24.44252777
656,6360,GAB_STE,8/14/23,14,6,8,0,729,414,315,0.01920439,0.025396825,0.014492754,0.9478738,14,33,2023,0.168571429,61.4,69.41428571,77.42857143,61.67142857,0.815714286,13.61428571,0.089423373,0,0.187172371,0.636139377,0.121184089,0.089423373,0,0.187172371,0.636139377,0.121184089,0.154886294,0,0.250768285,0.561770129,0.12968654,0.102323434,0.00015387,0.219879982,0.632404985,0.117402677,Silage Corn,No,Yes,Yes,5,5.358693123,12.73650074
657,6364,GAB_ALL,8/14/23,0,0,0,0,1143,822,321,0,0,0,0.481189851,0,33,2023,0.181428571,64.07142857,71.31428571,78.58571429,62.67142857,1.428571429,13.96,0.017310665,0,0.02194745,0.588871716,0.062751159,0.017310665,0,0.02194745,0.588871716,0.062751159,0.00618047,0,0.030284302,0.592707046,0.145241038,0.005874169,0.010975421,0.030298346,0.58417066,0.065852527,Silage Corn,No,Yes,Yes,5,5.886958599,28.32917595
658,6342,KAT_JEF,8/14/23,1,0,1,0,109,62,47,0.009174312,0.021276596,0,0.908256881,1,33,2023,0.068571429,55.68571429,65.31428571,74.98571429,58.95714286,0.102857143,12.45142857,0.05625,0.0015625,0.07,0.4128125,0.204375,0.05625,0.0015625,0.07,0.4128125,0.204375,0.031605563,0.006321113,0.274968394,0.470290771,0.202907712,0.069973148,0.003159059,0.329015953,0.409887853,0.176433423,Silage Corn,No,Yes,Yes,5,5.586032867,22.36896324
659,6686,ONE_STA,8/14/23,54,15,39,5,1683,826,857,0.032085561,0.045507585,0.018159806,0.942959002,59,33,2023,0.262857143,59.11428571,67.81428571,76.48571429,60.82857143,0.254285714,12.47142857,0.515442279,0.0005997,0.553523238,0.242278861,0.072563718,0.515442279,0.0005997,0.553523238,0.242278861,0.072563718,0.758700696,0.005800464,0.811484919,0.089327146,0.023201856,0.525,0.00247093,0.57122093,0.254360465,0.055959302,Silage Corn,No,Yes,Yes,5,6.000911713,29.96791649
660,6916,SMI_HOF,8/14/23,14,2,12,2,444,244,200,0.031531532,0.06,0.008196721,0.966216216,16,33,2023,0.275714286,59.4,67.91428571,76.41428571,60.05714286,0.628571429,13.33857143,0.110834371,0.057285181,0.215442092,0.453611457,0.205790785,0.110834371,0.057285181,0.215442092,0.453611457,0.205790785,0.076244486,0,0.195337114,0.619407687,0.06805293,0.157239641,0.007405073,0.249251615,0.459587207,0.197888766,Silage Corn,Yes,No,Yes,5,5.903712749,31.93047523
661,6928,WIS_COO,8/14/23,7,5,2,1,1367,880,487,0.005120702,0.004106776,0.005681818,0.599122165,8,33,2023,0.301428571,59.42857143,67.41428571,75.4,59.9,0.992857143,11.93142857,0.217132099,0.023219329,0.349858801,0.26513963,0.294634452,0.217132099,0.023219329,0.349858801,0.26513963,0.294634452,0.05942492,0.018530351,0.522044728,0.108626198,0.34313099,0.121682123,0.056443876,0.382475216,0.262711864,0.31371922,Silage Corn Strip Cropped With Alfalfa,No,Yes,No,5,5.968518734,24.17316246
662,6944,WIS_COO_2,8/14/23,0,0,0,0,295,206,89,0,0,0,0.979661017,0,33,2023,0.264285714,59.42857143,67.78571429,76.18571429,60.38571429,0.97,12.46285714,0.086559647,0.028958137,0.146049732,0.548001259,0.162732137,0.086559647,0.028958137,0.146049732,0.548001259,0.162732137,0.096981374,0.138728324,0.316634554,0.453436095,0.125240848,0.069302177,0.04081306,0.196702945,0.549295775,0.157010243,Silage Corn,No,No,No,5,5.979127407,44.69318771
663,6662,ONE_ADO,8/14/23,6,1,5,0,614,344,270,0.009771987,0.018518519,0.002906977,1,6,33,2023,0.288571429,59.3,67.55714286,75.84285714,60.97142857,0.232857143,12.34142857,0.183208396,0.0017991,0.224287856,0.533133433,0.089955022,0.183208396,0.0017991,0.224287856,0.533133433,0.089955022,0.019976498,0,0.153936545,0.725616921,0.062867215,0.116693442,0.001460494,0.332262305,0.535270922,0.086169125,Silage Corn,No,Yes,No,4,6.463492393,28.13966751
664,6352,SEA_HOO,8/15/23,121,46,75,26,2273,1338,935,0.053233612,0.080213904,0.034379671,0.799824021,147,33,2023,0.077142857,60.12857143,67.1,74.1,58.97142857,1.021428571,12.25,0.219527363,0.179726368,0.765547264,0.113495025,0.043221393,0.219527363,0.179726368,0.765547264,0.113495025,0.043221393,0.187149095,0.132875858,0.746724891,0.147223955,0.029320025,0.259756478,0.152357165,0.782391508,0.113019045,0.03886981,Mixed Veg,Yes,Yes,Yes,4,6.488575935,26.25037003
665,6520,DIP_PAT,8/15/23,11,3,8,0,1602,817,785,0.006866417,0.010191083,0.003671971,0.808364544,11,33,2023,0.18,60.67142857,68.15714286,75.62857143,61.05714286,0.788571429,12.36857143,0.256710892,0.140080222,0.721382289,0.14594261,0.053687134,0.256710892,0.140080222,0.721382289,0.14594261,0.053687134,0.504944376,0.014833127,0.615574784,0.35723115,0.021013597,0.41602227,0.079647386,0.755799567,0.151716672,0.039746366,Silage Corn,Yes,Yes,,5,6.454941273,26.51252174
666,6516,DIP_CUR,8/15/23,4,0,4,1,1308,655,653,0.003058104,0.006125574,0,0.9617737,5,33,2023,0.461428571,57.27142857,65.58571429,73.87142857,57.92857143,1.025714286,12.00714286,0.308626596,0.06944877,0.54936157,0.164123326,0.143880411,0.308626596,0.06944877,0.54936157,0.164123326,0.143880411,0.338983051,0.03138732,0.61393597,0.133082235,0.16007533,0.350290469,0.063118229,0.613597111,0.169414351,0.138326268,Silage Corn,Yes,No,No,4,5.927192211,18.15420723
667,6511,DIP_FLE,8/15/23,19,4,15,14,1556,780,776,0.012210797,0.019329897,0.005128205,0.979434447,33,33,2023,0.13,60,67.35714286,74.71428571,60.47142857,0.692857143,11.47285714,0.302484472,0.005590062,0.604658385,0.145652174,0.12173913,0.302484472,0.005590062,0.604658385,0.145652174,0.12173913,0.440424205,0.006862133,0.580786026,0.190268247,0.173424828,0.314892952,0.00531333,0.69792155,0.143928739,0.116580716,Silage Corn,Yes,No,No,5,6.317162514,28.22133827
668,6506,POV_DUN,8/15/23,0,0,0,0,275,185,90,0,0,0,0.963636364,0,33,2023,0.265714286,57.42857143,66.3,75.17142857,58.71428571,0.55,13.10571429,0.002804612,0.001246494,0.031785603,0.479588657,0.272982237,0.002804612,0.001246494,0.031785603,0.479588657,0.272982237,0.006926952,0.001889169,0.10768262,0.47418136,0.331234257,0.002672116,0.00047155,0.116944357,0.487896888,0.261867337,Silage Corn,No,No,No,4,5.781182766,20.7029171
669,6356,ZUE_REE,8/21/23,64,23,41,16,2497,1359,1138,0.025630757,0.03602812,0.016924209,0.725670805,80,34,2023,0.1,59.72857143,67.68571429,75.62857143,60.67142857,1.575714286,12.29714286,0.129882207,0.14383137,0.500619963,0.149411035,0.119652821,0.129882207,0.14383137,0.500619963,0.149411035,0.119652821,0.070807453,0.199378882,0.582608696,0.173291925,0.165217391,0.07720988,0.209414323,0.523380457,0.148982445,0.114338978,Pumpkins,No,No,Yes,4,6.537268639,24.44252777
670,6362,GAB_STE,8/21/23,16,7,9,5,729,414,315,0.021947874,0.028571429,0.016908213,0.969821674,21,34,2023,0.112857143,56.9,67.51428571,78.17142857,59.04285714,0.652857143,15.39714286,0.089423373,0,0.187172371,0.636139377,0.121184089,0.089423373,0,0.187172371,0.636139377,0.121184089,0.154886294,0,0.250768285,0.561770129,0.12968654,0.102323434,0.00015387,0.219879982,0.632404985,0.117402677,Silage Corn,No,Yes,Yes,5,5.358693123,12.73650074
671,6688,ONE_STA,8/21/23,96,20,76,6,1683,826,857,0.057040998,0.088681447,0.024213075,1,102,34,2023,0.07,56.22857143,65.87142857,75.51428571,57.85714286,0.48,13.37142857,0.515442279,0.0005997,0.553523238,0.242278861,0.072563718,0.515442279,0.0005997,0.553523238,0.242278861,0.072563718,0.758700696,0.005800464,0.811484919,0.089327146,0.023201856,0.525,0.00247093,0.57122093,0.254360465,0.055959302,Silage Corn,No,Yes,Yes,5,6.000911713,29.96791649
672,6366,GAB_ALL,8/21/23,0,0,0,0,1143,822,321,0,0,0,0.481189851,0,34,2023,0.14,60.88571429,69.85714286,78.82857143,60.72857143,1.387142857,15.22,0.017310665,0,0.02194745,0.588871716,0.062751159,0.017310665,0,0.02194745,0.588871716,0.062751159,0.00618047,0,0.030284302,0.592707046,0.145241038,0.005874169,0.010975421,0.030298346,0.58417066,0.065852527,Silage Corn,No,Yes,Yes,5,5.886958599,28.32917595
673,6528,DIP_FLE,8/22/23,6,2,4,3,1556,780,776,0.003856041,0.005154639,0.002564103,0.983290488,9,34,2023,0.137142857,58.45714286,66.74285714,75.01428571,60.71428571,0.765714286,11.21,0.302484472,0.005590062,0.604658385,0.145652174,0.12173913,0.302484472,0.005590062,0.604658385,0.145652174,0.12173913,0.440424205,0.006862133,0.580786026,0.190268247,0.173424828,0.314892952,0.00531333,0.69792155,0.143928739,0.116580716,Silage Corn,Yes,No,No,5,6.317162514,28.22133827
674,6358,SEA_HOO,8/22/23,36,12,24,20,2273,1338,935,0.015838099,0.025668449,0.00896861,0.815662121,56,34,2023,0.07,59.51428571,67.27142857,75.07142857,59.48571429,1.792857143,11.85142857,0.219527363,0.179726368,0.765547264,0.113495025,0.043221393,0.219527363,0.179726368,0.765547264,0.113495025,0.043221393,0.187149095,0.132875858,0.746724891,0.147223955,0.029320025,0.259756478,0.152357165,0.782391508,0.113019045,0.03886981,Mixed Veg,Yes,Yes,Yes,4,6.488575935,26.25037003
675,6368,KAT_JEF,8/22/23,0,0,0,0,109,62,47,0,0,0,0.908256881,0,34,2023,0.178571429,56.65714286,66.44285714,76.2,61.75714286,0.21,11.58857143,0.05625,0.0015625,0.07,0.4128125,0.204375,0.05625,0.0015625,0.07,0.4128125,0.204375,0.031605563,0.006321113,0.274968394,0.470290771,0.202907712,0.069973148,0.003159059,0.329015953,0.409887853,0.176433423,Silage Corn,No,Yes,Yes,5,5.586032867,22.36896324
676,6522,POV_DUN,8/22/23,0,0,0,0,275,185,90,0,0,0,0.963636364,0,34,2023,0.077142857,56.6,66.05714286,75.52857143,58.97142857,0.724285714,12.82571429,0.002804612,0.001246494,0.031785603,0.479588657,0.272982237,0.002804612,0.001246494,0.031785603,0.479588657,0.272982237,0.006926952,0.001889169,0.10768262,0.47418136,0.331234257,0.002672116,0.00047155,0.116944357,0.487896888,0.261867337,Silage Corn,No,No,No,4,5.781182766,20.7029171
677,6532,DIP_CUR,8/22/23,3,2,1,0,1308,655,653,0.002293578,0.001531394,0.003053435,0.964067278,3,34,2023,0.111428571,56.15714286,65.22857143,74.31428571,58.3,1.027142857,11.80142857,0.308626596,0.06944877,0.54936157,0.164123326,0.143880411,0.308626596,0.06944877,0.54936157,0.164123326,0.143880411,0.338983051,0.03138732,0.61393597,0.133082235,0.16007533,0.350290469,0.063118229,0.613597111,0.169414351,0.138326268,Silage Corn,Yes,No,No,4,5.927192211,18.15420723
678,6946,WIS_COO_2,8/22/23,0,0,0,0,295,206,89,0,0,0,0.979661017,0,34,2023,0.138571429,56.85714286,66.4,75.98571429,58.38571429,1.034285714,13.57142857,0.086559647,0.028958137,0.146049732,0.548001259,0.162732137,0.086559647,0.028958137,0.146049732,0.548001259,0.162732137,0.096981374,0.138728324,0.316634554,0.453436095,0.125240848,0.069302177,0.04081306,0.196702945,0.549295775,0.157010243,Silage Corn,No,No,No,5,5.979127407,44.69318771
679,6536,DIP_PAT,8/22/23,24,9,15,0,1602,817,785,0.014981273,0.01910828,0.011015912,0.823345818,24,34,2023,0.098571429,58.95714286,67.27142857,75.54285714,61.24285714,0.694285714,11.86,0.256710892,0.140080222,0.721382289,0.14594261,0.053687134,0.256710892,0.140080222,0.721382289,0.14594261,0.053687134,0.504944376,0.014833127,0.615574784,0.35723115,0.021013597,0.41602227,0.079647386,0.755799567,0.151716672,0.039746366,Silage Corn,Yes,Yes,,5,6.454941273,26.51252174
680,6918,SMI_HOF,8/22/23,5,1,4,0,444,244,200,0.011261261,0.02,0.004098361,0.977477477,5,34,2023,0.078571429,58.72857143,67.31428571,75.94285714,59.92857143,1.02,12.66142857,0.110834371,0.057285181,0.215442092,0.453611457,0.205790785,0.110834371,0.057285181,0.215442092,0.453611457,0.205790785,0.076244486,0,0.195337114,0.619407687,0.06805293,0.157239641,0.007405073,0.249251615,0.459587207,0.197888766,Silage Corn,Yes,No,Yes,5,5.903712749,31.93047523
681,6930,WIS_COO,8/22/23,69,46,23,5,1367,880,487,0.050475494,0.047227926,0.052272727,0.649597659,74,34,2023,0.124285714,56.82857143,65.95714286,75.08571429,57.91428571,1.148571429,12.98142857,0.217132099,0.023219329,0.349858801,0.26513963,0.294634452,0.217132099,0.023219329,0.349858801,0.26513963,0.294634452,0.05942492,0.018530351,0.522044728,0.108626198,0.34313099,0.121682123,0.056443876,0.382475216,0.262711864,0.31371922,Silage Corn Strip Cropped With Alfalfa,No,Yes,No,5,5.968518734,24.17316246
682,6880,GAB_STE,8/28/23,5,1,4,2,729,414,315,0.006858711,0.012698413,0.002415459,0.976680384,7,35,2023,0.144285714,53.85714286,65.54285714,77.22857143,57.81428571,0.277142857,16.43285714,0.089423373,0,0.187172371,0.636139377,0.121184089,0.089423373,0,0.187172371,0.636139377,0.121184089,0.154886294,0,0.250768285,0.561770129,0.12968654,0.102323434,0.00015387,0.219879982,0.632404985,0.117402677,Silage Corn,No,Yes,Yes,5,5.358693123,12.73650074
683,6932,WIS_COO,8/28/23,133,70,63,2,1367,880,487,0.097293343,0.12936345,0.079545455,0.746891002,135,35,2023,0.065714286,55.32857143,65.25714286,75.15714286,56.58571429,0.825714286,14.10428571,0.217132099,0.023219329,0.349858801,0.26513963,0.294634452,0.217132099,0.023219329,0.349858801,0.26513963,0.294634452,0.05942492,0.018530351,0.522044728,0.108626198,0.34313099,0.121682123,0.056443876,0.382475216,0.262711864,0.31371922,Silage Corn Strip Cropped With Alfalfa,No,Yes,No,5,5.968518734,24.17316246
684,6948,WIS_COO_2,8/28/23,0,0,0,0,295,206,89,0,0,0,0.979661017,0,35,2023,0.055714286,55.1,65.48571429,75.84285714,56.77142857,0.831428571,14.66571429,0.086559647,0.028958137,0.146049732,0.548001259,0.162732137,0.086559647,0.028958137,0.146049732,0.548001259,0.162732137,0.096981374,0.138728324,0.316634554,0.453436095,0.125240848,0.069302177,0.04081306,0.196702945,0.549295775,0.157010243,Silage Corn,No,No,No,5,5.979127407,44.69318771
685,6881,GAB_STE,8/28/23,0,0,0,0,729,414,315,0,0,0,0.976680384,0,35,2023,0.144285714,53.85714286,65.54285714,77.22857143,57.81428571,0.277142857,16.43285714,0.089423373,0,0.187172371,0.636139377,0.121184089,0.089423373,0,0.187172371,0.636139377,0.121184089,0.154886294,0,0.250768285,0.561770129,0.12968654,0.102323434,0.00015387,0.219879982,0.632404985,0.117402677,Silage Corn,No,Yes,Yes,5,5.358693123,12.73650074
686,6548,DIP_CUR,8/29/23,1,0,1,0,1308,655,653,0.000764526,0.001531394,0,0.964831804,1,35,2023,0.182857143,50.34285714,60.9,71.42857143,54.41428571,0.65,10.73285714,0.308626596,0.06944877,0.54936157,0.164123326,0.143880411,0.308626596,0.06944877,0.54936157,0.164123326,0.143880411,0.338983051,0.03138732,0.61393597,0.133082235,0.16007533,0.350290469,0.063118229,0.613597111,0.169414351,0.138326268,Silage Corn,Yes,No,No,4,5.927192211,18.15420723
687,6538,POV_DUN,8/29/23,0,0,0,0,275,185,90,0,0,0,0.963636364,0,35,2023,0.248571429,50.74285714,61.68571429,72.62857143,55.12857143,0.382857143,11.92285714,0.002804612,0.001246494,0.031785603,0.479588657,0.272982237,0.002804612,0.001246494,0.031785603,0.479588657,0.272982237,0.006926952,0.001889169,0.10768262,0.47418136,0.331234257,0.002672116,0.00047155,0.116944357,0.487896888,0.261867337,Silage Corn,No,No,No,4,5.781182766,20.7029171
688,6544,DIP_FLE,8/29/23,0,0,0,3,1556,780,776,0,0,0,0.983290488,3,35,2023,0.062857143,53.3,62.84285714,72.41428571,57.28571429,0.39,10.51571429,0.302484472,0.005590062,0.604658385,0.145652174,0.12173913,0.302484472,0.005590062,0.604658385,0.145652174,0.12173913,0.440424205,0.006862133,0.580786026,0.190268247,0.173424828,0.314892952,0.00531333,0.69792155,0.143928739,0.116580716,Silage Corn,Yes,No,No,5,6.317162514,28.22133827
689,6552,DIP_PAT,8/29/23,39,17,22,10,1602,817,785,0.024344569,0.028025478,0.020807834,0.847690387,49,35,2023,0.024285714,53.82857143,63.67142857,73.54285714,57.91428571,0.667142857,11.45,0.256710892,0.140080222,0.721382289,0.14594261,0.053687134,0.256710892,0.140080222,0.721382289,0.14594261,0.053687134,0.504944376,0.014833127,0.615574784,0.35723115,0.021013597,0.41602227,0.079647386,0.755799567,0.151716672,0.039746366,Silage Corn,Yes,Yes,,5,6.454941273,26.51252174
690,6858,SEA_HOO,8/29/23,14,8,6,11,2273,1338,935,0.006159261,0.006417112,0.005979073,0.821821381,25,35,2023,0.038571429,54.28571429,63.57142857,72.87142857,56.2,0.622857143,11.93571429,0.219527363,0.179726368,0.765547264,0.113495025,0.043221393,0.219527363,0.179726368,0.765547264,0.113495025,0.043221393,0.187149095,0.132875858,0.746724891,0.147223955,0.029320025,0.259756478,0.152357165,0.782391508,0.113019045,0.03886981,Mixed Veg,Yes,Yes,Yes,4,6.488575935,26.25037003
691,6582,ZUE_REE,8/29/23,55,31,24,5,2497,1359,1138,0.022026432,0.021089631,0.02281089,0.747697237,60,35,2023,0.022857143,53.61428571,63.42857143,73.27142857,57.31428571,0.67,11.78285714,0.129882207,0.14383137,0.500619963,0.149411035,0.119652821,0.129882207,0.14383137,0.500619963,0.149411035,0.119652821,0.070807453,0.199378882,0.582608696,0.173291925,0.165217391,0.07720988,0.209414323,0.523380457,0.148982445,0.114338978,Pumpkins,No,No,Yes,4,6.537268639,24.44252777
692,6580,KAT_JEF,8/29/23,2,0,2,0,109,62,47,0.018348624,0.042553191,0,0.926605505,2,35,2023,0.001428571,52.01428571,63.34285714,74.7,56.37142857,0.324285714,13.83,0.05625,0.0015625,0.07,0.4128125,0.204375,0.05625,0.0015625,0.07,0.4128125,0.204375,0.031605563,0.006321113,0.274968394,0.470290771,0.202907712,0.069973148,0.003159059,0.329015953,0.409887853,0.176433423,Silage Corn,No,Yes,Yes,5,5.586032867,22.36896324
693,6920,SMI_HOF,8/29/23,1,0,1,0,444,244,200,0.002252252,0.005,0,0.97972973,1,35,2023,0.138571429,53.31428571,63.4,73.48571429,56.55714286,0.575714286,11.82714286,0.110834371,0.057285181,0.215442092,0.453611457,0.205790785,0.110834371,0.057285181,0.215442092,0.453611457,0.205790785,0.076244486,0,0.195337114,0.619407687,0.06805293,0.157239641,0.007405073,0.249251615,0.459587207,0.197888766,Silage Corn,Yes,No,Yes,5,5.903712749,31.93047523
694,6882,GAB_STE,9/4/23,9,5,4,1,729,414,315,0.012345679,0.012698413,0.012077295,0.989026063,10,36,2023,0.092857143,63.65714286,75.15714286,86.67142857,67.41428571,0.177142857,20.71428571,0.089423373,0,0.187172371,0.636139377,0.121184089,0.089423373,0,0.187172371,0.636139377,0.121184089,0.154886294,0,0.250768285,0.561770129,0.12968654,0.102323434,0.00015387,0.219879982,0.632404985,0.117402677,Silage Corn,No,Yes,Yes,5,5.358693123,12.73650074
695,6869,GAB_ALL,9/4/23,1,0,1,0,1143,822,321,0.000874891,0.003115265,0,0.482064742,1,36,2023,0.19,66.68571429,77.1,87.51428571,68.51428571,0.665714286,21.27714286,0.017310665,0,0.02194745,0.588871716,0.062751159,0.017310665,0,0.02194745,0.588871716,0.062751159,0.00618047,0,0.030284302,0.592707046,0.145241038,0.005874169,0.010975421,0.030298346,0.58417066,0.065852527,Silage Corn,No,Yes,Yes,5,5.886958599,28.32917595
696,6584,POV_DUN,9/5/23,2,1,1,0,275,185,90,0.007272727,0.011111111,0.005405405,0.970909091,2,36,2023,0.022857143,62.61428571,72.94285714,83.27142857,64.55714286,0.778571429,17.59285714,0.002804612,0.001246494,0.031785603,0.479588657,0.272982237,0.002804612,0.001246494,0.031785603,0.479588657,0.272982237,0.006926952,0.001889169,0.10768262,0.47418136,0.331234257,0.002672116,0.00047155,0.116944357,0.487896888,0.261867337,Silage Corn,No,No,No,4,5.781182766,20.7029171
697,6590,DIP_FLE,9/5/23,3,0,3,0,1556,780,776,0.001928021,0.003865979,0,0.985218509,3,36,2023,0.084285714,63.9,73.42857143,82.98571429,66.71428571,0.354285714,15.52142857,0.302484472,0.005590062,0.604658385,0.145652174,0.12173913,0.302484472,0.005590062,0.604658385,0.145652174,0.12173913,0.440424205,0.006862133,0.580786026,0.190268247,0.173424828,0.314892952,0.00531333,0.69792155,0.143928739,0.116580716,Silage Corn,Yes,No,No,5,6.317162514,28.22133827
698,6594,DIP_CUR,9/5/23,0,0,0,0,1308,655,653,0,0,0,0.964831804,0,36,2023,0.031428571,61.67142857,71.78571429,81.91428571,63.84285714,0.99,15.30714286,0.308626596,0.06944877,0.54936157,0.164123326,0.143880411,0.308626596,0.06944877,0.54936157,0.164123326,0.143880411,0.338983051,0.03138732,0.61393597,0.133082235,0.16007533,0.350290469,0.063118229,0.613597111,0.169414351,0.138326268,Silage Corn,Yes,No,No,4,5.927192211,18.15420723
699,6598,DIP_PAT,9/5/23,17,9,8,6,1602,817,785,0.010611735,0.010191083,0.011015912,0.858302122,23,36,2023,0.194285714,64.94285714,74.07142857,83.2,67.41428571,0.684285714,15.70571429,0.256710892,0.140080222,0.721382289,0.14594261,0.053687134,0.256710892,0.140080222,0.721382289,0.14594261,0.053687134,0.504944376,0.014833127,0.615574784,0.35723115,0.021013597,0.41602227,0.079647386,0.755799567,0.151716672,0.039746366,Silage Corn,Yes,Yes,,5,6.454941273,26.51252174
700,6848,ZUE_REE,9/5/23,156,91,65,4,2497,1359,1138,0.06247497,0.05711775,0.066961001,0.810172207,160,36,2023,0.197142857,65.21428571,73.68571429,82.14285714,65.91428571,1.31,16.26,0.129882207,0.14383137,0.500619963,0.149411035,0.119652821,0.129882207,0.14383137,0.500619963,0.149411035,0.119652821,0.070807453,0.199378882,0.582608696,0.173291925,0.165217391,0.07720988,0.209414323,0.523380457,0.148982445,0.114338978,Pumpkins,No,No,Yes,4,6.537268639,24.44252777
701,6894,KAT_JEF,9/5/23,0,0,0,0,109,62,47,0,0,0,0.926605505,0,36,2023,0.151428571,60.91428571,71.11428571,81.32857143,65.28571429,0.104285714,15.31285714,0.05625,0.0015625,0.07,0.4128125,0.204375,0.05625,0.0015625,0.07,0.4128125,0.204375,0.031605563,0.006321113,0.274968394,0.470290771,0.202907712,0.069973148,0.003159059,0.329015953,0.409887853,0.176433423,Silage Corn,No,Yes,Yes,5,5.586032867,22.36896324
702,6922,SMI_HOF,9/5/23,6,3,3,2,444,244,200,0.013513514,0.015,0.012295082,0.993243243,8,36,2023,0.124285714,64.54285714,74.51428571,84.45714286,66.15714286,0.842857143,17.27714286,0.110834371,0.057285181,0.215442092,0.453611457,0.205790785,0.110834371,0.057285181,0.215442092,0.453611457,0.205790785,0.076244486,0,0.195337114,0.619407687,0.06805293,0.157239641,0.007405073,0.249251615,0.459587207,0.197888766,Silage Corn,Yes,No,Yes,5,5.903712749,31.93047523
703,6950,WIS_COO_2,9/6/23,5,5,0,0,295,206,89,0.016949153,0,0.024271845,0.996610169,5,36,2023,0.212857143,64.18571429,74.45714286,84.71428571,66.85714286,0.721428571,17.19,0.086559647,0.028958137,0.146049732,0.548001259,0.162732137,0.086559647,0.028958137,0.146049732,0.548001259,0.162732137,0.096981374,0.138728324,0.316634554,0.453436095,0.125240848,0.069302177,0.04081306,0.196702945,0.549295775,0.157010243,Silage Corn,No,No,No,5,5.979127407,44.69318771
704,6934,WIS_COO,9/6/23,64,54,10,0,1367,880,487,0.046817849,0.020533881,0.061363636,0.793708851,64,36,2023,0.172857143,64.5,74.22857143,83.94285714,67.01428571,0.674285714,16.30428571,0.217132099,0.023219329,0.349858801,0.26513963,0.294634452,0.217132099,0.023219329,0.349858801,0.26513963,0.294634452,0.05942492,0.018530351,0.522044728,0.108626198,0.34313099,0.121682123,0.056443876,0.382475216,0.262711864,0.31371922,Silage Corn Strip Cropped With Alfalfa,No,Yes,No,5,5.968518734,24.17316246
705,6860,SEA_HOO,9/7/23,29,28,1,25,2273,1338,935,0.012758469,0.001069519,0.020926756,0.83457985,54,36,2023,0.088571429,65.44285714,73.81428571,82.18571429,64.87142857,1.502857143,16.94714286,0.219527363,0.179726368,0.765547264,0.113495025,0.043221393,0.219527363,0.179726368,0.765547264,0.113495025,0.043221393,0.187149095,0.132875858,0.746724891,0.147223955,0.029320025,0.259756478,0.152357165,0.782391508,0.113019045,0.03886981,Mixed Veg,Yes,Yes,Yes,4,6.488575935,26.25037003
706,6896,KAT_JEF,9/11/23,0,0,0,0,109,62,47,0,0,0,0.926605505,0,37,2023,0.024285714,48.65714286,59.65714286,70.65714286,53.22857143,0.221428571,11.07571429,0.05625,0.0015625,0.07,0.4128125,0.204375,0.05625,0.0015625,0.07,0.4128125,0.204375,0.031605563,0.006321113,0.274968394,0.470290771,0.202907712,0.069973148,0.003159059,0.329015953,0.409887853,0.176433423,Silage Corn,No,Yes,Yes,5,5.586032867,22.36896324
707,6770,DIP_FLE,9/12/23,0,0,0,0,1556,780,776,0,0,0,0.985218509,0,37,2023,0.058571429,52.11428571,61.08571429,70.04285714,55.37142857,0.194285714,9.695714286,0.302484472,0.005590062,0.604658385,0.145652174,0.12173913,0.302484472,0.005590062,0.604658385,0.145652174,0.12173913,0.440424205,0.006862133,0.580786026,0.190268247,0.173424828,0.314892952,0.00531333,0.69792155,0.143928739,0.116580716,Silage Corn,Yes,No,No,5,6.317162514,28.22133827
708,6774,DIP_CUR,9/12/23,17,14,3,0,1308,655,653,0.012996942,0.004594181,0.021374046,0.977828746,17,37,2023,0.107142857,48,58.58571429,69.17142857,51.94285714,0.49,10.29142857,0.308626596,0.06944877,0.54936157,0.164123326,0.143880411,0.308626596,0.06944877,0.54936157,0.164123326,0.143880411,0.338983051,0.03138732,0.61393597,0.133082235,0.16007533,0.350290469,0.063118229,0.613597111,0.169414351,0.138326268,Silage Corn,Yes,No,No,4,5.927192211,18.15420723
709,6778,DIP_PAT,9/12/23,90,36,54,16,1602,817,785,0.056179775,0.068789809,0.044063647,0.914481898,106,37,2023,0.077142857,53.01428571,61.74285714,70.48571429,56.1,0.291428571,9.831428571,0.256710892,0.140080222,0.721382289,0.14594261,0.053687134,0.256710892,0.140080222,0.721382289,0.14594261,0.053687134,0.504944376,0.014833127,0.615574784,0.35723115,0.021013597,0.41602227,0.079647386,0.755799567,0.151716672,0.039746366,Silage Corn,Yes,Yes,,5,6.454941273,26.51252174
710,6780,POV_DUN,9/12/23,0,0,0,0,275,185,90,0,0,0,0.970909091,0,37,2023,0.091428571,49.37142857,59.84285714,70.4,52.91428571,0.35,11.30714286,0.002804612,0.001246494,0.031785603,0.479588657,0.272982237,0.002804612,0.001246494,0.031785603,0.479588657,0.272982237,0.006926952,0.001889169,0.10768262,0.47418136,0.331234257,0.002672116,0.00047155,0.116944357,0.487896888,0.261867337,Silage Corn,No,No,No,4,5.781182766,20.7029171
711,6924,SMI_HOF,9/12/23,3,0,3,0,444,244,200,0.006756757,0.015,0,1,3,37,2023,0.095714286,51.87142857,62.14285714,72.34285714,54.94285714,0.368571429,11.76142857,0.110834371,0.057285181,0.215442092,0.453611457,0.205790785,0.110834371,0.057285181,0.215442092,0.453611457,0.205790785,0.076244486,0,0.195337114,0.619407687,0.06805293,0.157239641,0.007405073,0.249251615,0.459587207,0.197888766,Silage Corn,Yes,No,Yes,5,5.903712749,31.93047523
712,6884,GAB_STE,9/12/23,6,5,1,2,729,414,315,0.008230453,0.003174603,0.012077295,0.997256516,8,37,2023,0.125714286,53.51428571,63.4,73.27142857,57.15714286,0.174285714,11.34857143,0.089423373,0,0.187172371,0.636139377,0.121184089,0.089423373,0,0.187172371,0.636139377,0.121184089,0.154886294,0,0.250768285,0.561770129,0.12968654,0.102323434,0.00015387,0.219879982,0.632404985,0.117402677,Silage Corn,No,Yes,Yes,5,5.358693123,12.73650074
713,6870,GAB_ALL,9/12/23,0,0,0,0,1143,822,321,0,0,0,0.482064742,0,37,2023,0.114285714,56.27142857,65.3,74.34285714,57.95714286,0.662857143,11.86857143,0.017310665,0,0.02194745,0.588871716,0.062751159,0.017310665,0,0.02194745,0.588871716,0.062751159,0.00618047,0,0.030284302,0.592707046,0.145241038,0.005874169,0.010975421,0.030298346,0.58417066,0.065852527,Silage Corn,No,Yes,Yes,5,5.886958599,28.32917595
714,6850,ZUE_REE,9/12/23,69,30,39,41,2497,1359,1138,0.02763316,0.03427065,0.022075055,0.837805366,110,37,2023,0.074285714,53.25714286,61.64285714,70.02857143,54.9,0.557142857,10.20142857,0.129882207,0.14383137,0.500619963,0.149411035,0.119652821,0.129882207,0.14383137,0.500619963,0.149411035,0.119652821,0.070807453,0.199378882,0.582608696,0.173291925,0.165217391,0.07720988,0.209414323,0.523380457,0.148982445,0.114338978,Pumpkins,No,No,Yes,4,6.537268639,24.44252777
715,6862,SEA_HOO,9/12/23,184,131,53,53,2273,1338,935,0.080950286,0.056684492,0.097907324,0.915530136,237,37,2023,0.081428571,53.52857143,61.71428571,69.88571429,54.17142857,0.551428571,10.61571429,0.219527363,0.179726368,0.765547264,0.113495025,0.043221393,0.219527363,0.179726368,0.765547264,0.113495025,0.043221393,0.187149095,0.132875858,0.746724891,0.147223955,0.029320025,0.259756478,0.152357165,0.782391508,0.113019045,0.03886981,Mixed Veg,Yes,Yes,Yes,4,6.488575935,26.25037003
716,6852,ZUE_REE,9/18/23,101,48,53,27,2497,1359,1138,0.040448538,0.046572935,0.035320088,0.878253905,128,38,2023,0.027142857,48.62857143,58.35714286,68.08571429,50.17142857,0.41,11.47428571,0.129882207,0.14383137,0.500619963,0.149411035,0.119652821,0.129882207,0.14383137,0.500619963,0.149411035,0.119652821,0.070807453,0.199378882,0.582608696,0.173291925,0.165217391,0.07720988,0.209414323,0.523380457,0.148982445,0.114338978,Pumpkins,No,No,Yes,4,6.537268639,24.44252777
717,6898,KAT_JEF,9/18/23,0,0,0,0,109,62,47,0,0,0,0.926605505,0,38,2023,0.011428571,46.4,58.4,70.35714286,50.11428571,0.237142857,13.27571429,0.05625,0.0015625,0.07,0.4128125,0.204375,0.05625,0.0015625,0.07,0.4128125,0.204375,0.031605563,0.006321113,0.274968394,0.470290771,0.202907712,0.069973148,0.003159059,0.329015953,0.409887853,0.176433423,Silage Corn,No,Yes,Yes,5,5.586032867,22.36896324
718,6938,WIS_COO,9/18/23,57,18,39,4,1367,880,487,0.041697147,0.080082136,0.020454545,0.835405999,61,38,2023,0.295714286,48.31428571,57.12857143,65.92857143,51.47142857,0.381428571,8.958571429,0.217132099,0.023219329,0.349858801,0.26513963,0.294634452,0.217132099,0.023219329,0.349858801,0.26513963,0.294634452,0.05942492,0.018530351,0.522044728,0.108626198,0.34313099,0.121682123,0.056443876,0.382475216,0.262711864,0.31371922,Silage Corn Strip Cropped With Alfalfa,No,Yes,No,5,5.968518734,24.17316246
719,6952,WIS_COO_2,9/18/23,0,0,0,0,295,206,89,0,0,0,0.996610169,0,38,2023,0.292857143,47.84285714,57.24285714,66.61428571,51.31428571,0.394285714,9.611428571,0.086559647,0.028958137,0.146049732,0.548001259,0.162732137,0.086559647,0.028958137,0.146049732,0.548001259,0.162732137,0.096981374,0.138728324,0.316634554,0.453436095,0.125240848,0.069302177,0.04081306,0.196702945,0.549295775,0.157010243,Silage Corn,No,No,No,5,5.979127407,44.69318771
720,6926,SMI_HOF,9/18/23,0,0,0,0,444,244,200,0,0,0,1,0,38,2023,0.087142857,46.88571429,56.95714286,67.05714286,49.21428571,0.387142857,10.91285714,0.110834371,0.057285181,0.215442092,0.453611457,0.205790785,0.110834371,0.057285181,0.215442092,0.453611457,0.205790785,0.076244486,0,0.195337114,0.619407687,0.06805293,0.157239641,0.007405073,0.249251615,0.459587207,0.197888766,Silage Corn,Yes,No,Yes,5,5.903712749,31.93047523
721,6786,DIP_FLE,9/19/23,1,0,1,0,1556,780,776,0.000642674,0.00128866,0,0.985861183,1,38,2023,0.045714286,47.11428571,56.82857143,66.52857143,50.04285714,0.207142857,10.15,0.302484472,0.005590062,0.604658385,0.145652174,0.12173913,0.302484472,0.005590062,0.604658385,0.145652174,0.12173913,0.440424205,0.006862133,0.580786026,0.190268247,0.173424828,0.314892952,0.00531333,0.69792155,0.143928739,0.116580716,Silage Corn,Yes,No,No,5,6.317162514,28.22133827
722,6796,POV_DUN,9/19/23,0,0,0,0,275,185,90,0,0,0,0.970909091,0,38,2023,0.032857143,44.07142857,55.07142857,66.04285714,47.45714286,0.285714286,10.88142857,0.002804612,0.001246494,0.031785603,0.479588657,0.272982237,0.002804612,0.001246494,0.031785603,0.479588657,0.272982237,0.006926952,0.001889169,0.10768262,0.47418136,0.331234257,0.002672116,0.00047155,0.116944357,0.487896888,0.261867337,Silage Corn,No,No,No,4,5.781182766,20.7029171
723,6794,DIP_PAT,9/19/23,59,34,25,0,1602,817,785,0.036828964,0.031847134,0.041615667,0.951310861,59,38,2023,0.054285714,48.58571429,58.44285714,68.34285714,50.94285714,0.331428571,11.39142857,0.256710892,0.140080222,0.721382289,0.14594261,0.053687134,0.256710892,0.140080222,0.721382289,0.14594261,0.053687134,0.504944376,0.014833127,0.615574784,0.35723115,0.021013597,0.41602227,0.079647386,0.755799567,0.151716672,0.039746366,Silage Corn,Yes,Yes,,5,6.454941273,26.51252174
724,6790,DIP_CUR,9/19/23,0,0,0,0,1308,655,653,0,0,0,0.977828746,0,38,2023,0.051428571,43.27142857,54.02857143,64.8,46.58571429,0.405714286,9.991428571,0.308626596,0.06944877,0.54936157,0.164123326,0.143880411,0.308626596,0.06944877,0.54936157,0.164123326,0.143880411,0.338983051,0.03138732,0.61393597,0.133082235,0.16007533,0.350290469,0.063118229,0.613597111,0.169414351,0.138326268,Silage Corn,Yes,No,No,4,5.927192211,18.15420723
725,6886,GAB_STE,9/19/23,0,0,0,0,729,414,315,0,0,0,0.997256516,0,38,2023,0.101428571,48,58.22857143,68.38571429,51.65714286,0.174285714,11.01428571,0.089423373,0,0.187172371,0.636139377,0.121184089,0.089423373,0,0.187172371,0.636139377,0.121184089,0.154886294,0,0.250768285,0.561770129,0.12968654,0.102323434,0.00015387,0.219879982,0.632404985,0.117402677,Silage Corn,No,Yes,Yes,5,5.358693123,12.73650074
726,6872,GAB_ALL,9/19/23,4,2,2,0,1143,822,321,0.003499563,0.00623053,0.00243309,0.485564304,4,38,2023,0.104285714,50.28571429,59.52857143,68.78571429,52.44285714,0.387142857,10.97571429,0.017310665,0,0.02194745,0.588871716,0.062751159,0.017310665,0,0.02194745,0.588871716,0.062751159,0.00618047,0,0.030284302,0.592707046,0.145241038,0.005874169,0.010975421,0.030298346,0.58417066,0.065852527,Silage Corn,No,Yes,Yes,5,5.886958599,28.32917595
727,6864,SEA_HOO,9/19/23,34,15,19,20,2273,1338,935,0.014958205,0.020320856,0.011210762,0.930488341,54,38,2023,0.02,48.27142857,57.74285714,67.2,49.2,0.28,11.26142857,0.219527363,0.179726368,0.765547264,0.113495025,0.043221393,0.219527363,0.179726368,0.765547264,0.113495025,0.043221393,0.187149095,0.132875858,0.746724891,0.147223955,0.029320025,0.259756478,0.152357165,0.782391508,0.113019045,0.03886981,Mixed Veg,Yes,Yes,Yes,4,6.488575935,26.25037003
728,7412,SMI_HOF,9/25/23,0,0,0,0,444,244,200,0,0,0,1,0,39,2023,0.112857143,47.32857143,56.81428571,66.32857143,50.37142857,0.328571429,9.458571429,0.110834371,0.057285181,0.215442092,0.453611457,0.205790785,0.110834371,0.057285181,0.215442092,0.453611457,0.205790785,0.076244486,0,0.195337114,0.619407687,0.06805293,0.157239641,0.007405073,0.249251615,0.459587207,0.197888766,Silage Corn,Yes,No,Yes,5,5.903712749,31.93047523
729,7410,SMI_JOH,9/25/23,0,0,0,0,497,258,239,0,0,0,0.979879276,0,39,2023,0.018571429,47.62857143,57.61428571,67.61428571,50.41428571,0.492857143,10.56,0.145672929,0.129966123,0.343393902,0.354173083,0.178318448,0.145672929,0.129966123,0.343393902,0.354173083,0.178318448,0.275246305,0.003694581,0.480295567,0.269704433,0.180418719,0.265186556,0.00431699,0.39978415,0.370490287,0.157415973,Wheat,No,Yes,Yes,5,6.416008472,24.34096146
730,6874,GAB_ALL,9/25/23,24,17,7,0,1143,822,321,0.020997375,0.021806854,0.020681265,0.50656168,24,39,2023,0.044285714,48.55714286,57.68571429,66.84285714,51.24285714,0.431428571,9.871428571,0.017310665,0,0.02194745,0.588871716,0.062751159,0.017310665,0,0.02194745,0.588871716,0.062751159,0.00618047,0,0.030284302,0.592707046,0.145241038,0.005874169,0.010975421,0.030298346,0.58417066,0.065852527,Silage Corn,No,Yes,Yes,5,5.886958599,28.32917595
731,6888,GAB_STE,9/26/23,1,0,1,0,729,414,315,0.001371742,0.003174603,0,0.998628258,1,39,2023,0.021428571,46.08571429,56.55714286,67.01428571,49.65714286,0.27,10.77428571,0.089423373,0,0.187172371,0.636139377,0.121184089,0.089423373,0,0.187172371,0.636139377,0.121184089,0.154886294,0,0.250768285,0.561770129,0.12968654,0.102323434,0.00015387,0.219879982,0.632404985,0.117402677,Silage Corn,No,Yes,Yes,5,5.358693123,12.73650074
732,6900,KAT_JEF,9/26/23,0,0,0,0,109,62,47,0,0,0,0.926605505,0,39,2023,0.052857143,50.91428571,59.3,67.7,52.61428571,0.437142857,9.247142857,0.05625,0.0015625,0.07,0.4128125,0.204375,0.05625,0.0015625,0.07,0.4128125,0.204375,0.031605563,0.006321113,0.274968394,0.470290771,0.202907712,0.069973148,0.003159059,0.329015953,0.409887853,0.176433423,Silage Corn,No,Yes,Yes,5,5.586032867,22.36896324
733,6954,WIS_COO_2,9/26/23,0,0,0,0,295,206,89,0,0,0,0.996610169,0,39,2023,0.7,46.68571429,53.8,60.97142857,49.82857143,0.375714286,5.998571429,0.086559647,0.028958137,0.146049732,0.548001259,0.162732137,0.086559647,0.028958137,0.146049732,0.548001259,0.162732137,0.096981374,0.138728324,0.316634554,0.453436095,0.125240848,0.069302177,0.04081306,0.196702945,0.549295775,0.157010243,Silage Corn,No,No,No,5,5.979127407,44.69318771
734,6802,DIP_FLE,9/26/23,5,3,2,0,1556,780,776,0.003213368,0.00257732,0.003846154,0.98907455,5,39,2023,0.032857143,47.94285714,57.2,66.48571429,51.21428571,0.297142857,9.21,0.302484472,0.005590062,0.604658385,0.145652174,0.12173913,0.302484472,0.005590062,0.604658385,0.145652174,0.12173913,0.440424205,0.006862133,0.580786026,0.190268247,0.173424828,0.314892952,0.00531333,0.69792155,0.143928739,0.116580716,Silage Corn,Yes,No,No,5,6.317162514,28.22133827
735,6806,DIP_CUR,9/26/23,3,2,1,0,1308,655,653,0.002293578,0.001531394,0.003053435,0.980122324,3,39,2023,0.022857143,44.88571429,54.85714286,64.8,48.11428571,0.605714286,9.004285714,0.308626596,0.06944877,0.54936157,0.164123326,0.143880411,0.308626596,0.06944877,0.54936157,0.164123326,0.143880411,0.338983051,0.03138732,0.61393597,0.133082235,0.16007533,0.350290469,0.063118229,0.613597111,0.169414351,0.138326268,Silage Corn,Yes,No,No,4,5.927192211,18.15420723
736,6854,ZUE_REE,9/26/23,66,32,34,7,2497,1359,1138,0.026431718,0.029876977,0.023546726,0.904685623,73,39,2023,0.014285714,49.24285714,57.71428571,66.18571429,51.95714286,0.385714286,8.788571429,0.129882207,0.14383137,0.500619963,0.149411035,0.119652821,0.129882207,0.14383137,0.500619963,0.149411035,0.119652821,0.070807453,0.199378882,0.582608696,0.173291925,0.165217391,0.07720988,0.209414323,0.523380457,0.148982445,0.114338978,Pumpkins,No,No,Yes,4,6.537268639,24.44252777
737,6866,SEA_HOO,9/26/23,57,23,34,11,2273,1338,935,0.025076991,0.036363636,0.017189836,0.955565332,68,39,2023,0.03,48.7,56.9,65.1,50.85714286,0.228571429,8.344285714,0.219527363,0.179726368,0.765547264,0.113495025,0.043221393,0.219527363,0.179726368,0.765547264,0.113495025,0.043221393,0.187149095,0.132875858,0.746724891,0.147223955,0.029320025,0.259756478,0.152357165,0.782391508,0.113019045,0.03886981,Mixed Veg,Yes,Yes,Yes,4,6.488575935,26.25037003
738,6812,POV_DUN,9/26/23,0,0,0,0,275,185,90,0,0,0,0.970909091,0,39,2023,0.024285714,45.6,55.74285714,65.9,49.02857143,0.381428571,9.767142857,0.002804612,0.001246494,0.031785603,0.479588657,0.272982237,0.002804612,0.001246494,0.031785603,0.479588657,0.272982237,0.006926952,0.001889169,0.10768262,0.47418136,0.331234257,0.002672116,0.00047155,0.116944357,0.487896888,0.261867337,Silage Corn,No,No,No,4,5.781182766,20.7029171
739,6810,DIP_PAT,9/26/23,30,16,14,3,1602,817,785,0.018726592,0.017834395,0.019583843,0.970037453,33,39,2023,0.031428571,48.87142857,58.48571429,68.08571429,51.78571429,0.431428571,10.47428571,0.256710892,0.140080222,0.721382289,0.14594261,0.053687134,0.256710892,0.140080222,0.721382289,0.14594261,0.053687134,0.504944376,0.014833127,0.615574784,0.35723115,0.021013597,0.41602227,0.079647386,0.755799567,0.151716672,0.039746366,Silage Corn,Yes,Yes,,5,6.454941273,26.51252174
740,6940,WIS_COO,10/2/23,23,10,13,0,1367,880,487,0.016825165,0.026694045,0.011363636,0.852231163,23,40,2023,0.194285714,52.72857143,63.12857143,73.52857143,56.08571429,0.671428571,11.91428571,0.217132099,0.023219329,0.349858801,0.26513963,0.294634452,0.217132099,0.023219329,0.349858801,0.26513963,0.294634452,0.05942492,0.018530351,0.522044728,0.108626198,0.34313099,0.121682123,0.056443876,0.382475216,0.262711864,0.31371922,Silage Corn Strip Cropped With Alfalfa,No,Yes,No,5,5.968518734,24.17316246
741,6956,WIS_COO_2,10/2/23,0,0,0,0,295,206,89,0,0,0,0.996610169,0,40,2023,0.198571429,50.47142857,62.41428571,74.37142857,55.51428571,0.502857143,13.05428571,0.086559647,0.028958137,0.146049732,0.548001259,0.162732137,0.086559647,0.028958137,0.146049732,0.548001259,0.162732137,0.096981374,0.138728324,0.316634554,0.453436095,0.125240848,0.069302177,0.04081306,0.196702945,0.549295775,0.157010243,Silage Corn,No,No,No,5,5.979127407,44.69318771
742,6826,DIP_PAT,10/3/23,5,3,2,2,1602,817,785,0.003121099,0.002547771,0.003671971,0.973158552,7,40,2023,0.094285714,55.77142857,65.87142857,75.94285714,57.64285714,0.798571429,14.97857143,0.256710892,0.140080222,0.721382289,0.14594261,0.053687134,0.256710892,0.140080222,0.721382289,0.14594261,0.053687134,0.504944376,0.014833127,0.615574784,0.35723115,0.021013597,0.41602227,0.079647386,0.755799567,0.151716672,0.039746366,Silage Corn,Yes,Yes,,5,6.454941273,26.51252174
743,6818,DIP_FLE,10/3/23,3,2,1,3,1556,780,776,0.001928021,0.00128866,0.002564103,0.991002571,6,40,2023,0.105714286,54.9,64.85714286,74.82857143,57.1,0.68,13.96285714,0.302484472,0.005590062,0.604658385,0.145652174,0.12173913,0.302484472,0.005590062,0.604658385,0.145652174,0.12173913,0.440424205,0.006862133,0.580786026,0.190268247,0.173424828,0.314892952,0.00531333,0.69792155,0.143928739,0.116580716,Silage Corn,Yes,No,No,5,6.317162514,28.22133827
744,6822,DIP_CUR,10/3/23,0,0,0,0,1308,655,653,0,0,0,0.980122324,0,40,2023,0.208571429,50.87142857,62.22857143,73.52857143,53.94285714,0.751428571,13.81142857,0.308626596,0.06944877,0.54936157,0.164123326,0.143880411,0.308626596,0.06944877,0.54936157,0.164123326,0.143880411,0.338983051,0.03138732,0.61393597,0.133082235,0.16007533,0.350290469,0.063118229,0.613597111,0.169414351,0.138326268,Silage Corn,Yes,No,No,4,5.927192211,18.15420723
745,6828,POV_DUN,10/3/23,0,0,0,0,275,185,90,0,0,0,0.970909091,0,40,2023,0.168571429,51.54285714,63.28571429,74.97142857,54.94285714,0.508571429,15.32428571,0.002804612,0.001246494,0.031785603,0.479588657,0.272982237,0.002804612,0.001246494,0.031785603,0.479588657,0.272982237,0.006926952,0.001889169,0.10768262,0.47418136,0.331234257,0.002672116,0.00047155,0.116944357,0.487896888,0.261867337,Silage Corn,No,No,No,4,5.781182766,20.7029171
746,6856,ZUE_REE,10/3/23,25,8,17,7,2497,1359,1138,0.010012014,0.014938489,0.005886681,0.914697637,32,40,2023,0.062857143,55.34285714,65.62857143,75.92857143,57.07142857,0.854285714,15.50285714,0.129882207,0.14383137,0.500619963,0.149411035,0.119652821,0.129882207,0.14383137,0.500619963,0.149411035,0.119652821,0.070807453,0.199378882,0.582608696,0.173291925,0.165217391,0.07720988,0.209414323,0.523380457,0.148982445,0.114338978,Pumpkins,No,No,Yes,4,6.537268639,24.44252777
747,6868,SEA_HOO,10/3/23,18,9,9,10,2273,1338,935,0.00791905,0.009625668,0.006726457,0.963484382,28,40,2023,0.05,56.74285714,65.8,74.84285714,55.92857143,1.188571429,15.10714286,0.219527363,0.179726368,0.765547264,0.113495025,0.043221393,0.219527363,0.179726368,0.765547264,0.113495025,0.043221393,0.187149095,0.132875858,0.746724891,0.147223955,0.029320025,0.259756478,0.152357165,0.782391508,0.113019045,0.03886981,Mixed Veg,Yes,Yes,Yes,4,6.488575935,26.25037003
748,6876,GAB_ALL,10/3/23,2,0,2,0,1143,822,321,0.001749781,0.00623053,0,0.508311461,2,40,2023,0.125714286,55.54285714,67.07142857,78.64285714,57.91428571,0.575714286,16.78,0.017310665,0,0.02194745,0.588871716,0.062751159,0.017310665,0,0.02194745,0.588871716,0.062751159,0.00618047,0,0.030284302,0.592707046,0.145241038,0.005874169,0.010975421,0.030298346,0.58417066,0.065852527,Silage Corn,No,Yes,Yes,5,5.886958599,28.32917595
749,6890,GAB_STE,10/3/23,1,0,1,0,729,414,315,0.001371742,0.003174603,0,1,1,40,2023,0.12,52.24285714,65.35714286,78.47142857,56.2,0.4,17.51857143,0.089423373,0,0.187172371,0.636139377,0.121184089,0.089423373,0,0.187172371,0.636139377,0.121184089,0.154886294,0,0.250768285,0.561770129,0.12968654,0.102323434,0.00015387,0.219879982,0.632404985,0.117402677,Silage Corn,No,Yes,Yes,5,5.358693123,12.73650074
750,6902,KAT_JEF,10/3/23,0,0,0,0,109,62,47,0,0,0,0.926605505,0,40,2023,0.161428571,51.17142857,62.92857143,74.67142857,55.2,0.125714286,15.53428571,0.05625,0.0015625,0.07,0.4128125,0.204375,0.05625,0.0015625,0.07,0.4128125,0.204375,0.031605563,0.006321113,0.274968394,0.470290771,0.202907712,0.069973148,0.003159059,0.329015953,0.409887853,0.176433423,Silage Corn,No,Yes,Yes,5,5.586032867,22.36896324
751,7338,WIS_COO,10/9/23,70,47,23,1,1367,880,487,0.051207023,0.047227926,0.053409091,0.903438186,71,41,2023,0.02,41.54285714,50.37142857,59.22857143,41.22857143,0.7,9.018571429,0.217132099,0.023219329,0.349858801,0.26513963,0.294634452,0.217132099,0.023219329,0.349858801,0.26513963,0.294634452,0.05942492,0.018530351,0.522044728,0.108626198,0.34313099,0.121682123,0.056443876,0.382475216,0.262711864,0.31371922,Silage Corn Strip Cropped With Alfalfa,No,Yes,No,5,5.968518734,24.17316246
752,6838,DIP_CUR,10/10/23,3,2,1,0,1308,655,653,0.002293578,0.001531394,0.003053435,0.982415902,3,41,2023,0.045714286,39.88571429,46.92857143,53.91428571,38.78571429,0.981428571,6.395714286,0.308626596,0.06944877,0.54936157,0.164123326,0.143880411,0.308626596,0.06944877,0.54936157,0.164123326,0.143880411,0.338983051,0.03138732,0.61393597,0.133082235,0.16007533,0.350290469,0.063118229,0.613597111,0.169414351,0.138326268,Silage Corn,Yes,No,No,4,5.927192211,18.15420723
753,6832,DIP_FLE,10/10/23,2,0,2,2,1556,780,776,0.001285347,0.00257732,0,0.992287918,4,41,2023,0.035714286,42.92857143,48.92857143,54.92857143,41.8,0.825714286,5.958571429,0.302484472,0.005590062,0.604658385,0.145652174,0.12173913,0.302484472,0.005590062,0.604658385,0.145652174,0.12173913,0.440424205,0.006862133,0.580786026,0.190268247,0.173424828,0.314892952,0.00531333,0.69792155,0.143928739,0.116580716,Silage Corn,Yes,No,No,5,6.317162514,28.22133827
754,6840,DIP_PAT,10/10/23,0,0,0,2,1602,817,785,0,0,0,0.973158552,2,41,2023,0.031428571,44.27142857,50.25714286,56.22857143,42.85714286,0.885714286,6.405714286,0.256710892,0.140080222,0.721382289,0.14594261,0.053687134,0.256710892,0.140080222,0.721382289,0.14594261,0.053687134,0.504944376,0.014833127,0.615574784,0.35723115,0.021013597,0.41602227,0.079647386,0.755799567,0.151716672,0.039746366,Silage Corn,Yes,Yes,,5,6.454941273,26.51252174
755,6842,POV_DUN,10/10/23,6,0,6,0,275,185,90,0.021818182,0.066666667,0,0.992727273,6,41,2023,0.068571429,40.22857143,47.71428571,55.21428571,39.61428571,0.782857143,6.965714286,0.002804612,0.001246494,0.031785603,0.479588657,0.272982237,0.002804612,0.001246494,0.031785603,0.479588657,0.272982237,0.006926952,0.001889169,0.10768262,0.47418136,0.331234257,0.002672116,0.00047155,0.116944357,0.487896888,0.261867337,Silage Corn,No,No,No,4,5.781182766,20.7029171
756,6878,GAB_ALL,10/10/23,223,199,24,0,1143,822,321,0.195100612,0.074766355,0.242092457,0.703412073,223,41,2023,0.012857143,44.15714286,53.34285714,62.51428571,43.48571429,0.708571429,10.33857143,0.017310665,0,0.02194745,0.588871716,0.062751159,0.017310665,0,0.02194745,0.588871716,0.062751159,0.00618047,0,0.030284302,0.592707046,0.145241038,0.005874169,0.010975421,0.030298346,0.58417066,0.065852527,Silage Corn,No,Yes,Yes,5,5.886958599,28.32917595
757,6892,GAB_STE,10/10/23,0,0,0,0,729,414,315,0,0,0,1,0,41,2023,0.005714286,41.18571429,51.31428571,61.47142857,42.37142857,0.374285714,10.08714286,0.089423373,0,0.187172371,0.636139377,0.121184089,0.089423373,0,0.187172371,0.636139377,0.121184089,0.154886294,0,0.250768285,0.561770129,0.12968654,0.102323434,0.00015387,0.219879982,0.632404985,0.117402677,Silage Corn,No,Yes,Yes,5,5.358693123,12.73650074
758,6904,KAT_JEF,10/10/23,0,0,0,0,109,62,47,0,0,0,0.926605505,0,41,2023,0.181428571,39.11428571,46.5,53.88571429,40.1,0.37,6.112857143,0.05625,0.0015625,0.07,0.4128125,0.204375,0.05625,0.0015625,0.07,0.4128125,0.204375,0.031605563,0.006321113,0.274968394,0.470290771,0.202907712,0.069973148,0.003159059,0.329015953,0.409887853,0.176433423,Silage Corn,No,Yes,Yes,5,5.586032867,22.36896324
759,7306,SEA_HOO,10/10/23,11,7,4,7,2273,1338,935,0.004839419,0.004278075,0.005231689,0.968323801,18,41,2023,0.048571429,43.88571429,49.12857143,54.35714286,40.67142857,1.22,5.994285714,0.219527363,0.179726368,0.765547264,0.113495025,0.043221393,0.219527363,0.179726368,0.765547264,0.113495025,0.043221393,0.187149095,0.132875858,0.746724891,0.147223955,0.029320025,0.259756478,0.152357165,0.782391508,0.113019045,0.03886981,Mixed Veg,Yes,Yes,Yes,4,6.488575935,26.25037003
760,7310,SMI_JOH,10/10/23,10,3,7,2,497,258,239,0.020120724,0.029288703,0.011627907,1,12,41,2023,0.007142857,43.55714286,49.91428571,56.27142857,41.44285714,1.087142857,6.797142857,0.145672929,0.129966123,0.343393902,0.354173083,0.178318448,0.145672929,0.129966123,0.343393902,0.354173083,0.178318448,0.275246305,0.003694581,0.480295567,0.269704433,0.180418719,0.265186556,0.00431699,0.39978415,0.370490287,0.157415973,Wheat,No,Yes,Yes,5,6.416008472,24.34096146
761,7382,GAB_ALL,10/16/23,21,11,10,2,1143,822,321,0.018372703,0.031152648,0.013381995,0.721784777,23,42,2023,0.227142857,48.25714286,54.35714286,60.42857143,47.95714286,0.59,6.917142857,0.017310665,0,0.02194745,0.588871716,0.062751159,0.017310665,0,0.02194745,0.588871716,0.062751159,0.00618047,0,0.030284302,0.592707046,0.145241038,0.005874169,0.010975421,0.030298346,0.58417066,0.065852527,Silage Corn,No,Yes,Yes,5,5.886958599,28.32917595
762,6986,DIP_CUR,10/17/23,11,6,5,0,1308,655,653,0.008409786,0.007656968,0.009160305,0.990825688,11,42,2023,0.207142857,42.37142857,49,55.64285714,43.74285714,0.601428571,5.37,0.308626596,0.06944877,0.54936157,0.164123326,0.143880411,0.308626596,0.06944877,0.54936157,0.164123326,0.143880411,0.338983051,0.03138732,0.61393597,0.133082235,0.16007533,0.350290469,0.063118229,0.613597111,0.169414351,0.138326268,Silage Corn,Yes,No,No,4,5.927192211,18.15420723
763,6988,DIP_FLE,10/17/23,2,2,0,0,1556,780,776,0.001285347,0,0.002564103,0.993573265,2,42,2023,0.138571429,44.62857143,50.31428571,56.01428571,46.34285714,0.44,4.618571429,0.302484472,0.005590062,0.604658385,0.145652174,0.12173913,0.302484472,0.005590062,0.604658385,0.145652174,0.12173913,0.440424205,0.006862133,0.580786026,0.190268247,0.173424828,0.314892952,0.00531333,0.69792155,0.143928739,0.116580716,Silage Corn,Yes,No,No,5,6.317162514,28.22133827
764,6992,DIP_PAT,10/17/23,20,11,9,2,1602,817,785,0.012484395,0.011464968,0.013463892,0.985642946,22,42,2023,0.115714286,45.31428571,50.91428571,56.51428571,46.91428571,0.53,4.707142857,0.256710892,0.140080222,0.721382289,0.14594261,0.053687134,0.256710892,0.140080222,0.721382289,0.14594261,0.053687134,0.504944376,0.014833127,0.615574784,0.35723115,0.021013597,0.41602227,0.079647386,0.755799567,0.151716672,0.039746366,Silage Corn,Yes,Yes,,5,6.454941273,26.51252174
765,7314,ZUE_REE,10/17/23,95,27,68,17,2497,1359,1138,0.038045655,0.059753954,0.01986755,0.952743292,112,42,2023,0.065714286,44.74285714,50.32857143,55.9,45.71428571,0.704285714,4.828571429,0.129882207,0.14383137,0.500619963,0.149411035,0.119652821,0.129882207,0.14383137,0.500619963,0.149411035,0.119652821,0.070807453,0.199378882,0.582608696,0.173291925,0.165217391,0.07720988,0.209414323,0.523380457,0.148982445,0.114338978,Pumpkins,No,No,Yes,4,6.537268639,24.44252777
766,6996,POV_DUN,10/17/23,0,0,0,0,275,185,90,0,0,0,0.992727273,0,42,2023,0.19,42.7,49.61428571,56.57142857,44.41428571,0.434285714,5.727142857,0.002804612,0.001246494,0.031785603,0.479588657,0.272982237,0.002804612,0.001246494,0.031785603,0.479588657,0.272982237,0.006926952,0.001889169,0.10768262,0.47418136,0.331234257,0.002672116,0.00047155,0.116944357,0.487896888,0.261867337,Silage Corn,No,No,No,4,5.781182766,20.7029171
767,7316,SEA_HOO,10/17/23,27,12,15,2,2273,1338,935,0.011878575,0.016042781,0.00896861,0.980202376,29,42,2023,0.042857143,44.9,49.85714286,54.81428571,44.32857143,0.947142857,4.801428571,0.219527363,0.179726368,0.765547264,0.113495025,0.043221393,0.219527363,0.179726368,0.765547264,0.113495025,0.043221393,0.187149095,0.132875858,0.746724891,0.147223955,0.029320025,0.259756478,0.152357165,0.782391508,0.113019045,0.03886981,Mixed Veg,Yes,Yes,Yes,4,6.488575935,26.25037003
768,7340,WIS_COO,10/17/23,78,65,13,1,1367,880,487,0.057059254,0.026694045,0.073863636,0.96049744,79,42,2023,0.218571429,45.1,51.77142857,58.41428571,45.9,0.502857143,6.32,0.217132099,0.023219329,0.349858801,0.26513963,0.294634452,0.217132099,0.023219329,0.349858801,0.26513963,0.294634452,0.05942492,0.018530351,0.522044728,0.108626198,0.34313099,0.121682123,0.056443876,0.382475216,0.262711864,0.31371922,Silage Corn Strip Cropped With Alfalfa,No,Yes,No,5,5.968518734,24.17316246
769,7356,WIS_COO_2,10/17/23,1,1,0,0,295,206,89,0.003389831,0,0.004854369,1,1,42,2023,0.212857143,43.97142857,51.67142857,59.35714286,45.41428571,0.494285714,7.065714286,0.086559647,0.028958137,0.146049732,0.548001259,0.162732137,0.086559647,0.028958137,0.146049732,0.548001259,0.162732137,0.096981374,0.138728324,0.316634554,0.453436095,0.125240848,0.069302177,0.04081306,0.196702945,0.549295775,0.157010243,Silage Corn,No,No,No,5,5.979127407,44.69318771
770,7368,KAT_JEF,10/17/23,0,0,0,0,109,62,47,0,0,0,0.926605505,0,42,2023,0.185714286,41.81428571,47.51428571,53.24285714,44.3,0.207142857,3.971428571,0.05625,0.0015625,0.07,0.4128125,0.204375,0.05625,0.0015625,0.07,0.4128125,0.204375,0.031605563,0.006321113,0.274968394,0.470290771,0.202907712,0.069973148,0.003159059,0.329015953,0.409887853,0.176433423,Silage Corn,No,Yes,Yes,5,5.586032867,22.36896324
771,7380,GAB_STE,10/23/23,0,0,0,0,729,414,315,0,0,0,1,0,43,2023,0.001428571,43.17142857,54.78571429,66.4,45.67142857,0.485714286,11.71285714,0.089423373,0,0.187172371,0.636139377,0.121184089,0.089423373,0,0.187172371,0.636139377,0.121184089,0.154886294,0,0.250768285,0.561770129,0.12968654,0.102323434,0.00015387,0.219879982,0.632404985,0.117402677,Silage Corn,No,Yes,Yes,5,5.358693123,12.73650074
772,7358,WIS_COO_2,10/23/23,0,0,0,0,295,206,89,0,0,0,1,0,43,2023,0,43.05714286,55.57142857,68.07142857,43.44285714,1.121428571,13.86,0.086559647,0.028958137,0.146049732,0.548001259,0.162732137,0.086559647,0.028958137,0.146049732,0.548001259,0.162732137,0.096981374,0.138728324,0.316634554,0.453436095,0.125240848,0.069302177,0.04081306,0.196702945,0.549295775,0.157010243,Silage Corn,No,No,No,5,5.979127407,44.69318771
773,7384,GAB_ALL,10/23/23,72,58,14,0,1143,822,321,0.062992126,0.043613707,0.070559611,0.784776903,72,43,2023,0,45.45714286,56.48571429,67.48571429,46.42857143,0.764285714,12.26714286,0.017310665,0,0.02194745,0.588871716,0.062751159,0.017310665,0,0.02194745,0.588871716,0.062751159,0.00618047,0,0.030284302,0.592707046,0.145241038,0.005874169,0.010975421,0.030298346,0.58417066,0.065852527,Silage Corn,No,Yes,Yes,5,5.886958599,28.32917595
774,7342,WIS_COO,10/23/23,29,23,6,1,1367,880,487,0.021214338,0.012320329,0.026136364,0.981711778,30,43,2023,0,44.77142857,55.97142857,67.14285714,43.92857143,1.42,13.04714286,0.217132099,0.023219329,0.349858801,0.26513963,0.294634452,0.217132099,0.023219329,0.349858801,0.26513963,0.294634452,0.05942492,0.018530351,0.522044728,0.108626198,0.34313099,0.121682123,0.056443876,0.382475216,0.262711864,0.31371922,Silage Corn Strip Cropped With Alfalfa,No,Yes,No,5,5.968518734,24.17316246
775,7004,DIP_FLE,10/24/23,2,0,2,0,1556,780,776,0.001285347,0.00257732,0,0.994858612,2,43,2023,0.061428571,47.24285714,55.78571429,64.34285714,44.68571429,1.487142857,10.75714286,0.302484472,0.005590062,0.604658385,0.145652174,0.12173913,0.302484472,0.005590062,0.604658385,0.145652174,0.12173913,0.440424205,0.006862133,0.580786026,0.190268247,0.173424828,0.314892952,0.00531333,0.69792155,0.143928739,0.116580716,Silage Corn,Yes,No,No,5,6.317162514,28.22133827
776,7000,DIP_CUR,10/24/23,6,5,1,0,1308,655,653,0.004587156,0.001531394,0.007633588,0.995412844,6,43,2023,0.062857143,42.82857143,53,63.15714286,42.2,1.071428571,10.37142857,0.308626596,0.06944877,0.54936157,0.164123326,0.143880411,0.308626596,0.06944877,0.54936157,0.164123326,0.143880411,0.338983051,0.03138732,0.61393597,0.133082235,0.16007533,0.350290469,0.063118229,0.613597111,0.169414351,0.138326268,Silage Corn,Yes,No,No,4,5.927192211,18.15420723
777,7010,POV_DUN,10/24/23,1,0,1,0,275,185,90,0.003636364,0.011111111,0,0.996363636,1,43,2023,0.058571429,43.3,54,64.64285714,42.75714286,0.887142857,11.57,0.002804612,0.001246494,0.031785603,0.479588657,0.272982237,0.002804612,0.001246494,0.031785603,0.479588657,0.272982237,0.006926952,0.001889169,0.10768262,0.47418136,0.331234257,0.002672116,0.00047155,0.116944357,0.487896888,0.261867337,Silage Corn,No,No,No,4,5.781182766,20.7029171
778,7312,ZUE_REE,10/24/23,70,21,49,5,2497,1359,1138,0.02803364,0.043057996,0.015452539,0.980776932,75,43,2023,0.065714286,47.05714286,56.28571429,65.54285714,44.98571429,1.321428571,11.76857143,0.129882207,0.14383137,0.500619963,0.149411035,0.119652821,0.129882207,0.14383137,0.500619963,0.149411035,0.119652821,0.070807453,0.199378882,0.582608696,0.173291925,0.165217391,0.07720988,0.209414323,0.523380457,0.148982445,0.114338978,Pumpkins,No,No,Yes,4,6.537268639,24.44252777
779,7388,SEA_HOO,10/24/23,29,16,13,10,2273,1338,935,0.012758469,0.013903743,0.011958146,0.992960845,39,43,2023,0.052857143,47.17142857,56.17142857,65.24285714,42.97142857,1.861428571,12.22714286,0.219527363,0.179726368,0.765547264,0.113495025,0.043221393,0.219527363,0.179726368,0.765547264,0.113495025,0.043221393,0.187149095,0.132875858,0.746724891,0.147223955,0.029320025,0.259756478,0.152357165,0.782391508,0.113019045,0.03886981,Mixed Veg,Yes,Yes,Yes,4,6.488575935,26.25037003
780,7007,DIP_PAT,10/24/23,2,2,0,0,1602,817,785,0.001248439,0,0.00244798,0.986891386,2,43,2023,0.09,48.12857143,56.52857143,64.9,45.57142857,1.45,10.99714286,0.256710892,0.140080222,0.721382289,0.14594261,0.053687134,0.256710892,0.140080222,0.721382289,0.14594261,0.053687134,0.504944376,0.014833127,0.615574784,0.35723115,0.021013597,0.41602227,0.079647386,0.755799567,0.151716672,0.039746366,Silage Corn,Yes,Yes,,5,6.454941273,26.51252174
781,7370,KAT_JEF,10/25/23,2,0,2,0,109,62,47,0.018348624,0.042553191,0,0.944954128,2,43,2023,0.082857143,44.92857143,55.41428571,65.91428571,44.07142857,1.367142857,12.53857143,0.05625,0.0015625,0.07,0.4128125,0.204375,0.05625,0.0015625,0.07,0.4128125,0.204375,0.031605563,0.006321113,0.274968394,0.470290771,0.202907712,0.069973148,0.003159059,0.329015953,0.409887853,0.176433423,Silage Corn,No,Yes,Yes,5,5.586032867,22.36896324
782,7014,DIP_CUR,10/31/23,1,1,0,2,1308,655,653,0.000764526,0,0.001526718,0.99617737,3,44,2023,0.131428571,33.51428571,40,46.54285714,31.11428571,0.897142857,4.84,0.308626596,0.06944877,0.54936157,0.164123326,0.143880411,0.308626596,0.06944877,0.54936157,0.164123326,0.143880411,0.338983051,0.03138732,0.61393597,0.133082235,0.16007533,0.350290469,0.063118229,0.613597111,0.169414351,0.138326268,Silage Corn,Yes,No,No,4,5.927192211,18.15420723
783,7018,DIP_FLE,10/31/23,6,3,3,1,1556,780,776,0.003856041,0.003865979,0.003846154,0.998714653,7,44,2023,0.102857143,35.92857143,41.57142857,47.18571429,33.21428571,0.928571429,4.814285714,0.302484472,0.005590062,0.604658385,0.145652174,0.12173913,0.302484472,0.005590062,0.604658385,0.145652174,0.12173913,0.440424205,0.006862133,0.580786026,0.190268247,0.173424828,0.314892952,0.00531333,0.69792155,0.143928739,0.116580716,Silage Corn,Yes,No,No,5,6.317162514,28.22133827
784,7022,DIP_PAT,10/31/23,13,3,10,6,1602,817,785,0.008114856,0.012738854,0.003671971,0.995006242,19,44,2023,0.121428571,37.15714286,42.27142857,47.35714286,33.77142857,1.032857143,4.832857143,0.256710892,0.140080222,0.721382289,0.14594261,0.053687134,0.256710892,0.140080222,0.721382289,0.14594261,0.053687134,0.504944376,0.014833127,0.615574784,0.35723115,0.021013597,0.41602227,0.079647386,0.755799567,0.151716672,0.039746366,Silage Corn,Yes,Yes,,5,6.454941273,26.51252174
785,7396,ZUE_REE,10/31/23,24,12,12,2,2497,1359,1138,0.009611534,0.010544815,0.008830022,0.990388466,26,44,2023,0.108571429,36.41428571,41.82857143,47.21428571,33.25714286,1.022857143,4.867142857,0.129882207,0.14383137,0.500619963,0.149411035,0.119652821,0.129882207,0.14383137,0.500619963,0.149411035,0.119652821,0.070807453,0.199378882,0.582608696,0.173291925,0.165217391,0.07720988,0.209414323,0.523380457,0.148982445,0.114338978,Pumpkins,No,No,Yes,4,6.537268639,24.44252777
786,7026,POV_DUN,10/31/23,0,0,0,0,275,185,90,0,0,0,0.996363636,0,44,2023,0.15,33.98571429,40.95714286,47.91428571,31.81428571,0.827142857,5.434285714,0.002804612,0.001246494,0.031785603,0.479588657,0.272982237,0.002804612,0.001246494,0.031785603,0.479588657,0.272982237,0.006926952,0.001889169,0.10768262,0.47418136,0.331234257,0.002672116,0.00047155,0.116944357,0.487896888,0.261867337,Silage Corn,No,No,No,4,5.781182766,20.7029171
787,7318,GAB_STE,10/31/23,0,0,0,0,729,414,315,0,0,0,1,0,44,2023,0.132857143,32.6,40.58571429,48.55714286,32.42857143,0.53,5.661428571,0.089423373,0,0.187172371,0.636139377,0.121184089,0.089423373,0,0.187172371,0.636139377,0.121184089,0.154886294,0,0.250768285,0.561770129,0.12968654,0.102323434,0.00015387,0.219879982,0.632404985,0.117402677,Silage Corn,No,Yes,Yes,5,5.358693123,12.73650074
788,7328,GAB_ALL,10/31/23,48,32,16,1,1143,822,321,0.041994751,0.049844237,0.03892944,0.826771654,49,44,2023,0.148571429,35.44285714,42.65714286,49.85714286,33.52857143,0.834285714,6.044285714,0.017310665,0,0.02194745,0.588871716,0.062751159,0.017310665,0,0.02194745,0.588871716,0.062751159,0.00618047,0,0.030284302,0.592707046,0.145241038,0.005874169,0.010975421,0.030298346,0.58417066,0.065852527,Silage Corn,No,Yes,Yes,5,5.886958599,28.32917595
789,7390,SEA_HOO,10/31/23,12,10,2,1,2273,1338,935,0.005279366,0.002139037,0.007473842,0.998240211,13,44,2023,0.068571429,35.47142857,41.25714286,46.97142857,31.51428571,1.198571429,5.098571429,0.219527363,0.179726368,0.765547264,0.113495025,0.043221393,0.219527363,0.179726368,0.765547264,0.113495025,0.043221393,0.187149095,0.132875858,0.746724891,0.147223955,0.029320025,0.259756478,0.152357165,0.782391508,0.113019045,0.03886981,Mixed Veg,Yes,Yes,Yes,4,6.488575935,26.25037003
790,7372,KAT_JEF,10/31/23,0,0,0,0,109,62,47,0,0,0,0.944954128,0,44,2023,0.097142857,34.12857143,40.47142857,46.84285714,30.82857143,0.924285714,5.464285714,0.05625,0.0015625,0.07,0.4128125,0.204375,0.05625,0.0015625,0.07,0.4128125,0.204375,0.031605563,0.006321113,0.274968394,0.470290771,0.202907712,0.069973148,0.003159059,0.329015953,0.409887853,0.176433423,Silage Corn,No,Yes,Yes,5,5.586032867,22.36896324
791,7398,ZUE_REE,11/6/23,24,13,11,0,2497,1359,1138,0.009611534,0.009666081,0.009565857,1,24,45,2023,0.027142857,35.34285714,42.75714286,50.14285714,33.55714286,1.054285714,5.214285714,0.129882207,0.14383137,0.500619963,0.149411035,0.119652821,0.129882207,0.14383137,0.500619963,0.149411035,0.119652821,0.070807453,0.199378882,0.582608696,0.173291925,0.165217391,0.07720988,0.209414323,0.523380457,0.148982445,0.114338978,Pumpkins,No,No,Yes,4,6.537268639,24.44252777
792,7374,KAT_JEF,11/6/23,2,0,2,0,109,62,47,0.018348624,0.042553191,0,0.963302752,2,45,2023,0.021428571,31.51428571,42.4,53.28571429,34.18571429,0.487142857,6.675714286,0.05625,0.0015625,0.07,0.4128125,0.204375,0.05625,0.0015625,0.07,0.4128125,0.204375,0.031605563,0.006321113,0.274968394,0.470290771,0.202907712,0.069973148,0.003159059,0.329015953,0.409887853,0.176433423,Silage Corn,No,Yes,Yes,5,5.586032867,22.36896324
793,7360,WIS_COO_2,11/6/23,0,0,0,0,295,206,89,0,0,0,1,0,45,2023,0.007142857,28.41428571,40.17142857,51.97142857,30.68571429,0.631428571,7.217142857,0.086559647,0.028958137,0.146049732,0.548001259,0.162732137,0.086559647,0.028958137,0.146049732,0.548001259,0.162732137,0.096981374,0.138728324,0.316634554,0.453436095,0.125240848,0.069302177,0.04081306,0.196702945,0.549295775,0.157010243,Silage Corn,No,No,No,5,5.979127407,44.69318771
794,7344,WIS_COO,11/6/23,17,12,5,1,1367,880,487,0.012435991,0.01026694,0.013636364,0.994147769,18,45,2023,0.008571429,30.9,40.5,50.05714286,31.7,0.74,6.047142857,0.217132099,0.023219329,0.349858801,0.26513963,0.294634452,0.217132099,0.023219329,0.349858801,0.26513963,0.294634452,0.05942492,0.018530351,0.522044728,0.108626198,0.34313099,0.121682123,0.056443876,0.382475216,0.262711864,0.31371922,Silage Corn Strip Cropped With Alfalfa,No,Yes,No,5,5.968518734,24.17316246
795,7032,DIP_FLE,11/7/23,0,0,0,0,1556,780,776,0,0,0,0.998714653,0,45,2023,0.015714286,33.5,41.88571429,50.27142857,33.41428571,0.758571429,5.137142857,0.302484472,0.005590062,0.604658385,0.145652174,0.12173913,0.302484472,0.005590062,0.604658385,0.145652174,0.12173913,0.440424205,0.006862133,0.580786026,0.190268247,0.173424828,0.314892952,0.00531333,0.69792155,0.143928739,0.116580716,Silage Corn,Yes,No,No,5,6.317162514,28.22133827
796,7030,DIP_CUR,11/7/23,3,1,2,0,1308,655,653,0.002293578,0.003062787,0.001526718,0.998470948,3,45,2023,0.032857143,30.68571429,40.2,49.74285714,31.34285714,0.818571429,5.5,0.308626596,0.06944877,0.54936157,0.164123326,0.143880411,0.308626596,0.06944877,0.54936157,0.164123326,0.143880411,0.338983051,0.03138732,0.61393597,0.133082235,0.16007533,0.350290469,0.063118229,0.613597111,0.169414351,0.138326268,Silage Corn,Yes,No,No,4,5.927192211,18.15420723
797,7038,DIP_PAT,11/7/23,7,1,6,1,1602,817,785,0.004369538,0.007643312,0.00122399,0.99937578,8,45,2023,0.07,34.62857143,42.14285714,49.62857143,33.98571429,0.787142857,4.982857143,0.256710892,0.140080222,0.721382289,0.14594261,0.053687134,0.256710892,0.140080222,0.721382289,0.14594261,0.053687134,0.504944376,0.014833127,0.615574784,0.35723115,0.021013597,0.41602227,0.079647386,0.755799567,0.151716672,0.039746366,Silage Corn,Yes,Yes,,5,6.454941273,26.51252174
798,7391,SEA_HOO,11/7/23,4,4,0,2,2273,1338,935,0.001759789,0,0.002989537,1,6,45,2023,0.004285714,34.47142857,42.38571429,50.3,32.22857143,1.218571429,5.557142857,0.219527363,0.179726368,0.765547264,0.113495025,0.043221393,0.219527363,0.179726368,0.765547264,0.113495025,0.043221393,0.187149095,0.132875858,0.746724891,0.147223955,0.029320025,0.259756478,0.152357165,0.782391508,0.113019045,0.03886981,Mixed Veg,Yes,Yes,Yes,4,6.488575935,26.25037003
799,7042,POV_DUN,11/8/23,1,0,1,0,275,185,90,0.003636364,0.011111111,0,1,1,45,2023,0.012857143,31.6,41.44285714,51.28571429,32.25714286,0.67,5.884285714,0.002804612,0.001246494,0.031785603,0.479588657,0.272982237,0.002804612,0.001246494,0.031785603,0.479588657,0.272982237,0.006926952,0.001889169,0.10768262,0.47418136,0.331234257,0.002672116,0.00047155,0.116944357,0.487896888,0.261867337,Silage Corn,No,No,No,4,5.781182766,20.7029171
800,7320,GAB_STE,11/8/23,0,0,0,0,729,414,315,0,0,0,1,0,45,2023,0.067142857,31.1,40.44285714,49.84285714,31.58571429,0.63,6.187142857,0.089423373,0,0.187172371,0.636139377,0.121184089,0.089423373,0,0.187172371,0.636139377,0.121184089,0.154886294,0,0.250768285,0.561770129,0.12968654,0.102323434,0.00015387,0.219879982,0.632404985,0.117402677,Silage Corn,No,Yes,Yes,5,5.358693123,12.73650074
801,7330,GAB_ALL,11/8/23,103,90,13,0,1143,822,321,0.090113736,0.040498442,0.109489051,0.916885389,103,45,2023,0.067142857,34.12857143,42.72857143,51.31428571,32.47142857,1.022857143,6.757142857,0.017310665,0,0.02194745,0.588871716,0.062751159,0.017310665,0,0.02194745,0.588871716,0.062751159,0.00618047,0,0.030284302,0.592707046,0.145241038,0.005874169,0.010975421,0.030298346,0.58417066,0.065852527,Silage Corn,No,Yes,Yes,5,5.886958599,28.32917595
802,7362,WIS_COO_2,11/13/23,0,0,0,0,295,206,89,0,0,0,1,0,46,2023,0.01,23.55714286,37.3,51.07142857,28.98571429,0.284285714,7.555714286,0.086559647,0.028958137,0.146049732,0.548001259,0.162732137,0.086559647,0.028958137,0.146049732,0.548001259,0.162732137,0.096981374,0.138728324,0.316634554,0.453436095,0.125240848,0.069302177,0.04081306,0.196702945,0.549295775,0.157010243,Silage Corn,No,No,No,5,5.979127407,44.69318771
803,7346,WIS_COO,11/13/23,3,2,1,0,1367,880,487,0.002194587,0.002053388,0.002272727,0.996342356,3,46,2023,0.011428571,26.75714286,38.12857143,49.45714286,30.12857143,0.418571429,6.625714286,0.217132099,0.023219329,0.349858801,0.26513963,0.294634452,0.217132099,0.023219329,0.349858801,0.26513963,0.294634452,0.05942492,0.018530351,0.522044728,0.108626198,0.34313099,0.121682123,0.056443876,0.382475216,0.262711864,0.31371922,Silage Corn Strip Cropped With Alfalfa,No,Yes,No,5,5.968518734,24.17316246
804,7332,GAB_ALL,11/13/23,18,11,7,0,1143,822,321,0.015748031,0.021806854,0.013381995,0.932633421,18,46,2023,0.037142857,27.81428571,38.85714286,49.88571429,31.58571429,0.328571429,6.494285714,0.017310665,0,0.02194745,0.588871716,0.062751159,0.017310665,0,0.02194745,0.588871716,0.062751159,0.00618047,0,0.030284302,0.592707046,0.145241038,0.005874169,0.010975421,0.030298346,0.58417066,0.065852527,Silage Corn,No,Yes,Yes,5,5.886958599,28.32917595
805,7322,GAB_STE,11/13/23,0,0,0,0,729,414,315,0,0,0,1,0,46,2023,0.051428571,25.95714286,37.01428571,48.08571429,30.81428571,0.202857143,5.865714286,0.089423373,0,0.187172371,0.636139377,0.121184089,0.089423373,0,0.187172371,0.636139377,0.121184089,0.154886294,0,0.250768285,0.561770129,0.12968654,0.102323434,0.00015387,0.219879982,0.632404985,0.117402677,Silage Corn,No,Yes,Yes,5,5.358693123,12.73650074
806,7050,DIP_FLE,11/14/23,0,0,0,1,1556,780,776,0,0,0,0.998714653,1,46,2023,0.09,29.77142857,39.31428571,48.85714286,31.5,0.537142857,6.225714286,0.302484472,0.005590062,0.604658385,0.145652174,0.12173913,0.302484472,0.005590062,0.604658385,0.145652174,0.12173913,0.440424205,0.006862133,0.580786026,0.190268247,0.173424828,0.314892952,0.00531333,0.69792155,0.143928739,0.116580716,Silage Corn,Yes,No,No,5,6.317162514,28.22133827
807,7046,DIP_CUR,11/14/23,1,0,1,0,1308,655,653,0.000764526,0.001531394,0,0.999235474,1,46,2023,0.074285714,25.71428571,36.52857143,47.31428571,28.74285714,0.444285714,5.922857143,0.308626596,0.06944877,0.54936157,0.164123326,0.143880411,0.308626596,0.06944877,0.54936157,0.164123326,0.143880411,0.338983051,0.03138732,0.61393597,0.133082235,0.16007533,0.350290469,0.063118229,0.613597111,0.169414351,0.138326268,Silage Corn,Yes,No,No,4,5.927192211,18.15420723
808,7054,DIP_PAT,11/14/23,1,1,0,0,1602,817,785,0.00062422,0,0.00122399,1,1,46,2023,0.117142857,30.55714286,40.34285714,50.1,32.44285714,0.581428571,6.65,0.256710892,0.140080222,0.721382289,0.14594261,0.053687134,0.256710892,0.140080222,0.721382289,0.14594261,0.053687134,0.504944376,0.014833127,0.615574784,0.35723115,0.021013597,0.41602227,0.079647386,0.755799567,0.151716672,0.039746366,Silage Corn,Yes,Yes,,5,6.454941273,26.51252174
809,7058,POV_DUN,11/14/23,0,0,0,0,275,185,90,0,0,0,1,0,46,2023,0.071428571,26.98571429,38.08571429,49.17142857,30,0.394285714,6.664285714,0.002804612,0.001246494,0.031785603,0.479588657,0.272982237,0.002804612,0.001246494,0.031785603,0.479588657,0.272982237,0.006926952,0.001889169,0.10768262,0.47418136,0.331234257,0.002672116,0.00047155,0.116944357,0.487896888,0.261867337,Silage Corn,No,No,No,4,5.781182766,20.7029171
810,7376,KAT_JEF,11/14/23,3,1,2,0,109,62,47,0.027522936,0.042553191,0.016129032,0.990825688,3,46,2023,0.102857143,28.72857143,41.27142857,53.75714286,30.81428571,0.397142857,8.677142857,0.05625,0.0015625,0.07,0.4128125,0.204375,0.05625,0.0015625,0.07,0.4128125,0.204375,0.031605563,0.006321113,0.274968394,0.470290771,0.202907712,0.069973148,0.003159059,0.329015953,0.409887853,0.176433423,Silage Corn,No,Yes,Yes,5,5.586032867,22.36896324
811,7378,KAT_JEF,11/20/23,0,0,0,0,109,62,47,0,0,0,0.990825688,0,47,2023,0.11,27.32857143,34.45714286,41.57142857,26.92857143,0.517142857,3.657142857,0.05625,0.0015625,0.07,0.4128125,0.204375,0.05625,0.0015625,0.07,0.4128125,0.204375,0.031605563,0.006321113,0.274968394,0.470290771,0.202907712,0.069973148,0.003159059,0.329015953,0.409887853,0.176433423,Silage Corn,No,Yes,Yes,5,5.586032867,22.36896324
812,7364,WIS_COO_2,11/20/23,0,0,0,0,295,206,89,0,0,0,1,0,47,2023,0.131428571,22.7,33.21428571,43.72857143,23.65714286,0.455714286,5.138571429,0.086559647,0.028958137,0.146049732,0.548001259,0.162732137,0.086559647,0.028958137,0.146049732,0.548001259,0.162732137,0.096981374,0.138728324,0.316634554,0.453436095,0.125240848,0.069302177,0.04081306,0.196702945,0.549295775,0.157010243,Silage Corn,No,No,No,5,5.979127407,44.69318771
813,7348,WIS_COO,11/20/23,3,3,0,0,1367,880,487,0.002194587,0,0.003409091,0.998536942,3,47,2023,0.132857143,25.15714286,33.54285714,41.95714286,24.61428571,0.612857143,4.377142857,0.217132099,0.023219329,0.349858801,0.26513963,0.294634452,0.217132099,0.023219329,0.349858801,0.26513963,0.294634452,0.05942492,0.018530351,0.522044728,0.108626198,0.34313099,0.121682123,0.056443876,0.382475216,0.262711864,0.31371922,Silage Corn Strip Cropped With Alfalfa,No,Yes,No,5,5.968518734,24.17316246
814,7334,GAB_ALL,11/20/23,77,68,9,0,1143,822,321,0.067366579,0.028037383,0.082725061,1,77,47,2023,0.075714286,25.5,34.02857143,42.52857143,25.18571429,0.567142857,4.477142857,0.017310665,0,0.02194745,0.588871716,0.062751159,0.017310665,0,0.02194745,0.588871716,0.062751159,0.00618047,0,0.030284302,0.592707046,0.145241038,0.005874169,0.010975421,0.030298346,0.58417066,0.065852527,Silage Corn,No,Yes,Yes,5,5.886958599,28.32917595
815,7324,GAB_STE,11/20/23,0,0,0,0,729,414,315,0,0,0,1,0,47,2023,0.081428571,23.41428571,32.15714286,40.88571429,23.87142857,0.385714286,4.161428571,0.089423373,0,0.187172371,0.636139377,0.121184089,0.089423373,0,0.187172371,0.636139377,0.121184089,0.154886294,0,0.250768285,0.561770129,0.12968654,0.102323434,0.00015387,0.219879982,0.632404985,0.117402677,Silage Corn,No,Yes,Yes,5,5.358693123,12.73650074
816,7292,DIP_CUR,11/21/23,0,0,0,0,1308,655,653,0,0,0,0.999235474,0,47,2023,0.07,26.57142857,33.44285714,40.32857143,25.41428571,0.818571429,3.262857143,0.308626596,0.06944877,0.54936157,0.164123326,0.143880411,0.308626596,0.06944877,0.54936157,0.164123326,0.143880411,0.338983051,0.03138732,0.61393597,0.133082235,0.16007533,0.350290469,0.063118229,0.613597111,0.169414351,0.138326268,Silage Corn,Yes,No,No,4,5.927192211,18.15420723
817,7286,DIP_FLE,11/21/23,2,0,2,0,1556,780,776,0.001285347,0.00257732,0,1,2,47,2023,0.055714286,28.27142857,34.74285714,41.22857143,27.68571429,0.65,3.175714286,0.302484472,0.005590062,0.604658385,0.145652174,0.12173913,0.302484472,0.005590062,0.604658385,0.145652174,0.12173913,0.440424205,0.006862133,0.580786026,0.190268247,0.173424828,0.314892952,0.00531333,0.69792155,0.143928739,0.116580716,Silage Corn,Yes,No,No,5,6.317162514,28.22133827
818,7284,DIP_PAT,11/21/23,0,0,0,1,1602,817,785,0,0,0,1,1,47,2023,0.091428571,28.8,35.2,41.68571429,28.18571429,0.65,3.33,0.256710892,0.140080222,0.721382289,0.14594261,0.053687134,0.256710892,0.140080222,0.721382289,0.14594261,0.053687134,0.504944376,0.014833127,0.615574784,0.35723115,0.021013597,0.41602227,0.079647386,0.755799567,0.151716672,0.039746366,Silage Corn,Yes,Yes,,5,6.454941273,26.51252174
819,7350,WIS_COO,11/27/23,0,0,0,0,1367,880,487,0,0,0,0.998536942,0,48,2023,0.15,26.81428571,34.77142857,42.74285714,26.95714286,0.602857143,4.025714286,0.217132099,0.023219329,0.349858801,0.26513963,0.294634452,0.217132099,0.023219329,0.349858801,0.26513963,0.294634452,0.05942492,0.018530351,0.522044728,0.108626198,0.34313099,0.121682123,0.056443876,0.382475216,0.262711864,0.31371922,Silage Corn Strip Cropped With Alfalfa,No,Yes,No,5,5.968518734,24.17316246
820,7365,WIS_COO_2,11/27/23,0,0,0,0,295,206,89,0,0,0,1,0,48,2023,0.154285714,25.81428571,34.87142857,43.97142857,26.37142857,0.598571429,4.485714286,0.086559647,0.028958137,0.146049732,0.548001259,0.162732137,0.086559647,0.028958137,0.146049732,0.548001259,0.162732137,0.096981374,0.138728324,0.316634554,0.453436095,0.125240848,0.069302177,0.04081306,0.196702945,0.549295775,0.157010243,Silage Corn,No,No,No,5,5.979127407,44.69318771
821,7326,GAB_STE,11/27/23,0,0,0,0,729,414,315,0,0,0,1,0,48,2023,0.141428571,26.91428571,34.85714286,42.81428571,26.52857143,0.471428571,4.624285714,0.089423373,0,0.187172371,0.636139377,0.121184089,0.089423373,0,0.187172371,0.636139377,0.121184089,0.154886294,0,0.250768285,0.561770129,0.12968654,0.102323434,0.00015387,0.219879982,0.632404985,0.117402677,Silage Corn,No,Yes,Yes,5,5.358693123,12.73650074
822,7302,DIP_CUR,11/28/23,0,0,0,0,1308,655,653,0,0,0,0.999235474,0,48,2023,0.115714286,26.52857143,32.81428571,39.11428571,25.6,0.644285714,3.371428571,0.308626596,0.06944877,0.54936157,0.164123326,0.143880411,0.308626596,0.06944877,0.54936157,0.164123326,0.143880411,0.338983051,0.03138732,0.61393597,0.133082235,0.16007533,0.350290469,0.063118229,0.613597111,0.169414351,0.138326268,Silage Corn,Yes,No,No,4,5.927192211,18.15420723
823,7298,DIP_FLE,11/28/23,0,0,0,1,1556,780,776,0,0,0,1,1,48,2023,0.095714286,28.98571429,34.72857143,40.45714286,28.17142857,0.54,3.437142857,0.302484472,0.005590062,0.604658385,0.145652174,0.12173913,0.302484472,0.005590062,0.604658385,0.145652174,0.12173913,0.440424205,0.006862133,0.580786026,0.190268247,0.173424828,0.314892952,0.00531333,0.69792155,0.143928739,0.116580716,Silage Corn,Yes,No,No,5,6.317162514,28.22133827
824,7294,DIP_PAT,11/28/23,0,0,0,0,1602,817,785,0,0,0,1,0,48,2023,0.065714286,30.08571429,35.85714286,41.62857143,28.65714286,0.66,3.767142857,0.256710892,0.140080222,0.721382289,0.14594261,0.053687134,0.256710892,0.140080222,0.721382289,0.14594261,0.053687134,0.504944376,0.014833127,0.615574784,0.35723115,0.021013597,0.41602227,0.079647386,0.755799567,0.151716672,0.039746366,Silage Corn,Yes,Yes,,5,6.454941273,26.51252174
825,7366,WIS_COO_2,12/4/23,0,0,0,0,295,206,89,0,0,0,1,0,49,2023,0.087142857,28.15714286,35.2,42.25714286,30.42857143,0.351428571,3.122857143,0.086559647,0.028958137,0.146049732,0.548001259,0.162732137,0.086559647,0.028958137,0.146049732,0.548001259,0.162732137,0.096981374,0.138728324,0.316634554,0.453436095,0.125240848,0.069302177,0.04081306,0.196702945,0.549295775,0.157010243,Silage Corn,No,No,No,5,5.979127407,44.69318771
826,7352,WIS_COO,12/4/23,2,1,1,0,1367,880,487,0.001463058,0.002053388,0.001136364,1,2,49,2023,0.091428571,28.45714286,34.67142857,40.95714286,30.51428571,0.328571429,2.665714286,0.217132099,0.023219329,0.349858801,0.26513963,0.294634452,0.217132099,0.023219329,0.349858801,0.26513963,0.294634452,0.05942492,0.018530351,0.522044728,0.108626198,0.34313099,0.121682123,0.056443876,0.382475216,0.262711864,0.31371922,Silage Corn Strip Cropped With Alfalfa,No,Yes,No,5,5.968518734,24.17316246
827,7308,KAT_JEF,12/5/23,1,0,1,0,109,62,47,0.009174312,0.021276596,0,1,1,49,2023,0.17,30.75714286,37.4,44,32.58571429,0.204285714,3.987142857,0.05625,0.0015625,0.07,0.4128125,0.204375,0.05625,0.0015625,0.07,0.4128125,0.204375,0.031605563,0.006321113,0.274968394,0.470290771,0.202907712,0.069973148,0.003159059,0.329015953,0.409887853,0.176433423,Silage Corn,No,Yes,Yes,5,5.586032867,22.36896324
828,7399,DIP_CUR,12/6/23,0,0,0,0,1308,655,653,0,0,0,0.999235474,0,49,2023,0.178571429,31.64285714,36.31428571,40.97142857,29.87142857,0.674285714,3.16,0.308626596,0.06944877,0.54936157,0.164123326,0.143880411,0.308626596,0.06944877,0.54936157,0.164123326,0.143880411,0.338983051,0.03138732,0.61393597,0.133082235,0.16007533,0.350290469,0.063118229,0.613597111,0.169414351,0.138326268,Silage Corn,Yes,No,No,4,5.927192211,18.15420723
829,7400,DIP_CUR,12/12/23,1,1,0,0,1308,655,653,0.000764526,0,0.001526718,1,1,50,2023,0.147142857,25.3,33.48571429,41.67142857,25.35714286,0.592857143,3.898571429,0.308626596,0.06944877,0.54936157,0.164123326,0.143880411,0.308626596,0.06944877,0.54936157,0.164123326,0.143880411,0.338983051,0.03138732,0.61393597,0.133082235,0.16007533,0.350290469,0.063118229,0.613597111,0.169414351,0.138326268,Silage Corn,Yes,No,No,4,5.927192211,18.15420723
830,7401,DIP_CUR,12/19/23,0,0,0,0,1308,655,653,0,0,0,1,0,51,2023,0.338571429,21.8,28.78571429,35.77142857,23.92857143,0.548571429,2.41,0.308626596,0.06944877,0.54936157,0.164123326,0.143880411,0.308626596,0.06944877,0.54936157,0.164123326,0.143880411,0.338983051,0.03138732,0.61393597,0.133082235,0.16007533,0.350290469,0.063118229,0.613597111,0.169414351,0.138326268,Silage Corn,Yes,No,No,4,5.927192211,18.15420723
0,,DIP_CUR,1/10/24,1,0,1,0,2105,1222,883,0.000475059,0.001132503,0,,1,2,2024,0.178571429,28.07142857,33.65714286,39.22857143,26.01428571,0.592857143,2.968571429,0.110982659,0.038150289,0.322543353,0.174566474,0.419653179,0.240762125,0.114896074,0.484411085,0.204099307,0.247113164,0.38875,0.0075,0.555,0.13875,0.155,0.308626596,0.06944877,0.54936157,0.164123326,0.143880411,Silage Corn,No,Yes,Yes,4,5.927192211,18.15420723
1,,DIP_CUR,1/16/24,0,0,0,0,2105,1222,883,0,0,0,,0,3,2024,0.042857143,7,13.8,20.61428571,4.642857143,0.542857143,1.685714286,0.110982659,0.038150289,0.322543353,0.174566474,0.419653179,0.240762125,0.114896074,0.484411085,0.204099307,0.247113164,0.38875,0.0075,0.555,0.13875,0.155,0.308626596,0.06944877,0.54936157,0.164123326,0.143880411,Silage Corn,No,Yes,Yes,4,5.927192211,18.15420723
2,,DIP_CUR,1/23/24,0,0,0,0,2105,1222,883,0,0,0,,0,4,2024,0.275714286,25.07142857,31.75714286,38.44285714,26.61428571,0.524285714,2.11,0.110982659,0.038150289,0.322543353,0.174566474,0.419653179,0.240762125,0.114896074,0.484411085,0.204099307,0.247113164,0.38875,0.0075,0.555,0.13875,0.155,0.308626596,0.06944877,0.54936157,0.164123326,0.143880411,Silage Corn,No,Yes,Yes,4,5.927192211,18.15420723
3,,GAB_ALL,3/8/24,1,1,0,0,220,169,51,0.004545455,0,0.00591716,,1,10,2024,0.528571429,35.71428571,43.1,50.48571429,38.04285714,0.125714286,4.438571429,0.002306805,0,0.003460208,0.55017301,0.173010381,0.008076147,0.000865301,0.011248918,0.562157485,0.083068936,0.004926108,0,0.009852217,0.599753695,0.145320197,0.017310665,0,0.02194745,0.588871716,0.062751159,Silage Corn,Yes,Yes,No,5,5.886958599,28.32917595
4,,GAB_HEN,3/8/24,0,0,0,0,121,77,44,0,0,0,,0,10,2024,0.507142857,35.38571429,42.68571429,49.98571429,37.5,0.142857143,4.354285714,0.286374134,0.19630485,0.644341801,0.099307159,0.183602771,0.230702515,0.111303845,0.479040185,0.205550737,0.239086441,0.328800989,0.165636588,0.733003708,0.096415328,0.077873918,0.271494607,0.108474576,0.564560863,0.208628659,0.11248074,Grain Corn,No,No,Yes,5,5.580504417,16.26403236
5,,GAB_STE,3/8/24,0,0,0,0,81,51,30,0,0,0,,0,10,2024,0.492857143,35.42857143,42.48571429,49.55714286,36.8,0.202857143,4.34,0.010356732,0.002301496,0.013808976,0.896432681,0.087456847,0.022215811,0.000865551,0.040103866,0.774379688,0.140219273,0.024539877,0,0.035582822,0.905521472,0.051533742,0.038556447,0,0.083590376,0.776989513,0.087600247,Silage Corn,No,Yes,Yes,5,5.358693123,12.73650074
6,,KAT_HAB_3,3/11/24,0,0,0,0,873,374,499,0,0,0,,0,11,2024,0.175714286,32.47142857,43.18571429,53.87142857,33.2,0.525714286,8.94,0.274712644,0.066666667,0.51954023,0.137931034,0.256321839,0.158561151,0.099856115,0.331510791,0.357985612,0.210647482,0.31552795,0.217391304,0.572670807,0.070807453,0.144099379,0.225465839,0.07484472,0.333229814,0.310248447,0.113975155,Soybean,No,No,Yes,5,6.10185194,27.97481728
7,,KAT_HAB_4,3/11/24,4,2,2,0,1679,840,839,0.00238237,0.00238379,0.002380952,,4,11,2024,0.197142857,30.98571429,41.74285714,52.5,32.47142857,0.504285714,8.215714286,0.308840413,0.001148106,0.382319173,0.211251435,0.347876005,0.273484631,0.016949153,0.341568515,0.267739155,0.318012065,0.39378882,0.014906832,0.431055901,0.171428571,0.149068323,0.272614237,0.062480572,0.356854212,0.232514765,0.156978551,Silage Corn,Yes,Yes,Yes,5,5.97060585,22.10969543
8,,KAT_JEF_2,3/11/24,4,2,2,0,601,276,325,0.006655574,0.006153846,0.007246377,,4,11,2024,0.15,30.78571429,41.82857143,52.88571429,32.6,0.467142857,8.532857143,0.116225547,0,0.150747986,0.415420023,0.355581128,0.093291103,0.000575871,0.113446588,0.561186294,0.274978405,0.103362391,0.01120797,0.138231631,0.388542964,0.216687422,0.0917603,0.007490637,0.117977528,0.527777778,0.176029963,Silage Corn,No,Yes,Yes,5,6.26295042,37.54327011
9,,KAT_JEF,3/11/24,4,3,1,0,319,174,145,0.012539185,0.006896552,0.017241379,,4,11,2024,0.158571429,30.75714286,41.91428571,53.07142857,32.55714286,0.48,8.681428571,0.067816092,0,0.08045977,0.456321839,0.390804598,0.049539171,0,0.053859447,0.43375576,0.387384793,0.08135169,0,0.082603254,0.4718398,0.202753442,0.056697819,0.001557632,0.070093458,0.415576324,0.204049844,Silage Corn,No,Yes,Yes,5,5.586032867,22.36896324
10,,WIS_COO_2,3/11/24,3,3,0,0,629,362,267,0.004769475,0,0.008287293,,3,11,2024,0.004285714,33.08571429,44.3,55.52857143,29.7,0.854285714,9.83,0.062355658,0.001154734,0.124711316,0.121247113,0.66743649,0.076479076,0.031168831,0.223376623,0.265512266,0.44992785,0.025188917,0.001259446,0.256926952,0.080604534,0.428211587,0.084091622,0.003765297,0.279573266,0.239723878,0.309381864,Silage Corn,No,Yes,No,5,5.539158821,23.32694054
11,,WIS_COO,3/11/24,0,0,0,0,698,418,280,0,0,0,,0,11,2024,0.008571429,33.07142857,43.98571429,54.91428571,29.78571429,0.847142857,9.472857143,0.147295742,0.01150748,0.261219793,0.155350978,0.554660529,0.12056533,0.062013268,0.246899337,0.26910874,0.434092876,0.259119497,0.030188679,0.472955975,0.113207547,0.364779874,0.21799308,0.02327776,0.359547027,0.235923246,0.304183706,Silage Corn,No,Yes,No,5,5.968518734,24.17316246
12,,DIP_FLE,3/12/24,7,6,1,0,1196,650,546,0.005852843,0.001831502,0.009230769,,7,11,2024,0.084285714,32.68571429,42.65714286,52.62857143,32.05714286,0.494285714,8.307142857,0.412918108,0.002306805,0.519031142,0.228373702,0.193771626,0.268686869,0.002020202,0.550649351,0.171139971,0.220779221,0.4622057,0.002478315,0.566294919,0.194547708,0.168525403,0.302484472,0.005590062,0.604658385,0.145652174,0.12173913,Silage Corn,No,No,No,5,6.317162514,28.22133827
13,,DIP_PAT,3/12/24,0,0,0,0,2204,1209,995,0,0,0,,0,11,2024,0.068571429,33.11428571,43.48571429,53.88571429,33.15714286,0.492857143,8.598571429,0.384704519,0.004634994,0.475086906,0.361529548,0.162224797,0.356132756,0.004617605,0.638961039,0.172005772,0.148051948,0.388337469,0.023573201,0.549627792,0.339950372,0.054590571,0.256710892,0.140080222,0.721382289,0.14594261,0.053687134,Silage Corn,Yes,Yes,No,5,6.454941273,26.51252174
14,,DIP_CUR,3/12/24,0,0,0,0,2105,1222,883,0,0,0,,0,11,2024,0.095714286,30.18571429,41.02857143,51.88571429,29.4,0.685714286,8.705714286,0.110982659,0.038150289,0.322543353,0.174566474,0.419653179,0.240762125,0.114896074,0.484411085,0.204099307,0.247113164,0.38875,0.0075,0.555,0.13875,0.155,0.308626596,0.06944877,0.54936157,0.164123326,0.143880411,Silage Corn,No,Yes,Yes,4,5.927192211,18.15420723
15,,DEG_VIL,3/12/24,3,1,2,0,381,196,185,0.007874016,0.010810811,0.005102041,,3,11,2024,0.102857143,31.24285714,41.2,51.14285714,31.54285714,0.358571429,7.707142857,0.548498845,0.026558891,0.595842956,0.162817552,0.118937644,0.275981524,0.040415704,0.380773672,0.259526559,0.213337182,0.558312655,0.023573201,0.601736973,0.096774194,0.129032258,0.309361438,0.013949163,0.432114073,0.210477371,0.140111593,Grain Corn,No,No,Yes,5,6.654009819,18.75856018
16,,STA_THO,3/12/24,0,0,0,0,1163,622,541,0,0,0,,0,11,2024,0.09,33.31428571,43.41428571,53.47142857,33.25714286,0.527142857,8.334285714,0.384792627,0.074884793,0.517281106,0.054147465,0.299539171,0.291402193,0.045008656,0.362088863,0.239469129,0.27034045,0.180024661,0.257706535,0.605425401,0.051787916,0.141800247,0.159692308,0.199076923,0.472923077,0.220307692,0.138769231,Grain Corn,No,No,No,3,6.241055012,20.55567551
17,,STA_AYR,3/12/24,3,3,0,0,976,585,391,0.00307377,0,0.005128205,,3,11,2024,0.092857143,33.9,43.65714286,53.42857143,33.18571429,0.624285714,8.327142857,0.277522936,0.058486239,0.415137615,0.365825688,0.152522936,0.148617512,0.030817972,0.270737327,0.495679724,0.171947005,0.079110012,0.242274413,0.470951792,0.327564895,0.132262052,0.071560765,0.175817397,0.313386798,0.482109809,0.11967921,Soybean,No,No,Yes,3,6.536432266,34.06747055
18,,SMI_JOH,3/12/24,1,1,0,0,6,5,1,0.166666667,0,0.2,,1,11,2024,0.075714286,30.94285714,41.12857143,51.31428571,31.88571429,0.275714286,7.457142857,0.284890427,0.001153403,0.327566321,0.332179931,0.277970012,0.23881028,0.000577534,0.254692463,0.409182789,0.276349986,0.236679058,0.080545229,0.436183395,0.262701363,0.182156134,0.152495379,0.125385089,0.345964264,0.359519409,0.178989526,Silage Corn,No,Yes,Yes,5,6.416008472,24.34096146
19,,SEA_HOO,3/12/24,0,0,0,0,723,356,367,0,0,0,,0,11,2024,0.071428571,33.88571429,43.54285714,53.2,31.97142857,0.675714286,8.445714286,0.105324074,0.268518519,0.631944444,0.091435185,0.189814815,0.135969977,0.272517321,0.67147806,0.089203233,0.174942263,0.194029851,0.133084577,0.741293532,0.093283582,0.039800995,0.233983287,0.179510987,0.787681832,0.082017951,0.042092232,Sweet Corn,Yes,Yes,Yes,4,6.488575935,26.25037003
20,,POV_DUN,3/12/24,0,0,0,0,52,26,26,0,0,0,,0,11,2024,0.088571429,31.68571429,42.67142857,53.62857143,31.27142857,0.49,9.182857143,0.002304147,0,0.002304147,0.495391705,0.411290323,0.000577367,0,0.000866051,0.529734411,0.329099307,0.00248139,0.001240695,0.009925558,0.482630273,0.333746898,0.002804612,0.001246494,0.031785603,0.479588657,0.272982237,Silage Corn,No,No,No,4,5.781182766,20.7029171
21,,DEG_PER_STRIP,3/12/24,2,0,2,0,391,254,137,0.00511509,0.01459854,0,,2,11,2024,0.111428571,30.18571429,40.28571429,50.38571429,31.22857143,0.258571429,7.397142857,0.170310702,0.193325662,0.449942463,0.126582278,0.372842348,0.233919815,0.073262186,0.366310932,0.344101529,0.235938852,0.238509317,0.070807453,0.57515528,0.114285714,0.182608696,0.219398822,0.038735668,0.408738767,0.320111559,0.138518748,Grain Corn,Yes,No,No,5,5.993263245,23.35876274
22,,DEG_FOU_WOOD,3/12/24,0,0,0,0,257,147,110,0,0,0,,0,11,2024,0.091428571,30.6,40.71428571,50.81428571,31.5,0.251428571,7.671428571,0.339491917,0,0.451501155,0.061200924,0.387990762,0.245086705,0.01416185,0.34017341,0.210115607,0.378034682,0.42039801,0.002487562,0.508706468,0.031094527,0.19278607,0.307001239,0.002168525,0.413568773,0.190520446,0.173482032,Silage Corn,Yes,Yes,No,5,5.715062618,20.57002831
23,,DEG_DIE_HILL,3/12/24,4,2,2,0,475,266,209,0.008421053,0.009569378,0.007518797,,4,11,2024,0.098571429,30.32857143,40.55714286,50.8,31.61428571,0.185714286,7.562857143,0.188439306,0.301734104,0.576878613,0.050867052,0.306358382,0.166233766,0.07965368,0.285714286,0.207503608,0.267243867,0.367119901,0.007416564,0.597033375,0.044499382,0.171817058,0.149689441,0.003416149,0.311490683,0.196583851,0.186024845,Grain Corn,Yes,No,No,5,6.039941311,24.28417015
24,,GAB_ALL,3/13/24,5,5,0,0,220,169,51,0.022727273,0,0.029585799,,5,11,2024,0.067142857,34.87142857,44.9,54.94285714,31.94285714,0.582857143,9.291428571,0.002306805,0,0.003460208,0.55017301,0.173010381,0.008076147,0.000865301,0.011248918,0.562157485,0.083068936,0.004926108,0,0.009852217,0.599753695,0.145320197,0.017310665,0,0.02194745,0.588871716,0.062751159,Silage Corn,Yes,Yes,No,5,5.886958599,28.32917595
25,,GAB_HEN,3/13/24,1,0,1,0,121,77,44,0.008264463,0.022727273,0,,1,11,2024,0.085714286,32.42857143,42.94285714,53.48571429,31.37142857,0.4,8.592857143,0.286374134,0.19630485,0.644341801,0.099307159,0.183602771,0.230702515,0.111303845,0.479040185,0.205550737,0.239086441,0.328800989,0.165636588,0.733003708,0.096415328,0.077873918,0.271494607,0.108474576,0.564560863,0.208628659,0.11248074,Grain Corn,No,No,Yes,5,5.580504417,16.26403236
26,,GAB_STE,3/13/24,1,1,0,0,81,51,30,0.012345679,0,0.019607843,,1,11,2024,0.082857143,32.3,42.37142857,52.42857143,30.77142857,0.468571429,8.182857143,0.010356732,0.002301496,0.013808976,0.896432681,0.087456847,0.022215811,0.000865551,0.040103866,0.774379688,0.140219273,0.024539877,0,0.035582822,0.905521472,0.051533742,0.038556447,0,0.083590376,0.776989513,0.087600247,Silage Corn,No,Yes,Yes,5,5.358693123,12.73650074
27,,WIS_COO_2,3/18/24,6,5,1,0,629,362,267,0.009538951,0.003745318,0.013812155,,6,12,2024,0.344285714,24.08571429,32.58571429,41.07142857,19.48571429,0.638571429,5.251428571,0.062355658,0.001154734,0.124711316,0.121247113,0.66743649,0.076479076,0.031168831,0.223376623,0.265512266,0.44992785,0.025188917,0.001259446,0.256926952,0.080604534,0.428211587,0.084091622,0.003765297,0.279573266,0.239723878,0.309381864,Silage Corn,No,Yes,No,5,5.539158821,23.32694054
28,,WIS_COO,3/18/24,4,4,0,0,698,418,280,0.005730659,0,0.009569378,,4,12,2024,0.348571429,24.12857143,32.42857143,40.71428571,19.51428571,0.641428571,5.124285714,0.147295742,0.01150748,0.261219793,0.155350978,0.554660529,0.12056533,0.062013268,0.246899337,0.26910874,0.434092876,0.259119497,0.030188679,0.472955975,0.113207547,0.364779874,0.21799308,0.02327776,0.359547027,0.235923246,0.304183706,Silage Corn,No,Yes,No,5,5.968518734,24.17316246
29,,DEG_DIE_HILL,3/18/24,6,4,2,0,475,266,209,0.012631579,0.009569378,0.015037594,,6,12,2024,0.201428571,20.67142857,27.3,34,21.38571429,0.19,2.61,0.188439306,0.301734104,0.576878613,0.050867052,0.306358382,0.166233766,0.07965368,0.285714286,0.207503608,0.267243867,0.367119901,0.007416564,0.597033375,0.044499382,0.171817058,0.149689441,0.003416149,0.311490683,0.196583851,0.186024845,Grain Corn,Yes,No,No,5,6.039941311,24.28417015
30,,SMI_JOH,3/18/24,0,0,0,0,6,5,1,0,0,0,,0,12,2024,0.2,20.25714286,27.48571429,34.7,20.65714286,0.348571429,3.112857143,0.284890427,0.001153403,0.327566321,0.332179931,0.277970012,0.23881028,0.000577534,0.254692463,0.409182789,0.276349986,0.236679058,0.080545229,0.436183395,0.262701363,0.182156134,0.152495379,0.125385089,0.345964264,0.359519409,0.178989526,Silage Corn,No,Yes,Yes,5,6.416008472,24.34096146
31,,DIP_FLE,3/19/24,1,0,1,0,1196,650,546,0.00083612,0.001831502,0,,1,12,2024,0.144285714,22.41428571,28.91428571,35.41428571,21.15714286,0.334285714,3.175714286,0.412918108,0.002306805,0.519031142,0.228373702,0.193771626,0.268686869,0.002020202,0.550649351,0.171139971,0.220779221,0.4622057,0.002478315,0.566294919,0.194547708,0.168525403,0.302484472,0.005590062,0.604658385,0.145652174,0.12173913,Silage Corn,No,No,No,5,6.317162514,28.22133827
32,,STA_AYR,3/19/24,6,4,2,0,976,585,391,0.006147541,0.00511509,0.006837607,,6,12,2024,0.071428571,23.72857143,28.91428571,34.1,21.25714286,0.388571429,3.027142857,0.277522936,0.058486239,0.415137615,0.365825688,0.152522936,0.148617512,0.030817972,0.270737327,0.495679724,0.171947005,0.079110012,0.242274413,0.470951792,0.327564895,0.132262052,0.071560765,0.175817397,0.313386798,0.482109809,0.11967921,Soybean,No,No,Yes,3,6.536432266,34.06747055
33,,KAT_JEF_2,3/19/24,1,0,1,0,601,276,325,0.001663894,0.003076923,0,,1,12,2024,0.104285714,19.65714286,26.57142857,33.44285714,19.55714286,0.31,2.828571429,0.116225547,0,0.150747986,0.415420023,0.355581128,0.093291103,0.000575871,0.113446588,0.561186294,0.274978405,0.103362391,0.01120797,0.138231631,0.388542964,0.216687422,0.0917603,0.007490637,0.117977528,0.527777778,0.176029963,Silage Corn,No,Yes,Yes,5,6.26295042,37.54327011
34,,DIP_CUR,3/19/24,0,0,0,0,2105,1222,883,0,0,0,,0,12,2024,0.188571429,19.67142857,27.25714286,34.85714286,18.84285714,0.627142857,3.118571429,0.110982659,0.038150289,0.322543353,0.174566474,0.419653179,0.240762125,0.114896074,0.484411085,0.204099307,0.247113164,0.38875,0.0075,0.555,0.13875,0.155,0.308626596,0.06944877,0.54936157,0.164123326,0.143880411,Silage Corn,No,Yes,Yes,4,5.927192211,18.15420723
35,,KAT_JEF,3/19/24,1,0,1,0,319,174,145,0.003134796,0.006896552,0,,1,12,2024,0.084285714,19.74285714,26.65714286,33.55714286,19.48571429,0.312857143,2.864285714,0.067816092,0,0.08045977,0.456321839,0.390804598,0.049539171,0,0.053859447,0.43375576,0.387384793,0.08135169,0,0.082603254,0.4718398,0.202753442,0.056697819,0.001557632,0.070093458,0.415576324,0.204049844,Silage Corn,No,Yes,Yes,5,5.586032867,22.36896324
36,,KAT_HAB_4,3/19/24,15,12,3,0,1679,840,839,0.008933889,0.003575685,0.014285714,,15,12,2024,0.16,17.98571429,25.77142857,33.54285714,19.31428571,0.218571429,2.861428571,0.308840413,0.001148106,0.382319173,0.211251435,0.347876005,0.273484631,0.016949153,0.341568515,0.267739155,0.318012065,0.39378882,0.014906832,0.431055901,0.171428571,0.149068323,0.272614237,0.062480572,0.356854212,0.232514765,0.156978551,Silage Corn,Yes,Yes,Yes,5,5.97060585,22.10969543
37,,STA_THO,3/19/24,0,0,0,0,1163,622,541,0,0,0,,0,12,2024,0.075714286,24.57142857,29.71428571,34.91428571,21.4,0.455714286,3.204285714,0.384792627,0.074884793,0.517281106,0.054147465,0.299539171,0.291402193,0.045008656,0.362088863,0.239469129,0.27034045,0.180024661,0.257706535,0.605425401,0.051787916,0.141800247,0.159692308,0.199076923,0.472923077,0.220307692,0.138769231,Grain Corn,No,No,No,3,6.241055012,20.55567551
38,,DIP_PAT,3/19/24,0,0,0,0,2204,1209,995,0,0,0,,0,12,2024,0.124285714,23.87142857,29.7,35.5,21.52857143,0.427142857,3.39,0.384704519,0.004634994,0.475086906,0.361529548,0.162224797,0.356132756,0.004617605,0.638961039,0.172005772,0.148051948,0.388337469,0.023573201,0.549627792,0.339950372,0.054590571,0.256710892,0.140080222,0.721382289,0.14594261,0.053687134,Silage Corn,Yes,Yes,No,5,6.454941273,26.51252174
39,,KAT_HAB_3,3/19/24,2,1,1,0,873,374,499,0.002290951,0.002004008,0.002673797,,2,12,2024,0.14,21,27.61428571,34.22857143,19.87142857,0.382857143,2.951428571,0.274712644,0.066666667,0.51954023,0.137931034,0.256321839,0.158561151,0.099856115,0.331510791,0.357985612,0.210647482,0.31552795,0.217391304,0.572670807,0.070807453,0.144099379,0.225465839,0.07484472,0.333229814,0.310248447,0.113975155,Soybean,No,No,Yes,5,6.10185194,27.97481728
40,,DEG_VIL,3/19/24,1,1,0,0,381,196,185,0.002624672,0,0.005102041,,1,12,2024,0.208571429,20.82857143,27.41428571,34.01428571,20.88571429,0.28,2.761428571,0.548498845,0.026558891,0.595842956,0.162817552,0.118937644,0.275981524,0.040415704,0.380773672,0.259526559,0.213337182,0.558312655,0.023573201,0.601736973,0.096774194,0.129032258,0.309361438,0.013949163,0.432114073,0.210477371,0.140111593,Grain Corn,No,No,Yes,5,6.654009819,18.75856018
41,,SEA_HOO,3/19/24,2,2,0,0,723,356,367,0.002766252,0,0.005617978,,2,12,2024,0.082857143,22.01428571,28.12857143,34.22857143,20.15714286,0.442857143,3.102857143,0.105324074,0.268518519,0.631944444,0.091435185,0.189814815,0.135969977,0.272517321,0.67147806,0.089203233,0.174942263,0.194029851,0.133084577,0.741293532,0.093283582,0.039800995,0.233983287,0.179510987,0.787681832,0.082017951,0.042092232,Sweet Corn,Yes,Yes,Yes,4,6.488575935,26.25037003
42,,DEG_FOU_WOOD,3/19/24,1,1,0,0,257,147,110,0.003891051,0,0.006802721,,1,12,2024,0.185714286,20.41428571,27.15714286,33.91428571,21.35714286,0.167142857,2.588571429,0.339491917,0,0.451501155,0.061200924,0.387990762,0.245086705,0.01416185,0.34017341,0.210115607,0.378034682,0.42039801,0.002487562,0.508706468,0.031094527,0.19278607,0.307001239,0.002168525,0.413568773,0.190520446,0.173482032,Silage Corn,Yes,Yes,No,5,5.715062618,20.57002831
43,,DEG_PER_STRIP,3/19/24,0,0,0,0,391,254,137,0,0,0,,0,12,2024,0.215714286,20.34285714,26.92857143,33.51428571,20.75714286,0.234285714,2.637142857,0.170310702,0.193325662,0.449942463,0.126582278,0.372842348,0.233919815,0.073262186,0.366310932,0.344101529,0.235938852,0.238509317,0.070807453,0.57515528,0.114285714,0.182608696,0.219398822,0.038735668,0.408738767,0.320111559,0.138518748,Grain Corn,Yes,No,No,5,5.993263245,23.35876274
44,,POV_DUN,3/19/24,3,2,1,0,52,26,26,0.057692308,0.038461538,0.076923077,,3,12,2024,0.158571429,20.74285714,28.45714286,36.18571429,20.64285714,0.277142857,3.402857143,0.002304147,0,0.002304147,0.495391705,0.411290323,0.000577367,0,0.000866051,0.529734411,0.329099307,0.00248139,0.001240695,0.009925558,0.482630273,0.333746898,0.002804612,0.001246494,0.031785603,0.479588657,0.272982237,Silage Corn,No,No,No,4,5.781182766,20.7029171
45,,GAB_ALL,3/21/24,3,2,1,0,220,169,51,0.013636364,0.019607843,0.01183432,,3,12,2024,0.284285714,24.7,32.7,40.71428571,20.71428571,0.82,5.041428571,0.002306805,0,0.003460208,0.55017301,0.173010381,0.008076147,0.000865301,0.011248918,0.562157485,0.083068936,0.004926108,0,0.009852217,0.599753695,0.145320197,0.017310665,0,0.02194745,0.588871716,0.062751159,Silage Corn,Yes,Yes,No,5,5.886958599,28.32917595
46,,GAB_HEN,3/21/24,1,1,0,0,121,77,44,0.008264463,0,0.012987013,,1,12,2024,0.284285714,23.48571429,31.7,39.87142857,20.15714286,0.738571429,4.832857143,0.286374134,0.19630485,0.644341801,0.099307159,0.183602771,0.230702515,0.111303845,0.479040185,0.205550737,0.239086441,0.328800989,0.165636588,0.733003708,0.096415328,0.077873918,0.271494607,0.108474576,0.564560863,0.208628659,0.11248074,Grain Corn,No,No,Yes,5,5.580504417,16.26403236
47,,GAB_STE,3/21/24,1,0,1,0,81,51,30,0.012345679,0.033333333,0,,1,12,2024,0.28,23.95714286,31.57142857,39.15714286,19.44285714,0.828571429,4.682857143,0.010356732,0.002301496,0.013808976,0.896432681,0.087456847,0.022215811,0.000865551,0.040103866,0.774379688,0.140219273,0.024539877,0,0.035582822,0.905521472,0.051533742,0.038556447,0,0.083590376,0.776989513,0.087600247,Silage Corn,No,Yes,Yes,5,5.358693123,12.73650074
48,,WIS_COO_2,3/24/24,0,0,0,0,629,362,267,0,0,0,,0,12,2024,0.344285714,24.08571429,32.58571429,41.07142857,19.48571429,0.638571429,5.251428571,0.062355658,0.001154734,0.124711316,0.121247113,0.66743649,0.076479076,0.031168831,0.223376623,0.265512266,0.44992785,0.025188917,0.001259446,0.256926952,0.080604534,0.428211587,0.084091622,0.003765297,0.279573266,0.239723878,0.309381864,Silage Corn,No,Yes,No,5,5.539158821,23.32694054
49,,WIS_COO,3/24/24,0,0,0,0,698,418,280,0,0,0,,0,12,2024,0.348571429,24.12857143,32.42857143,40.71428571,19.51428571,0.641428571,5.124285714,0.147295742,0.01150748,0.261219793,0.155350978,0.554660529,0.12056533,0.062013268,0.246899337,0.26910874,0.434092876,0.259119497,0.030188679,0.472955975,0.113207547,0.364779874,0.21799308,0.02327776,0.359547027,0.235923246,0.304183706,Silage Corn,No,Yes,No,5,5.968518734,24.17316246
50,,DEG_PER_STRIP,3/25/24,0,0,0,0,391,254,137,0,0,0,,0,13,2024,0,28.38571429,36.87142857,45.35714286,26.52857143,1.06,5.135714286,0.170310702,0.193325662,0.449942463,0.126582278,0.372842348,0.233919815,0.073262186,0.366310932,0.344101529,0.235938852,0.238509317,0.070807453,0.57515528,0.114285714,0.182608696,0.219398822,0.038735668,0.408738767,0.320111559,0.138518748,Grain Corn,Yes,No,No,5,5.993263245,23.35876274
51,,DEG_FOU_WOOD,3/25/24,0,0,0,0,257,147,110,0,0,0,,0,13,2024,0,28.4,36.92857143,45.47142857,27.17142857,0.908571429,5.067142857,0.339491917,0,0.451501155,0.061200924,0.387990762,0.245086705,0.01416185,0.34017341,0.210115607,0.378034682,0.42039801,0.002487562,0.508706468,0.031094527,0.19278607,0.307001239,0.002168525,0.413568773,0.190520446,0.173482032,Silage Corn,Yes,Yes,No,5,5.715062618,20.57002831
52,,KAT_HAB_4,3/25/24,0,0,0,0,1679,840,839,0,0,0,,0,13,2024,0.048571429,27.54285714,37.52857143,47.5,25.35714286,0.978571429,6.875714286,0.308840413,0.001148106,0.382319173,0.211251435,0.347876005,0.273484631,0.016949153,0.341568515,0.267739155,0.318012065,0.39378882,0.014906832,0.431055901,0.171428571,0.149068323,0.272614237,0.062480572,0.356854212,0.232514765,0.156978551,Silage Corn,Yes,Yes,Yes,5,5.97060585,22.10969543
53,,DEG_DIE_HILL,3/25/24,0,0,0,0,475,266,209,0,0,0,,0,13,2024,0,28.38571429,36.92857143,45.45714286,27.18571429,0.92,5.04,0.188439306,0.301734104,0.576878613,0.050867052,0.306358382,0.166233766,0.07965368,0.285714286,0.207503608,0.267243867,0.367119901,0.007416564,0.597033375,0.044499382,0.171817058,0.149689441,0.003416149,0.311490683,0.196583851,0.186024845,Grain Corn,Yes,No,No,5,6.039941311,24.28417015
54,,KAT_JEF,3/25/24,0,0,0,0,319,174,145,0,0,0,,0,13,2024,0.052857143,27.37142857,38.1,48.87142857,25.65714286,0.984285714,7.421428571,0.067816092,0,0.08045977,0.456321839,0.390804598,0.049539171,0,0.053859447,0.43375576,0.387384793,0.08135169,0,0.082603254,0.4718398,0.202753442,0.056697819,0.001557632,0.070093458,0.415576324,0.204049844,Silage Corn,No,Yes,Yes,5,5.586032867,22.36896324
55,,DEG_VIL,3/25/24,0,0,0,0,381,196,185,0,0,0,,0,13,2024,0,29.1,37.7,46.28571429,26.65714286,1.142857143,5.502857143,0.548498845,0.026558891,0.595842956,0.162817552,0.118937644,0.275981524,0.040415704,0.380773672,0.259526559,0.213337182,0.558312655,0.023573201,0.601736973,0.096774194,0.129032258,0.309361438,0.013949163,0.432114073,0.210477371,0.140111593,Grain Corn,No,No,Yes,5,6.654009819,18.75856018
56,,KAT_HAB_3,3/25/24,0,0,0,0,873,374,499,0,0,0,,0,13,2024,0.047142857,29.31428571,38.48571429,47.62857143,26.1,1.111428571,6.801428571,0.274712644,0.066666667,0.51954023,0.137931034,0.256321839,0.158561151,0.099856115,0.331510791,0.357985612,0.210647482,0.31552795,0.217391304,0.572670807,0.070807453,0.144099379,0.225465839,0.07484472,0.333229814,0.310248447,0.113975155,Soybean,No,No,Yes,5,6.10185194,27.97481728
57,,KAT_JEF_2,3/25/24,0,0,0,0,601,276,325,0,0,0,,0,13,2024,0.055714286,27.34285714,37.88571429,48.41428571,25.74285714,0.962857143,7.228571429,0.116225547,0,0.150747986,0.415420023,0.355581128,0.093291103,0.000575871,0.113446588,0.561186294,0.274978405,0.103362391,0.01120797,0.138231631,0.388542964,0.216687422,0.0917603,0.007490637,0.117977528,0.527777778,0.176029963,Silage Corn,No,Yes,Yes,5,6.26295042,37.54327011
58,,GAB_HEN,3/26/24,0,0,0,0,121,77,44,0,0,0,,0,13,2024,0.044285714,29.07142857,38.18571429,47.27142857,27.54285714,0.767142857,5.965714286,0.286374134,0.19630485,0.644341801,0.099307159,0.183602771,0.230702515,0.111303845,0.479040185,0.205550737,0.239086441,0.328800989,0.165636588,0.733003708,0.096415328,0.077873918,0.271494607,0.108474576,0.564560863,0.208628659,0.11248074,Grain Corn,No,No,Yes,5,5.580504417,16.26403236
59,,DIP_PAT,3/26/24,0,0,0,0,2204,1209,995,0,0,0,,0,13,2024,0,31.21428571,40.32857143,49.42857143,26.77142857,1.478571429,7.038571429,0.384704519,0.004634994,0.475086906,0.361529548,0.162224797,0.356132756,0.004617605,0.638961039,0.172005772,0.148051948,0.388337469,0.023573201,0.549627792,0.339950372,0.054590571,0.256710892,0.140080222,0.721382289,0.14594261,0.053687134,Silage Corn,Yes,Yes,No,5,6.454941273,26.51252174
60,,GAB_STE,3/26/24,0,0,0,0,81,51,30,0,0,0,,0,13,2024,0.044285714,29.05714286,38.14285714,47.21428571,26.75714286,0.818571429,6.127142857,0.010356732,0.002301496,0.013808976,0.896432681,0.087456847,0.022215811,0.000865551,0.040103866,0.774379688,0.140219273,0.024539877,0,0.035582822,0.905521472,0.051533742,0.038556447,0,0.083590376,0.776989513,0.087600247,Silage Corn,No,Yes,Yes,5,5.358693123,12.73650074
61,,STA_AYR,3/26/24,1,1,0,0,976,585,391,0.00102459,0,0.001709402,,1,13,2024,0,31.2,40.22857143,49.22857143,25.58571429,1.498571429,7.364285714,0.277522936,0.058486239,0.415137615,0.365825688,0.152522936,0.148617512,0.030817972,0.270737327,0.495679724,0.171947005,0.079110012,0.242274413,0.470951792,0.327564895,0.132262052,0.071560765,0.175817397,0.313386798,0.482109809,0.11967921,Soybean,No,No,Yes,3,6.536432266,34.06747055
62,,DIP_FLE,3/26/24,0,0,0,0,1196,650,546,0,0,0,,0,13,2024,0,30.04285714,38.98571429,47.97142857,26.78571429,1.247142857,6.422857143,0.412918108,0.002306805,0.519031142,0.228373702,0.193771626,0.268686869,0.002020202,0.550649351,0.171139971,0.220779221,0.4622057,0.002478315,0.566294919,0.194547708,0.168525403,0.302484472,0.005590062,0.604658385,0.145652174,0.12173913,Silage Corn,No,No,No,5,6.317162514,28.22133827
63,,SEA_HOO,3/26/24,0,0,0,0,723,356,367,0,0,0,,0,13,2024,0,30.84285714,39.77142857,48.67142857,25.1,1.581428571,7.327142857,0.105324074,0.268518519,0.631944444,0.091435185,0.189814815,0.135969977,0.272517321,0.67147806,0.089203233,0.174942263,0.194029851,0.133084577,0.741293532,0.093283582,0.039800995,0.233983287,0.179510987,0.787681832,0.082017951,0.042092232,Sweet Corn,Yes,Yes,Yes,4,6.488575935,26.25037003
64,,GAB_ALL,3/26/24,0,0,0,0,220,169,51,0,0,0,,0,13,2024,0.05,31.07142857,39.28571429,47.47142857,28.04285714,1.037142857,5.862857143,0.002306805,0,0.003460208,0.55017301,0.173010381,0.008076147,0.000865301,0.011248918,0.562157485,0.083068936,0.004926108,0,0.009852217,0.599753695,0.145320197,0.017310665,0,0.02194745,0.588871716,0.062751159,Silage Corn,Yes,Yes,No,5,5.886958599,28.32917595
65,,DIP_CUR,3/26/24,0,0,0,0,2105,1222,883,0,0,0,,0,13,2024,0,28.54285714,37.38571429,46.22857143,25.42857143,1.342857143,5.811428571,0.110982659,0.038150289,0.322543353,0.174566474,0.419653179,0.240762125,0.114896074,0.484411085,0.204099307,0.247113164,0.38875,0.0075,0.555,0.13875,0.155,0.308626596,0.06944877,0.54936157,0.164123326,0.143880411,Silage Corn,No,Yes,Yes,4,5.927192211,18.15420723
66,,STA_THO,3/26/24,1,1,0,0,1163,622,541,0.000859845,0,0.001607717,,1,13,2024,0,31.47142857,40.44285714,49.44285714,25.65714286,1.532857143,7.475714286,0.384792627,0.074884793,0.517281106,0.054147465,0.299539171,0.291402193,0.045008656,0.362088863,0.239469129,0.27034045,0.180024661,0.257706535,0.605425401,0.051787916,0.141800247,0.159692308,0.199076923,0.472923077,0.220307692,0.138769231,Grain Corn,No,No,No,3,6.241055012,20.55567551
67,,POV_DUN,3/26/24,0,0,0,0,52,26,26,0,0,0,,0,13,2024,0,28.3,38.4,48.48571429,26.61428571,0.981428571,6.667142857,0.002304147,0,0.002304147,0.495391705,0.411290323,0.000577367,0,0.000866051,0.529734411,0.329099307,0.00248139,0.001240695,0.009925558,0.482630273,0.333746898,0.002804612,0.001246494,0.031785603,0.479588657,0.272982237,Silage Corn,No,No,No,4,5.781182766,20.7029171
68,,SMI_JOH,3/28/24,5,4,1,0,6,5,1,0.833333333,1,0.8,,5,13,2024,0,28.3,37.94285714,47.52857143,26.28571429,0.951428571,6.01,0.284890427,0.001153403,0.327566321,0.332179931,0.277970012,0.23881028,0.000577534,0.254692463,0.409182789,0.276349986,0.236679058,0.080545229,0.436183395,0.262701363,0.182156134,0.152495379,0.125385089,0.345964264,0.359519409,0.178989526,Silage Corn,No,Yes,Yes,5,6.416008472,24.34096146
69,,KAT_HAB_3,4/1/24,1,1,0,0,873,374,499,0.001145475,0,0.002673797,,1,14,2024,0.21,33.21428571,40.77142857,48.28571429,34.54285714,0.275714286,4.597142857,0.274712644,0.066666667,0.51954023,0.137931034,0.256321839,0.158561151,0.099856115,0.331510791,0.357985612,0.210647482,0.31552795,0.217391304,0.572670807,0.070807453,0.144099379,0.225465839,0.07484472,0.333229814,0.310248447,0.113975155,Soybean,No,No,Yes,5,6.10185194,27.97481728
70,,DEG_FOU_WOOD,4/1/24,3,1,2,0,257,147,110,0.011673152,0.018181818,0.006802721,,3,14,2024,0.318571429,32.48571429,37.9,43.32857143,33.21428571,0.267142857,3.184285714,0.339491917,0,0.451501155,0.061200924,0.387990762,0.245086705,0.01416185,0.34017341,0.210115607,0.378034682,0.42039801,0.002487562,0.508706468,0.031094527,0.19278607,0.307001239,0.002168525,0.413568773,0.190520446,0.173482032,Silage Corn,Yes,Yes,No,5,5.715062618,20.57002831
71,,WIS_COO,4/1/24,26,22,4,0,698,418,280,0.037249284,0.014285714,0.052631579,,26,14,2024,0.242857143,33.14285714,38.94285714,44.74285714,31.25714286,0.552857143,4.438571429,0.147295742,0.01150748,0.261219793,0.155350978,0.554660529,0.12056533,0.062013268,0.246899337,0.26910874,0.434092876,0.259119497,0.030188679,0.472955975,0.113207547,0.364779874,0.21799308,0.02327776,0.359547027,0.235923246,0.304183706,Silage Corn,No,Yes,No,5,5.968518734,24.17316246
72,,STA_THO,4/1/24,2,2,0,0,1163,622,541,0.00171969,0,0.003215434,,2,14,2024,0.232857143,35.18571429,40.78571429,46.37142857,34.47142857,0.541428571,4.085714286,0.384792627,0.074884793,0.517281106,0.054147465,0.299539171,0.291402193,0.045008656,0.362088863,0.239469129,0.27034045,0.180024661,0.257706535,0.605425401,0.051787916,0.141800247,0.159692308,0.199076923,0.472923077,0.220307692,0.138769231,Grain Corn,No,No,No,3,6.241055012,20.55567551
73,,GAB_STE,4/1/24,1,1,0,0,81,51,30,0.012345679,0,0.019607843,,1,14,2024,0.128571429,33.21428571,40.31428571,47.37142857,31.31428571,0.547142857,5.671428571,0.010356732,0.002301496,0.013808976,0.896432681,0.087456847,0.022215811,0.000865551,0.040103866,0.774379688,0.140219273,0.024539877,0,0.035582822,0.905521472,0.051533742,0.038556447,0,0.083590376,0.776989513,0.087600247,Silage Corn,No,Yes,Yes,5,5.358693123,12.73650074
74,,DEG_VIL,4/1/24,15,6,9,0,381,196,185,0.039370079,0.048648649,0.030612245,,15,14,2024,0.327142857,32.64285714,38.45714286,44.25714286,32.81428571,0.362857143,3.7,0.548498845,0.026558891,0.595842956,0.162817552,0.118937644,0.275981524,0.040415704,0.380773672,0.259526559,0.213337182,0.558312655,0.023573201,0.601736973,0.096774194,0.129032258,0.309361438,0.013949163,0.432114073,0.210477371,0.140111593,Grain Corn,No,No,Yes,5,6.654009819,18.75856018
75,,GAB_HEN,4/1/24,1,1,0,0,121,77,44,0.008264463,0,0.012987013,,1,14,2024,0.125714286,33.27142857,40.37142857,47.51428571,31.88571429,0.441428571,5.501428571,0.286374134,0.19630485,0.644341801,0.099307159,0.183602771,0.230702515,0.111303845,0.479040185,0.205550737,0.239086441,0.328800989,0.165636588,0.733003708,0.096415328,0.077873918,0.271494607,0.108474576,0.564560863,0.208628659,0.11248074,Grain Corn,No,No,Yes,5,5.580504417,16.26403236
76,,GAB_ALL,4/1/24,9,3,6,0,220,169,51,0.040909091,0.117647059,0.017751479,,9,14,2024,0.142857143,34.58571429,41.2,47.81428571,32.41428571,0.591428571,5.395714286,0.002306805,0,0.003460208,0.55017301,0.173010381,0.008076147,0.000865301,0.011248918,0.562157485,0.083068936,0.004926108,0,0.009852217,0.599753695,0.145320197,0.017310665,0,0.02194745,0.588871716,0.062751159,Silage Corn,Yes,Yes,No,5,5.886958599,28.32917595
77,,KAT_HAB_4,4/1/24,6,0,6,0,1679,840,839,0.003573556,0.007151371,0,,6,14,2024,0.235714286,32.27142857,39.82857143,47.31428571,33.97142857,0.18,4.294285714,0.308840413,0.001148106,0.382319173,0.211251435,0.347876005,0.273484631,0.016949153,0.341568515,0.267739155,0.318012065,0.39378882,0.014906832,0.431055901,0.171428571,0.149068323,0.272614237,0.062480572,0.356854212,0.232514765,0.156978551,Silage Corn,Yes,Yes,Yes,5,5.97060585,22.10969543
78,,SMI_JOH,4/1/24,0,0,0,0,6,5,1,0,0,0,,0,14,2024,0.177142857,31.71428571,38.68571429,45.65714286,32.51428571,0.194285714,4.42,0.284890427,0.001153403,0.327566321,0.332179931,0.277970012,0.23881028,0.000577534,0.254692463,0.409182789,0.276349986,0.236679058,0.080545229,0.436183395,0.262701363,0.182156134,0.152495379,0.125385089,0.345964264,0.359519409,0.178989526,Silage Corn,No,Yes,Yes,5,6.416008472,24.34096146
79,,WIS_COO_2,4/1/24,18,15,3,0,629,362,267,0.028616852,0.011235955,0.041436464,,18,14,2024,0.242857143,33.44285714,39.34285714,45.22857143,31.37142857,0.578571429,4.614285714,0.062355658,0.001154734,0.124711316,0.121247113,0.66743649,0.076479076,0.031168831,0.223376623,0.265512266,0.44992785,0.025188917,0.001259446,0.256926952,0.080604534,0.428211587,0.084091622,0.003765297,0.279573266,0.239723878,0.309381864,Silage Corn,No,Yes,No,5,5.539158821,23.32694054
80,,DEG_DIE_HILL,4/1/24,2,1,1,0,475,266,209,0.004210526,0.004784689,0.003759398,,2,14,2024,0.304285714,32.42857143,37.92857143,43.45714286,33.1,0.254285714,3.285714286,0.188439306,0.301734104,0.576878613,0.050867052,0.306358382,0.166233766,0.07965368,0.285714286,0.207503608,0.267243867,0.367119901,0.007416564,0.597033375,0.044499382,0.171817058,0.149689441,0.003416149,0.311490683,0.196583851,0.186024845,Grain Corn,Yes,No,No,5,6.039941311,24.28417015
81,,DEG_PER_STRIP,4/1/24,5,4,1,0,391,254,137,0.012787724,0.00729927,0.015748031,,5,14,2024,0.327142857,32.41428571,37.94285714,43.5,32.87142857,0.31,3.367142857,0.170310702,0.193325662,0.449942463,0.126582278,0.372842348,0.233919815,0.073262186,0.366310932,0.344101529,0.235938852,0.238509317,0.070807453,0.57515528,0.114285714,0.182608696,0.219398822,0.038735668,0.408738767,0.320111559,0.138518748,Grain Corn,Yes,No,No,5,5.993263245,23.35876274
82,,STA_AYR,4/1/24,8,7,1,0,976,585,391,0.008196721,0.002557545,0.011965812,,8,14,2024,0.238571429,35.31428571,40.87142857,46.44285714,34.22857143,0.598571429,4.154285714,0.277522936,0.058486239,0.415137615,0.365825688,0.152522936,0.148617512,0.030817972,0.270737327,0.495679724,0.171947005,0.079110012,0.242274413,0.470951792,0.327564895,0.132262052,0.071560765,0.175817397,0.313386798,0.482109809,0.11967921,Soybean,No,No,Yes,3,6.536432266,34.06747055
83,,DIP_PAT,4/2/24,3,2,1,0,2204,1209,995,0.001361162,0.001005025,0.00165426,,3,14,2024,0.257142857,34.78571429,40.85714286,46.92857143,34.18571429,0.511428571,4.425714286,0.384704519,0.004634994,0.475086906,0.361529548,0.162224797,0.356132756,0.004617605,0.638961039,0.172005772,0.148051948,0.388337469,0.023573201,0.549627792,0.339950372,0.054590571,0.256710892,0.140080222,0.721382289,0.14594261,0.053687134,Silage Corn,Yes,Yes,No,5,6.454941273,26.51252174
84,,KAT_JEF_2,4/2/24,1,1,0,0,601,276,325,0.001663894,0,0.003623188,,1,14,2024,0.218571429,33.01428571,40.04285714,47.11428571,34.81428571,0.142857143,3.997142857,0.116225547,0,0.150747986,0.415420023,0.355581128,0.093291103,0.000575871,0.113446588,0.561186294,0.274978405,0.103362391,0.01120797,0.138231631,0.388542964,0.216687422,0.0917603,0.007490637,0.117977528,0.527777778,0.176029963,Silage Corn,No,Yes,Yes,5,6.26295042,37.54327011
85,,DIP_CUR,4/2/24,1,0,1,0,2105,1222,883,0.000475059,0.001132503,0,,1,14,2024,0.328571429,32,38.17142857,44.4,31.61428571,0.637142857,3.892857143,0.110982659,0.038150289,0.322543353,0.174566474,0.419653179,0.240762125,0.114896074,0.484411085,0.204099307,0.247113164,0.38875,0.0075,0.555,0.13875,0.155,0.308626596,0.06944877,0.54936157,0.164123326,0.143880411,Silage Corn,No,Yes,Yes,4,5.927192211,18.15420723
86,,DIP_CUR,4/2/24,3,0,3,0,2105,1222,883,0.001425178,0.003397508,0,,3,14,2024,0.328571429,32,38.17142857,44.4,31.61428571,0.637142857,3.892857143,0.110982659,0.038150289,0.322543353,0.174566474,0.419653179,0.240762125,0.114896074,0.484411085,0.204099307,0.247113164,0.38875,0.0075,0.555,0.13875,0.155,0.308626596,0.06944877,0.54936157,0.164123326,0.143880411,Silage Corn,No,Yes,Yes,4,5.927192211,18.15420723
87,,POV_DUN,4/2/24,2,2,0,0,52,26,26,0.038461538,0,0.076923077,,2,14,2024,0.347142857,32.68571429,39.14285714,45.61428571,33.21428571,0.364285714,4.065714286,0.002304147,0,0.002304147,0.495391705,0.411290323,0.000577367,0,0.000866051,0.529734411,0.329099307,0.00248139,0.001240695,0.009925558,0.482630273,0.333746898,0.002804612,0.001246494,0.031785603,0.479588657,0.272982237,Silage Corn,No,No,No,4,5.781182766,20.7029171
88,,DIP_FLE,4/2/24,9,7,2,0,1196,650,546,0.007525084,0.003663004,0.010769231,,9,14,2024,0.278571429,33.71428571,39.5,45.3,33.82857143,0.421428571,3.748571429,0.412918108,0.002306805,0.519031142,0.228373702,0.193771626,0.268686869,0.002020202,0.550649351,0.171139971,0.220779221,0.4622057,0.002478315,0.566294919,0.194547708,0.168525403,0.302484472,0.005590062,0.604658385,0.145652174,0.12173913,Silage Corn,No,No,No,5,6.317162514,28.22133827
89,,KAT_JEF,4/2/24,4,1,3,0,319,174,145,0.012539185,0.020689655,0.005747126,,4,14,2024,0.22,33.15714286,40.21428571,47.3,34.77142857,0.17,4.091428571,0.067816092,0,0.08045977,0.456321839,0.390804598,0.049539171,0,0.053859447,0.43375576,0.387384793,0.08135169,0,0.082603254,0.4718398,0.202753442,0.056697819,0.001557632,0.070093458,0.415576324,0.204049844,Silage Corn,No,Yes,Yes,5,5.586032867,22.36896324
90,,DEG_DIE_HILL,4/8/24,6,6,0,0,475,266,209,0.012631579,0,0.022556391,,6,15,2024,0.247142857,39.1,49,58.95714286,39.51428571,0.54,9.144285714,0.188439306,0.301734104,0.576878613,0.050867052,0.306358382,0.166233766,0.07965368,0.285714286,0.207503608,0.267243867,0.367119901,0.007416564,0.597033375,0.044499382,0.171817058,0.149689441,0.003416149,0.311490683,0.196583851,0.186024845,Grain Corn,Yes,No,No,5,6.039941311,24.28417015
91,,DEG_FOU_WOOD,4/8/24,3,1,2,0,257,147,110,0.011673152,0.018181818,0.006802721,,3,15,2024,0.235714286,39.38571429,49.18571429,59.01428571,39.41428571,0.612857143,9.297142857,0.339491917,0,0.451501155,0.061200924,0.387990762,0.245086705,0.01416185,0.34017341,0.210115607,0.378034682,0.42039801,0.002487562,0.508706468,0.031094527,0.19278607,0.307001239,0.002168525,0.413568773,0.190520446,0.173482032,Silage Corn,Yes,Yes,No,5,5.715062618,20.57002831
92,,DEG_PER_STRIP,4/8/24,6,2,4,0,391,254,137,0.015345269,0.02919708,0.007874016,,6,15,2024,0.27,39.21428571,49.04285714,58.84285714,39.37142857,0.57,9.132857143,0.170310702,0.193325662,0.449942463,0.126582278,0.372842348,0.233919815,0.073262186,0.366310932,0.344101529,0.235938852,0.238509317,0.070807453,0.57515528,0.114285714,0.182608696,0.219398822,0.038735668,0.408738767,0.320111559,0.138518748,Grain Corn,Yes,No,No,5,5.993263245,23.35876274
93,,DEG_VIL,4/8/24,1,0,1,0,381,196,185,0.002624672,0.005405405,0,,1,15,2024,0.27,40.11428571,49.94285714,59.8,39.44285714,0.781428571,9.63,0.548498845,0.026558891,0.595842956,0.162817552,0.118937644,0.275981524,0.040415704,0.380773672,0.259526559,0.213337182,0.558312655,0.023573201,0.601736973,0.096774194,0.129032258,0.309361438,0.013949163,0.432114073,0.210477371,0.140111593,Grain Corn,No,No,Yes,5,6.654009819,18.75856018
94,,WIS_KEN,4/9/24,1,1,0,0,482,265,217,0.002074689,0,0.003773585,,1,15,2024,0.165714286,43.38571429,52.67142857,61.98571429,40.4,1.404285714,10.46714286,0.002309469,0.003464203,0.263279446,0.307159353,0.033487298,0.001443418,0.001443418,0.116628176,0.288972286,0.026270208,0,0.002525253,0.093434343,0.321969697,0.178030303,0.000314564,0.000629129,0.037118591,0.278074866,0.104435357,"Field Corn, Tomato, Squash",Yes,No,Yes,4,5.452927113,13.98438168
95,,WIS_KEN,4/9/24,0,0,0,0,482,265,217,0,0,0,,0,15,2024,0.165714286,43.38571429,52.67142857,61.98571429,40.4,1.404285714,10.46714286,0.002309469,0.003464203,0.263279446,0.307159353,0.033487298,0.001443418,0.001443418,0.116628176,0.288972286,0.026270208,0,0.002525253,0.093434343,0.321969697,0.178030303,0.000314564,0.000629129,0.037118591,0.278074866,0.104435357,"Field Corn, Tomato, Squash",Yes,No,Yes,4,5.452927113,13.98438168
96,,POV_DUN,4/9/24,0,0,0,0,52,26,26,0,0,0,,0,15,2024,0.231428571,40.58571429,50.94285714,61.31428571,39.44285714,0.982857143,11.01714286,0.002304147,0,0.002304147,0.495391705,0.411290323,0.000577367,0,0.000866051,0.529734411,0.329099307,0.00248139,0.001240695,0.009925558,0.482630273,0.333746898,0.002804612,0.001246494,0.031785603,0.479588657,0.272982237,Silage Corn,No,No,No,4,5.781182766,20.7029171
97,,KAT_TEE,4/9/24,2,1,1,0,358,223,135,0.005586592,0.007407407,0.004484305,,2,15,2024,0.375714286,38.85714286,49.45714286,60.01428571,39.78571429,0.531428571,9.894285714,0.248554913,0,0.248554913,0.432369942,0.23699422,0.106947247,0,0.133756126,0.431824733,0.353704238,0.264669164,0,0.277153558,0.414481898,0.187265918,0.118232732,0.000933416,0.168014935,0.426571251,0.221219664,Silage Corn,No,Yes,No,5,5.867316246,17.37828636
98,,KAT_TEE_3,4/9/24,0,0,0,0,575,259,316,0,0,0,,0,15,2024,0.377142857,38.68571429,48.94285714,59.22857143,39.64285714,0.518571429,9.402857143,0.174913694,0,0.239355581,0.498273878,0.151898734,0.136468552,0,0.203115984,0.650317369,0.106751298,0.198998748,0.006257822,0.231539424,0.481852315,0.060075094,0.17165109,0.003115265,0.2,0.634579439,0.057009346,Grain Corn,No,Yes,Yes,5,5.303276539,18.34638786
99,,DIP_CUR,4/9/24,0,0,0,0,2105,1222,883,0,0,0,,0,15,2024,0.331428571,38.4,49.01428571,59.62857143,37.38571429,1.191428571,10.16714286,0.110982659,0.038150289,0.322543353,0.174566474,0.419653179,0.240762125,0.114896074,0.484411085,0.204099307,0.247113164,0.38875,0.0075,0.555,0.13875,0.155,0.308626596,0.06944877,0.54936157,0.164123326,0.143880411,Silage Corn,No,Yes,Yes,4,5.927192211,18.15420723
100,,KAT_SAU,4/9/24,7,3,4,0,398,192,206,0.01758794,0.019417476,0.015625,,7,15,2024,0.262857143,40.9,48.9,56.87142857,39.02857143,0.915714286,7.925714286,0.062283737,0,0.289504037,0.166089965,0.476355248,0.082804385,0,0.171667628,0.325158684,0.422677438,0.148379052,0.001246883,0.394014963,0.122194514,0.157107232,0.145317883,0.025994363,0.261822737,0.275916066,0.18759787,Silage Corn,No,No,Yes,5,5.722351551,21.01234818
101,,KAT_SAU_3,4/9/24,1,0,1,0,445,216,229,0.002247191,0.004366812,0,,1,15,2024,0.26,40.98571429,48.88571429,56.82857143,39.08571429,0.917142857,7.888571429,0.011560694,0,0.097109827,0.331791908,0.480924855,0.017599538,0,0.135891518,0.373918061,0.420946336,0.041301627,0.002503129,0.158948686,0.29787234,0.242803504,0.1447822,0.005327484,0.229081793,0.361642118,0.172986525,Sorghum-Sudan,No,No,Yes,5,5.815739632,21.67381096
102,,WIS_COO_2,4/9/24,3,2,1,0,629,362,267,0.004769475,0.003745318,0.005524862,,3,15,2024,0.147142857,40.57142857,49.92857143,59.3,38.67142857,1.061428571,9.138571429,0.062355658,0.001154734,0.124711316,0.121247113,0.66743649,0.076479076,0.031168831,0.223376623,0.265512266,0.44992785,0.025188917,0.001259446,0.256926952,0.080604534,0.428211587,0.084091622,0.003765297,0.279573266,0.239723878,0.309381864,Silage Corn,No,Yes,No,5,5.539158821,23.32694054
103,,WIS_COO_2,4/9/24,0,0,0,0,629,362,267,0,0,0,,0,15,2024,0.147142857,40.57142857,49.92857143,59.3,38.67142857,1.061428571,9.138571429,0.062355658,0.001154734,0.124711316,0.121247113,0.66743649,0.076479076,0.031168831,0.223376623,0.265512266,0.44992785,0.025188917,0.001259446,0.256926952,0.080604534,0.428211587,0.084091622,0.003765297,0.279573266,0.239723878,0.309381864,Silage Corn,No,Yes,No,5,5.539158821,23.32694054
104,,DIP_PAT,4/9/24,2,1,1,0,2204,1209,995,0.000907441,0.001005025,0.00082713,,2,15,2024,0.248571429,42.11428571,52.27142857,62.4,41,0.831428571,10.95,0.384704519,0.004634994,0.475086906,0.361529548,0.162224797,0.356132756,0.004617605,0.638961039,0.172005772,0.148051948,0.388337469,0.023573201,0.549627792,0.339950372,0.054590571,0.256710892,0.140080222,0.721382289,0.14594261,0.053687134,Silage Corn,Yes,Yes,No,5,6.454941273,26.51252174
105,,GAB_HEN,4/9/24,1,0,1,0,121,77,44,0.008264463,0.022727273,0,,1,15,2024,0.17,39.81428571,51.02857143,62.24285714,39.87142857,0.695714286,10.39142857,0.286374134,0.19630485,0.644341801,0.099307159,0.183602771,0.230702515,0.111303845,0.479040185,0.205550737,0.239086441,0.328800989,0.165636588,0.733003708,0.096415328,0.077873918,0.271494607,0.108474576,0.564560863,0.208628659,0.11248074,Grain Corn,No,No,Yes,5,5.580504417,16.26403236
106,,KAT_HAB_4,4/9/24,16,6,10,0,1679,840,839,0.009529482,0.011918951,0.007142857,,16,15,2024,0.391428571,40.67142857,51.04285714,61.41428571,39.54285714,0.831428571,11.30857143,0.308840413,0.001148106,0.382319173,0.211251435,0.347876005,0.273484631,0.016949153,0.341568515,0.267739155,0.318012065,0.39378882,0.014906832,0.431055901,0.171428571,0.149068323,0.272614237,0.062480572,0.356854212,0.232514765,0.156978551,Silage Corn,Yes,Yes,Yes,5,5.97060585,22.10969543
107,,DIP_FLE,4/9/24,4,2,2,0,1196,650,546,0.003344482,0.003663004,0.003076923,,4,15,2024,0.164285714,41.57142857,51.25714286,60.91428571,40.17142857,0.902857143,10.41285714,0.412918108,0.002306805,0.519031142,0.228373702,0.193771626,0.268686869,0.002020202,0.550649351,0.171139971,0.220779221,0.4622057,0.002478315,0.566294919,0.194547708,0.168525403,0.302484472,0.005590062,0.604658385,0.145652174,0.12173913,Silage Corn,No,No,No,5,6.317162514,28.22133827
108,,KAT_HAB_3,4/9/24,0,0,0,0,873,374,499,0,0,0,,0,15,2024,0.34,41.22857143,51.88571429,62.51428571,40.15714286,0.912857143,12.08428571,0.274712644,0.066666667,0.51954023,0.137931034,0.256321839,0.158561151,0.099856115,0.331510791,0.357985612,0.210647482,0.31552795,0.217391304,0.572670807,0.070807453,0.144099379,0.225465839,0.07484472,0.333229814,0.310248447,0.113975155,Soybean,No,No,Yes,5,6.10185194,27.97481728
109,,GAB_STE,4/9/24,3,0,3,0,81,51,30,0.037037037,0.1,0,,3,15,2024,0.252857143,39.15714286,50.65714286,62.15714286,39.42857143,0.654285714,10.45142857,0.010356732,0.002301496,0.013808976,0.896432681,0.087456847,0.022215811,0.000865551,0.040103866,0.774379688,0.140219273,0.024539877,0,0.035582822,0.905521472,0.051533742,0.038556447,0,0.083590376,0.776989513,0.087600247,Silage Corn,No,Yes,Yes,5,5.358693123,12.73650074
110,,SMI_JOH,4/9/24,3,2,1,0,346,225,121,0.00867052,0.008264463,0.008888889,,3,15,2024,0.135714286,40.8,51.88571429,62.91428571,40.05714286,0.875714286,11.30714286,0.284890427,0.001153403,0.327566321,0.332179931,0.277970012,0.23881028,0.000577534,0.254692463,0.409182789,0.276349986,0.236679058,0.080545229,0.436183395,0.262701363,0.182156134,0.152495379,0.125385089,0.345964264,0.359519409,0.178989526,Silage Corn,No,Yes,Yes,5,6.416008472,24.34096146
111,,KAT_JEF,4/9/24,8,1,7,0,319,174,145,0.02507837,0.048275862,0.005747126,,8,15,2024,0.437142857,38.9,49.9,60.9,40.18571429,0.487142857,10.19571429,0.067816092,0,0.08045977,0.456321839,0.390804598,0.049539171,0,0.053859447,0.43375576,0.387384793,0.08135169,0,0.082603254,0.4718398,0.202753442,0.056697819,0.001557632,0.070093458,0.415576324,0.204049844,Silage Corn,No,Yes,Yes,5,5.586032867,22.36896324
112,,WIS_COO,4/9/24,8,7,1,0,698,418,280,0.011461318,0.003571429,0.016746411,,8,15,2024,0.151428571,40.65714286,49.81428571,58.97142857,38.52857143,1.127142857,8.968571429,0.147295742,0.01150748,0.261219793,0.155350978,0.554660529,0.12056533,0.062013268,0.246899337,0.26910874,0.434092876,0.259119497,0.030188679,0.472955975,0.113207547,0.364779874,0.21799308,0.02327776,0.359547027,0.235923246,0.304183706,Silage Corn,No,Yes,No,5,5.968518734,24.17316246
113,,KAT_JEF_2,4/9/24,3,0,3,0,601,276,325,0.004991681,0.009230769,0,,3,15,2024,0.447142857,38.9,49.9,60.9,40.17142857,0.462857143,10.30857143,0.116225547,0,0.150747986,0.415420023,0.355581128,0.093291103,0.000575871,0.113446588,0.561186294,0.274978405,0.103362391,0.01120797,0.138231631,0.388542964,0.216687422,0.0917603,0.007490637,0.117977528,0.527777778,0.176029963,Silage Corn,No,Yes,Yes,5,6.26295042,37.54327011
114,,GAB_ALL,4/9/24,15,3,12,0,220,169,51,0.068181818,0.235294118,0.017751479,,15,15,2024,0.17,40.74285714,51.9,63.04285714,40.41428571,0.73,10.66714286,0.002306805,0,0.003460208,0.55017301,0.173010381,0.008076147,0.000865301,0.011248918,0.562157485,0.083068936,0.004926108,0,0.009852217,0.599753695,0.145320197,0.017310665,0,0.02194745,0.588871716,0.062751159,Silage Corn,Yes,Yes,No,5,5.886958599,28.32917595
115,,SEA_HOO,4/9/24,0,0,0,0,723,356,367,0,0,0,,0,15,2024,0.162857143,42.42857143,51.52857143,60.61428571,40.32857143,1.037142857,10.13142857,0.105324074,0.268518519,0.631944444,0.091435185,0.189814815,0.135969977,0.272517321,0.67147806,0.089203233,0.174942263,0.194029851,0.133084577,0.741293532,0.093283582,0.039800995,0.233983287,0.179510987,0.787681832,0.082017951,0.042092232,Sweet Corn,Yes,Yes,Yes,4,6.488575935,26.25037003
116,,KAT_MAH,4/9/24,4,0,4,0,656,351,305,0.006097561,0.013114754,0,,4,15,2024,0.205714286,39.38571429,50.15714286,60.94285714,39.67142857,0.668571429,10.61285714,0.702890173,0.002312139,0.722543353,0.061271676,0.136416185,0.548787529,0.002020785,0.620669746,0.17147806,0.115184758,0.78358209,0.008706468,0.822139303,0.007462687,0.077114428,0.618855009,0.006533914,0.700062228,0.114187928,0.081207218,Grain Corn,No,No,Yes,3,5.586569786,190.3849945
117,,STA_MAC,4/10/24,10,6,4,0,144,108,36,0.069444444,0.111111111,0.055555556,,10,15,2024,0.198571429,42.04285714,51.85714286,61.68571429,40.25714286,1.091428571,11.10714286,0.583815029,0.210404624,0.853179191,0.009248555,0.084393064,0.498128419,0.191189174,0.772243018,0.120932911,0.071983876,0.213844252,0.259579728,0.839307787,0.004944376,0.044499382,0.170693928,0.403655514,0.77819083,0.11802974,0.043060719,Soybean,Yes,No,No,4,6.208273411,26.84366798
118,,STA_NOB,4/10/24,4,2,2,0,386,270,116,0.010362694,0.017241379,0.007407407,,4,15,2024,0.208571429,41.98571429,51.15714286,60.28571429,40.18571429,1.062857143,10.29,0.281933257,0.01150748,0.523590334,0.181818182,0.197928654,0.405826363,0.008076147,0.64061148,0.186328238,0.123738102,0.431930693,0.027227723,0.678217822,0.13490099,0.087871287,0.457443516,0.010523058,0.733209533,0.153203343,0.058805323,Silage Corn,No,No,No,4,6.663196564,25.65228653
119,,STA_SWE,4/10/24,14,8,6,0,314,197,117,0.044585987,0.051282051,0.040609137,,14,15,2024,0.234285714,42.05714286,51.61428571,61.15714286,39.94285714,1.115714286,10.91,0.295742232,0.064441887,0.539700806,0.096662831,0.275028769,0.248773449,0.01991342,0.4,0.277344877,0.247330447,0.352722772,0,0.627475248,0.086633663,0.155940594,0.266069221,0.01946848,0.502163164,0.253090235,0.136897404,Grain Corn,No,No,Yes,5,6.38201952,33.36382294
120,,STA_AYR,4/10/24,1,0,1,0,976,585,391,0.00102459,0.002557545,0,,1,15,2024,0.195714286,42.11428571,52.08571429,62.1,40.95714286,0.948571429,10.96857143,0.277522936,0.058486239,0.415137615,0.365825688,0.152522936,0.148617512,0.030817972,0.270737327,0.495679724,0.171947005,0.079110012,0.242274413,0.470951792,0.327564895,0.132262052,0.071560765,0.175817397,0.313386798,0.482109809,0.11967921,Soybean,No,No,Yes,3,6.536432266,34.06747055
121,,STA_THO,4/10/24,1,0,1,0,1163,622,541,0.000859845,0.001848429,0,,1,15,2024,0.217142857,41.74285714,52.18571429,62.7,41,0.848571429,11.49,0.384792627,0.074884793,0.517281106,0.054147465,0.299539171,0.291402193,0.045008656,0.362088863,0.239469129,0.27034045,0.180024661,0.257706535,0.605425401,0.051787916,0.141800247,0.159692308,0.199076923,0.472923077,0.220307692,0.138769231,Grain Corn,No,No,No,3,6.241055012,20.55567551
122,,STA_HEM,4/10/24,30,19,11,0,1004,745,259,0.029880478,0.042471042,0.025503356,,30,15,2024,0.201428571,42,51.74285714,61.45714286,41.18571429,0.922857143,10.34428571,0.023148148,0.027777778,0.53125,0.267361111,0.157407407,0.10383617,0.113931353,0.561869051,0.256417652,0.130083646,0.058096415,0.004944376,0.599505562,0.268232386,0.059332509,0.211289328,0.007094386,0.61381863,0.25694016,0.057371993,Grain Corn,No,No,No,4,6.926998138,25.07189751
123,,STA_PAN,4/10/24,7,2,5,0,892,380,512,0.007847534,0.009765625,0.005263158,,7,15,2024,0.202857143,40.41428571,49.81428571,59.2,39.07142857,0.948571429,9.637142857,0.474048443,0.003460208,0.807381776,0.047289504,0.083044983,0.326024235,0.001731102,0.551933064,0.312752452,0.079919215,0.373913043,0.003726708,0.872049689,0.019875776,0.037267081,0.310890475,0.003723239,0.582066398,0.28730996,0.053366429,Grain Corn,Yes,No,Yes,5,5.845386505,22.31842613
124,,STA_WAT,4/10/24,7,6,1,0,344,233,111,0.020348837,0.009009009,0.025751073,,7,15,2024,0.225714286,40.74285714,51.41428571,62.05714286,40.2,0.784285714,11.67714286,0.33256351,0.153579677,0.532332564,0.352193995,0.051963048,0.320634921,0.122943723,0.60952381,0.275901876,0.065223665,0.523514851,0.006188119,0.559405941,0.292079208,0.066831683,0.450400493,0.026186075,0.650030807,0.22181146,0.060382009,Grain Corn,Yes,Yes,No,5,6.316936493,22.82100105
125,,STA_FRE,4/10/24,6,2,4,0,234,161,73,0.025641026,0.054794521,0.01242236,,6,15,2024,0.19,42.34285714,51.9,61.48571429,41.35714286,0.91,10.18,0.113033449,0.607843137,0.838523645,0.049596309,0.098039216,0.072480508,0.460294542,0.747328906,0.064106266,0.124169795,0.516129032,0.214640199,0.8808933,0.058312655,0.042183623,0.216625464,0.430469716,0.797589617,0.056242274,0.060877627,Grain Corn,No,No,No,5,6.673674583,27.45412445
126,,STA_BRA,4/10/24,7,3,4,0,959,731,228,0.00729927,0.01754386,0.004103967,,7,15,2024,0.225714286,40.74285714,51.41428571,62.05714286,40.2,0.784285714,11.67714286,0.33256351,0.153579677,0.532332564,0.352193995,0.051963048,0.320634921,0.122943723,0.60952381,0.275901876,0.065223665,0.523514851,0.006188119,0.559405941,0.292079208,0.066831683,0.450400493,0.026186075,0.650030807,0.22181146,0.060382009,Ryegrass ,No,No,No,5,6.316936493,22.82100105
127,,DEG_DIE_HILL,4/15/24,64,39,25,1,475,266,209,0.134736842,0.119617225,0.146616541,,65,16,2024,0.084285714,37.72857143,46.35714286,55.01428571,38.55714286,0.58,6.55,0.188439306,0.301734104,0.576878613,0.050867052,0.306358382,0.166233766,0.07965368,0.285714286,0.207503608,0.267243867,0.367119901,0.007416564,0.597033375,0.044499382,0.171817058,0.149689441,0.003416149,0.311490683,0.196583851,0.186024845,Grain Corn,Yes,No,No,5,6.039941311,24.28417015
128,,DEG_FOU_WOOD,4/15/24,42,21,21,0,257,147,110,0.163424125,0.190909091,0.142857143,,42,16,2024,0.082857143,37.48571429,46.34285714,55.17142857,38.65714286,0.558571429,6.605714286,0.339491917,0,0.451501155,0.061200924,0.387990762,0.245086705,0.01416185,0.34017341,0.210115607,0.378034682,0.42039801,0.002487562,0.508706468,0.031094527,0.19278607,0.307001239,0.002168525,0.413568773,0.190520446,0.173482032,Silage Corn,Yes,Yes,No,5,5.715062618,20.57002831
129,,KAT_HAB_3,4/15/24,14,9,5,0,873,374,499,0.016036655,0.01002004,0.024064171,,14,16,2024,0.088571429,41.55714286,52.58571429,63.61428571,39.42857143,1.158571429,11.14,0.274712644,0.066666667,0.51954023,0.137931034,0.256321839,0.158561151,0.099856115,0.331510791,0.357985612,0.210647482,0.31552795,0.217391304,0.572670807,0.070807453,0.144099379,0.225465839,0.07484472,0.333229814,0.310248447,0.113975155,Soybean,No,No,Yes,5,6.10185194,27.97481728
130,,KAT_JEF,4/15/24,7,2,5,1,319,174,145,0.021943574,0.034482759,0.011494253,,8,16,2024,0.104285714,39.85714286,51.12857143,62.35714286,39.17142857,0.77,10.5,0.067816092,0,0.08045977,0.456321839,0.390804598,0.049539171,0,0.053859447,0.43375576,0.387384793,0.08135169,0,0.082603254,0.4718398,0.202753442,0.056697819,0.001557632,0.070093458,0.415576324,0.204049844,Silage Corn,No,Yes,Yes,5,5.586032867,22.36896324
131,,KAT_JEF_2,4/15/24,10,3,7,0,601,276,325,0.016638935,0.021538462,0.010869565,,10,16,2024,0.11,40.01428571,51.11428571,62.24285714,39.28571429,0.784285714,10.39142857,0.116225547,0,0.150747986,0.415420023,0.355581128,0.093291103,0.000575871,0.113446588,0.561186294,0.274978405,0.103362391,0.01120797,0.138231631,0.388542964,0.216687422,0.0917603,0.007490637,0.117977528,0.527777778,0.176029963,Silage Corn,No,Yes,Yes,5,6.26295042,37.54327011
132,,KAT_MAH,4/15/24,22,11,11,0,656,351,305,0.033536585,0.036065574,0.031339031,,22,16,2024,0.035714286,38.8,49.88571429,60.98571429,38.88571429,0.87,10.02,0.702890173,0.002312139,0.722543353,0.061271676,0.136416185,0.548787529,0.002020785,0.620669746,0.17147806,0.115184758,0.78358209,0.008706468,0.822139303,0.007462687,0.077114428,0.618855009,0.006533914,0.700062228,0.114187928,0.081207218,Grain Corn,No,No,Yes,3,5.586569786,190.3849945
133,,KAT_SAU,4/15/24,21,12,9,0,398,192,206,0.052763819,0.04368932,0.0625,,21,16,2024,0.055714286,40.27142857,49.67142857,59.08571429,38.15714286,1.12,9.342857143,0.062283737,0,0.289504037,0.166089965,0.476355248,0.082804385,0,0.171667628,0.325158684,0.422677438,0.148379052,0.001246883,0.394014963,0.122194514,0.157107232,0.145317883,0.025994363,0.261822737,0.275916066,0.18759787,Silage Corn,No,No,Yes,5,5.722351551,21.01234818
134,,KAT_SAU_3,4/15/24,34,24,10,0,445,216,229,0.076404494,0.043668122,0.111111111,,34,16,2024,0.057142857,40.28571429,49.61428571,58.91428571,38.21428571,1.114285714,9.222857143,0.011560694,0,0.097109827,0.331791908,0.480924855,0.017599538,0,0.135891518,0.373918061,0.420946336,0.041301627,0.002503129,0.158948686,0.29787234,0.242803504,0.1447822,0.005327484,0.229081793,0.361642118,0.172986525,Sorghum-Sudan,No,No,Yes,5,5.815739632,21.67381096
135,,KAT_TEE,4/15/24,12,3,9,0,358,223,135,0.033519553,0.066666667,0.013452915,,12,16,2024,0.081428571,39.45714286,50.17142857,60.85714286,38.84285714,0.85,9.487142857,0.248554913,0,0.248554913,0.432369942,0.23699422,0.106947247,0,0.133756126,0.431824733,0.353704238,0.264669164,0,0.277153558,0.414481898,0.187265918,0.118232732,0.000933416,0.168014935,0.426571251,0.221219664,Silage Corn,No,Yes,No,5,5.867316246,17.37828636
136,,KAT_TEE_3,4/15/24,3,1,2,0,575,259,316,0.005217391,0.006329114,0.003861004,,3,16,2024,0.081428571,39.27142857,49.65714286,59.98571429,38.71428571,0.818571429,8.954285714,0.174913694,0,0.239355581,0.498273878,0.151898734,0.136468552,0,0.203115984,0.650317369,0.106751298,0.198998748,0.006257822,0.231539424,0.481852315,0.060075094,0.17165109,0.003115265,0.2,0.634579439,0.057009346,Grain Corn,No,Yes,Yes,5,5.303276539,18.34638786
137,,DEG_PER_STRIP,4/15/24,74,51,23,0,391,254,137,0.189258312,0.167883212,0.200787402,,74,16,2024,0.092857143,37.91428571,46.47142857,55.05714286,38.38571429,0.638571429,6.625714286,0.170310702,0.193325662,0.449942463,0.126582278,0.372842348,0.233919815,0.073262186,0.366310932,0.344101529,0.235938852,0.238509317,0.070807453,0.57515528,0.114285714,0.182608696,0.219398822,0.038735668,0.408738767,0.320111559,0.138518748,Grain Corn,Yes,No,No,5,5.993263245,23.35876274
138,,DEG_VIL,4/15/24,86,57,29,0,381,196,185,0.225721785,0.156756757,0.290816327,,86,16,2024,0.095714286,38.65714286,47.2,55.71428571,38.37142857,0.75,6.971428571,0.548498845,0.026558891,0.595842956,0.162817552,0.118937644,0.275981524,0.040415704,0.380773672,0.259526559,0.213337182,0.558312655,0.023573201,0.601736973,0.096774194,0.129032258,0.309361438,0.013949163,0.432114073,0.210477371,0.140111593,Grain Corn,No,No,Yes,5,6.654009819,18.75856018
139,,KAT_HAB_4,4/15/24,9,8,1,0,1679,840,839,0.005360334,0.001191895,0.00952381,,9,16,2024,0.11,40.18571429,50.8,61.41428571,38.84285714,0.924285714,9.712857143,0.308840413,0.001148106,0.382319173,0.211251435,0.347876005,0.273484631,0.016949153,0.341568515,0.267739155,0.318012065,0.39378882,0.014906832,0.431055901,0.171428571,0.149068323,0.272614237,0.062480572,0.356854212,0.232514765,0.156978551,Silage Corn,Yes,Yes,Yes,5,5.97060585,22.10969543
140,,WIS_COO_2,4/16/24,4,2,2,0,629,362,267,0.0063593,0.007490637,0.005524862,,4,16,2024,0.108571429,38.2,48.5,58.72857143,36.98571429,0.502857143,10.12142857,0.062355658,0.001154734,0.124711316,0.121247113,0.66743649,0.076479076,0.031168831,0.223376623,0.265512266,0.44992785,0.025188917,0.001259446,0.256926952,0.080604534,0.428211587,0.084091622,0.003765297,0.279573266,0.239723878,0.309381864,Silage Corn,No,Yes,No,5,5.539158821,23.32694054
141,,DIP_CUR,4/16/24,13,7,6,0,2105,1222,883,0.006175772,0.006795017,0.005728314,,13,16,2024,0.081428571,37.65714286,46.61428571,55.57142857,37.3,0.991428571,7.017142857,0.110982659,0.038150289,0.322543353,0.174566474,0.419653179,0.240762125,0.114896074,0.484411085,0.204099307,0.247113164,0.38875,0.0075,0.555,0.13875,0.155,0.308626596,0.06944877,0.54936157,0.164123326,0.143880411,Silage Corn,No,Yes,Yes,4,5.927192211,18.15420723
142,,DIP_CUR,4/16/24,16,8,8,0,2105,1222,883,0.00760095,0.009060023,0.006546645,,16,16,2024,0.081428571,37.65714286,46.61428571,55.57142857,37.3,0.991428571,7.017142857,0.110982659,0.038150289,0.322543353,0.174566474,0.419653179,0.240762125,0.114896074,0.484411085,0.204099307,0.247113164,0.38875,0.0075,0.555,0.13875,0.155,0.308626596,0.06944877,0.54936157,0.164123326,0.143880411,Silage Corn,No,Yes,Yes,4,5.927192211,18.15420723
143,,SEA_HOO,4/16/24,5,3,2,0,723,356,367,0.006915629,0.005449591,0.008426966,,5,16,2024,0.077142857,40.21428571,49.31428571,58.35714286,39.51428571,1.038571429,7.785714286,0.105324074,0.268518519,0.631944444,0.091435185,0.189814815,0.135969977,0.272517321,0.67147806,0.089203233,0.174942263,0.194029851,0.133084577,0.741293532,0.093283582,0.039800995,0.233983287,0.179510987,0.787681832,0.082017951,0.042092232,Sweet Corn,Yes,Yes,Yes,4,6.488575935,26.25037003
144,,GAB_ALL,4/16/24,25,17,8,1,220,169,51,0.113636364,0.156862745,0.100591716,,26,16,2024,0.072857143,40.17142857,49.87142857,59.55714286,38.07142857,0.775714286,10.28857143,0.002306805,0,0.003460208,0.55017301,0.173010381,0.008076147,0.000865301,0.011248918,0.562157485,0.083068936,0.004926108,0,0.009852217,0.599753695,0.145320197,0.017310665,0,0.02194745,0.588871716,0.062751159,Silage Corn,Yes,Yes,No,5,5.886958599,28.32917595
145,,WIS_KEN,4/16/24,16,11,5,10,482,265,217,0.033195021,0.023041475,0.041509434,,26,16,2024,0.077142857,41.07142857,51.95714286,62.8,38.95714286,0.628571429,12.53571429,0.002309469,0.003464203,0.263279446,0.307159353,0.033487298,0.001443418,0.001443418,0.116628176,0.288972286,0.026270208,0,0.002525253,0.093434343,0.321969697,0.178030303,0.000314564,0.000629129,0.037118591,0.278074866,0.104435357,"Field Corn, Tomato, Squash",Yes,No,Yes,4,5.452927113,13.98438168
146,,GAB_HEN,4/16/24,15,12,3,0,121,77,44,0.123966942,0.068181818,0.155844156,,15,16,2024,0.055714286,39.1,49.2,59.28571429,37.22857143,0.667142857,10.45857143,0.286374134,0.19630485,0.644341801,0.099307159,0.183602771,0.230702515,0.111303845,0.479040185,0.205550737,0.239086441,0.328800989,0.165636588,0.733003708,0.096415328,0.077873918,0.271494607,0.108474576,0.564560863,0.208628659,0.11248074,Grain Corn,No,No,Yes,5,5.580504417,16.26403236
147,,DIP_PAT,4/16/24,39,29,10,2,2204,1209,995,0.0176951,0.010050251,0.023986766,,41,16,2024,0.061428571,39.25714286,48.7,58.18571429,39.94285714,0.69,7.68,0.384704519,0.004634994,0.475086906,0.361529548,0.162224797,0.356132756,0.004617605,0.638961039,0.172005772,0.148051948,0.388337469,0.023573201,0.549627792,0.339950372,0.054590571,0.256710892,0.140080222,0.721382289,0.14594261,0.053687134,Silage Corn,Yes,Yes,No,5,6.454941273,26.51252174
148,,WIS_COO,4/16/24,4,3,1,0,698,418,280,0.005730659,0.003571429,0.007177033,,4,16,2024,0.105714286,38.1,48.15714286,58.18571429,36.82857143,0.511428571,9.814285714,0.147295742,0.01150748,0.261219793,0.155350978,0.554660529,0.12056533,0.062013268,0.246899337,0.26910874,0.434092876,0.259119497,0.030188679,0.472955975,0.113207547,0.364779874,0.21799308,0.02327776,0.359547027,0.235923246,0.304183706,Silage Corn,No,Yes,No,5,5.968518734,24.17316246
149,,ZUE_REE,4/16/24,61,38,23,2,3170,1801,1369,0.019242902,0.016800584,0.021099389,,63,16,2024,0.07,40.71428571,49.62857143,58.55714286,40.3,0.984285714,7.608571429,0.023094688,0.123556582,0.407621247,0.199769053,0.32448037,0.025921659,0.176843318,0.41359447,0.169354839,0.20218894,0.09729064,0.210591133,0.536945813,0.179802956,0.185960591,0.128292532,0.142547258,0.496436319,0.148435079,0.120855284,Wheat,Yes,No,Yes,4,6.537268639,24.44252777
150,,GAB_STE,4/16/24,23,13,10,0,81,51,30,0.283950617,0.333333333,0.254901961,,23,16,2024,0.054285714,38.75714286,48.88571429,59.02857143,36.62857143,0.67,10.56428571,0.010356732,0.002301496,0.013808976,0.896432681,0.087456847,0.022215811,0.000865551,0.040103866,0.774379688,0.140219273,0.024539877,0,0.035582822,0.905521472,0.051533742,0.038556447,0,0.083590376,0.776989513,0.087600247,Silage Corn,No,Yes,Yes,5,5.358693123,12.73650074
151,,POV_DUN,4/16/24,8,7,1,0,52,26,26,0.153846154,0.038461538,0.269230769,,8,16,2024,0.074285714,38.9,48.5,58.12857143,38.84285714,0.772857143,8.147142857,0.002304147,0,0.002304147,0.495391705,0.411290323,0.000577367,0,0.000866051,0.529734411,0.329099307,0.00248139,0.001240695,0.009925558,0.482630273,0.333746898,0.002804612,0.001246494,0.031785603,0.479588657,0.272982237,Silage Corn,No,No,No,4,5.781182766,20.7029171
152,,STA_WAT,4/17/24,24,21,3,1,344,233,111,0.069767442,0.027027027,0.090128755,,25,16,2024,0.064285714,39,49.2,59.41428571,39.6,0.68,8.127142857,0.33256351,0.153579677,0.532332564,0.352193995,0.051963048,0.320634921,0.122943723,0.60952381,0.275901876,0.065223665,0.523514851,0.006188119,0.559405941,0.292079208,0.066831683,0.450400493,0.026186075,0.650030807,0.22181146,0.060382009,Grain Corn,Yes,Yes,No,5,6.316936493,22.82100105
153,,STA_THO,4/17/24,17,7,10,3,1163,622,541,0.014617369,0.018484288,0.011254019,,20,16,2024,0.067142857,40.81428571,49.67142857,58.54285714,39.95714286,0.92,7.538571429,0.384792627,0.074884793,0.517281106,0.054147465,0.299539171,0.291402193,0.045008656,0.362088863,0.239469129,0.27034045,0.180024661,0.257706535,0.605425401,0.051787916,0.141800247,0.159692308,0.199076923,0.472923077,0.220307692,0.138769231,Grain Corn,No,No,No,3,6.241055012,20.55567551
154,,SMI_MCC,4/17/24,13,5,8,0,105,65,40,0.123809524,0.2,0.076923077,,13,16,2024,0.238571429,34.95714286,43.98571429,52.98571429,36.1,0.295714286,6.902857143,0,0.010380623,0.109573241,0.206459054,0.590542099,0.009809579,0.03491056,0.089728794,0.237160992,0.617426428,0.032178218,0.122524752,0.160891089,0.179455446,0.267326733,0.074392868,0.05717799,0.169689517,0.211189671,0.320012296,Soybean,No,No,No,5,6.389553547,30.10634995
155,,STA_AYR,4/17/24,34,15,19,1,976,585,391,0.034836066,0.04859335,0.025641026,,35,16,2024,0.052857143,41.04285714,49.95714286,58.9,39.95714286,0.968571429,7.767142857,0.277522936,0.058486239,0.415137615,0.365825688,0.152522936,0.148617512,0.030817972,0.270737327,0.495679724,0.171947005,0.079110012,0.242274413,0.470951792,0.327564895,0.132262052,0.071560765,0.175817397,0.313386798,0.482109809,0.11967921,Soybean,No,No,Yes,3,6.536432266,34.06747055
156,,STA_BRA,4/17/24,112,59,53,6,959,731,228,0.116788321,0.23245614,0.080711354,,118,16,2024,0.064285714,39,49.2,59.41428571,39.6,0.68,8.127142857,0.33256351,0.153579677,0.532332564,0.352193995,0.051963048,0.320634921,0.122943723,0.60952381,0.275901876,0.065223665,0.523514851,0.006188119,0.559405941,0.292079208,0.066831683,0.450400493,0.026186075,0.650030807,0.22181146,0.060382009,Ryegrass ,No,No,No,5,6.316936493,22.82100105
157,,STA_FRE,4/17/24,78,52,26,2,234,161,73,0.333333333,0.356164384,0.322981366,,80,16,2024,0.075714286,39.92857143,49.02857143,58.14285714,40.38571429,0.754285714,7.322857143,0.113033449,0.607843137,0.838523645,0.049596309,0.098039216,0.072480508,0.460294542,0.747328906,0.064106266,0.124169795,0.516129032,0.214640199,0.8808933,0.058312655,0.042183623,0.216625464,0.430469716,0.797589617,0.056242274,0.060877627,Grain Corn,No,No,No,5,6.673674583,27.45412445
158,,DIP_FLE,4/17/24,101,62,39,1,1196,650,546,0.084448161,0.071428571,0.095384615,,102,16,2024,0.074285714,39.34285714,48.31428571,57.3,39.44285714,0.815714286,7.464285714,0.412918108,0.002306805,0.519031142,0.228373702,0.193771626,0.268686869,0.002020202,0.550649351,0.171139971,0.220779221,0.4622057,0.002478315,0.566294919,0.194547708,0.168525403,0.302484472,0.005590062,0.604658385,0.145652174,0.12173913,Silage Corn,No,No,No,5,6.317162514,28.22133827
159,,STA_HEM,4/17/24,109,70,39,23,1004,745,259,0.108565737,0.150579151,0.093959732,,132,16,2024,0.047142857,40.85714286,49.38571429,57.91428571,40.18571429,0.941428571,7.242857143,0.023148148,0.027777778,0.53125,0.267361111,0.157407407,0.10383617,0.113931353,0.561869051,0.256417652,0.130083646,0.058096415,0.004944376,0.599505562,0.268232386,0.059332509,0.211289328,0.007094386,0.61381863,0.25694016,0.057371993,Grain Corn,No,No,No,4,6.926998138,25.07189751
160,,STA_MAC,4/17/24,21,9,12,1,144,108,36,0.145833333,0.333333333,0.083333333,,22,16,2024,0.05,40.11428571,49.8,59.52857143,39.54285714,0.968571429,8.204285714,0.583815029,0.210404624,0.853179191,0.009248555,0.084393064,0.498128419,0.191189174,0.772243018,0.120932911,0.071983876,0.213844252,0.259579728,0.839307787,0.004944376,0.044499382,0.170693928,0.403655514,0.77819083,0.11802974,0.043060719,Soybean,Yes,No,No,4,6.208273411,26.84366798
161,,SMI_DOU_3,4/17/24,21,14,7,0,160,91,69,0.13125,0.101449275,0.153846154,,21,16,2024,0.231428571,35.71428571,44.74285714,53.77142857,36.2,0.364285714,7.29,0.045034642,0.042725173,0.087759815,0.243648961,0.520785219,0.020502455,0.036962172,0.057753393,0.237077678,0.56425065,0.048207664,0.051915946,0.196538937,0.236093943,0.211372064,0.025870034,0.049276255,0.175546658,0.206960271,0.200492763,Soybean,No,Yes,Yes,5,6.29728651,24.98108101
162,,STA_SWE,4/17/24,27,7,20,0,314,197,117,0.085987261,0.170940171,0.035532995,,27,16,2024,0.08,39.88571429,49.11428571,58.34285714,39.32857143,0.861428571,7.604285714,0.295742232,0.064441887,0.539700806,0.096662831,0.275028769,0.248773449,0.01991342,0.4,0.277344877,0.247330447,0.352722772,0,0.627475248,0.086633663,0.155940594,0.266069221,0.01946848,0.502163164,0.253090235,0.136897404,Grain Corn,No,No,Yes,5,6.38201952,33.36382294
163,,STA_PAN,4/17/24,47,11,36,1,892,380,512,0.052690583,0.0703125,0.028947368,,48,16,2024,0.068571429,38.71428571,48.02857143,57.37142857,38.15714286,0.858571429,7.508571429,0.474048443,0.003460208,0.807381776,0.047289504,0.083044983,0.326024235,0.001731102,0.551933064,0.312752452,0.079919215,0.373913043,0.003726708,0.872049689,0.019875776,0.037267081,0.310890475,0.003723239,0.582066398,0.28730996,0.053366429,Grain Corn,Yes,No,Yes,5,5.845386505,22.31842613
164,,SMI_KEL,4/18/24,0,0,0,0,24,13,11,0,0,0,,0,16,2024,0.161428571,38.1,46.64285714,55.21428571,36.94285714,0.591428571,7.764285714,0.138568129,0,0.143187067,0.38221709,0.41108545,0.177694308,0.022536839,0.221901185,0.274776076,0.454781855,0.17380661,0.00244798,0.261933905,0.391676867,0.111383109,0.283729546,0.005557271,0.365544921,0.267675208,0.159308429,Sorghum-Sudan,Yes,Yes,Yes,5,6.507095337,28.20439339
165,,SMI_JOH,4/18/24,55,51,4,4,346,225,121,0.158959538,0.033057851,0.226666667,,59,16,2024,0.097142857,38.28571429,47.55714286,56.8,38.18571429,0.471428571,7.87,0.284890427,0.001153403,0.327566321,0.332179931,0.277970012,0.23881028,0.000577534,0.254692463,0.409182789,0.276349986,0.236679058,0.080545229,0.436183395,0.262701363,0.182156134,0.152495379,0.125385089,0.345964264,0.359519409,0.178989526,Silage Corn,No,Yes,Yes,5,6.416008472,24.34096146
166,,SMI_CAN_2,4/18/24,12,7,5,0,284,157,127,0.042253521,0.039370079,0.044585987,,12,16,2024,0.142857143,37.92857143,45.48571429,53.05714286,36.44285714,0.534285714,6.368571429,0.056451613,0,0.123271889,0.427419355,0.315668203,0.190943179,0.004326507,0.218921258,0.31237381,0.392558408,0.09068323,0.037267081,0.202484472,0.390062112,0.211180124,0.141314409,0.020364085,0.295587782,0.277383524,0.220610923,Silage Corn,No,Yes,Yes,5,5.585507393,15.5769558
167,,KAT_SAU,4/22/24,58,23,35,0,398,192,206,0.145728643,0.169902913,0.119791667,,58,17,2024,0.052857143,33.81428571,43.25714286,52.72857143,28.54285714,1.304285714,8.595714286,0.062283737,0,0.289504037,0.166089965,0.476355248,0.082804385,0,0.171667628,0.325158684,0.422677438,0.148379052,0.001246883,0.394014963,0.122194514,0.157107232,0.145317883,0.025994363,0.261822737,0.275916066,0.18759787,Silage Corn,No,No,Yes,5,5.722351551,21.01234818
168,,SMI_COB_3,4/22/24,13,3,10,0,99,43,56,0.131313131,0.178571429,0.069767442,,13,17,2024,0.027142857,32.2,44.12857143,56.01428571,26.62857143,1.042857143,10.58285714,0.161662818,0,0.178983834,0.218244804,0.554272517,0.067282703,0,0.072191741,0.318798729,0.418423332,0.301745636,0.002493766,0.598503741,0.152119701,0.140897756,0.122132672,0.001549907,0.28983261,0.301921885,0.183199008,Silage Corn,Yes,No,No,5,6.173004627,22.6563797
169,,SMI_CAN_2,4/22/24,24,5,19,0,284,157,127,0.084507042,0.149606299,0.031847134,,24,17,2024,0.072857143,33.5,42.92857143,52.32857143,25.47142857,1.247142857,9.161428571,0.056451613,0,0.123271889,0.427419355,0.315668203,0.190943179,0.004326507,0.218921258,0.31237381,0.392558408,0.09068323,0.037267081,0.202484472,0.390062112,0.211180124,0.141314409,0.020364085,0.295587782,0.277383524,0.220610923,Silage Corn,No,Yes,Yes,5,5.585507393,15.5769558
170,,GAB_STE,4/22/24,6,2,4,3,81,51,30,0.074074074,0.133333333,0.039215686,,9,17,2024,0.014285714,32.48571429,45.77142857,59,26.51428571,1.04,12.62428571,0.010356732,0.002301496,0.013808976,0.896432681,0.087456847,0.022215811,0.000865551,0.040103866,0.774379688,0.140219273,0.024539877,0,0.035582822,0.905521472,0.051533742,0.038556447,0,0.083590376,0.776989513,0.087600247,Silage Corn,No,Yes,Yes,5,5.358693123,12.73650074
171,,KAT_HAB_4,4/22/24,45,32,13,3,1679,840,839,0.026801668,0.015494636,0.038095238,,48,17,2024,0.097142857,34.38571429,45.38571429,56.41428571,31.37142857,1.052857143,9.887142857,0.308840413,0.001148106,0.382319173,0.211251435,0.347876005,0.273484631,0.016949153,0.341568515,0.267739155,0.318012065,0.39378882,0.014906832,0.431055901,0.171428571,0.149068323,0.272614237,0.062480572,0.356854212,0.232514765,0.156978551,Silage Corn,Yes,Yes,Yes,5,5.97060585,22.10969543
172,,KAT_JEF_2,4/22/24,9,6,3,1,601,276,325,0.014975042,0.009230769,0.02173913,,10,17,2024,0.117142857,33.42857143,44.75714286,56.1,31.98571429,0.768571429,9.364285714,0.116225547,0,0.150747986,0.415420023,0.355581128,0.093291103,0.000575871,0.113446588,0.561186294,0.274978405,0.103362391,0.01120797,0.138231631,0.388542964,0.216687422,0.0917603,0.007490637,0.117977528,0.527777778,0.176029963,Silage Corn,No,Yes,Yes,5,6.26295042,37.54327011
173,,SMI_DOU_3,4/22/24,24,13,11,0,160,91,69,0.15,0.15942029,0.142857143,,24,17,2024,0.042857143,32.34285714,44.02857143,55.71428571,25.74285714,0.987142857,10.87857143,0.045034642,0.042725173,0.087759815,0.243648961,0.520785219,0.020502455,0.036962172,0.057753393,0.237077678,0.56425065,0.048207664,0.051915946,0.196538937,0.236093943,0.211372064,0.025870034,0.049276255,0.175546658,0.206960271,0.200492763,Soybean,No,Yes,Yes,5,6.29728651,24.98108101
174,,SMI_DOU_3,4/22/24,12,7,5,0,160,91,69,0.075,0.072463768,0.076923077,,12,17,2024,0.042857143,32.34285714,44.02857143,55.71428571,25.74285714,0.987142857,10.87857143,0.045034642,0.042725173,0.087759815,0.243648961,0.520785219,0.020502455,0.036962172,0.057753393,0.237077678,0.56425065,0.048207664,0.051915946,0.196538937,0.236093943,0.211372064,0.025870034,0.049276255,0.175546658,0.206960271,0.200492763,Soybean,No,Yes,Yes,5,6.29728651,24.98108101
175,,DEG_FOU_WOOD,4/22/24,53,26,27,0,257,147,110,0.206225681,0.245454545,0.176870748,,53,17,2024,0.025714286,32.04285714,42.74285714,53.45714286,28.1,0.7,9.104285714,0.339491917,0,0.451501155,0.061200924,0.387990762,0.245086705,0.01416185,0.34017341,0.210115607,0.378034682,0.42039801,0.002487562,0.508706468,0.031094527,0.19278607,0.307001239,0.002168525,0.413568773,0.190520446,0.173482032,Silage Corn,Yes,Yes,No,5,5.715062618,20.57002831
176,,KAT_MAH,4/22/24,128,72,56,0,656,351,305,0.195121951,0.183606557,0.205128205,,128,17,2024,0.047142857,32.02857143,43.97142857,55.95714286,29.38571429,0.891428571,10.47857143,0.702890173,0.002312139,0.722543353,0.061271676,0.136416185,0.548787529,0.002020785,0.620669746,0.17147806,0.115184758,0.78358209,0.008706468,0.822139303,0.007462687,0.077114428,0.618855009,0.006533914,0.700062228,0.114187928,0.081207218,Grain Corn,No,No,Yes,3,5.586569786,190.3849945
177,,GAB_HEN,4/22/24,11,4,7,0,121,77,44,0.090909091,0.159090909,0.051948052,,11,17,2024,0.025714286,33.41428571,46.44285714,59.44285714,26.84285714,1.254285714,12.76142857,0.286374134,0.19630485,0.644341801,0.099307159,0.183602771,0.230702515,0.111303845,0.479040185,0.205550737,0.239086441,0.328800989,0.165636588,0.733003708,0.096415328,0.077873918,0.271494607,0.108474576,0.564560863,0.208628659,0.11248074,Grain Corn,No,No,Yes,5,5.580504417,16.26403236
178,,HUN_PLE_9,4/22/24,30,14,16,5,818,626,192,0.036674817,0.083333333,0.022364217,,35,17,2024,0.038571429,35.01428571,44.44285714,53.85714286,28.44285714,1.042857143,9.781428571,0.002314815,0,0.002314815,0.05787037,0.93287037,0.000577534,0,0.000577534,0.096736933,0.867455963,0.030084236,0.004813478,0.046931408,0.015643803,0.439229844,0.03022061,0.001813237,0.039286794,0.058325778,0.45693563,Grain Corn,Yes,No,No,9,6.067530155,22.46669197
179,,KAT_HAB_3,4/22/24,39,25,14,26,873,374,499,0.04467354,0.028056112,0.06684492,,65,17,2024,0.1,35.72857143,46.65714286,57.57142857,32.44285714,1.181428571,10.45142857,0.274712644,0.066666667,0.51954023,0.137931034,0.256321839,0.158561151,0.099856115,0.331510791,0.357985612,0.210647482,0.31552795,0.217391304,0.572670807,0.070807453,0.144099379,0.225465839,0.07484472,0.333229814,0.310248447,0.113975155,Soybean,No,No,Yes,5,6.10185194,27.97481728
180,,WIS_COO,4/22/24,29,18,11,0,698,418,280,0.041547278,0.039285714,0.043062201,,29,17,2024,0.002857143,33.4,45.34285714,57.24285714,25.55714286,1.495714286,11.65714286,0.147295742,0.01150748,0.261219793,0.155350978,0.554660529,0.12056533,0.062013268,0.246899337,0.26910874,0.434092876,0.259119497,0.030188679,0.472955975,0.113207547,0.364779874,0.21799308,0.02327776,0.359547027,0.235923246,0.304183706,Silage Corn,No,Yes,No,5,5.968518734,24.17316246
181,,KAT_TEE_3,4/22/24,10,8,2,0,575,259,316,0.017391304,0.006329114,0.030888031,,10,17,2024,0.124285714,32.27142857,43.38571429,54.52857143,30.98571429,0.744285714,8.768571429,0.174913694,0,0.239355581,0.498273878,0.151898734,0.136468552,0,0.203115984,0.650317369,0.106751298,0.198998748,0.006257822,0.231539424,0.481852315,0.060075094,0.17165109,0.003115265,0.2,0.634579439,0.057009346,Grain Corn,No,Yes,Yes,5,5.303276539,18.34638786
182,,DEG_VIL,4/22/24,116,47,69,0,381,196,185,0.304461942,0.372972973,0.239795918,,116,17,2024,0.018571429,33.1,43.47142857,53.84285714,27.94285714,0.898571429,9.438571429,0.548498845,0.026558891,0.595842956,0.162817552,0.118937644,0.275981524,0.040415704,0.380773672,0.259526559,0.213337182,0.558312655,0.023573201,0.601736973,0.096774194,0.129032258,0.309361438,0.013949163,0.432114073,0.210477371,0.140111593,Grain Corn,No,No,Yes,5,6.654009819,18.75856018
183,,KAT_TEE,4/22/24,7,3,4,0,358,223,135,0.019553073,0.02962963,0.013452915,,7,17,2024,0.124285714,32.52857143,43.82857143,55.2,31.28571429,0.742857143,9.092857143,0.248554913,0,0.248554913,0.432369942,0.23699422,0.106947247,0,0.133756126,0.431824733,0.353704238,0.264669164,0,0.277153558,0.414481898,0.187265918,0.118232732,0.000933416,0.168014935,0.426571251,0.221219664,Silage Corn,No,Yes,No,5,5.867316246,17.37828636
184,,DEG_PER_STRIP,4/22/24,111,73,38,3,391,254,137,0.283887468,0.277372263,0.287401575,,114,17,2024,0.015714286,32.4,42.78571429,53.17142857,27.94285714,0.792857143,9.03,0.170310702,0.193325662,0.449942463,0.126582278,0.372842348,0.233919815,0.073262186,0.366310932,0.344101529,0.235938852,0.238509317,0.070807453,0.57515528,0.114285714,0.182608696,0.219398822,0.038735668,0.408738767,0.320111559,0.138518748,Grain Corn,Yes,No,No,5,5.993263245,23.35876274
185,,SMI_JOH,4/22/24,11,6,5,4,346,225,121,0.031791908,0.041322314,0.026666667,,15,17,2024,0.051428571,33.74285714,45.12857143,56.5,28.34285714,0.83,11.03,0.284890427,0.001153403,0.327566321,0.332179931,0.277970012,0.23881028,0.000577534,0.254692463,0.409182789,0.276349986,0.236679058,0.080545229,0.436183395,0.262701363,0.182156134,0.152495379,0.125385089,0.345964264,0.359519409,0.178989526,Silage Corn,No,Yes,Yes,5,6.416008472,24.34096146
186,,GAB_ALL,4/22/24,41,31,10,3,220,169,51,0.186363636,0.196078431,0.183431953,,44,17,2024,0.002857143,35.18571429,47.72857143,60.22857143,27.14285714,1.665714286,13.13285714,0.002306805,0,0.003460208,0.55017301,0.173010381,0.008076147,0.000865301,0.011248918,0.562157485,0.083068936,0.004926108,0,0.009852217,0.599753695,0.145320197,0.017310665,0,0.02194745,0.588871716,0.062751159,Silage Corn,Yes,Yes,No,5,5.886958599,28.32917595
187,,WIS_COO_2,4/22/24,33,2,31,0,629,362,267,0.052464229,0.116104869,0.005524862,,33,17,2024,0.004285714,33.45714286,45.61428571,57.77142857,25.68571429,1.47,11.91571429,0.062355658,0.001154734,0.124711316,0.121247113,0.66743649,0.076479076,0.031168831,0.223376623,0.265512266,0.44992785,0.025188917,0.001259446,0.256926952,0.080604534,0.428211587,0.084091622,0.003765297,0.279573266,0.239723878,0.309381864,Silage Corn,No,Yes,No,5,5.539158821,23.32694054
188,,SMI_KEL,4/22/24,14,7,7,0,24,13,11,0.583333333,0.636363636,0.538461538,,14,17,2024,0.027142857,33.22857143,44.95714286,56.74285714,26.65714286,1.074285714,11.21428571,0.138568129,0,0.143187067,0.38221709,0.41108545,0.177694308,0.022536839,0.221901185,0.274776076,0.454781855,0.17380661,0.00244798,0.261933905,0.391676867,0.111383109,0.283729546,0.005557271,0.365544921,0.267675208,0.159308429,Sorghum-Sudan,Yes,Yes,Yes,5,6.507095337,28.20439339
189,,DEG_DIE_HILL,4/22/24,154,92,62,0,475,266,209,0.324210526,0.296650718,0.345864662,,154,17,2024,0.03,32.17142857,42.77142857,53.38571429,28.2,0.69,9.052857143,0.188439306,0.301734104,0.576878613,0.050867052,0.306358382,0.166233766,0.07965368,0.285714286,0.207503608,0.267243867,0.367119901,0.007416564,0.597033375,0.044499382,0.171817058,0.149689441,0.003416149,0.311490683,0.196583851,0.186024845,Grain Corn,Yes,No,No,5,6.039941311,24.28417015
190,,KAT_SAU_3,4/22/24,191,92,99,0,445,216,229,0.429213483,0.43231441,0.425925926,,191,17,2024,0.052857143,33.94285714,43.28571429,52.65714286,28.57142857,1.312857143,8.555714286,0.011560694,0,0.097109827,0.331791908,0.480924855,0.017599538,0,0.135891518,0.373918061,0.420946336,0.041301627,0.002503129,0.158948686,0.29787234,0.242803504,0.1447822,0.005327484,0.229081793,0.361642118,0.172986525,Sorghum-Sudan,No,No,Yes,5,5.815739632,21.67381096
191,,KAT_JEF,4/22/24,8,4,4,1,319,174,145,0.02507837,0.027586207,0.022988506,,9,17,2024,0.111428571,33.37142857,44.68571429,56,31.91428571,0.765714286,9.324285714,0.067816092,0,0.08045977,0.456321839,0.390804598,0.049539171,0,0.053859447,0.43375576,0.387384793,0.08135169,0,0.082603254,0.4718398,0.202753442,0.056697819,0.001557632,0.070093458,0.415576324,0.204049844,Silage Corn,No,Yes,Yes,5,5.586032867,22.36896324
192,,DIP_CUR,4/23/24,25,12,13,0,2105,1222,883,0.011876485,0.014722537,0.009819967,,25,17,2024,0.041428571,30.64285714,42.48571429,54.34285714,26.52857143,0.982857143,9.895714286,0.110982659,0.038150289,0.322543353,0.174566474,0.419653179,0.240762125,0.114896074,0.484411085,0.204099307,0.247113164,0.38875,0.0075,0.555,0.13875,0.155,0.308626596,0.06944877,0.54936157,0.164123326,0.143880411,Silage Corn,No,Yes,Yes,4,5.927192211,18.15420723
193,,DIP_FLE,4/23/24,74,36,38,0,1196,650,546,0.06187291,0.06959707,0.055384615,,74,17,2024,0.022857143,33.67142857,44.37142857,55.05714286,28.91428571,1.01,9.885714286,0.412918108,0.002306805,0.519031142,0.228373702,0.193771626,0.268686869,0.002020202,0.550649351,0.171139971,0.220779221,0.4622057,0.002478315,0.566294919,0.194547708,0.168525403,0.302484472,0.005590062,0.604658385,0.145652174,0.12173913,Silage Corn,No,No,No,5,6.317162514,28.22133827
194,,ZUE_REE,4/23/24,62,27,35,9,3170,1801,1369,0.01955836,0.025566107,0.014991671,,71,17,2024,0.021428571,36.35714286,46.02857143,55.7,30.75714286,1.225714286,9.834285714,0.023094688,0.123556582,0.407621247,0.199769053,0.32448037,0.025921659,0.176843318,0.41359447,0.169354839,0.20218894,0.09729064,0.210591133,0.536945813,0.179802956,0.185960591,0.128292532,0.142547258,0.496436319,0.148435079,0.120855284,Wheat,Yes,No,Yes,4,6.537268639,24.44252777
195,,WIS_KEN,4/23/24,8,1,7,1,482,265,217,0.01659751,0.032258065,0.003773585,,9,17,2024,0.002857143,36.07142857,48.68571429,61.27142857,28.67142857,1.552857143,13.56428571,0.002309469,0.003464203,0.263279446,0.307159353,0.033487298,0.001443418,0.001443418,0.116628176,0.288972286,0.026270208,0,0.002525253,0.093434343,0.321969697,0.178030303,0.000314564,0.000629129,0.037118591,0.278074866,0.104435357,"Field Corn, Tomato, Squash",Yes,No,Yes,4,5.452927113,13.98438168
196,,DIP_PAT,4/23/24,146,75,71,1,2204,1209,995,0.066243194,0.071356784,0.062034739,,147,17,2024,0.02,35.07142857,45.6,56.14285714,30.08571429,0.982857143,10.32,0.384704519,0.004634994,0.475086906,0.361529548,0.162224797,0.356132756,0.004617605,0.638961039,0.172005772,0.148051948,0.388337469,0.023573201,0.549627792,0.339950372,0.054590571,0.256710892,0.140080222,0.721382289,0.14594261,0.053687134,Silage Corn,Yes,Yes,No,5,6.454941273,26.51252174
197,,POV_DUN,4/23/24,3,2,1,0,52,26,26,0.057692308,0.038461538,0.076923077,,3,17,2024,0.022857143,32.12857143,44.15714286,56.15714286,27.77142857,0.925714286,10.80857143,0.002304147,0,0.002304147,0.495391705,0.411290323,0.000577367,0,0.000866051,0.529734411,0.329099307,0.00248139,0.001240695,0.009925558,0.482630273,0.333746898,0.002804612,0.001246494,0.031785603,0.479588657,0.272982237,Silage Corn,No,No,No,4,5.781182766,20.7029171
198,,SMI_LAT,4/23/24,23,10,13,1,457,168,289,0.050328228,0.044982699,0.05952381,,24,17,2024,0.018571429,31.82857143,44.11428571,56.4,27.3,0.78,11.22142857,0.09017341,0.043930636,0.250867052,0.373410405,0.287861272,0.164355864,0.03061814,0.262853842,0.341998845,0.293760832,0.12173913,0,0.398757764,0.350310559,0.113043478,0.176361386,0.000309406,0.397586634,0.324257426,0.124690594,Silage Corn,Yes,Yes,Yes,5,5.557508469,21.01000977
199,,SEA_HOO,4/23/24,10,4,6,0,723,356,367,0.013831259,0.016348774,0.011235955,,10,17,2024,0.02,35.32857143,45.14285714,54.97142857,29.85714286,1.168571429,9.608571429,0.105324074,0.268518519,0.631944444,0.091435185,0.189814815,0.135969977,0.272517321,0.67147806,0.089203233,0.174942263,0.194029851,0.133084577,0.741293532,0.093283582,0.039800995,0.233983287,0.179510987,0.787681832,0.082017951,0.042092232,Sweet Corn,Yes,Yes,Yes,4,6.488575935,26.25037003
200,,STA_BRA,4/24/24,137,81,56,25,959,731,228,0.142857143,0.245614035,0.110807114,,162,17,2024,0.022857143,33.4,44.78571429,56.15714286,31.11428571,0.725714286,9.95,0.33256351,0.153579677,0.532332564,0.352193995,0.051963048,0.320634921,0.122943723,0.60952381,0.275901876,0.065223665,0.523514851,0.006188119,0.559405941,0.292079208,0.066831683,0.450400493,0.026186075,0.650030807,0.22181146,0.060382009,Ryegrass ,No,No,No,5,6.316936493,22.82100105
201,,STA_HEM,4/24/24,189,126,63,15,1004,745,259,0.188247012,0.243243243,0.169127517,,204,17,2024,0.014285714,36.17142857,45.58571429,54.97142857,31.18571429,1.154285714,9.365714286,0.023148148,0.027777778,0.53125,0.267361111,0.157407407,0.10383617,0.113931353,0.561869051,0.256417652,0.130083646,0.058096415,0.004944376,0.599505562,0.268232386,0.059332509,0.211289328,0.007094386,0.61381863,0.25694016,0.057371993,Grain Corn,No,No,No,4,6.926998138,25.07189751
202,,STA_AYR,4/24/24,67,37,30,8,976,585,391,0.068647541,0.076726343,0.063247863,,75,17,2024,0.017142857,36.52857143,46.31428571,56.08571429,31.12857143,1.234285714,9.735714286,0.277522936,0.058486239,0.415137615,0.365825688,0.152522936,0.148617512,0.030817972,0.270737327,0.495679724,0.171947005,0.079110012,0.242274413,0.470951792,0.327564895,0.132262052,0.071560765,0.175817397,0.313386798,0.482109809,0.11967921,Soybean,No,No,Yes,3,6.536432266,34.06747055
203,,STA_PAN,4/24/24,191,53,138,2,892,380,512,0.214125561,0.26953125,0.139473684,,193,17,2024,0.045714286,33.9,43.77142857,53.64285714,29.62857143,1.14,8.668571429,0.474048443,0.003460208,0.807381776,0.047289504,0.083044983,0.326024235,0.001731102,0.551933064,0.312752452,0.079919215,0.373913043,0.003726708,0.872049689,0.019875776,0.037267081,0.310890475,0.003723239,0.582066398,0.28730996,0.053366429,Grain Corn,Yes,No,Yes,5,5.845386505,22.31842613
204,,STA_NOB,4/24/24,24,12,12,0,386,270,116,0.062176166,0.103448276,0.044444444,,24,17,2024,0.032857143,35.45714286,45.01428571,54.61428571,31.07142857,1.142857143,9.012857143,0.281933257,0.01150748,0.523590334,0.181818182,0.197928654,0.405826363,0.008076147,0.64061148,0.186328238,0.123738102,0.431930693,0.027227723,0.678217822,0.13490099,0.087871287,0.457443516,0.010523058,0.733209533,0.153203343,0.058805323,Silage Corn,No,No,No,4,6.663196564,25.65228653
205,,STA_THO,4/24/24,41,21,20,1,1163,622,541,0.035253654,0.036968577,0.033762058,,42,17,2024,0.034285714,36.32857143,46.01428571,55.72857143,31.2,1.185714286,9.687142857,0.384792627,0.074884793,0.517281106,0.054147465,0.299539171,0.291402193,0.045008656,0.362088863,0.239469129,0.27034045,0.180024661,0.257706535,0.605425401,0.051787916,0.141800247,0.159692308,0.199076923,0.472923077,0.220307692,0.138769231,Grain Corn,No,No,No,3,6.241055012,20.55567551
206,,STA_NOB,4/24/24,27,15,12,0,386,270,116,0.069948187,0.103448276,0.055555556,,27,17,2024,0.032857143,35.45714286,45.01428571,54.61428571,31.07142857,1.142857143,9.012857143,0.281933257,0.01150748,0.523590334,0.181818182,0.197928654,0.405826363,0.008076147,0.64061148,0.186328238,0.123738102,0.431930693,0.027227723,0.678217822,0.13490099,0.087871287,0.457443516,0.010523058,0.733209533,0.153203343,0.058805323,Silage Corn,No,No,No,4,6.663196564,25.65228653
207,,STA_WAT,4/24/24,120,77,43,23,344,233,111,0.348837209,0.387387387,0.330472103,,143,17,2024,0.022857143,33.4,44.78571429,56.15714286,31.11428571,0.725714286,9.95,0.33256351,0.153579677,0.532332564,0.352193995,0.051963048,0.320634921,0.122943723,0.60952381,0.275901876,0.065223665,0.523514851,0.006188119,0.559405941,0.292079208,0.066831683,0.450400493,0.026186075,0.650030807,0.22181146,0.060382009,Grain Corn,Yes,Yes,No,5,6.316936493,22.82100105
208,,STA_FRE,4/24/24,89,58,31,4,234,161,73,0.38034188,0.424657534,0.360248447,,93,17,2024,0.02,35.77142857,45.71428571,55.67142857,30.92857143,1.04,9.775714286,0.113033449,0.607843137,0.838523645,0.049596309,0.098039216,0.072480508,0.460294542,0.747328906,0.064106266,0.124169795,0.516129032,0.214640199,0.8808933,0.058312655,0.042183623,0.216625464,0.430469716,0.797589617,0.056242274,0.060877627,Grain Corn,No,No,No,5,6.673674583,27.45412445
209,,STA_SWE,4/24/24,98,58,40,3,314,197,117,0.312101911,0.341880342,0.294416244,,101,17,2024,0.035714286,35.41428571,45.4,55.38571429,31.15714286,1.208571429,9.231428571,0.295742232,0.064441887,0.539700806,0.096662831,0.275028769,0.248773449,0.01991342,0.4,0.277344877,0.247330447,0.352722772,0,0.627475248,0.086633663,0.155940594,0.266069221,0.01946848,0.502163164,0.253090235,0.136897404,Grain Corn,No,No,Yes,5,6.38201952,33.36382294
210,,SMI_COB_3,4/29/24,28,4,24,0,99,43,56,0.282828283,0.428571429,0.093023256,,28,18,2024,0.117142857,47.7,58.38571429,69.02857143,49.95714286,0.445714286,11.24142857,0.161662818,0,0.178983834,0.218244804,0.554272517,0.067282703,0,0.072191741,0.318798729,0.418423332,0.301745636,0.002493766,0.598503741,0.152119701,0.140897756,0.122132672,0.001549907,0.28983261,0.301921885,0.183199008,Silage Corn,Yes,No,No,5,6.173004627,22.6563797
211,,GAB_ALL,4/29/24,50,49,1,0,220,169,51,0.227272727,0.019607843,0.289940828,,50,18,2024,0.154285714,49.92857143,61.1,72.3,50.05714286,0.761428571,14.92714286,0.002306805,0,0.003460208,0.55017301,0.173010381,0.008076147,0.000865301,0.011248918,0.562157485,0.083068936,0.004926108,0,0.009852217,0.599753695,0.145320197,0.017310665,0,0.02194745,0.588871716,0.062751159,Silage Corn,Yes,Yes,No,5,5.886958599,28.32917595
212,,GAB_HEN,4/29/24,26,17,9,2,121,77,44,0.214876033,0.204545455,0.220779221,,28,18,2024,0.19,48.45714286,59.77142857,71.05714286,49.34285714,0.511428571,13.97,0.286374134,0.19630485,0.644341801,0.099307159,0.183602771,0.230702515,0.111303845,0.479040185,0.205550737,0.239086441,0.328800989,0.165636588,0.733003708,0.096415328,0.077873918,0.271494607,0.108474576,0.564560863,0.208628659,0.11248074,Grain Corn,No,No,Yes,5,5.580504417,16.26403236
213,,KAT_SAU,4/29/24,36,18,18,0,398,192,206,0.090452261,0.087378641,0.09375,,36,18,2024,0.064285714,49.92857143,61.01428571,72.1,49.5,0.908571429,14.97714286,0.062283737,0,0.289504037,0.166089965,0.476355248,0.082804385,0,0.171667628,0.325158684,0.422677438,0.148379052,0.001246883,0.394014963,0.122194514,0.157107232,0.145317883,0.025994363,0.261822737,0.275916066,0.18759787,Silage Corn,No,No,Yes,5,5.722351551,21.01234818
214,,KAT_SAU_3,4/29/24,16,10,6,1,445,216,229,0.035955056,0.026200873,0.046296296,,17,18,2024,0.064285714,49.98571429,60.97142857,71.94285714,49.5,0.927142857,14.82142857,0.011560694,0,0.097109827,0.331791908,0.480924855,0.017599538,0,0.135891518,0.373918061,0.420946336,0.041301627,0.002503129,0.158948686,0.29787234,0.242803504,0.1447822,0.005327484,0.229081793,0.361642118,0.172986525,Sorghum-Sudan,No,No,Yes,5,5.815739632,21.67381096
215,,HUN_PLE_9,4/29/24,65,49,16,0,818,626,192,0.079462103,0.083333333,0.07827476,,65,18,2024,0.034285714,45.95714286,55.37142857,64.75714286,47.57142857,0.597142857,9.267142857,0.002314815,0,0.002314815,0.05787037,0.93287037,0.000577534,0,0.000577534,0.096736933,0.867455963,0.030084236,0.004813478,0.046931408,0.015643803,0.439229844,0.03022061,0.001813237,0.039286794,0.058325778,0.45693563,Grain Corn,Yes,No,No,9,6.067530155,22.46669197
216,,DEG_PER_STRIP,4/29/24,128,95,33,0,391,254,137,0.327365729,0.240875912,0.374015748,,128,18,2024,0.121428571,49.8,60.25714286,70.71428571,50.5,0.68,12.64857143,0.170310702,0.193325662,0.449942463,0.126582278,0.372842348,0.233919815,0.073262186,0.366310932,0.344101529,0.235938852,0.238509317,0.070807453,0.57515528,0.114285714,0.182608696,0.219398822,0.038735668,0.408738767,0.320111559,0.138518748,Grain Corn,Yes,No,No,5,5.993263245,23.35876274
217,,GAB_STE,4/29/24,5,3,2,0,81,51,30,0.061728395,0.066666667,0.058823529,,5,18,2024,0.242857143,47.72857143,59.11428571,70.44285714,48.58571429,0.47,13.59857143,0.010356732,0.002301496,0.013808976,0.896432681,0.087456847,0.022215811,0.000865551,0.040103866,0.774379688,0.140219273,0.024539877,0,0.035582822,0.905521472,0.051533742,0.038556447,0,0.083590376,0.776989513,0.087600247,Silage Corn,No,Yes,Yes,5,5.358693123,12.73650074
218,,KAT_HAB_3,4/29/24,69,48,21,15,873,374,499,0.079037801,0.042084168,0.128342246,,84,18,2024,0.095714286,48.74285714,61.94285714,75.1,50.65714286,0.622857143,17.25714286,0.274712644,0.066666667,0.51954023,0.137931034,0.256321839,0.158561151,0.099856115,0.331510791,0.357985612,0.210647482,0.31552795,0.217391304,0.572670807,0.070807453,0.144099379,0.225465839,0.07484472,0.333229814,0.310248447,0.113975155,Soybean,No,No,Yes,5,6.10185194,27.97481728
219,,DEG_VIL,4/29/24,48,16,32,0,381,196,185,0.125984252,0.172972973,0.081632653,,48,18,2024,0.117142857,50.1,60.7,71.28571429,50.6,0.732857143,13.2,0.548498845,0.026558891,0.595842956,0.162817552,0.118937644,0.275981524,0.040415704,0.380773672,0.259526559,0.213337182,0.558312655,0.023573201,0.601736973,0.096774194,0.129032258,0.309361438,0.013949163,0.432114073,0.210477371,0.140111593,Grain Corn,No,No,Yes,5,6.654009819,18.75856018
220,,KAT_MAH,4/29/24,22,15,7,4,656,351,305,0.033536585,0.02295082,0.042735043,,26,18,2024,0.074285714,48.32857143,60.94285714,73.6,50.65714286,0.528571429,15.81142857,0.702890173,0.002312139,0.722543353,0.061271676,0.136416185,0.548787529,0.002020785,0.620669746,0.17147806,0.115184758,0.78358209,0.008706468,0.822139303,0.007462687,0.077114428,0.618855009,0.006533914,0.700062228,0.114187928,0.081207218,Grain Corn,No,No,Yes,3,5.586569786,190.3849945
221,,KAT_TEE_3,4/29/24,16,14,2,0,575,259,316,0.027826087,0.006329114,0.054054054,,16,18,2024,0.068571429,47.98571429,60.12857143,72.3,50,0.598571429,14.78714286,0.174913694,0,0.239355581,0.498273878,0.151898734,0.136468552,0,0.203115984,0.650317369,0.106751298,0.198998748,0.006257822,0.231539424,0.481852315,0.060075094,0.17165109,0.003115265,0.2,0.634579439,0.057009346,Grain Corn,No,Yes,Yes,5,5.303276539,18.34638786
222,,KAT_JEF,4/29/24,6,4,2,0,319,174,145,0.018808777,0.013793103,0.022988506,,6,18,2024,0.08,48,61.11428571,74.24285714,50.51428571,0.427142857,16.48,0.067816092,0,0.08045977,0.456321839,0.390804598,0.049539171,0,0.053859447,0.43375576,0.387384793,0.08135169,0,0.082603254,0.4718398,0.202753442,0.056697819,0.001557632,0.070093458,0.415576324,0.204049844,Silage Corn,No,Yes,Yes,5,5.586032867,22.36896324
223,,DEG_DIE_HILL,4/29/24,39,22,17,1,475,266,209,0.082105263,0.081339713,0.082706767,,40,18,2024,0.138571429,49.6,60.54285714,71.51428571,50.51428571,0.638571429,13.67285714,0.188439306,0.301734104,0.576878613,0.050867052,0.306358382,0.166233766,0.07965368,0.285714286,0.207503608,0.267243867,0.367119901,0.007416564,0.597033375,0.044499382,0.171817058,0.149689441,0.003416149,0.311490683,0.196583851,0.186024845,Grain Corn,Yes,No,No,5,6.039941311,24.28417015
224,,KAT_TEE,4/29/24,24,6,18,1,358,223,135,0.067039106,0.133333333,0.02690583,,25,18,2024,0.068571429,48.04285714,60.6,73.15714286,50.34285714,0.521428571,15.50285714,0.248554913,0,0.248554913,0.432369942,0.23699422,0.106947247,0,0.133756126,0.431824733,0.353704238,0.264669164,0,0.277153558,0.414481898,0.187265918,0.118232732,0.000933416,0.168014935,0.426571251,0.221219664,Silage Corn,No,Yes,No,5,5.867316246,17.37828636
225,,KAT_JEF_2,4/29/24,10,9,1,0,601,276,325,0.016638935,0.003076923,0.032608696,,10,18,2024,0.082857143,48.08571429,61.07142857,74.02857143,50.5,0.445714286,16.28571429,0.116225547,0,0.150747986,0.415420023,0.355581128,0.093291103,0.000575871,0.113446588,0.561186294,0.274978405,0.103362391,0.01120797,0.138231631,0.388542964,0.216687422,0.0917603,0.007490637,0.117977528,0.527777778,0.176029963,Silage Corn,No,Yes,Yes,5,6.26295042,37.54327011
226,,KAT_HAB_4,4/29/24,53,36,17,1,1679,840,839,0.031566409,0.020262217,0.042857143,,54,18,2024,0.107142857,48.98571429,61.34285714,73.7,50.12857143,0.667142857,16.01,0.308840413,0.001148106,0.382319173,0.211251435,0.347876005,0.273484631,0.016949153,0.341568515,0.267739155,0.318012065,0.39378882,0.014906832,0.431055901,0.171428571,0.149068323,0.272614237,0.062480572,0.356854212,0.232514765,0.156978551,Silage Corn,Yes,Yes,Yes,5,5.97060585,22.10969543
227,,DEG_FOU_WOOD,4/29/24,61,47,14,0,257,147,110,0.237354086,0.127272727,0.319727891,,61,18,2024,0.098571429,49.92857143,60.55714286,71.18571429,50.52857143,0.685714286,13.25142857,0.339491917,0,0.451501155,0.061200924,0.387990762,0.245086705,0.01416185,0.34017341,0.210115607,0.378034682,0.42039801,0.002487562,0.508706468,0.031094527,0.19278607,0.307001239,0.002168525,0.413568773,0.190520446,0.173482032,Silage Corn,Yes,Yes,No,5,5.715062618,20.57002831
228,,KAT_HAB_4,4/29/24,42,32,10,5,1679,840,839,0.02501489,0.011918951,0.038095238,,47,18,2024,0.107142857,48.98571429,61.34285714,73.7,50.12857143,0.667142857,16.01,0.308840413,0.001148106,0.382319173,0.211251435,0.347876005,0.273484631,0.016949153,0.341568515,0.267739155,0.318012065,0.39378882,0.014906832,0.431055901,0.171428571,0.149068323,0.272614237,0.062480572,0.356854212,0.232514765,0.156978551,Silage Corn,Yes,Yes,Yes,5,5.97060585,22.10969543
229,,SMI_MCC,4/30/24,23,16,7,1,105,65,40,0.219047619,0.175,0.246153846,,24,18,2024,0.168571429,48.14285714,57.5,66.84285714,49.65714286,0.472857143,9.761428571,0,0.010380623,0.109573241,0.206459054,0.590542099,0.009809579,0.03491056,0.089728794,0.237160992,0.617426428,0.032178218,0.122524752,0.160891089,0.179455446,0.267326733,0.074392868,0.05717799,0.169689517,0.211189671,0.320012296,Soybean,No,No,No,5,6.389553547,30.10634995
230,,WIS_KEN,4/30/24,5,4,1,2,482,265,217,0.010373444,0.004608295,0.01509434,,7,18,2024,0.065714286,50.9,62.05714286,73.18571429,50.92857143,0.648571429,15.34857143,0.002309469,0.003464203,0.263279446,0.307159353,0.033487298,0.001443418,0.001443418,0.116628176,0.288972286,0.026270208,0,0.002525253,0.093434343,0.321969697,0.178030303,0.000314564,0.000629129,0.037118591,0.278074866,0.104435357,"Field Corn, Tomato, Squash",Yes,No,Yes,4,5.452927113,13.98438168
231,,SEA_HOO,4/30/24,13,11,2,1,723,356,367,0.017980636,0.005449591,0.030898876,,14,18,2024,0.072857143,50.07142857,60.3,70.5,51.71428571,0.571428571,11.72714286,0.105324074,0.268518519,0.631944444,0.091435185,0.189814815,0.135969977,0.272517321,0.67147806,0.089203233,0.174942263,0.194029851,0.133084577,0.741293532,0.093283582,0.039800995,0.233983287,0.179510987,0.787681832,0.082017951,0.042092232,Sweet Corn,Yes,Yes,Yes,4,6.488575935,26.25037003
232,,WIS_COO_2,4/30/24,42,12,30,1,629,362,267,0.066772655,0.112359551,0.033149171,,43,18,2024,0.05,48.11428571,59.25714286,70.4,49.2,0.587142857,13.11714286,0.062355658,0.001154734,0.124711316,0.121247113,0.66743649,0.076479076,0.031168831,0.223376623,0.265512266,0.44992785,0.025188917,0.001259446,0.256926952,0.080604534,0.428211587,0.084091622,0.003765297,0.279573266,0.239723878,0.309381864,Silage Corn,No,Yes,No,5,5.539158821,23.32694054
233,,SMI_CAN_2,4/30/24,16,6,10,0,284,157,127,0.056338028,0.078740157,0.038216561,,16,18,2024,0.161428571,48.94285714,58.01428571,67.11428571,49.54285714,0.708571429,9.874285714,0.056451613,0,0.123271889,0.427419355,0.315668203,0.190943179,0.004326507,0.218921258,0.31237381,0.392558408,0.09068323,0.037267081,0.202484472,0.390062112,0.211180124,0.141314409,0.020364085,0.295587782,0.277383524,0.220610923,Silage Corn,No,Yes,Yes,5,5.585507393,15.5769558
234,,ZUE_REE,4/30/24,158,126,32,10,3170,1801,1369,0.049842271,0.023374726,0.069961133,,168,18,2024,0.09,49.11428571,59.6,70.07142857,51.68571429,0.49,11.36142857,0.023094688,0.123556582,0.407621247,0.199769053,0.32448037,0.025921659,0.176843318,0.41359447,0.169354839,0.20218894,0.09729064,0.210591133,0.536945813,0.179802956,0.185960591,0.128292532,0.142547258,0.496436319,0.148435079,0.120855284,Wheat,Yes,No,Yes,4,6.537268639,24.44252777
235,,SMI_DOU_3,4/30/24,22,6,16,0,160,91,69,0.1375,0.231884058,0.065934066,,22,18,2024,0.17,48.35714286,58.11428571,67.87142857,49.78571429,0.478571429,10.57714286,0.045034642,0.042725173,0.087759815,0.243648961,0.520785219,0.020502455,0.036962172,0.057753393,0.237077678,0.56425065,0.048207664,0.051915946,0.196538937,0.236093943,0.211372064,0.025870034,0.049276255,0.175546658,0.206960271,0.200492763,Soybean,No,Yes,Yes,5,6.29728651,24.98108101
236,,SMI_JOH,4/30/24,14,11,3,0,346,225,121,0.040462428,0.024793388,0.048888889,,14,18,2024,0.135714286,50.27142857,60.98571429,71.65714286,50.85714286,0.78,13.18857143,0.284890427,0.001153403,0.327566321,0.332179931,0.277970012,0.23881028,0.000577534,0.254692463,0.409182789,0.276349986,0.236679058,0.080545229,0.436183395,0.262701363,0.182156134,0.152495379,0.125385089,0.345964264,0.359519409,0.178989526,Silage Corn,No,Yes,Yes,5,6.416008472,24.34096146
237,,SMI_KEL,4/30/24,1,0,1,1,24,13,11,0.041666667,0.090909091,0,,2,18,2024,0.127142857,48.57142857,58.64285714,68.7,50.25714286,0.484285714,11.00428571,0.138568129,0,0.143187067,0.38221709,0.41108545,0.177694308,0.022536839,0.221901185,0.274776076,0.454781855,0.17380661,0.00244798,0.261933905,0.391676867,0.111383109,0.283729546,0.005557271,0.365544921,0.267675208,0.159308429,Sorghum-Sudan,Yes,Yes,Yes,5,6.507095337,28.20439339
238,,WIS_COO,4/30/24,23,16,7,0,698,418,280,0.032951289,0.025,0.038277512,,23,18,2024,0.051428571,48.01428571,58.98571429,69.97142857,49.14285714,0.571428571,12.81142857,0.147295742,0.01150748,0.261219793,0.155350978,0.554660529,0.12056533,0.062013268,0.246899337,0.26910874,0.434092876,0.259119497,0.030188679,0.472955975,0.113207547,0.364779874,0.21799308,0.02327776,0.359547027,0.235923246,0.304183706,Silage Corn,No,Yes,No,5,5.968518734,24.17316246
239,,STA_PAN,5/1/24,162,72,90,8,892,380,512,0.18161435,0.17578125,0.189473684,,170,18,2024,0.057142857,49.02857143,60.02857143,71.02857143,49.74285714,0.781428571,13.49571429,0.474048443,0.003460208,0.807381776,0.047289504,0.083044983,0.326024235,0.001731102,0.551933064,0.312752452,0.079919215,0.373913043,0.003726708,0.872049689,0.019875776,0.037267081,0.310890475,0.003723239,0.582066398,0.28730996,0.053366429,Grain Corn,Yes,No,Yes,5,5.845386505,22.31842613
240,,STA_HEM,5/1/24,274,196,78,70,1004,745,259,0.272908367,0.301158301,0.263087248,,344,18,2024,0.097142857,49.1,58.71428571,68.32857143,51.3,0.585714286,10.28714286,0.023148148,0.027777778,0.53125,0.267361111,0.157407407,0.10383617,0.113931353,0.561869051,0.256417652,0.130083646,0.058096415,0.004944376,0.599505562,0.268232386,0.059332509,0.211289328,0.007094386,0.61381863,0.25694016,0.057371993,Grain Corn,No,No,No,4,6.926998138,25.07189751
241,,STA_NOB,5/1/24,76,47,29,17,386,270,116,0.196891192,0.25,0.174074074,,93,18,2024,0.075714286,50.05714286,60.21428571,70.38571429,50.75714286,0.764285714,12.72428571,0.281933257,0.01150748,0.523590334,0.181818182,0.197928654,0.405826363,0.008076147,0.64061148,0.186328238,0.123738102,0.431930693,0.027227723,0.678217822,0.13490099,0.087871287,0.457443516,0.010523058,0.733209533,0.153203343,0.058805323,Silage Corn,No,No,No,4,6.663196564,25.65228653
242,,STA_WAT,5/1/24,65,51,14,5,344,233,111,0.188953488,0.126126126,0.21888412,,70,18,2024,0.072857143,48.37142857,59.58571429,70.81428571,50.8,0.367142857,13.22857143,0.33256351,0.153579677,0.532332564,0.352193995,0.051963048,0.320634921,0.122943723,0.60952381,0.275901876,0.065223665,0.523514851,0.006188119,0.559405941,0.292079208,0.066831683,0.450400493,0.026186075,0.650030807,0.22181146,0.060382009,Grain Corn,Yes,Yes,No,5,6.316936493,22.82100105
243,,DIP_CUR,5/1/24,17,8,9,2,2105,1222,883,0.00807601,0.010192525,0.006546645,,19,18,2024,0.062857143,49.38571429,60.81428571,72.25714286,48.64285714,1.601428571,15.45714286,0.110982659,0.038150289,0.322543353,0.174566474,0.419653179,0.240762125,0.114896074,0.484411085,0.204099307,0.247113164,0.38875,0.0075,0.555,0.13875,0.155,0.308626596,0.06944877,0.54936157,0.164123326,0.143880411,Silage Corn,No,Yes,Yes,4,5.927192211,18.15420723
244,,POV_DUN,5/1/24,2,2,0,0,52,26,26,0.038461538,0,0.076923077,,2,18,2024,0.084285714,49.9,61.81428571,73.75714286,50.74285714,0.72,15.49714286,0.002304147,0,0.002304147,0.495391705,0.411290323,0.000577367,0,0.000866051,0.529734411,0.329099307,0.00248139,0.001240695,0.009925558,0.482630273,0.333746898,0.002804612,0.001246494,0.031785603,0.479588657,0.272982237,Silage Corn,No,No,No,4,5.781182766,20.7029171
245,,STA_BRA,5/1/24,143,116,27,10,959,731,228,0.14911366,0.118421053,0.158686731,,153,18,2024,0.072857143,48.37142857,59.58571429,70.81428571,50.8,0.367142857,13.22857143,0.33256351,0.153579677,0.532332564,0.352193995,0.051963048,0.320634921,0.122943723,0.60952381,0.275901876,0.065223665,0.523514851,0.006188119,0.559405941,0.292079208,0.066831683,0.450400493,0.026186075,0.650030807,0.22181146,0.060382009,Ryegrass ,No,No,No,5,6.316936493,22.82100105
246,,SMI_LAT,5/1/24,16,5,11,0,457,168,289,0.035010941,0.038062284,0.029761905,,16,18,2024,0.072857143,48.2,60.98571429,73.71428571,51.18571429,0.361428571,15.39285714,0.09017341,0.043930636,0.250867052,0.373410405,0.287861272,0.164355864,0.03061814,0.262853842,0.341998845,0.293760832,0.12173913,0,0.398757764,0.350310559,0.113043478,0.176361386,0.000309406,0.397586634,0.324257426,0.124690594,Silage Corn,Yes,Yes,Yes,5,5.557508469,21.01000977
247,,STA_MAC,5/1/24,19,18,1,0,144,108,36,0.131944444,0.027777778,0.166666667,,19,18,2024,0.067142857,49.95714286,60.94285714,71.87142857,51.22857143,0.691428571,13.86428571,0.583815029,0.210404624,0.853179191,0.009248555,0.084393064,0.498128419,0.191189174,0.772243018,0.120932911,0.071983876,0.213844252,0.259579728,0.839307787,0.004944376,0.044499382,0.170693928,0.403655514,0.77819083,0.11802974,0.043060719,Soybean,Yes,No,No,4,6.208273411,26.84366798
248,,STA_AYR,5/1/24,71,40,31,9,976,585,391,0.072745902,0.079283887,0.068376068,,80,18,2024,0.09,49.47142857,59.51428571,69.54285714,51.12857143,0.697142857,11.49285714,0.277522936,0.058486239,0.415137615,0.365825688,0.152522936,0.148617512,0.030817972,0.270737327,0.495679724,0.171947005,0.079110012,0.242274413,0.470951792,0.327564895,0.132262052,0.071560765,0.175817397,0.313386798,0.482109809,0.11967921,Soybean,No,No,Yes,3,6.536432266,34.06747055
249,,STA_FRE,5/1/24,7,6,1,1,234,161,73,0.02991453,0.01369863,0.037267081,,8,18,2024,0.108571429,49.82857143,59.9,70.02857143,51.6,0.598571429,11.35,0.113033449,0.607843137,0.838523645,0.049596309,0.098039216,0.072480508,0.460294542,0.747328906,0.064106266,0.124169795,0.516129032,0.214640199,0.8808933,0.058312655,0.042183623,0.216625464,0.430469716,0.797589617,0.056242274,0.060877627,Grain Corn,No,No,No,5,6.673674583,27.45412445
250,,DIP_FLE,5/1/24,40,31,9,0,1196,650,546,0.033444816,0.016483516,0.047692308,,40,18,2024,0.091428571,50.48571429,61.22857143,71.98571429,51.64285714,0.605714286,13.05714286,0.412918108,0.002306805,0.519031142,0.228373702,0.193771626,0.268686869,0.002020202,0.550649351,0.171139971,0.220779221,0.4622057,0.002478315,0.566294919,0.194547708,0.168525403,0.302484472,0.005590062,0.604658385,0.145652174,0.12173913,Silage Corn,No,No,No,5,6.317162514,28.22133827
251,,DIP_PAT,5/1/24,121,80,41,24,2204,1209,995,0.054900181,0.04120603,0.066170389,,145,18,2024,0.095714286,50.25714286,60.72857143,71.21428571,51.6,0.544285714,12.46571429,0.384704519,0.004634994,0.475086906,0.361529548,0.162224797,0.356132756,0.004617605,0.638961039,0.172005772,0.148051948,0.388337469,0.023573201,0.549627792,0.339950372,0.054590571,0.256710892,0.140080222,0.721382289,0.14594261,0.053687134,Silage Corn,Yes,Yes,No,5,6.454941273,26.51252174
252,,STA_THO,5/1/24,30,16,14,1,1163,622,541,0.025795357,0.025878004,0.025723473,,31,18,2024,0.082857143,48.78571429,58.7,68.6,50.35714286,0.651428571,11.46142857,0.384792627,0.074884793,0.517281106,0.054147465,0.299539171,0.291402193,0.045008656,0.362088863,0.239469129,0.27034045,0.180024661,0.257706535,0.605425401,0.051787916,0.141800247,0.159692308,0.199076923,0.472923077,0.220307692,0.138769231,Grain Corn,No,No,No,3,6.241055012,20.55567551
253,,STA_SWE,5/1/24,38,25,13,3,314,197,117,0.121019108,0.111111111,0.126903553,,41,18,2024,0.051428571,50.2,60.74285714,71.31428571,51.12857143,0.678571429,13.43857143,0.295742232,0.064441887,0.539700806,0.096662831,0.275028769,0.248773449,0.01991342,0.4,0.277344877,0.247330447,0.352722772,0,0.627475248,0.086633663,0.155940594,0.266069221,0.01946848,0.502163164,0.253090235,0.136897404,Grain Corn,No,No,Yes,5,6.38201952,33.36382294
254,,KAT_JEF,5/6/24,8,4,4,0,319,174,145,0.02507837,0.027586207,0.022988506,,8,19,2024,0.121428571,44.34285714,55.27142857,66.22857143,46.6,0.418571429,11.97285714,0.067816092,0,0.08045977,0.456321839,0.390804598,0.049539171,0,0.053859447,0.43375576,0.387384793,0.08135169,0,0.082603254,0.4718398,0.202753442,0.056697819,0.001557632,0.070093458,0.415576324,0.204049844,Silage Corn,No,Yes,Yes,5,5.586032867,22.36896324
255,,SMI_LAT,5/6/24,23,8,15,2,457,168,289,0.050328228,0.051903114,0.047619048,,25,19,2024,0.11,44.35714286,54.62857143,64.91428571,45.91428571,0.241428571,12.14857143,0.09017341,0.043930636,0.250867052,0.373410405,0.287861272,0.164355864,0.03061814,0.262853842,0.341998845,0.293760832,0.12173913,0,0.398757764,0.350310559,0.113043478,0.176361386,0.000309406,0.397586634,0.324257426,0.124690594,Silage Corn,Yes,Yes,Yes,5,5.557508469,21.01000977
256,,KAT_MAH,5/6/24,157,83,74,1,656,351,305,0.239329268,0.242622951,0.236467236,,158,19,2024,0.137142857,43.94285714,54.61428571,65.25714286,45.64285714,0.282857143,12.43571429,0.702890173,0.002312139,0.722543353,0.061271676,0.136416185,0.548787529,0.002020785,0.620669746,0.17147806,0.115184758,0.78358209,0.008706468,0.822139303,0.007462687,0.077114428,0.618855009,0.006533914,0.700062228,0.114187928,0.081207218,Grain Corn,No,No,Yes,3,5.586569786,190.3849945
257,,KAT_TEE_3,5/6/24,8,7,1,0,575,259,316,0.013913043,0.003164557,0.027027027,,8,19,2024,0.074285714,43.4,54.12857143,64.85714286,45.75714286,0.301428571,11.21285714,0.174913694,0,0.239355581,0.498273878,0.151898734,0.136468552,0,0.203115984,0.650317369,0.106751298,0.198998748,0.006257822,0.231539424,0.481852315,0.060075094,0.17165109,0.003115265,0.2,0.634579439,0.057009346,Grain Corn,No,Yes,Yes,5,5.303276539,18.34638786
258,,KAT_HAB_4,5/6/24,31,27,4,4,1679,840,839,0.018463371,0.00476758,0.032142857,,35,19,2024,0.112857143,43.57142857,55.17142857,66.72857143,45.45714286,0.317142857,12.87857143,0.308840413,0.001148106,0.382319173,0.211251435,0.347876005,0.273484631,0.016949153,0.341568515,0.267739155,0.318012065,0.39378882,0.014906832,0.431055901,0.171428571,0.149068323,0.272614237,0.062480572,0.356854212,0.232514765,0.156978551,Silage Corn,Yes,Yes,Yes,5,5.97060585,22.10969543
259,,KAT_HAB_3,5/6/24,33,14,19,58,873,374,499,0.037800687,0.038076152,0.037433155,,91,19,2024,0.062857143,45.14285714,56.41428571,67.67142857,46.2,0.415714286,13.36285714,0.274712644,0.066666667,0.51954023,0.137931034,0.256321839,0.158561151,0.099856115,0.331510791,0.357985612,0.210647482,0.31552795,0.217391304,0.572670807,0.070807453,0.144099379,0.225465839,0.07484472,0.333229814,0.310248447,0.113975155,Soybean,No,No,Yes,5,6.10185194,27.97481728
260,,SMI_LAT_2,5/6/24,12,6,6,2,818,465,353,0.014669927,0.016997167,0.012903226,,14,19,2024,0.11,44.35714286,54.62857143,64.91428571,45.91428571,0.241428571,12.14857143,0.092165899,0,0.202764977,0.511520737,0.209677419,0.116628176,0.030889145,0.206120092,0.351905312,0.345554273,0.140024783,0,0.334572491,0.500619579,0.071871128,0.13572978,0.000309885,0.363495507,0.335915711,0.147195538,Silage Corn,Yes,Yes,Yes,5,5.899997234,29.36910629
261,,WIS_COO,5/6/24,24,16,8,1,698,418,280,0.034383954,0.028571429,0.038277512,,25,19,2024,0.215714286,45.12857143,54.81428571,64.5,45.9,0.341428571,10.89428571,0.147295742,0.01150748,0.261219793,0.155350978,0.554660529,0.12056533,0.062013268,0.246899337,0.26910874,0.434092876,0.259119497,0.030188679,0.472955975,0.113207547,0.364779874,0.21799308,0.02327776,0.359547027,0.235923246,0.304183706,Silage Corn,No,Yes,No,5,5.968518734,24.17316246
262,,WIS_KEN,5/6/24,6,4,2,0,482,265,217,0.012448133,0.00921659,0.01509434,,6,19,2024,0.23,47.9,57.74285714,67.6,48.31428571,0.311428571,13.02,0.002309469,0.003464203,0.263279446,0.307159353,0.033487298,0.001443418,0.001443418,0.116628176,0.288972286,0.026270208,0,0.002525253,0.093434343,0.321969697,0.178030303,0.000314564,0.000629129,0.037118591,0.278074866,0.104435357,"Field Corn, Tomato, Squash",Yes,No,Yes,4,5.452927113,13.98438168
263,,KAT_SAU,5/6/24,82,41,41,1,398,192,206,0.206030151,0.199029126,0.213541667,,83,19,2024,0.11,44.6,53.3,62.01428571,45.1,0.495714286,10.07428571,0.062283737,0,0.289504037,0.166089965,0.476355248,0.082804385,0,0.171667628,0.325158684,0.422677438,0.148379052,0.001246883,0.394014963,0.122194514,0.157107232,0.145317883,0.025994363,0.261822737,0.275916066,0.18759787,Silage Corn,No,No,Yes,5,5.722351551,21.01234818
264,,KAT_SAU_3,5/6/24,26,16,10,3,445,216,229,0.058426966,0.043668122,0.074074074,,29,19,2024,0.108571429,44.6,53.24285714,61.91428571,45.05714286,0.504285714,9.985714286,0.011560694,0,0.097109827,0.331791908,0.480924855,0.017599538,0,0.135891518,0.373918061,0.420946336,0.041301627,0.002503129,0.158948686,0.29787234,0.242803504,0.1447822,0.005327484,0.229081793,0.361642118,0.172986525,Sorghum-Sudan,No,No,Yes,5,5.815739632,21.67381096
265,,KAT_JEF_2,5/6/24,4,2,2,0,601,276,325,0.006655574,0.006153846,0.007246377,,4,19,2024,0.11,44.22857143,55.18571429,66.17142857,46.52857143,0.402857143,11.92857143,0.116225547,0,0.150747986,0.415420023,0.355581128,0.093291103,0.000575871,0.113446588,0.561186294,0.274978405,0.103362391,0.01120797,0.138231631,0.388542964,0.216687422,0.0917603,0.007490637,0.117977528,0.527777778,0.176029963,Silage Corn,No,Yes,Yes,5,6.26295042,37.54327011
266,,KAT_TEE,5/6/24,18,15,3,1,358,223,135,0.05027933,0.022222222,0.067264574,,19,19,2024,0.075714286,43.52857143,54.51428571,65.52857143,46.2,0.301428571,11.57142857,0.248554913,0,0.248554913,0.432369942,0.23699422,0.106947247,0,0.133756126,0.431824733,0.353704238,0.264669164,0,0.277153558,0.414481898,0.187265918,0.118232732,0.000933416,0.168014935,0.426571251,0.221219664,Silage Corn,No,Yes,No,5,5.867316246,17.37828636
267,,WIS_COO_2,5/6/24,3,0,3,0,629,362,267,0.004769475,0.011235955,0,,3,19,2024,0.222857143,44.98571429,54.98571429,65.01428571,45.87142857,0.328571429,11.35571429,0.062355658,0.001154734,0.124711316,0.121247113,0.66743649,0.076479076,0.031168831,0.223376623,0.265512266,0.44992785,0.025188917,0.001259446,0.256926952,0.080604534,0.428211587,0.084091622,0.003765297,0.279573266,0.239723878,0.309381864,Silage Corn,No,Yes,No,5,5.539158821,23.32694054
268,,DEG_FOU_WOOD,5/6/24,94,50,44,3,257,147,110,0.365758755,0.4,0.340136054,,97,19,2024,0.157142857,44.84285714,53.61428571,62.37142857,45.21428571,0.365714286,10.53571429,0.339491917,0,0.451501155,0.061200924,0.387990762,0.245086705,0.01416185,0.34017341,0.210115607,0.378034682,0.42039801,0.002487562,0.508706468,0.031094527,0.19278607,0.307001239,0.002168525,0.413568773,0.190520446,0.173482032,Silage Corn,Yes,Yes,No,5,5.715062618,20.57002831
269,,DEG_DIE_HILL,5/6/24,200,100,100,2,475,266,209,0.421052632,0.4784689,0.37593985,,202,19,2024,0.157142857,44.78571429,53.48571429,62.22857143,45.2,0.337142857,10.44714286,0.188439306,0.301734104,0.576878613,0.050867052,0.306358382,0.166233766,0.07965368,0.285714286,0.207503608,0.267243867,0.367119901,0.007416564,0.597033375,0.044499382,0.171817058,0.149689441,0.003416149,0.311490683,0.196583851,0.186024845,Grain Corn,Yes,No,No,5,6.039941311,24.28417015
270,,DEG_VIL,5/6/24,111,68,43,5,381,196,185,0.291338583,0.232432432,0.346938776,,116,19,2024,0.172857143,45.22857143,54.22857143,63.18571429,45.44285714,0.315714286,11.00571429,0.548498845,0.026558891,0.595842956,0.162817552,0.118937644,0.275981524,0.040415704,0.380773672,0.259526559,0.213337182,0.558312655,0.023573201,0.601736973,0.096774194,0.129032258,0.309361438,0.013949163,0.432114073,0.210477371,0.140111593,Grain Corn,No,No,Yes,5,6.654009819,18.75856018
271,,HUN_PLE_9,5/6/24,147,110,37,28,818,626,192,0.179706601,0.192708333,0.17571885,,175,19,2024,0.112857143,46.92857143,54.52857143,62.12857143,46.2,0.462857143,8.832857143,0.002314815,0,0.002314815,0.05787037,0.93287037,0.000577534,0,0.000577534,0.096736933,0.867455963,0.030084236,0.004813478,0.046931408,0.015643803,0.439229844,0.03022061,0.001813237,0.039286794,0.058325778,0.45693563,Grain Corn,Yes,No,No,9,6.067530155,22.46669197
272,,DEG_PER_STRIP,5/6/24,65,29,36,0,391,254,137,0.166240409,0.262773723,0.114173228,,65,19,2024,0.168571429,44.95714286,53.64285714,62.32857143,45.28571429,0.324285714,10.42714286,0.170310702,0.193325662,0.449942463,0.126582278,0.372842348,0.233919815,0.073262186,0.366310932,0.344101529,0.235938852,0.238509317,0.070807453,0.57515528,0.114285714,0.182608696,0.219398822,0.038735668,0.408738767,0.320111559,0.138518748,Grain Corn,Yes,No,No,5,5.993263245,23.35876274
273,,SMI_JOH,5/6/24,9,9,0,1,346,225,121,0.026011561,0,0.04,,10,19,2024,0.202857143,47.18571429,56.18571429,65.21428571,46.24285714,0.415714286,12.10714286,0.284890427,0.001153403,0.327566321,0.332179931,0.277970012,0.23881028,0.000577534,0.254692463,0.409182789,0.276349986,0.236679058,0.080545229,0.436183395,0.262701363,0.182156134,0.152495379,0.125385089,0.345964264,0.359519409,0.178989526,Silage Corn,No,Yes,Yes,5,6.416008472,24.34096146
274,,STA_SWE,5/7/24,7,5,2,0,314,197,117,0.022292994,0.017094017,0.025380711,,7,19,2024,0.102857143,45.08571429,55.8,66.51428571,46,0.281428571,12.69285714,0.295742232,0.064441887,0.539700806,0.096662831,0.275028769,0.248773449,0.01991342,0.4,0.277344877,0.247330447,0.352722772,0,0.627475248,0.086633663,0.155940594,0.266069221,0.01946848,0.502163164,0.253090235,0.136897404,Grain Corn,No,No,Yes,5,6.38201952,33.36382294
275,,DIP_CUR,5/7/24,36,25,11,6,2105,1222,883,0.017102138,0.012457531,0.020458265,,42,19,2024,0.15,44.58571429,53.74285714,62.9,43.94285714,1.238571429,11.42428571,0.110982659,0.038150289,0.322543353,0.174566474,0.419653179,0.240762125,0.114896074,0.484411085,0.204099307,0.247113164,0.38875,0.0075,0.555,0.13875,0.155,0.308626596,0.06944877,0.54936157,0.164123326,0.143880411,Silage Corn,No,Yes,Yes,4,5.927192211,18.15420723
276,,POV_DUN,5/7/24,3,1,2,0,52,26,26,0.057692308,0.076923077,0.038461538,,3,19,2024,0.141428571,45.1,55.05714286,65,45.67142857,0.428571429,12.41428571,0.002304147,0,0.002304147,0.495391705,0.411290323,0.000577367,0,0.000866051,0.529734411,0.329099307,0.00248139,0.001240695,0.009925558,0.482630273,0.333746898,0.002804612,0.001246494,0.031785603,0.479588657,0.272982237,Silage Corn,No,No,No,4,5.781182766,20.7029171
277,,STA_PAN,5/7/24,76,47,29,17,892,380,512,0.085201794,0.056640625,0.123684211,,93,19,2024,0.13,44.02857143,54.32857143,64.6,44.54285714,0.397142857,11.79142857,0.474048443,0.003460208,0.807381776,0.047289504,0.083044983,0.326024235,0.001731102,0.551933064,0.312752452,0.079919215,0.373913043,0.003726708,0.872049689,0.019875776,0.037267081,0.310890475,0.003723239,0.582066398,0.28730996,0.053366429,Grain Corn,Yes,No,Yes,5,5.845386505,22.31842613
278,,SMI_KEL,5/7/24,4,2,2,1,24,13,11,0.166666667,0.181818182,0.153846154,,5,19,2024,0.165714286,46.75714286,56.04285714,65.31428571,45.25714286,0.542857143,12.35285714,0.138568129,0,0.143187067,0.38221709,0.41108545,0.177694308,0.022536839,0.221901185,0.274776076,0.454781855,0.17380661,0.00244798,0.261933905,0.391676867,0.111383109,0.283729546,0.005557271,0.365544921,0.267675208,0.159308429,Sorghum-Sudan,Yes,Yes,Yes,5,6.507095337,28.20439339
279,,SMI_DOU_3,5/7/24,13,9,4,1,160,91,69,0.08125,0.057971014,0.098901099,,14,19,2024,0.137142857,45.45714286,55.01428571,64.57142857,45,0.32,11.77428571,0.045034642,0.042725173,0.087759815,0.243648961,0.520785219,0.020502455,0.036962172,0.057753393,0.237077678,0.56425065,0.048207664,0.051915946,0.196538937,0.236093943,0.211372064,0.025870034,0.049276255,0.175546658,0.206960271,0.200492763,Soybean,No,Yes,Yes,5,6.29728651,24.98108101
280,,SMI_COB_3,5/7/24,25,12,13,2,99,43,56,0.252525253,0.232142857,0.279069767,,27,19,2024,0.112857143,45,54.6,64.22857143,44.85714286,0.368571429,11.39142857,0.161662818,0,0.178983834,0.218244804,0.554272517,0.067282703,0,0.072191741,0.318798729,0.418423332,0.301745636,0.002493766,0.598503741,0.152119701,0.140897756,0.122132672,0.001549907,0.28983261,0.301921885,0.183199008,Silage Corn,Yes,No,No,5,6.173004627,22.6563797
281,,GAB_STE,5/7/24,20,17,3,0,81,51,30,0.24691358,0.1,0.333333333,,20,19,2024,0.235714286,47.02857143,56.8,66.55714286,45.6,0.675714286,13.06285714,0.010356732,0.002301496,0.013808976,0.896432681,0.087456847,0.022215811,0.000865551,0.040103866,0.774379688,0.140219273,0.024539877,0,0.035582822,0.905521472,0.051533742,0.038556447,0,0.083590376,0.776989513,0.087600247,Silage Corn,No,Yes,Yes,5,5.358693123,12.73650074
282,,STA_AYR,5/7/24,24,21,3,2,976,585,391,0.024590164,0.007672634,0.035897436,,26,19,2024,0.062857143,47.15714286,57.15714286,67.14285714,46.67142857,0.427142857,13.32857143,0.277522936,0.058486239,0.415137615,0.365825688,0.152522936,0.148617512,0.030817972,0.270737327,0.495679724,0.171947005,0.079110012,0.242274413,0.470951792,0.327564895,0.132262052,0.071560765,0.175817397,0.313386798,0.482109809,0.11967921,Soybean,No,No,Yes,3,6.536432266,34.06747055
283,,GAB_HEN,5/7/24,43,27,16,4,121,77,44,0.355371901,0.363636364,0.350649351,,47,19,2024,0.235714286,47.55714286,57.37142857,67.2,46.07142857,0.665714286,13.47142857,0.286374134,0.19630485,0.644341801,0.099307159,0.183602771,0.230702515,0.111303845,0.479040185,0.205550737,0.239086441,0.328800989,0.165636588,0.733003708,0.096415328,0.077873918,0.271494607,0.108474576,0.564560863,0.208628659,0.11248074,Grain Corn,No,No,Yes,5,5.580504417,16.26403236
284,,SEA_HOO,5/7/24,61,34,27,1,723,356,367,0.084370678,0.073569482,0.095505618,,62,19,2024,0.114285714,46.84285714,55.72857143,64.62857143,46.21428571,0.468571429,11.79285714,0.105324074,0.268518519,0.631944444,0.091435185,0.189814815,0.135969977,0.272517321,0.67147806,0.089203233,0.174942263,0.194029851,0.133084577,0.741293532,0.093283582,0.039800995,0.233983287,0.179510987,0.787681832,0.082017951,0.042092232,Sweet Corn,Yes,Yes,Yes,4,6.488575935,26.25037003
285,,SMI_MCC,5/7/24,14,8,6,4,105,65,40,0.133333333,0.15,0.123076923,,18,19,2024,0.192857143,44.95714286,54.14285714,63.32857143,44.7,0.285714286,10.87714286,0,0.010380623,0.109573241,0.206459054,0.590542099,0.009809579,0.03491056,0.089728794,0.237160992,0.617426428,0.032178218,0.122524752,0.160891089,0.179455446,0.267326733,0.074392868,0.05717799,0.169689517,0.211189671,0.320012296,Soybean,No,No,No,5,6.389553547,30.10634995
286,,GAB_ALL,5/7/24,62,53,9,0,220,169,51,0.281818182,0.176470588,0.313609467,,62,19,2024,0.202857143,49.62857143,59.15714286,68.68571429,46.61428571,0.882857143,14.91857143,0.002306805,0,0.003460208,0.55017301,0.173010381,0.008076147,0.000865301,0.011248918,0.562157485,0.083068936,0.004926108,0,0.009852217,0.599753695,0.145320197,0.017310665,0,0.02194745,0.588871716,0.062751159,Silage Corn,Yes,Yes,No,5,5.886958599,28.32917595
287,,SMI_CAN_2,5/7/24,42,28,14,5,284,157,127,0.147887324,0.11023622,0.178343949,,47,19,2024,0.155714286,44.42857143,52.8,61.21428571,43.85714286,0.282857143,9.687142857,0.056451613,0,0.123271889,0.427419355,0.315668203,0.190943179,0.004326507,0.218921258,0.31237381,0.392558408,0.09068323,0.037267081,0.202484472,0.390062112,0.211180124,0.141314409,0.020364085,0.295587782,0.277383524,0.220610923,Silage Corn,No,Yes,Yes,5,5.585507393,15.5769558
288,,STA_BRA,5/7/24,146,108,38,6,959,731,228,0.152241919,0.166666667,0.147742818,,152,19,2024,0.03,45.15714286,56.37142857,67.61428571,46.05714286,0.34,14.01571429,0.33256351,0.153579677,0.532332564,0.352193995,0.051963048,0.320634921,0.122943723,0.60952381,0.275901876,0.065223665,0.523514851,0.006188119,0.559405941,0.292079208,0.066831683,0.450400493,0.026186075,0.650030807,0.22181146,0.060382009,Ryegrass ,No,No,No,5,6.316936493,22.82100105
289,,STA_THO,5/7/24,15,11,4,0,1163,622,541,0.012897678,0.007393715,0.017684887,,15,19,2024,0.141428571,46.61428571,57.1,67.6,46.44285714,0.402857143,13.52428571,0.384792627,0.074884793,0.517281106,0.054147465,0.299539171,0.291402193,0.045008656,0.362088863,0.239469129,0.27034045,0.180024661,0.257706535,0.605425401,0.051787916,0.141800247,0.159692308,0.199076923,0.472923077,0.220307692,0.138769231,Grain Corn,No,No,No,3,6.241055012,20.55567551
290,,STA_NOB,5/7/24,75,72,3,8,386,270,116,0.194300518,0.025862069,0.266666667,,83,19,2024,0.041428571,45.37142857,55.7,66.01428571,45.94285714,0.377142857,12.34142857,0.281933257,0.01150748,0.523590334,0.181818182,0.197928654,0.405826363,0.008076147,0.64061148,0.186328238,0.123738102,0.431930693,0.027227723,0.678217822,0.13490099,0.087871287,0.457443516,0.010523058,0.733209533,0.153203343,0.058805323,Silage Corn,No,No,No,4,6.663196564,25.65228653
291,,DIP_PAT,5/7/24,70,51,19,7,2204,1209,995,0.031760436,0.019095477,0.042183623,,77,19,2024,0.115714286,47.82857143,57.12857143,66.44285714,47.05714286,0.365714286,13.08428571,0.384704519,0.004634994,0.475086906,0.361529548,0.162224797,0.356132756,0.004617605,0.638961039,0.172005772,0.148051948,0.388337469,0.023573201,0.549627792,0.339950372,0.054590571,0.256710892,0.140080222,0.721382289,0.14594261,0.053687134,Silage Corn,Yes,Yes,No,5,6.454941273,26.51252174
292,,STA_MAC,5/7/24,39,36,3,2,144,108,36,0.270833333,0.083333333,0.333333333,,41,19,2024,0.098571429,46.08571429,56.62857143,67.14285714,46.3,0.382857143,13.48,0.583815029,0.210404624,0.853179191,0.009248555,0.084393064,0.498128419,0.191189174,0.772243018,0.120932911,0.071983876,0.213844252,0.259579728,0.839307787,0.004944376,0.044499382,0.170693928,0.403655514,0.77819083,0.11802974,0.043060719,Soybean,Yes,No,No,4,6.208273411,26.84366798
293,,STA_HEM,5/7/24,166,138,28,4,1004,745,259,0.165338645,0.108108108,0.185234899,,170,19,2024,0.074285714,48.15714286,57.11428571,66.04285714,46.9,0.571428571,12.33142857,0.023148148,0.027777778,0.53125,0.267361111,0.157407407,0.10383617,0.113931353,0.561869051,0.256417652,0.130083646,0.058096415,0.004944376,0.599505562,0.268232386,0.059332509,0.211289328,0.007094386,0.61381863,0.25694016,0.057371993,Grain Corn,No,No,No,4,6.926998138,25.07189751
294,,STA_WAT,5/7/24,30,21,9,4,344,233,111,0.087209302,0.081081081,0.090128755,,34,19,2024,0.03,45.15714286,56.37142857,67.61428571,46.05714286,0.34,14.01571429,0.33256351,0.153579677,0.532332564,0.352193995,0.051963048,0.320634921,0.122943723,0.60952381,0.275901876,0.065223665,0.523514851,0.006188119,0.559405941,0.292079208,0.066831683,0.450400493,0.026186075,0.650030807,0.22181146,0.060382009,Grain Corn,Yes,Yes,No,5,6.316936493,22.82100105
295,,STA_FRE,5/7/24,28,19,9,2,234,161,73,0.11965812,0.123287671,0.118012422,,30,19,2024,0.125714286,48.07142857,57.02857143,66,46.75714286,0.604285714,12.57142857,0.113033449,0.607843137,0.838523645,0.049596309,0.098039216,0.072480508,0.460294542,0.747328906,0.064106266,0.124169795,0.516129032,0.214640199,0.8808933,0.058312655,0.042183623,0.216625464,0.430469716,0.797589617,0.056242274,0.060877627,Grain Corn,No,No,No,5,6.673674583,27.45412445
296,,ZUE_REE,5/7/24,189,113,76,76,3170,1801,1369,0.059621451,0.055514974,0.062742921,,265,19,2024,0.161428571,48.11428571,56.98571429,65.85714286,46.67142857,0.672857143,12.40428571,0.023094688,0.123556582,0.407621247,0.199769053,0.32448037,0.025921659,0.176843318,0.41359447,0.169354839,0.20218894,0.09729064,0.210591133,0.536945813,0.179802956,0.185960591,0.128292532,0.142547258,0.496436319,0.148435079,0.120855284,Wheat,Yes,No,Yes,4,6.537268639,24.44252777
297,,DIP_FLE,5/7/24,10,10,0,0,1196,650,546,0.008361204,0,0.015384615,,10,19,2024,0.198571429,46.45714286,55.32857143,64.12857143,46.61428571,0.237142857,11.31142857,0.412918108,0.002306805,0.519031142,0.228373702,0.193771626,0.268686869,0.002020202,0.550649351,0.171139971,0.220779221,0.4622057,0.002478315,0.566294919,0.194547708,0.168525403,0.302484472,0.005590062,0.604658385,0.145652174,0.12173913,Silage Corn,No,No,No,5,6.317162514,28.22133827
298,,KAT_TEE,5/13/24,139,86,53,2,358,223,135,0.388268156,0.392592593,0.385650224,,141,20,2024,0.134285714,51.9,61.05714286,70.24285714,54.22857143,0.088571429,10.73285714,0.248554913,0,0.248554913,0.432369942,0.23699422,0.106947247,0,0.133756126,0.431824733,0.353704238,0.264669164,0,0.277153558,0.414481898,0.187265918,0.118232732,0.000933416,0.168014935,0.426571251,0.221219664,Silage Corn,No,Yes,No,5,5.867316246,17.37828636
299,,SMI_CAN_2,5/13/24,74,45,29,1,284,157,127,0.26056338,0.228346457,0.286624204,,75,20,2024,0.128571429,49.74285714,57.18571429,64.6,51.11428571,0.291428571,8.328571429,0.056451613,0,0.123271889,0.427419355,0.315668203,0.190943179,0.004326507,0.218921258,0.31237381,0.392558408,0.09068323,0.037267081,0.202484472,0.390062112,0.211180124,0.141314409,0.020364085,0.295587782,0.277383524,0.220610923,Silage Corn,No,Yes,Yes,5,5.585507393,15.5769558
300,,DEG_VIL,5/13/24,80,43,37,15,1155,657,498,0.069264069,0.074297189,0.065449011,,95,20,2024,0.062857143,52.08571429,59.75714286,67.41428571,53.04285714,0.347142857,9.24,0.548498845,0.026558891,0.595842956,0.162817552,0.118937644,0.275981524,0.040415704,0.380773672,0.259526559,0.213337182,0.558312655,0.023573201,0.601736973,0.096774194,0.129032258,0.309361438,0.013949163,0.432114073,0.210477371,0.140111593,Grain Corn,No,No,Yes,5,6.654009819,18.75856018
301,,SMI_MCC,5/13/24,14,7,7,5,105,65,40,0.133333333,0.175,0.107692308,,19,20,2024,0.17,49.14285714,58.5,67.82857143,51.65714286,0.3,10.62714286,0,0.010380623,0.109573241,0.206459054,0.590542099,0.009809579,0.03491056,0.089728794,0.237160992,0.617426428,0.032178218,0.122524752,0.160891089,0.179455446,0.267326733,0.074392868,0.05717799,0.169689517,0.211189671,0.320012296,Soybean,No,No,No,5,6.389553547,30.10634995
302,,KAT_TEE_3,5/13/24,187,84,103,3,575,259,316,0.325217391,0.325949367,0.324324324,,190,20,2024,0.132857143,51.71428571,60.61428571,69.54285714,53.8,0.102857143,10.34571429,0.174913694,0,0.239355581,0.498273878,0.151898734,0.136468552,0,0.203115984,0.650317369,0.106751298,0.198998748,0.006257822,0.231539424,0.481852315,0.060075094,0.17165109,0.003115265,0.2,0.634579439,0.057009346,Grain Corn,No,Yes,Yes,5,5.303276539,18.34638786
303,,SMI_LAT_2,5/13/24,57,36,21,9,818,465,353,0.069682152,0.059490085,0.077419355,,66,20,2024,0.061428571,51.02857143,59.1,67.15714286,52.98571429,0.205714286,9.077142857,0.092165899,0,0.202764977,0.511520737,0.209677419,0.116628176,0.030889145,0.206120092,0.351905312,0.345554273,0.140024783,0,0.334572491,0.500619579,0.071871128,0.13572978,0.000309885,0.363495507,0.335915711,0.147195538,Silage Corn,Yes,Yes,Yes,5,5.899997234,29.36910629
304,,SMI_LAT,5/13/24,66,22,44,1,457,168,289,0.144420131,0.152249135,0.130952381,,67,20,2024,0.061428571,51.02857143,59.1,67.15714286,52.98571429,0.205714286,9.077142857,0.09017341,0.043930636,0.250867052,0.373410405,0.287861272,0.164355864,0.03061814,0.262853842,0.341998845,0.293760832,0.12173913,0,0.398757764,0.350310559,0.113043478,0.176361386,0.000309406,0.397586634,0.324257426,0.124690594,Silage Corn,Yes,Yes,Yes,5,5.557508469,21.01000977
305,,DEG_PER_STRIP,5/13/24,32,24,8,0,2048,1016,1032,0.015625,0.007751938,0.023622047,,32,20,2024,0.057142857,51.75714286,59.08571429,66.42857143,52.82857143,0.291428571,8.501428571,0.170310702,0.193325662,0.449942463,0.126582278,0.372842348,0.233919815,0.073262186,0.366310932,0.344101529,0.235938852,0.238509317,0.070807453,0.57515528,0.114285714,0.182608696,0.219398822,0.038735668,0.408738767,0.320111559,0.138518748,Grain Corn,Yes,No,No,5,5.993263245,23.35876274
306,,KAT_JEF_2,5/13/24,191,63,128,3,601,276,325,0.317803661,0.393846154,0.22826087,,194,20,2024,0.21,52.01428571,61.38571429,70.75714286,54.21428571,0.187142857,11.24428571,0.116225547,0,0.150747986,0.415420023,0.355581128,0.093291103,0.000575871,0.113446588,0.561186294,0.274978405,0.103362391,0.01120797,0.138231631,0.388542964,0.216687422,0.0917603,0.007490637,0.117977528,0.527777778,0.176029963,Silage Corn,No,Yes,Yes,5,6.26295042,37.54327011
307,,SMI_DOU_3,5/13/24,31,20,11,1,160,91,69,0.19375,0.15942029,0.21978022,,32,20,2024,0.151428571,49.7,59.42857143,69.14285714,51.92857143,0.311428571,11.56142857,0.045034642,0.042725173,0.087759815,0.243648961,0.520785219,0.020502455,0.036962172,0.057753393,0.237077678,0.56425065,0.048207664,0.051915946,0.196538937,0.236093943,0.211372064,0.025870034,0.049276255,0.175546658,0.206960271,0.200492763,Soybean,No,Yes,Yes,5,6.29728651,24.98108101
308,,KAT_SAU_3,5/13/24,19,7,12,0,445,216,229,0.042696629,0.052401747,0.032407407,,19,20,2024,0.11,52.37142857,59.51428571,66.64285714,52.88571429,0.408571429,8.497142857,0.011560694,0,0.097109827,0.331791908,0.480924855,0.017599538,0,0.135891518,0.373918061,0.420946336,0.041301627,0.002503129,0.158948686,0.29787234,0.242803504,0.1447822,0.005327484,0.229081793,0.361642118,0.172986525,Sorghum-Sudan,No,No,Yes,5,5.815739632,21.67381096
309,,SMI_KEL,5/13/24,2,2,0,6,24,13,11,0.083333333,0,0.153846154,,8,20,2024,0.171428571,51.14285714,60.17142857,69.15714286,52.15714286,0.418571429,11.34571429,0.138568129,0,0.143187067,0.38221709,0.41108545,0.177694308,0.022536839,0.221901185,0.274776076,0.454781855,0.17380661,0.00244798,0.261933905,0.391676867,0.111383109,0.283729546,0.005557271,0.365544921,0.267675208,0.159308429,Sorghum-Sudan,Yes,Yes,Yes,5,6.507095337,28.20439339
310,,SMI_DOU_3,5/13/24,17,8,9,0,160,91,69,0.10625,0.130434783,0.087912088,,17,20,2024,0.151428571,49.7,59.42857143,69.14285714,51.92857143,0.311428571,11.56142857,0.045034642,0.042725173,0.087759815,0.243648961,0.520785219,0.020502455,0.036962172,0.057753393,0.237077678,0.56425065,0.048207664,0.051915946,0.196538937,0.236093943,0.211372064,0.025870034,0.049276255,0.175546658,0.206960271,0.200492763,Soybean,No,Yes,Yes,5,6.29728651,24.98108101
311,,KAT_SAU,5/13/24,85,41,44,1,398,192,206,0.213567839,0.213592233,0.213541667,,86,20,2024,0.108571429,52.37142857,59.54285714,66.7,52.84285714,0.421428571,8.59,0.062283737,0,0.289504037,0.166089965,0.476355248,0.082804385,0,0.171667628,0.325158684,0.422677438,0.148379052,0.001246883,0.394014963,0.122194514,0.157107232,0.145317883,0.025994363,0.261822737,0.275916066,0.18759787,Silage Corn,No,No,Yes,5,5.722351551,21.01234818
312,,SMI_JOH,5/13/24,18,9,9,2,346,225,121,0.052023121,0.074380165,0.04,,20,20,2024,0.068571429,52.38571429,61.47142857,70.48571429,53.6,0.375714286,11.75142857,0.284890427,0.001153403,0.327566321,0.332179931,0.277970012,0.23881028,0.000577534,0.254692463,0.409182789,0.276349986,0.236679058,0.080545229,0.436183395,0.262701363,0.182156134,0.152495379,0.125385089,0.345964264,0.359519409,0.178989526,Silage Corn,No,Yes,Yes,5,6.416008472,24.34096146
313,,KAT_MAH,5/13/24,28,11,17,0,656,351,305,0.042682927,0.055737705,0.031339031,,28,20,2024,0.06,52.51428571,61.44285714,70.34285714,54.07142857,0.24,11.29714286,0.702890173,0.002312139,0.722543353,0.061271676,0.136416185,0.548787529,0.002020785,0.620669746,0.17147806,0.115184758,0.78358209,0.008706468,0.822139303,0.007462687,0.077114428,0.618855009,0.006533914,0.700062228,0.114187928,0.081207218,Grain Corn,No,No,Yes,3,5.586569786,190.3849945
314,,DEG_DIE_HILL,5/13/24,195,35,160,4,863,395,468,0.225955968,0.341880342,0.088607595,,199,20,2024,0.07,51.38571429,58.71428571,66.07142857,52.72857143,0.244285714,8.314285714,0.188439306,0.301734104,0.576878613,0.050867052,0.306358382,0.166233766,0.07965368,0.285714286,0.207503608,0.267243867,0.367119901,0.007416564,0.597033375,0.044499382,0.171817058,0.149689441,0.003416149,0.311490683,0.196583851,0.186024845,Grain Corn,Yes,No,No,5,6.039941311,24.28417015
315,,SMI_LAT,5/13/24,103,34,69,5,457,168,289,0.225382932,0.238754325,0.202380952,,108,20,2024,0.061428571,51.02857143,59.1,67.15714286,52.98571429,0.205714286,9.077142857,0.09017341,0.043930636,0.250867052,0.373410405,0.287861272,0.164355864,0.03061814,0.262853842,0.341998845,0.293760832,0.12173913,0,0.398757764,0.350310559,0.113043478,0.176361386,0.000309406,0.397586634,0.324257426,0.124690594,Silage Corn,Yes,Yes,Yes,5,5.557508469,21.01000977
316,,KAT_JEF,5/13/24,10,1,9,0,319,174,145,0.031347962,0.062068966,0.005747126,,10,20,2024,0.118571429,51.95714286,61.44285714,70.9,54.2,0.172857143,11.38428571,0.067816092,0,0.08045977,0.456321839,0.390804598,0.049539171,0,0.053859447,0.43375576,0.387384793,0.08135169,0,0.082603254,0.4718398,0.202753442,0.056697819,0.001557632,0.070093458,0.415576324,0.204049844,Silage Corn,No,Yes,Yes,5,5.586032867,22.36896324
317,,GAB_STE,5/13/24,21,14,7,0,81,51,30,0.259259259,0.233333333,0.274509804,,21,20,2024,0.077142857,50.25714286,60.51428571,70.78571429,51.94285714,0.374285714,13.06571429,0.010356732,0.002301496,0.013808976,0.896432681,0.087456847,0.022215811,0.000865551,0.040103866,0.774379688,0.140219273,0.024539877,0,0.035582822,0.905521472,0.051533742,0.038556447,0,0.083590376,0.776989513,0.087600247,Silage Corn,No,Yes,Yes,5,5.358693123,12.73650074
318,,KAT_HAB_4,5/13/24,76,55,21,2,1679,840,839,0.045265039,0.025029797,0.06547619,,78,20,2024,0.095714286,52.34285714,61.77142857,71.18571429,54.05714286,0.3,11.66142857,0.308840413,0.001148106,0.382319173,0.211251435,0.347876005,0.273484631,0.016949153,0.341568515,0.267739155,0.318012065,0.39378882,0.014906832,0.431055901,0.171428571,0.149068323,0.272614237,0.062480572,0.356854212,0.232514765,0.156978551,Silage Corn,Yes,Yes,Yes,5,5.97060585,22.10969543
319,,GAB_HEN,5/13/24,22,15,7,2,121,77,44,0.181818182,0.159090909,0.194805195,,24,20,2024,0.092857143,51.14285714,61.24285714,71.34285714,52.42857143,0.454285714,13.23857143,0.286374134,0.19630485,0.644341801,0.099307159,0.183602771,0.230702515,0.111303845,0.479040185,0.205550737,0.239086441,0.328800989,0.165636588,0.733003708,0.096415328,0.077873918,0.271494607,0.108474576,0.564560863,0.208628659,0.11248074,Grain Corn,No,No,Yes,5,5.580504417,16.26403236
320,,KAT_HAB_3,5/13/24,18,15,3,0,873,374,499,0.020618557,0.006012024,0.040106952,,18,20,2024,0.087142857,53.2,62.6,71.97142857,54.61428571,0.414285714,12.10714286,0.274712644,0.066666667,0.51954023,0.137931034,0.256321839,0.158561151,0.099856115,0.331510791,0.357985612,0.210647482,0.31552795,0.217391304,0.572670807,0.070807453,0.144099379,0.225465839,0.07484472,0.333229814,0.310248447,0.113975155,Soybean,No,No,Yes,5,6.10185194,27.97481728
321,,DEG_FOU_WOOD,5/13/24,69,54,15,1,1408,694,714,0.049005682,0.021008403,0.077809798,,70,20,2024,0.065714286,51.8,59.04285714,66.3,52.77142857,0.321428571,8.412857143,0.339491917,0,0.451501155,0.061200924,0.387990762,0.245086705,0.01416185,0.34017341,0.210115607,0.378034682,0.42039801,0.002487562,0.508706468,0.031094527,0.19278607,0.307001239,0.002168525,0.413568773,0.190520446,0.173482032,Silage Corn,Yes,Yes,No,5,5.715062618,20.57002831
322,,GAB_ALL,5/13/24,9,5,4,0,220,169,51,0.040909091,0.078431373,0.029585799,,9,20,2024,0.068571429,53.47142857,62.78571429,72.11428571,52.97142857,0.817142857,13.62285714,0.002306805,0,0.003460208,0.55017301,0.173010381,0.008076147,0.000865301,0.011248918,0.562157485,0.083068936,0.004926108,0,0.009852217,0.599753695,0.145320197,0.017310665,0,0.02194745,0.588871716,0.062751159,Silage Corn,Yes,Yes,No,5,5.886958599,28.32917595
323,,HUN_PLE_9,5/13/24,68,56,12,0,818,626,192,0.083129584,0.0625,0.089456869,,68,20,2024,0.05,54.52857143,62.55714286,70.6,54.45714286,0.445714286,11.46285714,0.002314815,0,0.002314815,0.05787037,0.93287037,0.000577534,0,0.000577534,0.096736933,0.867455963,0.030084236,0.004813478,0.046931408,0.015643803,0.439229844,0.03022061,0.001813237,0.039286794,0.058325778,0.45693563,Grain Corn,Yes,No,No,9,6.067530155,22.46669197
324,,POV_DUN,5/14/24,0,0,0,0,52,26,26,0,0,0,,0,20,2024,0.045714286,52.04285714,60.58571429,69.17142857,53.18571429,0.414285714,10.81285714,0.002304147,0,0.002304147,0.495391705,0.411290323,0.000577367,0,0.000866051,0.529734411,0.329099307,0.00248139,0.001240695,0.009925558,0.482630273,0.333746898,0.002804612,0.001246494,0.031785603,0.479588657,0.272982237,Silage Corn,No,No,No,4,5.781182766,20.7029171
325,,STA_HEM,5/14/24,154,138,16,6,1004,745,259,0.153386454,0.061776062,0.185234899,,160,20,2024,0.047142857,55.44285714,62.97142857,70.51428571,55.87142857,0.515714286,10.14142857,0.023148148,0.027777778,0.53125,0.267361111,0.157407407,0.10383617,0.113931353,0.561869051,0.256417652,0.130083646,0.058096415,0.004944376,0.599505562,0.268232386,0.059332509,0.211289328,0.007094386,0.61381863,0.25694016,0.057371993,Grain Corn,No,No,No,4,6.926998138,25.07189751
326,,DIP_FLE,5/14/24,9,8,1,2,1196,650,546,0.007525084,0.001831502,0.012307692,,11,20,2024,0.047142857,53.9,61.48571429,69.07142857,54.37142857,0.448571429,9.977142857,0.412918108,0.002306805,0.519031142,0.228373702,0.193771626,0.268686869,0.002020202,0.550649351,0.171139971,0.220779221,0.4622057,0.002478315,0.566294919,0.194547708,0.168525403,0.302484472,0.005590062,0.604658385,0.145652174,0.12173913,Silage Corn,No,No,No,5,6.317162514,28.22133827
327,,STA_FRE,5/14/24,23,21,2,5,234,161,73,0.098290598,0.02739726,0.130434783,,28,20,2024,0.034285714,55.87142857,63.2,70.48571429,55.21428571,0.738571429,10.63142857,0.113033449,0.607843137,0.838523645,0.049596309,0.098039216,0.072480508,0.460294542,0.747328906,0.064106266,0.124169795,0.516129032,0.214640199,0.8808933,0.058312655,0.042183623,0.216625464,0.430469716,0.797589617,0.056242274,0.060877627,Grain Corn,No,No,No,5,6.673674583,27.45412445
328,,STA_PAN,5/14/24,375,175,200,17,892,380,512,0.420403587,0.390625,0.460526316,,392,20,2024,0.112857143,52.67142857,61.08571429,69.52857143,53.47142857,0.352857143,10.51571429,0.474048443,0.003460208,0.807381776,0.047289504,0.083044983,0.326024235,0.001731102,0.551933064,0.312752452,0.079919215,0.373913043,0.003726708,0.872049689,0.019875776,0.037267081,0.310890475,0.003723239,0.582066398,0.28730996,0.053366429,Grain Corn,Yes,No,Yes,5,5.845386505,22.31842613
329,,STA_WAT,5/14/24,82,48,34,1,344,233,111,0.238372093,0.306306306,0.206008584,,83,20,2024,0.231428571,52.75714286,62.21428571,71.64285714,55.32857143,0.071428571,11.52,0.33256351,0.153579677,0.532332564,0.352193995,0.051963048,0.320634921,0.122943723,0.60952381,0.275901876,0.065223665,0.523514851,0.006188119,0.559405941,0.292079208,0.066831683,0.450400493,0.026186075,0.650030807,0.22181146,0.060382009,Grain Corn,Yes,Yes,No,5,6.316936493,22.82100105
330,,STA_SWE,5/14/24,74,55,19,4,314,197,117,0.23566879,0.162393162,0.279187817,,78,20,2024,0.231428571,53.74285714,62.35714286,70.98571429,55.04285714,0.365714286,10.95428571,0.295742232,0.064441887,0.539700806,0.096662831,0.275028769,0.248773449,0.01991342,0.4,0.277344877,0.247330447,0.352722772,0,0.627475248,0.086633663,0.155940594,0.266069221,0.01946848,0.502163164,0.253090235,0.136897404,Grain Corn,No,No,Yes,5,6.38201952,33.36382294
331,,WIS_KEN,5/14/24,5,3,2,0,482,265,217,0.010373444,0.00921659,0.011320755,,5,20,2024,0.104285714,52.48571429,60.18571429,67.9,53.5,0.507142857,9.592857143,0.002309469,0.003464203,0.263279446,0.307159353,0.033487298,0.001443418,0.001443418,0.116628176,0.288972286,0.026270208,0,0.002525253,0.093434343,0.321969697,0.178030303,0.000314564,0.000629129,0.037118591,0.278074866,0.104435357,"Field Corn, Tomato, Squash",Yes,No,Yes,4,5.452927113,13.98438168
332,,STA_NOB,5/14/24,53,36,17,1,386,270,116,0.137305699,0.146551724,0.133333333,,54,20,2024,0.234285714,53.74285714,62,70.31428571,54.97142857,0.357142857,10.34857143,0.281933257,0.01150748,0.523590334,0.181818182,0.197928654,0.405826363,0.008076147,0.64061148,0.186328238,0.123738102,0.431930693,0.027227723,0.678217822,0.13490099,0.087871287,0.457443516,0.010523058,0.733209533,0.153203343,0.058805323,Silage Corn,No,No,No,4,6.663196564,25.65228653
333,,DIP_PAT,5/14/24,149,82,67,6,2204,1209,995,0.067604356,0.067336683,0.067824648,,155,20,2024,0.025714286,55.87142857,63.45714286,71.07142857,55.17142857,0.631428571,11.53428571,0.384704519,0.004634994,0.475086906,0.361529548,0.162224797,0.356132756,0.004617605,0.638961039,0.172005772,0.148051948,0.388337469,0.023573201,0.549627792,0.339950372,0.054590571,0.256710892,0.140080222,0.721382289,0.14594261,0.053687134,Silage Corn,Yes,Yes,No,5,6.454941273,26.51252174
334,,WIS_COO,5/14/24,48,35,13,3,698,418,280,0.068767908,0.046428571,0.083732057,,51,20,2024,0.091428571,49.21428571,57.4,65.6,51.2,0.485714286,8.718571429,0.147295742,0.01150748,0.261219793,0.155350978,0.554660529,0.12056533,0.062013268,0.246899337,0.26910874,0.434092876,0.259119497,0.030188679,0.472955975,0.113207547,0.364779874,0.21799308,0.02327776,0.359547027,0.235923246,0.304183706,Silage Corn,No,Yes,No,5,5.968518734,24.17316246
335,,STA_BRA,5/14/24,343,308,35,10,959,731,228,0.357664234,0.153508772,0.421340629,,353,20,2024,0.231428571,52.75714286,62.21428571,71.64285714,55.32857143,0.071428571,11.52,0.33256351,0.153579677,0.532332564,0.352193995,0.051963048,0.320634921,0.122943723,0.60952381,0.275901876,0.065223665,0.523514851,0.006188119,0.559405941,0.292079208,0.066831683,0.450400493,0.026186075,0.650030807,0.22181146,0.060382009,Ryegrass ,No,No,No,5,6.316936493,22.82100105
336,,STA_THO,5/14/24,38,15,23,1,1163,622,541,0.032674119,0.042513863,0.024115756,,39,20,2024,0.111428571,53.95714286,62.9,71.84285714,55.11428571,0.4,11.90142857,0.384792627,0.074884793,0.517281106,0.054147465,0.299539171,0.291402193,0.045008656,0.362088863,0.239469129,0.27034045,0.180024661,0.257706535,0.605425401,0.051787916,0.141800247,0.159692308,0.199076923,0.472923077,0.220307692,0.138769231,Grain Corn,No,No,No,3,6.241055012,20.55567551
337,,STA_MAC,5/14/24,21,19,2,0,144,108,36,0.145833333,0.055555556,0.175925926,,21,20,2024,0.157142857,54,62.81428571,71.62857143,55.21428571,0.312857143,11.60285714,0.583815029,0.210404624,0.853179191,0.009248555,0.084393064,0.498128419,0.191189174,0.772243018,0.120932911,0.071983876,0.213844252,0.259579728,0.839307787,0.004944376,0.044499382,0.170693928,0.403655514,0.77819083,0.11802974,0.043060719,Soybean,Yes,No,No,4,6.208273411,26.84366798
338,,DIP_CUR,5/14/24,88,36,52,4,2105,1222,883,0.041805226,0.058890147,0.029459902,,92,20,2024,0.061428571,51.8,59.27142857,66.77142857,51.34285714,1.3,9.551428571,0.110982659,0.038150289,0.322543353,0.174566474,0.419653179,0.240762125,0.114896074,0.484411085,0.204099307,0.247113164,0.38875,0.0075,0.555,0.13875,0.155,0.308626596,0.06944877,0.54936157,0.164123326,0.143880411,Silage Corn,No,Yes,Yes,4,5.927192211,18.15420723
339,,WIS_COO_2,5/14/24,5,3,2,0,629,362,267,0.007949126,0.007490637,0.008287293,,5,20,2024,0.092857143,48.94285714,57.52857143,66.08571429,51.18571429,0.5,9.098571429,0.062355658,0.001154734,0.124711316,0.121247113,0.66743649,0.076479076,0.031168831,0.223376623,0.265512266,0.44992785,0.025188917,0.001259446,0.256926952,0.080604534,0.428211587,0.084091622,0.003765297,0.279573266,0.239723878,0.309381864,Silage Corn,No,Yes,No,5,5.539158821,23.32694054
340,,SEA_HOO,5/14/24,84,53,31,0,723,356,367,0.116182573,0.084468665,0.148876404,,84,20,2024,0.05,54.42857143,62.01428571,69.58571429,54.74285714,0.595714286,10.06,0.105324074,0.268518519,0.631944444,0.091435185,0.189814815,0.135969977,0.272517321,0.67147806,0.089203233,0.174942263,0.194029851,0.133084577,0.741293532,0.093283582,0.039800995,0.233983287,0.179510987,0.787681832,0.082017951,0.042092232,Sweet Corn,Yes,Yes,Yes,4,6.488575935,26.25037003
341,,STA_AYR,5/14/24,34,16,18,4,976,585,391,0.034836066,0.046035806,0.027350427,,38,20,2024,0.094285714,54.7,63.05714286,71.4,55.6,0.447142857,11.16142857,0.277522936,0.058486239,0.415137615,0.365825688,0.152522936,0.148617512,0.030817972,0.270737327,0.495679724,0.171947005,0.079110012,0.242274413,0.470951792,0.327564895,0.132262052,0.071560765,0.175817397,0.313386798,0.482109809,0.11967921,Soybean,No,No,Yes,3,6.536432266,34.06747055
342,,ZUE_REE,5/15/24,252,177,75,26,3170,1801,1369,0.079495268,0.054784514,0.098278734,,278,20,2024,0.037142857,55.8,63.2,70.57142857,55.1,0.787142857,10.70428571,0.023094688,0.123556582,0.407621247,0.199769053,0.32448037,0.025921659,0.176843318,0.41359447,0.169354839,0.20218894,0.09729064,0.210591133,0.536945813,0.179802956,0.185960591,0.128292532,0.142547258,0.496436319,0.148435079,0.120855284,Wheat,Yes,No,Yes,4,6.537268639,24.44252777
343,,HUN_PLE_9,5/20/24,320,256,64,12,818,626,192,0.391198044,0.333333333,0.408945687,,332,21,2024,0.02,56.74285714,67.25714286,77.74285714,55.78571429,1.254285714,18.05857143,0.002314815,0,0.002314815,0.05787037,0.93287037,0.000577534,0,0.000577534,0.096736933,0.867455963,0.030084236,0.004813478,0.046931408,0.015643803,0.439229844,0.03022061,0.001813237,0.039286794,0.058325778,0.45693563,Grain Corn,Yes,No,No,9,6.067530155,22.46669197
344,,KAT_TEE_3,5/20/24,40,15,25,1,575,259,316,0.069565217,0.079113924,0.057915058,,41,21,2024,0.048571429,52.72857143,65.68571429,78.64285714,54.6,0.501428571,19.14428571,0.174913694,0,0.239355581,0.498273878,0.151898734,0.136468552,0,0.203115984,0.650317369,0.106751298,0.198998748,0.006257822,0.231539424,0.481852315,0.060075094,0.17165109,0.003115265,0.2,0.634579439,0.057009346,Grain Corn,No,Yes,Yes,5,5.303276539,18.34638786
345,,DEG_PER_STRIP,5/20/24,20,12,8,2,2048,1016,1032,0.009765625,0.007751938,0.011811024,,22,21,2024,0.097142857,53.94285714,66.7,79.47142857,54.95714286,0.747142857,19.81428571,0.170310702,0.193325662,0.449942463,0.126582278,0.372842348,0.233919815,0.073262186,0.366310932,0.344101529,0.235938852,0.238509317,0.070807453,0.57515528,0.114285714,0.182608696,0.219398822,0.038735668,0.408738767,0.320111559,0.138518748,Grain Corn,Yes,No,No,5,5.993263245,23.35876274
346,,SMI_LAT,5/20/24,25,9,16,0,457,168,289,0.054704595,0.055363322,0.053571429,,25,21,2024,0.032857143,52.35714286,67.47142857,82.58571429,55.58571429,0.208571429,23.46285714,0.09017341,0.043930636,0.250867052,0.373410405,0.287861272,0.164355864,0.03061814,0.262853842,0.341998845,0.293760832,0.12173913,0,0.398757764,0.350310559,0.113043478,0.176361386,0.000309406,0.397586634,0.324257426,0.124690594,Silage Corn,Yes,Yes,Yes,5,5.557508469,21.01000977
347,,STA_PAN,5/20/24,34,20,14,4,892,380,512,0.038116592,0.02734375,0.052631579,,38,21,2024,0.068571429,55.68571429,67.4,79.14285714,54.3,1.381428571,20.02,0.474048443,0.003460208,0.807381776,0.047289504,0.083044983,0.326024235,0.001731102,0.551933064,0.312752452,0.079919215,0.373913043,0.003726708,0.872049689,0.019875776,0.037267081,0.310890475,0.003723239,0.582066398,0.28730996,0.053366429,Grain Corn,Yes,No,Yes,5,5.845386505,22.31842613
348,,SMI_LAT_2,5/20/24,50,30,20,4,818,465,353,0.061124694,0.056657224,0.064516129,,54,21,2024,0.032857143,52.35714286,67.47142857,82.58571429,55.58571429,0.208571429,23.46285714,0.092165899,0,0.202764977,0.511520737,0.209677419,0.116628176,0.030889145,0.206120092,0.351905312,0.345554273,0.140024783,0,0.334572491,0.500619579,0.071871128,0.13572978,0.000309885,0.363495507,0.335915711,0.147195538,Silage Corn,Yes,Yes,Yes,5,5.899997234,29.36910629
349,,KAT_MAH,5/20/24,56,28,28,10,656,351,305,0.085365854,0.091803279,0.07977208,,66,21,2024,0.11,54.27142857,67.85714286,81.45714286,55.2,0.845714286,22.17714286,0.702890173,0.002312139,0.722543353,0.061271676,0.136416185,0.548787529,0.002020785,0.620669746,0.17147806,0.115184758,0.78358209,0.008706468,0.822139303,0.007462687,0.077114428,0.618855009,0.006533914,0.700062228,0.114187928,0.081207218,Grain Corn,No,No,Yes,3,5.586569786,190.3849945
350,,KAT_TEE,5/20/24,27,17,10,0,358,223,135,0.075418994,0.074074074,0.076233184,,27,21,2024,0.05,53.17142857,66.27142857,79.38571429,55.14285714,0.472857143,19.68142857,0.248554913,0,0.248554913,0.432369942,0.23699422,0.106947247,0,0.133756126,0.431824733,0.353704238,0.264669164,0,0.277153558,0.414481898,0.187265918,0.118232732,0.000933416,0.168014935,0.426571251,0.221219664,Silage Corn,No,Yes,No,5,5.867316246,17.37828636
351,,KAT_SAU,5/20/24,8,4,4,0,398,192,206,0.020100503,0.019417476,0.020833333,,8,21,2024,0.044285714,55.61428571,66.58571429,77.54285714,53.94285714,1.415714286,18.18714286,0.062283737,0,0.289504037,0.166089965,0.476355248,0.082804385,0,0.171667628,0.325158684,0.422677438,0.148379052,0.001246883,0.394014963,0.122194514,0.157107232,0.145317883,0.025994363,0.261822737,0.275916066,0.18759787,Silage Corn,No,No,Yes,5,5.722351551,21.01234818
352,,DEG_VIL,5/20/24,84,61,23,6,1155,657,498,0.072727273,0.046184739,0.092846271,,90,21,2024,0.09,54.52857143,67.41428571,80.32857143,55.12857143,0.87,20.75,0.548498845,0.026558891,0.595842956,0.162817552,0.118937644,0.275981524,0.040415704,0.380773672,0.259526559,0.213337182,0.558312655,0.023573201,0.601736973,0.096774194,0.129032258,0.309361438,0.013949163,0.432114073,0.210477371,0.140111593,Grain Corn,No,No,Yes,5,6.654009819,18.75856018
353,,HUN_PLE_9,5/20/24,188,141,47,33,818,626,192,0.229828851,0.244791667,0.225239617,,221,21,2024,0.02,56.74285714,67.25714286,77.74285714,55.78571429,1.254285714,18.05857143,0.002314815,0,0.002314815,0.05787037,0.93287037,0.000577534,0,0.000577534,0.096736933,0.867455963,0.030084236,0.004813478,0.046931408,0.015643803,0.439229844,0.03022061,0.001813237,0.039286794,0.058325778,0.45693563,Grain Corn,Yes,No,No,9,6.067530155,22.46669197
354,,KAT_SAU_3,5/20/24,10,0,10,0,445,216,229,0.02247191,0.043668122,0,,10,21,2024,0.044285714,55.74285714,66.62857143,77.47142857,53.91428571,1.458571429,18.11428571,0.011560694,0,0.097109827,0.331791908,0.480924855,0.017599538,0,0.135891518,0.373918061,0.420946336,0.041301627,0.002503129,0.158948686,0.29787234,0.242803504,0.1447822,0.005327484,0.229081793,0.361642118,0.172986525,Sorghum-Sudan,No,No,Yes,5,5.815739632,21.67381096
355,,SMI_JOH,5/20/24,24,9,15,0,346,225,121,0.069364162,0.123966942,0.04,,24,21,2024,0.048571429,55.7,68.94285714,82.2,56.11428571,0.79,23.24285714,0.284890427,0.001153403,0.327566321,0.332179931,0.277970012,0.23881028,0.000577534,0.254692463,0.409182789,0.276349986,0.236679058,0.080545229,0.436183395,0.262701363,0.182156134,0.152495379,0.125385089,0.345964264,0.359519409,0.178989526,Silage Corn,No,Yes,Yes,5,6.416008472,24.34096146
356,,STA_MAC,5/20/24,34,20,14,0,144,108,36,0.236111111,0.388888889,0.185185185,,34,21,2024,0.098571429,57.42857143,69.37142857,81.3,56.4,1.541428571,21.67,0.583815029,0.210404624,0.853179191,0.009248555,0.084393064,0.498128419,0.191189174,0.772243018,0.120932911,0.071983876,0.213844252,0.259579728,0.839307787,0.004944376,0.044499382,0.170693928,0.403655514,0.77819083,0.11802974,0.043060719,Soybean,Yes,No,No,4,6.208273411,26.84366798
357,,SEA_HOO,5/21/24,75,44,31,0,723,356,367,0.10373444,0.084468665,0.123595506,,75,21,2024,0.075714286,58.25714286,69.64285714,81,56.01428571,1.91,21.61714286,0.105324074,0.268518519,0.631944444,0.091435185,0.189814815,0.135969977,0.272517321,0.67147806,0.089203233,0.174942263,0.194029851,0.133084577,0.741293532,0.093283582,0.039800995,0.233983287,0.179510987,0.787681832,0.082017951,0.042092232,Sweet Corn,Yes,Yes,Yes,4,6.488575935,26.25037003
358,,WIS_KEN,5/21/24,74,26,48,0,482,265,217,0.153526971,0.221198157,0.098113208,,74,21,2024,0.041428571,57.64285714,70.25714286,82.88571429,57.85714286,1.235714286,21.67714286,0.002309469,0.003464203,0.263279446,0.307159353,0.033487298,0.001443418,0.001443418,0.116628176,0.288972286,0.026270208,0,0.002525253,0.093434343,0.321969697,0.178030303,0.000314564,0.000629129,0.037118591,0.278074866,0.104435357,"Field Corn, Tomato, Squash",Yes,No,Yes,4,5.452927113,13.98438168
359,,STA_NOB,5/21/24,127,86,41,10,386,270,116,0.329015544,0.353448276,0.318518519,,137,21,2024,0.112857143,58,68.84285714,79.71428571,56.34285714,1.758571429,19.79,0.281933257,0.01150748,0.523590334,0.181818182,0.197928654,0.405826363,0.008076147,0.64061148,0.186328238,0.123738102,0.431930693,0.027227723,0.678217822,0.13490099,0.087871287,0.457443516,0.010523058,0.733209533,0.153203343,0.058805323,Silage Corn,No,No,No,4,6.663196564,25.65228653
360,,DEG_FOU_WOOD,5/21/24,241,100,141,23,1408,694,714,0.171164773,0.197478992,0.144092219,,264,21,2024,0.047142857,53.7,66.67142857,79.62857143,54.78571429,0.791428571,19.93714286,0.339491917,0,0.451501155,0.061200924,0.387990762,0.245086705,0.01416185,0.34017341,0.210115607,0.378034682,0.42039801,0.002487562,0.508706468,0.031094527,0.19278607,0.307001239,0.002168525,0.413568773,0.190520446,0.173482032,Silage Corn,Yes,Yes,No,5,5.715062618,20.57002831
361,,DIP_PAT,5/21/24,87,39,48,4,2204,1209,995,0.039473684,0.048241206,0.032258065,,91,21,2024,0.075714286,58.9,71.12857143,83.37142857,56.92857143,1.762857143,24.02285714,0.384704519,0.004634994,0.475086906,0.361529548,0.162224797,0.356132756,0.004617605,0.638961039,0.172005772,0.148051948,0.388337469,0.023573201,0.549627792,0.339950372,0.054590571,0.256710892,0.140080222,0.721382289,0.14594261,0.053687134,Silage Corn,Yes,Yes,No,5,6.454941273,26.51252174
362,,STA_HEM,5/21/24,82,58,24,1,1004,745,259,0.081673307,0.092664093,0.077852349,,83,21,2024,0.078571429,58.71428571,69.9,81.07142857,57.28571429,1.72,20.83714286,0.023148148,0.027777778,0.53125,0.267361111,0.157407407,0.10383617,0.113931353,0.561869051,0.256417652,0.130083646,0.058096415,0.004944376,0.599505562,0.268232386,0.059332509,0.211289328,0.007094386,0.61381863,0.25694016,0.057371993,Grain Corn,No,No,No,4,6.926998138,25.07189751
363,,STA_FRE,5/21/24,3,3,0,0,234,161,73,0.012820513,0,0.01863354,,3,21,2024,0.054285714,59.42857143,70.88571429,82.3,56.84285714,2.097142857,22.84714286,0.113033449,0.607843137,0.838523645,0.049596309,0.098039216,0.072480508,0.460294542,0.747328906,0.064106266,0.124169795,0.516129032,0.214640199,0.8808933,0.058312655,0.042183623,0.216625464,0.430469716,0.797589617,0.056242274,0.060877627,Grain Corn,No,No,No,5,6.673674583,27.45412445
364,,ZUE_REE,5/21/24,272,136,136,6,3170,1801,1369,0.085804416,0.099342586,0.075513604,,278,21,2024,0.064285714,59.41428571,70.65714286,81.92857143,56.55714286,2.29,22.61857143,0.023094688,0.123556582,0.407621247,0.199769053,0.32448037,0.025921659,0.176843318,0.41359447,0.169354839,0.20218894,0.09729064,0.210591133,0.536945813,0.179802956,0.185960591,0.128292532,0.142547258,0.496436319,0.148435079,0.120855284,Wheat,Yes,No,Yes,4,6.537268639,24.44252777
365,,KAT_HAB_4,5/21/24,11,8,3,2,1679,840,839,0.006551519,0.003575685,0.00952381,,13,21,2024,0.107142857,55,67.38571429,79.75714286,55.27142857,0.997142857,20.16428571,0.308840413,0.001148106,0.382319173,0.211251435,0.347876005,0.273484631,0.016949153,0.341568515,0.267739155,0.318012065,0.39378882,0.014906832,0.431055901,0.171428571,0.149068323,0.272614237,0.062480572,0.356854212,0.232514765,0.156978551,Silage Corn,Yes,Yes,Yes,5,5.97060585,22.10969543
366,,KAT_JEF_2,5/21/24,16,11,5,2,601,276,325,0.026622296,0.015384615,0.039855072,,18,21,2024,0.104285714,53.38571429,66.67142857,79.95714286,55.17142857,0.548571429,20.33428571,0.116225547,0,0.150747986,0.415420023,0.355581128,0.093291103,0.000575871,0.113446588,0.561186294,0.274978405,0.103362391,0.01120797,0.138231631,0.388542964,0.216687422,0.0917603,0.007490637,0.117977528,0.527777778,0.176029963,Silage Corn,No,Yes,Yes,5,6.26295042,37.54327011
367,,STA_WAT,5/21/24,16,9,7,0,344,233,111,0.046511628,0.063063063,0.038626609,,16,21,2024,0.041428571,56.27142857,68.85714286,81.45714286,56.68571429,0.851428571,21.74285714,0.33256351,0.153579677,0.532332564,0.352193995,0.051963048,0.320634921,0.122943723,0.60952381,0.275901876,0.065223665,0.523514851,0.006188119,0.559405941,0.292079208,0.066831683,0.450400493,0.026186075,0.650030807,0.22181146,0.060382009,Grain Corn,Yes,Yes,No,5,6.316936493,22.82100105
368,,SMI_COB_3,5/21/24,33,24,9,2,99,43,56,0.333333333,0.160714286,0.558139535,,35,21,2024,0.007142857,55.48571429,67.85714286,80.24285714,55.14285714,1.192857143,20.59857143,0.161662818,0,0.178983834,0.218244804,0.554272517,0.067282703,0,0.072191741,0.318798729,0.418423332,0.301745636,0.002493766,0.598503741,0.152119701,0.140897756,0.122132672,0.001549907,0.28983261,0.301921885,0.183199008,Silage Corn,Yes,No,No,5,6.173004627,22.6563797
369,,STA_THO,5/21/24,4,4,0,0,1163,622,541,0.003439381,0,0.006430868,,4,21,2024,0.065714286,58.74285714,70.18571429,81.68571429,56.84285714,1.942857143,22.09428571,0.384792627,0.074884793,0.517281106,0.054147465,0.299539171,0.291402193,0.045008656,0.362088863,0.239469129,0.27034045,0.180024661,0.257706535,0.605425401,0.051787916,0.141800247,0.159692308,0.199076923,0.472923077,0.220307692,0.138769231,Grain Corn,No,No,No,3,6.241055012,20.55567551
370,,STA_SWE,5/21/24,56,39,17,2,314,197,117,0.178343949,0.145299145,0.197969543,,58,21,2024,0.085714286,57.92857143,69.04285714,80.2,56.31428571,1.785714286,20.36714286,0.295742232,0.064441887,0.539700806,0.096662831,0.275028769,0.248773449,0.01991342,0.4,0.277344877,0.247330447,0.352722772,0,0.627475248,0.086633663,0.155940594,0.266069221,0.01946848,0.502163164,0.253090235,0.136897404,Grain Corn,No,No,Yes,5,6.38201952,33.36382294
371,,KAT_JEF,5/21/24,27,21,6,1,319,174,145,0.084639498,0.04137931,0.120689655,,28,21,2024,0.1,53.17142857,66.61428571,80.08571429,55.17142857,0.475714286,20.46142857,0.067816092,0,0.08045977,0.456321839,0.390804598,0.049539171,0,0.053859447,0.43375576,0.387384793,0.08135169,0,0.082603254,0.4718398,0.202753442,0.056697819,0.001557632,0.070093458,0.415576324,0.204049844,Silage Corn,No,Yes,Yes,5,5.586032867,22.36896324
372,,STA_AYR,5/21/24,24,18,6,1,976,585,391,0.024590164,0.015345269,0.030769231,,25,21,2024,0.044285714,58.91428571,70.34285714,81.75714286,57.04285714,1.991428571,21.90428571,0.277522936,0.058486239,0.415137615,0.365825688,0.152522936,0.148617512,0.030817972,0.270737327,0.495679724,0.171947005,0.079110012,0.242274413,0.470951792,0.327564895,0.132262052,0.071560765,0.175817397,0.313386798,0.482109809,0.11967921,Soybean,No,No,Yes,3,6.536432266,34.06747055
373,,WIS_COO,5/21/24,30,7,23,0,698,418,280,0.042979943,0.082142857,0.016746411,,30,21,2024,0.041428571,55.01428571,67.17142857,79.32857143,55.81428571,1.12,18.50428571,0.147295742,0.01150748,0.261219793,0.155350978,0.554660529,0.12056533,0.062013268,0.246899337,0.26910874,0.434092876,0.259119497,0.030188679,0.472955975,0.113207547,0.364779874,0.21799308,0.02327776,0.359547027,0.235923246,0.304183706,Silage Corn,No,Yes,No,5,5.968518734,24.17316246
374,,KAT_HAB_3,5/21/24,39,25,14,4,873,374,499,0.04467354,0.028056112,0.06684492,,43,21,2024,0.068571429,56.25714286,68.61428571,80.97142857,55.78571429,1.358571429,21.21428571,0.274712644,0.066666667,0.51954023,0.137931034,0.256321839,0.158561151,0.099856115,0.331510791,0.357985612,0.210647482,0.31552795,0.217391304,0.572670807,0.070807453,0.144099379,0.225465839,0.07484472,0.333229814,0.310248447,0.113975155,Soybean,No,No,Yes,5,6.10185194,27.97481728
375,,POV_DUN,5/21/24,0,0,0,0,52,26,26,0,0,0,,0,21,2024,0.05,53.37142857,68.14285714,82.92857143,55.28571429,0.714285714,24.23285714,0.002304147,0,0.002304147,0.495391705,0.411290323,0.000577367,0,0.000866051,0.529734411,0.329099307,0.00248139,0.001240695,0.009925558,0.482630273,0.333746898,0.002804612,0.001246494,0.031785603,0.479588657,0.272982237,Silage Corn,No,No,No,4,5.781182766,20.7029171
376,,DIP_CUR,5/21/24,67,32,35,9,2105,1222,883,0.031828979,0.039637599,0.026186579,,76,21,2024,0.045714286,53.47142857,66.75714286,80.01428571,53.8,1.561428571,20.99571429,0.110982659,0.038150289,0.322543353,0.174566474,0.419653179,0.240762125,0.114896074,0.484411085,0.204099307,0.247113164,0.38875,0.0075,0.555,0.13875,0.155,0.308626596,0.06944877,0.54936157,0.164123326,0.143880411,Silage Corn,No,Yes,Yes,4,5.927192211,18.15420723
377,,DIP_FLE,5/21/24,6,0,6,0,1196,650,546,0.005016722,0.010989011,0,,6,21,2024,0.078571429,57,69.42857143,81.82857143,56.22857143,1.505714286,22.04428571,0.412918108,0.002306805,0.519031142,0.228373702,0.193771626,0.268686869,0.002020202,0.550649351,0.171139971,0.220779221,0.4622057,0.002478315,0.566294919,0.194547708,0.168525403,0.302484472,0.005590062,0.604658385,0.145652174,0.12173913,Silage Corn,No,No,No,5,6.317162514,28.22133827
378,,STA_BRA,5/22/24,71,56,15,3,959,731,228,0.074035454,0.065789474,0.076607387,,74,21,2024,0.041428571,56.27142857,68.85714286,81.45714286,56.68571429,0.851428571,21.74285714,0.33256351,0.153579677,0.532332564,0.352193995,0.051963048,0.320634921,0.122943723,0.60952381,0.275901876,0.065223665,0.523514851,0.006188119,0.559405941,0.292079208,0.066831683,0.450400493,0.026186075,0.650030807,0.22181146,0.060382009,Ryegrass ,No,No,No,5,6.316936493,22.82100105
379,,SMI_CAN_2,5/23/24,116,66,50,6,284,157,127,0.408450704,0.393700787,0.420382166,,122,21,2024,0.038571429,55.68571429,66.4,77.12857143,54.27142857,1.3,18.06,0.056451613,0,0.123271889,0.427419355,0.315668203,0.190943179,0.004326507,0.218921258,0.31237381,0.392558408,0.09068323,0.037267081,0.202484472,0.390062112,0.211180124,0.141314409,0.020364085,0.295587782,0.277383524,0.220610923,Silage Corn,No,Yes,Yes,5,5.585507393,15.5769558
380,,SMI_MCC,5/23/24,41,29,12,8,105,65,40,0.39047619,0.3,0.446153846,,49,21,2024,0.031428571,53.7,66.41428571,79.1,54.97142857,0.434285714,19.82285714,0,0.010380623,0.109573241,0.206459054,0.590542099,0.009809579,0.03491056,0.089728794,0.237160992,0.617426428,0.032178218,0.122524752,0.160891089,0.179455446,0.267326733,0.074392868,0.05717799,0.169689517,0.211189671,0.320012296,Soybean,No,No,No,5,6.389553547,30.10634995
381,,SMI_KEL,5/23/24,3,2,1,0,24,13,11,0.125,0.090909091,0.153846154,,3,21,2024,0.014285714,55.18571429,68.2,81.2,55.62857143,0.667142857,21.65714286,0.138568129,0,0.143187067,0.38221709,0.41108545,0.177694308,0.022536839,0.221901185,0.274776076,0.454781855,0.17380661,0.00244798,0.261933905,0.391676867,0.111383109,0.283729546,0.005557271,0.365544921,0.267675208,0.159308429,Sorghum-Sudan,Yes,Yes,Yes,5,6.507095337,28.20439339
382,,SMI_DOU_3,5/23/24,20,14,6,1,160,91,69,0.125,0.086956522,0.153846154,,21,21,2024,0.031428571,54.2,67.38571429,80.55714286,55.24285714,0.474285714,21.35714286,0.045034642,0.042725173,0.087759815,0.243648961,0.520785219,0.020502455,0.036962172,0.057753393,0.237077678,0.56425065,0.048207664,0.051915946,0.196538937,0.236093943,0.211372064,0.025870034,0.049276255,0.175546658,0.206960271,0.200492763,Soybean,No,Yes,Yes,5,6.29728651,24.98108101
383,,WIS_KEN,5/28/24,23,16,7,1,482,265,217,0.047717842,0.032258065,0.060377358,,24,22,2024,0.158571429,54.4,66.02857143,77.64285714,53.94285714,0.902857143,18.45285714,0.002309469,0.003464203,0.263279446,0.307159353,0.033487298,0.001443418,0.001443418,0.116628176,0.288972286,0.026270208,0,0.002525253,0.093434343,0.321969697,0.178030303,0.000314564,0.000629129,0.037118591,0.278074866,0.104435357,"Field Corn, Tomato, Squash",Yes,No,Yes,4,5.452927113,13.98438168
384,,DEG_VIL,5/28/24,177,106,71,7,1155,657,498,0.153246753,0.142570281,0.161339422,,184,22,2024,0.055714286,49.1,59.57142857,70.07142857,48.27142857,0.872857143,13.99857143,0.548498845,0.026558891,0.595842956,0.162817552,0.118937644,0.275981524,0.040415704,0.380773672,0.259526559,0.213337182,0.558312655,0.023573201,0.601736973,0.096774194,0.129032258,0.309361438,0.013949163,0.432114073,0.210477371,0.140111593,Grain Corn,No,No,Yes,5,6.654009819,18.75856018
385,,KAT_TEE,5/28/24,16,5,11,0,358,223,135,0.044692737,0.081481481,0.022421525,,16,22,2024,0.104285714,45.88571429,57.7,69.52857143,48.17142857,0.31,13.64571429,0.248554913,0,0.248554913,0.432369942,0.23699422,0.106947247,0,0.133756126,0.431824733,0.353704238,0.264669164,0,0.277153558,0.414481898,0.187265918,0.118232732,0.000933416,0.168014935,0.426571251,0.221219664,Silage Corn,No,Yes,No,5,5.867316246,17.37828636
386,,KAT_HAB_3,5/28/24,24,5,19,8,873,374,499,0.027491409,0.038076152,0.013368984,,32,22,2024,0.128571429,49.2,59.77142857,70.35714286,48.68571429,0.691428571,14.14571429,0.274712644,0.066666667,0.51954023,0.137931034,0.256321839,0.158561151,0.099856115,0.331510791,0.357985612,0.210647482,0.31552795,0.217391304,0.572670807,0.070807453,0.144099379,0.225465839,0.07484472,0.333229814,0.310248447,0.113975155,Soybean,No,No,Yes,5,6.10185194,27.97481728
387,,KAT_TEE_3,5/28/24,41,20,21,1,575,259,316,0.071304348,0.066455696,0.077220077,,42,22,2024,0.098571429,45.64285714,57.25714286,68.88571429,47.55714286,0.332857143,13.31142857,0.174913694,0,0.239355581,0.498273878,0.151898734,0.136468552,0,0.203115984,0.650317369,0.106751298,0.198998748,0.006257822,0.231539424,0.481852315,0.060075094,0.17165109,0.003115265,0.2,0.634579439,0.057009346,Grain Corn,No,Yes,Yes,5,5.303276539,18.34638786
388,,DIP_PAT,5/28/24,297,160,137,40,2204,1209,995,0.134754991,0.137688442,0.132340778,,337,22,2024,0.144285714,53.01428571,62.62857143,72.3,49.75714286,1.444285714,15.47428571,0.384704519,0.004634994,0.475086906,0.361529548,0.162224797,0.356132756,0.004617605,0.638961039,0.172005772,0.148051948,0.388337469,0.023573201,0.549627792,0.339950372,0.054590571,0.256710892,0.140080222,0.721382289,0.14594261,0.053687134,Silage Corn,Yes,Yes,No,5,6.454941273,26.51252174
389,,SEA_HOO,5/28/24,15,8,7,1,723,356,367,0.020746888,0.019073569,0.02247191,,16,22,2024,0.067142857,52.01428571,61.35714286,70.65714286,49.07142857,1.385714286,13.82,0.105324074,0.268518519,0.631944444,0.091435185,0.189814815,0.135969977,0.272517321,0.67147806,0.089203233,0.174942263,0.194029851,0.133084577,0.741293532,0.093283582,0.039800995,0.233983287,0.179510987,0.787681832,0.082017951,0.042092232,Sweet Corn,Yes,Yes,Yes,4,6.488575935,26.25037003
390,,DEG_FOU_WOOD,5/28/24,158,87,71,6,1408,694,714,0.112215909,0.099439776,0.125360231,,164,22,2024,0.031428571,47.65714286,58.37142857,69.11428571,48.07142857,0.642857143,13.03142857,0.339491917,0,0.451501155,0.061200924,0.387990762,0.245086705,0.01416185,0.34017341,0.210115607,0.378034682,0.42039801,0.002487562,0.508706468,0.031094527,0.19278607,0.307001239,0.002168525,0.413568773,0.190520446,0.173482032,Silage Corn,Yes,Yes,No,5,5.715062618,20.57002831
391,,DIP_CUR,5/28/24,101,61,40,6,2105,1222,883,0.047980998,0.045300113,0.049918167,,107,22,2024,0.064285714,47.92857143,58.87142857,69.85714286,47.34285714,1.338571429,13.62571429,0.110982659,0.038150289,0.322543353,0.174566474,0.419653179,0.240762125,0.114896074,0.484411085,0.204099307,0.247113164,0.38875,0.0075,0.555,0.13875,0.155,0.308626596,0.06944877,0.54936157,0.164123326,0.143880411,Silage Corn,No,Yes,Yes,4,5.927192211,18.15420723
392,,POV_DUN,5/28/24,1,0,1,0,52,26,26,0.019230769,0.038461538,0,,1,22,2024,0.04,47.62857143,59.67142857,71.68571429,48.4,0.6,15.48,0.002304147,0,0.002304147,0.495391705,0.411290323,0.000577367,0,0.000866051,0.529734411,0.329099307,0.00248139,0.001240695,0.009925558,0.482630273,0.333746898,0.002804612,0.001246494,0.031785603,0.479588657,0.272982237,Silage Corn,No,No,No,4,5.781182766,20.7029171
393,,DIP_FLE,5/28/24,67,44,23,12,1196,650,546,0.056020067,0.042124542,0.067692308,,79,22,2024,0.028571429,51.61428571,61.25714286,70.88571429,49.32857143,1.352857143,14.13285714,0.412918108,0.002306805,0.519031142,0.228373702,0.193771626,0.268686869,0.002020202,0.550649351,0.171139971,0.220779221,0.4622057,0.002478315,0.566294919,0.194547708,0.168525403,0.302484472,0.005590062,0.604658385,0.145652174,0.12173913,Silage Corn,No,No,No,5,6.317162514,28.22133827
394,,WIS_COO_2,5/28/24,59,29,30,6,629,362,267,0.093799682,0.112359551,0.080110497,,65,22,2024,0.212857143,50.77142857,62.51428571,74.24285714,52.21428571,0.388571429,15.52714286,0.062355658,0.001154734,0.124711316,0.121247113,0.66743649,0.076479076,0.031168831,0.223376623,0.265512266,0.44992785,0.025188917,0.001259446,0.256926952,0.080604534,0.428211587,0.084091622,0.003765297,0.279573266,0.239723878,0.309381864,Silage Corn,No,Yes,No,5,5.539158821,23.32694054
395,,DEG_PER_STRIP,5/28/24,225,121,104,20,2048,1016,1032,0.109863281,0.100775194,0.119094488,,245,22,2024,0.044285714,48.44285714,58.82857143,69.24285714,48.3,0.707142857,13.18428571,0.170310702,0.193325662,0.449942463,0.126582278,0.372842348,0.233919815,0.073262186,0.366310932,0.344101529,0.235938852,0.238509317,0.070807453,0.57515528,0.114285714,0.182608696,0.219398822,0.038735668,0.408738767,0.320111559,0.138518748,Grain Corn,Yes,No,No,5,5.993263245,23.35876274
396,,SMI_JOH,5/28/24,8,5,3,0,346,225,121,0.023121387,0.024793388,0.022222222,,8,22,2024,0.195714286,50.01428571,61.31428571,72.6,49.38571429,0.635714286,16.12428571,0.284890427,0.001153403,0.327566321,0.332179931,0.277970012,0.23881028,0.000577534,0.254692463,0.409182789,0.276349986,0.236679058,0.080545229,0.436183395,0.262701363,0.182156134,0.152495379,0.125385089,0.345964264,0.359519409,0.178989526,Silage Corn,No,Yes,Yes,5,6.416008472,24.34096146
397,,WIS_COO,5/28/24,4,2,2,0,698,418,280,0.005730659,0.007142857,0.004784689,,4,22,2024,0.214285714,51.28571429,62.5,73.67142857,52.2,0.545714286,14.94142857,0.147295742,0.01150748,0.261219793,0.155350978,0.554660529,0.12056533,0.062013268,0.246899337,0.26910874,0.434092876,0.259119497,0.030188679,0.472955975,0.113207547,0.364779874,0.21799308,0.02327776,0.359547027,0.235923246,0.304183706,Silage Corn,No,Yes,No,5,5.968518734,24.17316246
398,,DEG_DIE_HILL,5/28/24,15,6,9,0,863,395,468,0.017381228,0.019230769,0.015189873,,15,22,2024,0.061428571,48.21428571,58.75714286,69.27142857,48.07142857,0.731428571,13.36714286,0.188439306,0.301734104,0.576878613,0.050867052,0.306358382,0.166233766,0.07965368,0.285714286,0.207503608,0.267243867,0.367119901,0.007416564,0.597033375,0.044499382,0.171817058,0.149689441,0.003416149,0.311490683,0.196583851,0.186024845,Grain Corn,Yes,No,No,5,6.039941311,24.28417015
399,,KAT_HAB_4,5/28/24,19,16,3,0,1679,840,839,0.01131626,0.003575685,0.019047619,,19,22,2024,0.131428571,48.1,58.97142857,69.9,48.08571429,0.58,14.19,0.308840413,0.001148106,0.382319173,0.211251435,0.347876005,0.273484631,0.016949153,0.341568515,0.267739155,0.318012065,0.39378882,0.014906832,0.431055901,0.171428571,0.149068323,0.272614237,0.062480572,0.356854212,0.232514765,0.156978551,Silage Corn,Yes,Yes,Yes,5,5.97060585,22.10969543
400,,STA_AYR,5/29/24,347,212,135,37,976,585,391,0.355532787,0.345268542,0.362393162,,384,22,2024,0.082857143,52.7,62.38571429,72.08571429,49.62857143,1.392857143,15.13,0.277522936,0.058486239,0.415137615,0.365825688,0.152522936,0.148617512,0.030817972,0.270737327,0.495679724,0.171947005,0.079110012,0.242274413,0.470951792,0.327564895,0.132262052,0.071560765,0.175817397,0.313386798,0.482109809,0.11967921,Soybean,No,No,Yes,3,6.536432266,34.06747055
401,,KAT_MAH,5/31/24,70,40,30,26,656,351,305,0.106707317,0.098360656,0.113960114,,96,22,2024,0.044285714,48.22857143,60.04285714,71.84285714,47.91428571,0.771428571,15.96142857,0.702890173,0.002312139,0.722543353,0.061271676,0.136416185,0.548787529,0.002020785,0.620669746,0.17147806,0.115184758,0.78358209,0.008706468,0.822139303,0.007462687,0.077114428,0.618855009,0.006533914,0.700062228,0.114187928,0.081207218,Grain Corn,No,No,Yes,3,5.586569786,190.3849945
402,,KAT_JEF_2,5/31/24,19,8,11,2,601,276,325,0.031613977,0.033846154,0.028985507,,21,22,2024,0.16,45.68571429,57.78571429,69.87142857,48.74285714,0.245714286,13.62285714,0.116225547,0,0.150747986,0.415420023,0.355581128,0.093291103,0.000575871,0.113446588,0.561186294,0.274978405,0.103362391,0.01120797,0.138231631,0.388542964,0.216687422,0.0917603,0.007490637,0.117977528,0.527777778,0.176029963,Silage Corn,No,Yes,Yes,5,6.26295042,37.54327011
403,,KAT_SAU,5/31/24,14,5,9,1,398,192,206,0.035175879,0.04368932,0.026041667,,15,22,2024,0.128571429,48,58.04285714,68.07142857,46.42857143,1.027142857,12.69,0.062283737,0,0.289504037,0.166089965,0.476355248,0.082804385,0,0.171667628,0.325158684,0.422677438,0.148379052,0.001246883,0.394014963,0.122194514,0.157107232,0.145317883,0.025994363,0.261822737,0.275916066,0.18759787,Silage Corn,No,No,Yes,5,5.722351551,21.01234818
404,,SMI_LAT,5/31/24,201,80,121,78,457,168,289,0.439824945,0.418685121,0.476190476,,279,22,2024,0.09,47.12857143,59.87142857,72.6,49.12857143,0.24,15.84714286,0.09017341,0.043930636,0.250867052,0.373410405,0.287861272,0.164355864,0.03061814,0.262853842,0.341998845,0.293760832,0.12173913,0,0.398757764,0.350310559,0.113043478,0.176361386,0.000309406,0.397586634,0.324257426,0.124690594,Silage Corn,Yes,Yes,Yes,5,5.557508469,21.01000977
405,,SMI_LAT_2,5/31/24,231,134,97,22,818,465,353,0.282396088,0.274787535,0.288172043,,253,22,2024,0.09,47.12857143,59.87142857,72.6,49.12857143,0.24,15.84714286,0.092165899,0,0.202764977,0.511520737,0.209677419,0.116628176,0.030889145,0.206120092,0.351905312,0.345554273,0.140024783,0,0.334572491,0.500619579,0.071871128,0.13572978,0.000309885,0.363495507,0.335915711,0.147195538,Silage Corn,Yes,Yes,Yes,5,5.899997234,29.36910629
406,,KAT_SAU_3,5/31/24,1,1,0,0,445,216,229,0.002247191,0,0.00462963,,1,22,2024,0.127142857,48.08571429,57.98571429,67.92857143,46.48571429,1.03,12.48571429,0.011560694,0,0.097109827,0.331791908,0.480924855,0.017599538,0,0.135891518,0.373918061,0.420946336,0.041301627,0.002503129,0.158948686,0.29787234,0.242803504,0.1447822,0.005327484,0.229081793,0.361642118,0.172986525,Sorghum-Sudan,No,No,Yes,5,5.815739632,21.67381096
407,,KAT_JEF,5/31/24,18,9,9,1,319,174,145,0.056426332,0.062068966,0.051724138,,19,22,2024,0.148571429,45.55714286,57.85714286,70.14285714,48.7,0.24,13.95714286,0.067816092,0,0.08045977,0.456321839,0.390804598,0.049539171,0,0.053859447,0.43375576,0.387384793,0.08135169,0,0.082603254,0.4718398,0.202753442,0.056697819,0.001557632,0.070093458,0.415576324,0.204049844,Silage Corn,No,Yes,Yes,5,5.586032867,22.36896324
408,,DEG_DIE_HILL,6/3/24,163,79,84,55,863,395,468,0.188876014,0.179487179,0.2,,218,23,2024,0.378571429,55.44285714,65,74.57142857,56.84285714,0.458571429,13.47857143,0.188439306,0.301734104,0.576878613,0.050867052,0.306358382,0.166233766,0.07965368,0.285714286,0.207503608,0.267243867,0.367119901,0.007416564,0.597033375,0.044499382,0.171817058,0.149689441,0.003416149,0.311490683,0.196583851,0.186024845,Grain Corn,Yes,No,No,5,6.039941311,24.28417015
409,,DEG_FOU_WOOD,6/3/24,68,41,27,15,1408,694,714,0.048295455,0.037815126,0.05907781,,83,23,2024,0.34,55.47142857,64.98571429,74.44285714,56.82857143,0.485714286,13.22285714,0.339491917,0,0.451501155,0.061200924,0.387990762,0.245086705,0.01416185,0.34017341,0.210115607,0.378034682,0.42039801,0.002487562,0.508706468,0.031094527,0.19278607,0.307001239,0.002168525,0.413568773,0.190520446,0.173482032,Silage Corn,Yes,Yes,No,5,5.715062618,20.57002831
410,,DEG_VIL,6/3/24,71,41,30,6,1155,657,498,0.061471861,0.060240964,0.062404871,,77,23,2024,0.311428571,56.71428571,66.12857143,75.52857143,57.11428571,0.678571429,14.14857143,0.548498845,0.026558891,0.595842956,0.162817552,0.118937644,0.275981524,0.040415704,0.380773672,0.259526559,0.213337182,0.558312655,0.023573201,0.601736973,0.096774194,0.129032258,0.309361438,0.013949163,0.432114073,0.210477371,0.140111593,Grain Corn,No,No,Yes,5,6.654009819,18.75856018
411,,KAT_TEE_3,6/3/24,125,35,90,2,575,259,316,0.217391304,0.284810127,0.135135135,,127,23,2024,0.228571429,54.28571429,63.27142857,72.21428571,57.15714286,0.135714286,11.90714286,0.174913694,0,0.239355581,0.498273878,0.151898734,0.136468552,0,0.203115984,0.650317369,0.106751298,0.198998748,0.006257822,0.231539424,0.481852315,0.060075094,0.17165109,0.003115265,0.2,0.634579439,0.057009346,Grain Corn,No,Yes,Yes,5,5.303276539,18.34638786
412,,DEG_PER_STRIP,6/3/24,159,89,70,5,2048,1016,1032,0.077636719,0.067829457,0.087598425,,164,23,2024,0.292857143,55.65714286,65.07142857,74.45714286,57.1,0.454285714,13.14142857,0.170310702,0.193325662,0.449942463,0.126582278,0.372842348,0.233919815,0.073262186,0.366310932,0.344101529,0.235938852,0.238509317,0.070807453,0.57515528,0.114285714,0.182608696,0.219398822,0.038735668,0.408738767,0.320111559,0.138518748,Grain Corn,Yes,No,No,5,5.993263245,23.35876274
413,,KAT_JEF,6/3/24,2,1,1,2,319,174,145,0.006269592,0.006896552,0.005747126,,4,23,2024,0.237142857,55.72857143,64.64285714,73.54285714,57.92857143,0.15,12.84142857,0.067816092,0,0.08045977,0.456321839,0.390804598,0.049539171,0,0.053859447,0.43375576,0.387384793,0.08135169,0,0.082603254,0.4718398,0.202753442,0.056697819,0.001557632,0.070093458,0.415576324,0.204049844,Silage Corn,No,Yes,Yes,5,5.586032867,22.36896324
414,,SMI_JOH,6/3/24,38,23,15,0,346,225,121,0.10982659,0.123966942,0.102222222,,38,23,2024,0.232857143,58.08571429,68.42857143,78.81428571,58.04285714,0.817142857,17.51,0.284890427,0.001153403,0.327566321,0.332179931,0.277970012,0.23881028,0.000577534,0.254692463,0.409182789,0.276349986,0.236679058,0.080545229,0.436183395,0.262701363,0.182156134,0.152495379,0.125385089,0.345964264,0.359519409,0.178989526,Silage Corn,No,Yes,Yes,5,6.416008472,24.34096146
415,,KAT_SAU_3,6/3/24,4,2,2,0,445,216,229,0.008988764,0.008733624,0.009259259,,4,23,2024,0.204285714,55.8,63.31428571,70.8,55.71428571,0.427142857,11.27571429,0.011560694,0,0.097109827,0.331791908,0.480924855,0.017599538,0,0.135891518,0.373918061,0.420946336,0.041301627,0.002503129,0.158948686,0.29787234,0.242803504,0.1447822,0.005327484,0.229081793,0.361642118,0.172986525,Sorghum-Sudan,No,No,Yes,5,5.815739632,21.67381096
416,,KAT_SAU,6/3/24,1,0,1,0,398,192,206,0.002512563,0.004854369,0,,1,23,2024,0.204285714,55.74285714,63.4,71.02857143,55.78571429,0.417142857,11.47571429,0.062283737,0,0.289504037,0.166089965,0.476355248,0.082804385,0,0.171667628,0.325158684,0.422677438,0.148379052,0.001246883,0.394014963,0.122194514,0.157107232,0.145317883,0.025994363,0.261822737,0.275916066,0.18759787,Silage Corn,No,No,Yes,5,5.722351551,21.01234818
417,,KAT_HAB_3,6/3/24,12,4,8,11,873,374,499,0.013745704,0.016032064,0.010695187,,23,23,2024,0.232857143,57.78571429,66.67142857,75.54285714,58.07142857,0.547142857,14.50285714,0.274712644,0.066666667,0.51954023,0.137931034,0.256321839,0.158561151,0.099856115,0.331510791,0.357985612,0.210647482,0.31552795,0.217391304,0.572670807,0.070807453,0.144099379,0.225465839,0.07484472,0.333229814,0.310248447,0.113975155,Soybean,No,No,Yes,5,6.10185194,27.97481728
418,,KAT_MAH,6/3/24,10,5,5,1,656,351,305,0.015243902,0.016393443,0.014245014,,11,23,2024,0.232857143,55.92857143,66.2,76.48571429,57.14285714,0.404285714,15.79857143,0.702890173,0.002312139,0.722543353,0.061271676,0.136416185,0.548787529,0.002020785,0.620669746,0.17147806,0.115184758,0.78358209,0.008706468,0.822139303,0.007462687,0.077114428,0.618855009,0.006533914,0.700062228,0.114187928,0.081207218,Grain Corn,No,No,Yes,3,5.586569786,190.3849945
419,,KAT_TEE,6/3/24,31,25,6,0,358,223,135,0.086592179,0.044444444,0.112107623,,31,23,2024,0.224285714,54.82857143,63.85714286,72.87142857,57.72857143,0.125714286,12.25857143,0.248554913,0,0.248554913,0.432369942,0.23699422,0.106947247,0,0.133756126,0.431824733,0.353704238,0.264669164,0,0.277153558,0.414481898,0.187265918,0.118232732,0.000933416,0.168014935,0.426571251,0.221219664,Silage Corn,No,Yes,No,5,5.867316246,17.37828636
420,,KAT_JEF_2,6/3/24,1,1,0,0,601,276,325,0.001663894,0,0.003623188,,1,23,2024,0.231428571,55.77142857,64.64285714,73.52857143,57.97142857,0.124285714,12.71142857,0.116225547,0,0.150747986,0.415420023,0.355581128,0.093291103,0.000575871,0.113446588,0.561186294,0.274978405,0.103362391,0.01120797,0.138231631,0.388542964,0.216687422,0.0917603,0.007490637,0.117977528,0.527777778,0.176029963,Silage Corn,No,Yes,Yes,5,6.26295042,37.54327011
421,,WIS_KEN,6/4/24,97,59,38,11,482,265,217,0.201244813,0.175115207,0.222641509,,108,23,2024,0.145714286,60.08571429,71,81.92857143,59.18571429,1.314285714,20.44142857,0.002309469,0.003464203,0.263279446,0.307159353,0.033487298,0.001443418,0.001443418,0.116628176,0.288972286,0.026270208,0,0.002525253,0.093434343,0.321969697,0.178030303,0.000314564,0.000629129,0.037118591,0.278074866,0.104435357,"Field Corn, Tomato, Squash",Yes,No,Yes,4,5.452927113,13.98438168
422,,DIP_PAT,6/4/24,322,156,166,56,2204,1209,995,0.146098004,0.166834171,0.129032258,,378,23,2024,0.281428571,60.24285714,69.38571429,78.48571429,58.51428571,1.16,16.76571429,0.384704519,0.004634994,0.475086906,0.361529548,0.162224797,0.356132756,0.004617605,0.638961039,0.172005772,0.148051948,0.388337469,0.023573201,0.549627792,0.339950372,0.054590571,0.256710892,0.140080222,0.721382289,0.14594261,0.053687134,Silage Corn,Yes,Yes,No,5,6.454941273,26.51252174
423,,STA_THO,6/4/24,101,52,49,7,1163,622,541,0.086844368,0.090573013,0.083601286,,108,23,2024,0.228571429,58.94285714,68.4,77.84285714,58.22857143,0.692857143,16.36857143,0.384792627,0.074884793,0.517281106,0.054147465,0.299539171,0.291402193,0.045008656,0.362088863,0.239469129,0.27034045,0.180024661,0.257706535,0.605425401,0.051787916,0.141800247,0.159692308,0.199076923,0.472923077,0.220307692,0.138769231,Grain Corn,No,No,No,3,6.241055012,20.55567551
424,,WIS_COO_2,6/4/24,143,95,48,0,629,362,267,0.227344992,0.179775281,0.262430939,,143,23,2024,0.05,56.54285714,67.62857143,78.74285714,56.9,0.87,17.70285714,0.062355658,0.001154734,0.124711316,0.121247113,0.66743649,0.076479076,0.031168831,0.223376623,0.265512266,0.44992785,0.025188917,0.001259446,0.256926952,0.080604534,0.428211587,0.084091622,0.003765297,0.279573266,0.239723878,0.309381864,Silage Corn,No,Yes,No,5,5.539158821,23.32694054
425,,WIS_COO,6/4/24,29,12,17,3,698,418,280,0.041547278,0.060714286,0.028708134,,32,23,2024,0.052857143,57,67.67142857,78.34285714,56.9,1.054285714,17.25142857,0.147295742,0.01150748,0.261219793,0.155350978,0.554660529,0.12056533,0.062013268,0.246899337,0.26910874,0.434092876,0.259119497,0.030188679,0.472955975,0.113207547,0.364779874,0.21799308,0.02327776,0.359547027,0.235923246,0.304183706,Silage Corn,No,Yes,No,5,5.968518734,24.17316246
426,,DIP_FLE,6/4/24,61,30,31,19,1196,650,546,0.051003344,0.056776557,0.046153846,,80,23,2024,0.25,58.72857143,67.65714286,76.58571429,58.02857143,0.862857143,14.90571429,0.412918108,0.002306805,0.519031142,0.228373702,0.193771626,0.268686869,0.002020202,0.550649351,0.171139971,0.220779221,0.4622057,0.002478315,0.566294919,0.194547708,0.168525403,0.302484472,0.005590062,0.604658385,0.145652174,0.12173913,Silage Corn,No,No,No,5,6.317162514,28.22133827
427,,POV_DUN,6/4/24,1,1,0,0,52,26,26,0.019230769,0,0.038461538,,1,23,2024,0.192857143,56.17142857,66.87142857,77.51428571,56.8,0.84,16.90142857,0.002304147,0,0.002304147,0.495391705,0.411290323,0.000577367,0,0.000866051,0.529734411,0.329099307,0.00248139,0.001240695,0.009925558,0.482630273,0.333746898,0.002804612,0.001246494,0.031785603,0.479588657,0.272982237,Silage Corn,No,No,No,4,5.781182766,20.7029171
428,,ZUE_REE,6/4/24,449,253,196,74,3170,1801,1369,0.141640379,0.143170197,0.140477512,,523,23,2024,0.195714286,61.48571429,69.81428571,78.17142857,58.28571429,1.614285714,16.9,0.023094688,0.123556582,0.407621247,0.199769053,0.32448037,0.025921659,0.176843318,0.41359447,0.169354839,0.20218894,0.09729064,0.210591133,0.536945813,0.179802956,0.185960591,0.128292532,0.142547258,0.496436319,0.148435079,0.120855284,Wheat,Yes,No,Yes,4,6.537268639,24.44252777
429,,DIP_CUR,6/4/24,348,191,157,29,2105,1222,883,0.165320665,0.177802945,0.156301146,,377,23,2024,0.197142857,55.75714286,65.68571429,75.6,55.8,1.315714286,14.68142857,0.110982659,0.038150289,0.322543353,0.174566474,0.419653179,0.240762125,0.114896074,0.484411085,0.204099307,0.247113164,0.38875,0.0075,0.555,0.13875,0.155,0.308626596,0.06944877,0.54936157,0.164123326,0.143880411,Silage Corn,No,Yes,Yes,4,5.927192211,18.15420723
430,,STA_AYR,6/4/24,47,33,14,7,976,585,391,0.048155738,0.035805627,0.056410256,,54,23,2024,0.142857143,59.25714286,68.37142857,77.5,58.42857143,0.752857143,15.57285714,0.277522936,0.058486239,0.415137615,0.365825688,0.152522936,0.148617512,0.030817972,0.270737327,0.495679724,0.171947005,0.079110012,0.242274413,0.470951792,0.327564895,0.132262052,0.071560765,0.175817397,0.313386798,0.482109809,0.11967921,Soybean,No,No,Yes,3,6.536432266,34.06747055
431,,SEA_HOO,6/4/24,59,29,30,7,723,356,367,0.081604426,0.081743869,0.081460674,,66,23,2024,0.167142857,59.18571429,67.94285714,76.68571429,57.4,1.09,15.85142857,0.105324074,0.268518519,0.631944444,0.091435185,0.189814815,0.135969977,0.272517321,0.67147806,0.089203233,0.174942263,0.194029851,0.133084577,0.741293532,0.093283582,0.039800995,0.233983287,0.179510987,0.787681832,0.082017951,0.042092232,Sweet Corn,Yes,Yes,Yes,4,6.488575935,26.25037003
432,,SMI_LAT_2,6/6/24,181,103,78,12,818,465,353,0.221271394,0.220963173,0.221505376,,193,23,2024,0.291428571,55.42857143,66.54285714,77.71428571,58.07142857,0.257142857,15.77142857,0.092165899,0,0.202764977,0.511520737,0.209677419,0.116628176,0.030889145,0.206120092,0.351905312,0.345554273,0.140024783,0,0.334572491,0.500619579,0.071871128,0.13572978,0.000309885,0.363495507,0.335915711,0.147195538,Silage Corn,Yes,Yes,Yes,5,5.899997234,29.36910629
433,,KAT_SAU_3,6/10/24,57,26,31,6,445,216,229,0.128089888,0.135371179,0.12037037,,63,24,2024,0.018571429,50.31428571,59.32857143,68.3,49,1.018571429,12.90714286,0.011560694,0,0.097109827,0.331791908,0.480924855,0.017599538,0,0.135891518,0.373918061,0.420946336,0.041301627,0.002503129,0.158948686,0.29787234,0.242803504,0.1447822,0.005327484,0.229081793,0.361642118,0.172986525,Sorghum-Sudan,No,No,Yes,5,5.815739632,21.67381096
434,,DEG_PER_STRIP,6/10/24,510,301,209,150,2048,1016,1032,0.249023438,0.20251938,0.296259843,,660,24,2024,0.064285714,50.78571429,59.74285714,68.7,51.47142857,0.594285714,11.82285714,0.170310702,0.193325662,0.449942463,0.126582278,0.372842348,0.233919815,0.073262186,0.366310932,0.344101529,0.235938852,0.238509317,0.070807453,0.57515528,0.114285714,0.182608696,0.219398822,0.038735668,0.408738767,0.320111559,0.138518748,Grain Corn,Yes,No,No,5,5.993263245,23.35876274
435,,DEG_FOU_WOOD,6/10/24,265,156,109,28,1408,694,714,0.188210227,0.152661064,0.224783862,,293,24,2024,0.047142857,50.24285714,59.51428571,68.78571429,51.15714286,0.631428571,11.94857143,0.339491917,0,0.451501155,0.061200924,0.387990762,0.245086705,0.01416185,0.34017341,0.210115607,0.378034682,0.42039801,0.002487562,0.508706468,0.031094527,0.19278607,0.307001239,0.002168525,0.413568773,0.190520446,0.173482032,Silage Corn,Yes,Yes,No,5,5.715062618,20.57002831
436,,KAT_MAH,6/10/24,84,43,41,14,656,351,305,0.12804878,0.13442623,0.122507123,,98,24,2024,0.022857143,50.81428571,61.84285714,72.87142857,50.85714286,0.728571429,16.58714286,0.702890173,0.002312139,0.722543353,0.061271676,0.136416185,0.548787529,0.002020785,0.620669746,0.17147806,0.115184758,0.78358209,0.008706468,0.822139303,0.007462687,0.077114428,0.618855009,0.006533914,0.700062228,0.114187928,0.081207218,Grain Corn,No,No,Yes,3,5.586569786,190.3849945
437,,KAT_SAU,6/10/24,70,35,35,9,398,192,206,0.175879397,0.169902913,0.182291667,,79,24,2024,0.017142857,50.31428571,59.35714286,68.35714286,49,1.02,12.99285714,0.062283737,0,0.289504037,0.166089965,0.476355248,0.082804385,0,0.171667628,0.325158684,0.422677438,0.148379052,0.001246883,0.394014963,0.122194514,0.157107232,0.145317883,0.025994363,0.261822737,0.275916066,0.18759787,Silage Corn,No,No,Yes,5,5.722351551,21.01234818
438,,KAT_JEF,6/10/24,10,2,8,8,319,174,145,0.031347962,0.055172414,0.011494253,,18,24,2024,0.022857143,49.88571429,60.37142857,70.88571429,51.07142857,0.404285714,14.26714286,0.067816092,0,0.08045977,0.456321839,0.390804598,0.049539171,0,0.053859447,0.43375576,0.387384793,0.08135169,0,0.082603254,0.4718398,0.202753442,0.056697819,0.001557632,0.070093458,0.415576324,0.204049844,Silage Corn,No,Yes,Yes,5,5.586032867,22.36896324
439,,KAT_JEF_2,6/10/24,58,33,25,9,601,276,325,0.096505824,0.076923077,0.119565217,,67,24,2024,0.024285714,49.75714286,60.22857143,70.75714286,51.14285714,0.324285714,14.05,0.116225547,0,0.150747986,0.415420023,0.355581128,0.093291103,0.000575871,0.113446588,0.561186294,0.274978405,0.103362391,0.01120797,0.138231631,0.388542964,0.216687422,0.0917603,0.007490637,0.117977528,0.527777778,0.176029963,Silage Corn,No,Yes,Yes,5,6.26295042,37.54327011
440,,KAT_HAB_4,6/10/24,44,21,23,20,1679,840,839,0.026206075,0.027413588,0.025,,64,24,2024,0.032857143,49.84285714,60.22857143,70.58571429,50.77142857,0.511428571,14.15571429,0.308840413,0.001148106,0.382319173,0.211251435,0.347876005,0.273484631,0.016949153,0.341568515,0.267739155,0.318012065,0.39378882,0.014906832,0.431055901,0.171428571,0.149068323,0.272614237,0.062480572,0.356854212,0.232514765,0.156978551,Silage Corn,Yes,Yes,Yes,5,5.97060585,22.10969543
441,,KAT_TEE_3,6/10/24,145,75,70,18,575,259,316,0.252173913,0.221518987,0.28957529,,163,24,2024,0.02,49.2,59.28571429,69.38571429,50.27142857,0.427142857,13.25714286,0.174913694,0,0.239355581,0.498273878,0.151898734,0.136468552,0,0.203115984,0.650317369,0.106751298,0.198998748,0.006257822,0.231539424,0.481852315,0.060075094,0.17165109,0.003115265,0.2,0.634579439,0.057009346,Grain Corn,No,Yes,Yes,5,5.303276539,18.34638786
442,,DEG_VIL,6/10/24,123,72,51,0,1155,657,498,0.106493506,0.102409639,0.109589041,,123,24,2024,0.06,51.72857143,60.5,69.24285714,51.44285714,0.747142857,12.32285714,0.548498845,0.026558891,0.595842956,0.162817552,0.118937644,0.275981524,0.040415704,0.380773672,0.259526559,0.213337182,0.558312655,0.023573201,0.601736973,0.096774194,0.129032258,0.309361438,0.013949163,0.432114073,0.210477371,0.140111593,Grain Corn,No,No,Yes,5,6.654009819,18.75856018
443,,KAT_TEE,6/10/24,27,22,5,2,358,223,135,0.075418994,0.037037037,0.098654709,,29,24,2024,0.02,49.31428571,59.7,70.1,50.77142857,0.342857143,13.68285714,0.248554913,0,0.248554913,0.432369942,0.23699422,0.106947247,0,0.133756126,0.431824733,0.353704238,0.264669164,0,0.277153558,0.414481898,0.187265918,0.118232732,0.000933416,0.168014935,0.426571251,0.221219664,Silage Corn,No,Yes,No,5,5.867316246,17.37828636
444,,KAT_TEE,6/10/24,29,20,9,0,358,223,135,0.081005587,0.066666667,0.089686099,,29,24,2024,0.02,49.31428571,59.7,70.1,50.77142857,0.342857143,13.68285714,0.248554913,0,0.248554913,0.432369942,0.23699422,0.106947247,0,0.133756126,0.431824733,0.353704238,0.264669164,0,0.277153558,0.414481898,0.187265918,0.118232732,0.000933416,0.168014935,0.426571251,0.221219664,Silage Corn,No,Yes,No,5,5.867316246,17.37828636
445,,KAT_HAB_3,6/10/24,30,12,18,6,873,374,499,0.034364261,0.036072144,0.032085561,,36,24,2024,0.028571429,50.84285714,61.31428571,71.8,51.17142857,0.604285714,14.86714286,0.274712644,0.066666667,0.51954023,0.137931034,0.256321839,0.158561151,0.099856115,0.331510791,0.357985612,0.210647482,0.31552795,0.217391304,0.572670807,0.070807453,0.144099379,0.225465839,0.07484472,0.333229814,0.310248447,0.113975155,Soybean,No,No,Yes,5,6.10185194,27.97481728
446,,SEA_HOO,6/11/24,166,79,87,5,723,356,367,0.229598893,0.237057221,0.221910112,,171,24,2024,0.028571429,54.57142857,62.82857143,71.1,51.71428571,1.701428571,13.81285714,0.105324074,0.268518519,0.631944444,0.091435185,0.189814815,0.135969977,0.272517321,0.67147806,0.089203233,0.174942263,0.194029851,0.133084577,0.741293532,0.093283582,0.039800995,0.233983287,0.179510987,0.787681832,0.082017951,0.042092232,Sweet Corn,Yes,Yes,Yes,4,6.488575935,26.25037003
447,,SMI_LAT_2,6/11/24,287,156,131,38,818,465,353,0.350855746,0.371104816,0.335483871,,325,24,2024,0.038571429,50.35714286,60.41428571,70.48571429,52.08571429,0.392857143,12.99285714,0.092165899,0,0.202764977,0.511520737,0.209677419,0.116628176,0.030889145,0.206120092,0.351905312,0.345554273,0.140024783,0,0.334572491,0.500619579,0.071871128,0.13572978,0.000309885,0.363495507,0.335915711,0.147195538,Silage Corn,Yes,Yes,Yes,5,5.899997234,29.36910629
448,,STA_AYR,6/11/24,57,32,25,33,976,585,391,0.058401639,0.063938619,0.054700855,,90,24,2024,0.054285714,54.87142857,63.1,71.31428571,52.61428571,1.637142857,13.81857143,0.277522936,0.058486239,0.415137615,0.365825688,0.152522936,0.148617512,0.030817972,0.270737327,0.495679724,0.171947005,0.079110012,0.242274413,0.470951792,0.327564895,0.132262052,0.071560765,0.175817397,0.313386798,0.482109809,0.11967921,Soybean,No,No,Yes,3,6.536432266,34.06747055
449,,DIP_CUR,6/11/24,465,276,189,138,2105,1222,883,0.220902613,0.214043035,0.225859247,,603,24,2024,0.048571429,50.51428571,60.24285714,69.95714286,50.08571429,1.28,12.97285714,0.110982659,0.038150289,0.322543353,0.174566474,0.419653179,0.240762125,0.114896074,0.484411085,0.204099307,0.247113164,0.38875,0.0075,0.555,0.13875,0.155,0.308626596,0.06944877,0.54936157,0.164123326,0.143880411,Silage Corn,No,Yes,Yes,4,5.927192211,18.15420723
450,,ZUE_REE,6/11/24,171,81,90,151,3170,1801,1369,0.053943218,0.065741417,0.044975014,,322,24,2024,0.038571429,57.17142857,64.52857143,71.91428571,52.61428571,2.408571429,14.28857143,0.023094688,0.123556582,0.407621247,0.199769053,0.32448037,0.025921659,0.176843318,0.41359447,0.169354839,0.20218894,0.09729064,0.210591133,0.536945813,0.179802956,0.185960591,0.128292532,0.142547258,0.496436319,0.148435079,0.120855284,Wheat,Yes,No,Yes,4,6.537268639,24.44252777
451,,WIS_COO,6/11/24,111,93,18,9,698,418,280,0.159025788,0.064285714,0.222488038,,120,24,2024,0.052857143,51.31428571,61.81428571,72.32857143,52.67142857,0.744285714,13.19714286,0.147295742,0.01150748,0.261219793,0.155350978,0.554660529,0.12056533,0.062013268,0.246899337,0.26910874,0.434092876,0.259119497,0.030188679,0.472955975,0.113207547,0.364779874,0.21799308,0.02327776,0.359547027,0.235923246,0.304183706,Silage Corn,No,Yes,No,5,5.968518734,24.17316246
452,,POV_DUN,6/11/24,7,3,4,0,52,26,26,0.134615385,0.153846154,0.115384615,,7,24,2024,0.047142857,50.88571429,61.2,71.5,51.22857143,0.942857143,14.62857143,0.002304147,0,0.002304147,0.495391705,0.411290323,0.000577367,0,0.000866051,0.529734411,0.329099307,0.00248139,0.001240695,0.009925558,0.482630273,0.333746898,0.002804612,0.001246494,0.031785603,0.479588657,0.272982237,Silage Corn,No,No,No,4,5.781182766,20.7029171
453,,SMI_JOH,6/11/24,82,46,36,21,346,225,121,0.23699422,0.297520661,0.204444444,,103,24,2024,0.032857143,53.04285714,61.7,70.34285714,52.37142857,0.764285714,12.77,0.284890427,0.001153403,0.327566321,0.332179931,0.277970012,0.23881028,0.000577534,0.254692463,0.409182789,0.276349986,0.236679058,0.080545229,0.436183395,0.262701363,0.182156134,0.152495379,0.125385089,0.345964264,0.359519409,0.178989526,Silage Corn,No,Yes,Yes,5,6.416008472,24.34096146
454,,DIP_FLE,6/11/24,230,128,102,100,1196,650,546,0.192307692,0.186813187,0.196923077,,330,24,2024,0.048571429,52.88571429,61.72857143,70.6,52.52857143,0.895714286,12.97285714,0.412918108,0.002306805,0.519031142,0.228373702,0.193771626,0.268686869,0.002020202,0.550649351,0.171139971,0.220779221,0.4622057,0.002478315,0.566294919,0.194547708,0.168525403,0.302484472,0.005590062,0.604658385,0.145652174,0.12173913,Silage Corn,No,No,No,5,6.317162514,28.22133827
455,,WIS_COO_2,6/11/24,93,73,20,4,629,362,267,0.147853736,0.074906367,0.201657459,,97,24,2024,0.048571429,50.81428571,61.71428571,72.62857143,52.67142857,0.635714286,13.53857143,0.062355658,0.001154734,0.124711316,0.121247113,0.66743649,0.076479076,0.031168831,0.223376623,0.265512266,0.44992785,0.025188917,0.001259446,0.256926952,0.080604534,0.428211587,0.084091622,0.003765297,0.279573266,0.239723878,0.309381864,Silage Corn,No,Yes,No,5,5.539158821,23.32694054
456,,DIP_PAT,6/11/24,378,244,134,75,2204,1209,995,0.171506352,0.134673367,0.201819686,,453,24,2024,0.055714286,55.28571429,63.45714286,71.61428571,53.07142857,1.357142857,13.88571429,0.384704519,0.004634994,0.475086906,0.361529548,0.162224797,0.356132756,0.004617605,0.638961039,0.172005772,0.148051948,0.388337469,0.023573201,0.549627792,0.339950372,0.054590571,0.256710892,0.140080222,0.721382289,0.14594261,0.053687134,Silage Corn,Yes,Yes,No,5,6.454941273,26.51252174
457,,STA_THO,6/11/24,132,81,51,27,1163,622,541,0.11349957,0.094269871,0.13022508,,159,24,2024,0.061428571,54.65714286,63.14285714,71.62857143,52.34285714,1.571428571,14.45142857,0.384792627,0.074884793,0.517281106,0.054147465,0.299539171,0.291402193,0.045008656,0.362088863,0.239469129,0.27034045,0.180024661,0.257706535,0.605425401,0.051787916,0.141800247,0.159692308,0.199076923,0.472923077,0.220307692,0.138769231,Grain Corn,No,No,No,3,6.241055012,20.55567551
458,,WIS_KEN,6/11/24,92,49,43,12,482,265,217,0.190871369,0.198156682,0.18490566,,104,24,2024,0.04,54.15714286,65.08571429,75.97142857,54.38571429,1,16.42428571,0.002309469,0.003464203,0.263279446,0.307159353,0.033487298,0.001443418,0.001443418,0.116628176,0.288972286,0.026270208,0,0.002525253,0.093434343,0.321969697,0.178030303,0.000314564,0.000629129,0.037118591,0.278074866,0.104435357,"Field Corn, Tomato, Squash",Yes,No,Yes,4,5.452927113,13.98438168
459,,DEG_DIE_HILL,6/11/24,205,123,82,23,863,395,468,0.237543453,0.175213675,0.311392405,,228,24,2024,0.061428571,50.37142857,59.67142857,68.94285714,51.1,0.625714286,12.37,0.188439306,0.301734104,0.576878613,0.050867052,0.306358382,0.166233766,0.07965368,0.285714286,0.207503608,0.267243867,0.367119901,0.007416564,0.597033375,0.044499382,0.171817058,0.149689441,0.003416149,0.311490683,0.196583851,0.186024845,Grain Corn,Yes,No,No,5,6.039941311,24.28417015
460,,DIP_CUR,6/17/24,288,151,137,48,2105,1222,883,0.136817102,0.155152888,0.123567921,,336,25,2024,0.148571429,65.21428571,75.88571429,86.5,64.94285714,2.107142857,21.09428571,0.110982659,0.038150289,0.322543353,0.174566474,0.419653179,0.240762125,0.114896074,0.484411085,0.204099307,0.247113164,0.38875,0.0075,0.555,0.13875,0.155,0.308626596,0.06944877,0.54936157,0.164123326,0.143880411,Silage Corn,No,Yes,Yes,4,5.927192211,18.15420723
461,,KAT_SAU_3,6/17/24,35,17,18,9,445,216,229,0.078651685,0.07860262,0.078703704,,44,25,2024,0.172857143,64.98571429,74.54285714,84.12857143,65.34285714,1.125714286,18.14428571,0.011560694,0,0.097109827,0.331791908,0.480924855,0.017599538,0,0.135891518,0.373918061,0.420946336,0.041301627,0.002503129,0.158948686,0.29787234,0.242803504,0.1447822,0.005327484,0.229081793,0.361642118,0.172986525,Sorghum-Sudan,No,No,Yes,5,5.815739632,21.67381096
462,,DEG_VIL,6/17/24,229,116,113,69,1155,657,498,0.198268398,0.226907631,0.176560122,,298,25,2024,0.082857143,66.3,76.3,86.28571429,65.91428571,1.54,20.14857143,0.548498845,0.026558891,0.595842956,0.162817552,0.118937644,0.275981524,0.040415704,0.380773672,0.259526559,0.213337182,0.558312655,0.023573201,0.601736973,0.096774194,0.129032258,0.309361438,0.013949163,0.432114073,0.210477371,0.140111593,Grain Corn,No,No,Yes,5,6.654009819,18.75856018
463,,DEG_DIE_HILL,6/17/24,86,56,30,31,863,395,468,0.099652375,0.064102564,0.141772152,,117,25,2024,0.062857143,64.92857143,75.28571429,85.62857143,65.58571429,1.124285714,19.82714286,0.188439306,0.301734104,0.576878613,0.050867052,0.306358382,0.166233766,0.07965368,0.285714286,0.207503608,0.267243867,0.367119901,0.007416564,0.597033375,0.044499382,0.171817058,0.149689441,0.003416149,0.311490683,0.196583851,0.186024845,Grain Corn,Yes,No,No,5,6.039941311,24.28417015
464,,DEG_FOU_WOOD,6/17/24,160,77,83,19,1408,694,714,0.113636364,0.116246499,0.110951009,,179,25,2024,0.171428571,64.92857143,75.22857143,85.5,65.8,1.018571429,19.12285714,0.339491917,0,0.451501155,0.061200924,0.387990762,0.245086705,0.01416185,0.34017341,0.210115607,0.378034682,0.42039801,0.002487562,0.508706468,0.031094527,0.19278607,0.307001239,0.002168525,0.413568773,0.190520446,0.173482032,Silage Corn,Yes,Yes,No,5,5.715062618,20.57002831
465,,DIP_FLE,6/17/24,144,71,73,61,1196,650,546,0.120401338,0.133699634,0.109230769,,205,25,2024,0.168571429,67.7,77.35714286,87.04285714,67.24285714,1.567142857,19.87571429,0.412918108,0.002306805,0.519031142,0.228373702,0.193771626,0.268686869,0.002020202,0.550649351,0.171139971,0.220779221,0.4622057,0.002478315,0.566294919,0.194547708,0.168525403,0.302484472,0.005590062,0.604658385,0.145652174,0.12173913,Silage Corn,No,No,No,5,6.317162514,28.22133827
466,,POV_DUN,6/17/24,2,1,1,1,52,26,26,0.038461538,0.038461538,0.038461538,,3,25,2024,0.085714286,65.81428571,76.98571429,88.15714286,65.9,1.694285714,23.26142857,0.002304147,0,0.002304147,0.495391705,0.411290323,0.000577367,0,0.000866051,0.529734411,0.329099307,0.00248139,0.001240695,0.009925558,0.482630273,0.333746898,0.002804612,0.001246494,0.031785603,0.479588657,0.272982237,Silage Corn,No,No,No,4,5.781182766,20.7029171
467,,KAT_TEE,6/17/24,26,20,6,0,358,223,135,0.072625698,0.044444444,0.089686099,,26,25,2024,0.085714286,65.2,76,86.74285714,67.05714286,0.765714286,20.24714286,0.248554913,0,0.248554913,0.432369942,0.23699422,0.106947247,0,0.133756126,0.431824733,0.353704238,0.264669164,0,0.277153558,0.414481898,0.187265918,0.118232732,0.000933416,0.168014935,0.426571251,0.221219664,Silage Corn,No,Yes,No,5,5.867316246,17.37828636
468,,KAT_HAB_4,6/17/24,73,25,48,18,1679,840,839,0.043478261,0.057210965,0.029761905,,91,25,2024,0.03,66.45714286,76.84285714,87.2,66.97142857,1.481428571,21.12571429,0.308840413,0.001148106,0.382319173,0.211251435,0.347876005,0.273484631,0.016949153,0.341568515,0.267739155,0.318012065,0.39378882,0.014906832,0.431055901,0.171428571,0.149068323,0.272614237,0.062480572,0.356854212,0.232514765,0.156978551,Silage Corn,Yes,Yes,Yes,5,5.97060585,22.10969543
469,,KAT_SAU,6/17/24,16,10,6,0,398,192,206,0.040201005,0.029126214,0.052083333,,16,25,2024,0.172857143,64.95714286,74.6,84.24285714,65.34285714,1.125714286,18.37714286,0.062283737,0,0.289504037,0.166089965,0.476355248,0.082804385,0,0.171667628,0.325158684,0.422677438,0.148379052,0.001246883,0.394014963,0.122194514,0.157107232,0.145317883,0.025994363,0.261822737,0.275916066,0.18759787,Silage Corn,No,No,Yes,5,5.722351551,21.01234818
470,,KAT_HAB_3,6/17/24,58,27,31,28,873,374,499,0.066437572,0.062124248,0.072192513,,86,25,2024,0.015714286,67.52857143,77.84285714,88.15714286,67.32857143,1.731428571,21.98285714,0.274712644,0.066666667,0.51954023,0.137931034,0.256321839,0.158561151,0.099856115,0.331510791,0.357985612,0.210647482,0.31552795,0.217391304,0.572670807,0.070807453,0.144099379,0.225465839,0.07484472,0.333229814,0.310248447,0.113975155,Soybean,No,No,Yes,5,6.10185194,27.97481728
471,,KAT_SAU_3,6/17/24,51,21,30,13,445,216,229,0.114606742,0.131004367,0.097222222,,64,25,2024,0.172857143,64.98571429,74.54285714,84.12857143,65.34285714,1.125714286,18.14428571,0.011560694,0,0.097109827,0.331791908,0.480924855,0.017599538,0,0.135891518,0.373918061,0.420946336,0.041301627,0.002503129,0.158948686,0.29787234,0.242803504,0.1447822,0.005327484,0.229081793,0.361642118,0.172986525,Sorghum-Sudan,No,No,Yes,5,5.815739632,21.67381096
472,,DEG_PER_STRIP,6/17/24,636,291,345,18,2048,1016,1032,0.310546875,0.334302326,0.286417323,,654,25,2024,0.09,65.41428571,75.4,85.4,65.91428571,1.208571429,19.00714286,0.170310702,0.193325662,0.449942463,0.126582278,0.372842348,0.233919815,0.073262186,0.366310932,0.344101529,0.235938852,0.238509317,0.070807453,0.57515528,0.114285714,0.182608696,0.219398822,0.038735668,0.408738767,0.320111559,0.138518748,Grain Corn,Yes,No,No,5,5.993263245,23.35876274
473,,DIP_PAT,6/17/24,268,132,136,41,2204,1209,995,0.121597096,0.136683417,0.109181141,,309,25,2024,0.044285714,68.42857143,78.28571429,88.15714286,67.3,1.895714286,21.72285714,0.384704519,0.004634994,0.475086906,0.361529548,0.162224797,0.356132756,0.004617605,0.638961039,0.172005772,0.148051948,0.388337469,0.023573201,0.549627792,0.339950372,0.054590571,0.256710892,0.140080222,0.721382289,0.14594261,0.053687134,Silage Corn,Yes,Yes,No,5,6.454941273,26.51252174
474,,KAT_MAH,6/17/24,75,43,32,0,656,351,305,0.114329268,0.104918033,0.122507123,,75,25,2024,0.174285714,65.08571429,77.11428571,89.14285714,66.7,0.711428571,24.38142857,0.702890173,0.002312139,0.722543353,0.061271676,0.136416185,0.548787529,0.002020785,0.620669746,0.17147806,0.115184758,0.78358209,0.008706468,0.822139303,0.007462687,0.077114428,0.618855009,0.006533914,0.700062228,0.114187928,0.081207218,Grain Corn,No,No,Yes,3,5.586569786,190.3849945
475,,WIS_KEN,6/18/24,87,46,41,3,482,265,217,0.180497925,0.188940092,0.173584906,,90,25,2024,0.292857143,67.57142857,79.02857143,90.48571429,66.24285714,2.251428571,26.21285714,0.002309469,0.003464203,0.263279446,0.307159353,0.033487298,0.001443418,0.001443418,0.116628176,0.288972286,0.026270208,0,0.002525253,0.093434343,0.321969697,0.178030303,0.000314564,0.000629129,0.037118591,0.278074866,0.104435357,"Field Corn, Tomato, Squash",Yes,No,Yes,4,5.452927113,13.98438168
476,,SEA_HOO,6/18/24,21,11,10,6,723,356,367,0.029045643,0.027247956,0.030898876,,27,25,2024,0.26,68.2,77.64285714,87.11428571,67.2,1.614285714,19.93714286,0.105324074,0.268518519,0.631944444,0.091435185,0.189814815,0.135969977,0.272517321,0.67147806,0.089203233,0.174942263,0.194029851,0.133084577,0.741293532,0.093283582,0.039800995,0.233983287,0.179510987,0.787681832,0.082017951,0.042092232,Sweet Corn,Yes,Yes,Yes,4,6.488575935,26.25037003
477,,STA_THO,6/18/24,105,55,50,6,1163,622,541,0.090283749,0.092421442,0.088424437,,111,25,2024,0.004285714,67.87142857,78.3,88.77142857,66.94285714,1.892857143,23.06285714,0.384792627,0.074884793,0.517281106,0.054147465,0.299539171,0.291402193,0.045008656,0.362088863,0.239469129,0.27034045,0.180024661,0.257706535,0.605425401,0.051787916,0.141800247,0.159692308,0.199076923,0.472923077,0.220307692,0.138769231,Grain Corn,No,No,No,3,6.241055012,20.55567551
478,,WIS_COO_2,6/18/24,40,29,11,0,629,362,267,0.063593005,0.041198502,0.080110497,,40,25,2024,0.22,64.32857143,75.7,87.08571429,64.58571429,1.214285714,21.70714286,0.062355658,0.001154734,0.124711316,0.121247113,0.66743649,0.076479076,0.031168831,0.223376623,0.265512266,0.44992785,0.025188917,0.001259446,0.256926952,0.080604534,0.428211587,0.084091622,0.003765297,0.279573266,0.239723878,0.309381864,Silage Corn,No,Yes,No,5,5.539158821,23.32694054
479,,ZUE_REE,6/18/24,253,155,98,65,3170,1801,1369,0.079810726,0.071585099,0.086063298,,318,25,2024,0.23,69.87142857,78.91428571,87.97142857,67.77142857,2.515714286,21.09714286,0.023094688,0.123556582,0.407621247,0.199769053,0.32448037,0.025921659,0.176843318,0.41359447,0.169354839,0.20218894,0.09729064,0.210591133,0.536945813,0.179802956,0.185960591,0.128292532,0.142547258,0.496436319,0.148435079,0.120855284,Wheat,Yes,No,Yes,4,6.537268639,24.44252777
480,,KAT_JEF_2,6/18/24,63,26,37,6,601,276,325,0.104825291,0.113846154,0.094202899,,69,25,2024,0.055714286,64.71428571,76.05714286,87.37142857,67.58571429,0.378571429,20.41428571,0.116225547,0,0.150747986,0.415420023,0.355581128,0.093291103,0.000575871,0.113446588,0.561186294,0.274978405,0.103362391,0.01120797,0.138231631,0.388542964,0.216687422,0.0917603,0.007490637,0.117977528,0.527777778,0.176029963,Silage Corn,No,Yes,Yes,5,6.26295042,37.54327011
481,,WIS_COO,6/18/24,44,26,18,4,698,418,280,0.063037249,0.064285714,0.062200957,,48,25,2024,0.22,64.65714286,75.67142857,86.75714286,64.61428571,1.445714286,21.23142857,0.147295742,0.01150748,0.261219793,0.155350978,0.554660529,0.12056533,0.062013268,0.246899337,0.26910874,0.434092876,0.259119497,0.030188679,0.472955975,0.113207547,0.364779874,0.21799308,0.02327776,0.359547027,0.235923246,0.304183706,Silage Corn,No,Yes,No,5,5.968518734,24.17316246
482,,STA_AYR,6/18/24,5,2,3,3,976,585,391,0.005122951,0.007672634,0.003418803,,8,25,2024,0.085714286,68.28571429,78.48571429,88.68571429,67.35714286,1.86,22.38714286,0.277522936,0.058486239,0.415137615,0.365825688,0.152522936,0.148617512,0.030817972,0.270737327,0.495679724,0.171947005,0.079110012,0.242274413,0.470951792,0.327564895,0.132262052,0.071560765,0.175817397,0.313386798,0.482109809,0.11967921,Soybean,No,No,Yes,3,6.536432266,34.06747055
483,,SMI_JOH,6/18/24,51,32,19,15,346,225,121,0.147398844,0.157024793,0.142222222,,66,25,2024,0.017142857,67.38571429,78.11428571,88.82857143,66.64285714,1.738571429,23.36857143,0.284890427,0.001153403,0.327566321,0.332179931,0.277970012,0.23881028,0.000577534,0.254692463,0.409182789,0.276349986,0.236679058,0.080545229,0.436183395,0.262701363,0.182156134,0.152495379,0.125385089,0.345964264,0.359519409,0.178989526,Silage Corn,No,Yes,Yes,5,6.416008472,24.34096146
484,,KAT_JEF,6/18/24,42,22,20,12,319,174,145,0.131661442,0.137931034,0.126436782,,54,25,2024,0.101428571,64.65714286,76.12857143,87.58571429,67.54285714,0.424285714,20.84571429,0.067816092,0,0.08045977,0.456321839,0.390804598,0.049539171,0,0.053859447,0.43375576,0.387384793,0.08135169,0,0.082603254,0.4718398,0.202753442,0.056697819,0.001557632,0.070093458,0.415576324,0.204049844,Silage Corn,No,Yes,Yes,5,5.586032867,22.36896324
485,,STA_THO,6/18/24,143,79,64,23,1163,622,541,0.122957868,0.118299445,0.127009646,,166,25,2024,0.004285714,67.87142857,78.3,88.77142857,66.94285714,1.892857143,23.06285714,0.384792627,0.074884793,0.517281106,0.054147465,0.299539171,0.291402193,0.045008656,0.362088863,0.239469129,0.27034045,0.180024661,0.257706535,0.605425401,0.051787916,0.141800247,0.159692308,0.199076923,0.472923077,0.220307692,0.138769231,Grain Corn,No,No,No,3,6.241055012,20.55567551
486,,DEG_DIE_HILL,6/24/24,36,21,15,33,863,395,468,0.041714948,0.032051282,0.053164557,,69,26,2024,0.358571429,56.02857143,65.74285714,75.42857143,56.71428571,1.034285714,15.25857143,0.188439306,0.301734104,0.576878613,0.050867052,0.306358382,0.166233766,0.07965368,0.285714286,0.207503608,0.267243867,0.367119901,0.007416564,0.597033375,0.044499382,0.171817058,0.149689441,0.003416149,0.311490683,0.196583851,0.186024845,Grain Corn,Yes,No,No,5,6.039941311,24.28417015
487,,DEG_PER_STRIP,6/24/24,32,18,14,5,2048,1016,1032,0.015625,0.013565891,0.017716535,,37,26,2024,0.385714286,56.21428571,65.75714286,75.31428571,56.98571429,0.962857143,14.77285714,0.170310702,0.193325662,0.449942463,0.126582278,0.372842348,0.233919815,0.073262186,0.366310932,0.344101529,0.235938852,0.238509317,0.070807453,0.57515528,0.114285714,0.182608696,0.219398822,0.038735668,0.408738767,0.320111559,0.138518748,Grain Corn,Yes,No,No,5,5.993263245,23.35876274
488,,DEG_FOU_WOOD,6/24/24,40,19,21,26,1408,694,714,0.028409091,0.029411765,0.027377522,,66,26,2024,0.354285714,55.72857143,65.58571429,75.45714286,56.74285714,0.902857143,15.07428571,0.339491917,0,0.451501155,0.061200924,0.387990762,0.245086705,0.01416185,0.34017341,0.210115607,0.378034682,0.42039801,0.002487562,0.508706468,0.031094527,0.19278607,0.307001239,0.002168525,0.413568773,0.190520446,0.173482032,Silage Corn,Yes,Yes,No,5,5.715062618,20.57002831
489,,DEG_VIL,6/24/24,59,32,27,40,1155,657,498,0.051082251,0.054216867,0.04870624,,99,26,2024,0.381428571,57.2,66.61428571,76.02857143,56.88571429,1.137142857,15.49714286,0.548498845,0.026558891,0.595842956,0.162817552,0.118937644,0.275981524,0.040415704,0.380773672,0.259526559,0.213337182,0.558312655,0.023573201,0.601736973,0.096774194,0.129032258,0.309361438,0.013949163,0.432114073,0.210477371,0.140111593,Grain Corn,No,No,Yes,5,6.654009819,18.75856018
490,,SMI_JOH,6/24/24,11,6,5,2,346,225,121,0.031791908,0.041322314,0.026666667,,13,26,2024,0.238571429,57.77142857,67.6,77.4,57.92857143,1.071428571,16.26714286,0.284890427,0.001153403,0.327566321,0.332179931,0.277970012,0.23881028,0.000577534,0.254692463,0.409182789,0.276349986,0.236679058,0.080545229,0.436183395,0.262701363,0.182156134,0.152495379,0.125385089,0.345964264,0.359519409,0.178989526,Silage Corn,No,Yes,Yes,5,6.416008472,24.34096146
491,,DIP_FLE,6/25/24,105,65,40,1,1196,650,546,0.087792642,0.073260073,0.1,,106,26,2024,0.3,58.31428571,67.67142857,77.02857143,58.28571429,1.084285714,15.90428571,0.412918108,0.002306805,0.519031142,0.228373702,0.193771626,0.268686869,0.002020202,0.550649351,0.171139971,0.220779221,0.4622057,0.002478315,0.566294919,0.194547708,0.168525403,0.302484472,0.005590062,0.604658385,0.145652174,0.12173913,Silage Corn,No,No,No,5,6.317162514,28.22133827
492,,KAT_JEF_2,6/25/24,16,5,11,0,601,276,325,0.026622296,0.033846154,0.018115942,,16,26,2024,0.307142857,56.84285714,67.34285714,77.81428571,60.68571429,0.27,14.23857143,0.116225547,0,0.150747986,0.415420023,0.355581128,0.093291103,0.000575871,0.113446588,0.561186294,0.274978405,0.103362391,0.01120797,0.138231631,0.388542964,0.216687422,0.0917603,0.007490637,0.117977528,0.527777778,0.176029963,Silage Corn,No,Yes,Yes,5,6.26295042,37.54327011
493,,STA_AYR,6/25/24,13,6,7,8,976,585,391,0.013319672,0.017902813,0.01025641,,21,26,2024,0.192857143,60.58571429,69.57142857,78.52857143,58.8,1.684285714,16.93,0.277522936,0.058486239,0.415137615,0.365825688,0.152522936,0.148617512,0.030817972,0.270737327,0.495679724,0.171947005,0.079110012,0.242274413,0.470951792,0.327564895,0.132262052,0.071560765,0.175817397,0.313386798,0.482109809,0.11967921,Soybean,No,No,Yes,3,6.536432266,34.06747055
494,,STA_THO,6/25/24,72,45,27,29,1163,622,541,0.061908856,0.049907579,0.072347267,,101,26,2024,0.218571429,60.84285714,70.02857143,79.22857143,58.81428571,1.654285714,17.86857143,0.384792627,0.074884793,0.517281106,0.054147465,0.299539171,0.291402193,0.045008656,0.362088863,0.239469129,0.27034045,0.180024661,0.257706535,0.605425401,0.051787916,0.141800247,0.159692308,0.199076923,0.472923077,0.220307692,0.138769231,Grain Corn,No,No,No,3,6.241055012,20.55567551
495,,ZUE_REE,6/25/24,155,90,65,44,3170,1801,1369,0.048895899,0.047479912,0.049972238,,199,26,2024,0.19,61.62857143,70.15714286,78.64285714,58.95714286,2.071428571,17.06714286,0.023094688,0.123556582,0.407621247,0.199769053,0.32448037,0.025921659,0.176843318,0.41359447,0.169354839,0.20218894,0.09729064,0.210591133,0.536945813,0.179802956,0.185960591,0.128292532,0.142547258,0.496436319,0.148435079,0.120855284,Wheat,Yes,No,Yes,4,6.537268639,24.44252777
496,,DIP_CUR,6/25/24,108,64,44,40,2105,1222,883,0.051306413,0.049830125,0.052373159,,148,26,2024,0.232857143,55.61428571,65.97142857,76.31428571,55.94285714,1.551428571,16.08571429,0.110982659,0.038150289,0.322543353,0.174566474,0.419653179,0.240762125,0.114896074,0.484411085,0.204099307,0.247113164,0.38875,0.0075,0.555,0.13875,0.155,0.308626596,0.06944877,0.54936157,0.164123326,0.143880411,Silage Corn,No,Yes,Yes,4,5.927192211,18.15420723
497,,KAT_HAB_3,6/25/24,20,8,12,8,873,374,499,0.022909507,0.024048096,0.021390374,,28,26,2024,0.327142857,59.85714286,69.24285714,78.62857143,60.44285714,0.875714286,15.38142857,0.274712644,0.066666667,0.51954023,0.137931034,0.256321839,0.158561151,0.099856115,0.331510791,0.357985612,0.210647482,0.31552795,0.217391304,0.572670807,0.070807453,0.144099379,0.225465839,0.07484472,0.333229814,0.310248447,0.113975155,Soybean,No,No,Yes,5,6.10185194,27.97481728
498,,SEA_HOO,6/25/24,17,11,6,4,723,356,367,0.02351314,0.016348774,0.030898876,,21,26,2024,0.245714286,59.68571429,68.62857143,77.52857143,58.17142857,1.642857143,16.26857143,0.105324074,0.268518519,0.631944444,0.091435185,0.189814815,0.135969977,0.272517321,0.67147806,0.089203233,0.174942263,0.194029851,0.133084577,0.741293532,0.093283582,0.039800995,0.233983287,0.179510987,0.787681832,0.082017951,0.042092232,Sweet Corn,Yes,Yes,Yes,4,6.488575935,26.25037003
499,,KAT_JEF,6/25/24,43,20,23,6,319,174,145,0.134796238,0.15862069,0.114942529,,49,26,2024,0.31,56.65714286,67.31428571,77.92857143,60.57142857,0.31,14.51,0.067816092,0,0.08045977,0.456321839,0.390804598,0.049539171,0,0.053859447,0.43375576,0.387384793,0.08135169,0,0.082603254,0.4718398,0.202753442,0.056697819,0.001557632,0.070093458,0.415576324,0.204049844,Silage Corn,No,Yes,Yes,5,5.586032867,22.36896324
500,,DIP_PAT,6/25/24,19,6,13,6,2204,1209,995,0.00862069,0.013065327,0.004962779,,25,26,2024,0.237142857,60.28571429,69.31428571,78.35714286,58.68571429,1.498571429,17.18571429,0.384704519,0.004634994,0.475086906,0.361529548,0.162224797,0.356132756,0.004617605,0.638961039,0.172005772,0.148051948,0.388337469,0.023573201,0.549627792,0.339950372,0.054590571,0.256710892,0.140080222,0.721382289,0.14594261,0.053687134,Silage Corn,Yes,Yes,No,5,6.454941273,26.51252174
501,,KAT_HAB_4,6/25/24,90,48,42,26,1679,840,839,0.053603335,0.050059595,0.057142857,,116,26,2024,0.314285714,57.88571429,67.82857143,77.78571429,60.01428571,0.622857143,14.88142857,0.308840413,0.001148106,0.382319173,0.211251435,0.347876005,0.273484631,0.016949153,0.341568515,0.267739155,0.318012065,0.39378882,0.014906832,0.431055901,0.171428571,0.149068323,0.272614237,0.062480572,0.356854212,0.232514765,0.156978551,Silage Corn,Yes,Yes,Yes,5,5.97060585,22.10969543
502,,POV_DUN,6/25/24,2,2,0,1,52,26,26,0.038461538,0,0.076923077,,3,26,2024,0.242857143,56.15714286,66.9,77.68571429,56.97142857,1.157142857,17.56571429,0.002304147,0,0.002304147,0.495391705,0.411290323,0.000577367,0,0.000866051,0.529734411,0.329099307,0.00248139,0.001240695,0.009925558,0.482630273,0.333746898,0.002804612,0.001246494,0.031785603,0.479588657,0.272982237,Silage Corn,No,No,No,4,5.781182766,20.7029171
503,,WIS_COO_2,6/26/24,27,16,11,2,629,362,267,0.042925278,0.041198502,0.044198895,,29,26,2024,0.087142857,58.67142857,69.35714286,80.02857143,57.78571429,1.542857143,17.73714286,0.062355658,0.001154734,0.124711316,0.121247113,0.66743649,0.076479076,0.031168831,0.223376623,0.265512266,0.44992785,0.025188917,0.001259446,0.256926952,0.080604534,0.428211587,0.084091622,0.003765297,0.279573266,0.239723878,0.309381864,Silage Corn,No,Yes,No,5,5.539158821,23.32694054
504,,WIS_COO,6/26/24,26,16,10,1,698,418,280,0.037249284,0.035714286,0.038277512,,27,26,2024,0.085714286,58.84285714,69.28571429,79.68571429,57.77142857,1.605714286,17.29714286,0.147295742,0.01150748,0.261219793,0.155350978,0.554660529,0.12056533,0.062013268,0.246899337,0.26910874,0.434092876,0.259119497,0.030188679,0.472955975,0.113207547,0.364779874,0.21799308,0.02327776,0.359547027,0.235923246,0.304183706,Silage Corn,No,Yes,No,5,5.968518734,24.17316246
505,,WIS_KEN,6/26/24,18,12,6,13,482,265,217,0.037344398,0.02764977,0.045283019,,31,26,2024,0.157142857,62.42857143,72.85714286,83.22857143,59.48571429,2.465714286,21.27142857,0.002309469,0.003464203,0.263279446,0.307159353,0.033487298,0.001443418,0.001443418,0.116628176,0.288972286,0.026270208,0,0.002525253,0.093434343,0.321969697,0.178030303,0.000314564,0.000629129,0.037118591,0.278074866,0.104435357,"Field Corn, Tomato, Squash",Yes,No,Yes,4,5.452927113,13.98438168
506,,KAT_HAB_4,7/1/24,216,112,104,39,1679,840,839,0.128648005,0.123957092,0.133333333,,255,27,2024,0.071428571,58.22857143,68.84285714,79.47142857,59.88571429,0.557142857,16.00142857,0.308840413,0.001148106,0.382319173,0.211251435,0.347876005,0.273484631,0.016949153,0.341568515,0.267739155,0.318012065,0.39378882,0.014906832,0.431055901,0.171428571,0.149068323,0.272614237,0.062480572,0.356854212,0.232514765,0.156978551,Silage Corn,Yes,Yes,Yes,5,5.97060585,22.10969543
507,,KAT_JEF,7/1/24,38,25,13,14,319,174,145,0.119122257,0.089655172,0.143678161,,52,27,2024,0.107142857,58.14285714,69.15714286,80.17142857,60.52857143,0.387142857,16.01142857,0.067816092,0,0.08045977,0.456321839,0.390804598,0.049539171,0,0.053859447,0.43375576,0.387384793,0.08135169,0,0.082603254,0.4718398,0.202753442,0.056697819,0.001557632,0.070093458,0.415576324,0.204049844,Silage Corn,No,Yes,Yes,5,5.586032867,22.36896324
508,,DEG_FOU_WOOD,7/1/24,149,85,64,33,1408,694,714,0.105823864,0.089635854,0.122478386,,182,27,2024,0.02,59.44285714,69.82857143,80.2,60.27142857,1.252857143,16.40142857,0.339491917,0,0.451501155,0.061200924,0.387990762,0.245086705,0.01416185,0.34017341,0.210115607,0.378034682,0.42039801,0.002487562,0.508706468,0.031094527,0.19278607,0.307001239,0.002168525,0.413568773,0.190520446,0.173482032,Silage Corn,Yes,Yes,No,5,5.715062618,20.57002831
509,,KAT_JEF_2,7/1/24,113,70,43,10,601,276,325,0.188019967,0.132307692,0.253623188,,123,27,2024,0.115714286,58.2,69.04285714,79.88571429,60.52857143,0.407142857,15.84571429,0.116225547,0,0.150747986,0.415420023,0.355581128,0.093291103,0.000575871,0.113446588,0.561186294,0.274978405,0.103362391,0.01120797,0.138231631,0.388542964,0.216687422,0.0917603,0.007490637,0.117977528,0.527777778,0.176029963,Silage Corn,No,Yes,Yes,5,6.26295042,37.54327011
510,,KAT_HAB_3,7/1/24,119,42,77,117,873,374,499,0.136311569,0.154308617,0.112299465,,236,27,2024,0.075714286,59.6,70.11428571,80.6,60.51428571,0.67,17.13142857,0.274712644,0.066666667,0.51954023,0.137931034,0.256321839,0.158561151,0.099856115,0.331510791,0.357985612,0.210647482,0.31552795,0.217391304,0.572670807,0.070807453,0.144099379,0.225465839,0.07484472,0.333229814,0.310248447,0.113975155,Soybean,No,No,Yes,5,6.10185194,27.97481728
511,,DEG_DIE_HILL,7/1/24,51,32,19,0,863,395,468,0.059096176,0.040598291,0.081012658,,51,27,2024,0.027142857,59.75714286,69.91428571,80.1,60.45714286,1.238571429,16.27,0.188439306,0.301734104,0.576878613,0.050867052,0.306358382,0.166233766,0.07965368,0.285714286,0.207503608,0.267243867,0.367119901,0.007416564,0.597033375,0.044499382,0.171817058,0.149689441,0.003416149,0.311490683,0.196583851,0.186024845,Grain Corn,Yes,No,No,5,6.039941311,24.28417015
512,,DEG_VIL,7/1/24,135,89,46,26,1155,657,498,0.116883117,0.092369478,0.135464231,,161,27,2024,0.022857143,60.42857143,70.57142857,80.71428571,60.5,1.565714286,17.01142857,0.548498845,0.026558891,0.595842956,0.162817552,0.118937644,0.275981524,0.040415704,0.380773672,0.259526559,0.213337182,0.558312655,0.023573201,0.601736973,0.096774194,0.129032258,0.309361438,0.013949163,0.432114073,0.210477371,0.140111593,Grain Corn,No,No,Yes,5,6.654009819,18.75856018
513,,STA_THO,7/1/24,159,103,56,52,1163,622,541,0.136715391,0.103512015,0.165594855,,211,27,2024,0.152857143,62.75714286,72.91428571,83.05714286,61.35714286,1.904285714,19.69428571,0.384792627,0.074884793,0.517281106,0.054147465,0.299539171,0.291402193,0.045008656,0.362088863,0.239469129,0.27034045,0.180024661,0.257706535,0.605425401,0.051787916,0.141800247,0.159692308,0.199076923,0.472923077,0.220307692,0.138769231,Grain Corn,No,No,No,3,6.241055012,20.55567551
514,,SMI_JOH,7/1/24,9,8,1,0,346,225,121,0.026011561,0.008264463,0.035555556,,9,27,2024,0.015714286,61.8,72.77142857,83.72857143,61.58571429,1.425714286,20.49285714,0.284890427,0.001153403,0.327566321,0.332179931,0.277970012,0.23881028,0.000577534,0.254692463,0.409182789,0.276349986,0.236679058,0.080545229,0.436183395,0.262701363,0.182156134,0.152495379,0.125385089,0.345964264,0.359519409,0.178989526,Silage Corn,No,Yes,Yes,5,6.416008472,24.34096146
515,,DEG_PER_STRIP,7/1/24,116,63,53,38,2048,1016,1032,0.056640625,0.051356589,0.062007874,,154,27,2024,0.017142857,59.65714286,69.77142857,79.88571429,60.5,1.258571429,15.94714286,0.170310702,0.193325662,0.449942463,0.126582278,0.372842348,0.233919815,0.073262186,0.366310932,0.344101529,0.235938852,0.238509317,0.070807453,0.57515528,0.114285714,0.182608696,0.219398822,0.038735668,0.408738767,0.320111559,0.138518748,Grain Corn,Yes,No,No,5,5.993263245,23.35876274
516,,WIS_COO,7/2/24,54,34,20,7,698,418,280,0.077363897,0.071428571,0.081339713,,61,27,2024,0.444285714,61.2,71.17142857,81.17142857,61.95714286,1.165714286,14.93857143,0.147295742,0.01150748,0.261219793,0.155350978,0.554660529,0.12056533,0.062013268,0.246899337,0.26910874,0.434092876,0.259119497,0.030188679,0.472955975,0.113207547,0.364779874,0.21799308,0.02327776,0.359547027,0.235923246,0.304183706,Silage Corn,No,Yes,No,5,5.968518734,24.17316246
517,,SEA_HOO,7/2/24,11,2,9,3,723,356,367,0.015214385,0.024523161,0.005617978,,14,27,2024,0.004285714,62.31428571,71.87142857,81.44285714,61.2,1.867142857,17.37428571,0.105324074,0.268518519,0.631944444,0.091435185,0.189814815,0.135969977,0.272517321,0.67147806,0.089203233,0.174942263,0.194029851,0.133084577,0.741293532,0.093283582,0.039800995,0.233983287,0.179510987,0.787681832,0.082017951,0.042092232,Sweet Corn,Yes,Yes,Yes,4,6.488575935,26.25037003
518,,ZUE_REE,7/2/24,153,73,80,51,3170,1801,1369,0.048264984,0.058436815,0.040533037,,204,27,2024,0.004285714,64.41428571,73.55714286,82.68571429,61.82857143,2.66,18.74571429,0.023094688,0.123556582,0.407621247,0.199769053,0.32448037,0.025921659,0.176843318,0.41359447,0.169354839,0.20218894,0.09729064,0.210591133,0.536945813,0.179802956,0.185960591,0.128292532,0.142547258,0.496436319,0.148435079,0.120855284,Wheat,Yes,No,Yes,4,6.537268639,24.44252777
519,,ZUE_REE,7/2/24,122,71,51,55,3170,1801,1369,0.038485804,0.03725347,0.039422543,,177,27,2024,0.004285714,64.41428571,73.55714286,82.68571429,61.82857143,2.66,18.74571429,0.023094688,0.123556582,0.407621247,0.199769053,0.32448037,0.025921659,0.176843318,0.41359447,0.169354839,0.20218894,0.09729064,0.210591133,0.536945813,0.179802956,0.185960591,0.128292532,0.142547258,0.496436319,0.148435079,0.120855284,Wheat,Yes,No,Yes,4,6.537268639,24.44252777
520,,DIP_CUR,7/2/24,210,143,67,25,2105,1222,883,0.09976247,0.07587769,0.117021277,,235,27,2024,0.022857143,59.57142857,70.01428571,80.44285714,60.01428571,1.825714286,16.41,0.110982659,0.038150289,0.322543353,0.174566474,0.419653179,0.240762125,0.114896074,0.484411085,0.204099307,0.247113164,0.38875,0.0075,0.555,0.13875,0.155,0.308626596,0.06944877,0.54936157,0.164123326,0.143880411,Silage Corn,No,Yes,Yes,4,5.927192211,18.15420723
521,,DIP_PAT,7/2/24,30,11,19,5,2204,1209,995,0.013611615,0.019095477,0.009098428,,35,27,2024,0,62.71428571,72.77142857,82.82857143,62.07142857,1.72,18.78571429,0.384704519,0.004634994,0.475086906,0.361529548,0.162224797,0.356132756,0.004617605,0.638961039,0.172005772,0.148051948,0.388337469,0.023573201,0.549627792,0.339950372,0.054590571,0.256710892,0.140080222,0.721382289,0.14594261,0.053687134,Silage Corn,Yes,Yes,No,5,6.454941273,26.51252174
522,,DIP_FLE,7/2/24,91,73,18,12,1196,650,546,0.076086957,0.032967033,0.112307692,,103,27,2024,0.008571429,61.2,71.22857143,81.28571429,61.95714286,1.377142857,16.52285714,0.412918108,0.002306805,0.519031142,0.228373702,0.193771626,0.268686869,0.002020202,0.550649351,0.171139971,0.220779221,0.4622057,0.002478315,0.566294919,0.194547708,0.168525403,0.302484472,0.005590062,0.604658385,0.145652174,0.12173913,Silage Corn,No,No,No,5,6.317162514,28.22133827
523,,WIS_KEN,7/2/24,5,3,2,2,482,265,217,0.010373444,0.00921659,0.011320755,,7,27,2024,0.177142857,63.11428571,73.82857143,84.57142857,64.15714286,1.245714286,17.96285714,0.002309469,0.003464203,0.263279446,0.307159353,0.033487298,0.001443418,0.001443418,0.116628176,0.288972286,0.026270208,0,0.002525253,0.093434343,0.321969697,0.178030303,0.000314564,0.000629129,0.037118591,0.278074866,0.104435357,"Field Corn, Tomato, Squash",Yes,No,Yes,4,5.452927113,13.98438168
524,,WIS_COO_2,7/2/24,22,14,8,6,629,362,267,0.034976153,0.029962547,0.038674033,,28,27,2024,0.445714286,61.01428571,71.28571429,81.58571429,62.1,1.072857143,15.32571429,0.062355658,0.001154734,0.124711316,0.121247113,0.66743649,0.076479076,0.031168831,0.223376623,0.265512266,0.44992785,0.025188917,0.001259446,0.256926952,0.080604534,0.428211587,0.084091622,0.003765297,0.279573266,0.239723878,0.309381864,Silage Corn,No,Yes,No,5,5.539158821,23.32694054
525,,POV_DUN,7/2/24,3,0,3,0,52,26,26,0.057692308,0.115384615,0,,3,27,2024,0.034285714,59.71428571,71.12857143,82.52857143,60.8,1.214285714,19.40571429,0.002304147,0,0.002304147,0.495391705,0.411290323,0.000577367,0,0.000866051,0.529734411,0.329099307,0.00248139,0.001240695,0.009925558,0.482630273,0.333746898,0.002804612,0.001246494,0.031785603,0.479588657,0.272982237,Silage Corn,No,No,No,4,5.781182766,20.7029171
526,,KAT_JEF,7/8/24,4,3,1,1,319,174,145,0.012539185,0.006896552,0.017241379,,5,28,2024,0.048571429,60.67142857,71.51428571,82.34285714,63.91428571,0.138571429,17.03714286,0.067816092,0,0.08045977,0.456321839,0.390804598,0.049539171,0,0.053859447,0.43375576,0.387384793,0.08135169,0,0.082603254,0.4718398,0.202753442,0.056697819,0.001557632,0.070093458,0.415576324,0.204049844,Silage Corn,No,Yes,Yes,5,5.586032867,22.36896324
527,,DEG_DIE_HILL,7/8/24,20,13,7,1,863,395,468,0.023174971,0.014957265,0.032911392,,21,28,2024,0.024285714,62.97142857,73.18571429,83.4,64.74285714,0.43,18.40428571,0.188439306,0.301734104,0.576878613,0.050867052,0.306358382,0.166233766,0.07965368,0.285714286,0.207503608,0.267243867,0.367119901,0.007416564,0.597033375,0.044499382,0.171817058,0.149689441,0.003416149,0.311490683,0.196583851,0.186024845,Grain Corn,Yes,No,No,5,6.039941311,24.28417015
528,,DEG_FOU_WOOD,7/8/24,11,6,5,0,1408,694,714,0.0078125,0.007002801,0.008645533,,11,28,2024,0.075714286,62.95714286,73.21428571,83.45714286,64.57142857,0.507142857,18.39571429,0.339491917,0,0.451501155,0.061200924,0.387990762,0.245086705,0.01416185,0.34017341,0.210115607,0.378034682,0.42039801,0.002487562,0.508706468,0.031094527,0.19278607,0.307001239,0.002168525,0.413568773,0.190520446,0.173482032,Silage Corn,Yes,Yes,No,5,5.715062618,20.57002831
529,,KAT_JEF_2,7/8/24,23,13,10,6,601,276,325,0.038269551,0.030769231,0.047101449,,29,28,2024,0.045714286,60.78571429,71.52857143,82.27142857,63.95714286,0.154285714,16.99857143,0.116225547,0,0.150747986,0.415420023,0.355581128,0.093291103,0.000575871,0.113446588,0.561186294,0.274978405,0.103362391,0.01120797,0.138231631,0.388542964,0.216687422,0.0917603,0.007490637,0.117977528,0.527777778,0.176029963,Silage Corn,No,Yes,Yes,5,6.26295042,37.54327011
530,,SMI_JOH,7/8/24,1,0,1,0,346,225,121,0.002890173,0.008264463,0,,1,28,2024,0.204285714,65.84285714,75.74285714,85.62857143,66.45714286,0.801428571,20.22571429,0.284890427,0.001153403,0.327566321,0.332179931,0.277970012,0.23881028,0.000577534,0.254692463,0.409182789,0.276349986,0.236679058,0.080545229,0.436183395,0.262701363,0.182156134,0.152495379,0.125385089,0.345964264,0.359519409,0.178989526,Silage Corn,No,Yes,Yes,5,6.416008472,24.34096146
531,,STA_THO,7/8/24,84,35,49,25,1163,622,541,0.072226999,0.090573013,0.056270096,,109,28,2024,0.215714286,65.17142857,74.3,83.4,66.2,0.865714286,17.07857143,0.384792627,0.074884793,0.517281106,0.054147465,0.299539171,0.291402193,0.045008656,0.362088863,0.239469129,0.27034045,0.180024661,0.257706535,0.605425401,0.051787916,0.141800247,0.159692308,0.199076923,0.472923077,0.220307692,0.138769231,Grain Corn,No,No,No,3,6.241055012,20.55567551
532,,DEG_VIL,7/8/24,65,31,34,40,1155,657,498,0.056277056,0.068273092,0.04718417,,105,28,2024,0.132857143,63.82857143,73.72857143,83.65714286,65,0.605714286,18.45142857,0.548498845,0.026558891,0.595842956,0.162817552,0.118937644,0.275981524,0.040415704,0.380773672,0.259526559,0.213337182,0.558312655,0.023573201,0.601736973,0.096774194,0.129032258,0.309361438,0.013949163,0.432114073,0.210477371,0.140111593,Grain Corn,No,No,Yes,5,6.654009819,18.75856018
533,,STA_AYR,7/8/24,70,37,33,40,976,585,391,0.071721311,0.084398977,0.063247863,,110,28,2024,0.088571429,65.37142857,74.7,84.04285714,66.25714286,0.85,17.88142857,0.277522936,0.058486239,0.415137615,0.365825688,0.152522936,0.148617512,0.030817972,0.270737327,0.495679724,0.171947005,0.079110012,0.242274413,0.470951792,0.327564895,0.132262052,0.071560765,0.175817397,0.313386798,0.482109809,0.11967921,Soybean,No,No,Yes,3,6.536432266,34.06747055
534,,SEA_HOO,7/9/24,2,0,2,0,723,356,367,0.002766252,0.005449591,0,,2,28,2024,0.117142857,65.48571429,74.68571429,83.9,65.98571429,0.862857143,17.88857143,0.105324074,0.268518519,0.631944444,0.091435185,0.189814815,0.135969977,0.272517321,0.67147806,0.089203233,0.174942263,0.194029851,0.133084577,0.741293532,0.093283582,0.039800995,0.233983287,0.179510987,0.787681832,0.082017951,0.042092232,Sweet Corn,Yes,Yes,Yes,4,6.488575935,26.25037003
535,,POV_DUN,7/9/24,0,0,0,0,52,26,26,0,0,0,,0,28,2024,0.022857143,63.34285714,74.64285714,85.94285714,65.21428571,0.537142857,21.52142857,0.002304147,0,0.002304147,0.495391705,0.411290323,0.000577367,0,0.000866051,0.529734411,0.329099307,0.00248139,0.001240695,0.009925558,0.482630273,0.333746898,0.002804612,0.001246494,0.031785603,0.479588657,0.272982237,Silage Corn,No,No,No,4,5.781182766,20.7029171
536,,ZUE_REE,7/9/24,19,6,13,13,3170,1801,1369,0.005993691,0.009495982,0.003331483,,32,28,2024,0.048571429,67.88571429,76.58571429,85.3,66.8,1.801428571,19.32857143,0.023094688,0.123556582,0.407621247,0.199769053,0.32448037,0.025921659,0.176843318,0.41359447,0.169354839,0.20218894,0.09729064,0.210591133,0.536945813,0.179802956,0.185960591,0.128292532,0.142547258,0.496436319,0.148435079,0.120855284,Wheat,Yes,No,Yes,4,6.537268639,24.44252777
537,,DIP_FLE,7/9/24,17,8,9,24,1196,650,546,0.014214047,0.016483516,0.012307692,,41,28,2024,0.088571429,65.54285714,75,84.48571429,66.51428571,0.75,18.13428571,0.412918108,0.002306805,0.519031142,0.228373702,0.193771626,0.268686869,0.002020202,0.550649351,0.171139971,0.220779221,0.4622057,0.002478315,0.566294919,0.194547708,0.168525403,0.302484472,0.005590062,0.604658385,0.145652174,0.12173913,Silage Corn,No,No,No,5,6.317162514,28.22133827
538,,DIP_PAT,7/9/24,49,23,26,33,2204,1209,995,0.022232305,0.026130653,0.019023987,,82,28,2024,0.121428571,66.72857143,76.07142857,85.44285714,67.28571429,0.881428571,19.31142857,0.384704519,0.004634994,0.475086906,0.361529548,0.162224797,0.356132756,0.004617605,0.638961039,0.172005772,0.148051948,0.388337469,0.023573201,0.549627792,0.339950372,0.054590571,0.256710892,0.140080222,0.721382289,0.14594261,0.053687134,Silage Corn,Yes,Yes,No,5,6.454941273,26.51252174
539,,DIP_CUR,7/9/24,27,15,12,4,2105,1222,883,0.012826603,0.013590034,0.012274959,,31,28,2024,0.012857143,62.75714286,73.45714286,84.21428571,64,1.237142857,19.38142857,0.110982659,0.038150289,0.322543353,0.174566474,0.419653179,0.240762125,0.114896074,0.484411085,0.204099307,0.247113164,0.38875,0.0075,0.555,0.13875,0.155,0.308626596,0.06944877,0.54936157,0.164123326,0.143880411,Silage Corn,No,Yes,Yes,4,5.927192211,18.15420723
540,,WIS_COO,7/10/24,11,7,4,0,698,418,280,0.015759312,0.014285714,0.016746411,,11,28,2024,0.018571429,67.57142857,77.02857143,86.45714286,67.77142857,1.197142857,19.80142857,0.147295742,0.01150748,0.261219793,0.155350978,0.554660529,0.12056533,0.062013268,0.246899337,0.26910874,0.434092876,0.259119497,0.030188679,0.472955975,0.113207547,0.364779874,0.21799308,0.02327776,0.359547027,0.235923246,0.304183706,Silage Corn,No,Yes,No,5,5.968518734,24.17316246
541,,WIS_COO_2,7/10/24,9,8,1,0,629,362,267,0.014308426,0.003745318,0.022099448,,9,28,2024,0.018571429,67.42857143,77.14285714,86.87142857,67.78571429,1.132857143,20.32714286,0.062355658,0.001154734,0.124711316,0.121247113,0.66743649,0.076479076,0.031168831,0.223376623,0.265512266,0.44992785,0.025188917,0.001259446,0.256926952,0.080604534,0.428211587,0.084091622,0.003765297,0.279573266,0.239723878,0.309381864,Silage Corn,No,Yes,No,5,5.539158821,23.32694054
542,,WIS_KEN,7/10/24,1,1,0,5,482,265,217,0.002074689,0,0.003773585,,6,28,2024,0.042857143,69.82857143,79.92857143,90.01428571,69.77142857,1.265714286,23.78714286,0.002309469,0.003464203,0.263279446,0.307159353,0.033487298,0.001443418,0.001443418,0.116628176,0.288972286,0.026270208,0,0.002525253,0.093434343,0.321969697,0.178030303,0.000314564,0.000629129,0.037118591,0.278074866,0.104435357,"Field Corn, Tomato, Squash",Yes,No,Yes,4,5.452927113,13.98438168
543,,DEG_DIE_HILL,7/15/24,37,7,30,5,863,395,468,0.042873696,0.064102564,0.017721519,,42,29,2024,0.112857143,57.47142857,69.15714286,80.88571429,60.6,0.255714286,17.44142857,0.188439306,0.301734104,0.576878613,0.050867052,0.306358382,0.166233766,0.07965368,0.285714286,0.207503608,0.267243867,0.367119901,0.007416564,0.597033375,0.044499382,0.171817058,0.149689441,0.003416149,0.311490683,0.196583851,0.186024845,Grain Corn,Yes,No,No,5,6.039941311,24.28417015
544,,POV_DUN,7/15/24,0,0,0,0,52,26,26,0,0,0,,0,29,2024,0.094285714,57.7,70.67142857,83.64285714,60.92857143,0.407142857,21.30142857,0.002304147,0,0.002304147,0.495391705,0.411290323,0.000577367,0,0.000866051,0.529734411,0.329099307,0.00248139,0.001240695,0.009925558,0.482630273,0.333746898,0.002804612,0.001246494,0.031785603,0.479588657,0.272982237,Silage Corn,No,No,No,4,5.781182766,20.7029171
545,,DIP_CUR,7/15/24,0,0,0,0,2105,1222,883,0,0,0,,0,29,2024,0.151428571,57.21428571,69.58571429,81.97142857,59.95714286,0.918571429,19.04,0.110982659,0.038150289,0.322543353,0.174566474,0.419653179,0.240762125,0.114896074,0.484411085,0.204099307,0.247113164,0.38875,0.0075,0.555,0.13875,0.155,0.308626596,0.06944877,0.54936157,0.164123326,0.143880411,Silage Corn,No,Yes,Yes,4,5.927192211,18.15420723
546,,DIP_PAT,7/15/24,36,6,30,15,2204,1209,995,0.016333938,0.030150754,0.004962779,,51,29,2024,0.117142857,63.51428571,73.25714286,83.02857143,63.12857143,1.447142857,18.47571429,0.384704519,0.004634994,0.475086906,0.361529548,0.162224797,0.356132756,0.004617605,0.638961039,0.172005772,0.148051948,0.388337469,0.023573201,0.549627792,0.339950372,0.054590571,0.256710892,0.140080222,0.721382289,0.14594261,0.053687134,Silage Corn,Yes,Yes,No,5,6.454941273,26.51252174
547,,DEG_FOU_WOOD,7/15/24,22,9,13,5,1408,694,714,0.015625,0.018207283,0.0129683,,27,29,2024,0.141428571,57.04285714,69.01428571,81.01428571,60.38571429,0.3,17.66,0.339491917,0,0.451501155,0.061200924,0.387990762,0.245086705,0.01416185,0.34017341,0.210115607,0.378034682,0.42039801,0.002487562,0.508706468,0.031094527,0.19278607,0.307001239,0.002168525,0.413568773,0.190520446,0.173482032,Silage Corn,Yes,Yes,No,5,5.715062618,20.57002831
548,,DEG_PER_STRIP,7/15/24,77,23,54,33,2048,1016,1032,0.037597656,0.052325581,0.022637795,,110,29,2024,0.128571429,57.52857143,68.98571429,80.42857143,60.68571429,0.305714286,16.75,0.170310702,0.193325662,0.449942463,0.126582278,0.372842348,0.233919815,0.073262186,0.366310932,0.344101529,0.235938852,0.238509317,0.070807453,0.57515528,0.114285714,0.182608696,0.219398822,0.038735668,0.408738767,0.320111559,0.138518748,Grain Corn,Yes,No,No,5,5.993263245,23.35876274
549,,DIP_FLE,7/15/24,21,6,15,24,1196,650,546,0.017558528,0.027472527,0.009230769,,45,29,2024,0.151428571,61.01428571,71.61428571,82.2,62.32857143,0.85,17.83142857,0.412918108,0.002306805,0.519031142,0.228373702,0.193771626,0.268686869,0.002020202,0.550649351,0.171139971,0.220779221,0.4622057,0.002478315,0.566294919,0.194547708,0.168525403,0.302484472,0.005590062,0.604658385,0.145652174,0.12173913,Silage Corn,No,No,No,5,6.317162514,28.22133827
550,,SEA_HOO,7/16/24,4,1,3,0,723,356,367,0.005532503,0.008174387,0.002808989,,4,29,2024,0.077142857,62.05714286,71.91428571,81.8,61.62857143,1.397142857,18.12857143,0.105324074,0.268518519,0.631944444,0.091435185,0.189814815,0.135969977,0.272517321,0.67147806,0.089203233,0.174942263,0.194029851,0.133084577,0.741293532,0.093283582,0.039800995,0.233983287,0.179510987,0.787681832,0.082017951,0.042092232,Sweet Corn,Yes,Yes,Yes,4,6.488575935,26.25037003
551,,ZUE_REE,7/16/24,20,4,16,17,3170,1801,1369,0.006309148,0.011687363,0.002220988,,37,29,2024,0.117142857,65.27142857,74.11428571,82.95714286,62.51428571,2.567142857,19.20857143,0.023094688,0.123556582,0.407621247,0.199769053,0.32448037,0.025921659,0.176843318,0.41359447,0.169354839,0.20218894,0.09729064,0.210591133,0.536945813,0.179802956,0.185960591,0.128292532,0.142547258,0.496436319,0.148435079,0.120855284,Wheat,Yes,No,Yes,4,6.537268639,24.44252777
552,,KAT_HAB_4,7/16/24,64,23,41,27,1679,840,839,0.038117927,0.0488677,0.027380952,,91,29,2024,0.154285714,58.12857143,68.84285714,79.57142857,60.58571429,0.311428571,16.42714286,0.308840413,0.001148106,0.382319173,0.211251435,0.347876005,0.273484631,0.016949153,0.341568515,0.267739155,0.318012065,0.39378882,0.014906832,0.431055901,0.171428571,0.149068323,0.272614237,0.062480572,0.356854212,0.232514765,0.156978551,Silage Corn,Yes,Yes,Yes,5,5.97060585,22.10969543
553,,WIS_COO,7/16/24,27,12,15,0,698,418,280,0.038681948,0.053571429,0.028708134,,27,29,2024,0.317142857,62.62857143,73.61428571,84.6,63.98571429,0.802857143,19.43142857,0.147295742,0.01150748,0.261219793,0.155350978,0.554660529,0.12056533,0.062013268,0.246899337,0.26910874,0.434092876,0.259119497,0.030188679,0.472955975,0.113207547,0.364779874,0.21799308,0.02327776,0.359547027,0.235923246,0.304183706,Silage Corn,No,Yes,No,5,5.968518734,24.17316246
554,,WIS_KEN,7/16/24,1,1,0,0,482,265,217,0.002074689,0,0.003773585,,1,29,2024,0.238571429,65.17142857,76.85714286,88.52857143,66.21428571,0.902857143,23.93857143,0.002309469,0.003464203,0.263279446,0.307159353,0.033487298,0.001443418,0.001443418,0.116628176,0.288972286,0.026270208,0,0.002525253,0.093434343,0.321969697,0.178030303,0.000314564,0.000629129,0.037118591,0.278074866,0.104435357,"Field Corn, Tomato, Squash",Yes,No,Yes,4,5.452927113,13.98438168
555,,WIS_COO_2,7/16/24,41,18,23,1,629,362,267,0.06518283,0.086142322,0.049723757,,42,29,2024,0.337142857,62.38571429,73.64285714,84.92857143,64.07142857,0.714285714,19.80428571,0.062355658,0.001154734,0.124711316,0.121247113,0.66743649,0.076479076,0.031168831,0.223376623,0.265512266,0.44992785,0.025188917,0.001259446,0.256926952,0.080604534,0.428211587,0.084091622,0.003765297,0.279573266,0.239723878,0.309381864,Silage Corn,No,Yes,No,5,5.539158821,23.32694054
556,,STA_THO,7/16/24,42,14,28,0,1163,622,541,0.0361135,0.051756007,0.022508039,,42,29,2024,0.207142857,61.84285714,72.12857143,82.4,62.32857143,1.115714286,18.74571429,0.384792627,0.074884793,0.517281106,0.054147465,0.299539171,0.291402193,0.045008656,0.362088863,0.239469129,0.27034045,0.180024661,0.257706535,0.605425401,0.051787916,0.141800247,0.159692308,0.199076923,0.472923077,0.220307692,0.138769231,Grain Corn,No,No,No,3,6.241055012,20.55567551
557,,KAT_JEF_2,7/16/24,12,4,8,2,601,276,325,0.019966722,0.024615385,0.014492754,,14,29,2024,0.132857143,57.25714286,68.67142857,80.07142857,60.84285714,0.13,16.63714286,0.116225547,0,0.150747986,0.415420023,0.355581128,0.093291103,0.000575871,0.113446588,0.561186294,0.274978405,0.103362391,0.01120797,0.138231631,0.388542964,0.216687422,0.0917603,0.007490637,0.117977528,0.527777778,0.176029963,Silage Corn,No,Yes,Yes,5,6.26295042,37.54327011
558,,SMI_JOH,7/16/24,0,0,0,0,346,225,121,0,0,0,,0,29,2024,0.304285714,61.05714286,72.28571429,83.48571429,62.38571429,0.761428571,19.75,0.284890427,0.001153403,0.327566321,0.332179931,0.277970012,0.23881028,0.000577534,0.254692463,0.409182789,0.276349986,0.236679058,0.080545229,0.436183395,0.262701363,0.182156134,0.152495379,0.125385089,0.345964264,0.359519409,0.178989526,Silage Corn,No,Yes,Yes,5,6.416008472,24.34096146
559,,KAT_JEF,7/16/24,0,0,0,0,319,174,145,0,0,0,,0,29,2024,0.108571429,57.08571429,68.62857143,80.14285714,60.64285714,0.148571429,16.81857143,0.067816092,0,0.08045977,0.456321839,0.390804598,0.049539171,0,0.053859447,0.43375576,0.387384793,0.08135169,0,0.082603254,0.4718398,0.202753442,0.056697819,0.001557632,0.070093458,0.415576324,0.204049844,Silage Corn,No,Yes,Yes,5,5.586032867,22.36896324
560,,KAT_HAB_3,7/16/24,98,7,91,9,873,374,499,0.112256586,0.182364729,0.018716578,,107,29,2024,0.114285714,59.71428571,70.4,81.1,61.24285714,0.518571429,17.79428571,0.274712644,0.066666667,0.51954023,0.137931034,0.256321839,0.158561151,0.099856115,0.331510791,0.357985612,0.210647482,0.31552795,0.217391304,0.572670807,0.070807453,0.144099379,0.225465839,0.07484472,0.333229814,0.310248447,0.113975155,Soybean,No,No,Yes,5,6.10185194,27.97481728
561,,STA_AYR,7/16/24,11,7,4,0,976,585,391,0.011270492,0.010230179,0.011965812,,11,29,2024,0.282857143,62.02857143,72.22857143,82.42857143,62.1,1.307142857,18.96428571,0.277522936,0.058486239,0.415137615,0.365825688,0.152522936,0.148617512,0.030817972,0.270737327,0.495679724,0.171947005,0.079110012,0.242274413,0.470951792,0.327564895,0.132262052,0.071560765,0.175817397,0.313386798,0.482109809,0.11967921,Soybean,No,No,Yes,3,6.536432266,34.06747055
562,,DEG_DIE_HILL,7/22/24,23,9,14,7,863,395,468,0.026651217,0.02991453,0.02278481,,30,30,2024,0.172857143,56.87142857,67.51428571,78.14285714,58.82857143,0.205714286,15.81571429,0.188439306,0.301734104,0.576878613,0.050867052,0.306358382,0.166233766,0.07965368,0.285714286,0.207503608,0.267243867,0.367119901,0.007416564,0.597033375,0.044499382,0.171817058,0.149689441,0.003416149,0.311490683,0.196583851,0.186024845,Grain Corn,Yes,No,No,5,6.039941311,24.28417015
563,,DEG_VIL,7/22/24,16,12,4,1,1155,657,498,0.013852814,0.008032129,0.01826484,,17,30,2024,0.162857143,58.01428571,68.42857143,78.84285714,58.95714286,0.462857143,16.57857143,0.548498845,0.026558891,0.595842956,0.162817552,0.118937644,0.275981524,0.040415704,0.380773672,0.259526559,0.213337182,0.558312655,0.023573201,0.601736973,0.096774194,0.129032258,0.309361438,0.013949163,0.432114073,0.210477371,0.140111593,Grain Corn,No,No,Yes,5,6.654009819,18.75856018
564,,DEG_FOU_WOOD,7/22/24,75,13,62,14,1408,694,714,0.053267045,0.086834734,0.018731988,,89,30,2024,0.164285714,56.92857143,67.65714286,78.35714286,58.64285714,0.294285714,16.05,0.339491917,0,0.451501155,0.061200924,0.387990762,0.245086705,0.01416185,0.34017341,0.210115607,0.378034682,0.42039801,0.002487562,0.508706468,0.031094527,0.19278607,0.307001239,0.002168525,0.413568773,0.190520446,0.173482032,Silage Corn,Yes,Yes,No,5,5.715062618,20.57002831
565,,DEG_PER_STRIP,7/22/24,85,14,71,55,2048,1016,1032,0.041503906,0.06879845,0.013779528,,140,30,2024,0.162857143,57.05714286,67.54285714,78.01428571,58.88571429,0.247142857,15.54,0.170310702,0.193325662,0.449942463,0.126582278,0.372842348,0.233919815,0.073262186,0.366310932,0.344101529,0.235938852,0.238509317,0.070807453,0.57515528,0.114285714,0.182608696,0.219398822,0.038735668,0.408738767,0.320111559,0.138518748,Grain Corn,Yes,No,No,5,5.993263245,23.35876274
566,,SMI_JOH,7/23/24,1,1,0,0,346,225,121,0.002890173,0,0.004444444,,1,30,2024,0.052857143,60.01428571,70.44285714,80.9,60.61428571,0.662857143,17.93285714,0.284890427,0.001153403,0.327566321,0.332179931,0.277970012,0.23881028,0.000577534,0.254692463,0.409182789,0.276349986,0.236679058,0.080545229,0.436183395,0.262701363,0.182156134,0.152495379,0.125385089,0.345964264,0.359519409,0.178989526,Silage Corn,No,Yes,Yes,5,6.416008472,24.34096146
567,,POV_DUN,7/23/24,0,0,0,0,52,26,26,0,0,0,,0,30,2024,0.367142857,57.38571429,69.07142857,80.74285714,59.1,0.414285714,19.05571429,0.002304147,0,0.002304147,0.495391705,0.411290323,0.000577367,0,0.000866051,0.529734411,0.329099307,0.00248139,0.001240695,0.009925558,0.482630273,0.333746898,0.002804612,0.001246494,0.031785603,0.479588657,0.272982237,Silage Corn,No,No,No,4,5.781182766,20.7029171
568,,KAT_HAB_4,7/23/24,72,21,51,14,1679,840,839,0.042882668,0.060786651,0.025,,86,30,2024,0.121428571,57.38571429,68.5,79.58571429,58.74285714,0.544285714,18.15857143,0.308840413,0.001148106,0.382319173,0.211251435,0.347876005,0.273484631,0.016949153,0.341568515,0.267739155,0.318012065,0.39378882,0.014906832,0.431055901,0.171428571,0.149068323,0.272614237,0.062480572,0.356854212,0.232514765,0.156978551,Silage Corn,Yes,Yes,Yes,5,5.97060585,22.10969543
569,,STA_THO,7/23/24,46,16,30,7,1163,622,541,0.03955288,0.055452865,0.025723473,,53,30,2024,0.022857143,60.52857143,71.24285714,81.97142857,60.71428571,0.998571429,19.94,0.384792627,0.074884793,0.517281106,0.054147465,0.299539171,0.291402193,0.045008656,0.362088863,0.239469129,0.27034045,0.180024661,0.257706535,0.605425401,0.051787916,0.141800247,0.159692308,0.199076923,0.472923077,0.220307692,0.138769231,Grain Corn,No,No,No,3,6.241055012,20.55567551
570,,STA_AYR,7/23/24,22,0,22,1,976,585,391,0.022540984,0.056265985,0,,23,30,2024,0.005714286,60.62857143,71.25714286,81.88571429,60.5,1.138571429,19.91714286,0.277522936,0.058486239,0.415137615,0.365825688,0.152522936,0.148617512,0.030817972,0.270737327,0.495679724,0.171947005,0.079110012,0.242274413,0.470951792,0.327564895,0.132262052,0.071560765,0.175817397,0.313386798,0.482109809,0.11967921,Soybean,No,No,Yes,3,6.536432266,34.06747055
571,,ZUE_REE,7/23/24,14,3,11,4,3170,1801,1369,0.004416404,0.008035062,0.001665741,,18,30,2024,0.062857143,63.18571429,72.47142857,81.78571429,60.41428571,2.267142857,19.91857143,0.023094688,0.123556582,0.407621247,0.199769053,0.32448037,0.025921659,0.176843318,0.41359447,0.169354839,0.20218894,0.09729064,0.210591133,0.536945813,0.179802956,0.185960591,0.128292532,0.142547258,0.496436319,0.148435079,0.120855284,Wheat,Yes,No,Yes,4,6.537268639,24.44252777
572,,WIS_KEN,7/23/24,3,2,1,0,482,265,217,0.006224066,0.004608295,0.00754717,,3,30,2024,0.042857143,62.78571429,72.77142857,82.77142857,63.42857143,0.787142857,18.72,0.002309469,0.003464203,0.263279446,0.307159353,0.033487298,0.001443418,0.001443418,0.116628176,0.288972286,0.026270208,0,0.002525253,0.093434343,0.321969697,0.178030303,0.000314564,0.000629129,0.037118591,0.278074866,0.104435357,"Field Corn, Tomato, Squash",Yes,No,Yes,4,5.452927113,13.98438168
573,,DIP_PAT,7/23/24,44,9,35,10,2204,1209,995,0.019963702,0.035175879,0.007444169,,54,30,2024,0.02,62.15714286,72,81.8,61.28571429,1.254285714,19.22571429,0.384704519,0.004634994,0.475086906,0.361529548,0.162224797,0.356132756,0.004617605,0.638961039,0.172005772,0.148051948,0.388337469,0.023573201,0.549627792,0.339950372,0.054590571,0.256710892,0.140080222,0.721382289,0.14594261,0.053687134,Silage Corn,Yes,Yes,No,5,6.454941273,26.51252174
574,,KAT_HAB_3,7/23/24,22,11,11,5,873,374,499,0.025200458,0.022044088,0.029411765,,27,30,2024,0.092857143,58.7,69.67142857,80.67142857,59.38571429,0.794285714,19.37,0.274712644,0.066666667,0.51954023,0.137931034,0.256321839,0.158561151,0.099856115,0.331510791,0.357985612,0.210647482,0.31552795,0.217391304,0.572670807,0.070807453,0.144099379,0.225465839,0.07484472,0.333229814,0.310248447,0.113975155,Soybean,No,No,Yes,5,6.10185194,27.97481728
575,,KAT_JEF,7/23/24,1,0,1,0,319,174,145,0.003134796,0.006896552,0,,1,30,2024,0.212857143,56.21428571,68.21428571,80.22857143,58.74285714,0.194285714,19.32142857,0.067816092,0,0.08045977,0.456321839,0.390804598,0.049539171,0,0.053859447,0.43375576,0.387384793,0.08135169,0,0.082603254,0.4718398,0.202753442,0.056697819,0.001557632,0.070093458,0.415576324,0.204049844,Silage Corn,No,Yes,Yes,5,5.586032867,22.36896324
576,,DIP_FLE,7/23/24,40,14,26,31,1196,650,546,0.033444816,0.047619048,0.021538462,,71,30,2024,0.155714286,59.98571429,69.87142857,79.77142857,60.4,0.745714286,16.74857143,0.412918108,0.002306805,0.519031142,0.228373702,0.193771626,0.268686869,0.002020202,0.550649351,0.171139971,0.220779221,0.4622057,0.002478315,0.566294919,0.194547708,0.168525403,0.302484472,0.005590062,0.604658385,0.145652174,0.12173913,Silage Corn,No,No,No,5,6.317162514,28.22133827
577,,WIS_COO,7/23/24,43,16,27,5,698,418,280,0.061604585,0.096428571,0.038277512,,48,30,2024,0.015714286,61.38571429,70.45714286,79.5,61.57142857,0.98,15.55,0.147295742,0.01150748,0.261219793,0.155350978,0.554660529,0.12056533,0.062013268,0.246899337,0.26910874,0.434092876,0.259119497,0.030188679,0.472955975,0.113207547,0.364779874,0.21799308,0.02327776,0.359547027,0.235923246,0.304183706,Silage Corn,No,Yes,No,5,5.968518734,24.17316246
578,,DIP_CUR,7/23/24,21,15,6,1,2105,1222,883,0.009976247,0.006795017,0.012274959,,22,30,2024,0.448571429,56.52857143,67.78571429,79.01428571,58.27142857,0.737142857,16.42857143,0.110982659,0.038150289,0.322543353,0.174566474,0.419653179,0.240762125,0.114896074,0.484411085,0.204099307,0.247113164,0.38875,0.0075,0.555,0.13875,0.155,0.308626596,0.06944877,0.54936157,0.164123326,0.143880411,Silage Corn,No,Yes,Yes,4,5.927192211,18.15420723
579,,WIS_COO_2,7/23/24,6,2,4,0,629,362,267,0.009538951,0.014981273,0.005524862,,6,30,2024,0.015714286,61.31428571,70.62857143,79.94285714,61.68571429,0.975714286,16.05428571,0.062355658,0.001154734,0.124711316,0.121247113,0.66743649,0.076479076,0.031168831,0.223376623,0.265512266,0.44992785,0.025188917,0.001259446,0.256926952,0.080604534,0.428211587,0.084091622,0.003765297,0.279573266,0.239723878,0.309381864,Silage Corn,No,Yes,No,5,5.539158821,23.32694054
580,,SEA_HOO,7/26/24,4,2,2,0,723,356,367,0.005532503,0.005449591,0.005617978,,4,30,2024,0.017142857,60.58571429,70.64285714,80.67142857,59.2,1.304285714,19.35714286,0.105324074,0.268518519,0.631944444,0.091435185,0.189814815,0.135969977,0.272517321,0.67147806,0.089203233,0.174942263,0.194029851,0.133084577,0.741293532,0.093283582,0.039800995,0.233983287,0.179510987,0.787681832,0.082017951,0.042092232,Sweet Corn,Yes,Yes,Yes,4,6.488575935,26.25037003
581,,DEG_DIE_HILL,7/29/24,10,2,8,3,863,395,468,0.011587486,0.017094017,0.005063291,,13,31,2024,0.145714286,63.45714286,72.71428571,81.98571429,65.17142857,0.448571429,15.75428571,0.188439306,0.301734104,0.576878613,0.050867052,0.306358382,0.166233766,0.07965368,0.285714286,0.207503608,0.267243867,0.367119901,0.007416564,0.597033375,0.044499382,0.171817058,0.149689441,0.003416149,0.311490683,0.196583851,0.186024845,Grain Corn,Yes,No,No,5,6.039941311,24.28417015
582,,SMI_JOH,7/29/24,0,0,0,0,346,225,121,0,0,0,,0,31,2024,0.187142857,66.31428571,76.21428571,86.11428571,66.45714286,1.098571429,20.78571429,0.284890427,0.001153403,0.327566321,0.332179931,0.277970012,0.23881028,0.000577534,0.254692463,0.409182789,0.276349986,0.236679058,0.080545229,0.436183395,0.262701363,0.182156134,0.152495379,0.125385089,0.345964264,0.359519409,0.178989526,Silage Corn,No,Yes,Yes,5,6.416008472,24.34096146
583,,KAT_JEF,7/29/24,0,0,0,0,319,174,145,0,0,0,,0,31,2024,0.224285714,63.17142857,73.15714286,83.18571429,66.07142857,0.052857143,17.33714286,0.067816092,0,0.08045977,0.456321839,0.390804598,0.049539171,0,0.053859447,0.43375576,0.387384793,0.08135169,0,0.082603254,0.4718398,0.202753442,0.056697819,0.001557632,0.070093458,0.415576324,0.204049844,Silage Corn,No,Yes,Yes,5,5.586032867,22.36896324
584,,KAT_JEF_2,7/29/24,8,1,7,0,601,276,325,0.013311148,0.021538462,0.003623188,,8,31,2024,0.222857143,63.42857143,73.21428571,82.98571429,66.28571429,0.057142857,17.01428571,0.116225547,0,0.150747986,0.415420023,0.355581128,0.093291103,0.000575871,0.113446588,0.561186294,0.274978405,0.103362391,0.01120797,0.138231631,0.388542964,0.216687422,0.0917603,0.007490637,0.117977528,0.527777778,0.176029963,Silage Corn,No,Yes,Yes,5,6.26295042,37.54327011
585,,KAT_HAB_4,7/29/24,39,13,26,41,1679,840,839,0.023228112,0.030989273,0.01547619,,80,31,2024,0.207142857,64.62857143,73.57142857,82.5,66.17142857,0.39,16.41,0.308840413,0.001148106,0.382319173,0.211251435,0.347876005,0.273484631,0.016949153,0.341568515,0.267739155,0.318012065,0.39378882,0.014906832,0.431055901,0.171428571,0.149068323,0.272614237,0.062480572,0.356854212,0.232514765,0.156978551,Silage Corn,Yes,Yes,Yes,5,5.97060585,22.10969543
586,,DEG_PER_STRIP,7/29/24,58,23,35,8,2048,1016,1032,0.028320313,0.033914729,0.022637795,,66,31,2024,0.155714286,63.7,72.8,81.85714286,65.3,0.521428571,15.45571429,0.170310702,0.193325662,0.449942463,0.126582278,0.372842348,0.233919815,0.073262186,0.366310932,0.344101529,0.235938852,0.238509317,0.070807453,0.57515528,0.114285714,0.182608696,0.219398822,0.038735668,0.408738767,0.320111559,0.138518748,Grain Corn,Yes,No,No,5,5.993263245,23.35876274
587,,KAT_HAB_3,7/29/24,32,12,20,7,873,374,499,0.036655212,0.04008016,0.032085561,,39,31,2024,0.144285714,65.85714286,74.91428571,83.95714286,66.8,0.582857143,18.02142857,0.274712644,0.066666667,0.51954023,0.137931034,0.256321839,0.158561151,0.099856115,0.331510791,0.357985612,0.210647482,0.31552795,0.217391304,0.572670807,0.070807453,0.144099379,0.225465839,0.07484472,0.333229814,0.310248447,0.113975155,Soybean,No,No,Yes,5,6.10185194,27.97481728
588,,DEG_FOU_WOOD,7/29/24,20,8,12,2,1408,694,714,0.014204545,0.016806723,0.011527378,,22,31,2024,0.195714286,63.48571429,72.68571429,81.84285714,65.11428571,0.564285714,15.55142857,0.339491917,0,0.451501155,0.061200924,0.387990762,0.245086705,0.01416185,0.34017341,0.210115607,0.378034682,0.42039801,0.002487562,0.508706468,0.031094527,0.19278607,0.307001239,0.002168525,0.413568773,0.190520446,0.173482032,Silage Corn,Yes,Yes,No,5,5.715062618,20.57002831
589,,DEG_VIL,7/29/24,10,4,6,1,1155,657,498,0.008658009,0.012048193,0.00608828,,11,31,2024,0.137142857,64.47142857,73.62857143,82.81428571,65.37142857,0.724285714,16.61,0.548498845,0.026558891,0.595842956,0.162817552,0.118937644,0.275981524,0.040415704,0.380773672,0.259526559,0.213337182,0.558312655,0.023573201,0.601736973,0.096774194,0.129032258,0.309361438,0.013949163,0.432114073,0.210477371,0.140111593,Grain Corn,No,No,Yes,5,6.654009819,18.75856018
590,,WIS_COO_2,7/30/24,34,15,19,3,629,362,267,0.054054054,0.071161049,0.041436464,,37,31,2024,0.285714286,66.72857143,75.24285714,83.75714286,67.67142857,0.678571429,15.99857143,0.062355658,0.001154734,0.124711316,0.121247113,0.66743649,0.076479076,0.031168831,0.223376623,0.265512266,0.44992785,0.025188917,0.001259446,0.256926952,0.080604534,0.428211587,0.084091622,0.003765297,0.279573266,0.239723878,0.309381864,Silage Corn,No,Yes,No,5,5.539158821,23.32694054
591,,WIS_COO,7/30/24,4,1,3,1,698,418,280,0.005730659,0.010714286,0.002392344,,5,31,2024,0.305714286,66.94285714,75.11428571,83.34285714,67.48571429,0.781428571,15.61285714,0.147295742,0.01150748,0.261219793,0.155350978,0.554660529,0.12056533,0.062013268,0.246899337,0.26910874,0.434092876,0.259119497,0.030188679,0.472955975,0.113207547,0.364779874,0.21799308,0.02327776,0.359547027,0.235923246,0.304183706,Silage Corn,No,Yes,No,5,5.968518734,24.17316246
592,,DIP_FLE,7/30/24,31,3,28,8,1196,650,546,0.025919732,0.051282051,0.004615385,,39,31,2024,0.17,66.78571429,74.81428571,82.85714286,66.94285714,0.951428571,15.42142857,0.412918108,0.002306805,0.519031142,0.228373702,0.193771626,0.268686869,0.002020202,0.550649351,0.171139971,0.220779221,0.4622057,0.002478315,0.566294919,0.194547708,0.168525403,0.302484472,0.005590062,0.604658385,0.145652174,0.12173913,Silage Corn,No,No,No,5,6.317162514,28.22133827
593,,DIP_CUR,7/30/24,45,20,25,7,2105,1222,883,0.021377672,0.028312571,0.016366612,,52,31,2024,0.375714286,63.31428571,72.77142857,82.21428571,64.85714286,1.131428571,15.75857143,0.110982659,0.038150289,0.322543353,0.174566474,0.419653179,0.240762125,0.114896074,0.484411085,0.204099307,0.247113164,0.38875,0.0075,0.555,0.13875,0.155,0.308626596,0.06944877,0.54936157,0.164123326,0.143880411,Silage Corn,No,Yes,Yes,4,5.927192211,18.15420723
594,,WIS_KEN,7/30/24,3,0,3,0,482,265,217,0.006224066,0.013824885,0,,3,31,2024,0.204285714,68.75714286,78.15714286,87.54285714,69.04285714,0.95,20.59857143,0.002309469,0.003464203,0.263279446,0.307159353,0.033487298,0.001443418,0.001443418,0.116628176,0.288972286,0.026270208,0,0.002525253,0.093434343,0.321969697,0.178030303,0.000314564,0.000629129,0.037118591,0.278074866,0.104435357,"Field Corn, Tomato, Squash",Yes,No,Yes,4,5.452927113,13.98438168
595,,ZUE_REE,7/30/24,10,1,9,0,3170,1801,1369,0.003154574,0.006574142,0.000555247,,10,31,2024,0.138571429,68.37142857,76.74285714,85.1,67.17142857,1.9,18.94857143,0.023094688,0.123556582,0.407621247,0.199769053,0.32448037,0.025921659,0.176843318,0.41359447,0.169354839,0.20218894,0.09729064,0.210591133,0.536945813,0.179802956,0.185960591,0.128292532,0.142547258,0.496436319,0.148435079,0.120855284,Wheat,Yes,No,Yes,4,6.537268639,24.44252777
596,,STA_AYR,7/30/24,2,1,1,0,976,585,391,0.00204918,0.002557545,0.001709402,,2,31,2024,0.14,67.08571429,76.07142857,85.04285714,67.4,1.102857143,18.49,0.277522936,0.058486239,0.415137615,0.365825688,0.152522936,0.148617512,0.030817972,0.270737327,0.495679724,0.171947005,0.079110012,0.242274413,0.470951792,0.327564895,0.132262052,0.071560765,0.175817397,0.313386798,0.482109809,0.11967921,Soybean,No,No,Yes,3,6.536432266,34.06747055
597,,DIP_PAT,7/30/24,1,0,1,0,2204,1209,995,0.000453721,0.001005025,0,,1,31,2024,0.135714286,67.98571429,76.58571429,85.15714286,67.62857143,1.404285714,18.27142857,0.384704519,0.004634994,0.475086906,0.361529548,0.162224797,0.356132756,0.004617605,0.638961039,0.172005772,0.148051948,0.388337469,0.023573201,0.549627792,0.339950372,0.054590571,0.256710892,0.140080222,0.721382289,0.14594261,0.053687134,Silage Corn,Yes,Yes,No,5,6.454941273,26.51252174
598,,POV_DUN,7/30/24,6,1,5,0,52,26,26,0.115384615,0.192307692,0.038461538,,6,31,2024,0.271428571,64.24285714,74.12857143,84,65.78571429,0.685714286,18.1,0.002304147,0,0.002304147,0.495391705,0.411290323,0.000577367,0,0.000866051,0.529734411,0.329099307,0.00248139,0.001240695,0.009925558,0.482630273,0.333746898,0.002804612,0.001246494,0.031785603,0.479588657,0.272982237,Silage Corn,No,No,No,4,5.781182766,20.7029171
599,,KAT_JEF,8/5/24,0,0,0,0,319,174,145,0,0,0,,0,32,2024,0.201428571,59.7,68.8,77.88571429,63,0.278571429,12.27571429,0.067816092,0,0.08045977,0.456321839,0.390804598,0.049539171,0,0.053859447,0.43375576,0.387384793,0.08135169,0,0.082603254,0.4718398,0.202753442,0.056697819,0.001557632,0.070093458,0.415576324,0.204049844,Silage Corn,No,Yes,Yes,5,5.586032867,22.36896324
600,,KAT_HAB_4,8/5/24,19,3,16,7,1679,840,839,0.01131626,0.019070322,0.003571429,,26,32,2024,0.185714286,59.61428571,68.52857143,77.44285714,62.4,0.371428571,12.43142857,0.308840413,0.001148106,0.382319173,0.211251435,0.347876005,0.273484631,0.016949153,0.341568515,0.267739155,0.318012065,0.39378882,0.014906832,0.431055901,0.171428571,0.149068323,0.272614237,0.062480572,0.356854212,0.232514765,0.156978551,Silage Corn,Yes,Yes,Yes,5,5.97060585,22.10969543
601,,DEG_FOU_WOOD,8/5/24,12,5,7,5,1408,694,714,0.008522727,0.009803922,0.007204611,,17,32,2024,0.402857143,58.32857143,66.9,75.5,62.07142857,0.365714286,10.37428571,0.339491917,0,0.451501155,0.061200924,0.387990762,0.245086705,0.01416185,0.34017341,0.210115607,0.378034682,0.42039801,0.002487562,0.508706468,0.031094527,0.19278607,0.307001239,0.002168525,0.413568773,0.190520446,0.173482032,Silage Corn,Yes,Yes,No,5,5.715062618,20.57002831
602,,DEG_DIE_HILL,8/5/24,8,5,3,3,863,395,468,0.009269988,0.006410256,0.012658228,,11,32,2024,0.501428571,58.51428571,67,75.47142857,61.95714286,0.47,10.51714286,0.188439306,0.301734104,0.576878613,0.050867052,0.306358382,0.166233766,0.07965368,0.285714286,0.207503608,0.267243867,0.367119901,0.007416564,0.597033375,0.044499382,0.171817058,0.149689441,0.003416149,0.311490683,0.196583851,0.186024845,Grain Corn,Yes,No,No,5,6.039941311,24.28417015
603,,KAT_JEF_2,8/5/24,0,0,0,0,601,276,325,0,0,0,,0,32,2024,0.217142857,59.7,68.75714286,77.82857143,63.02857143,0.27,12.15857143,0.116225547,0,0.150747986,0.415420023,0.355581128,0.093291103,0.000575871,0.113446588,0.561186294,0.274978405,0.103362391,0.01120797,0.138231631,0.388542964,0.216687422,0.0917603,0.007490637,0.117977528,0.527777778,0.176029963,Silage Corn,No,Yes,Yes,5,6.26295042,37.54327011
604,,KAT_HAB_3,8/5/24,40,19,21,33,873,374,499,0.045819015,0.042084168,0.050802139,,73,32,2024,0.215714286,60.84285714,70.04285714,79.21428571,62.75714286,0.638571429,13.72857143,0.274712644,0.066666667,0.51954023,0.137931034,0.256321839,0.158561151,0.099856115,0.331510791,0.357985612,0.210647482,0.31552795,0.217391304,0.572670807,0.070807453,0.144099379,0.225465839,0.07484472,0.333229814,0.310248447,0.113975155,Soybean,No,No,Yes,5,6.10185194,27.97481728
605,,DEG_VIL,8/5/24,33,12,21,0,1155,657,498,0.028571429,0.042168675,0.01826484,,33,32,2024,0.428571429,58.94285714,67.48571429,76.04285714,62,0.515714286,11.16285714,0.548498845,0.026558891,0.595842956,0.162817552,0.118937644,0.275981524,0.040415704,0.380773672,0.259526559,0.213337182,0.558312655,0.023573201,0.601736973,0.096774194,0.129032258,0.309361438,0.013949163,0.432114073,0.210477371,0.140111593,Grain Corn,No,No,Yes,5,6.654009819,18.75856018
606,,ZUE_REE,8/6/24,31,0,31,2,3170,1801,1369,0.00977918,0.022644266,0,,33,32,2024,0.46,63.51428571,71.15714286,78.81428571,62.9,1.525714286,14.13,0.023094688,0.123556582,0.407621247,0.199769053,0.32448037,0.025921659,0.176843318,0.41359447,0.169354839,0.20218894,0.09729064,0.210591133,0.536945813,0.179802956,0.185960591,0.128292532,0.142547258,0.496436319,0.148435079,0.120855284,Wheat,Yes,No,Yes,4,6.537268639,24.44252777
607,,SEA_HOO,8/6/24,0,0,0,0,723,356,367,0,0,0,,0,32,2024,0.592857143,62.6,70.14285714,77.67142857,62.57142857,1.234285714,12.83571429,0.105324074,0.268518519,0.631944444,0.091435185,0.189814815,0.135969977,0.272517321,0.67147806,0.089203233,0.174942263,0.194029851,0.133084577,0.741293532,0.093283582,0.039800995,0.233983287,0.179510987,0.787681832,0.082017951,0.042092232,Sweet Corn,Yes,Yes,Yes,4,6.488575935,26.25037003
608,,DIP_PAT,8/6/24,0,0,0,0,2204,1209,995,0,0,0,,0,32,2024,0.407142857,62.57142857,70.58571429,78.61428571,63.57142857,0.971428571,13.27428571,0.384704519,0.004634994,0.475086906,0.361529548,0.162224797,0.356132756,0.004617605,0.638961039,0.172005772,0.148051948,0.388337469,0.023573201,0.549627792,0.339950372,0.054590571,0.256710892,0.140080222,0.721382289,0.14594261,0.053687134,Silage Corn,Yes,Yes,No,5,6.454941273,26.51252174
609,,POV_DUN,8/6/24,0,0,0,0,52,26,26,0,0,0,,0,32,2024,0.395714286,59.82857143,68.87142857,77.92857143,62.57142857,0.557142857,12.96714286,0.002304147,0,0.002304147,0.495391705,0.411290323,0.000577367,0,0.000866051,0.529734411,0.329099307,0.00248139,0.001240695,0.009925558,0.482630273,0.333746898,0.002804612,0.001246494,0.031785603,0.479588657,0.272982237,Silage Corn,No,No,No,4,5.781182766,20.7029171
610,,WIS_KEN,8/6/24,7,5,2,0,482,265,217,0.014522822,0.00921659,0.018867925,,7,32,2024,0.395714286,64.37142857,72.25714286,80.15714286,66.47142857,0.594285714,13.07285714,0.002309469,0.003464203,0.263279446,0.307159353,0.033487298,0.001443418,0.001443418,0.116628176,0.288972286,0.026270208,0,0.002525253,0.093434343,0.321969697,0.178030303,0.000314564,0.000629129,0.037118591,0.278074866,0.104435357,"Field Corn, Tomato, Squash",Yes,No,Yes,4,5.452927113,13.98438168
611,,WIS_COO_2,8/6/24,8,6,2,5,629,362,267,0.012718601,0.007490637,0.016574586,,13,32,2024,0.375714286,61.94285714,69.64285714,77.32857143,64.4,0.541428571,10.96,0.062355658,0.001154734,0.124711316,0.121247113,0.66743649,0.076479076,0.031168831,0.223376623,0.265512266,0.44992785,0.025188917,0.001259446,0.256926952,0.080604534,0.428211587,0.084091622,0.003765297,0.279573266,0.239723878,0.309381864,Silage Corn,No,Yes,No,5,5.539158821,23.32694054
612,,DIP_CUR,8/6/24,12,4,8,0,2105,1222,883,0.005700713,0.009060023,0.003273322,,12,32,2024,0.341428571,58.98571429,67.5,76,61.47142857,1.118571429,11.00857143,0.110982659,0.038150289,0.322543353,0.174566474,0.419653179,0.240762125,0.114896074,0.484411085,0.204099307,0.247113164,0.38875,0.0075,0.555,0.13875,0.155,0.308626596,0.06944877,0.54936157,0.164123326,0.143880411,Silage Corn,No,Yes,Yes,4,5.927192211,18.15420723
613,,SMI_JOH,8/6/24,0,0,0,0,346,225,121,0,0,0,,0,32,2024,0.557142857,59.92857143,69.24285714,78.57142857,62.88571429,0.345714286,13.57285714,0.284890427,0.001153403,0.327566321,0.332179931,0.277970012,0.23881028,0.000577534,0.254692463,0.409182789,0.276349986,0.236679058,0.080545229,0.436183395,0.262701363,0.182156134,0.152495379,0.125385089,0.345964264,0.359519409,0.178989526,Silage Corn,No,Yes,Yes,5,6.416008472,24.34096146
614,,DIP_FLE,8/6/24,49,11,38,4,1196,650,546,0.0409699,0.06959707,0.016923077,,53,32,2024,0.464285714,62.32857143,69.75714286,77.15714286,63.41428571,0.8,11.32142857,0.412918108,0.002306805,0.519031142,0.228373702,0.193771626,0.268686869,0.002020202,0.550649351,0.171139971,0.220779221,0.4622057,0.002478315,0.566294919,0.194547708,0.168525403,0.302484472,0.005590062,0.604658385,0.145652174,0.12173913,Silage Corn,No,No,No,5,6.317162514,28.22133827
615,,STA_THO,8/7/24,8,4,4,2,1163,622,541,0.006878762,0.007393715,0.006430868,,10,32,2024,0.228571429,61.71428571,70.38571429,79.05714286,62.88571429,0.887142857,14.52285714,0.384792627,0.074884793,0.517281106,0.054147465,0.299539171,0.291402193,0.045008656,0.362088863,0.239469129,0.27034045,0.180024661,0.257706535,0.605425401,0.051787916,0.141800247,0.159692308,0.199076923,0.472923077,0.220307692,0.138769231,Grain Corn,No,No,No,3,6.241055012,20.55567551
616,,KAT_JEF,8/12/24,1,1,0,0,319,174,145,0.003134796,0,0.005747126,,1,33,2024,0.195714286,56.18571429,66.78571429,77.38571429,59.37142857,0.114285714,15.07571429,0.067816092,0,0.08045977,0.456321839,0.390804598,0.049539171,0,0.053859447,0.43375576,0.387384793,0.08135169,0,0.082603254,0.4718398,0.202753442,0.056697819,0.001557632,0.070093458,0.415576324,0.204049844,Silage Corn,No,Yes,Yes,5,5.586032867,22.36896324
617,,KAT_HAB_3,8/12/24,26,11,15,31,873,374,499,0.02978236,0.03006012,0.029411765,,57,33,2024,0.272857143,58.65714286,68.52857143,78.42857143,59.9,0.531428571,16.16714286,0.274712644,0.066666667,0.51954023,0.137931034,0.256321839,0.158561151,0.099856115,0.331510791,0.357985612,0.210647482,0.31552795,0.217391304,0.572670807,0.070807453,0.144099379,0.225465839,0.07484472,0.333229814,0.310248447,0.113975155,Soybean,No,No,Yes,5,6.10185194,27.97481728
618,,DEG_DIE_HILL,8/12/24,5,1,4,1,863,395,468,0.005793743,0.008547009,0.002531646,,6,33,2024,0.042857143,54.85714286,64.84285714,74.82857143,57.75714286,0.418571429,13.18571429,0.188439306,0.301734104,0.576878613,0.050867052,0.306358382,0.166233766,0.07965368,0.285714286,0.207503608,0.267243867,0.367119901,0.007416564,0.597033375,0.044499382,0.171817058,0.149689441,0.003416149,0.311490683,0.196583851,0.186024845,Grain Corn,Yes,No,No,5,6.039941311,24.28417015
619,,KAT_HAB_4,8/12/24,21,7,14,21,1679,840,839,0.012507445,0.016686532,0.008333333,,42,33,2024,0.194285714,57.41428571,67.34285714,77.24285714,59.35714286,0.381428571,15.2,0.308840413,0.001148106,0.382319173,0.211251435,0.347876005,0.273484631,0.016949153,0.341568515,0.267739155,0.318012065,0.39378882,0.014906832,0.431055901,0.171428571,0.149068323,0.272614237,0.062480572,0.356854212,0.232514765,0.156978551,Silage Corn,Yes,Yes,Yes,5,5.97060585,22.10969543
620,,KAT_JEF_2,8/12/24,1,1,0,0,601,276,325,0.001663894,0,0.003623188,,1,33,2024,0.152857143,56.34285714,66.77142857,77.25714286,59.58571429,0.104285714,14.73285714,0.116225547,0,0.150747986,0.415420023,0.355581128,0.093291103,0.000575871,0.113446588,0.561186294,0.274978405,0.103362391,0.01120797,0.138231631,0.388542964,0.216687422,0.0917603,0.007490637,0.117977528,0.527777778,0.176029963,Silage Corn,No,Yes,Yes,5,6.26295042,37.54327011
621,,DEG_FOU_WOOD,8/12/24,58,24,34,13,1408,694,714,0.041193182,0.047619048,0.034582133,,71,33,2024,0.075714286,54.5,64.58571429,74.68571429,57.75714286,0.402857143,12.87857143,0.339491917,0,0.451501155,0.061200924,0.387990762,0.245086705,0.01416185,0.34017341,0.210115607,0.378034682,0.42039801,0.002487562,0.508706468,0.031094527,0.19278607,0.307001239,0.002168525,0.413568773,0.190520446,0.173482032,Silage Corn,Yes,Yes,No,5,5.715062618,20.57002831
622,,DEG_PER_STRIP,8/12/24,39,11,28,6,2048,1016,1032,0.019042969,0.027131783,0.010826772,,45,33,2024,0.092857143,54.62857143,64.77142857,74.88571429,57.82857143,0.387142857,13.15142857,0.170310702,0.193325662,0.449942463,0.126582278,0.372842348,0.233919815,0.073262186,0.366310932,0.344101529,0.235938852,0.238509317,0.070807453,0.57515528,0.114285714,0.182608696,0.219398822,0.038735668,0.408738767,0.320111559,0.138518748,Grain Corn,Yes,No,No,5,5.993263245,23.35876274
623,,DEG_VIL,8/12/24,19,3,16,5,1155,657,498,0.016450216,0.032128514,0.00456621,,24,33,2024,0.067142857,55.54285714,65.58571429,75.62857143,58.01428571,0.481428571,13.86285714,0.548498845,0.026558891,0.595842956,0.162817552,0.118937644,0.275981524,0.040415704,0.380773672,0.259526559,0.213337182,0.558312655,0.023573201,0.601736973,0.096774194,0.129032258,0.309361438,0.013949163,0.432114073,0.210477371,0.140111593,Grain Corn,No,No,Yes,5,6.654009819,18.75856018
624,,SMI_JOH,8/12/24,0,0,0,0,346,225,121,0,0,0,,0,33,2024,0.102857143,58.17142857,68.37142857,78.55714286,59.85714286,0.581428571,15.64,0.284890427,0.001153403,0.327566321,0.332179931,0.277970012,0.23881028,0.000577534,0.254692463,0.409182789,0.276349986,0.236679058,0.080545229,0.436183395,0.262701363,0.182156134,0.152495379,0.125385089,0.345964264,0.359519409,0.178989526,Silage Corn,No,Yes,Yes,5,6.416008472,24.34096146
625,,ZUE_REE,8/13/24,50,12,38,7,3170,1801,1369,0.015772871,0.027757487,0.006662965,,57,33,2024,0.05,62.24285714,70.54285714,78.87142857,60.35714286,1.804285714,16.17,0.023094688,0.123556582,0.407621247,0.199769053,0.32448037,0.025921659,0.176843318,0.41359447,0.169354839,0.20218894,0.09729064,0.210591133,0.536945813,0.179802956,0.185960591,0.128292532,0.142547258,0.496436319,0.148435079,0.120855284,Wheat,Yes,No,Yes,4,6.537268639,24.44252777
626,,SEA_HOO,8/13/24,2,1,1,0,723,356,367,0.002766252,0.002724796,0.002808989,,2,33,2024,0.015714286,60.67142857,68.94285714,77.27142857,59.77142857,1.128571429,14.66714286,0.105324074,0.268518519,0.631944444,0.091435185,0.189814815,0.135969977,0.272517321,0.67147806,0.089203233,0.174942263,0.194029851,0.133084577,0.741293532,0.093283582,0.039800995,0.233983287,0.179510987,0.787681832,0.082017951,0.042092232,Sweet Corn,Yes,Yes,Yes,4,6.488575935,26.25037003
627,,WIS_KEN,8/13/24,3,2,1,0,482,265,217,0.006224066,0.004608295,0.00754717,,3,33,2024,0.001428571,60.01428571,71.34285714,82.67142857,61,0.822857143,20.17142857,0.002309469,0.003464203,0.263279446,0.307159353,0.033487298,0.001443418,0.001443418,0.116628176,0.288972286,0.026270208,0,0.002525253,0.093434343,0.321969697,0.178030303,0.000314564,0.000629129,0.037118591,0.278074866,0.104435357,"Field Corn, Tomato, Squash",Yes,No,Yes,4,5.452927113,13.98438168
628,,STA_AYR,8/13/24,24,18,6,4,976,585,391,0.024590164,0.015345269,0.030769231,,28,33,2024,0.044285714,61.17142857,70.38571429,79.6,60.58571429,1.144285714,16.84857143,0.277522936,0.058486239,0.415137615,0.365825688,0.152522936,0.148617512,0.030817972,0.270737327,0.495679724,0.171947005,0.079110012,0.242274413,0.470951792,0.327564895,0.132262052,0.071560765,0.175817397,0.313386798,0.482109809,0.11967921,Soybean,No,No,Yes,3,6.536432266,34.06747055
629,,POV_DUN,8/13/24,4,0,4,0,52,26,26,0.076923077,0.153846154,0,,4,33,2024,0.091428571,55.28571429,66.27142857,77.22857143,58.3,0.412857143,15.80857143,0.002304147,0,0.002304147,0.495391705,0.411290323,0.000577367,0,0.000866051,0.529734411,0.329099307,0.00248139,0.001240695,0.009925558,0.482630273,0.333746898,0.002804612,0.001246494,0.031785603,0.479588657,0.272982237,Silage Corn,No,No,No,4,5.781182766,20.7029171
630,,DIP_PAT,8/13/24,3,1,2,0,2204,1209,995,0.001361162,0.00201005,0.00082713,,3,33,2024,0.164285714,61.51428571,70.22857143,78.94285714,61.02857143,1.174285714,15.75,0.384704519,0.004634994,0.475086906,0.361529548,0.162224797,0.356132756,0.004617605,0.638961039,0.172005772,0.148051948,0.388337469,0.023573201,0.549627792,0.339950372,0.054590571,0.256710892,0.140080222,0.721382289,0.14594261,0.053687134,Silage Corn,Yes,Yes,No,5,6.454941273,26.51252174
631,,WIS_COO_2,8/13/24,7,2,5,0,629,362,267,0.011128776,0.018726592,0.005524862,,7,33,2024,0.001428571,57.67142857,68.25714286,78.88571429,59.74285714,0.607142857,16.02428571,0.062355658,0.001154734,0.124711316,0.121247113,0.66743649,0.076479076,0.031168831,0.223376623,0.265512266,0.44992785,0.025188917,0.001259446,0.256926952,0.080604534,0.428211587,0.084091622,0.003765297,0.279573266,0.239723878,0.309381864,Silage Corn,No,Yes,No,5,5.539158821,23.32694054
632,,DIP_CUR,8/13/24,15,1,14,4,2105,1222,883,0.007125891,0.01585504,0.000818331,,19,33,2024,0.067142857,54.55714286,64.78571429,75.01428571,57,0.74,13.37428571,0.110982659,0.038150289,0.322543353,0.174566474,0.419653179,0.240762125,0.114896074,0.484411085,0.204099307,0.247113164,0.38875,0.0075,0.555,0.13875,0.155,0.308626596,0.06944877,0.54936157,0.164123326,0.143880411,Silage Corn,No,Yes,Yes,4,5.927192211,18.15420723
633,,WIS_COO,8/13/24,27,14,13,0,698,418,280,0.038681948,0.046428571,0.033492823,,27,33,2024,0.001428571,57.97142857,68.2,78.47142857,59.5,0.761428571,15.72285714,0.147295742,0.01150748,0.261219793,0.155350978,0.554660529,0.12056533,0.062013268,0.246899337,0.26910874,0.434092876,0.259119497,0.030188679,0.472955975,0.113207547,0.364779874,0.21799308,0.02327776,0.359547027,0.235923246,0.304183706,Silage Corn,No,Yes,No,5,5.968518734,24.17316246
634,,DIP_FLE,8/13/24,14,5,9,5,1196,650,546,0.011705686,0.016483516,0.007692308,,19,33,2024,0.092857143,59.4,68.07142857,76.74285714,59.9,0.767142857,13.94571429,0.412918108,0.002306805,0.519031142,0.228373702,0.193771626,0.268686869,0.002020202,0.550649351,0.171139971,0.220779221,0.4622057,0.002478315,0.566294919,0.194547708,0.168525403,0.302484472,0.005590062,0.604658385,0.145652174,0.12173913,Silage Corn,No,No,No,5,6.317162514,28.22133827
635,,STA_THO,8/13/24,28,13,15,6,1163,622,541,0.024075666,0.027726433,0.020900322,,34,33,2024,0.05,60.77142857,70.67142857,80.57142857,60.74285714,1.018571429,18.03571429,0.384792627,0.074884793,0.517281106,0.054147465,0.299539171,0.291402193,0.045008656,0.362088863,0.239469129,0.27034045,0.180024661,0.257706535,0.605425401,0.051787916,0.141800247,0.159692308,0.199076923,0.472923077,0.220307692,0.138769231,Grain Corn,No,No,No,3,6.241055012,20.55567551
636,,KAT_JEF_2,8/19/24,0,0,0,0,601,276,325,0,0,0,,0,34,2024,0.074285714,49.54285714,60.17142857,70.81428571,53.51428571,0.1,12.03428571,0.116225547,0,0.150747986,0.415420023,0.355581128,0.093291103,0.000575871,0.113446588,0.561186294,0.274978405,0.103362391,0.01120797,0.138231631,0.388542964,0.216687422,0.0917603,0.007490637,0.117977528,0.527777778,0.176029963,Silage Corn,No,Yes,Yes,5,6.26295042,37.54327011
637,,KAT_HAB_3,8/19/24,18,9,9,30,873,374,499,0.020618557,0.018036072,0.024064171,,48,34,2024,0.088571429,51.97142857,61.67142857,71.37142857,53.77142857,0.408571429,12.47714286,0.274712644,0.066666667,0.51954023,0.137931034,0.256321839,0.158561151,0.099856115,0.331510791,0.357985612,0.210647482,0.31552795,0.217391304,0.572670807,0.070807453,0.144099379,0.225465839,0.07484472,0.333229814,0.310248447,0.113975155,Soybean,No,No,Yes,5,6.10185194,27.97481728
638,,KAT_HAB_4,8/19/24,133,25,108,45,1679,840,839,0.079213818,0.128724672,0.029761905,,178,34,2024,0.128571429,50.95714286,60.65714286,70.35714286,53.35714286,0.362857143,11.75428571,0.308840413,0.001148106,0.382319173,0.211251435,0.347876005,0.273484631,0.016949153,0.341568515,0.267739155,0.318012065,0.39378882,0.014906832,0.431055901,0.171428571,0.149068323,0.272614237,0.062480572,0.356854212,0.232514765,0.156978551,Silage Corn,Yes,Yes,Yes,5,5.97060585,22.10969543
639,,DEG_VIL,8/19/24,26,13,13,15,1155,657,498,0.022510823,0.026104418,0.01978691,,41,34,2024,0.231428571,52.21428571,61.34285714,70.45714286,54.34285714,0.247142857,10.66428571,0.548498845,0.026558891,0.595842956,0.162817552,0.118937644,0.275981524,0.040415704,0.380773672,0.259526559,0.213337182,0.558312655,0.023573201,0.601736973,0.096774194,0.129032258,0.309361438,0.013949163,0.432114073,0.210477371,0.140111593,Grain Corn,No,No,Yes,5,6.654009819,18.75856018
640,,KAT_JEF,8/19/24,0,0,0,0,319,174,145,0,0,0,,0,34,2024,0.072857143,49.45714286,60.22857143,70.97142857,53.44285714,0.1,12.21714286,0.067816092,0,0.08045977,0.456321839,0.390804598,0.049539171,0,0.053859447,0.43375576,0.387384793,0.08135169,0,0.082603254,0.4718398,0.202753442,0.056697819,0.001557632,0.070093458,0.415576324,0.204049844,Silage Corn,No,Yes,Yes,5,5.586032867,22.36896324
641,,DIP_CUR,8/20/24,11,4,7,3,2105,1222,883,0.005225653,0.00792752,0.003273322,,14,34,2024,0.06,50.97142857,60.57142857,70.24285714,53.21428571,0.594285714,10.82428571,0.110982659,0.038150289,0.322543353,0.174566474,0.419653179,0.240762125,0.114896074,0.484411085,0.204099307,0.247113164,0.38875,0.0075,0.555,0.13875,0.155,0.308626596,0.06944877,0.54936157,0.164123326,0.143880411,Silage Corn,No,Yes,Yes,4,5.927192211,18.15420723
642,,ZUE_REE,8/20/24,35,9,26,9,3170,1801,1369,0.011041009,0.018991965,0.004997224,,44,34,2024,0.167142857,56.98571429,64.87142857,72.72857143,55.6,1.257142857,12.60428571,0.023094688,0.123556582,0.407621247,0.199769053,0.32448037,0.025921659,0.176843318,0.41359447,0.169354839,0.20218894,0.09729064,0.210591133,0.536945813,0.179802956,0.185960591,0.128292532,0.142547258,0.496436319,0.148435079,0.120855284,Wheat,Yes,No,Yes,4,6.537268639,24.44252777
643,,WIS_KEN,8/20/24,1,0,1,1,482,265,217,0.002074689,0.004608295,0,,2,34,2024,0.071428571,55.11428571,66.05714286,77.04285714,56.37142857,0.611428571,15.61,0.002309469,0.003464203,0.263279446,0.307159353,0.033487298,0.001443418,0.001443418,0.116628176,0.288972286,0.026270208,0,0.002525253,0.093434343,0.321969697,0.178030303,0.000314564,0.000629129,0.037118591,0.278074866,0.104435357,"Field Corn, Tomato, Squash",Yes,No,Yes,4,5.452927113,13.98438168
644,,STA_THO,8/20/24,15,8,7,3,1163,622,541,0.012897678,0.012939002,0.012861736,,18,34,2024,0.107142857,55.47142857,64.54285714,73.62857143,55.85714286,0.68,13.67285714,0.384792627,0.074884793,0.517281106,0.054147465,0.299539171,0.291402193,0.045008656,0.362088863,0.239469129,0.27034045,0.180024661,0.257706535,0.605425401,0.051787916,0.141800247,0.159692308,0.199076923,0.472923077,0.220307692,0.138769231,Grain Corn,No,No,No,3,6.241055012,20.55567551
645,,POV_DUN,8/20/24,0,0,0,0,52,26,26,0,0,0,,0,34,2024,0.11,51.42857143,61.74285714,72.07142857,54.27142857,0.217142857,12.76857143,0.002304147,0,0.002304147,0.495391705,0.411290323,0.000577367,0,0.000866051,0.529734411,0.329099307,0.00248139,0.001240695,0.009925558,0.482630273,0.333746898,0.002804612,0.001246494,0.031785603,0.479588657,0.272982237,Silage Corn,No,No,No,4,5.781182766,20.7029171
646,,STA_AYR,8/20/24,19,12,7,1,976,585,391,0.019467213,0.017902813,0.020512821,,20,34,2024,0.177142857,55.24285714,64.1,72.94285714,55.78571429,0.675714286,12.88571429,0.277522936,0.058486239,0.415137615,0.365825688,0.152522936,0.148617512,0.030817972,0.270737327,0.495679724,0.171947005,0.079110012,0.242274413,0.470951792,0.327564895,0.132262052,0.071560765,0.175817397,0.313386798,0.482109809,0.11967921,Soybean,No,No,Yes,3,6.536432266,34.06747055
647,,DIP_PAT,8/20/24,8,0,8,0,2204,1209,995,0.003629764,0.008040201,0,,8,34,2024,0.184285714,56.62857143,64.82857143,73.02857143,56.68571429,0.747142857,12.08857143,0.384704519,0.004634994,0.475086906,0.361529548,0.162224797,0.356132756,0.004617605,0.638961039,0.172005772,0.148051948,0.388337469,0.023573201,0.549627792,0.339950372,0.054590571,0.256710892,0.140080222,0.721382289,0.14594261,0.053687134,Silage Corn,Yes,Yes,No,5,6.454941273,26.51252174
648,,SMI_JOH,8/20/24,0,0,0,0,346,225,121,0,0,0,,0,34,2024,0.218571429,53.62857143,63.1,72.57142857,55.97142857,0.314285714,11.09,0.284890427,0.001153403,0.327566321,0.332179931,0.277970012,0.23881028,0.000577534,0.254692463,0.409182789,0.276349986,0.236679058,0.080545229,0.436183395,0.262701363,0.182156134,0.152495379,0.125385089,0.345964264,0.359519409,0.178989526,Silage Corn,No,Yes,Yes,5,6.416008472,24.34096146
649,,WIS_COO,8/20/24,12,2,10,0,698,418,280,0.017191977,0.035714286,0.004784689,,12,34,2024,0.072857143,52.85714286,63.07142857,73.31428571,54.78571429,0.615714286,12.77571429,0.147295742,0.01150748,0.261219793,0.155350978,0.554660529,0.12056533,0.062013268,0.246899337,0.26910874,0.434092876,0.259119497,0.030188679,0.472955975,0.113207547,0.364779874,0.21799308,0.02327776,0.359547027,0.235923246,0.304183706,Silage Corn,No,Yes,No,5,5.968518734,24.17316246
650,,SEA_HOO,8/20/24,1,0,1,1,723,356,367,0.001383126,0.002724796,0,,2,34,2024,0.107142857,55.7,63.44285714,71.2,54.94285714,0.874285714,11.40571429,0.105324074,0.268518519,0.631944444,0.091435185,0.189814815,0.135969977,0.272517321,0.67147806,0.089203233,0.174942263,0.194029851,0.133084577,0.741293532,0.093283582,0.039800995,0.233983287,0.179510987,0.787681832,0.082017951,0.042092232,Sweet Corn,Yes,Yes,Yes,4,6.488575935,26.25037003
651,,WIS_COO_2,8/20/24,5,1,4,0,629,362,267,0.007949126,0.014981273,0.002762431,,5,34,2024,0.068571429,52.51428571,63.15714286,73.8,54.91428571,0.484285714,13.17571429,0.062355658,0.001154734,0.124711316,0.121247113,0.66743649,0.076479076,0.031168831,0.223376623,0.265512266,0.44992785,0.025188917,0.001259446,0.256926952,0.080604534,0.428211587,0.084091622,0.003765297,0.279573266,0.239723878,0.309381864,Silage Corn,No,Yes,No,5,5.539158821,23.32694054
652,,KAT_HAB_4,8/26/24,122,27,95,31,1679,840,839,0.072662299,0.113230036,0.032142857,,153,35,2024,0.007142857,60.01428571,70.32857143,80.67142857,63.4,0.404285714,15.32714286,0.308840413,0.001148106,0.382319173,0.211251435,0.347876005,0.273484631,0.016949153,0.341568515,0.267739155,0.318012065,0.39378882,0.014906832,0.431055901,0.171428571,0.149068323,0.272614237,0.062480572,0.356854212,0.232514765,0.156978551,Silage Corn,Yes,Yes,Yes,5,5.97060585,22.10969543
653,,SMI_JOH,8/26/24,0,0,0,0,346,225,121,0,0,0,,0,35,2024,0.044285714,61.41428571,69.35714286,77.3,62.5,1.122857143,12.42285714,0.284890427,0.001153403,0.327566321,0.332179931,0.277970012,0.23881028,0.000577534,0.254692463,0.409182789,0.276349986,0.236679058,0.080545229,0.436183395,0.262701363,0.182156134,0.152495379,0.125385089,0.345964264,0.359519409,0.178989526,Silage Corn,No,Yes,Yes,5,6.416008472,24.34096146
654,,KAT_HAB_3,8/26/24,30,15,15,16,873,374,499,0.034364261,0.03006012,0.040106952,,46,35,2024,0.011428571,60.48571429,71.12857143,81.75714286,63.92857143,0.425714286,16.15571429,0.274712644,0.066666667,0.51954023,0.137931034,0.256321839,0.158561151,0.099856115,0.331510791,0.357985612,0.210647482,0.31552795,0.217391304,0.572670807,0.070807453,0.144099379,0.225465839,0.07484472,0.333229814,0.310248447,0.113975155,Soybean,No,No,Yes,5,6.10185194,27.97481728
655,,STA_THO,8/26/24,7,0,7,1,1163,622,541,0.006018917,0.012939002,0,,8,35,2024,0.028571429,61.24285714,71.12857143,81,63.48571429,0.951428571,15.33714286,0.384792627,0.074884793,0.517281106,0.054147465,0.299539171,0.291402193,0.045008656,0.362088863,0.239469129,0.27034045,0.180024661,0.257706535,0.605425401,0.051787916,0.141800247,0.159692308,0.199076923,0.472923077,0.220307692,0.138769231,Grain Corn,No,No,No,3,6.241055012,20.55567551
656,,DEG_DIE_HILL,8/26/24,1,0,1,0,863,395,468,0.001158749,0.002136752,0,,1,35,2024,0.068571429,58.61428571,67.14285714,75.65714286,61.57142857,0.458571429,11.65142857,0.188439306,0.301734104,0.576878613,0.050867052,0.306358382,0.166233766,0.07965368,0.285714286,0.207503608,0.267243867,0.367119901,0.007416564,0.597033375,0.044499382,0.171817058,0.149689441,0.003416149,0.311490683,0.196583851,0.186024845,Grain Corn,Yes,No,No,5,6.039941311,24.28417015
657,,DEG_PER_STRIP,8/26/24,15,1,14,5,2048,1016,1032,0.007324219,0.013565891,0.000984252,,20,35,2024,0.03,58.71428571,67.14285714,75.6,61.7,0.517142857,11.31,0.170310702,0.193325662,0.449942463,0.126582278,0.372842348,0.233919815,0.073262186,0.366310932,0.344101529,0.235938852,0.238509317,0.070807453,0.57515528,0.114285714,0.182608696,0.219398822,0.038735668,0.408738767,0.320111559,0.138518748,Grain Corn,Yes,No,No,5,5.993263245,23.35876274
658,,STA_AYR,8/26/24,15,7,8,1,976,585,391,0.015368852,0.020460358,0.011965812,,16,35,2024,0.037142857,61.2,70.97142857,80.7,63.54285714,0.881428571,15.04285714,0.277522936,0.058486239,0.415137615,0.365825688,0.152522936,0.148617512,0.030817972,0.270737327,0.495679724,0.171947005,0.079110012,0.242274413,0.470951792,0.327564895,0.132262052,0.071560765,0.175817397,0.313386798,0.482109809,0.11967921,Soybean,No,No,Yes,3,6.536432266,34.06747055
659,,KAT_JEF,8/26/24,0,0,0,0,319,174,145,0,0,0,,0,35,2024,0.042857143,59.65714286,71.08571429,82.45714286,64.57142857,0.061428571,16.59571429,0.067816092,0,0.08045977,0.456321839,0.390804598,0.049539171,0,0.053859447,0.43375576,0.387384793,0.08135169,0,0.082603254,0.4718398,0.202753442,0.056697819,0.001557632,0.070093458,0.415576324,0.204049844,Silage Corn,No,Yes,Yes,5,5.586032867,22.36896324
660,,KAT_JEF_2,8/26/24,0,0,0,0,601,276,325,0,0,0,,0,35,2024,0.054285714,59.68571429,70.91428571,82.17142857,64.65714286,0.065714286,16.14285714,0.116225547,0,0.150747986,0.415420023,0.355581128,0.093291103,0.000575871,0.113446588,0.561186294,0.274978405,0.103362391,0.01120797,0.138231631,0.388542964,0.216687422,0.0917603,0.007490637,0.117977528,0.527777778,0.176029963,Silage Corn,No,Yes,Yes,5,6.26295042,37.54327011
661,,DEG_FOU_WOOD,8/26/24,31,0,31,0,1408,694,714,0.022017045,0.043417367,0,,31,35,2024,0.044285714,58.05714286,66.9,75.77142857,61.6,0.342857143,11.57285714,0.339491917,0,0.451501155,0.061200924,0.387990762,0.245086705,0.01416185,0.34017341,0.210115607,0.378034682,0.42039801,0.002487562,0.508706468,0.031094527,0.19278607,0.307001239,0.002168525,0.413568773,0.190520446,0.173482032,Silage Corn,Yes,Yes,No,5,5.715062618,20.57002831
662,,WIS_COO_2,8/27/24,6,5,1,0,629,362,267,0.009538951,0.003745318,0.013812155,,6,35,2024,0.128571429,59.34285714,68.72857143,78.12857143,60.62857143,1.082857143,14.77,0.062355658,0.001154734,0.124711316,0.121247113,0.66743649,0.076479076,0.031168831,0.223376623,0.265512266,0.44992785,0.025188917,0.001259446,0.256926952,0.080604534,0.428211587,0.084091622,0.003765297,0.279573266,0.239723878,0.309381864,Silage Corn,No,Yes,No,5,5.539158821,23.32694054
663,,DIP_CUR,8/27/24,12,4,8,4,2105,1222,883,0.005700713,0.009060023,0.003273322,,16,35,2024,0.021428571,58.28571429,67.17142857,76.07142857,61.05714286,0.998571429,12.02142857,0.110982659,0.038150289,0.322543353,0.174566474,0.419653179,0.240762125,0.114896074,0.484411085,0.204099307,0.247113164,0.38875,0.0075,0.555,0.13875,0.155,0.308626596,0.06944877,0.54936157,0.164123326,0.143880411,Silage Corn,No,Yes,Yes,4,5.927192211,18.15420723
664,,DIP_FLE,8/27/24,3,1,2,0,1196,650,546,0.002508361,0.003663004,0.001538462,,3,35,2024,0.032857143,61.92857143,69.78571429,77.67142857,63.31428571,0.904285714,12.23142857,0.412918108,0.002306805,0.519031142,0.228373702,0.193771626,0.268686869,0.002020202,0.550649351,0.171139971,0.220779221,0.4622057,0.002478315,0.566294919,0.194547708,0.168525403,0.302484472,0.005590062,0.604658385,0.145652174,0.12173913,Silage Corn,No,No,No,5,6.317162514,28.22133827
665,,WIS_COO,8/27/24,43,8,35,1,698,418,280,0.061604585,0.125,0.019138756,,44,35,2024,0.115714286,59.72857143,68.72857143,77.71428571,60.45714286,1.23,14.39571429,0.147295742,0.01150748,0.261219793,0.155350978,0.554660529,0.12056533,0.062013268,0.246899337,0.26910874,0.434092876,0.259119497,0.030188679,0.472955975,0.113207547,0.364779874,0.21799308,0.02327776,0.359547027,0.235923246,0.304183706,Silage Corn,No,Yes,No,5,5.968518734,24.17316246
666,,ZUE_REE,8/27/24,92,53,39,30,3170,1801,1369,0.029022082,0.028487947,0.029428096,,122,35,2024,0.035714286,62.54285714,71.27142857,80.01428571,63.54285714,1.358571429,13.94285714,0.023094688,0.123556582,0.407621247,0.199769053,0.32448037,0.025921659,0.176843318,0.41359447,0.169354839,0.20218894,0.09729064,0.210591133,0.536945813,0.179802956,0.185960591,0.128292532,0.142547258,0.496436319,0.148435079,0.120855284,Wheat,Yes,No,Yes,4,6.537268639,24.44252777
667,,WIS_KEN,8/27/24,2,1,1,0,482,265,217,0.004149378,0.004608295,0.003773585,,2,35,2024,0.065714286,62.21428571,71.74285714,81.3,62.77142857,1.422857143,17.34,0.002309469,0.003464203,0.263279446,0.307159353,0.033487298,0.001443418,0.001443418,0.116628176,0.288972286,0.026270208,0,0.002525253,0.093434343,0.321969697,0.178030303,0.000314564,0.000629129,0.037118591,0.278074866,0.104435357,"Field Corn, Tomato, Squash",Yes,No,Yes,4,5.452927113,13.98438168
668,,DIP_PAT,8/27/24,9,5,4,0,2204,1209,995,0.004083485,0.004020101,0.004135649,,9,35,2024,0.061428571,61.75714286,70.58571429,79.44285714,63.94285714,0.858571429,13.32571429,0.384704519,0.004634994,0.475086906,0.361529548,0.162224797,0.356132756,0.004617605,0.638961039,0.172005772,0.148051948,0.388337469,0.023573201,0.549627792,0.339950372,0.054590571,0.256710892,0.140080222,0.721382289,0.14594261,0.053687134,Silage Corn,Yes,Yes,No,5,6.454941273,26.51252174
669,,SEA_HOO,8/27/24,2,0,2,0,723,356,367,0.002766252,0.005449591,0,,2,35,2024,0.06,62.3,70.55714286,78.85714286,63.45714286,0.984285714,12.76714286,0.105324074,0.268518519,0.631944444,0.091435185,0.189814815,0.135969977,0.272517321,0.67147806,0.089203233,0.174942263,0.194029851,0.133084577,0.741293532,0.093283582,0.039800995,0.233983287,0.179510987,0.787681832,0.082017951,0.042092232,Sweet Corn,Yes,Yes,Yes,4,6.488575935,26.25037003
670,,POV_DUN,8/27/24,2,0,2,0,52,26,26,0.038461538,0.076923077,0,,2,35,2024,0.011428571,59.08571429,68.7,78.34285714,62.2,0.768571429,14.1,0.002304147,0,0.002304147,0.495391705,0.411290323,0.000577367,0,0.000866051,0.529734411,0.329099307,0.00248139,0.001240695,0.009925558,0.482630273,0.333746898,0.002804612,0.001246494,0.031785603,0.479588657,0.272982237,Silage Corn,No,No,No,4,5.781182766,20.7029171
671,,DIP_CUR,9/3/24,2,0,2,0,2105,1222,883,0.000950119,0.002265006,0,,2,36,2024,0.054285714,46.18571429,58.92857143,71.67142857,49.71428571,0.777142857,14.25571429,0.110982659,0.038150289,0.322543353,0.174566474,0.419653179,0.240762125,0.114896074,0.484411085,0.204099307,0.247113164,0.38875,0.0075,0.555,0.13875,0.155,0.308626596,0.06944877,0.54936157,0.164123326,0.143880411,Silage Corn,No,Yes,Yes,4,5.927192211,18.15420723
672,,DIP_FLE,9/3/24,16,9,7,1,1196,650,546,0.013377926,0.012820513,0.013846154,,17,36,2024,0.098571429,50.48571429,62.24285714,73.94285714,52.24285714,0.755714286,15.55142857,0.412918108,0.002306805,0.519031142,0.228373702,0.193771626,0.268686869,0.002020202,0.550649351,0.171139971,0.220779221,0.4622057,0.002478315,0.566294919,0.194547708,0.168525403,0.302484472,0.005590062,0.604658385,0.145652174,0.12173913,Silage Corn,No,No,No,5,6.317162514,28.22133827
673,,DIP_PAT,9/3/24,7,5,2,0,2204,1209,995,0.003176044,0.00201005,0.004135649,,7,36,2024,0.097142857,52.38571429,63.57142857,74.74285714,53.55714286,0.921428571,15.57285714,0.384704519,0.004634994,0.475086906,0.361529548,0.162224797,0.356132756,0.004617605,0.638961039,0.172005772,0.148051948,0.388337469,0.023573201,0.549627792,0.339950372,0.054590571,0.256710892,0.140080222,0.721382289,0.14594261,0.053687134,Silage Corn,Yes,Yes,No,5,6.454941273,26.51252174
674,,STA_THO,9/3/24,12,7,5,14,1163,622,541,0.010318143,0.009242144,0.011254019,,26,36,2024,0.245714286,50.42857143,62.97142857,75.5,52.77142857,0.641428571,16.84571429,0.384792627,0.074884793,0.517281106,0.054147465,0.299539171,0.291402193,0.045008656,0.362088863,0.239469129,0.27034045,0.180024661,0.257706535,0.605425401,0.051787916,0.141800247,0.159692308,0.199076923,0.472923077,0.220307692,0.138769231,Grain Corn,No,No,No,3,6.241055012,20.55567551
675,,WIS_COO_2,9/3/24,3,2,1,0,629,362,267,0.004769475,0.003745318,0.005524862,,3,36,2024,0.061428571,48.88571429,61.24285714,73.68571429,52.84285714,0.492857143,13.51285714,0.062355658,0.001154734,0.124711316,0.121247113,0.66743649,0.076479076,0.031168831,0.223376623,0.265512266,0.44992785,0.025188917,0.001259446,0.256926952,0.080604534,0.428211587,0.084091622,0.003765297,0.279573266,0.239723878,0.309381864,Silage Corn,No,Yes,No,5,5.539158821,23.32694054
676,,DEG_VIL,9/3/24,2,2,0,0,1155,657,498,0.001731602,0,0.00304414,,2,36,2024,0.084285714,47.32857143,59.62857143,71.95714286,50.6,0.465714286,14.35142857,0.548498845,0.026558891,0.595842956,0.162817552,0.118937644,0.275981524,0.040415704,0.380773672,0.259526559,0.213337182,0.558312655,0.023573201,0.601736973,0.096774194,0.129032258,0.309361438,0.013949163,0.432114073,0.210477371,0.140111593,Grain Corn,No,No,Yes,5,6.654009819,18.75856018
677,,WIS_COO,9/3/24,6,2,4,0,698,418,280,0.008595989,0.014285714,0.004784689,,6,36,2024,0.062857143,49.35714286,61.27142857,73.21428571,53.22857143,0.501428571,12.94571429,0.147295742,0.01150748,0.261219793,0.155350978,0.554660529,0.12056533,0.062013268,0.246899337,0.26910874,0.434092876,0.259119497,0.030188679,0.472955975,0.113207547,0.364779874,0.21799308,0.02327776,0.359547027,0.235923246,0.304183706,Silage Corn,No,Yes,No,5,5.968518734,24.17316246
678,,DEG_PER_STRIP,9/3/24,2,0,2,0,2048,1016,1032,0.000976563,0.001937984,0,,2,36,2024,0.084285714,46.55714286,58.88571429,71.24285714,50.8,0.252857143,13.62714286,0.170310702,0.193325662,0.449942463,0.126582278,0.372842348,0.233919815,0.073262186,0.366310932,0.344101529,0.235938852,0.238509317,0.070807453,0.57515528,0.114285714,0.182608696,0.219398822,0.038735668,0.408738767,0.320111559,0.138518748,Grain Corn,Yes,No,No,5,5.993263245,23.35876274
679,,WIS_KEN,9/3/24,1,1,0,0,482,265,217,0.002074689,0,0.003773585,,1,36,2024,0.061428571,50.25714286,63.51428571,76.75714286,54.6,0.467142857,15.65714286,0.002309469,0.003464203,0.263279446,0.307159353,0.033487298,0.001443418,0.001443418,0.116628176,0.288972286,0.026270208,0,0.002525253,0.093434343,0.321969697,0.178030303,0.000314564,0.000629129,0.037118591,0.278074866,0.104435357,"Field Corn, Tomato, Squash",Yes,No,Yes,4,5.452927113,13.98438168
680,,SEA_HOO,9/3/24,8,1,7,1,723,356,367,0.011065007,0.019073569,0.002808989,,9,36,2024,0.087142857,51.05714286,62.18571429,73.3,51.97142857,0.907142857,14.82428571,0.105324074,0.268518519,0.631944444,0.091435185,0.189814815,0.135969977,0.272517321,0.67147806,0.089203233,0.174942263,0.194029851,0.133084577,0.741293532,0.093283582,0.039800995,0.233983287,0.179510987,0.787681832,0.082017951,0.042092232,Sweet Corn,Yes,Yes,Yes,4,6.488575935,26.25037003
681,,ZUE_REE,9/3/24,45,32,13,26,3170,1801,1369,0.014195584,0.009495982,0.017767907,,71,36,2024,0.144285714,53.27142857,63.91428571,74.5,52.58571429,1.608571429,15.78857143,0.023094688,0.123556582,0.407621247,0.199769053,0.32448037,0.025921659,0.176843318,0.41359447,0.169354839,0.20218894,0.09729064,0.210591133,0.536945813,0.179802956,0.185960591,0.128292532,0.142547258,0.496436319,0.148435079,0.120855284,Wheat,Yes,No,Yes,4,6.537268639,24.44252777
682,,STA_AYR,9/3/24,7,5,2,0,976,585,391,0.007172131,0.00511509,0.008547009,,7,36,2024,0.252857143,51.22857143,62.94285714,74.62857143,52.85714286,0.897142857,15.83142857,0.277522936,0.058486239,0.415137615,0.365825688,0.152522936,0.148617512,0.030817972,0.270737327,0.495679724,0.171947005,0.079110012,0.242274413,0.470951792,0.327564895,0.132262052,0.071560765,0.175817397,0.313386798,0.482109809,0.11967921,Soybean,No,No,Yes,3,6.536432266,34.06747055
683,,POV_DUN,9/3/24,1,1,0,0,52,26,26,0.019230769,0,0.038461538,,1,36,2024,0.067142857,46.6,60.42857143,74.28571429,50.58571429,0.365714286,16.86142857,0.002304147,0,0.002304147,0.495391705,0.411290323,0.000577367,0,0.000866051,0.529734411,0.329099307,0.00248139,0.001240695,0.009925558,0.482630273,0.333746898,0.002804612,0.001246494,0.031785603,0.479588657,0.272982237,Silage Corn,No,No,No,4,5.781182766,20.7029171
684,,KAT_JEF_2,9/4/24,0,0,0,0,601,276,325,0,0,0,,0,36,2024,0.207142857,45.82857143,59.6,73.4,50.64285714,0.311428571,15.79285714,0.116225547,0,0.150747986,0.415420023,0.355581128,0.093291103,0.000575871,0.113446588,0.561186294,0.274978405,0.103362391,0.01120797,0.138231631,0.388542964,0.216687422,0.0917603,0.007490637,0.117977528,0.527777778,0.176029963,Silage Corn,No,Yes,Yes,5,6.26295042,37.54327011
685,,KAT_JEF,9/4/24,1,0,1,0,319,174,145,0.003134796,0.006896552,0,,1,36,2024,0.178571429,45.57142857,59.57142857,73.57142857,50.48571429,0.297142857,16.06714286,0.067816092,0,0.08045977,0.456321839,0.390804598,0.049539171,0,0.053859447,0.43375576,0.387384793,0.08135169,0,0.082603254,0.4718398,0.202753442,0.056697819,0.001557632,0.070093458,0.415576324,0.204049844,Silage Corn,No,Yes,Yes,5,5.586032867,22.36896324
686,,DEG_FOU_WOOD,9/4/24,13,2,11,0,1408,694,714,0.009232955,0.015406162,0.002881844,,13,36,2024,0.08,46.55714286,58.91428571,71.24285714,50.34285714,0.388571429,13.86714286,0.339491917,0,0.451501155,0.061200924,0.387990762,0.245086705,0.01416185,0.34017341,0.210115607,0.378034682,0.42039801,0.002487562,0.508706468,0.031094527,0.19278607,0.307001239,0.002168525,0.413568773,0.190520446,0.173482032,Silage Corn,Yes,Yes,No,5,5.715062618,20.57002831
687,,SMI_JOH,9/4/24,0,0,0,0,346,225,121,0,0,0,,0,36,2024,0.085714286,51.54285714,62.6,73.65714286,52.51428571,0.99,14.77428571,0.284890427,0.001153403,0.327566321,0.332179931,0.277970012,0.23881028,0.000577534,0.254692463,0.409182789,0.276349986,0.236679058,0.080545229,0.436183395,0.262701363,0.182156134,0.152495379,0.125385089,0.345964264,0.359519409,0.178989526,Silage Corn,No,Yes,Yes,5,6.416008472,24.34096146
688,,KAT_HAB_4,9/4/24,66,41,25,34,1679,840,839,0.039309113,0.029797378,0.048809524,,100,36,2024,0.247142857,48.42857143,60.75714286,73.05714286,50.64285714,0.792857143,15.37428571,0.308840413,0.001148106,0.382319173,0.211251435,0.347876005,0.273484631,0.016949153,0.341568515,0.267739155,0.318012065,0.39378882,0.014906832,0.431055901,0.171428571,0.149068323,0.272614237,0.062480572,0.356854212,0.232514765,0.156978551,Silage Corn,Yes,Yes,Yes,5,5.97060585,22.10969543
689,,DEG_DIE_HILL,9/4/24,0,0,0,0,863,395,468,0,0,0,,0,36,2024,0.088571429,46.48571429,58.82857143,71.17142857,50.38571429,0.365714286,13.78285714,0.188439306,0.301734104,0.576878613,0.050867052,0.306358382,0.166233766,0.07965368,0.285714286,0.207503608,0.267243867,0.367119901,0.007416564,0.597033375,0.044499382,0.171817058,0.149689441,0.003416149,0.311490683,0.196583851,0.186024845,Grain Corn,Yes,No,No,5,6.039941311,24.28417015
690,,SMI_JOH,9/9/24,1,0,1,0,346,225,121,0.002890173,0.008264463,0,,1,37,2024,0.078571429,52.67142857,63.58571429,74.48571429,53.94285714,0.642857143,15.48428571,0.284890427,0.001153403,0.327566321,0.332179931,0.277970012,0.23881028,0.000577534,0.254692463,0.409182789,0.276349986,0.236679058,0.080545229,0.436183395,0.262701363,0.182156134,0.152495379,0.125385089,0.345964264,0.359519409,0.178989526,Silage Corn,No,Yes,Yes,5,6.416008472,24.34096146
691,,DEG_VIL,9/9/24,0,0,0,0,1155,657,498,0,0,0,,0,37,2024,0.128571429,49.27142857,61.6,73.9,52.55714286,0.218571429,15.71571429,0.548498845,0.026558891,0.595842956,0.162817552,0.118937644,0.275981524,0.040415704,0.380773672,0.259526559,0.213337182,0.558312655,0.023573201,0.601736973,0.096774194,0.129032258,0.309361438,0.013949163,0.432114073,0.210477371,0.140111593,Grain Corn,No,No,Yes,5,6.654009819,18.75856018
692,,KAT_JEF,9/9/24,0,0,0,0,319,174,145,0,0,0,,0,37,2024,0.005714286,49.51428571,62.37142857,75.22857143,53.94285714,0.067142857,16.47428571,0.067816092,0,0.08045977,0.456321839,0.390804598,0.049539171,0,0.053859447,0.43375576,0.387384793,0.08135169,0,0.082603254,0.4718398,0.202753442,0.056697819,0.001557632,0.070093458,0.415576324,0.204049844,Silage Corn,No,Yes,Yes,5,5.586032867,22.36896324
693,,DEG_PER_STRIP,9/9/24,6,2,4,0,2048,1016,1032,0.002929688,0.003875969,0.001968504,,6,37,2024,0.152857143,48.3,60.84285714,73.35714286,52.78571429,0.062857143,15.06857143,0.170310702,0.193325662,0.449942463,0.126582278,0.372842348,0.233919815,0.073262186,0.366310932,0.344101529,0.235938852,0.238509317,0.070807453,0.57515528,0.114285714,0.182608696,0.219398822,0.038735668,0.408738767,0.320111559,0.138518748,Grain Corn,Yes,No,No,5,5.993263245,23.35876274
694,,DEG_FOU_WOOD,9/9/24,1,0,1,0,1408,694,714,0.000710227,0.00140056,0,,1,37,2024,0.064285714,48.55714286,60.82857143,73.12857143,52.44285714,0.115714286,15.00857143,0.339491917,0,0.451501155,0.061200924,0.387990762,0.245086705,0.01416185,0.34017341,0.210115607,0.378034682,0.42039801,0.002487562,0.508706468,0.031094527,0.19278607,0.307001239,0.002168525,0.413568773,0.190520446,0.173482032,Silage Corn,Yes,Yes,No,5,5.715062618,20.57002831
695,,KAT_JEF_2,9/9/24,0,0,0,0,601,276,325,0,0,0,,0,37,2024,0.005714286,49.9,62.41428571,74.95714286,54.17142857,0.105714286,16.10571429,0.116225547,0,0.150747986,0.415420023,0.355581128,0.093291103,0.000575871,0.113446588,0.561186294,0.274978405,0.103362391,0.01120797,0.138231631,0.388542964,0.216687422,0.0917603,0.007490637,0.117977528,0.527777778,0.176029963,Silage Corn,No,Yes,Yes,5,6.26295042,37.54327011
696,,KAT_HAB_4,9/9/24,17,5,12,1,1679,840,839,0.010125074,0.014302741,0.005952381,,18,37,2024,0,52.72857143,63.64285714,74.51428571,54.38571429,0.704285714,15.69142857,0.308840413,0.001148106,0.382319173,0.211251435,0.347876005,0.273484631,0.016949153,0.341568515,0.267739155,0.318012065,0.39378882,0.014906832,0.431055901,0.171428571,0.149068323,0.272614237,0.062480572,0.356854212,0.232514765,0.156978551,Silage Corn,Yes,Yes,Yes,5,5.97060585,22.10969543
697,,KAT_HAB_3,9/9/24,4,4,0,0,873,374,499,0.004581901,0,0.010695187,,4,37,2024,0,53.28571429,64.48571429,75.64285714,55,0.874285714,16.49714286,0.274712644,0.066666667,0.51954023,0.137931034,0.256321839,0.158561151,0.099856115,0.331510791,0.357985612,0.210647482,0.31552795,0.217391304,0.572670807,0.070807453,0.144099379,0.225465839,0.07484472,0.333229814,0.310248447,0.113975155,Soybean,No,No,Yes,5,6.10185194,27.97481728
698,,DIP_CUR,9/10/24,0,0,0,0,2105,1222,883,0,0,0,,0,37,2024,0.06,47.75714286,60.57142857,73.34285714,51.5,0.49,15.52142857,0.110982659,0.038150289,0.322543353,0.174566474,0.419653179,0.240762125,0.114896074,0.484411085,0.204099307,0.247113164,0.38875,0.0075,0.555,0.13875,0.155,0.308626596,0.06944877,0.54936157,0.164123326,0.143880411,Silage Corn,No,Yes,Yes,4,5.927192211,18.15420723
699,,WIS_COO,9/10/24,23,12,11,5,698,418,280,0.032951289,0.039285714,0.028708134,,28,37,2024,0,49.77142857,61.85714286,73.92857143,51.72857143,0.58,15.58857143,0.147295742,0.01150748,0.261219793,0.155350978,0.554660529,0.12056533,0.062013268,0.246899337,0.26910874,0.434092876,0.259119497,0.030188679,0.472955975,0.113207547,0.364779874,0.21799308,0.02327776,0.359547027,0.235923246,0.304183706,Silage Corn,No,Yes,No,5,5.968518734,24.17316246
700,,WIS_KEN,9/10/24,3,3,0,1,482,265,217,0.006224066,0,0.011320755,,4,37,2024,0,50.82857143,64.6,78.37142857,53.37142857,0.445714286,19.57,0.002309469,0.003464203,0.263279446,0.307159353,0.033487298,0.001443418,0.001443418,0.116628176,0.288972286,0.026270208,0,0.002525253,0.093434343,0.321969697,0.178030303,0.000314564,0.000629129,0.037118591,0.278074866,0.104435357,"Field Corn, Tomato, Squash",Yes,No,Yes,4,5.452927113,13.98438168
701,,WIS_COO_2,9/10/24,0,0,0,0,629,362,267,0,0,0,,0,37,2024,0,49.21428571,61.74285714,74.3,51.32857143,0.552857143,16.12428571,0.062355658,0.001154734,0.124711316,0.121247113,0.66743649,0.076479076,0.031168831,0.223376623,0.265512266,0.44992785,0.025188917,0.001259446,0.256926952,0.080604534,0.428211587,0.084091622,0.003765297,0.279573266,0.239723878,0.309381864,Silage Corn,No,Yes,No,5,5.539158821,23.32694054
702,,POV_DUN,9/10/24,1,0,1,0,52,26,26,0.019230769,0.038461538,0,,1,37,2024,0.132857143,48.38571429,62.18571429,76.01428571,52.68571429,0.19,17.94,0.002304147,0,0.002304147,0.495391705,0.411290323,0.000577367,0,0.000866051,0.529734411,0.329099307,0.00248139,0.001240695,0.009925558,0.482630273,0.333746898,0.002804612,0.001246494,0.031785603,0.479588657,0.272982237,Silage Corn,No,No,No,4,5.781182766,20.7029171
703,,ZUE_REE,9/10/24,218,184,34,36,3170,1801,1369,0.068769716,0.024835646,0.102165464,,254,37,2024,0.105714286,55.38571429,65.68571429,75.95714286,55.54285714,1.09,16.16,0.023094688,0.123556582,0.407621247,0.199769053,0.32448037,0.025921659,0.176843318,0.41359447,0.169354839,0.20218894,0.09729064,0.210591133,0.536945813,0.179802956,0.185960591,0.128292532,0.142547258,0.496436319,0.148435079,0.120855284,Wheat,Yes,No,Yes,4,6.537268639,24.44252777
704,,SEA_HOO,9/10/24,1,0,1,2,723,356,367,0.001383126,0.002724796,0,,3,37,2024,0.107142857,54.62857143,64.51428571,74.41428571,54.75714286,0.764285714,14.85285714,0.105324074,0.268518519,0.631944444,0.091435185,0.189814815,0.135969977,0.272517321,0.67147806,0.089203233,0.174942263,0.194029851,0.133084577,0.741293532,0.093283582,0.039800995,0.233983287,0.179510987,0.787681832,0.082017951,0.042092232,Sweet Corn,Yes,Yes,Yes,4,6.488575935,26.25037003
705,,STA_AYR,9/10/24,40,35,5,3,976,585,391,0.040983607,0.012787724,0.05982906,,43,37,2024,0.018571429,53.8,64.97142857,76.14285714,55.95714286,0.582857143,16.13142857,0.277522936,0.058486239,0.415137615,0.365825688,0.152522936,0.148617512,0.030817972,0.270737327,0.495679724,0.171947005,0.079110012,0.242274413,0.470951792,0.327564895,0.132262052,0.071560765,0.175817397,0.313386798,0.482109809,0.11967921,Soybean,No,No,Yes,3,6.536432266,34.06747055
706,,DIP_PAT,9/10/24,23,21,2,1,2204,1209,995,0.010435572,0.00201005,0.017369727,,24,37,2024,0.081428571,53.95714286,65,76.05714286,56.02857143,0.54,15.88428571,0.384704519,0.004634994,0.475086906,0.361529548,0.162224797,0.356132756,0.004617605,0.638961039,0.172005772,0.148051948,0.388337469,0.023573201,0.549627792,0.339950372,0.054590571,0.256710892,0.140080222,0.721382289,0.14594261,0.053687134,Silage Corn,Yes,Yes,No,5,6.454941273,26.51252174
707,,STA_THO,9/10/24,14,9,5,3,1163,622,541,0.012037833,0.009242144,0.014469453,,17,37,2024,0.218571429,52.97142857,64.75714286,76.48571429,55.81428571,0.5,16.60428571,0.384792627,0.074884793,0.517281106,0.054147465,0.299539171,0.291402193,0.045008656,0.362088863,0.239469129,0.27034045,0.180024661,0.257706535,0.605425401,0.051787916,0.141800247,0.159692308,0.199076923,0.472923077,0.220307692,0.138769231,Grain Corn,No,No,No,3,6.241055012,20.55567551
708,,DIP_FLE,9/10/24,7,5,2,0,1196,650,546,0.005852843,0.003663004,0.007692308,,7,37,2024,0.065714286,53.31428571,64.32857143,75.41428571,54.62857143,0.538571429,16.02,0.412918108,0.002306805,0.519031142,0.228373702,0.193771626,0.268686869,0.002020202,0.550649351,0.171139971,0.220779221,0.4622057,0.002478315,0.566294919,0.194547708,0.168525403,0.302484472,0.005590062,0.604658385,0.145652174,0.12173913,Silage Corn,No,No,No,5,6.317162514,28.22133827
709,,SMI_JOH,9/16/24,1,1,0,0,346,225,121,0.002890173,0,0.004444444,,1,38,2024,0,56.82857143,68.87142857,80.92857143,58.34285714,0.954285714,19.47,0.284890427,0.001153403,0.327566321,0.332179931,0.277970012,0.23881028,0.000577534,0.254692463,0.409182789,0.276349986,0.236679058,0.080545229,0.436183395,0.262701363,0.182156134,0.152495379,0.125385089,0.345964264,0.359519409,0.178989526,Silage Corn,No,Yes,Yes,5,6.416008472,24.34096146
710,,KAT_HAB_3,9/16/24,2,0,2,0,873,374,499,0.002290951,0.004008016,0,,2,38,2024,0.048571429,57.1,69.47142857,81.84285714,58.6,1.03,21.08142857,0.274712644,0.066666667,0.51954023,0.137931034,0.256321839,0.158561151,0.099856115,0.331510791,0.357985612,0.210647482,0.31552795,0.217391304,0.572670807,0.070807453,0.144099379,0.225465839,0.07484472,0.333229814,0.310248447,0.113975155,Soybean,No,No,Yes,5,6.10185194,27.97481728
711,,KAT_HAB_4,9/16/24,9,7,2,1,1679,840,839,0.005360334,0.00238379,0.008333333,,10,38,2024,0.011428571,56.32857143,68.4,80.47142857,57.82857143,0.864285714,19.67428571,0.308840413,0.001148106,0.382319173,0.211251435,0.347876005,0.273484631,0.016949153,0.341568515,0.267739155,0.318012065,0.39378882,0.014906832,0.431055901,0.171428571,0.149068323,0.272614237,0.062480572,0.356854212,0.232514765,0.156978551,Silage Corn,Yes,Yes,Yes,5,5.97060585,22.10969543
712,,KAT_JEF_2,9/16/24,0,0,0,0,601,276,325,0,0,0,,0,38,2024,0,54.52857143,67.17142857,79.81428571,58.07142857,0.314285714,18.93714286,0.116225547,0,0.150747986,0.415420023,0.355581128,0.093291103,0.000575871,0.113446588,0.561186294,0.274978405,0.103362391,0.01120797,0.138231631,0.388542964,0.216687422,0.0917603,0.007490637,0.117977528,0.527777778,0.176029963,Silage Corn,No,Yes,Yes,5,6.26295042,37.54327011
713,,KAT_JEF,9/16/24,1,1,0,0,319,174,145,0.003134796,0,0.005747126,,1,38,2024,0,54.3,67.15714286,80,57.88571429,0.291428571,19.35857143,0.067816092,0,0.08045977,0.456321839,0.390804598,0.049539171,0,0.053859447,0.43375576,0.387384793,0.08135169,0,0.082603254,0.4718398,0.202753442,0.056697819,0.001557632,0.070093458,0.415576324,0.204049844,Silage Corn,No,Yes,Yes,5,5.586032867,22.36896324
714,,DIP_PAT,9/17/24,9,9,0,1,2204,1209,995,0.004083485,0,0.007444169,,10,38,2024,0,58.1,69.57142857,81.01428571,60,0.75,19.25142857,0.384704519,0.004634994,0.475086906,0.361529548,0.162224797,0.356132756,0.004617605,0.638961039,0.172005772,0.148051948,0.388337469,0.023573201,0.549627792,0.339950372,0.054590571,0.256710892,0.140080222,0.721382289,0.14594261,0.053687134,Silage Corn,Yes,Yes,No,5,6.454941273,26.51252174
715,,DEG_FOU_WOOD,9/17/24,0,0,0,0,1408,694,714,0,0,0,,0,38,2024,0,51.22857143,64.5,77.77142857,55.8,0.13,18.13142857,0.339491917,0,0.451501155,0.061200924,0.387990762,0.245086705,0.01416185,0.34017341,0.210115607,0.378034682,0.42039801,0.002487562,0.508706468,0.031094527,0.19278607,0.307001239,0.002168525,0.413568773,0.190520446,0.173482032,Silage Corn,Yes,Yes,No,5,5.715062618,20.57002831
716,,STA_THO,9/17/24,5,3,2,1,1163,622,541,0.004299226,0.003696858,0.004823151,,6,38,2024,0,55.62857143,68.02857143,80.38571429,59.94285714,0.235714286,18.04,0.384792627,0.074884793,0.517281106,0.054147465,0.299539171,0.291402193,0.045008656,0.362088863,0.239469129,0.27034045,0.180024661,0.257706535,0.605425401,0.051787916,0.141800247,0.159692308,0.199076923,0.472923077,0.220307692,0.138769231,Grain Corn,No,No,No,3,6.241055012,20.55567551
717,,STA_AYR,9/17/24,15,14,1,0,976,585,391,0.015368852,0.002557545,0.023931624,,15,38,2024,0.011428571,56.35714286,68.14285714,79.92857143,60.02857143,0.334285714,17.29714286,0.277522936,0.058486239,0.415137615,0.365825688,0.152522936,0.148617512,0.030817972,0.270737327,0.495679724,0.171947005,0.079110012,0.242274413,0.470951792,0.327564895,0.132262052,0.071560765,0.175817397,0.313386798,0.482109809,0.11967921,Soybean,No,No,Yes,3,6.536432266,34.06747055
718,,DIP_FLE,9/17/24,11,4,7,5,1196,650,546,0.009197324,0.012820513,0.006153846,,16,38,2024,0,56.62857143,68.2,79.77142857,58.32857143,0.687142857,19.06714286,0.412918108,0.002306805,0.519031142,0.228373702,0.193771626,0.268686869,0.002020202,0.550649351,0.171139971,0.220779221,0.4622057,0.002478315,0.566294919,0.194547708,0.168525403,0.302484472,0.005590062,0.604658385,0.145652174,0.12173913,Silage Corn,No,No,No,5,6.317162514,28.22133827
719,,SEA_HOO,9/17/24,4,2,2,1,723,356,367,0.005532503,0.005449591,0.005617978,,5,38,2024,0,57.4,67.97142857,78.52857143,58.9,0.574285714,16.87,0.105324074,0.268518519,0.631944444,0.091435185,0.189814815,0.135969977,0.272517321,0.67147806,0.089203233,0.174942263,0.194029851,0.133084577,0.741293532,0.093283582,0.039800995,0.233983287,0.179510987,0.787681832,0.082017951,0.042092232,Sweet Corn,Yes,Yes,Yes,4,6.488575935,26.25037003
720,,DEG_DIE_HILL,9/17/24,0,0,0,0,863,395,468,0,0,0,,0,38,2024,0,51.12857143,64.6,78.02857143,55.84285714,0.122857143,18.49857143,0.188439306,0.301734104,0.576878613,0.050867052,0.306358382,0.166233766,0.07965368,0.285714286,0.207503608,0.267243867,0.367119901,0.007416564,0.597033375,0.044499382,0.171817058,0.149689441,0.003416149,0.311490683,0.196583851,0.186024845,Grain Corn,Yes,No,No,5,6.039941311,24.28417015
721,,ZUE_REE,9/17/24,18,14,4,8,3170,1801,1369,0.005678233,0.002921841,0.007773459,,26,38,2024,0.002857143,58.6,69.27142857,79.95714286,59.71428571,1.102857143,18.03,0.023094688,0.123556582,0.407621247,0.199769053,0.32448037,0.025921659,0.176843318,0.41359447,0.169354839,0.20218894,0.09729064,0.210591133,0.536945813,0.179802956,0.185960591,0.128292532,0.142547258,0.496436319,0.148435079,0.120855284,Wheat,Yes,No,Yes,4,6.537268639,24.44252777
722,,WIS_COO_2,9/17/24,0,0,0,0,629,362,267,0,0,0,,0,38,2024,0,51.35714286,63.9,76.44285714,54.22857143,0.668571429,16.72428571,0.062355658,0.001154734,0.124711316,0.121247113,0.66743649,0.076479076,0.031168831,0.223376623,0.265512266,0.44992785,0.025188917,0.001259446,0.256926952,0.080604534,0.428211587,0.084091622,0.003765297,0.279573266,0.239723878,0.309381864,Silage Corn,No,Yes,No,5,5.539158821,23.32694054
723,,POV_DUN,9/17/24,0,0,0,0,52,26,26,0,0,0,,0,38,2024,0,51.38571429,65.81428571,80.25714286,56.48571429,0.162857143,20.90285714,0.002304147,0,0.002304147,0.495391705,0.411290323,0.000577367,0,0.000866051,0.529734411,0.329099307,0.00248139,0.001240695,0.009925558,0.482630273,0.333746898,0.002804612,0.001246494,0.031785603,0.479588657,0.272982237,Silage Corn,No,No,No,4,5.781182766,20.7029171
724,,WIS_KEN,9/17/24,1,0,1,0,482,265,217,0.002074689,0.004608295,0,,1,38,2024,0,52.38571429,66.17142857,79.92857143,56.5,0.295714286,19.36571429,0.002309469,0.003464203,0.263279446,0.307159353,0.033487298,0.001443418,0.001443418,0.116628176,0.288972286,0.026270208,0,0.002525253,0.093434343,0.321969697,0.178030303,0.000314564,0.000629129,0.037118591,0.278074866,0.104435357,"Field Corn, Tomato, Squash",Yes,No,Yes,4,5.452927113,13.98438168
725,,WIS_COO,9/17/24,21,17,4,0,698,418,280,0.03008596,0.014285714,0.040669856,,21,38,2024,0,51.88571429,63.95714286,76.04285714,54.67142857,0.65,16.07285714,0.147295742,0.01150748,0.261219793,0.155350978,0.554660529,0.12056533,0.062013268,0.246899337,0.26910874,0.434092876,0.259119497,0.030188679,0.472955975,0.113207547,0.364779874,0.21799308,0.02327776,0.359547027,0.235923246,0.304183706,Silage Corn,No,Yes,No,5,5.968518734,24.17316246
726,,DEG_PER_STRIP,9/17/24,0,0,0,0,2048,1016,1032,0,0,0,,0,38,2024,0,51.31428571,64.8,78.27142857,56.4,0.055714286,18.38714286,0.170310702,0.193325662,0.449942463,0.126582278,0.372842348,0.233919815,0.073262186,0.366310932,0.344101529,0.235938852,0.238509317,0.070807453,0.57515528,0.114285714,0.182608696,0.219398822,0.038735668,0.408738767,0.320111559,0.138518748,Grain Corn,Yes,No,No,5,5.993263245,23.35876274
727,,DIP_CUR,9/17/24,15,12,3,8,2105,1222,883,0.007125891,0.003397508,0.009819967,,23,38,2024,0.001428571,49.68571429,63.87142857,78.04285714,54.98571429,0.395714286,18.27857143,0.110982659,0.038150289,0.322543353,0.174566474,0.419653179,0.240762125,0.114896074,0.484411085,0.204099307,0.247113164,0.38875,0.0075,0.555,0.13875,0.155,0.308626596,0.06944877,0.54936157,0.164123326,0.143880411,Silage Corn,No,Yes,Yes,4,5.927192211,18.15420723
728,,KAT_JEF,9/23/24,0,0,0,0,319,174,145,0,0,0,,0,39,2024,0.157142857,59.42857143,65.51428571,71.65714286,61.4,0.351428571,7.862857143,0.067816092,0,0.08045977,0.456321839,0.390804598,0.049539171,0,0.053859447,0.43375576,0.387384793,0.08135169,0,0.082603254,0.4718398,0.202753442,0.056697819,0.001557632,0.070093458,0.415576324,0.204049844,Silage Corn,No,Yes,Yes,5,5.586032867,22.36896324
729,,KAT_HAB_3,9/23/24,4,3,1,1,873,374,499,0.004581901,0.002004008,0.00802139,,5,39,2024,0.1,59.21428571,66.52857143,73.8,60.9,0.488571429,10.38,0.274712644,0.066666667,0.51954023,0.137931034,0.256321839,0.158561151,0.099856115,0.331510791,0.357985612,0.210647482,0.31552795,0.217391304,0.572670807,0.070807453,0.144099379,0.225465839,0.07484472,0.333229814,0.310248447,0.113975155,Soybean,No,No,Yes,5,6.10185194,27.97481728
730,,DEG_PER_STRIP,9/23/24,2,2,0,0,2048,1016,1032,0.000976563,0,0.001968504,,2,39,2024,0.114285714,54.22857143,60.57142857,66.94285714,56.32857143,0.477142857,7.331428571,0.170310702,0.193325662,0.449942463,0.126582278,0.372842348,0.233919815,0.073262186,0.366310932,0.344101529,0.235938852,0.238509317,0.070807453,0.57515528,0.114285714,0.182608696,0.219398822,0.038735668,0.408738767,0.320111559,0.138518748,Grain Corn,Yes,No,No,5,5.993263245,23.35876274
731,,DEG_FOU_WOOD,9/23/24,0,0,0,0,1408,694,714,0,0,0,,0,39,2024,0.172857143,54.8,60.65714286,66.45714286,56,0.501428571,7.145714286,0.339491917,0,0.451501155,0.061200924,0.387990762,0.245086705,0.01416185,0.34017341,0.210115607,0.378034682,0.42039801,0.002487562,0.508706468,0.031094527,0.19278607,0.307001239,0.002168525,0.413568773,0.190520446,0.173482032,Silage Corn,Yes,Yes,No,5,5.715062618,20.57002831
732,,KAT_HAB_4,9/23/24,44,29,15,15,1679,840,839,0.026206075,0.017878427,0.03452381,,59,39,2024,0.101428571,58.4,65.4,72.38571429,60.21428571,0.442857143,9.42,0.308840413,0.001148106,0.382319173,0.211251435,0.347876005,0.273484631,0.016949153,0.341568515,0.267739155,0.318012065,0.39378882,0.014906832,0.431055901,0.171428571,0.149068323,0.272614237,0.062480572,0.356854212,0.232514765,0.156978551,Silage Corn,Yes,Yes,Yes,5,5.97060585,22.10969543
733,,DEG_VIL,9/23/24,7,6,1,4,1155,657,498,0.006060606,0.002008032,0.00913242,,11,39,2024,0.11,54.6,61.11428571,67.61428571,56.08571429,0.585714286,7.935714286,0.548498845,0.026558891,0.595842956,0.162817552,0.118937644,0.275981524,0.040415704,0.380773672,0.259526559,0.213337182,0.558312655,0.023573201,0.601736973,0.096774194,0.129032258,0.309361438,0.013949163,0.432114073,0.210477371,0.140111593,Grain Corn,No,No,Yes,5,6.654009819,18.75856018
734,,KAT_JEF_2,9/23/24,0,0,0,0,601,276,325,0,0,0,,0,39,2024,0.127142857,59.28571429,65.47142857,71.68571429,61.34285714,0.342857143,7.894285714,0.116225547,0,0.150747986,0.415420023,0.355581128,0.093291103,0.000575871,0.113446588,0.561186294,0.274978405,0.103362391,0.01120797,0.138231631,0.388542964,0.216687422,0.0917603,0.007490637,0.117977528,0.527777778,0.176029963,Silage Corn,No,Yes,Yes,5,6.26295042,37.54327011
735,,DIP_PAT,9/24/24,1,1,0,0,2204,1209,995,0.000453721,0,0.00082713,,1,39,2024,0.144285714,58.42857143,64.58571429,70.74285714,59.11428571,0.714285714,8.561428571,0.384704519,0.004634994,0.475086906,0.361529548,0.162224797,0.356132756,0.004617605,0.638961039,0.172005772,0.148051948,0.388337469,0.023573201,0.549627792,0.339950372,0.054590571,0.256710892,0.140080222,0.721382289,0.14594261,0.053687134,Silage Corn,Yes,Yes,No,5,6.454941273,26.51252174
736,,STA_AYR,9/24/24,0,0,0,0,976,585,391,0,0,0,,0,39,2024,0.128571429,57.85714286,64.45714286,71.05714286,59.11428571,0.58,8.965714286,0.277522936,0.058486239,0.415137615,0.365825688,0.152522936,0.148617512,0.030817972,0.270737327,0.495679724,0.171947005,0.079110012,0.242274413,0.470951792,0.327564895,0.132262052,0.071560765,0.175817397,0.313386798,0.482109809,0.11967921,Soybean,No,No,Yes,3,6.536432266,34.06747055
737,,POV_DUN,9/24/24,0,0,0,0,52,26,26,0,0,0,,0,39,2024,0.094285714,56.15714286,62.14285714,68.12857143,56.58571429,0.787142857,8.135714286,0.002304147,0,0.002304147,0.495391705,0.411290323,0.000577367,0,0.000866051,0.529734411,0.329099307,0.00248139,0.001240695,0.009925558,0.482630273,0.333746898,0.002804612,0.001246494,0.031785603,0.479588657,0.272982237,Silage Corn,No,No,No,4,5.781182766,20.7029171
738,,STA_THO,9/24/24,11,7,4,5,1163,622,541,0.009458298,0.007393715,0.011254019,,16,39,2024,0.13,57.22857143,64.65714286,72.08571429,59.07142857,0.531428571,10.13428571,0.384792627,0.074884793,0.517281106,0.054147465,0.299539171,0.291402193,0.045008656,0.362088863,0.239469129,0.27034045,0.180024661,0.257706535,0.605425401,0.051787916,0.141800247,0.159692308,0.199076923,0.472923077,0.220307692,0.138769231,Grain Corn,No,No,No,3,6.241055012,20.55567551
739,,SEA_HOO,9/24/24,26,15,11,0,723,356,367,0.035961272,0.029972752,0.042134831,,26,39,2024,0.141428571,58.32857143,63.25714286,68.22857143,58.7,0.607142857,6.814285714,0.105324074,0.268518519,0.631944444,0.091435185,0.189814815,0.135969977,0.272517321,0.67147806,0.089203233,0.174942263,0.194029851,0.133084577,0.741293532,0.093283582,0.039800995,0.233983287,0.179510987,0.787681832,0.082017951,0.042092232,Sweet Corn,Yes,Yes,Yes,4,6.488575935,26.25037003
740,,ZUE_REE,9/24/24,24,16,8,5,3170,1801,1369,0.007570978,0.005843682,0.008883953,,29,39,2024,0.158571429,58.9,64.47142857,70.01428571,59.01428571,0.967142857,7.951428571,0.023094688,0.123556582,0.407621247,0.199769053,0.32448037,0.025921659,0.176843318,0.41359447,0.169354839,0.20218894,0.09729064,0.210591133,0.536945813,0.179802956,0.185960591,0.128292532,0.142547258,0.496436319,0.148435079,0.120855284,Wheat,Yes,No,Yes,4,6.537268639,24.44252777
741,,DIP_FLE,9/24/24,3,1,2,2,1196,650,546,0.002508361,0.003663004,0.001538462,,5,39,2024,0.214285714,57.71428571,63.04285714,68.38571429,58.18571429,0.672857143,7.37,0.412918108,0.002306805,0.519031142,0.228373702,0.193771626,0.268686869,0.002020202,0.550649351,0.171139971,0.220779221,0.4622057,0.002478315,0.566294919,0.194547708,0.168525403,0.302484472,0.005590062,0.604658385,0.145652174,0.12173913,Silage Corn,No,No,No,5,6.317162514,28.22133827
742,,DIP_CUR,9/24/24,16,15,1,7,2105,1222,883,0.00760095,0.001132503,0.012274959,,23,39,2024,0.135714286,55.22857143,61.11428571,67.01428571,55.55714286,1.021428571,7.635714286,0.110982659,0.038150289,0.322543353,0.174566474,0.419653179,0.240762125,0.114896074,0.484411085,0.204099307,0.247113164,0.38875,0.0075,0.555,0.13875,0.155,0.308626596,0.06944877,0.54936157,0.164123326,0.143880411,Silage Corn,No,Yes,Yes,4,5.927192211,18.15420723
743,,WIS_KEN,9/25/24,1,1,0,1,482,265,217,0.002074689,0,0.003773585,,2,39,2024,0.12,56.02857143,62.9,69.71428571,56.34285714,0.66,9.642857143,0.002309469,0.003464203,0.263279446,0.307159353,0.033487298,0.001443418,0.001443418,0.116628176,0.288972286,0.026270208,0,0.002525253,0.093434343,0.321969697,0.178030303,0.000314564,0.000629129,0.037118591,0.278074866,0.104435357,"Field Corn, Tomato, Squash",Yes,No,Yes,4,5.452927113,13.98438168
744,,WIS_COO_2,9/25/24,1,0,1,0,629,362,267,0.001589825,0.003745318,0,,1,39,2024,0.118571429,53.77142857,60.47142857,67.15714286,53.8,0.761428571,8.641428571,0.062355658,0.001154734,0.124711316,0.121247113,0.66743649,0.076479076,0.031168831,0.223376623,0.265512266,0.44992785,0.025188917,0.001259446,0.256926952,0.080604534,0.428211587,0.084091622,0.003765297,0.279573266,0.239723878,0.309381864,Silage Corn,No,Yes,No,5,5.539158821,23.32694054
745,,WIS_COO,9/25/24,8,8,0,0,698,418,280,0.011461318,0,0.019138756,,8,39,2024,0.118571429,54.24285714,60.47142857,66.74285714,54.14285714,0.741428571,8.118571429,0.147295742,0.01150748,0.261219793,0.155350978,0.554660529,0.12056533,0.062013268,0.246899337,0.26910874,0.434092876,0.259119497,0.030188679,0.472955975,0.113207547,0.364779874,0.21799308,0.02327776,0.359547027,0.235923246,0.304183706,Silage Corn,No,Yes,No,5,5.968518734,24.17316246
746,,KAT_JEF,9/30/24,0,0,0,0,319,174,145,0,0,0,,0,40,2024,0.027142857,47.81428571,58.81428571,69.84285714,52.2,0.17,11.08714286,0.067816092,0,0.08045977,0.456321839,0.390804598,0.049539171,0,0.053859447,0.43375576,0.387384793,0.08135169,0,0.082603254,0.4718398,0.202753442,0.056697819,0.001557632,0.070093458,0.415576324,0.204049844,Silage Corn,No,Yes,Yes,5,5.586032867,22.36896324
747,,KAT_HAB_3,9/30/24,12,1,11,3,873,374,499,0.013745704,0.022044088,0.002673797,,15,40,2024,0.031428571,49.84285714,60.27142857,70.7,52.52857143,0.44,11.79142857,0.274712644,0.066666667,0.51954023,0.137931034,0.256321839,0.158561151,0.099856115,0.331510791,0.357985612,0.210647482,0.31552795,0.217391304,0.572670807,0.070807453,0.144099379,0.225465839,0.07484472,0.333229814,0.310248447,0.113975155,Soybean,No,No,Yes,5,6.10185194,27.97481728
748,,DEG_DIE_HILL,9/30/24,0,0,0,0,863,395,468,0,0,0,,0,40,2024,0.031428571,47.18571429,56.88571429,66.58571429,51.51428571,0.057142857,9.267142857,0.188439306,0.301734104,0.576878613,0.050867052,0.306358382,0.166233766,0.07965368,0.285714286,0.207503608,0.267243867,0.367119901,0.007416564,0.597033375,0.044499382,0.171817058,0.149689441,0.003416149,0.311490683,0.196583851,0.186024845,Grain Corn,Yes,No,No,5,6.039941311,24.28417015
749,,DEG_PER_STRIP,9/30/24,31,20,11,24,2048,1016,1032,0.015136719,0.010658915,0.019685039,,55,40,2024,0.031428571,46.94285714,56.95714286,66.95714286,51.44285714,0.047142857,9.578571429,0.170310702,0.193325662,0.449942463,0.126582278,0.372842348,0.233919815,0.073262186,0.366310932,0.344101529,0.235938852,0.238509317,0.070807453,0.57515528,0.114285714,0.182608696,0.219398822,0.038735668,0.408738767,0.320111559,0.138518748,Grain Corn,Yes,No,No,5,5.993263245,23.35876274
750,,DEG_FOU_WOOD,9/30/24,7,1,6,4,1408,694,714,0.004971591,0.008403361,0.001440922,,11,40,2024,0.037142857,47.78571429,57.14285714,66.54285714,51.54285714,0.097142857,9.19,0.339491917,0,0.451501155,0.061200924,0.387990762,0.245086705,0.01416185,0.34017341,0.210115607,0.378034682,0.42039801,0.002487562,0.508706468,0.031094527,0.19278607,0.307001239,0.002168525,0.413568773,0.190520446,0.173482032,Silage Corn,Yes,Yes,No,5,5.715062618,20.57002831
751,,KAT_HAB_4,9/30/24,198,144,54,26,1679,840,839,0.117927338,0.064362336,0.171428571,,224,40,2024,0.032857143,48.98571429,59.47142857,69.95714286,51.67142857,0.328571429,11.62714286,0.308840413,0.001148106,0.382319173,0.211251435,0.347876005,0.273484631,0.016949153,0.341568515,0.267739155,0.318012065,0.39378882,0.014906832,0.431055901,0.171428571,0.149068323,0.272614237,0.062480572,0.356854212,0.232514765,0.156978551,Silage Corn,Yes,Yes,Yes,5,5.97060585,22.10969543
752,,WIS_COO_2,10/1/24,5,2,3,1,629,362,267,0.007949126,0.011235955,0.005524862,,6,40,2024,0.007142857,49.18571429,59.08571429,68.95714286,51.94285714,0.42,10.90285714,0.062355658,0.001154734,0.124711316,0.121247113,0.66743649,0.076479076,0.031168831,0.223376623,0.265512266,0.44992785,0.025188917,0.001259446,0.256926952,0.080604534,0.428211587,0.084091622,0.003765297,0.279573266,0.239723878,0.309381864,Silage Corn,No,Yes,No,5,5.539158821,23.32694054
753,,DIP_FLE,10/1/24,11,4,7,3,1196,650,546,0.009197324,0.012820513,0.006153846,,14,40,2024,0.045714286,51.5,59.71428571,67.97142857,53.05714286,0.237142857,9.631428571,0.412918108,0.002306805,0.519031142,0.228373702,0.193771626,0.268686869,0.002020202,0.550649351,0.171139971,0.220779221,0.4622057,0.002478315,0.566294919,0.194547708,0.168525403,0.302484472,0.005590062,0.604658385,0.145652174,0.12173913,Silage Corn,No,No,No,5,6.317162514,28.22133827
754,,STA_THO,10/1/24,14,9,5,12,1163,622,541,0.012037833,0.009242144,0.014469453,,26,40,2024,0.015714286,50.01428571,60.7,71.38571429,53.35714286,0.208571429,12.28142857,0.384792627,0.074884793,0.517281106,0.054147465,0.299539171,0.291402193,0.045008656,0.362088863,0.239469129,0.27034045,0.180024661,0.257706535,0.605425401,0.051787916,0.141800247,0.159692308,0.199076923,0.472923077,0.220307692,0.138769231,Grain Corn,No,No,No,3,6.241055012,20.55567551
755,,POV_DUN,10/1/24,0,0,0,0,52,26,26,0,0,0,,0,40,2024,0.041428571,49.32857143,58.71428571,68.11428571,52.07142857,0.281428571,10.43857143,0.002304147,0,0.002304147,0.495391705,0.411290323,0.000577367,0,0.000866051,0.529734411,0.329099307,0.00248139,0.001240695,0.009925558,0.482630273,0.333746898,0.002804612,0.001246494,0.031785603,0.479588657,0.272982237,Silage Corn,No,No,No,4,5.781182766,20.7029171
756,,STA_AYR,10/1/24,2,2,0,0,976,585,391,0.00204918,0,0.003418803,,2,40,2024,0.022857143,50.52857143,60.67142857,70.81428571,53.35714286,0.25,11.86,0.277522936,0.058486239,0.415137615,0.365825688,0.152522936,0.148617512,0.030817972,0.270737327,0.495679724,0.171947005,0.079110012,0.242274413,0.470951792,0.327564895,0.132262052,0.071560765,0.175817397,0.313386798,0.482109809,0.11967921,Soybean,No,No,Yes,3,6.536432266,34.06747055
757,,DIP_CUR,10/1/24,96,90,6,17,2105,1222,883,0.045605701,0.006795017,0.073649755,,113,40,2024,0.037142857,48.8,57.88571429,66.97142857,51.24285714,0.464285714,9.672857143,0.110982659,0.038150289,0.322543353,0.174566474,0.419653179,0.240762125,0.114896074,0.484411085,0.204099307,0.247113164,0.38875,0.0075,0.555,0.13875,0.155,0.308626596,0.06944877,0.54936157,0.164123326,0.143880411,Silage Corn,No,Yes,Yes,4,5.927192211,18.15420723
758,,ZUE_REE,10/1/24,76,39,37,8,3170,1801,1369,0.023974763,0.027027027,0.021654636,,84,40,2024,0.027142857,52.4,61.51428571,70.58571429,53.35714286,0.53,11.73,0.023094688,0.123556582,0.407621247,0.199769053,0.32448037,0.025921659,0.176843318,0.41359447,0.169354839,0.20218894,0.09729064,0.210591133,0.536945813,0.179802956,0.185960591,0.128292532,0.142547258,0.496436319,0.148435079,0.120855284,Wheat,Yes,No,Yes,4,6.537268639,24.44252777
759,,WIS_KEN,10/1/24,1,1,0,2,482,265,217,0.002074689,0,0.003773585,,3,40,2024,0.005714286,51.61428571,61.54285714,71.47142857,54.07142857,0.484285714,12.38,0.002309469,0.003464203,0.263279446,0.307159353,0.033487298,0.001443418,0.001443418,0.116628176,0.288972286,0.026270208,0,0.002525253,0.093434343,0.321969697,0.178030303,0.000314564,0.000629129,0.037118591,0.278074866,0.104435357,"Field Corn, Tomato, Squash",Yes,No,Yes,4,5.452927113,13.98438168
760,,WIS_COO,10/1/24,6,5,1,1,698,418,280,0.008595989,0.003571429,0.011961722,,7,40,2024,0.007142857,49.94285714,59.34285714,68.71428571,52.27142857,0.492857143,10.53428571,0.147295742,0.01150748,0.261219793,0.155350978,0.554660529,0.12056533,0.062013268,0.246899337,0.26910874,0.434092876,0.259119497,0.030188679,0.472955975,0.113207547,0.364779874,0.21799308,0.02327776,0.359547027,0.235923246,0.304183706,Silage Corn,No,Yes,No,5,5.968518734,24.17316246
761,,SEA_HOO,10/1/24,87,18,69,20,723,356,367,0.12033195,0.188010899,0.050561798,,107,40,2024,0.018571429,51.27142857,59.97142857,68.68571429,52.55714286,0.192857143,10.61142857,0.105324074,0.268518519,0.631944444,0.091435185,0.189814815,0.135969977,0.272517321,0.67147806,0.089203233,0.174942263,0.194029851,0.133084577,0.741293532,0.093283582,0.039800995,0.233983287,0.179510987,0.787681832,0.082017951,0.042092232,Sweet Corn,Yes,Yes,Yes,4,6.488575935,26.25037003
762,,DIP_PAT,10/1/24,14,7,7,3,2204,1209,995,0.006352087,0.007035176,0.005789909,,17,40,2024,0.02,51.37142857,61,70.67142857,53.92857143,0.315714286,11.45285714,0.384704519,0.004634994,0.475086906,0.361529548,0.162224797,0.356132756,0.004617605,0.638961039,0.172005772,0.148051948,0.388337469,0.023573201,0.549627792,0.339950372,0.054590571,0.256710892,0.140080222,0.721382289,0.14594261,0.053687134,Silage Corn,Yes,Yes,No,5,6.454941273,26.51252174
763,,DEG_DIE_HILL,10/7/24,1,1,0,0,863,395,468,0.001158749,0,0.002531646,,1,41,2024,0.107142857,35.37142857,47.18571429,59,41.27142857,0.04,8.94,0.188439306,0.301734104,0.576878613,0.050867052,0.306358382,0.166233766,0.07965368,0.285714286,0.207503608,0.267243867,0.367119901,0.007416564,0.597033375,0.044499382,0.171817058,0.149689441,0.003416149,0.311490683,0.196583851,0.186024845,Grain Corn,Yes,No,No,5,6.039941311,24.28417015
764,,KAT_JEF_2,10/7/24,1,0,1,0,601,276,325,0.001663894,0.003076923,0,,1,41,2024,0.23,38.81428571,50.8,62.78571429,42.68571429,0.124285714,10.91,0.116225547,0,0.150747986,0.415420023,0.355581128,0.093291103,0.000575871,0.113446588,0.561186294,0.274978405,0.103362391,0.01120797,0.138231631,0.388542964,0.216687422,0.0917603,0.007490637,0.117977528,0.527777778,0.176029963,Silage Corn,No,Yes,Yes,5,6.26295042,37.54327011
765,,KAT_HAB_3,10/7/24,4,3,1,3,873,374,499,0.004581901,0.002004008,0.00802139,,7,41,2024,0.158571429,42.1,52.78571429,63.44285714,42.98571429,0.667142857,11.22857143,0.274712644,0.066666667,0.51954023,0.137931034,0.256321839,0.158561151,0.099856115,0.331510791,0.357985612,0.210647482,0.31552795,0.217391304,0.572670807,0.070807453,0.144099379,0.225465839,0.07484472,0.333229814,0.310248447,0.113975155,Soybean,No,No,Yes,5,6.10185194,27.97481728
766,,DEG_FOU_WOOD,10/7/24,3,3,0,0,1408,694,714,0.002130682,0,0.004322767,,3,41,2024,0.091428571,35.41428571,47.2,58.98571429,41.3,0.058571429,8.882857143,0.339491917,0,0.451501155,0.061200924,0.387990762,0.245086705,0.01416185,0.34017341,0.210115607,0.378034682,0.42039801,0.002487562,0.508706468,0.031094527,0.19278607,0.307001239,0.002168525,0.413568773,0.190520446,0.173482032,Silage Corn,Yes,Yes,No,5,5.715062618,20.57002831
767,,KAT_JEF,10/7/24,3,1,2,1,319,174,145,0.009404389,0.013793103,0.005747126,,4,41,2024,0.221428571,38.55714286,50.72857143,62.9,42.68571429,0.09,11.00571429,0.067816092,0,0.08045977,0.456321839,0.390804598,0.049539171,0,0.053859447,0.43375576,0.387384793,0.08135169,0,0.082603254,0.4718398,0.202753442,0.056697819,0.001557632,0.070093458,0.415576324,0.204049844,Silage Corn,No,Yes,Yes,5,5.586032867,22.36896324
768,,KAT_HAB_4,10/7/24,5,4,1,0,1679,840,839,0.002977963,0.001191895,0.004761905,,5,41,2024,0.152857143,40.5,51.47142857,62.44285714,41.84285714,0.472857143,10.87,0.308840413,0.001148106,0.382319173,0.211251435,0.347876005,0.273484631,0.016949153,0.341568515,0.267739155,0.318012065,0.39378882,0.014906832,0.431055901,0.171428571,0.149068323,0.272614237,0.062480572,0.356854212,0.232514765,0.156978551,Silage Corn,Yes,Yes,Yes,5,5.97060585,22.10969543
769,,SEA_HOO,10/8/24,17,10,7,1,723,356,367,0.02351314,0.019073569,0.028089888,,18,41,2024,0.051428571,42.1,52.05714286,62.01428571,42.24285714,0.807142857,10.52142857,0.105324074,0.268518519,0.631944444,0.091435185,0.189814815,0.135969977,0.272517321,0.67147806,0.089203233,0.174942263,0.194029851,0.133084577,0.741293532,0.093283582,0.039800995,0.233983287,0.179510987,0.787681832,0.082017951,0.042092232,Sweet Corn,Yes,Yes,Yes,4,6.488575935,26.25037003
770,,WIS_KEN,10/8/24,4,3,1,1,482,265,217,0.008298755,0.004608295,0.011320755,,5,41,2024,0.001428571,39.44285714,54.34285714,69.25714286,41.37142857,0.505714286,16.75285714,0.002309469,0.003464203,0.263279446,0.307159353,0.033487298,0.001443418,0.001443418,0.116628176,0.288972286,0.026270208,0,0.002525253,0.093434343,0.321969697,0.178030303,0.000314564,0.000629129,0.037118591,0.278074866,0.104435357,"Field Corn, Tomato, Squash",Yes,No,Yes,4,5.452927113,13.98438168
771,,ZUE_REE,10/8/24,28,16,12,7,3170,1801,1369,0.008832808,0.008765522,0.008883953,,35,41,2024,0.051428571,44,53.47142857,62.92857143,43.34285714,1.115714286,10.76142857,0.023094688,0.123556582,0.407621247,0.199769053,0.32448037,0.025921659,0.176843318,0.41359447,0.169354839,0.20218894,0.09729064,0.210591133,0.536945813,0.179802956,0.185960591,0.128292532,0.142547258,0.496436319,0.148435079,0.120855284,Wheat,Yes,No,Yes,4,6.537268639,24.44252777
772,,POV_DUN,10/8/24,0,0,0,0,52,26,26,0,0,0,,0,41,2024,0.105714286,35.55714286,48.44285714,61.34285714,41.31428571,0.111428571,10.40714286,0.002304147,0,0.002304147,0.495391705,0.411290323,0.000577367,0,0.000866051,0.529734411,0.329099307,0.00248139,0.001240695,0.009925558,0.482630273,0.333746898,0.002804612,0.001246494,0.031785603,0.479588657,0.272982237,Silage Corn,No,No,No,4,5.781182766,20.7029171
773,,WIS_COO_2,10/8/24,1,0,1,0,629,362,267,0.001589825,0.003745318,0,,1,41,2024,0.004285714,37.75714286,51.55714286,65.35714286,40.07142857,0.492857143,13.80428571,0.062355658,0.001154734,0.124711316,0.121247113,0.66743649,0.076479076,0.031168831,0.223376623,0.265512266,0.44992785,0.025188917,0.001259446,0.256926952,0.080604534,0.428211587,0.084091622,0.003765297,0.279573266,0.239723878,0.309381864,Silage Corn,No,Yes,No,5,5.539158821,23.32694054
774,,STA_AYR,10/8/24,1,0,1,0,976,585,391,0.00102459,0.002557545,0,,1,41,2024,0.074285714,42.42857143,52.44285714,62.44285714,43.51428571,0.722857143,10.35714286,0.277522936,0.058486239,0.415137615,0.365825688,0.152522936,0.148617512,0.030817972,0.270737327,0.495679724,0.171947005,0.079110012,0.242274413,0.470951792,0.327564895,0.132262052,0.071560765,0.175817397,0.313386798,0.482109809,0.11967921,Soybean,No,No,Yes,3,6.536432266,34.06747055
775,,WIS_COO,10/8/24,1,1,0,0,698,418,280,0.001432665,0,0.002392344,,1,41,2024,0.007142857,38.27142857,51.5,64.71428571,40.37142857,0.544285714,13.17285714,0.147295742,0.01150748,0.261219793,0.155350978,0.554660529,0.12056533,0.062013268,0.246899337,0.26910874,0.434092876,0.259119497,0.030188679,0.472955975,0.113207547,0.364779874,0.21799308,0.02327776,0.359547027,0.235923246,0.304183706,Silage Corn,No,Yes,No,5,5.968518734,24.17316246
776,,DIP_FLE,10/8/24,1,0,1,0,1196,650,546,0.00083612,0.001831502,0,,1,41,2024,0.06,41.72857143,51.35714286,60.94285714,43.12857143,0.524285714,9.438571429,0.412918108,0.002306805,0.519031142,0.228373702,0.193771626,0.268686869,0.002020202,0.550649351,0.171139971,0.220779221,0.4622057,0.002478315,0.566294919,0.194547708,0.168525403,0.302484472,0.005590062,0.604658385,0.145652174,0.12173913,Silage Corn,No,No,No,5,6.317162514,28.22133827
777,,DIP_CUR,10/8/24,7,5,2,5,2105,1222,883,0.003325416,0.002265006,0.004091653,,12,41,2024,0.088571429,34.24285714,47,59.74285714,40.28571429,0.224285714,9.562857143,0.110982659,0.038150289,0.322543353,0.174566474,0.419653179,0.240762125,0.114896074,0.484411085,0.204099307,0.247113164,0.38875,0.0075,0.555,0.13875,0.155,0.308626596,0.06944877,0.54936157,0.164123326,0.143880411,Silage Corn,No,Yes,Yes,4,5.927192211,18.15420723
778,,DIP_PAT,10/8/24,3,2,1,1,2204,1209,995,0.001361162,0.001005025,0.00165426,,4,41,2024,0.077142857,43.05714286,52.42857143,61.84285714,44.75714286,0.558571429,9.638571429,0.384704519,0.004634994,0.475086906,0.361529548,0.162224797,0.356132756,0.004617605,0.638961039,0.172005772,0.148051948,0.388337469,0.023573201,0.549627792,0.339950372,0.054590571,0.256710892,0.140080222,0.721382289,0.14594261,0.053687134,Silage Corn,Yes,Yes,No,5,6.454941273,26.51252174
779,,STA_THO,10/8/24,3,2,1,1,1163,622,541,0.002579536,0.001848429,0.003215434,,4,41,2024,0.127142857,41.77142857,52.1,62.47142857,43.52857143,0.618571429,10.39857143,0.384792627,0.074884793,0.517281106,0.054147465,0.299539171,0.291402193,0.045008656,0.362088863,0.239469129,0.27034045,0.180024661,0.257706535,0.605425401,0.051787916,0.141800247,0.159692308,0.199076923,0.472923077,0.220307692,0.138769231,Grain Corn,No,No,No,3,6.241055012,20.55567551
780,,KAT_JEF_2,10/14/24,19,6,13,8,601,276,325,0.031613977,0.04,0.02173913,,27,42,2024,0.188571429,33.45714286,43.95714286,54.42857143,37.62857143,0.061428571,7.28,0.116225547,0,0.150747986,0.415420023,0.355581128,0.093291103,0.000575871,0.113446588,0.561186294,0.274978405,0.103362391,0.01120797,0.138231631,0.388542964,0.216687422,0.0917603,0.007490637,0.117977528,0.527777778,0.176029963,Silage Corn,No,Yes,Yes,5,6.26295042,37.54327011
781,,KAT_HAB_3,10/14/24,45,20,25,7,873,374,499,0.051546392,0.0501002,0.053475936,,52,42,2024,0.29,36.07142857,45.1,54.1,38.31428571,0.274285714,6.762857143,0.274712644,0.066666667,0.51954023,0.137931034,0.256321839,0.158561151,0.099856115,0.331510791,0.357985612,0.210647482,0.31552795,0.217391304,0.572670807,0.070807453,0.144099379,0.225465839,0.07484472,0.333229814,0.310248447,0.113975155,Soybean,No,No,Yes,5,6.10185194,27.97481728
782,,KAT_HAB_4,10/14/24,7,6,1,2,1679,840,839,0.004169148,0.001191895,0.007142857,,9,42,2024,0.274285714,35,44.15714286,53.3,37.11428571,0.255714286,6.818571429,0.308840413,0.001148106,0.382319173,0.211251435,0.347876005,0.273484631,0.016949153,0.341568515,0.267739155,0.318012065,0.39378882,0.014906832,0.431055901,0.171428571,0.149068323,0.272614237,0.062480572,0.356854212,0.232514765,0.156978551,Silage Corn,Yes,Yes,Yes,5,5.97060585,22.10969543
783,,KAT_JEF,10/14/24,10,4,6,0,319,174,145,0.031347962,0.04137931,0.022988506,,10,42,2024,0.148571429,33.22857143,43.97142857,54.68571429,37.64285714,0.041428571,7.431428571,0.067816092,0,0.08045977,0.456321839,0.390804598,0.049539171,0,0.053859447,0.43375576,0.387384793,0.08135169,0,0.082603254,0.4718398,0.202753442,0.056697819,0.001557632,0.070093458,0.415576324,0.204049844,Silage Corn,No,Yes,Yes,5,5.586032867,22.36896324
784,,STA_AYR,10/15/24,5,0,5,2,976,585,391,0.005122951,0.012787724,0,,7,42,2024,0.2,38.05714286,46.37142857,54.71428571,39.24285714,0.267142857,7.271428571,0.277522936,0.058486239,0.415137615,0.365825688,0.152522936,0.148617512,0.030817972,0.270737327,0.495679724,0.171947005,0.079110012,0.242274413,0.470951792,0.327564895,0.132262052,0.071560765,0.175817397,0.313386798,0.482109809,0.11967921,Soybean,No,No,Yes,3,6.536432266,34.06747055
785,,DIP_FLE,10/15/24,7,3,4,2,1196,650,546,0.005852843,0.007326007,0.004615385,,9,42,2024,0.121428571,38.45714286,45.65714286,52.85714286,38.48571429,0.335714286,6.098571429,0.412918108,0.002306805,0.519031142,0.228373702,0.193771626,0.268686869,0.002020202,0.550649351,0.171139971,0.220779221,0.4622057,0.002478315,0.566294919,0.194547708,0.168525403,0.302484472,0.005590062,0.604658385,0.145652174,0.12173913,Silage Corn,No,No,No,5,6.317162514,28.22133827
786,,STA_THO,10/15/24,6,1,5,4,1163,622,541,0.005159071,0.009242144,0.001607717,,10,42,2024,0.221428571,37.61428571,46.3,54.97142857,39.21428571,0.301428571,7.307142857,0.384792627,0.074884793,0.517281106,0.054147465,0.299539171,0.291402193,0.045008656,0.362088863,0.239469129,0.27034045,0.180024661,0.257706535,0.605425401,0.051787916,0.141800247,0.159692308,0.199076923,0.472923077,0.220307692,0.138769231,Grain Corn,No,No,No,3,6.241055012,20.55567551
787,,POV_DUN,10/15/24,0,0,0,0,52,26,26,0,0,0,,0,42,2024,0.15,33.74285714,43.67142857,53.58571429,36.82857143,0.137142857,6.948571429,0.002304147,0,0.002304147,0.495391705,0.411290323,0.000577367,0,0.000866051,0.529734411,0.329099307,0.00248139,0.001240695,0.009925558,0.482630273,0.333746898,0.002804612,0.001246494,0.031785603,0.479588657,0.272982237,Silage Corn,No,No,No,4,5.781182766,20.7029171
788,,DIP_PAT,10/15/24,11,7,4,2,2204,1209,995,0.004990926,0.004020101,0.005789909,,13,42,2024,0.188571429,37.97142857,46.2,54.42857143,39.54285714,0.217142857,6.688571429,0.384704519,0.004634994,0.475086906,0.361529548,0.162224797,0.356132756,0.004617605,0.638961039,0.172005772,0.148051948,0.388337469,0.023573201,0.549627792,0.339950372,0.054590571,0.256710892,0.140080222,0.721382289,0.14594261,0.053687134,Silage Corn,Yes,Yes,No,5,6.454941273,26.51252174
789,,DIP_CUR,10/15/24,16,9,7,1,2105,1222,883,0.00760095,0.00792752,0.007364975,,17,42,2024,0.075714286,33.11428571,42.91428571,52.72857143,35.85714286,0.291428571,6.478571429,0.110982659,0.038150289,0.322543353,0.174566474,0.419653179,0.240762125,0.114896074,0.484411085,0.204099307,0.247113164,0.38875,0.0075,0.555,0.13875,0.155,0.308626596,0.06944877,0.54936157,0.164123326,0.143880411,Silage Corn,No,Yes,Yes,4,5.927192211,18.15420723
790,,SEA_HOO,10/15/24,8,4,4,0,723,356,367,0.011065007,0.010899183,0.011235955,,8,42,2024,0.115714286,38.44285714,46.01428571,53.61428571,38.31428571,0.362857143,6.582857143,0.105324074,0.268518519,0.631944444,0.091435185,0.189814815,0.135969977,0.272517321,0.67147806,0.089203233,0.174942263,0.194029851,0.133084577,0.741293532,0.093283582,0.039800995,0.233983287,0.179510987,0.787681832,0.082017951,0.042092232,Sweet Corn,Yes,Yes,Yes,4,6.488575935,26.25037003
791,,ZUE_REE,10/15/24,37,11,26,4,3170,1801,1369,0.011671924,0.018991965,0.006107718,,41,42,2024,0.154285714,39.4,47.14285714,54.91428571,39.2,0.522857143,7.158571429,0.023094688,0.123556582,0.407621247,0.199769053,0.32448037,0.025921659,0.176843318,0.41359447,0.169354839,0.20218894,0.09729064,0.210591133,0.536945813,0.179802956,0.185960591,0.128292532,0.142547258,0.496436319,0.148435079,0.120855284,Wheat,Yes,No,Yes,4,6.537268639,24.44252777
792,,SMI_JOH,10/16/24,5,5,0,0,346,225,121,0.014450867,0,0.022222222,,5,42,2024,0.188571429,35.27142857,43.55714286,51.84285714,37.98571429,0.117142857,5.478571429,0.284890427,0.001153403,0.327566321,0.332179931,0.277970012,0.23881028,0.000577534,0.254692463,0.409182789,0.276349986,0.236679058,0.080545229,0.436183395,0.262701363,0.182156134,0.152495379,0.125385089,0.345964264,0.359519409,0.178989526,Silage Corn,No,Yes,Yes,5,6.416008472,24.34096146
793,,DEG_FOU_WOOD,10/21/24,0,0,0,0,1408,694,714,0,0,0,,0,43,2024,0.005714286,35.01428571,49.88571429,64.72857143,39.97142857,0.221428571,13.86571429,0.339491917,0,0.451501155,0.061200924,0.387990762,0.245086705,0.01416185,0.34017341,0.210115607,0.378034682,0.42039801,0.002487562,0.508706468,0.031094527,0.19278607,0.307001239,0.002168525,0.413568773,0.190520446,0.173482032,Silage Corn,Yes,Yes,No,5,5.715062618,20.57002831
794,,KAT_HAB_3,10/21/24,21,6,15,1,873,374,499,0.024054983,0.03006012,0.016042781,,22,43,2024,0.03,40.4,53.04285714,65.71428571,41.08571429,1.288571429,13.69,0.274712644,0.066666667,0.51954023,0.137931034,0.256321839,0.158561151,0.099856115,0.331510791,0.357985612,0.210647482,0.31552795,0.217391304,0.572670807,0.070807453,0.144099379,0.225465839,0.07484472,0.333229814,0.310248447,0.113975155,Soybean,No,No,Yes,5,6.10185194,27.97481728
795,,KAT_JEF_2,10/21/24,1,0,1,0,601,276,325,0.001663894,0.003076923,0,,1,43,2024,0.007142857,36.18571429,50.91428571,65.62857143,40.34285714,0.45,13.99714286,0.116225547,0,0.150747986,0.415420023,0.355581128,0.093291103,0.000575871,0.113446588,0.561186294,0.274978405,0.103362391,0.01120797,0.138231631,0.388542964,0.216687422,0.0917603,0.007490637,0.117977528,0.527777778,0.176029963,Silage Corn,No,Yes,Yes,5,6.26295042,37.54327011
796,,DEG_DIE_HILL,10/21/24,4,4,0,0,863,395,468,0.004634994,0,0.010126582,,4,43,2024,0.008571429,35.17142857,50.01428571,64.87142857,39.9,0.258571429,14.03142857,0.188439306,0.301734104,0.576878613,0.050867052,0.306358382,0.166233766,0.07965368,0.285714286,0.207503608,0.267243867,0.367119901,0.007416564,0.597033375,0.044499382,0.171817058,0.149689441,0.003416149,0.311490683,0.196583851,0.186024845,Grain Corn,Yes,No,No,5,6.039941311,24.28417015
797,,DEG_VIL,10/21/24,9,7,2,1,1155,657,498,0.007792208,0.004016064,0.01065449,,10,43,2024,0.014285714,36.25714286,50.91428571,65.61428571,40.01428571,0.46,14.56,0.548498845,0.026558891,0.595842956,0.162817552,0.118937644,0.275981524,0.040415704,0.380773672,0.259526559,0.213337182,0.558312655,0.023573201,0.601736973,0.096774194,0.129032258,0.309361438,0.013949163,0.432114073,0.210477371,0.140111593,Grain Corn,No,No,Yes,5,6.654009819,18.75856018
798,,KAT_HAB_4,10/21/24,31,16,15,2,1679,840,839,0.018463371,0.017878427,0.019047619,,33,43,2024,0.024285714,39.65714286,51.88571429,64.14285714,40.01428571,1.42,12.80714286,0.308840413,0.001148106,0.382319173,0.211251435,0.347876005,0.273484631,0.016949153,0.341568515,0.267739155,0.318012065,0.39378882,0.014906832,0.431055901,0.171428571,0.149068323,0.272614237,0.062480572,0.356854212,0.232514765,0.156978551,Silage Corn,Yes,Yes,Yes,5,5.97060585,22.10969543
799,,DEG_PER_STRIP,10/21/24,2,1,1,0,2048,1016,1032,0.000976563,0.000968992,0.000984252,,2,43,2024,0.015714286,34.72857143,49.67142857,64.61428571,39.9,0.208571429,13.79285714,0.170310702,0.193325662,0.449942463,0.126582278,0.372842348,0.233919815,0.073262186,0.366310932,0.344101529,0.235938852,0.238509317,0.070807453,0.57515528,0.114285714,0.182608696,0.219398822,0.038735668,0.408738767,0.320111559,0.138518748,Grain Corn,Yes,No,No,5,5.993263245,23.35876274
800,,KAT_JEF,10/21/24,1,0,1,1,319,174,145,0.003134796,0.006896552,0,,2,43,2024,0.004285714,35.74285714,50.91428571,66.08571429,40.38571429,0.348571429,14.42714286,0.067816092,0,0.08045977,0.456321839,0.390804598,0.049539171,0,0.053859447,0.43375576,0.387384793,0.08135169,0,0.082603254,0.4718398,0.202753442,0.056697819,0.001557632,0.070093458,0.415576324,0.204049844,Silage Corn,No,Yes,Yes,5,5.586032867,22.36896324
801,,ZUE_REE,10/22/24,63,19,44,10,3170,1801,1369,0.019873817,0.032140248,0.010549695,,73,43,2024,0,43.84285714,55.62857143,67.37142857,41.41428571,2.065714286,15.38714286,0.023094688,0.123556582,0.407621247,0.199769053,0.32448037,0.025921659,0.176843318,0.41359447,0.169354839,0.20218894,0.09729064,0.210591133,0.536945813,0.179802956,0.185960591,0.128292532,0.142547258,0.496436319,0.148435079,0.120855284,Wheat,Yes,No,Yes,4,6.537268639,24.44252777
802,,POV_DUN,10/22/24,0,0,0,0,52,26,26,0,0,0,,0,43,2024,0.007142857,35.51428571,51.45714286,67.38571429,40.18571429,0.375714286,15.99428571,0.002304147,0,0.002304147,0.495391705,0.411290323,0.000577367,0,0.000866051,0.529734411,0.329099307,0.00248139,0.001240695,0.009925558,0.482630273,0.333746898,0.002804612,0.001246494,0.031785603,0.479588657,0.272982237,Silage Corn,No,No,No,4,5.781182766,20.7029171
803,,DIP_CUR,10/22/24,12,7,5,1,2105,1222,883,0.005700713,0.005662514,0.005728314,,13,43,2024,0.008571429,35.12857143,50.4,65.65714286,39.68571429,0.468571429,14.49285714,0.110982659,0.038150289,0.322543353,0.174566474,0.419653179,0.240762125,0.114896074,0.484411085,0.204099307,0.247113164,0.38875,0.0075,0.555,0.13875,0.155,0.308626596,0.06944877,0.54936157,0.164123326,0.143880411,Silage Corn,No,Yes,Yes,4,5.927192211,18.15420723
804,,DIP_PAT,10/22/24,11,7,4,3,2204,1209,995,0.004990926,0.004020101,0.005789909,,14,43,2024,0.002857143,41.74285714,54.6,67.47142857,42.5,1.092857143,15.3,0.384704519,0.004634994,0.475086906,0.361529548,0.162224797,0.356132756,0.004617605,0.638961039,0.172005772,0.148051948,0.388337469,0.023573201,0.549627792,0.339950372,0.054590571,0.256710892,0.140080222,0.721382289,0.14594261,0.053687134,Silage Corn,Yes,Yes,No,5,6.454941273,26.51252174
805,,WIS_COO_2,10/22/24,0,0,0,0,629,362,267,0,0,0,,0,43,2024,0,36.87142857,52.97142857,69.08571429,40.2,0.428571429,16.58714286,0.062355658,0.001154734,0.124711316,0.121247113,0.66743649,0.076479076,0.031168831,0.223376623,0.265512266,0.44992785,0.025188917,0.001259446,0.256926952,0.080604534,0.428211587,0.084091622,0.003765297,0.279573266,0.239723878,0.309381864,Silage Corn,No,Yes,No,5,5.539158821,23.32694054
806,,STA_THO,10/22/24,2,0,2,0,1163,622,541,0.00171969,0.003696858,0,,2,43,2024,0.001428571,40.24285714,53.97142857,67.71428571,41.37142857,1.105714286,15.92571429,0.384792627,0.074884793,0.517281106,0.054147465,0.299539171,0.291402193,0.045008656,0.362088863,0.239469129,0.27034045,0.180024661,0.257706535,0.605425401,0.051787916,0.141800247,0.159692308,0.199076923,0.472923077,0.220307692,0.138769231,Grain Corn,No,No,No,3,6.241055012,20.55567551
807,,WIS_COO,10/22/24,0,0,0,0,698,418,280,0,0,0,,0,43,2024,0,37.85714286,53.2,68.48571429,40.47142857,0.665714286,15.96571429,0.147295742,0.01150748,0.261219793,0.155350978,0.554660529,0.12056533,0.062013268,0.246899337,0.26910874,0.434092876,0.259119497,0.030188679,0.472955975,0.113207547,0.364779874,0.21799308,0.02327776,0.359547027,0.235923246,0.304183706,Silage Corn,No,Yes,No,5,5.968518734,24.17316246
808,,STA_AYR,10/22/24,1,0,1,2,976,585,391,0.00102459,0.002557545,0,,3,43,2024,0,41.5,54.55714286,67.61428571,41.27142857,1.622857143,15.81142857,0.277522936,0.058486239,0.415137615,0.365825688,0.152522936,0.148617512,0.030817972,0.270737327,0.495679724,0.171947005,0.079110012,0.242274413,0.470951792,0.327564895,0.132262052,0.071560765,0.175817397,0.313386798,0.482109809,0.11967921,Soybean,No,No,Yes,3,6.536432266,34.06747055
809,,SEA_HOO,10/22/24,3,3,0,0,723,356,367,0.004149378,0,0.008426966,,3,43,2024,0.004285714,42.65714286,54.77142857,66.85714286,40.64285714,1.874285714,15.15,0.105324074,0.268518519,0.631944444,0.091435185,0.189814815,0.135969977,0.272517321,0.67147806,0.089203233,0.174942263,0.194029851,0.133084577,0.741293532,0.093283582,0.039800995,0.233983287,0.179510987,0.787681832,0.082017951,0.042092232,Sweet Corn,Yes,Yes,Yes,4,6.488575935,26.25037003
810,,WIS_KEN,10/22/24,6,5,1,3,482,265,217,0.012448133,0.004608295,0.018867925,,9,43,2024,0,39.27142857,56.1,72.94285714,41.04285714,0.582857143,20.15714286,0.002309469,0.003464203,0.263279446,0.307159353,0.033487298,0.001443418,0.001443418,0.116628176,0.288972286,0.026270208,0,0.002525253,0.093434343,0.321969697,0.178030303,0.000314564,0.000629129,0.037118591,0.278074866,0.104435357,"Field Corn, Tomato, Squash",Yes,No,Yes,4,5.452927113,13.98438168
811,,DIP_FLE,10/22/24,1,0,1,0,1196,650,546,0.00083612,0.001831502,0,,1,43,2024,0,41.57142857,54.18571429,66.84285714,41.5,1.451428571,14.96142857,0.412918108,0.002306805,0.519031142,0.228373702,0.193771626,0.268686869,0.002020202,0.550649351,0.171139971,0.220779221,0.4622057,0.002478315,0.566294919,0.194547708,0.168525403,0.302484472,0.005590062,0.604658385,0.145652174,0.12173913,Silage Corn,No,No,No,5,6.317162514,28.22133827
812,,KAT_HAB_3,10/28/24,10,5,5,0,873,374,499,0.011454754,0.01002004,0.013368984,,10,44,2024,0.068571429,41.1,51.67142857,62.25714286,42.17142857,1.062857143,10.35428571,0.274712644,0.066666667,0.51954023,0.137931034,0.256321839,0.158561151,0.099856115,0.331510791,0.357985612,0.210647482,0.31552795,0.217391304,0.572670807,0.070807453,0.144099379,0.225465839,0.07484472,0.333229814,0.310248447,0.113975155,Soybean,No,No,Yes,5,6.10185194,27.97481728
813,,KAT_HAB_4,10/28/24,26,12,14,0,1679,840,839,0.015485408,0.016686532,0.014285714,,26,44,2024,0.067142857,40.42857143,50.61428571,60.81428571,41.17142857,1.154285714,9.691428571,0.308840413,0.001148106,0.382319173,0.211251435,0.347876005,0.273484631,0.016949153,0.341568515,0.267739155,0.318012065,0.39378882,0.014906832,0.431055901,0.171428571,0.149068323,0.272614237,0.062480572,0.356854212,0.232514765,0.156978551,Silage Corn,Yes,Yes,Yes,5,5.97060585,22.10969543
814,,ZUE_REE,10/29/24,26,15,11,6,3170,1801,1369,0.008201893,0.008035062,0.008328706,,32,44,2024,0.028571429,43.01428571,51.9,60.81428571,41.65714286,1.238571429,9.708571429,0.023094688,0.123556582,0.407621247,0.199769053,0.32448037,0.025921659,0.176843318,0.41359447,0.169354839,0.20218894,0.09729064,0.210591133,0.536945813,0.179802956,0.185960591,0.128292532,0.142547258,0.496436319,0.148435079,0.120855284,Wheat,Yes,No,Yes,4,6.537268639,24.44252777
815,,WIS_COO_2,10/29/24,1,0,1,0,629,362,267,0.001589825,0.003745318,0,,1,44,2024,0.015714286,37.67142857,50.42857143,63.21428571,39.7,0.721428571,12.17,0.062355658,0.001154734,0.124711316,0.121247113,0.66743649,0.076479076,0.031168831,0.223376623,0.265512266,0.44992785,0.025188917,0.001259446,0.256926952,0.080604534,0.428211587,0.084091622,0.003765297,0.279573266,0.239723878,0.309381864,Silage Corn,No,Yes,No,5,5.539158821,23.32694054
816,,WIS_COO,10/29/24,0,0,0,0,698,418,280,0,0,0,,0,44,2024,0.017142857,38.48571429,50.52857143,62.58571429,39.98571429,0.822857143,11.62142857,0.147295742,0.01150748,0.261219793,0.155350978,0.554660529,0.12056533,0.062013268,0.246899337,0.26910874,0.434092876,0.259119497,0.030188679,0.472955975,0.113207547,0.364779874,0.21799308,0.02327776,0.359547027,0.235923246,0.304183706,Silage Corn,No,Yes,No,5,5.968518734,24.17316246
817,,STA_THO,10/29/24,1,1,0,0,1163,622,541,0.000859845,0,0.001607717,,1,44,2024,0.031428571,41.81428571,51.35714286,60.82857143,42.3,1.112857143,9.487142857,0.384792627,0.074884793,0.517281106,0.054147465,0.299539171,0.291402193,0.045008656,0.362088863,0.239469129,0.27034045,0.180024661,0.257706535,0.605425401,0.051787916,0.141800247,0.159692308,0.199076923,0.472923077,0.220307692,0.138769231,Grain Corn,No,No,No,3,6.241055012,20.55567551
818,,DIP_FLE,10/29/24,1,0,1,1,1196,650,546,0.00083612,0.001831502,0,,2,44,2024,0.04,41.8,51.58571429,61.37142857,40.65714286,1.177142857,10.25,0.412918108,0.002306805,0.519031142,0.228373702,0.193771626,0.268686869,0.002020202,0.550649351,0.171139971,0.220779221,0.4622057,0.002478315,0.566294919,0.194547708,0.168525403,0.302484472,0.005590062,0.604658385,0.145652174,0.12173913,Silage Corn,No,No,No,5,6.317162514,28.22133827
819,,DIP_CUR,10/29/24,2,1,1,0,2105,1222,883,0.000950119,0.001132503,0.000818331,,2,44,2024,0.031428571,36.1,48.37142857,60.65714286,37.9,0.79,10.48428571,0.110982659,0.038150289,0.322543353,0.174566474,0.419653179,0.240762125,0.114896074,0.484411085,0.204099307,0.247113164,0.38875,0.0075,0.555,0.13875,0.155,0.308626596,0.06944877,0.54936157,0.164123326,0.143880411,Silage Corn,No,Yes,Yes,4,5.927192211,18.15420723
820,,DIP_PAT,10/29/24,2,1,1,1,2204,1209,995,0.000907441,0.001005025,0.00082713,,3,44,2024,0.051428571,42.67142857,52.15714286,61.64285714,42.35714286,1.095714286,10.00142857,0.384704519,0.004634994,0.475086906,0.361529548,0.162224797,0.356132756,0.004617605,0.638961039,0.172005772,0.148051948,0.388337469,0.023573201,0.549627792,0.339950372,0.054590571,0.256710892,0.140080222,0.721382289,0.14594261,0.053687134,Silage Corn,Yes,Yes,No,5,6.454941273,26.51252174
821,,POV_DUN,10/29/24,0,0,0,0,52,26,26,0,0,0,,0,44,2024,0.027142857,37.15714286,49.5,61.85714286,39.1,0.69,11.13142857,0.002304147,0,0.002304147,0.495391705,0.411290323,0.000577367,0,0.000866051,0.529734411,0.329099307,0.00248139,0.001240695,0.009925558,0.482630273,0.333746898,0.002804612,0.001246494,0.031785603,0.479588657,0.272982237,Silage Corn,No,No,No,4,5.781182766,20.7029171
822,,WIS_KEN,10/29/24,3,2,1,0,482,265,217,0.006224066,0.004608295,0.00754717,,3,44,2024,0.002857143,39.51428571,53.34285714,67.15714286,40.88571429,0.9,14.81857143,0.002309469,0.003464203,0.263279446,0.307159353,0.033487298,0.001443418,0.001443418,0.116628176,0.288972286,0.026270208,0,0.002525253,0.093434343,0.321969697,0.178030303,0.000314564,0.000629129,0.037118591,0.278074866,0.104435357,"Field Corn, Tomato, Squash",Yes,No,Yes,4,5.452927113,13.98438168
823,,KAT_JEF_2,10/30/24,6,2,4,0,601,276,325,0.009983361,0.012307692,0.007246377,,6,44,2024,0.045714286,39.07142857,50.38571429,61.68571429,41.65714286,0.704285714,10.09428571,0.116225547,0,0.150747986,0.415420023,0.355581128,0.093291103,0.000575871,0.113446588,0.561186294,0.274978405,0.103362391,0.01120797,0.138231631,0.388542964,0.216687422,0.0917603,0.007490637,0.117977528,0.527777778,0.176029963,Silage Corn,No,Yes,Yes,5,6.26295042,37.54327011
824,,KAT_JEF,10/30/24,4,3,1,0,319,174,145,0.012539185,0.006896552,0.017241379,,4,44,2024,0.042857143,38.94285714,50.38571429,61.82857143,41.67142857,0.665714286,10.16571429,0.067816092,0,0.08045977,0.456321839,0.390804598,0.049539171,0,0.053859447,0.43375576,0.387384793,0.08135169,0,0.082603254,0.4718398,0.202753442,0.056697819,0.001557632,0.070093458,0.415576324,0.204049844,Silage Corn,No,Yes,Yes,5,5.586032867,22.36896324
825,,KAT_HAB_4,11/4/24,34,9,25,1,1679,840,839,0.020250149,0.029797378,0.010714286,,35,45,2024,0.044285714,39.85714286,49.65714286,59.48571429,39.17142857,1.274285714,8.821428571,0.308840413,0.001148106,0.382319173,0.211251435,0.347876005,0.273484631,0.016949153,0.341568515,0.267739155,0.318012065,0.39378882,0.014906832,0.431055901,0.171428571,0.149068323,0.272614237,0.062480572,0.356854212,0.232514765,0.156978551,Silage Corn,Yes,Yes,Yes,5,5.97060585,22.10969543
826,,KAT_JEF_2,11/4/24,0,0,0,1,601,276,325,0,0,0,,1,45,2024,0.02,39.24285714,50.12857143,60.98571429,39.18571429,1.308571429,9.874285714,0.116225547,0,0.150747986,0.415420023,0.355581128,0.093291103,0.000575871,0.113446588,0.561186294,0.274978405,0.103362391,0.01120797,0.138231631,0.388542964,0.216687422,0.0917603,0.007490637,0.117977528,0.527777778,0.176029963,Silage Corn,No,Yes,Yes,5,6.26295042,37.54327011
827,,KAT_JEF,11/4/24,2,0,2,0,319,174,145,0.006269592,0.013793103,0,,2,45,2024,0.018571429,39.17142857,50.12857143,61.1,39.1,1.364285714,9.937142857,0.067816092,0,0.08045977,0.456321839,0.390804598,0.049539171,0,0.053859447,0.43375576,0.387384793,0.08135169,0,0.082603254,0.4718398,0.202753442,0.056697819,0.001557632,0.070093458,0.415576324,0.204049844,Silage Corn,No,Yes,Yes,5,5.586032867,22.36896324
828,,DEG_VIL,11/4/24,6,5,1,0,1155,657,498,0.005194805,0.002008032,0.00761035,,6,45,2024,0.012857143,37.02857143,47.22857143,57.41428571,37.94285714,0.911428571,8.161428571,0.548498845,0.026558891,0.595842956,0.162817552,0.118937644,0.275981524,0.040415704,0.380773672,0.259526559,0.213337182,0.558312655,0.023573201,0.601736973,0.096774194,0.129032258,0.309361438,0.013949163,0.432114073,0.210477371,0.140111593,Grain Corn,No,No,Yes,5,6.654009819,18.75856018
829,,DEG_FOU_WOOD,11/4/24,0,0,0,0,1408,694,714,0,0,0,,0,45,2024,0.008571429,35.27142857,45.81428571,56.38571429,37.41428571,0.752857143,7.807142857,0.339491917,0,0.451501155,0.061200924,0.387990762,0.245086705,0.01416185,0.34017341,0.210115607,0.378034682,0.42039801,0.002487562,0.508706468,0.031094527,0.19278607,0.307001239,0.002168525,0.413568773,0.190520446,0.173482032,Silage Corn,Yes,Yes,No,5,5.715062618,20.57002831
830,,DEG_DIE_HILL,11/4/24,0,0,0,0,863,395,468,0,0,0,,0,45,2024,0.01,35.8,46.21428571,56.67142857,37.62857143,0.832857143,7.801428571,0.188439306,0.301734104,0.576878613,0.050867052,0.306358382,0.166233766,0.07965368,0.285714286,0.207503608,0.267243867,0.367119901,0.007416564,0.597033375,0.044499382,0.171817058,0.149689441,0.003416149,0.311490683,0.196583851,0.186024845,Grain Corn,Yes,No,No,5,6.039941311,24.28417015
831,,KAT_HAB_3,11/4/24,5,2,3,0,873,374,499,0.005727377,0.006012024,0.005347594,,5,45,2024,0.041428571,41.01428571,51.05714286,61.12857143,40.11428571,1.352857143,9.624285714,0.274712644,0.066666667,0.51954023,0.137931034,0.256321839,0.158561151,0.099856115,0.331510791,0.357985612,0.210647482,0.31552795,0.217391304,0.572670807,0.070807453,0.144099379,0.225465839,0.07484472,0.333229814,0.310248447,0.113975155,Soybean,No,No,Yes,5,6.10185194,27.97481728
832,,DIP_FLE,11/5/24,2,1,1,1,1196,650,546,0.001672241,0.001831502,0.001538462,,3,45,2024,0.004285714,39.17142857,48.91428571,58.6,38.65714286,1.3,8.758571429,0.412918108,0.002306805,0.519031142,0.228373702,0.193771626,0.268686869,0.002020202,0.550649351,0.171139971,0.220779221,0.4622057,0.002478315,0.566294919,0.194547708,0.168525403,0.302484472,0.005590062,0.604658385,0.145652174,0.12173913,Silage Corn,No,No,No,5,6.317162514,28.22133827
833,,POV_DUN,11/5/24,1,1,0,0,52,26,26,0.019230769,0,0.038461538,,1,45,2024,0.001428571,36.3,47.7,59.15714286,37.67142857,0.984285714,9.281428571,0.002304147,0,0.002304147,0.495391705,0.411290323,0.000577367,0,0.000866051,0.529734411,0.329099307,0.00248139,0.001240695,0.009925558,0.482630273,0.333746898,0.002804612,0.001246494,0.031785603,0.479588657,0.272982237,Silage Corn,No,No,No,4,5.781182766,20.7029171
834,,SEA_HOO,11/5/24,3,1,2,0,723,356,367,0.004149378,0.005449591,0.002808989,,3,45,2024,0,40.5,49.7,58.91428571,38.84285714,1.671428571,8.944285714,0.105324074,0.268518519,0.631944444,0.091435185,0.189814815,0.135969977,0.272517321,0.67147806,0.089203233,0.174942263,0.194029851,0.133084577,0.741293532,0.093283582,0.039800995,0.233983287,0.179510987,0.787681832,0.082017951,0.042092232,Sweet Corn,Yes,Yes,Yes,4,6.488575935,26.25037003
835,,DIP_CUR,11/5/24,3,1,2,1,2105,1222,883,0.001425178,0.002265006,0.000818331,,4,45,2024,0.005714286,34.72857143,46.2,57.64285714,36.38571429,1.182857143,8.62,0.110982659,0.038150289,0.322543353,0.174566474,0.419653179,0.240762125,0.114896074,0.484411085,0.204099307,0.247113164,0.38875,0.0075,0.555,0.13875,0.155,0.308626596,0.06944877,0.54936157,0.164123326,0.143880411,Silage Corn,No,Yes,Yes,4,5.927192211,18.15420723
836,,ZUE_REE,11/5/24,19,9,10,3,3170,1801,1369,0.005993691,0.007304602,0.004997224,,22,45,2024,0,41.6,50.37142857,59.17142857,39.74285714,2.03,8.798571429,0.023094688,0.123556582,0.407621247,0.199769053,0.32448037,0.025921659,0.176843318,0.41359447,0.169354839,0.20218894,0.09729064,0.210591133,0.536945813,0.179802956,0.185960591,0.128292532,0.142547258,0.496436319,0.148435079,0.120855284,Wheat,Yes,No,Yes,4,6.537268639,24.44252777
837,,WIS_COO_2,11/5/24,1,1,0,0,629,362,267,0.001589825,0,0.002762431,,1,45,2024,0,34.47142857,47.62857143,60.78571429,36.2,0.735714286,11.14,0.062355658,0.001154734,0.124711316,0.121247113,0.66743649,0.076479076,0.031168831,0.223376623,0.265512266,0.44992785,0.025188917,0.001259446,0.256926952,0.080604534,0.428211587,0.084091622,0.003765297,0.279573266,0.239723878,0.309381864,Silage Corn,No,Yes,No,5,5.539158821,23.32694054
838,,WIS_COO,11/5/24,2,2,0,0,698,418,280,0.00286533,0,0.004784689,,2,45,2024,0,35.1,47.58571429,60.08571429,36.44285714,0.764285714,10.55285714,0.147295742,0.01150748,0.261219793,0.155350978,0.554660529,0.12056533,0.062013268,0.246899337,0.26910874,0.434092876,0.259119497,0.030188679,0.472955975,0.113207547,0.364779874,0.21799308,0.02327776,0.359547027,0.235923246,0.304183706,Silage Corn,No,Yes,No,5,5.968518734,24.17316246
839,,DIP_PAT,11/5/24,16,15,1,1,2204,1209,995,0.007259528,0.001005025,0.012406948,,17,45,2024,0.005714286,40.5,50,59.5,39.58571429,1.601428571,9.087142857,0.384704519,0.004634994,0.475086906,0.361529548,0.162224797,0.356132756,0.004617605,0.638961039,0.172005772,0.148051948,0.388337469,0.023573201,0.549627792,0.339950372,0.054590571,0.256710892,0.140080222,0.721382289,0.14594261,0.053687134,Silage Corn,Yes,Yes,No,5,6.454941273,26.51252174
840,,WIS_KEN,11/5/24,4,2,2,4,482,265,217,0.008298755,0.00921659,0.00754717,,8,45,2024,0,37.54285714,51.25714286,64.95714286,37.71428571,0.984285714,13.82571429,0.002309469,0.003464203,0.263279446,0.307159353,0.033487298,0.001443418,0.001443418,0.116628176,0.288972286,0.026270208,0,0.002525253,0.093434343,0.321969697,0.178030303,0.000314564,0.000629129,0.037118591,0.278074866,0.104435357,"Field Corn, Tomato, Squash",Yes,No,Yes,4,5.452927113,13.98438168
841,,STA_AYR,11/5/24,0,0,0,0,976,585,391,0,0,0,,0,45,2024,0.004285714,41.44285714,50.65714286,59.9,39.94285714,1.98,9.175714286,0.277522936,0.058486239,0.415137615,0.365825688,0.152522936,0.148617512,0.030817972,0.270737327,0.495679724,0.171947005,0.079110012,0.242274413,0.470951792,0.327564895,0.132262052,0.071560765,0.175817397,0.313386798,0.482109809,0.11967921,Soybean,No,No,Yes,3,6.536432266,34.06747055
842,,STA_AYR,11/11/24,0,0,0,0,976,585,391,0,0,0,,0,46,2024,0.071428571,34.6,41.94285714,49.27142857,33.25714286,0.841428571,6.005714286,0.277522936,0.058486239,0.415137615,0.365825688,0.152522936,0.148617512,0.030817972,0.270737327,0.495679724,0.171947005,0.079110012,0.242274413,0.470951792,0.327564895,0.132262052,0.071560765,0.175817397,0.313386798,0.482109809,0.11967921,Soybean,No,No,Yes,3,6.536432266,34.06747055
843,,DEG_DIE_HILL,11/11/24,0,0,0,0,863,395,468,0,0,0,,0,46,2024,0.088571429,30.05714286,38.54285714,47.05714286,30.78571429,0.407142857,5.47,0.188439306,0.301734104,0.576878613,0.050867052,0.306358382,0.166233766,0.07965368,0.285714286,0.207503608,0.267243867,0.367119901,0.007416564,0.597033375,0.044499382,0.171817058,0.149689441,0.003416149,0.311490683,0.196583851,0.186024845,Grain Corn,Yes,No,No,5,6.039941311,24.28417015
844,,DEG_FOU_WOOD,11/11/24,1,1,0,0,1408,694,714,0.000710227,0,0.001440922,,1,46,2024,0.101428571,29.34285714,37.91428571,46.47142857,30.58571429,0.364285714,5.291428571,0.339491917,0,0.451501155,0.061200924,0.387990762,0.245086705,0.01416185,0.34017341,0.210115607,0.378034682,0.42039801,0.002487562,0.508706468,0.031094527,0.19278607,0.307001239,0.002168525,0.413568773,0.190520446,0.173482032,Silage Corn,Yes,Yes,No,5,5.715062618,20.57002831
845,,STA_THO,11/11/24,0,0,0,0,1163,622,541,0,0,0,,0,46,2024,0.065714286,34.4,41.9,49.38571429,33.47142857,0.827142857,6.004285714,0.384792627,0.074884793,0.517281106,0.054147465,0.299539171,0.291402193,0.045008656,0.362088863,0.239469129,0.27034045,0.180024661,0.257706535,0.605425401,0.051787916,0.141800247,0.159692308,0.199076923,0.472923077,0.220307692,0.138769231,Grain Corn,No,No,No,3,6.241055012,20.55567551
846,,DEG_VIL,11/11/24,0,0,0,0,1155,657,498,0,0,0,,0,46,2024,0.084285714,30.7,39.24285714,47.72857143,30.94285714,0.507142857,5.714285714,0.548498845,0.026558891,0.595842956,0.162817552,0.118937644,0.275981524,0.040415704,0.380773672,0.259526559,0.213337182,0.558312655,0.023573201,0.601736973,0.096774194,0.129032258,0.309361438,0.013949163,0.432114073,0.210477371,0.140111593,Grain Corn,No,No,Yes,5,6.654009819,18.75856018
847,,KAT_HAB_3,11/12/24,10,6,4,0,873,374,499,0.011454754,0.008016032,0.016042781,,10,46,2024,0.148571429,35.52857143,42.84285714,50.21428571,34.8,0.501428571,5.778571429,0.274712644,0.066666667,0.51954023,0.137931034,0.256321839,0.158561151,0.099856115,0.331510791,0.357985612,0.210647482,0.31552795,0.217391304,0.572670807,0.070807453,0.144099379,0.225465839,0.07484472,0.333229814,0.310248447,0.113975155,Soybean,No,No,Yes,5,6.10185194,27.97481728
848,,DIP_FLE,11/12/24,1,1,0,0,1196,650,546,0.00083612,0,0.001538462,,1,46,2024,0.078571429,32.05714286,40.17142857,48.3,31.82857143,0.534285714,5.788571429,0.412918108,0.002306805,0.519031142,0.228373702,0.193771626,0.268686869,0.002020202,0.550649351,0.171139971,0.220779221,0.4622057,0.002478315,0.566294919,0.194547708,0.168525403,0.302484472,0.005590062,0.604658385,0.145652174,0.12173913,Silage Corn,No,No,No,5,6.317162514,28.22133827
849,,POV_DUN,11/12/24,0,0,0,0,52,26,26,0,0,0,,0,46,2024,0.06,30.41428571,39.45714286,48.5,30.92857143,0.507142857,6.105714286,0.002304147,0,0.002304147,0.495391705,0.411290323,0.000577367,0,0.000866051,0.529734411,0.329099307,0.00248139,0.001240695,0.009925558,0.482630273,0.333746898,0.002804612,0.001246494,0.031785603,0.479588657,0.272982237,Silage Corn,No,No,No,4,5.781182766,20.7029171
850,,KAT_HAB_4,11/12/24,16,5,11,0,1679,840,839,0.009529482,0.013110846,0.005952381,,16,46,2024,0.174285714,34.27142857,41.37142857,48.51428571,33.98571429,0.352857143,5.228571429,0.308840413,0.001148106,0.382319173,0.211251435,0.347876005,0.273484631,0.016949153,0.341568515,0.267739155,0.318012065,0.39378882,0.014906832,0.431055901,0.171428571,0.149068323,0.272614237,0.062480572,0.356854212,0.232514765,0.156978551,Silage Corn,Yes,Yes,Yes,5,5.97060585,22.10969543
851,,ZUE_REE,11/12/24,39,14,25,5,3170,1801,1369,0.012302839,0.018261505,0.007773459,,44,46,2024,0.054285714,33.97142857,41.04285714,48.1,33.37142857,0.782857143,5.342857143,0.023094688,0.123556582,0.407621247,0.199769053,0.32448037,0.025921659,0.176843318,0.41359447,0.169354839,0.20218894,0.09729064,0.210591133,0.536945813,0.179802956,0.185960591,0.128292532,0.142547258,0.496436319,0.148435079,0.120855284,Wheat,Yes,No,Yes,4,6.537268639,24.44252777
852,,WIS_COO_2,11/12/24,0,0,0,0,629,362,267,0,0,0,,0,46,2024,0.025714286,28.18571429,39.6,51.04285714,24.47142857,0.867142857,8.605714286,0.062355658,0.001154734,0.124711316,0.121247113,0.66743649,0.076479076,0.031168831,0.223376623,0.265512266,0.44992785,0.025188917,0.001259446,0.256926952,0.080604534,0.428211587,0.084091622,0.003765297,0.279573266,0.239723878,0.309381864,Silage Corn,No,Yes,No,5,5.539158821,23.32694054
853,,DIP_CUR,11/12/24,5,4,1,0,2105,1222,883,0.002375297,0.001132503,0.003273322,,5,46,2024,0.08,29.45714286,38.47142857,47.5,29.57142857,0.724285714,5.89,0.110982659,0.038150289,0.322543353,0.174566474,0.419653179,0.240762125,0.114896074,0.484411085,0.204099307,0.247113164,0.38875,0.0075,0.555,0.13875,0.155,0.308626596,0.06944877,0.54936157,0.164123326,0.143880411,Silage Corn,No,Yes,Yes,4,5.927192211,18.15420723
854,,KAT_JEF_2,11/12/24,5,4,1,0,601,276,325,0.008319468,0.003076923,0.014492754,,5,46,2024,0.138571429,34,41.44285714,48.84285714,34.3,0.268571429,5.178571429,0.116225547,0,0.150747986,0.415420023,0.355581128,0.093291103,0.000575871,0.113446588,0.561186294,0.274978405,0.103362391,0.01120797,0.138231631,0.388542964,0.216687422,0.0917603,0.007490637,0.117977528,0.527777778,0.176029963,Silage Corn,No,Yes,Yes,5,6.26295042,37.54327011
855,,KAT_JEF,11/12/24,31,25,6,0,319,174,145,0.097178683,0.04137931,0.143678161,,31,46,2024,0.141428571,33.98571429,41.41428571,48.84285714,34.2,0.262857143,5.19,0.067816092,0,0.08045977,0.456321839,0.390804598,0.049539171,0,0.053859447,0.43375576,0.387384793,0.08135169,0,0.082603254,0.4718398,0.202753442,0.056697819,0.001557632,0.070093458,0.415576324,0.204049844,Silage Corn,No,Yes,Yes,5,5.586032867,22.36896324
856,,DIP_PAT,11/12/24,9,8,1,3,2204,1209,995,0.004083485,0.001005025,0.006617039,,12,46,2024,0.08,33.37142857,41.51428571,49.64285714,32.64285714,0.617142857,6.138571429,0.384704519,0.004634994,0.475086906,0.361529548,0.162224797,0.356132756,0.004617605,0.638961039,0.172005772,0.148051948,0.388337469,0.023573201,0.549627792,0.339950372,0.054590571,0.256710892,0.140080222,0.721382289,0.14594261,0.053687134,Silage Corn,Yes,Yes,No,5,6.454941273,26.51252174
857,,WIS_COO,11/12/24,0,0,0,0,698,418,280,0,0,0,,0,46,2024,0.025714286,28.58571429,39.51428571,50.41428571,24.62857143,0.882857143,8.23,0.147295742,0.01150748,0.261219793,0.155350978,0.554660529,0.12056533,0.062013268,0.246899337,0.26910874,0.434092876,0.259119497,0.030188679,0.472955975,0.113207547,0.364779874,0.21799308,0.02327776,0.359547027,0.235923246,0.304183706,Silage Corn,No,Yes,No,5,5.968518734,24.17316246
858,,WIS_KEN,11/12/24,0,0,0,0,482,265,217,0,0,0,,0,46,2024,0.032857143,30.42857143,42.72857143,55.07142857,26.82857143,1.08,10.40428571,0.002309469,0.003464203,0.263279446,0.307159353,0.033487298,0.001443418,0.001443418,0.116628176,0.288972286,0.026270208,0,0.002525253,0.093434343,0.321969697,0.178030303,0.000314564,0.000629129,0.037118591,0.278074866,0.104435357,"Field Corn, Tomato, Squash",Yes,No,Yes,4,5.452927113,13.98438168
859,,SMI_JOH,11/13/24,4,1,3,1,346,225,121,0.011560694,0.024793388,0.004444444,,5,46,2024,0.058571429,29.65714286,39.5,49.34285714,29.87142857,0.472857143,6.755714286,0.284890427,0.001153403,0.327566321,0.332179931,0.277970012,0.23881028,0.000577534,0.254692463,0.409182789,0.276349986,0.236679058,0.080545229,0.436183395,0.262701363,0.182156134,0.152495379,0.125385089,0.345964264,0.359519409,0.178989526,Silage Corn,No,Yes,Yes,5,6.416008472,24.34096146
860,,KAT_JEF,11/18/24,16,9,7,0,319,174,145,0.05015674,0.048275862,0.051724138,,16,47,2024,0.202857143,33.57142857,41.52857143,49.51428571,38.07142857,0.1,4.65,0.067816092,0,0.08045977,0.456321839,0.390804598,0.049539171,0,0.053859447,0.43375576,0.387384793,0.08135169,0,0.082603254,0.4718398,0.202753442,0.056697819,0.001557632,0.070093458,0.415576324,0.204049844,Silage Corn,No,Yes,Yes,5,5.586032867,22.36896324
861,,DIP_PAT,11/18/24,5,4,1,2,2204,1209,995,0.002268603,0.001005025,0.003308519,,7,47,2024,0.272857143,34.12857143,41.88571429,49.67142857,38.57142857,0.168571429,4.035714286,0.384704519,0.004634994,0.475086906,0.361529548,0.162224797,0.356132756,0.004617605,0.638961039,0.172005772,0.148051948,0.388337469,0.023573201,0.549627792,0.339950372,0.054590571,0.256710892,0.140080222,0.721382289,0.14594261,0.053687134,Silage Corn,Yes,Yes,No,5,6.454941273,26.51252174
862,,DIP_CUR,11/18/24,1,1,0,0,2105,1222,883,0.000475059,0,0.000818331,,1,47,2024,0.252857143,31.08571429,38.87142857,46.71428571,34.52857143,0.33,4.212857143,0.110982659,0.038150289,0.322543353,0.174566474,0.419653179,0.240762125,0.114896074,0.484411085,0.204099307,0.247113164,0.38875,0.0075,0.555,0.13875,0.155,0.308626596,0.06944877,0.54936157,0.164123326,0.143880411,Silage Corn,No,Yes,Yes,4,5.927192211,18.15420723
863,,KAT_JEF_2,11/18/24,2,1,1,0,601,276,325,0.003327787,0.003076923,0.003623188,,2,47,2024,0.212857143,33.68571429,41.62857143,49.55714286,38.12857143,0.108571429,4.588571429,0.116225547,0,0.150747986,0.415420023,0.355581128,0.093291103,0.000575871,0.113446588,0.561186294,0.274978405,0.103362391,0.01120797,0.138231631,0.388542964,0.216687422,0.0917603,0.007490637,0.117977528,0.527777778,0.176029963,Silage Corn,No,Yes,Yes,5,6.26295042,37.54327011
864,,KAT_HAB_4,11/18/24,2,2,0,0,1679,840,839,0.001191185,0,0.002380952,,2,47,2024,0.267142857,34.78571429,42.1,49.42857143,38.05714286,0.214285714,4.44,0.308840413,0.001148106,0.382319173,0.211251435,0.347876005,0.273484631,0.016949153,0.341568515,0.267739155,0.318012065,0.39378882,0.014906832,0.431055901,0.171428571,0.149068323,0.272614237,0.062480572,0.356854212,0.232514765,0.156978551,Silage Corn,Yes,Yes,Yes,5,5.97060585,22.10969543
865,,KAT_HAB_3,11/18/24,6,2,4,2,873,374,499,0.006872852,0.008016032,0.005347594,,8,47,2024,0.221428571,35.81428571,43.45714286,51.11428571,38.94285714,0.252857143,4.914285714,0.274712644,0.066666667,0.51954023,0.137931034,0.256321839,0.158561151,0.099856115,0.331510791,0.357985612,0.210647482,0.31552795,0.217391304,0.572670807,0.070807453,0.144099379,0.225465839,0.07484472,0.333229814,0.310248447,0.113975155,Soybean,No,No,Yes,5,6.10185194,27.97481728
866,,DIP_FLE,11/18/24,1,1,0,0,1196,650,546,0.00083612,0,0.001538462,,1,47,2024,0.238571429,32.6,40.41428571,48.27142857,37.35714286,0.097142857,3.925714286,0.412918108,0.002306805,0.519031142,0.228373702,0.193771626,0.268686869,0.002020202,0.550649351,0.171139971,0.220779221,0.4622057,0.002478315,0.566294919,0.194547708,0.168525403,0.302484472,0.005590062,0.604658385,0.145652174,0.12173913,Silage Corn,No,No,No,5,6.317162514,28.22133827
867,,POV_DUN,11/18/24,0,0,0,0,52,26,26,0,0,0,,0,47,2024,0.29,31.72857143,39.94285714,48.18571429,36.15714286,0.144285714,4.375714286,0.002304147,0,0.002304147,0.495391705,0.411290323,0.000577367,0,0.000866051,0.529734411,0.329099307,0.00248139,0.001240695,0.009925558,0.482630273,0.333746898,0.002804612,0.001246494,0.031785603,0.479588657,0.272982237,Silage Corn,No,No,No,4,5.781182766,20.7029171
868,,WIS_KEN,11/19/24,0,0,0,0,482,265,217,0,0,0,,0,47,2024,0.377142857,35.1,44.11428571,53.12857143,34.62857143,0.6,7.495714286,0.002309469,0.003464203,0.263279446,0.307159353,0.033487298,0.001443418,0.001443418,0.116628176,0.288972286,0.026270208,0,0.002525253,0.093434343,0.321969697,0.178030303,0.000314564,0.000629129,0.037118591,0.278074866,0.104435357,"Field Corn, Tomato, Squash",Yes,No,Yes,4,5.452927113,13.98438168
869,,WIS_COO,11/19/24,0,0,0,0,698,418,280,0,0,0,,0,47,2024,0.321428571,34.12857143,41.78571429,49.42857143,33.34285714,0.49,5.962857143,0.147295742,0.01150748,0.261219793,0.155350978,0.554660529,0.12056533,0.062013268,0.246899337,0.26910874,0.434092876,0.259119497,0.030188679,0.472955975,0.113207547,0.364779874,0.21799308,0.02327776,0.359547027,0.235923246,0.304183706,Silage Corn,No,Yes,No,5,5.968518734,24.17316246
870,,WIS_COO_2,11/19/24,0,0,0,0,629,362,267,0,0,0,,0,47,2024,0.325714286,33.87142857,41.91428571,49.97142857,33.18571429,0.484285714,6.268571429,0.062355658,0.001154734,0.124711316,0.121247113,0.66743649,0.076479076,0.031168831,0.223376623,0.265512266,0.44992785,0.025188917,0.001259446,0.256926952,0.080604534,0.428211587,0.084091622,0.003765297,0.279573266,0.239723878,0.309381864,Silage Corn,No,Yes,No,5,5.539158821,23.32694054
871,,SEA_HOO,11/20/24,4,2,2,0,723,356,367,0.005532503,0.005449591,0.005617978,,4,47,2024,0.215714286,34.38571429,41.81428571,49.24285714,37.37142857,0.274285714,4.292857143,0.105324074,0.268518519,0.631944444,0.091435185,0.189814815,0.135969977,0.272517321,0.67147806,0.089203233,0.174942263,0.194029851,0.133084577,0.741293532,0.093283582,0.039800995,0.233983287,0.179510987,0.787681832,0.082017951,0.042092232,Sweet Corn,Yes,Yes,Yes,4,6.488575935,26.25037003
872,,STA_THO,11/22/24,4,1,3,0,1163,622,541,0.003439381,0.005545287,0.001607717,,4,47,2024,0.282857143,34.18571429,42.14285714,50.1,38.78571429,0.187142857,4.115714286,0.384792627,0.074884793,0.517281106,0.054147465,0.299539171,0.291402193,0.045008656,0.362088863,0.239469129,0.27034045,0.180024661,0.257706535,0.605425401,0.051787916,0.141800247,0.159692308,0.199076923,0.472923077,0.220307692,0.138769231,Grain Corn,No,No,No,3,6.241055012,20.55567551
873,,STA_AYR,11/22/24,0,0,0,0,976,585,391,0,0,0,,0,47,2024,0.251428571,34.47142857,42.22857143,49.97142857,38.67142857,0.19,4.138571429,0.277522936,0.058486239,0.415137615,0.365825688,0.152522936,0.148617512,0.030817972,0.270737327,0.495679724,0.171947005,0.079110012,0.242274413,0.470951792,0.327564895,0.132262052,0.071560765,0.175817397,0.313386798,0.482109809,0.11967921,Soybean,No,No,Yes,3,6.536432266,34.06747055
874,,KAT_JEF_2,11/25/24,4,4,0,0,601,276,325,0.006655574,0,0.014492754,,4,48,2024,0.307142857,27.61428571,33.28571429,38.95714286,28.87142857,0.18,2.734285714,0.116225547,0,0.150747986,0.415420023,0.355581128,0.093291103,0.000575871,0.113446588,0.561186294,0.274978405,0.103362391,0.01120797,0.138231631,0.388542964,0.216687422,0.0917603,0.007490637,0.117977528,0.527777778,0.176029963,Silage Corn,No,Yes,Yes,5,6.26295042,37.54327011
875,,KAT_JEF,11/25/24,8,7,1,0,319,174,145,0.02507837,0.006896552,0.040229885,,8,48,2024,0.258571429,27.44285714,33.12857143,38.84285714,28.8,0.168571429,2.681428571,0.067816092,0,0.08045977,0.456321839,0.390804598,0.049539171,0,0.053859447,0.43375576,0.387384793,0.08135169,0,0.082603254,0.4718398,0.202753442,0.056697819,0.001557632,0.070093458,0.415576324,0.204049844,Silage Corn,No,Yes,Yes,5,5.586032867,22.36896324
876,,DEG_FOU_WOOD,11/25/24,4,3,1,0,1408,694,714,0.002840909,0.00140056,0.004322767,,4,48,2024,0.151428571,27.48571429,32.88571429,38.25714286,27.71428571,0.234285714,2.934285714,0.339491917,0,0.451501155,0.061200924,0.387990762,0.245086705,0.01416185,0.34017341,0.210115607,0.378034682,0.42039801,0.002487562,0.508706468,0.031094527,0.19278607,0.307001239,0.002168525,0.413568773,0.190520446,0.173482032,Silage Corn,Yes,Yes,No,5,5.715062618,20.57002831
877,,DEG_VIL,11/25/24,4,2,2,0,1155,657,498,0.003463203,0.004016064,0.00304414,,4,48,2024,0.242857143,28.4,33.95714286,39.54285714,28.12857143,0.281428571,3.235714286,0.548498845,0.026558891,0.595842956,0.162817552,0.118937644,0.275981524,0.040415704,0.380773672,0.259526559,0.213337182,0.558312655,0.023573201,0.601736973,0.096774194,0.129032258,0.309361438,0.013949163,0.432114073,0.210477371,0.140111593,Grain Corn,No,No,Yes,5,6.654009819,18.75856018
878,,KAT_HAB_3,11/25/24,6,2,4,0,873,374,499,0.006872852,0.008016032,0.005347594,,6,48,2024,0.287142857,29.18571429,34.98571429,40.82857143,29.11428571,0.368571429,3.424285714,0.274712644,0.066666667,0.51954023,0.137931034,0.256321839,0.158561151,0.099856115,0.331510791,0.357985612,0.210647482,0.31552795,0.217391304,0.572670807,0.070807453,0.144099379,0.225465839,0.07484472,0.333229814,0.310248447,0.113975155,Soybean,No,No,Yes,5,6.10185194,27.97481728
879,,DEG_DIE_HILL,11/25/24,3,1,2,0,863,395,468,0.003476246,0.004273504,0.002531646,,3,48,2024,0.168571429,27.82857143,33.12857143,38.42857143,27.95714286,0.222857143,2.93,0.188439306,0.301734104,0.576878613,0.050867052,0.306358382,0.166233766,0.07965368,0.285714286,0.207503608,0.267243867,0.367119901,0.007416564,0.597033375,0.044499382,0.171817058,0.149689441,0.003416149,0.311490683,0.196583851,0.186024845,Grain Corn,Yes,No,No,5,6.039941311,24.28417015
880,,KAT_HAB_4,11/25/24,4,1,3,0,1679,840,839,0.00238237,0.003575685,0.001190476,,4,48,2024,0.325714286,27.77142857,33.42857143,39.1,28.42857143,0.262857143,2.994285714,0.308840413,0.001148106,0.382319173,0.211251435,0.347876005,0.273484631,0.016949153,0.341568515,0.267739155,0.318012065,0.39378882,0.014906832,0.431055901,0.171428571,0.149068323,0.272614237,0.062480572,0.356854212,0.232514765,0.156978551,Silage Corn,Yes,Yes,Yes,5,5.97060585,22.10969543
881,,DEG_PER_STRIP,11/25/24,1,0,1,0,2048,1016,1032,0.000488281,0.000968992,0,,1,48,2024,0.204285714,27.52857143,32.87142857,38.25714286,27.72857143,0.228571429,2.924285714,0.170310702,0.193325662,0.449942463,0.126582278,0.372842348,0.233919815,0.073262186,0.366310932,0.344101529,0.235938852,0.238509317,0.070807453,0.57515528,0.114285714,0.182608696,0.219398822,0.038735668,0.408738767,0.320111559,0.138518748,Grain Corn,Yes,No,No,5,5.993263245,23.35876274
882,,ZUE_REE,11/26/24,9,4,5,0,3170,1801,1369,0.002839117,0.003652301,0.002220988,,9,48,2024,0.138571429,30.15714286,35.67142857,41.21428571,28.68571429,0.54,3.565714286,0.023094688,0.123556582,0.407621247,0.199769053,0.32448037,0.025921659,0.176843318,0.41359447,0.169354839,0.20218894,0.09729064,0.210591133,0.536945813,0.179802956,0.185960591,0.128292532,0.142547258,0.496436319,0.148435079,0.120855284,Wheat,Yes,No,Yes,4,6.537268639,24.44252777
883,,POV_DUN,11/26/24,0,0,0,0,52,26,26,0,0,0,,0,48,2024,0.141428571,28.6,34.95714286,41.34285714,27.74285714,0.375714286,3.815714286,0.002304147,0,0.002304147,0.495391705,0.411290323,0.000577367,0,0.000866051,0.529734411,0.329099307,0.00248139,0.001240695,0.009925558,0.482630273,0.333746898,0.002804612,0.001246494,0.031785603,0.479588657,0.272982237,Silage Corn,No,No,No,4,5.781182766,20.7029171
884,,DIP_PAT,11/26/24,12,10,2,1,2204,1209,995,0.005444646,0.00201005,0.008271299,,13,48,2024,0.167142857,30.65714286,36.37142857,42.1,29.3,0.504285714,3.712857143,0.384704519,0.004634994,0.475086906,0.361529548,0.162224797,0.356132756,0.004617605,0.638961039,0.172005772,0.148051948,0.388337469,0.023573201,0.549627792,0.339950372,0.054590571,0.256710892,0.140080222,0.721382289,0.14594261,0.053687134,Silage Corn,Yes,Yes,No,5,6.454941273,26.51252174
885,,WIS_KEN,11/26/24,0,0,0,0,482,265,217,0,0,0,,0,48,2024,0.201428571,29.55714286,38.02857143,46.5,28.47142857,0.678571429,5.48,0.002309469,0.003464203,0.263279446,0.307159353,0.033487298,0.001443418,0.001443418,0.116628176,0.288972286,0.026270208,0,0.002525253,0.093434343,0.321969697,0.178030303,0.000314564,0.000629129,0.037118591,0.278074866,0.104435357,"Field Corn, Tomato, Squash",Yes,No,Yes,4,5.452927113,13.98438168
886,,DIP_FLE,11/26/24,0,0,0,0,1196,650,546,0,0,0,,0,48,2024,0.14,29.72857143,35.32857143,40.92857143,28.6,0.404285714,3.53,0.412918108,0.002306805,0.519031142,0.228373702,0.193771626,0.268686869,0.002020202,0.550649351,0.171139971,0.220779221,0.4622057,0.002478315,0.566294919,0.194547708,0.168525403,0.302484472,0.005590062,0.604658385,0.145652174,0.12173913,Silage Corn,No,No,No,5,6.317162514,28.22133827
887,,WIS_COO,11/26/24,0,0,0,0,698,418,280,0,0,0,,0,48,2024,0.16,26.07142857,34.07142857,42.1,27.44285714,0.344285714,3.877142857,0.147295742,0.01150748,0.261219793,0.155350978,0.554660529,0.12056533,0.062013268,0.246899337,0.26910874,0.434092876,0.259119497,0.030188679,0.472955975,0.113207547,0.364779874,0.21799308,0.02327776,0.359547027,0.235923246,0.304183706,Silage Corn,No,Yes,No,5,5.968518734,24.17316246
888,,WIS_COO_2,11/26/24,0,0,0,0,629,362,267,0,0,0,,0,48,2024,0.157142857,25.48571429,34.1,42.68571429,27.34285714,0.308571429,4.114285714,0.062355658,0.001154734,0.124711316,0.121247113,0.66743649,0.076479076,0.031168831,0.223376623,0.265512266,0.44992785,0.025188917,0.001259446,0.256926952,0.080604534,0.428211587,0.084091622,0.003765297,0.279573266,0.239723878,0.309381864,Silage Corn,No,Yes,No,5,5.539158821,23.32694054
889,,DIP_CUR,11/26/24,0,0,0,0,2105,1222,883,0,0,0,,0,48,2024,0.19,27.8,33.7,39.58571429,26.24285714,0.587142857,3.54,0.110982659,0.038150289,0.322543353,0.174566474,0.419653179,0.240762125,0.114896074,0.484411085,0.204099307,0.247113164,0.38875,0.0075,0.555,0.13875,0.155,0.308626596,0.06944877,0.54936157,0.164123326,0.143880411,Silage Corn,No,Yes,Yes,4,5.927192211,18.15420723
890,,SEA_HOO,11/27/24,8,5,3,0,723,356,367,0.011065007,0.008174387,0.014044944,,8,48,2024,0.132857143,29.35714286,35.12857143,40.9,28.01428571,0.464285714,3.608571429,0.105324074,0.268518519,0.631944444,0.091435185,0.189814815,0.135969977,0.272517321,0.67147806,0.089203233,0.174942263,0.194029851,0.133084577,0.741293532,0.093283582,0.039800995,0.233983287,0.179510987,0.787681832,0.082017951,0.042092232,Sweet Corn,Yes,Yes,Yes,4,6.488575935,26.25037003
891,,SMI_JOH,11/27/24,0,0,0,1,346,225,121,0,0,0,,1,48,2024,0.154285714,28.98571429,34.62857143,40.3,28.02857143,0.4,3.425714286,0.284890427,0.001153403,0.327566321,0.332179931,0.277970012,0.23881028,0.000577534,0.254692463,0.409182789,0.276349986,0.236679058,0.080545229,0.436183395,0.262701363,0.182156134,0.152495379,0.125385089,0.345964264,0.359519409,0.178989526,Silage Corn,No,Yes,Yes,5,6.416008472,24.34096146
892,,POV_DUN,12/3/24,0,0,0,0,52,26,26,0,0,0,,0,49,2024,0.041428571,21.61428571,26.78571429,32.01428571,19.62857143,0.445714286,2.778571429,0.002304147,0,0.002304147,0.495391705,0.411290323,0.000577367,0,0.000866051,0.529734411,0.329099307,0.00248139,0.001240695,0.009925558,0.482630273,0.333746898,0.002804612,0.001246494,0.031785603,0.479588657,0.272982237,Silage Corn,No,No,No,4,5.781182766,20.7029171
893,,DIP_FLE,12/3/24,0,0,0,0,1196,650,546,0,0,0,,0,49,2024,0.035714286,23.44285714,27.72857143,32.08571429,20.9,0.46,2.552857143,0.412918108,0.002306805,0.519031142,0.228373702,0.193771626,0.268686869,0.002020202,0.550649351,0.171139971,0.220779221,0.4622057,0.002478315,0.566294919,0.194547708,0.168525403,0.302484472,0.005590062,0.604658385,0.145652174,0.12173913,Silage Corn,No,No,No,5,6.317162514,28.22133827
894,,DIP_CUR,12/3/24,0,0,0,0,2105,1222,883,0,0,0,,0,49,2024,0.067142857,20.17142857,25.37142857,30.54285714,17.47142857,0.665714286,2.668571429,0.110982659,0.038150289,0.322543353,0.174566474,0.419653179,0.240762125,0.114896074,0.484411085,0.204099307,0.247113164,0.38875,0.0075,0.555,0.13875,0.155,0.308626596,0.06944877,0.54936157,0.164123326,0.143880411,Silage Corn,No,Yes,Yes,4,5.927192211,18.15420723
895,,DIP_PAT,12/3/24,0,0,0,0,2204,1209,995,0,0,0,,0,49,2024,0.044285714,25.54285714,30.27142857,34.98571429,22.15714286,0.48,3.115714286,0.384704519,0.004634994,0.475086906,0.361529548,0.162224797,0.356132756,0.004617605,0.638961039,0.172005772,0.148051948,0.388337469,0.023573201,0.549627792,0.339950372,0.054590571,0.256710892,0.140080222,0.721382289,0.14594261,0.053687134,Silage Corn,Yes,Yes,No,5,6.454941273,26.51252174
896,,SEA_HOO,12/4/24,0,0,0,0,723,356,367,0,0,0,,0,49,2024,0.008571429,23.71428571,28.22857143,32.74285714,19.8,0.635714286,2.887142857,0.105324074,0.268518519,0.631944444,0.091435185,0.189814815,0.135969977,0.272517321,0.67147806,0.089203233,0.174942263,0.194029851,0.133084577,0.741293532,0.093283582,0.039800995,0.233983287,0.179510987,0.787681832,0.082017951,0.042092232,Sweet Corn,Yes,Yes,Yes,4,6.488575935,26.25037003